dt,equity,qty,realized,unrealized
2019-05-05,150000.0,0,0.0,0.0
2019-05-06,150006.9,3,121.89999999999998,-115.0
2019-05-07,149812.58,14,115.07999999999993,-302.5
2019-05-08,148377.58,14,115.07999999999993,-1737.5
2019-05-09,147771.35,18,112.59999999999991,-2341.25
2019-05-10,150792.61,20,111.3599999999999,681.25
2019-05-12,147792.61,20,111.3599999999999,-2318.75
2019-05-13,144487.64,26,107.63999999999987,-5620.0
2019-05-14,147380.14,26,107.63999999999987,-2727.5
2019-05-15,147705.14,26,107.63999999999987,-2402.5
2019-05-16,152990.92,26,3340.920000000001,-350.0
2019-05-17,152805.3,6,3340.300000000001,-535.0
2019-05-19,153082.8,6,3340.300000000001,-257.5
2019-05-20,152839.06,8,3339.0600000000013,-500.0
2019-05-21,153259.06,8,3339.0600000000013,-80.0
2019-05-22,152459.06,8,3339.0600000000013,-880.0
2019-05-23,152020.34,14,3335.340000000002,-1315.0
2019-05-24,152247.84,14,3335.340000000002,-1087.5
2019-05-26,152160.34,14,3335.340000000002,-1175.0
2019-05-27,152737.84,14,3335.340000000002,-597.5
2019-05-28,149691.6,16,3334.100000000002,-3642.5
2019-05-29,148950.37,20,3331.6200000000026,-4381.25
2019-05-30,147775.37,20,3331.6200000000026,-5556.25
2019-05-31,145635.38,22,3330.380000000003,-7695.0
2019-06-02,144095.38,22,3330.380000000003,-9235.0
2019-06-03,145989.15,26,3327.9000000000033,-7338.75
2019-06-04,153691.65,26,3327.9000000000033,363.75
2019-06-05,155544.15,26,3327.9000000000033,2216.25
2019-06-06,156750.54,26,6566.790000000006,183.75
2019-06-07,156926.82,2,6939.320000000007,-12.5
2019-06-09,156981.82,2,6939.320000000007,42.5
2019-06-10,157158.73,5,7184.980000000008,-26.25
2019-06-11,156971.24000000002,7,7183.740000000008,-212.5
2019-06-12,156653.12,8,7183.120000000008,-530.0
2019-06-13,157453.12,8,7183.120000000008,270.0
2019-06-14,157253.12,8,7183.120000000008,70.0
2019-06-16,157483.2,8,7163.200000000008,320.0
2019-06-17,157213.2,8,7163.200000000008,50.0
2019-06-18,158191.37,8,8157.620000000009,33.75
2019-06-19,158276.37,1,8157.620000000009,118.75
2019-06-20,158419.53,6,8349.530000000004,70.0
2019-06-21,158307.03,6,8349.530000000004,-42.5
2019-06-23,158682.03,6,8349.530000000004,332.5
2019-06-24,158232.03,6,8349.530000000004,-117.5
2019-06-25,157483.92,9,8347.670000000002,-863.75
2019-06-26,157693.3,10,8347.050000000001,-653.75
2019-06-27,157955.8,10,8347.050000000001,-391.25
2019-06-28,159018.3,10,8347.050000000001,671.25
2019-06-30,159805.8,10,8347.050000000001,1458.75
2019-07-01,160323.37999999998,10,10270.879999999988,52.5
2019-07-02,160480.87999999998,6,10270.879999999988,210.0
2019-07-03,161042.78999999998,6,11016.539999999983,26.25
2019-07-04,161061.53999999998,1,11016.539999999983,45.0
2019-07-05,161204.68,4,11014.67999999998,190.0
2019-07-07,161064.68,4,11014.67999999998,50.0
2019-07-08,160694.68,4,11014.67999999998,-320.0
2019-07-09,161077.80999999997,5,11014.05999999998,63.75
2019-07-10,161797.22999999998,5,11634.729999999972,162.5
2019-07-11,161917.22999999998,4,11634.729999999972,282.5
2019-07-12,161977.22999999998,4,11634.729999999972,342.5
2019-07-14,162052.22999999998,4,11634.729999999972,417.5
2019-07-15,162087.22999999998,4,11634.729999999972,452.5
2019-07-16,161857.22999999998,4,11634.729999999972,222.5
2019-07-17,161257.22999999998,4,11634.729999999972,-377.5
2019-07-18,162083.48999999996,6,11633.48999999997,450.0
2019-07-19,161025.98999999996,6,11633.48999999997,-607.5
2019-07-21,161190.98999999996,6,11633.48999999997,-442.5
2019-07-22,161648.48999999996,6,11633.48999999997,15.0
2019-07-23,162128.48999999996,6,11633.48999999997,495.0
2019-07-24,162407.89999999997,6,12379.149999999965,28.75
2019-07-25,162465.40999999997,3,12377.909999999963,87.5
2019-07-26,162600.40999999997,3,12377.909999999963,222.5
2019-07-28,162574.15999999997,3,12377.909999999963,196.25
2019-07-29,162634.15999999997,3,12377.909999999963,256.25
2019-07-30,162536.65999999997,3,12377.909999999963,158.75
2019-07-31,162040.41999999995,5,12376.669999999962,-336.25
2019-08-01,160446.70999999996,13,12371.709999999955,-1925.0
2019-08-02,159913.61999999994,20,12367.36999999995,-2453.75
2019-08-04,156338.61999999994,20,12367.36999999995,-6028.75
2019-08-05,149214.92999999993,32,12359.92999999994,-13145.0
2019-08-06,152654.92999999993,32,12359.92999999994,-9705.0
2019-08-07,157814.92999999993,32,12359.92999999994,-4545.0
2019-08-08,163214.92999999993,32,12359.92999999994,855.0
2019-08-09,162614.92999999993,32,12359.92999999994,255.0
2019-08-11,162814.92999999993,32,12359.92999999994,455.0
2019-08-12,156374.92999999993,32,12359.92999999994,-5985.0
2019-08-13,163134.92999999993,32,12359.92999999994,775.0
2019-08-14,150494.92999999993,32,12359.92999999994,-11865.0
2019-08-15,153534.92999999993,32,12359.92999999994,-8825.0
2019-08-16,157454.92999999993,32,12359.92999999994,-4905.0
2019-08-18,159734.92999999993,32,12359.92999999994,-2625.0
2019-08-19,163094.92999999993,32,12359.92999999994,735.0
2019-08-20,159814.92999999993,32,12359.92999999994,-2545.0
2019-08-21,163054.92999999993,32,12359.92999999994,695.0
2019-08-22,163934.92999999993,32,12359.92999999994,1575.0
2019-08-23,151054.92999999993,32,12359.92999999994,-11305.0
2019-08-25,149294.92999999993,32,12359.92999999994,-13065.0
2019-08-26,156014.92999999993,32,12359.92999999994,-6345.0
2019-08-27,154854.92999999993,32,12359.92999999994,-7505.0
2019-08-28,155574.92999999993,32,12359.92999999994,-6785.0
2019-08-29,164134.92999999993,32,12359.92999999994,1775.0
2019-08-30,162614.92999999993,32,12359.92999999994,255.0
2019-09-01,160694.92999999993,32,12359.92999999994,-1665.0
2019-09-02,160094.92999999993,32,12359.92999999994,-2265.0
2019-09-03,161134.92999999993,32,12359.92999999994,-1225.0
2019-09-04,169574.92999999993,32,12359.92999999994,7215.0
2019-09-05,169373.2199999999,32,19314.469999999925,58.75
2019-09-06,169395.7199999999,1,19314.469999999925,81.25
2019-09-08,169409.4699999999,1,19314.469999999925,95.0
2019-09-09,169364.4699999999,1,19314.469999999925,50.0
2019-09-10,169461.34999999992,2,19313.849999999926,147.5
2019-09-11,169689.48999999993,2,19561.98999999993,127.5
2019-09-12,169718.25999999992,3,19684.509999999933,33.75
2019-09-13,169590.75999999992,3,19684.509999999933,-93.75
2019-09-15,169332.03999999992,3,19677.03999999993,-345.0
2019-09-16,169442.04999999993,5,19675.799999999934,-233.75
2019-09-17,169548.29999999993,5,19675.799999999934,-127.5
2019-09-18,169633.31999999995,9,19673.319999999938,-40.0
2019-09-19,170150.81999999995,9,19673.319999999938,477.5
2019-09-20,169183.31999999995,9,19673.319999999938,-490.0
2019-09-22,169723.31999999995,9,19673.319999999938,50.0
2019-09-23,169869.56999999995,9,19673.319999999938,196.25
2019-09-24,168769.58999999994,13,19670.839999999942,-901.25
2019-09-25,169317.71999999994,14,19670.219999999943,-352.5
2019-09-26,168810.21999999994,14,19670.219999999943,-860.0
2019-09-27,168462.72999999995,16,19668.979999999945,-1206.25
2019-09-29,169142.72999999995,16,19668.979999999945,-526.25
2019-09-30,170202.72999999995,16,19668.979999999945,533.75
2019-10-01,166593.98999999993,18,19667.739999999947,-3073.75
2019-10-02,161146.53999999995,28,19661.539999999957,-8515.0
2019-10-03,164117.16999999995,29,19660.91999999996,-5543.75
2019-10-04,170352.16999999995,29,19660.91999999996,691.25
2019-10-06,168430.91999999995,29,19660.91999999996,-1230.0
2019-10-07,169808.41999999995,29,19660.91999999996,147.5
2019-10-08,163065.91999999995,29,19660.91999999996,-6595.0
2019-10-09,164950.91999999995,29,19660.91999999996,-4710.0
2019-10-10,170315.91999999995,29,19660.91999999996,655.0
2019-10-11,173276.69999999998,29,23269.19999999999,7.5
2019-10-13,173354.19999999998,2,23269.19999999999,85.0
2019-10-14,173337.33,3,23268.57999999999,68.75
2019-10-15,173607.35,3,23642.349999999995,-35.0
2019-10-16,173617.97999999998,2,23641.729999999996,-23.75
2019-10-17,173660.47999999998,2,23641.729999999996,18.75
2019-10-18,173682.99,4,23640.489999999998,42.5
2019-10-20,173807.99,4,23640.489999999998,167.5
2019-10-21,174137.99,4,23640.489999999998,497.5
2019-10-22,173620.54,6,24136.790000000008,-516.25
2019-10-23,174183.04,6,24136.790000000008,46.25
2019-10-24,174138.04,6,24136.790000000008,1.25
2019-10-25,174603.04,6,24136.790000000008,466.25
2019-10-27,174768.04,6,24136.790000000008,631.25
2019-10-28,175006.2,6,24996.200000000015,10.0
2019-10-29,174983.7,1,24996.200000000015,-12.5
2019-10-30,175206.21000000002,3,24994.960000000017,211.25
2019-10-31,175219.34000000003,4,24994.34000000002,225.0
2019-11-01,175526.24000000002,4,25491.240000000023,35.0
2019-11-03,175561.24000000002,1,25491.240000000023,70.0
2019-11-04,175645.01000000004,3,25615.010000000028,30.0
2019-11-05,175487.51000000004,3,25615.010000000028,-127.5
2019-11-06,175566.27000000002,5,25613.77000000003,-47.5
2019-11-07,175716.27000000002,5,25613.77000000003,102.5
2019-11-08,176053.77000000002,5,25613.77000000003,440.0
2019-11-10,175822.52000000002,5,25613.77000000003,208.75
2019-11-11,175878.77000000002,5,25613.77000000003,265.0
2019-11-12,176025.69000000003,5,26235.69000000004,-210.0
2019-11-13,176246.32000000004,5,26235.07000000004,11.25
2019-11-14,176633.82000000004,5,26235.07000000004,398.75
2019-11-15,176872.60000000003,5,26861.350000000046,11.25
2019-11-17,176861.35000000003,1,26861.350000000046,0.0
2019-11-18,176951.98000000004,2,26860.730000000047,91.25
2019-11-19,176849.48000000004,2,26860.730000000047,-11.25
2019-11-20,176775.12000000005,5,26858.87000000005,-83.75
2019-11-21,176950.12000000005,5,26858.87000000005,91.25
2019-11-22,177050.12000000005,5,26858.87000000005,191.25
2019-11-24,177200.12000000005,5,26858.87000000005,341.25
2019-11-25,177508.90000000005,5,27483.900000000056,25.0
2019-11-26,177565.15000000005,1,27483.900000000056,81.25
2019-11-27,177561.41000000006,1,27607.660000000058,-46.25
2019-11-28,177561.41000000006,1,27607.660000000058,-46.25
2019-11-29,177533.92000000007,3,27606.42000000006,-72.5
2019-12-01,177676.42000000007,3,27606.42000000006,70.0
2019-12-02,177162.07000000007,8,27603.320000000065,-441.25
2019-12-03,176316.46000000008,11,27601.46000000007,-1285.0
2019-12-04,177251.46000000008,11,27601.46000000007,-350.0
2019-12-05,177815.21000000008,11,27601.46000000007,213.75
2019-12-06,179004.02000000008,11,28976.52000000008,27.5
2019-12-08,178979.02000000008,1,28976.52000000008,2.5
2019-12-09,178962.15000000008,2,28975.90000000008,-13.75
2019-12-10,178962.7800000001,3,28975.280000000083,-12.5
2019-12-11,179154.0300000001,3,28975.280000000083,178.75
2019-12-12,179689.06000000008,3,29349.06000000009,340.0
2019-12-13,179737.8600000001,7,29720.3600000001,17.5
2019-12-15,180026.6800000001,7,29702.9300000001,323.75
2019-12-16,180560.47000000012,7,30572.970000000107,-12.5
2019-12-17,180521.1000000001,2,30572.350000000108,-51.25
2019-12-18,180546.1000000001,2,30572.350000000108,-26.25
2019-12-19,180683.6000000001,2,30572.350000000108,111.25
2019-12-20,180815.4900000001,2,30821.74000000011,-6.25
2019-12-22,180834.2400000001,1,30821.74000000011,12.5
2019-12-23,180831.7400000001,1,30821.74000000011,10.0
2019-12-24,180825.4900000001,1,30821.74000000011,3.75
2019-12-25,180840.4900000001,1,30821.74000000011,18.75
2019-12-26,180937.9900000001,1,30821.74000000011,116.25
2019-12-27,180859.26000000013,3,30944.260000000115,-85.0
2019-12-29,180968.01000000013,3,30944.260000000115,23.75
2019-12-30,180732.4000000001,6,30942.400000000118,-210.0
2019-12-31,181085.53000000012,7,30941.78000000012,143.75
2020-01-01,181216.78000000012,7,30941.78000000012,275.0
2020-01-02,181716.82000000012,7,31815.570000000127,-98.75
2020-01-03,181733.70000000013,2,31814.950000000128,-81.25
2020-01-05,181658.70000000013,2,31814.950000000128,-156.25
2020-01-06,182073.08000000013,3,31814.33000000013,258.75
2020-01-07,181641.83000000013,3,31814.33000000013,-172.5
2020-01-08,182221.23000000013,3,32186.230000000134,35.0
2020-01-09,182423.73000000013,2,32186.230000000134,237.5
2020-01-10,182228.73000000013,2,32186.230000000134,42.5
2020-01-12,182328.73000000013,2,32186.230000000134,142.5
2020-01-13,182460.62000000014,2,32434.370000000137,26.25
2020-01-14,182417.50000000015,2,32433.75000000014,-16.25
2020-01-15,182590.00000000015,2,32433.75000000014,156.25
2020-01-16,182735.64000000013,2,32683.14000000014,52.5
2020-01-17,182764.39000000013,1,32683.14000000014,81.25
2020-01-19,182778.14000000013,1,32683.14000000014,95.0
2020-01-20,182704.39000000013,1,32683.14000000014,21.25
2020-01-21,182819.39000000013,1,32683.14000000014,136.25
2020-01-22,182630.66000000015,3,32805.660000000134,-175.0
2020-01-23,182957.54000000012,4,32805.04000000013,152.5
2020-01-24,182195.6800000001,7,32803.180000000124,-607.5
2020-01-26,181171.9300000001,7,32803.180000000124,-1631.25
2020-01-27,181015.0600000001,8,32802.56000000012,-1787.5
2020-01-28,182325.0600000001,8,32802.56000000012,-477.5
2020-01-29,180935.0600000001,8,32802.56000000012,-1867.5
2020-01-30,182585.0600000001,8,32802.56000000012,-217.5
2020-01-31,179835.0900000001,14,32798.840000000106,-2963.75
2020-02-02,181112.5900000001,14,32798.840000000106,-1686.25
2020-02-03,182372.5900000001,14,32798.840000000106,-426.25
2020-02-04,184585.1700000001,14,34550.17000000009,35.0
2020-02-05,185552.70000000007,4,34906.45000000008,646.25
2020-02-06,185422.73000000007,4,35403.98000000006,18.75
2020-02-07,185148.37000000005,5,35402.12000000005,-253.75
2020-02-09,185223.37000000005,5,35402.12000000005,-178.75
2020-02-10,186341.50000000006,6,35401.50000000005,940.0
2020-02-11,186500.92000000004,6,36448.42000000003,52.5
2020-02-12,186549.67000000004,3,36448.42000000003,101.25
2020-02-13,186800.92000000004,3,36448.42000000003,352.5
2020-02-14,186744.67000000004,3,36448.42000000003,296.25
2020-02-16,186845.92000000004,3,36448.42000000003,397.5
2020-02-17,186624.67000000004,3,36448.42000000003,176.25
2020-02-18,186718.42000000004,3,36448.42000000003,270.0
2020-02-19,186802.19,3,36820.94000000002,-18.75
2020-02-20,186520.33000000002,4,36819.08000000001,-298.75
2020-02-21,186180.97,7,36817.22,-636.25
2020-02-23,184667.22,7,36817.22,-2150.0
2020-02-24,183893.5,13,36813.499999999985,-2920.0
2020-02-25,176260.45999999993,30,36802.95999999994,-10542.5
2020-02-26,162436.71999999994,32,36801.719999999936,-24365.0
2020-02-27,160716.71999999994,32,36801.719999999936,-26085.0
2020-03-01,139796.71999999994,32,36801.719999999936,-47005.0
2020-03-03,157756.71999999994,32,36801.719999999936,-29045.0
2020-03-04,166916.71999999994,32,36801.719999999936,-19885.0
2020-03-05,149436.71999999994,32,36801.719999999936,-37365.0
2020-03-06,146916.71999999994,32,36801.719999999936,-39885.0
2020-03-08,123756.71999999994,32,36801.719999999936,-63045.0
2020-03-09,123716.71999999994,32,36801.719999999936,-63085.0
2020-03-10,122716.71999999994,32,36801.719999999936,-64085.0
2020-03-11,91836.71999999994,32,36801.719999999936,-94965.0
2020-03-12,56596.71999999994,32,36801.719999999936,-130205.0
2020-03-13,99076.71999999994,32,36801.719999999936,-87725.0
2020-03-15,83516.71999999994,32,36801.719999999936,-103285.0
2020-03-16,72077.03999999992,32,36722.039999999935,-114645.0
2020-03-17,58877.03999999992,32,36722.039999999935,-127845.0
2020-03-18,40197.03999999992,32,36722.039999999935,-146525.0
2020-03-19,54157.03999999992,32,36722.039999999935,-132565.0
2020-03-20,37157.03999999992,32,36722.039999999935,-149565.0
2020-03-22,26277.03999999992,32,36722.039999999935,-160445.0
2020-03-23,38917.03999999992,32,36722.039999999935,-147805.0
2020-03-24,59157.03999999992,32,36722.039999999935,-127565.0
2020-03-25,67597.03999999992,32,36722.039999999935,-119125.0
2020-03-26,87157.03999999992,32,36722.039999999935,-99565.0
2020-03-27,77597.03999999992,32,36722.039999999935,-109125.0
2020-03-29,76517.03999999992,32,36722.039999999935,-110205.0
2020-03-30,93237.03999999992,32,36722.039999999935,-93485.0
2020-03-31,78957.03999999992,32,36722.039999999935,-107765.0
2020-04-01,71437.03999999992,32,36722.039999999935,-115285.0
2020-04-02,72997.03999999992,32,36722.039999999935,-113725.0
2020-04-03,71237.03999999992,32,36722.039999999935,-115485.0
2020-04-05,85037.03999999992,32,36722.039999999935,-101685.0
2020-04-06,94637.03999999992,32,36722.039999999935,-92085.0
2020-04-07,97837.03999999992,32,36722.039999999935,-88885.0
2020-04-08,111677.03999999992,32,36722.039999999935,-75045.0
2020-04-09,120317.03999999992,32,36722.039999999935,-66405.0
2020-04-12,112677.03999999992,32,36722.039999999935,-74045.0
2020-04-13,121677.03999999992,32,36722.039999999935,-65045.0
2020-04-14,126797.03999999992,32,36722.039999999935,-59925.0
2020-04-15,115957.03999999992,32,36722.039999999935,-70765.0
2020-04-16,134117.03999999992,32,36722.039999999935,-52605.0
2020-04-17,133437.03999999992,32,36722.039999999935,-53285.0
2020-04-19,133797.03999999992,32,36722.039999999935,-52925.0
2020-04-20,120517.03999999992,32,36722.039999999935,-66205.0
2020-04-21,112637.03999999992,32,36722.039999999935,-74085.0
2020-04-22,118597.03999999992,32,36722.039999999935,-68125.0
2020-04-23,116917.03999999992,32,36722.039999999935,-69805.0
2020-04-24,126877.03999999992,32,36722.039999999935,-59845.0
2020-04-26,129277.03999999992,32,36722.039999999935,-57445.0
2020-04-27,131437.03999999992,32,36722.039999999935,-55285.0
2020-04-28,138197.03999999992,32,36722.039999999935,-48525.0
2020-04-29,147557.03999999992,32,36722.039999999935,-39165.0
2020-04-30,131997.03999999992,32,36722.039999999935,-54725.0
2020-05-01,125117.03999999992,32,36722.039999999935,-61605.0
2020-05-03,123317.03999999992,32,36722.039999999935,-63405.0
2020-05-04,129077.03999999992,32,36722.039999999935,-57645.0
2020-05-05,132197.03999999992,32,36722.039999999935,-54525.0
2020-05-06,130477.03999999992,32,36722.039999999935,-56245.0
2020-05-07,140557.03999999992,32,36722.039999999935,-46165.0
2020-05-08,143277.03999999992,32,36722.039999999935,-43445.0
2020-05-10,145117.03999999992,32,36722.039999999935,-41605.0
2020-05-11,138837.03999999992,32,36722.039999999935,-47885.0
2020-05-12,130957.03999999992,32,36722.039999999935,-55765.0
2020-05-13,124357.03999999992,32,36722.039999999935,-62365.0
2020-05-14,130037.03999999992,32,36722.039999999935,-56685.0
2020-05-15,131117.03999999992,32,36722.039999999935,-55605.0
2020-05-17,135037.03999999992,32,36722.039999999935,-51685.0
2020-05-18,144757.03999999992,32,36722.039999999935,-41965.0
2020-05-19,144117.03999999992,32,36722.039999999935,-42605.0
2020-05-20,146517.03999999992,32,36722.039999999935,-40205.0
2020-05-21,141477.03999999992,32,36722.039999999935,-45245.0
2020-05-22,147397.03999999992,32,36722.039999999935,-39325.0
2020-05-24,148317.03999999992,32,36722.039999999935,-38405.0
2020-05-25,154397.03999999992,32,36722.039999999935,-32325.0
2020-05-26,156717.03999999992,32,36722.039999999935,-30005.0
2020-05-27,159677.03999999992,32,36722.039999999935,-27045.0
2020-05-28,158677.03999999992,32,36722.039999999935,-28045.0
2020-05-29,163557.03999999992,32,36722.039999999935,-23165.0
2020-05-31,160197.03999999992,32,36722.039999999935,-26525.0
2020-06-01,160917.03999999992,32,36722.039999999935,-25805.0
2020-06-02,167957.03999999992,32,36722.039999999935,-18765.0
2020-06-03,172077.03999999992,32,36722.039999999935,-14645.0
2020-06-04,174397.03999999992,32,36722.039999999935,-12325.0
2020-06-05,184037.03999999992,32,36722.039999999935,-2685.0
2020-06-07,185397.03999999992,32,36722.039999999935,-1325.0
2020-06-08,190715.32999999987,32,40736.57999999987,-21.25
2020-06-09,190965.33999999985,3,40735.339999999866,230.0
2020-06-10,189468.47999999986,6,40733.47999999986,-1265.0
2020-06-11,185013.5699999998,24,40722.31999999981,-5708.75
2020-06-12,184412.3299999998,26,40721.079999999805,-6308.75
2020-06-14,179472.3299999998,26,40721.079999999805,-11248.75
2020-06-15,195766.9799999998,27,40653.2299999998,5113.75
2020-06-16,199975.8999999997,27,50302.14999999971,-326.25
2020-06-17,199205.8999999997,7,50302.14999999971,-1096.25
2020-06-18,199862.1499999997,7,50302.14999999971,-440.0
2020-06-19,198083.49999999965,13,51170.99999999966,-3087.5
2020-06-21,199480.99999999965,13,51170.99999999966,-1690.0
2020-06-22,201560.99999999965,13,51170.99999999966,390.0
2020-06-23,202787.96999999962,13,53027.96999999961,-240.0
2020-06-24,198884.8999999996,17,53021.14999999958,-4136.25
2020-06-25,202629.90999999957,19,53019.909999999574,-390.0
2020-06-26,195756.82999999955,28,53014.32999999955,-7257.5
2020-06-28,195931.82999999955,28,53014.32999999955,-7082.5
2020-06-29,203007.45999999956,29,53013.70999999955,-6.25
2020-06-30,206687.60999999946,29,56650.10999999947,37.5
2020-07-01,206904.50999999946,4,56772.009999999456,132.5
2020-07-02,207454.56999999942,8,57612.069999999425,-157.5
2020-07-03,207034.56999999942,8,57612.069999999425,-577.5
2020-07-05,209054.56999999942,8,57612.069999999425,1442.5
2020-07-06,208993.9999999994,8,58937.749999999396,56.25
2020-07-07,208468.39999999938,8,58934.64999999938,-466.25
2020-07-08,209520.2799999994,9,58934.02999999938,586.25
2020-07-09,208450.28999999937,11,58932.789999999375,-482.5
2020-07-10,210359.09999999934,11,60312.849999999344,46.25
2020-07-12,210421.59999999934,1,60312.849999999344,108.75
2020-07-13,208672.9399999993,11,60827.9399999993,-2155.0
2020-07-14,212575.44999999928,13,60826.69999999929,1748.75
2020-07-15,213415.53999999925,13,63539.289999999244,-123.75
2020-07-16,213476.79999999923,7,63538.04999999924,-61.25
2020-07-17,213835.54999999923,7,63538.04999999924,297.5
2020-07-19,213529.29999999923,7,63538.04999999924,-8.75
2020-07-20,214631.21999999922,7,64407.469999999215,223.75
2020-07-21,215053.7599999992,6,64761.259999999194,292.5
2020-07-22,215158.7599999992,6,64761.259999999194,397.5
2020-07-23,213378.77999999918,10,64758.779999999184,-1380.0
2020-07-24,212794.42999999918,15,64755.67999999917,-1961.25
2020-07-26,214050.67999999918,15,64755.67999999917,-705.0
2020-07-27,215119.42999999918,15,64755.67999999917,363.75
2020-07-28,213338.17999999918,15,64755.67999999917,-1417.5
2020-07-29,216562.01999999917,15,66627.01999999917,-65.0
2020-07-30,217497.6599999992,6,66625.15999999919,872.5
2020-07-31,218604.6599999993,9,68582.1599999993,22.5
2020-08-02,218565.9099999993,1,68582.1599999993,-16.25
2020-08-03,218700.92999999932,3,68704.67999999932,-3.75
2020-08-04,218933.42999999932,3,68704.67999999932,228.75
2020-08-05,219133.44999999934,3,69114.69999999934,18.75
2020-08-06,219179.70999999935,1,69238.45999999935,-58.75
2020-08-07,219458.46999999936,3,69237.21999999936,221.25
2020-08-09,219499.71999999936,3,69237.21999999936,262.5
2020-08-10,219675.96999999936,3,69237.21999999936,438.75
2020-08-11,219009.78999999943,11,69761.03999999943,-751.25
2020-08-12,221119.2299999995,11,71132.97999999949,-13.75
2020-08-13,221267.9899999995,4,71131.7399999995,136.25
2020-08-14,221087.9899999995,4,71131.7399999995,-43.75
2020-08-16,221242.9899999995,4,71131.7399999995,111.25
2020-08-17,221417.9899999995,4,71131.7399999995,286.25
2020-08-18,221662.9899999995,4,71131.7399999995,531.25
2020-08-19,220860.53999999954,6,71626.78999999954,-766.25
2020-08-20,222039.91999999955,7,71626.16999999955,413.75
2020-08-21,222127.41999999955,7,71626.16999999955,501.25
2020-08-23,222468.66999999955,7,71626.16999999955,842.5
2020-08-24,223522.4699999996,7,73127.4699999996,395.0
2020-08-25,223502.4899999996,3,73501.23999999961,1.25
2020-08-26,223716.87999999963,2,73624.37999999963,92.5
2020-08-27,224415.65999999965,4,73870.65999999965,545.0
2020-08-28,224376.30999999968,4,74367.55999999968,8.75
2020-08-30,224458.80999999968,1,74367.55999999968,91.25
2020-08-31,224386.3199999997,3,74366.31999999969,20.0
2020-09-01,224792.5899999997,3,74740.0899999997,52.5
2020-09-02,225382.63999999975,4,75360.13999999975,22.5
2020-09-03,220744.60999999984,20,75348.35999999984,-4603.75
2020-09-04,218935.88999999987,26,75344.63999999987,-6408.75
2020-09-06,218838.38999999987,26,75344.63999999987,-6506.25
2020-09-07,220625.88999999987,26,75344.63999999987,-4718.75
2020-09-08,209200.9199999999,32,75340.9199999999,-16140.0
2020-09-09,217240.9199999999,32,75340.9199999999,-8100.0
2020-09-10,212240.9199999999,32,75340.9199999999,-13100.0
2020-09-11,208840.9199999999,32,75340.9199999999,-16500.0
2020-09-13,214681.2399999999,32,75261.2399999999,-10580.0
2020-09-14,216961.2399999999,32,75261.2399999999,-8300.0
2020-09-15,220761.2399999999,32,75261.2399999999,-4500.0
2020-09-16,211521.2399999999,32,75261.2399999999,-13740.0
2020-09-17,211401.2399999999,32,75261.2399999999,-13860.0
2020-09-18,207201.2399999999,32,75261.2399999999,-18060.0
2020-09-20,205841.2399999999,32,75261.2399999999,-19420.0
2020-09-21,200001.2399999999,32,75261.2399999999,-25260.0
2020-09-22,204201.2399999999,32,75261.2399999999,-21060.0
2020-09-23,193241.2399999999,32,75261.2399999999,-32020.0
2020-09-24,196561.2399999999,32,75261.2399999999,-28700.0
2020-09-25,202121.2399999999,32,75261.2399999999,-23140.0
2020-09-27,204481.2399999999,32,75261.2399999999,-20780.0
2020-09-28,213161.2399999999,32,75261.2399999999,-12100.0
2020-09-29,206881.2399999999,32,75261.2399999999,-18380.0
2020-09-30,215241.2399999999,32,75261.2399999999,-10020.0
2020-10-01,214321.2399999999,32,75261.2399999999,-10940.0
2020-10-02,211721.2399999999,32,75261.2399999999,-13540.0
2020-10-04,213681.2399999999,32,75261.2399999999,-11580.0
2020-10-05,219681.2399999999,32,75261.2399999999,-5580.0
2020-10-06,213161.2399999999,32,75261.2399999999,-12100.0
2020-10-07,223161.2399999999,32,75261.2399999999,-2100.0
2020-10-08,229521.2399999999,32,75261.2399999999,4260.0
2020-10-09,229700.79000000007,32,79379.54000000007,321.25
2020-10-11,229712.04000000007,3,79379.54000000007,332.5
2020-10-12,230119.5700000001,3,80122.0700000001,-2.5
2020-10-13,230387.72000000012,6,80118.97000000012,268.75
2020-10-14,228533.99000000014,10,80116.49000000014,-1582.5
2020-10-15,229215.87000000014,11,80115.87000000014,-900.0
2020-10-16,228597.12000000014,11,80115.87000000014,-1518.75
2020-10-18,229697.12000000014,11,80115.87000000014,-418.75
2020-10-19,227344.01000000015,14,80114.01000000015,-2770.0
2020-10-20,228534.01000000015,14,80114.01000000015,-1580.0
2020-10-21,225156.51000000015,14,80114.01000000015,-4957.5
2020-10-22,228610.89000000016,15,80113.39000000016,-1502.5
2020-10-23,228629.64000000016,15,80113.39000000016,-1483.75
2020-10-25,227148.39000000016,15,80113.39000000016,-2965.0
2020-10-26,225051.5500000002,22,80109.05000000019,-5057.5
2020-10-27,221449.0500000002,22,80109.05000000019,-8660.0
2020-10-28,214316.60000000024,32,80102.85000000024,-15786.25
2020-10-29,210636.60000000024,32,80102.85000000024,-19466.25
2020-10-30,211316.60000000024,32,80102.85000000024,-18786.25
2020-11-01,209836.60000000024,32,80102.85000000024,-20266.25
2020-11-02,216676.60000000024,32,80102.85000000024,-13426.25
2020-11-03,229436.60000000024,32,80102.85000000024,-666.25
2020-11-04,235810.66000000053,32,85079.41000000053,731.25
2020-11-05,236775.15000000063,14,87846.40000000063,-1071.25
2020-11-06,238101.41000000064,9,87845.16000000064,256.25
2020-11-08,240418.91000000064,9,87845.16000000064,2573.75
2020-11-09,239219.01000000074,11,93950.26000000074,-4731.25
2020-11-10,241480.91000000076,16,93947.16000000076,-2466.25
2020-11-11,241080.91000000076,16,93947.16000000076,-2866.25
2020-11-12,240540.91000000076,16,93947.16000000076,-3406.25
2020-11-13,244380.91000000076,16,93947.16000000076,433.75
2020-11-15,246660.91000000076,16,93947.16000000076,2713.75
2020-11-16,246721.01000000085,16,96668.51000000085,52.5
2020-11-17,246657.90000000087,7,96666.65000000087,-8.75
2020-11-18,245131.6700000009,11,96664.17000000089,-1532.5
2020-11-19,245340.4300000009,13,96662.9300000009,-1322.5
2020-11-20,244446.0600000009,14,96662.3100000009,-2216.25
2020-11-22,245303.5600000009,14,96662.3100000009,-1358.75
2020-11-23,248156.0600000009,14,96662.3100000009,1493.75
2020-11-24,248714.280000001,14,98531.78000000099,182.5
2020-11-25,248598.660000001,4,98531.160000001,67.5
2020-11-26,248473.660000001,4,98531.160000001,-57.5
2020-11-27,248728.660000001,4,98531.160000001,197.5
2020-11-29,248378.660000001,4,98531.160000001,-152.5
2020-11-30,249968.680000001,8,98528.68000000101,1440.0
2020-12-01,250059.98000000106,8,100082.48000000106,-22.5
2020-12-02,250228.11000000106,3,100081.86000000106,146.25
2020-12-03,250570.0300000011,6,100451.2800000011,118.75
2020-12-04,251190.07000000114,6,101202.57000000114,-12.5
2020-12-06,251182.57000000114,2,101202.57000000114,-20.0
2020-12-07,251078.83000000115,4,101201.33000000115,-122.5
2020-12-08,251683.83000000115,4,101201.33000000115,482.5
2020-12-09,251007.60000000117,8,101198.85000000117,-191.25
2020-12-10,250740.11000000118,10,101197.61000000118,-457.5
2020-12-11,251058.8900000012,16,101193.8900000012,-135.0
2020-12-13,252619.0500000012,16,101154.05000000121,1465.0
2020-12-14,251916.69000000134,16,103141.69000000134,-1225.0
2020-12-15,254654.2600000014,12,104638.0100000014,16.25
2020-12-16,254826.7600000014,2,104638.0100000014,188.75
2020-12-17,254815.54000000143,4,104908.04000000143,-92.5
2020-12-18,255824.32000000146,10,104904.32000000146,920.0
2020-12-20,255074.32000000146,10,104904.32000000146,170.0
2020-12-21,254506.2200000015,15,104901.22000000149,-395.0
2020-12-22,254281.2200000015,15,104901.22000000149,-620.0
2020-12-23,255499.9700000015,15,104901.22000000149,598.75
2020-12-24,255874.9700000015,15,104901.22000000149,973.75
2020-12-27,257693.7200000015,15,104901.22000000149,2792.5
2020-12-28,258311.93000000156,15,108095.68000000156,216.25
2020-12-29,258466.3400000016,5,108342.5900000016,123.75
2020-12-30,258235.0900000016,5,108342.5900000016,-107.5
2020-12-31,258860.0900000016,5,108342.5900000016,517.5
2021-01-03,258847.5900000016,5,108342.5900000016,505.0
2021-01-04,257946.43000000168,13,109086.43000000168,-1140.0
2021-01-05,258043.93000000168,13,109086.43000000168,-1042.5
2021-01-06,261069.66000000178,13,110837.16000000178,232.5
2021-01-07,261732.8200000018,6,111582.82000000181,150.0
2021-01-08,262726.6600000019,8,112717.9100000019,8.75
2021-01-10,262582.9100000019,1,112717.9100000019,-135.0
2021-01-11,262602.9200000019,3,112716.6700000019,-113.75
2021-01-12,262924.8000000019,4,112716.05000000191,208.75
2021-01-13,263149.8000000019,4,112716.05000000191,433.75
2021-01-14,262454.8000000019,4,112716.05000000191,-261.25
2021-01-15,261721.69000000192,7,112714.19000000192,-992.5
2021-01-17,262001.69000000192,7,112714.19000000192,-712.5
2021-01-18,263235.4400000019,7,112714.19000000192,521.25
2021-01-19,263384.1900000019,7,112714.19000000192,670.0
2021-01-20,264354.24000000197,7,114255.49000000197,98.75
2021-01-21,264251.74000000197,1,114255.49000000197,-3.75
2021-01-22,264255.500000002,3,114254.25000000198,1.25
2021-01-24,264540.500000002,3,114254.25000000198,286.25
2021-01-25,264756.790000002,5,114874.29000000202,-117.5
2021-01-26,264735.550000002,3,114873.05000000203,-137.5
2021-01-27,261824.98000000208,14,114866.23000000208,-3041.25
2021-01-28,263964.4900000022,14,116853.2400000022,-2888.75
2021-01-29,260757.05000000226,21,116845.80000000226,-6088.75
2021-01-31,263539.55000000226,21,116845.80000000226,-3306.25
2021-02-01,270259.55000000226,21,116845.80000000226,3413.75
2021-02-02,271743.4300000024,21,121602.18000000238,141.25
2021-02-03,271527.8200000024,6,121600.3200000024,-72.5
2021-02-04,272484.74000000244,6,122472.24000000244,12.5
2021-02-05,272557.24000000244,1,122472.24000000244,85.0
2021-02-07,272619.74000000244,1,122472.24000000244,147.5
2021-02-08,272752.88000000245,2,122610.38000000245,142.5
2021-02-09,272872.88000000245,2,122610.38000000245,262.5
2021-02-10,272847.3000000025,7,122912.30000000249,-65.0
2021-02-11,272716.0500000025,7,122912.30000000249,-196.25
2021-02-12,273793.5900000025,7,123787.34000000253,6.25
2021-02-14,273847.3400000025,1,123787.34000000253,60.0
2021-02-15,273906.0900000025,1,123787.34000000253,118.75
2021-02-16,273708.61000000255,5,123784.86000000255,-76.25
2021-02-17,273759.25000000256,8,123783.00000000256,-23.75
2021-02-18,272971.7700000026,12,123780.52000000258,-808.75
2021-02-19,273076.7700000026,12,123780.52000000258,-703.75
2021-02-21,272896.7700000026,12,123780.52000000258,-883.75
2021-02-22,272940.5300000026,14,123779.28000000259,-838.75
2021-02-23,272104.9200000026,17,123777.4200000026,-1672.5
2021-02-24,275972.5100000027,17,125897.51000000269,75.0
2021-02-25,271388.22000000277,18,125886.97000000277,-4498.75
2021-02-26,270668.8600000028,21,125885.11000000278,-5216.25
2021-02-28,273818.8600000028,21,125885.11000000278,-2066.25
2021-03-01,278277.1200000029,21,128625.8700000029,-348.75
2021-03-02,278302.15000000293,10,128622.15000000293,-320.0
2021-03-03,272060.940000003,18,128617.19000000297,-6556.25
2021-03-04,267129.76000000304,32,128608.51000000304,-11478.75
2021-03-05,280769.76000000304,32,128608.51000000304,2161.25
2021-03-07,278809.76000000304,32,128608.51000000304,201.25
2021-03-08,282811.88000000326,32,132956.88000000326,-145.0
2021-03-09,284242.5700000033,11,134330.07000000332,-87.5
2021-03-10,284846.97000000335,3,134576.97000000335,270.0
2021-03-11,285250.7700000034,3,135225.7700000034,25.0
2021-03-12,285530.1600000034,6,135223.9100000034,306.25
2021-03-14,285680.2200000034,6,135208.9700000034,471.25
2021-03-15,286020.88000000344,6,135960.88000000344,60.0
2021-03-16,285975.88000000344,1,135960.88000000344,15.0
2021-03-17,286622.8100000035,5,136579.0600000035,43.75
2021-03-18,285310.98000000353,11,136573.48000000353,-1262.5
2021-03-19,284841.63000000356,16,136570.38000000356,-1728.75
2021-03-21,284901.63000000356,16,136570.38000000356,-1668.75
2021-03-22,288327.98000000365,16,138569.23000000365,-241.25
2021-03-23,287682.4000000037,13,138563.6500000037,-881.25
2021-03-24,286899.9100000037,15,138562.4100000037,-1662.5
2021-03-25,289777.4300000037,19,138559.93000000372,1217.5
2021-03-26,291545.08000000386,19,141550.08000000386,-5.0
2021-03-28,291465.08000000386,1,141550.08000000386,-85.0
2021-03-29,292520.17000000394,8,142540.17000000394,-20.0
2021-03-30,292408.31000000396,6,142538.31000000396,-130.0
2021-03-31,293175.240000004,6,143286.490000004,-111.25
2021-04-01,294000.27000000403,5,143909.02000000403,91.25
2021-04-02,294054.02000000403,1,143909.02000000403,145.0
2021-04-04,294057.77000000403,1,143909.02000000403,148.75
2021-04-05,294199.04000000405,1,144230.29000000405,-31.25
2021-04-06,294240.92000000406,2,144229.67000000406,11.25
2021-04-07,294463.42000000406,2,144229.67000000406,233.75
2021-04-08,294509.0600000041,2,144479.06000000407,30.0
2021-04-09,294599.0700000041,1,144602.82000000408,-3.75
2021-04-11,294570.3200000041,1,144602.82000000408,-32.5
2021-04-12,294682.2000000041,2,144602.2000000041,80.0
2021-04-13,294810.9700000041,2,144849.7200000041,-38.75
2021-04-14,294710.3600000041,5,144847.86000000412,-137.5
2021-04-15,295481.64000000415,5,145469.14000000415,12.5
2021-04-16,295606.04000000417,4,145591.04000000417,15.0
2021-04-18,295561.04000000417,4,145591.04000000417,-30.0
2021-04-19,295775.4400000042,9,145587.9400000042,187.5
2021-04-20,293400.4700000042,15,145584.22000000422,-2183.75
2021-04-21,296381.7200000042,15,145584.22000000422,797.5
2021-04-22,294637.9700000042,15,145584.22000000422,-946.25
2021-04-23,297396.1800000043,15,147458.6800000043,-62.5
2021-04-25,297481.1800000043,2,147458.6800000043,22.5
2021-04-26,297561.1800000043,2,147458.6800000043,102.5
2021-04-27,297571.1800000043,2,147458.6800000043,112.5
2021-04-28,297721.1800000043,2,147458.6800000043,262.5
2021-04-29,297818.74000000436,10,147796.24000000436,22.5
2021-04-30,297231.24000000436,10,147796.24000000436,-565.0
2021-05-02,297618.74000000436,10,147796.24000000436,-177.5
2021-05-03,296943.74000000436,10,147796.24000000436,-852.5
2021-05-04,297794.4000000044,17,147791.9000000044,2.5
2021-05-05,296646.9000000044,17,147791.9000000044,-1145.0
2021-05-06,299926.9900000045,17,149908.24000000447,18.75
2021-05-07,300096.3800000045,2,150031.3800000045,65.0
2021-05-09,300161.3800000045,2,150031.3800000045,130.0
2021-05-10,298187.0400000045,9,150027.04000000452,-1840.0
2021-05-11,296003.94000000454,14,150023.94000000454,-4020.0
2021-05-12,292204.0000000046,26,150016.5000000046,-7812.5
2021-05-13,299126.5000000046,26,150016.5000000046,-890.0
2021-05-14,303358.5100000047,26,153269.76000000472,88.75
2021-05-16,303279.7600000047,1,153269.76000000472,10.0
2021-05-17,303886.66000000475,6,153266.66000000475,620.0
2021-05-18,301950.42000000476,8,153265.42000000476,-1315.0
2021-05-19,302573.56000000477,11,153263.56000000477,-690.0
2021-05-20,304699.8700000048,11,154642.37000000483,57.5
2021-05-21,304556.78000000486,6,154763.03000000486,-206.25
2021-05-23,304721.78000000486,6,154763.03000000486,-41.25
2021-05-24,305567.4400000049,6,155512.4400000049,55.0
2021-05-25,305691.2000000049,3,155511.2000000049,180.0
2021-05-26,305556.2000000049,3,155511.2000000049,45.0
2021-05-27,305934.9500000049,3,155511.2000000049,423.75
2021-05-28,305803.11000000493,4,155904.36000000493,-101.25
2021-05-30,305873.11000000493,4,155904.36000000493,-31.25
2021-05-31,305768.11000000493,4,155904.36000000493,-136.25
2021-06-01,305735.62000000494,6,155903.12000000494,-167.5
2021-06-02,306035.62000000494,6,155903.12000000494,132.5
2021-06-03,305766.88000000495,8,155901.88000000495,-135.0
2021-06-04,306940.050000005,8,156901.300000005,38.75
2021-06-06,306916.300000005,1,156901.300000005,15.0
2021-06-07,306985.680000005,2,156900.680000005,85.0
2021-06-08,307061.310000005,3,156900.060000005,161.25
2021-06-09,307031.310000005,3,156900.060000005,131.25
2021-06-10,307480.72000000504,4,157270.72000000504,210.0
2021-06-11,307570.72000000504,4,157270.72000000504,300.0
2021-06-13,307655.760000005,4,157260.76000000504,395.0
2021-06-14,307783.91000000504,4,157757.66000000507,26.25
2021-06-15,307701.43000000506,5,157755.1800000051,-53.75
2021-06-16,306483.3300000051,10,157752.0800000051,-1268.75
2021-06-17,307653.3400000051,12,157750.84000000512,-97.5
2021-06-18,301778.39000000514,22,157744.64000000517,-5966.25
2021-06-20,300678.39000000514,22,157744.64000000517,-7066.25
2021-06-21,310440.89000000514,22,157744.64000000517,2696.25
2021-06-22,310589.13000000524,22,160481.63000000527,107.5
2021-06-23,310589.13000000524,1,160481.63000000527,107.5
2021-06-24,310691.64000000525,1,160644.14000000528,47.5
2021-06-25,310746.64000000525,1,160644.14000000528,102.5
2021-06-27,310740.39000000525,1,160644.14000000528,96.25
2021-06-28,310739.15000000526,1,160767.9000000053,-28.75
2021-06-29,310810.40000000526,1,160767.9000000053,42.5
2021-06-30,310852.90000000526,1,160767.9000000053,85.0
2021-07-01,310930.4100000053,1,160891.6600000053,38.75
2021-07-02,311059.1700000053,1,161015.4200000053,43.75
2021-07-04,311049.1700000053,1,161015.4200000053,33.75
2021-07-05,311076.6700000053,1,161015.4200000053,61.25
2021-07-06,311384.1900000053,5,161012.94000000533,371.25
2021-07-07,311762.36000000534,5,161634.86000000537,127.5
2021-07-08,311103.62000000535,6,161633.62000000538,-530.0
2021-07-09,312465.5300000054,6,162381.7800000054,83.75
2021-07-11,312415.5300000054,1,162381.7800000054,33.75
2021-07-12,312526.7900000054,1,162505.54000000542,21.25
2021-07-13,312356.1800000054,4,162503.68000000544,-147.5
2021-07-14,312557.4400000054,6,162502.44000000544,55.0
2021-07-15,312285.60000000545,13,162498.10000000548,-212.5
2021-07-16,310116.24000000546,16,162496.2400000055,-2380.0
2021-07-18,308996.24000000546,16,162496.2400000055,-3500.0
2021-07-19,305814.4000000055,23,162491.90000000552,-6677.5
2021-07-20,312053.1500000055,23,162491.90000000552,-438.75
2021-07-21,315425.7700000056,23,165373.27000000564,52.5
2021-07-22,315509.5200000056,1,165373.27000000564,136.25
2021-07-23,315796.43000000564,2,165801.43000000567,-5.0
2021-07-25,315701.43000000564,2,165801.43000000567,-100.0
2021-07-26,315881.43000000564,2,165801.43000000567,80.0
2021-07-27,315947.7200000057,10,165796.4700000057,151.25
2021-07-28,315810.2200000057,10,165796.4700000057,13.75
2021-07-29,316720.28000000573,10,167040.28000000576,-320.0
2021-07-30,316928.41000000574,3,167039.66000000577,-111.25
2021-08-01,317172.16000000574,3,167039.66000000577,132.5
2021-08-02,316845.29000000574,4,167039.04000000577,-193.75
2021-08-03,317772.2100000058,6,167784.7100000058,-12.5
2021-08-04,317792.8500000058,4,167782.85000000583,10.0
2021-08-05,318142.8500000058,4,167782.85000000583,360.0
2021-08-06,318302.8800000058,4,168279.13000000585,23.75
2021-08-08,318205.3800000058,2,168279.13000000585,-73.75
2021-08-09,318176.01000000583,3,168278.51000000586,-102.5
2021-08-10,318288.51000000583,3,168278.51000000586,10.0
2021-08-11,318524.76000000583,3,168278.51000000586,246.25
2021-08-12,318667.28000000585,3,168653.53000000588,13.75
2021-08-13,318697.28000000585,1,168653.53000000588,43.75
2021-08-15,318654.78000000585,1,168653.53000000588,1.25
2021-08-16,319249.8300000059,5,169272.33000000592,-22.5
2021-08-17,319754.2400000059,8,169267.99000000596,486.25
2021-08-18,317433.63000000594,11,169266.13000000597,-1832.5
2021-08-19,317861.14000000595,13,169264.89000000598,-1403.75
2021-08-20,320574.89000000595,13,169264.89000000598,1310.0
2021-08-22,321566.14000000595,13,169264.89000000598,2301.25
2021-08-23,321821.85000000603,13,171810.60000000606,11.25
2021-08-24,321779.35000000603,2,171810.60000000606,-31.25
2021-08-25,321854.35000000603,2,171810.60000000606,43.75
2021-08-26,321811.25000000605,7,171807.50000000608,3.75
2021-08-27,322764.4200000061,7,172680.67000000612,83.75
2021-08-29,322779.4200000061,2,172680.67000000612,98.75
2021-08-30,322961.3100000061,2,172930.06000000614,31.25
2021-08-31,323110.0700000061,3,172928.82000000615,181.25
2021-09-01,322911.3200000061,3,172928.82000000615,-17.5
2021-09-02,323275.0700000061,3,172928.82000000615,346.25
2021-09-03,323132.5700000061,3,172928.82000000615,203.75
2021-09-05,323125.0700000061,3,172928.82000000615,196.25
2021-09-06,323211.3200000061,3,172928.82000000615,282.5
2021-09-07,322903.8200000061,3,172928.82000000615,-25.0
2021-09-08,322591.96000000613,6,172926.96000000616,-335.0
2021-09-09,322681.97000000614,8,172925.72000000617,-243.75
2021-09-10,320572.0100000062,16,172920.7600000062,-2348.75
2021-09-12,320852.1700000062,16,172880.9200000062,-2028.75
2021-09-13,322140.9300000062,18,172879.68000000622,-738.75
2021-09-14,319715.95000000624,22,172877.20000000624,-3161.25
2021-09-15,322768.45000000624,22,172877.20000000624,-108.75
2021-09-16,322328.45000000624,22,172877.20000000624,-548.75
2021-09-17,315913.47000000626,26,172874.72000000626,-6961.25
2021-09-19,313313.47000000626,26,172874.72000000626,-9561.25
2021-09-20,312196.0000000063,32,172871.0000000063,-10675.0
2021-09-21,307836.0000000063,32,172871.0000000063,-15035.0
2021-09-22,315596.0000000063,32,172871.0000000063,-7275.0
2021-09-23,322996.0000000063,32,172871.0000000063,125.0
2021-09-24,323916.0000000063,32,172871.0000000063,1045.0
2021-09-26,326396.0000000063,32,172871.0000000063,3525.0
2021-09-27,321556.0000000063,32,172871.0000000063,-1315.0
2021-09-28,311036.0000000063,32,172871.0000000063,-11835.0
2021-09-29,312196.0000000063,32,172871.0000000063,-10675.0
2021-09-30,295956.0000000063,32,172871.0000000063,-26915.0
2021-10-01,308676.0000000063,32,172871.0000000063,-14195.0
2021-10-03,305356.0000000063,32,172871.0000000063,-17515.0
2021-10-04,300236.0000000063,32,172871.0000000063,-22635.0
2021-10-05,303316.0000000063,32,172871.0000000063,-19555.0
2021-10-06,312676.0000000063,32,172871.0000000063,-10195.0
2021-10-07,315236.0000000063,32,172871.0000000063,-7635.0
2021-10-08,313436.0000000063,32,172871.0000000063,-9435.0
2021-10-10,312116.0000000063,32,172871.0000000063,-10755.0
2021-10-11,305116.0000000063,32,172871.0000000063,-17755.0
2021-10-12,306116.0000000063,32,172871.0000000063,-16755.0
2021-10-13,311676.0000000063,32,172871.0000000063,-11195.0
2021-10-14,323476.0000000063,32,172871.0000000063,605.0
2021-10-15,326881.17000000644,32,176854.92000000644,26.25
2021-10-17,326828.67000000644,2,176854.92000000644,-26.25
2021-10-18,327355.5800000065,4,177353.08000000648,2.5
2021-10-19,327603.7200000065,2,177476.2200000065,127.5
2021-10-20,327731.8700000065,3,177723.12000000651,8.75
2021-10-21,327986.8700000065,3,177723.12000000651,263.75
2021-10-22,327996.91000000655,5,178094.41000000655,-97.5
2021-10-24,328234.41000000655,5,178094.41000000655,140.0
2021-10-25,328830.0700000066,5,178717.57000000658,112.5
2021-10-26,328722.6100000066,6,178962.61000000662,-240.0
2021-10-27,328273.88000000664,10,178960.13000000664,-686.25
2021-10-28,329361.38000000664,10,178960.13000000664,401.25
2021-10-29,330430.8200000067,10,180203.3200000067,227.5
2021-10-31,330490.8200000067,3,180203.3200000067,287.5
2021-11-01,330333.3200000067,3,180203.3200000067,130.0
2021-11-02,330607.0900000067,3,180578.34000000672,28.75
2021-11-03,330759.6000000067,1,180702.10000000673,57.5
2021-11-04,330936.49000000674,2,180825.24000000674,111.25
2021-11-05,331148.39000000677,3,181178.39000000677,-30.0
2021-11-07,331058.39000000677,3,181178.39000000677,-120.0
2021-11-08,331088.39000000677,3,181178.39000000677,-90.0
2021-11-09,330630.2800000068,6,181176.53000000678,-546.25
2021-11-10,329770.9500000068,15,181170.95000000682,-1400.0
2021-11-11,330258.4500000068,15,181170.95000000682,-912.5
2021-11-12,332639.7000000068,15,181170.95000000682,1468.75
2021-11-14,332583.4500000068,15,181170.95000000682,1412.5
2021-11-15,333371.6700000069,15,183377.9200000069,-6.25
2021-11-16,333804.20000000694,4,183877.95000000694,-73.75
2021-11-17,333817.96000000695,4,183876.71000000695,-58.75
2021-11-18,334825.47000000696,6,183875.47000000696,950.0
2021-11-19,334467.400000007,6,184623.650000007,-156.25
2021-11-21,334698.650000007,5,184623.650000007,75.0
2021-11-22,334671.82000000705,5,185243.07000000705,-571.25
2021-11-23,334915.59000000707,8,185240.59000000707,-325.0
2021-11-24,336295.59000000707,8,185240.59000000707,1055.0
2021-11-25,333945.59000000707,8,185240.59000000707,-1295.0
2021-11-26,329723.7600000071,17,185235.0100000071,-5511.25
2021-11-28,334165.0100000071,17,185235.0100000071,-1070.0
2021-11-29,337268.8700000072,17,187360.1200000072,-91.25
2021-11-30,336656.41000000725,13,187355.16000000725,-698.75
2021-12-01,334356.5600000074,17,188961.5600000074,-4605.0
2021-12-02,337862.8100000074,17,188961.5600000074,-1098.75
2021-12-03,334815.9500000074,20,188959.7000000074,-4143.75
2021-12-05,337515.9500000074,20,188959.7000000074,-1443.75
2021-12-06,341616.6900000075,20,191451.6900000075,165.0
2021-12-07,342667.35000000754,3,192359.85000000754,307.5
2021-12-08,342794.2600000076,5,192605.51000000758,188.75
2021-12-09,342228.0200000076,7,192604.2700000076,-376.25
2021-12-10,343508.0600000076,7,193474.31000000762,33.75
2021-12-12,343584.32000000763,1,193471.82000000763,112.5
2021-12-13,343076.23000000766,8,193467.48000000766,-391.25
2021-12-14,342648.1500000077,17,193461.9000000077,-813.75
2021-12-15,345927.6300000078,17,195713.8800000078,213.75
2021-12-16,343444.5900000079,15,196014.59000000788,-2570.0
2021-12-17,340988.3600000079,19,196012.1100000079,-5023.75
2021-12-19,336190.8600000079,19,196012.1100000079,-9821.25
2021-12-20,340081.53000000794,28,196006.53000000794,-5925.0
2021-12-21,346626.53000000794,28,196006.53000000794,620.0
2021-12-22,349674.8100000081,28,199637.3100000081,37.5
2021-12-23,349813.5700000081,1,199761.0700000081,52.5
2021-12-26,349831.0700000081,1,199761.0700000081,70.0
2021-12-27,350094.8400000081,1,200008.59000000812,86.25
2021-12-28,350170.48000000813,2,200140.48000000813,30.0
2021-12-29,350172.98000000813,2,200140.48000000813,32.5
2021-12-30,349944.86000000814,3,200139.86000000814,-195.0
2021-12-31,349873.00000000815,6,200138.00000000815,-265.0
2022-01-02,350353.00000000815,6,200138.00000000815,215.0
2022-01-03,351047.38000000815,7,200137.38000000815,910.0
2022-01-04,350874.3200000082,7,201258.0700000082,-383.75
2022-01-05,344892.49000000826,15,201252.49000000826,-6360.0
2022-01-06,347397.5100000083,19,201250.01000000827,-3852.5
2022-01-07,344597.5200000083,21,201248.77000000828,-6651.25
2022-01-09,345306.2700000083,21,201248.77000000828,-5942.5
2022-01-10,346748.1900000083,30,201243.19000000833,-4495.0
2022-01-11,353760.6900000083,30,201243.19000000833,2517.5
2022-01-12,355818.9900000085,30,205913.9900000085,-95.0
2022-01-13,353767.1500000085,12,205909.65000000852,-2142.5
2022-01-14,355799.68000000855,18,205905.93000000855,-106.25
2022-01-16,353999.68000000855,18,205905.93000000855,-1906.25
2022-01-17,353077.18000000855,18,205905.93000000855,-2828.75
2022-01-18,343246.6100000086,29,205899.1100000086,-12652.5
2022-01-19,342791.0000000086,32,205897.25000000861,-13106.25
2022-01-20,326551.0000000086,32,205897.25000000861,-29346.25
2022-01-21,316791.0000000086,32,205897.25000000861,-39106.25
2022-01-23,323111.0000000086,32,205897.25000000861,-32786.25
2022-01-24,310791.0000000086,32,205897.25000000861,-45106.25
2022-01-25,313391.0000000086,32,205897.25000000861,-42506.25
2022-01-26,300831.0000000086,32,205897.25000000861,-55066.25
2022-01-27,308951.0000000086,32,205897.25000000861,-46946.25
2022-01-28,322871.0000000086,32,205897.25000000861,-33026.25
2022-01-30,324911.0000000086,32,205897.25000000861,-30986.25
2022-01-31,334391.0000000086,32,205897.25000000861,-21506.25
2022-02-01,344871.0000000086,32,205897.25000000861,-11026.25
2022-02-02,341431.0000000086,32,205897.25000000861,-14466.25
2022-02-03,338991.0000000086,32,205897.25000000861,-16906.25
2022-02-04,333431.0000000086,32,205897.25000000861,-22466.25
2022-02-06,334751.0000000086,32,205897.25000000861,-21146.25
2022-02-07,332351.0000000086,32,205897.25000000861,-23546.25
2022-02-08,341271.0000000086,32,205897.25000000861,-14626.25
2022-02-09,346831.0000000086,32,205897.25000000861,-9066.25
2022-02-10,330231.0000000086,32,205897.25000000861,-25666.25
2022-02-11,322631.0000000086,32,205897.25000000861,-33266.25
2022-02-13,323231.0000000086,32,205897.25000000861,-32666.25
2022-02-14,319311.0000000086,32,205897.25000000861,-36586.25
2022-02-15,328471.0000000086,32,205897.25000000861,-27426.25
2022-02-16,326791.0000000086,32,205897.25000000861,-29106.25
2022-02-17,320431.0000000086,32,205897.25000000861,-35466.25
2022-02-18,310831.0000000086,32,205897.25000000861,-45066.25
2022-02-20,314431.0000000086,32,205897.25000000861,-41466.25
2022-02-21,299911.0000000086,32,205897.25000000861,-55986.25
2022-02-22,307751.0000000086,32,205897.25000000861,-48146.25
2022-02-23,278391.0000000086,32,205897.25000000861,-77506.25
2022-02-24,297831.0000000086,32,205897.25000000861,-58066.25
2022-02-25,316631.0000000086,32,205897.25000000861,-39266.25
2022-02-27,299951.0000000086,32,205897.25000000861,-55946.25
2022-02-28,314871.0000000086,32,205897.25000000861,-41026.25
2022-03-01,306831.0000000086,32,205897.25000000861,-49066.25
2022-03-02,316911.0000000086,32,205897.25000000861,-38986.25
2022-03-03,307871.0000000086,32,205897.25000000861,-48026.25
2022-03-04,306991.0000000086,32,205897.25000000861,-48906.25
2022-03-06,299871.0000000086,32,205897.25000000861,-56026.25
2022-03-07,286351.0000000086,32,205897.25000000861,-69546.25
2022-03-08,286631.0000000086,32,205897.25000000861,-69266.25
2022-03-09,298591.0000000086,32,205897.25000000861,-57306.25
2022-03-10,293991.0000000086,32,205897.25000000861,-61906.25
2022-03-11,288671.0000000086,32,205897.25000000861,-67226.25
2022-03-13,290751.3200000086,32,205817.57000000862,-65066.25
2022-03-14,285071.3200000086,32,205817.57000000862,-70746.25
2022-03-15,296751.3200000086,32,205817.57000000862,-59066.25
2022-03-16,311711.3200000086,32,205817.57000000862,-44106.25
2022-03-17,316591.3200000086,32,205817.57000000862,-39226.25
2022-03-18,331511.3200000086,32,205817.57000000862,-24306.25
2022-03-20,327991.3200000086,32,205817.57000000862,-27826.25
2022-03-21,328071.3200000086,32,205817.57000000862,-27746.25
2022-03-22,338791.3200000086,32,205817.57000000862,-17026.25
2022-03-23,330671.3200000086,32,205817.57000000862,-25146.25
2022-03-24,339031.3200000086,32,205817.57000000862,-16786.25
2022-03-25,342871.3200000086,32,205817.57000000862,-12946.25
2022-03-27,340551.3200000086,32,205817.57000000862,-15266.25
2022-03-28,348271.3200000086,32,205817.57000000862,-7546.25
2022-03-29,356071.3200000086,32,205817.57000000862,253.75
2022-03-30,354071.3200000086,32,205817.57000000862,-1746.25
2022-03-31,344511.3200000086,32,205817.57000000862,-11306.25
2022-04-01,343271.3200000086,32,205817.57000000862,-12546.25
2022-04-03,343471.3200000086,32,205817.57000000862,-12346.25
2022-04-04,348711.3200000086,32,205817.57000000862,-7106.25
2022-04-05,339391.3200000086,32,205817.57000000862,-16426.25
2022-04-06,330231.3200000086,32,205817.57000000862,-25586.25
2022-04-07,336351.3200000086,32,205817.57000000862,-19466.25
2022-04-08,334471.3200000086,32,205817.57000000862,-21346.25
2022-04-10,329991.3200000086,32,205817.57000000862,-25826.25
2022-04-11,319031.3200000086,32,205817.57000000862,-36786.25
2022-04-12,323551.3200000086,32,205817.57000000862,-32266.25
2022-04-13,328431.3200000086,32,205817.57000000862,-27386.25
2022-04-14,319351.3200000086,32,205817.57000000862,-36466.25
2022-04-17,315831.3200000086,32,205817.57000000862,-39986.25
2022-04-18,321791.3200000086,32,205817.57000000862,-34026.25
2022-04-19,328271.3200000086,32,205817.57000000862,-27546.25
2022-04-20,332471.3200000086,32,205817.57000000862,-23346.25
2022-04-21,317031.3200000086,32,205817.57000000862,-38786.25
2022-04-22,297311.3200000086,32,205817.57000000862,-58506.25
2022-04-24,296431.3200000086,32,205817.57000000862,-59386.25
2022-04-25,305351.3200000086,32,205817.57000000862,-50466.25
2022-04-26,287951.3200000086,32,205817.57000000862,-67866.25
2022-04-27,290551.3200000086,32,205817.57000000862,-65266.25
2022-04-28,299351.3200000086,32,205817.57000000862,-56466.25
2022-04-29,279031.3200000086,32,205817.57000000862,-76786.25
2022-05-01,281031.3200000086,32,205817.57000000862,-74786.25
2022-05-02,283391.3200000086,32,205817.57000000862,-72426.25
2022-05-03,284551.3200000086,32,205817.57000000862,-71266.25
2022-05-04,303831.3200000086,32,205817.57000000862,-51986.25
2022-05-05,280351.3200000086,32,205817.57000000862,-75466.25
2022-05-06,274831.3200000086,32,205817.57000000862,-80986.25
2022-05-08,269991.3200000086,32,205817.57000000862,-85826.25
2022-05-09,258551.32000000862,32,205817.57000000862,-97266.25
2022-05-10,258991.32000000862,32,205817.57000000862,-96826.25
2022-05-11,247471.32000000862,32,205817.57000000862,-108346.25
2022-05-12,251751.32000000862,32,205817.57000000862,-104066.25
2022-05-13,259271.32000000862,32,205817.57000000862,-96546.25
2022-05-15,255911.32000000862,32,205817.57000000862,-99906.25
2022-05-16,259831.32000000862,32,205817.57000000862,-95986.25
2022-05-17,268791.3200000086,32,205817.57000000862,-87026.25
2022-05-18,245871.32000000862,32,205817.57000000862,-109946.25
2022-05-19,244751.32000000862,32,205817.57000000862,-111066.25
2022-05-20,241471.32000000862,32,205817.57000000862,-114346.25
2022-05-22,246031.32000000862,32,205817.57000000862,-109786.25
2022-05-23,247711.32000000862,32,205817.57000000862,-108106.25
2022-05-24,251831.32000000862,32,205817.57000000862,-103986.25
2022-05-25,253191.32000000862,32,205817.57000000862,-102626.25
2022-05-26,264831.3200000086,32,205817.57000000862,-90986.25
2022-05-27,283991.3200000086,32,205817.57000000862,-71826.25
2022-05-29,284831.3200000086,32,205817.57000000862,-70986.25
2022-05-30,283471.3200000086,32,205817.57000000862,-72346.25
2022-05-31,280471.3200000086,32,205817.57000000862,-75346.25
2022-06-01,273031.3200000086,32,205817.57000000862,-82786.25
2022-06-02,285351.3200000086,32,205817.57000000862,-70466.25
2022-06-03,274631.3200000086,32,205817.57000000862,-81186.25
2022-06-05,277471.3200000086,32,205817.57000000862,-78346.25
2022-06-06,273511.3200000086,32,205817.57000000862,-82306.25
2022-06-07,279991.3200000086,32,205817.57000000862,-75826.25
2022-06-08,275031.3200000086,32,205817.57000000862,-80786.25
2022-06-09,261071.32000000862,32,205817.57000000862,-94746.25
2022-06-10,241991.32000000862,32,205817.57000000862,-113826.25
2022-06-12,232911.32000000862,32,205817.57000000862,-122906.25
2022-06-13,221271.64000000863,32,205737.89000000863,-134466.25
2022-06-14,217071.64000000863,32,205737.89000000863,-138666.25
2022-06-15,225991.64000000863,32,205737.89000000863,-129746.25
2022-06-16,206951.64000000863,32,205737.89000000863,-148786.25
2022-06-17,205911.64000000863,32,205737.89000000863,-149826.25
2022-06-19,207031.64000000863,32,205737.89000000863,-148706.25
2022-06-20,214151.64000000863,32,205737.89000000863,-141586.25
2022-06-21,213791.64000000863,32,205737.89000000863,-141946.25
2022-06-22,216951.64000000863,32,205737.89000000863,-138786.25
2022-06-23,227071.64000000863,32,205737.89000000863,-128666.25
2022-06-24,242911.64000000863,32,205737.89000000863,-112826.25
2022-06-26,244751.64000000863,32,205737.89000000863,-110986.25
2022-06-27,240471.64000000863,32,205737.89000000863,-115266.25
2022-06-28,229551.64000000863,32,205737.89000000863,-126186.25
2022-06-29,226231.64000000863,32,205737.89000000863,-129506.25
2022-06-30,217511.64000000863,32,205737.89000000863,-138226.25
2022-07-01,228631.64000000863,32,205737.89000000863,-127106.25
2022-07-03,225391.64000000863,32,205737.89000000863,-130346.25
2022-07-04,230311.64000000863,32,205737.89000000863,-125426.25
2022-07-05,229911.64000000863,32,205737.89000000863,-125826.25
2022-07-06,232511.64000000863,32,205737.89000000863,-123226.25
2022-07-07,238711.64000000863,32,205737.89000000863,-117026.25
2022-07-08,241431.64000000863,32,205737.89000000863,-114306.25
2022-07-10,236951.64000000863,32,205737.89000000863,-118786.25
2022-07-11,230511.64000000863,32,205737.89000000863,-125226.25
2022-07-12,229311.64000000863,32,205737.89000000863,-126426.25
2022-07-13,224671.64000000863,32,205737.89000000863,-131066.25
2022-07-14,225751.64000000863,32,205737.89000000863,-129986.25
2022-07-15,235231.64000000863,32,205737.89000000863,-120506.25
2022-07-17,237511.64000000863,32,205737.89000000863,-118226.25
2022-07-18,230991.64000000863,32,205737.89000000863,-124746.25
2022-07-19,250151.64000000863,32,205737.89000000863,-105586.25
2022-07-20,249551.64000000863,32,205737.89000000863,-106186.25
2022-07-21,254231.64000000863,32,205737.89000000863,-101506.25
2022-07-22,250671.64000000863,32,205737.89000000863,-105066.25
2022-07-24,250351.64000000863,32,205737.89000000863,-105386.25
2022-07-25,250031.64000000863,32,205737.89000000863,-105706.25
2022-07-26,248951.64000000863,32,205737.89000000863,-106786.25
2022-07-27,258951.64000000863,32,205737.89000000863,-96786.25
2022-07-28,271871.6400000086,32,205737.89000000863,-83866.25
2022-07-29,277751.6400000086,32,205737.89000000863,-77986.25
2022-07-31,274791.6400000086,32,205737.89000000863,-80946.25
2022-08-01,273271.6400000086,32,205737.89000000863,-82466.25
2022-08-02,272511.6400000086,32,205737.89000000863,-83226.25
2022-08-03,280711.6400000086,32,205737.89000000863,-75026.25
2022-08-04,282631.6400000086,32,205737.89000000863,-73106.25
2022-08-05,279231.6400000086,32,205737.89000000863,-76506.25
2022-08-07,278831.6400000086,32,205737.89000000863,-76906.25
2022-08-08,280951.6400000086,32,205737.89000000863,-74786.25
2022-08-09,276111.6400000086,32,205737.89000000863,-79626.25
2022-08-10,292151.6400000086,32,205737.89000000863,-63586.25
2022-08-11,291111.6400000086,32,205737.89000000863,-64626.25
2022-08-12,301471.6400000086,32,205737.89000000863,-54266.25
2022-08-14,299911.6400000086,32,205737.89000000863,-55826.25
2022-08-15,303511.6400000086,32,205737.89000000863,-52226.25
2022-08-16,305671.6400000086,32,205737.89000000863,-50066.25
2022-08-17,300111.6400000086,32,205737.89000000863,-55626.25
2022-08-18,301191.6400000086,32,205737.89000000863,-54546.25
2022-08-19,293111.6400000086,32,205737.89000000863,-62626.25
2022-08-21,290951.6400000086,32,205737.89000000863,-64786.25
2022-08-22,280071.6400000086,32,205737.89000000863,-75666.25
2022-08-23,275151.6400000086,32,205737.89000000863,-80586.25
2022-08-24,281191.6400000086,32,205737.89000000863,-74546.25
2022-08-25,288271.6400000086,32,205737.89000000863,-67466.25
2022-08-26,263391.6400000086,32,205737.89000000863,-92346.25
2022-08-28,261191.64000000863,32,205737.89000000863,-94546.25
2022-08-29,263031.6400000086,32,205737.89000000863,-92706.25
2022-08-30,258031.64000000863,32,205737.89000000863,-97706.25
2022-08-31,244911.64000000863,32,205737.89000000863,-110826.25
2022-09-01,250951.64000000863,32,205737.89000000863,-104786.25
2022-09-02,245871.64000000863,32,205737.89000000863,-109866.25
2022-09-04,245751.64000000863,32,205737.89000000863,-109986.25
2022-09-05,246911.64000000863,32,205737.89000000863,-108826.25
2022-09-06,239351.64000000863,32,205737.89000000863,-116386.25
2022-09-07,253511.64000000863,32,205737.89000000863,-102226.25
2022-09-08,259551.64000000863,32,205737.89000000863,-96186.25
2022-09-09,267151.6400000086,32,205737.89000000863,-88586.25
2022-09-11,267151.6400000086,32,205737.89000000863,-88586.25
2022-09-12,274671.96000000864,32,205658.21000000864,-80986.25
2022-09-13,246631.96000000864,32,205658.21000000864,-109026.25
2022-09-14,248511.96000000864,32,205658.21000000864,-107146.25
2022-09-15,236031.96000000864,32,205658.21000000864,-119626.25
2022-09-16,237871.96000000864,32,205658.21000000864,-117786.25
2022-09-18,234431.96000000864,32,205658.21000000864,-121226.25
2022-09-19,241591.96000000864,32,205658.21000000864,-114066.25
2022-09-20,234071.96000000864,32,205658.21000000864,-121586.25
2022-09-21,218631.96000000864,32,205658.21000000864,-137026.25
2022-09-22,216111.96000000864,32,205658.21000000864,-139546.25
2022-09-23,207271.96000000864,32,205658.21000000864,-148386.25
2022-09-25,203711.96000000864,32,205658.21000000864,-151946.25
2022-09-26,204671.96000000864,32,205658.21000000864,-150986.25
2022-09-27,195751.96000000864,32,205658.21000000864,-159906.25
2022-09-28,210191.96000000864,32,205658.21000000864,-145466.25
2022-09-29,196551.96000000864,32,205658.21000000864,-159106.25
2022-09-30,190151.96000000864,32,205658.21000000864,-165506.25
2022-10-02,189311.96000000864,32,205658.21000000864,-166346.25
2022-10-03,208951.96000000864,32,205658.21000000864,-146706.25
2022-10-04,219231.96000000864,32,205658.21000000864,-136426.25
2022-10-05,223511.96000000864,32,205658.21000000864,-132146.25
2022-10-06,213791.96000000864,32,205658.21000000864,-141866.25
2022-10-07,197591.96000000864,32,205658.21000000864,-158066.25
2022-10-09,195271.96000000864,32,205658.21000000864,-160386.25
2022-10-10,190431.96000000864,32,205658.21000000864,-165226.25
2022-10-11,190191.96000000864,32,205658.21000000864,-165466.25
2022-10-12,188471.96000000864,32,205658.21000000864,-167186.25
2022-10-13,207071.96000000864,32,205658.21000000864,-148586.25
2022-10-14,188911.96000000864,32,205658.21000000864,-166746.25
2022-10-16,191471.96000000864,32,205658.21000000864,-164186.25
2022-10-17,212271.96000000864,32,205658.21000000864,-143386.25
2022-10-18,215351.96000000864,32,205658.21000000864,-140306.25
2022-10-19,202991.96000000864,32,205658.21000000864,-152666.25
2022-10-20,199911.96000000864,32,205658.21000000864,-155746.25
2022-10-21,216991.96000000864,32,205658.21000000864,-138666.25
2022-10-23,215991.96000000864,32,205658.21000000864,-139666.25
2022-10-24,222951.96000000864,32,205658.21000000864,-132706.25
2022-10-25,227231.96000000864,32,205658.21000000864,-128426.25
2022-10-26,231271.96000000864,32,205658.21000000864,-124386.25
2022-10-27,222111.96000000864,32,205658.21000000864,-133546.25
2022-10-28,241151.96000000864,32,205658.21000000864,-114506.25
2022-10-30,238911.96000000864,32,205658.21000000864,-116746.25
2022-10-31,236951.96000000864,32,205658.21000000864,-118706.25
2022-11-01,233551.96000000864,32,205658.21000000864,-122106.25
2022-11-02,217871.96000000864,32,205658.21000000864,-137786.25
2022-11-03,209991.96000000864,32,205658.21000000864,-145666.25
2022-11-04,217111.96000000864,32,205658.21000000864,-138546.25
2022-11-06,217191.96000000864,32,205658.21000000864,-138466.25
2022-11-07,223471.96000000864,32,205658.21000000864,-132186.25
2022-11-08,227671.96000000864,32,205658.21000000864,-127986.25
2022-11-09,215791.96000000864,32,205658.21000000864,-139866.25
2022-11-10,248471.96000000864,32,205658.21000000864,-107186.25
2022-11-11,253391.96000000864,32,205658.21000000864,-102266.25
2022-11-13,251791.96000000864,32,205658.21000000864,-103866.25
2022-11-14,250671.96000000864,32,205658.21000000864,-104986.25
2022-11-15,251671.96000000864,32,205658.21000000864,-103986.25
2022-11-16,248751.96000000864,32,205658.21000000864,-106906.25
2022-11-17,246231.96000000864,32,205658.21000000864,-109426.25
2022-11-18,248911.96000000864,32,205658.21000000864,-106746.25
2022-11-20,247551.96000000864,32,205658.21000000864,-108106.25
2022-11-21,247431.96000000864,32,205658.21000000864,-108226.25
2022-11-22,254711.96000000864,32,205658.21000000864,-100946.25
2022-11-23,260191.96000000864,32,205658.21000000864,-95466.25
2022-11-24,260311.96000000864,32,205658.21000000864,-95346.25
2022-11-25,258951.96000000864,32,205658.21000000864,-96706.25
2022-11-27,254551.96000000864,32,205658.21000000864,-101106.25
2022-11-28,250791.96000000864,32,205658.21000000864,-104866.25
2022-11-29,248271.96000000864,32,205658.21000000864,-107386.25
2022-11-30,267631.96000000864,32,205658.21000000864,-88026.25
2022-12-01,265271.96000000864,32,205658.21000000864,-90386.25
2022-12-02,264151.96000000864,32,205658.21000000864,-91506.25
2022-12-04,264751.96000000864,32,205658.21000000864,-90906.25
2022-12-05,254551.96000000864,32,205658.21000000864,-101106.25
2022-12-06,245791.96000000864,32,205658.21000000864,-109866.25
2022-12-07,242671.96000000864,32,205658.21000000864,-112986.25
2022-12-08,249351.96000000864,32,205658.21000000864,-106306.25
2022-12-09,242551.96000000864,32,205658.21000000864,-113106.25
2022-12-11,242831.96000000864,32,205658.21000000864,-112826.25
2022-12-12,251632.28000000864,32,205578.53000000864,-103946.25
2022-12-13,258952.28000000864,32,205578.53000000864,-96626.25
2022-12-14,253112.28000000864,32,205578.53000000864,-102466.25
2022-12-15,235832.28000000864,32,205578.53000000864,-119746.25
2022-12-16,227632.28000000864,32,205578.53000000864,-127946.25
2022-12-18,229632.28000000864,32,205578.53000000864,-125946.25
2022-12-19,218032.28000000864,32,205578.53000000864,-137546.25
2022-12-20,226152.28000000864,32,205578.53000000864,-129426.25
2022-12-21,234992.28000000864,32,205578.53000000864,-120586.25
2022-12-22,224552.28000000864,32,205578.53000000864,-131026.25
2022-12-23,227032.28000000864,32,205578.53000000864,-128546.25
2022-12-26,231232.28000000864,32,205578.53000000864,-124346.25
2022-12-27,225432.28000000864,32,205578.53000000864,-130146.25
2022-12-28,217952.28000000864,32,205578.53000000864,-137626.25
2022-12-29,226912.28000000864,32,205578.53000000864,-128666.25
2022-12-30,226952.28000000864,32,205578.53000000864,-128626.25
2023-01-02,226392.28000000864,32,205578.53000000864,-129186.25
2023-01-03,224592.28000000864,32,205578.53000000864,-130986.25
2023-01-04,227792.28000000864,32,205578.53000000864,-127786.25
2023-01-05,223832.28000000864,32,205578.53000000864,-131746.25
2023-01-06,234312.28000000864,32,205578.53000000864,-121266.25
2023-01-08,236872.28000000864,32,205578.53000000864,-118706.25
2023-01-09,232512.28000000864,32,205578.53000000864,-123066.25
2023-01-10,238912.28000000864,32,205578.53000000864,-116666.25
2023-01-11,247192.28000000864,32,205578.53000000864,-108386.25
2023-01-12,247112.28000000864,32,205578.53000000864,-108466.25
2023-01-13,251152.28000000864,32,205578.53000000864,-104426.25
2023-01-15,251832.28000000864,32,205578.53000000864,-103746.25
2023-01-16,248992.28000000864,32,205578.53000000864,-106586.25
2023-01-17,250432.28000000864,32,205578.53000000864,-105146.25
2023-01-18,238712.28000000864,32,205578.53000000864,-116866.25
2023-01-19,236032.28000000864,32,205578.53000000864,-119546.25
2023-01-20,246192.28000000864,32,205578.53000000864,-109386.25
2023-01-22,245712.28000000864,32,205578.53000000864,-109866.25
2023-01-23,254032.28000000864,32,205578.53000000864,-101546.25
2023-01-24,250432.28000000864,32,205578.53000000864,-105146.25
2023-01-25,253992.28000000864,32,205578.53000000864,-101586.25
2023-01-26,258392.28000000864,32,205578.53000000864,-97186.25
2023-01-27,261552.28000000864,32,205578.53000000864,-94026.25
2023-01-29,259632.28000000864,32,205578.53000000864,-95946.25
2023-01-30,252912.28000000864,32,205578.53000000864,-102666.25
2023-01-31,260952.28000000864,32,205578.53000000864,-94626.25
2023-02-01,271632.28000000864,32,205578.53000000864,-83946.25
2023-02-02,275352.28000000864,32,205578.53000000864,-80226.25
2023-02-03,271472.28000000864,32,205578.53000000864,-84106.25
2023-02-05,269352.28000000864,32,205578.53000000864,-86226.25
2023-02-06,268392.28000000864,32,205578.53000000864,-87186.25
2023-02-07,276112.28000000864,32,205578.53000000864,-79466.25
2023-02-08,270272.28000000864,32,205578.53000000864,-85306.25
2023-02-09,261632.28000000864,32,205578.53000000864,-93946.25
2023-02-10,264032.28000000864,32,205578.53000000864,-91546.25
2023-02-12,261432.28000000864,32,205578.53000000864,-94146.25
2023-02-13,270992.28000000864,32,205578.53000000864,-84586.25
2023-02-14,268632.28000000864,32,205578.53000000864,-86946.25
2023-02-15,274672.28000000864,32,205578.53000000864,-80906.25
2023-02-16,261472.28000000864,32,205578.53000000864,-94106.25
2023-02-17,261832.28000000864,32,205578.53000000864,-93746.25
2023-02-19,261872.28000000864,32,205578.53000000864,-93706.25
2023-02-20,259272.28000000864,32,205578.53000000864,-96306.25
2023-02-21,250352.28000000864,32,205578.53000000864,-105226.25
2023-02-22,251072.28000000864,32,205578.53000000864,-104506.25
2023-02-23,250472.28000000864,32,205578.53000000864,-105106.25
2023-02-24,244032.28000000864,32,205578.53000000864,-111546.25
2023-02-26,245112.28000000864,32,205578.53000000864,-110466.25
2023-02-27,246752.28000000864,32,205578.53000000864,-108826.25
2023-02-28,244232.28000000864,32,205578.53000000864,-111346.25
2023-03-01,238912.28000000864,32,205578.53000000864,-116666.25
2023-03-02,244472.28000000864,32,205578.53000000864,-111106.25
2023-03-03,256512.28000000864,32,205578.53000000864,-99066.25
2023-03-05,256912.28000000864,32,205578.53000000864,-98666.25
2023-03-06,257872.28000000864,32,205578.53000000864,-97706.25
2023-03-07,246512.28000000864,32,205578.53000000864,-109066.25
2023-03-08,246552.28000000864,32,205578.53000000864,-109026.25
2023-03-09,230352.28000000864,32,205578.53000000864,-125226.25
2023-03-10,228752.28000000864,32,205578.53000000864,-126826.25
2023-03-12,236952.28000000864,32,205578.53000000864,-118626.25
2023-03-13,228272.60000000865,32,205498.85000000865,-127226.25
2023-03-14,236272.60000000865,32,205498.85000000865,-119226.25
2023-03-15,232752.60000000865,32,205498.85000000865,-122746.25
2023-03-16,241912.60000000865,32,205498.85000000865,-113586.25
2023-03-17,234632.60000000865,32,205498.85000000865,-120866.25
2023-03-19,235352.60000000865,32,205498.85000000865,-120146.25
2023-03-20,240952.60000000865,32,205498.85000000865,-114546.25
2023-03-21,248912.60000000865,32,205498.85000000865,-106586.25
2023-03-22,241072.60000000865,32,205498.85000000865,-114426.25
2023-03-23,239992.60000000865,32,205498.85000000865,-115506.25
2023-03-24,244632.60000000865,32,205498.85000000865,-110866.25
2023-03-26,246472.60000000865,32,205498.85000000865,-109026.25
2023-03-27,245072.60000000865,32,205498.85000000865,-110426.25
2023-03-28,245832.60000000865,32,205498.85000000865,-109666.25
2023-03-29,251872.60000000865,32,205498.85000000865,-103626.25
2023-03-30,257592.60000000865,32,205498.85000000865,-97906.25
2023-03-31,265272.60000000865,32,205498.85000000865,-90226.25
2023-04-02,262872.60000000865,32,205498.85000000865,-92626.25
2023-04-03,267272.60000000865,32,205498.85000000865,-88226.25
2023-04-04,263912.60000000865,32,205498.85000000865,-91586.25
2023-04-05,259992.60000000865,32,205498.85000000865,-95506.25
2023-04-06,263512.60000000865,32,205498.85000000865,-91986.25
2023-04-07,265672.60000000865,32,205498.85000000865,-89826.25
2023-04-09,263992.60000000865,32,205498.85000000865,-91506.25
2023-04-10,265392.60000000865,32,205498.85000000865,-90106.25
2023-04-11,264992.60000000865,32,205498.85000000865,-90506.25
2023-04-12,262472.60000000865,32,205498.85000000865,-93026.25
2023-04-13,270352.60000000865,32,205498.85000000865,-85146.25
2023-04-14,270432.60000000865,32,205498.85000000865,-85066.25
2023-04-16,270192.60000000865,32,205498.85000000865,-85306.25
2023-04-17,270872.60000000865,32,205498.85000000865,-84626.25
2023-04-18,270872.60000000865,32,205498.85000000865,-84626.25
2023-04-19,270232.60000000865,32,205498.85000000865,-85266.25
2023-04-20,267752.60000000865,32,205498.85000000865,-87746.25
2023-04-21,267472.60000000865,32,205498.85000000865,-88026.25
2023-04-23,266032.60000000865,32,205498.85000000865,-89466.25
2023-04-24,266712.60000000865,32,205498.85000000865,-88786.25
2023-04-25,260472.60000000865,32,205498.85000000865,-95026.25
2023-04-26,256472.60000000865,32,205498.85000000865,-99026.25
2023-04-27,266712.60000000865,32,205498.85000000865,-88786.25
2023-04-28,273432.60000000865,32,205498.85000000865,-82066.25
2023-04-30,273512.60000000865,32,205498.85000000865,-81986.25
2023-05-01,272352.60000000865,32,205498.85000000865,-83146.25
2023-05-02,265872.60000000865,32,205498.85000000865,-89626.25
2023-05-03,260992.60000000865,32,205498.85000000865,-94506.25
2023-05-04,257752.60000000865,32,205498.85000000865,-97746.25
2023-05-05,266792.60000000865,32,205498.85000000865,-88706.25
2023-05-07,266392.60000000865,32,205498.85000000865,-89106.25
2023-05-08,267192.60000000865,32,205498.85000000865,-88306.25
2023-05-09,264952.60000000865,32,205498.85000000865,-90546.25
2023-05-10,268592.60000000865,32,205498.85000000865,-86906.25
2023-05-11,266792.60000000865,32,205498.85000000865,-88706.25
2023-05-12,264072.60000000865,32,205498.85000000865,-91426.25
2023-05-14,264912.60000000865,32,205498.85000000865,-90586.25
2023-05-15,265752.60000000865,32,205498.85000000865,-89746.25
2023-05-16,263792.60000000865,32,205498.85000000865,-91706.25
2023-05-17,270072.60000000865,32,205498.85000000865,-85426.25
2023-05-18,277952.60000000865,32,205498.85000000865,-77546.25
2023-05-19,274672.60000000865,32,205498.85000000865,-80826.25
2023-05-21,275512.60000000865,32,205498.85000000865,-79986.25
2023-05-22,277112.60000000865,32,205498.85000000865,-78386.25
2023-05-23,269032.60000000865,32,205498.85000000865,-86466.25
2023-05-24,265512.60000000865,32,205498.85000000865,-89986.25
2023-05-25,267192.60000000865,32,205498.85000000865,-88306.25
2023-05-26,278032.60000000865,32,205498.85000000865,-77466.25
2023-05-28,278512.60000000865,32,205498.85000000865,-76986.25
2023-05-29,278552.60000000865,32,205498.85000000865,-76946.25
2023-05-30,275792.60000000865,32,205498.85000000865,-79706.25
2023-05-31,273832.60000000865,32,205498.85000000865,-81666.25
2023-06-01,280592.60000000865,32,205498.85000000865,-74906.25
2023-06-02,289152.60000000865,32,205498.85000000865,-66346.25
2023-06-04,288392.60000000865,32,205498.85000000865,-67106.25
2023-06-05,287952.60000000865,32,205498.85000000865,-67546.25
2023-06-06,289992.60000000865,32,205498.85000000865,-65506.25
2023-06-07,286152.60000000865,32,205498.85000000865,-69346.25
2023-06-08,290192.60000000865,32,205498.85000000865,-65306.25
2023-06-09,291712.60000000865,32,205498.85000000865,-63786.25
2023-06-11,292512.60000000865,32,205498.85000000865,-62986.25
2023-06-12,299112.92000000866,32,205419.17000000866,-56306.25
2023-06-13,302152.92000000866,32,205419.17000000866,-53266.25
2023-06-14,302552.92000000866,32,205419.17000000866,-52866.25
2023-06-15,310032.92000000866,32,205419.17000000866,-45386.25
2023-06-16,309072.92000000866,32,205419.17000000866,-46346.25
2023-06-18,307552.92000000866,32,205419.17000000866,-47866.25
2023-06-19,306632.92000000866,32,205419.17000000866,-48786.25
2023-06-20,305112.92000000866,32,205419.17000000866,-50306.25
2023-06-21,300952.92000000866,32,205419.17000000866,-54466.25
2023-06-22,300592.92000000866,32,205419.17000000866,-54826.25
2023-06-23,297792.92000000866,32,205419.17000000866,-57626.25
2023-06-25,299632.92000000866,32,205419.17000000866,-55786.25
2023-06-26,296232.92000000866,32,205419.17000000866,-59186.25
2023-06-27,301472.92000000866,32,205419.17000000866,-53946.25
2023-06-28,302872.92000000866,32,205419.17000000866,-52546.25
2023-06-29,305552.92000000866,32,205419.17000000866,-49866.25
2023-06-30,312832.92000000866,32,205419.17000000866,-42586.25
2023-07-02,313832.92000000866,32,205419.17000000866,-41586.25
2023-07-03,314232.92000000866,32,205419.17000000866,-41186.25
2023-07-04,313912.92000000866,32,205419.17000000866,-41506.25
2023-07-05,310792.92000000866,32,205419.17000000866,-44626.25
2023-07-06,306952.92000000866,32,205419.17000000866,-48466.25
2023-07-07,305712.92000000866,32,205419.17000000866,-49706.25
2023-07-09,303512.92000000866,32,205419.17000000866,-51906.25
2023-07-10,307152.92000000866,32,205419.17000000866,-48266.25
2023-07-11,311592.92000000866,32,205419.17000000866,-43826.25
2023-07-12,318672.92000000866,32,205419.17000000866,-36746.25
2023-07-13,322352.92000000866,32,205419.17000000866,-33066.25
2023-07-14,321272.92000000866,32,205419.17000000866,-34146.25
2023-07-16,320832.92000000866,32,205419.17000000866,-34586.25
2023-07-17,323552.92000000866,32,205419.17000000866,-31866.25
2023-07-18,329472.92000000866,32,205419.17000000866,-25946.25
2023-07-19,329952.92000000866,32,205419.17000000866,-25466.25
2023-07-20,326752.92000000866,32,205419.17000000866,-28666.25
2023-07-21,325872.92000000866,32,205419.17000000866,-29546.25
2023-07-23,325752.92000000866,32,205419.17000000866,-29666.25
2023-07-24,328872.92000000866,32,205419.17000000866,-26546.25
2023-07-25,330952.92000000866,32,205419.17000000866,-24466.25
2023-07-26,332752.92000000866,32,205419.17000000866,-22666.25
2023-07-27,326992.92000000866,32,205419.17000000866,-28426.25
2023-07-28,332752.92000000866,32,205419.17000000866,-22666.25
2023-07-30,331392.92000000866,32,205419.17000000866,-24026.25
2023-07-31,334432.92000000866,32,205419.17000000866,-20986.25
2023-08-01,328472.92000000866,32,205419.17000000866,-26946.25
2023-08-02,322352.92000000866,32,205419.17000000866,-33066.25
2023-08-03,321392.92000000866,32,205419.17000000866,-34026.25
2023-08-04,315312.92000000866,32,205419.17000000866,-40106.25
2023-08-06,318152.92000000866,32,205419.17000000866,-37266.25
2023-08-07,320032.92000000866,32,205419.17000000866,-35386.25
2023-08-08,318992.92000000866,32,205419.17000000866,-36426.25
2023-08-09,316032.92000000866,32,205419.17000000866,-39386.25
2023-08-10,313272.92000000866,32,205419.17000000866,-42146.25
2023-08-11,313112.92000000866,32,205419.17000000866,-42306.25
2023-08-13,310872.92000000866,32,205419.17000000866,-44546.25
2023-08-14,317952.92000000866,32,205419.17000000866,-37466.25
2023-08-15,308632.92000000866,32,205419.17000000866,-46786.25
2023-08-16,303312.92000000866,32,205419.17000000866,-52106.25
2023-08-17,297152.92000000866,32,205419.17000000866,-58266.25
2023-08-18,296432.92000000866,32,205419.17000000866,-58986.25
2023-08-20,297232.92000000866,32,205419.17000000866,-58186.25
2023-08-21,301272.92000000866,32,205419.17000000866,-54146.25
2023-08-22,301352.92000000866,32,205419.17000000866,-54066.25
2023-08-23,311992.92000000866,32,205419.17000000866,-43426.25
2023-08-24,297592.92000000866,32,205419.17000000866,-57826.25
2023-08-25,301752.92000000866,32,205419.17000000866,-53666.25
2023-08-27,302232.92000000866,32,205419.17000000866,-53186.25
2023-08-28,306752.92000000866,32,205419.17000000866,-48666.25
2023-08-29,317912.92000000866,32,205419.17000000866,-37506.25
2023-08-30,320072.92000000866,32,205419.17000000866,-35346.25
2023-08-31,318872.92000000866,32,205419.17000000866,-36546.25
2023-09-01,318672.92000000866,32,205419.17000000866,-36746.25
2023-09-03,319112.92000000866,32,205419.17000000866,-36306.25
2023-09-04,317912.92000000866,32,205419.17000000866,-37506.25
2023-09-05,315192.92000000866,32,205419.17000000866,-40226.25
2023-09-06,310632.92000000866,32,205419.17000000866,-44786.25
2023-09-07,308832.92000000866,32,205419.17000000866,-46586.25
2023-09-08,309792.92000000866,32,205419.17000000866,-45626.25
2023-09-10,309992.92000000866,32,205419.17000000866,-45426.25
2023-09-11,313473.24000000866,32,205339.49000000866,-41866.25
2023-09-12,308593.24000000866,32,205339.49000000866,-46746.25
2023-09-13,312633.24000000866,32,205339.49000000866,-42706.25
2023-09-14,317953.24000000866,32,205339.49000000866,-37386.25
2023-09-15,307473.24000000866,32,205339.49000000866,-47866.25
2023-09-17,308633.24000000866,32,205339.49000000866,-46706.25
2023-09-18,307833.24000000866,32,205339.49000000866,-47506.25
2023-09-19,305273.24000000866,32,205339.49000000866,-50066.25
2023-09-20,297313.24000000866,32,205339.49000000866,-58026.25
2023-09-21,288313.24000000866,32,205339.49000000866,-67026.25
2023-09-22,285673.24000000866,32,205339.49000000866,-69666.25
2023-09-24,287233.24000000866,32,205339.49000000866,-68106.25
2023-09-25,285913.24000000866,32,205339.49000000866,-69426.25
2023-09-26,279113.24000000866,32,205339.49000000866,-76226.25
2023-09-27,277913.24000000866,32,205339.49000000866,-77426.25
2023-09-28,282233.24000000866,32,205339.49000000866,-73106.25
2023-09-29,280313.24000000866,32,205339.49000000866,-75026.25
2023-10-01,283513.24000000866,32,205339.49000000866,-71826.25
2023-10-02,279353.24000000866,32,205339.49000000866,-75986.25
2023-10-03,267313.24000000866,32,205339.49000000866,-88026.25
2023-10-04,275593.24000000866,32,205339.49000000866,-79746.25
2023-10-05,273793.24000000866,32,205339.49000000866,-81546.25
2023-10-06,282873.24000000866,32,205339.49000000866,-72466.25
2023-10-08,276353.24000000866,32,205339.49000000866,-78986.25
2023-10-09,287313.24000000866,32,205339.49000000866,-68026.25
2023-10-10,290553.24000000866,32,205339.49000000866,-64786.25
2023-10-11,295073.24000000866,32,205339.49000000866,-60266.25
2023-10-12,289273.24000000866,32,205339.49000000866,-66066.25
2023-10-13,283873.24000000866,32,205339.49000000866,-71466.25
2023-10-15,286313.24000000866,32,205339.49000000866,-69026.25
2023-10-16,290953.24000000866,32,205339.49000000866,-64386.25
2023-10-17,291033.24000000866,32,205339.49000000866,-64306.25
2023-10-18,280793.24000000866,32,205339.49000000866,-74546.25
2023-10-19,275113.24000000866,32,205339.49000000866,-80226.25
2023-10-20,266753.24000000866,32,205339.49000000866,-88586.25
2023-10-22,268513.24000000866,32,205339.49000000866,-86826.25
2023-10-23,267833.24000000866,32,205339.49000000866,-87506.25
2023-10-24,269513.24000000866,32,205339.49000000866,-85826.25
2023-10-25,256953.24000000866,32,205339.49000000866,-98386.25
2023-10-26,256273.24000000866,32,205339.49000000866,-99066.25
2023-10-27,249473.24000000866,32,205339.49000000866,-105866.25
2023-10-29,252073.24000000866,32,205339.49000000866,-103266.25
2023-10-30,255113.24000000866,32,205339.49000000866,-100226.25
2023-10-31,260553.24000000866,32,205339.49000000866,-94786.25
2023-11-01,270393.24000000866,32,205339.49000000866,-84946.25
2023-11-02,280793.24000000866,32,205339.49000000866,-74546.25
2023-11-03,288193.24000000866,32,205339.49000000866,-67146.25
2023-11-05,287953.24000000866,32,205339.49000000866,-67386.25
2023-11-06,287473.24000000866,32,205339.49000000866,-67866.25
2023-11-07,290513.24000000866,32,205339.49000000866,-64826.25
2023-11-08,291073.24000000866,32,205339.49000000866,-64266.25
2023-11-09,286193.24000000866,32,205339.49000000866,-69146.25
2023-11-10,295553.24000000866,32,205339.49000000866,-59786.25
2023-11-12,293193.24000000866,32,205339.49000000866,-62146.25
2023-11-13,296033.24000000866,32,205339.49000000866,-59306.25
2023-11-14,310993.24000000866,32,205339.49000000866,-44346.25
2023-11-15,309673.24000000866,32,205339.49000000866,-45666.25
2023-11-16,312153.24000000866,32,205339.49000000866,-43186.25
2023-11-17,311433.24000000866,32,205339.49000000866,-43906.25
2023-11-19,311313.24000000866,32,205339.49000000866,-44026.25
2023-11-20,317833.24000000866,32,205339.49000000866,-37506.25
2023-11-21,315753.24000000866,32,205339.49000000866,-39586.25
2023-11-22,318193.24000000866,32,205339.49000000866,-37146.25
2023-11-23,318793.24000000866,32,205339.49000000866,-36546.25
2023-11-24,318553.24000000866,32,205339.49000000866,-36786.25
2023-11-26,316433.24000000866,32,205339.49000000866,-38906.25
2023-11-27,317393.24000000866,32,205339.49000000866,-37946.25
2023-11-28,318833.24000000866,32,205339.49000000866,-36506.25
2023-11-29,318113.24000000866,32,205339.49000000866,-37226.25
2023-11-30,319473.24000000866,32,205339.49000000866,-35866.25
2023-12-01,324273.24000000866,32,205339.49000000866,-31066.25
2023-12-03,322873.24000000866,32,205339.49000000866,-32466.25
2023-12-04,318353.24000000866,32,205339.49000000866,-36986.25
2023-12-05,321833.24000000866,32,205339.49000000866,-33506.25
2023-12-06,316273.24000000866,32,205339.49000000866,-39066.25
2023-12-07,321993.24000000866,32,205339.49000000866,-33346.25
2023-12-08,324793.24000000866,32,205339.49000000866,-30546.25
2023-12-10,324393.24000000866,32,205339.49000000866,-30946.25
2023-12-11,327953.56000000867,32,205259.81000000867,-27306.25
2023-12-12,331753.56000000867,32,205259.81000000867,-23506.25
2023-12-13,344033.56000000867,32,205259.81000000867,-11226.25
2023-12-14,343753.56000000867,32,205259.81000000867,-11506.25
2023-12-15,342273.56000000867,32,205259.81000000867,-12986.25
2023-12-17,344153.56000000867,32,205259.81000000867,-11106.25
2023-12-18,346113.56000000867,32,205259.81000000867,-9146.25
2023-12-19,350713.56000000867,32,205259.81000000867,-4546.25
2023-12-20,341553.56000000867,32,205259.81000000867,-13706.25
2023-12-21,345553.56000000867,32,205259.81000000867,-9706.25
2023-12-22,347033.56000000867,32,205259.81000000867,-8226.25
2023-12-25,348993.56000000867,32,205259.81000000867,-6266.25
2023-12-26,351273.56000000867,32,205259.81000000867,-3986.25
2023-12-27,353353.56000000867,32,205259.81000000867,-1906.25
2023-12-28,352833.56000000867,32,205259.81000000867,-2426.25
2023-12-29,349193.56000000867,32,205259.81000000867,-6066.25
2024-01-01,350473.56000000867,32,205259.81000000867,-4786.25
2024-01-02,344513.56000000867,32,205259.81000000867,-10746.25
2024-01-03,339113.56000000867,32,205259.81000000867,-16146.25
2024-01-04,336313.56000000867,32,205259.81000000867,-18946.25
2024-01-05,336833.56000000867,32,205259.81000000867,-18426.25
2024-01-07,336313.56000000867,32,205259.81000000867,-18946.25
2024-01-08,346513.56000000867,32,205259.81000000867,-8746.25
2024-01-09,345353.56000000867,32,205259.81000000867,-9906.25
2024-01-10,351713.56000000867,32,205259.81000000867,-3546.25
2024-01-11,348393.56000000867,32,205259.81000000867,-6866.25
2024-01-12,348953.56000000867,32,205259.81000000867,-6306.25
2024-01-14,350033.56000000867,32,205259.81000000867,-5226.25
2024-01-15,347233.56000000867,32,205259.81000000867,-8026.25
2024-01-16,345433.56000000867,32,205259.81000000867,-9826.25
2024-01-17,341633.56000000867,32,205259.81000000867,-13626.25
2024-01-18,349433.56000000867,32,205259.81000000867,-5826.25
2024-01-19,358313.56000000867,32,205259.81000000867,3053.75
2024-01-21,360273.56000000867,32,205259.81000000867,5013.75
2024-01-22,360824.36000000883,32,210811.86000000883,12.5
2024-01-23,361184.36000000883,3,210811.86000000883,372.5
2024-01-24,361051.2900000089,8,211443.79000000888,-392.5
2024-01-25,361231.2900000089,8,211443.79000000888,-212.5
2024-01-26,362184.48000000895,8,212443.23000000895,-258.75
2024-01-28,362159.48000000895,5,212443.23000000895,-283.75
2024-01-29,363089.510000009,5,213068.26000000897,21.25
2024-01-30,362878.270000009,3,213067.02000000898,-188.75
2024-01-31,361192.08000000904,15,213059.58000000904,-1867.5
2024-02-01,365029.6600000091,15,214932.1600000091,97.5
2024-02-02,365422.83000000915,2,215429.08000000915,-6.25
2024-02-04,365370.33000000915,2,215429.08000000915,-58.75
2024-02-05,365630.3500000092,6,215426.60000000917,203.75
2024-02-06,365900.3500000092,6,215426.60000000917,473.75
2024-02-07,366763.54000000923,6,216803.54000000923,-40.0
2024-02-08,366811.67000000924,4,216802.92000000924,8.75
2024-02-09,367316.07000000926,4,217303.57000000926,12.5
2024-02-11,367313.57000000926,1,217303.57000000926,10.0
2024-02-12,366866.7300000093,6,217424.2300000093,-557.5
2024-02-13,365643.65000000934,15,217418.65000000934,-1775.0
2024-02-14,369074.90000000934,15,217418.65000000934,1656.25
2024-02-15,369561.26000000944,15,219536.26000000944,25.0
2024-02-16,368918.78000000946,7,219533.78000000946,-615.0
2024-02-18,369251.28000000946,7,219533.78000000946,-282.5
2024-02-19,368586.28000000946,7,219533.78000000946,-947.5
2024-02-20,367809.4500000095,16,219528.2000000095,-1718.75
2024-02-21,372708.8400000095,19,219526.3400000095,3182.5
2024-02-22,375710.22000000963,19,225673.97000000963,36.25
2024-02-23,375593.97000000963,3,225673.97000000963,-80.0
2024-02-25,375541.47000000963,3,225673.97000000963,-132.5
2024-02-26,375277.73000000964,5,225672.73000000964,-395.0
2024-02-27,375725.87000000966,8,225670.87000000966,55.0
2024-02-28,375605.87000000966,8,225670.87000000966,-65.0
2024-02-29,376766.5500000097,8,226669.0500000097,97.5
2024-03-01,377234.08000000974,3,227040.33000000974,193.75
2024-03-03,377264.08000000974,3,227040.33000000974,223.75
2024-03-04,377189.11000000976,3,227414.11000000976,-225.0
2024-03-05,376491.0400000098,14,227407.29000000982,-916.25
2024-03-06,378621.1500000099,14,229154.90000000992,-533.75
2024-03-07,380557.47000001,8,230523.72000000998,33.75
2024-03-08,379243.17000001005,13,230765.67000001005,-1522.5
2024-03-10,378430.67000001005,13,230765.67000001005,-2335.0
2024-03-11,380335.25000001007,18,230717.75000001007,-382.5
2024-03-12,383407.8900000102,18,233450.3900000102,-42.5
2024-03-13,383519.1600000102,6,233447.91000001022,71.25
2024-03-14,383252.31000001024,11,233444.81000001024,-192.5
2024-03-15,381431.09000001027,17,233441.09000001027,-2010.0
2024-03-17,382281.09000001027,17,233441.09000001027,-1160.0
2024-03-18,385248.07000001037,17,235561.82000001037,-313.75
2024-03-19,386284.9900000104,6,236311.2400000104,-26.25
2024-03-20,387331.93000001047,4,237056.93000001047,275.0
2024-03-21,387314.4600000105,4,237410.7100000105,-96.25
2024-03-22,386930.1000000105,7,237408.8500000105,-478.75
2024-03-24,386930.1000000105,7,237408.8500000105,-478.75
2024-03-25,386722.6100000105,9,237407.61000001052,-685.0
2024-03-26,386638.87000001053,11,237406.37000001053,-767.5
2024-03-27,388096.37000001053,11,237406.37000001053,690.0
2024-03-28,388655.1900000106,11,238775.1900000106,-120.0
2024-03-31,389015.1900000106,3,238775.1900000106,240.0
2024-04-01,388253.9700000106,9,238771.47000001062,-517.5
2024-04-02,386923.99000001064,13,238768.99000001064,-1845.0
2024-04-03,388548.99000001064,13,238768.99000001064,-220.0
2024-04-04,383342.1500000107,20,238764.65000001068,-5422.5
2024-04-05,388392.1500000107,20,238764.65000001068,-372.5
2024-04-07,387392.1500000107,20,238764.65000001068,-1372.5
2024-04-08,388267.1500000107,20,238764.65000001068,-497.5
2024-04-09,389242.1500000107,20,238764.65000001068,477.5
2024-04-10,383603.4100000107,22,238763.41000001068,-5160.0
2024-04-11,388074.0400000107,23,238762.7900000107,-688.75
2024-04-12,378994.0800000107,31,238757.83000001073,-9763.75
2024-04-14,381319.0800000107,31,238757.83000001073,-7438.75
2024-04-15,367332.21000001073,32,238757.21000001073,-21425.0
2024-04-16,369172.21000001073,32,238757.21000001073,-19585.0
2024-04-17,364692.21000001073,32,238757.21000001073,-24065.0
2024-04-18,352652.21000001073,32,238757.21000001073,-36105.0
2024-04-19,353052.21000001073,32,238757.21000001073,-35705.0
2024-04-21,355052.21000001073,32,238757.21000001073,-33705.0
2024-04-22,360132.21000001073,32,238757.21000001073,-28625.0
2024-04-23,372532.21000001073,32,238757.21000001073,-16225.0
2024-04-24,364372.21000001073,32,238757.21000001073,-24385.0
2024-04-25,372372.21000001073,32,238757.21000001073,-16385.0
2024-04-26,373572.21000001073,32,238757.21000001073,-15185.0
2024-04-28,375492.21000001073,32,238757.21000001073,-13265.0
2024-04-29,375372.21000001073,32,238757.21000001073,-13385.0
2024-04-30,362892.21000001073,32,238757.21000001073,-25865.0
2024-05-01,364012.21000001073,32,238757.21000001073,-24745.0
2024-05-02,369612.21000001073,32,238757.21000001073,-19145.0
2024-05-03,378332.21000001073,32,238757.21000001073,-10425.0
2024-05-05,378052.21000001073,32,238757.21000001073,-10705.0
2024-05-06,385812.21000001073,32,238757.21000001073,-2945.0
2024-05-07,386532.21000001073,32,238757.21000001073,-2225.0
2024-05-08,385772.21000001073,32,238757.21000001073,-2985.0
2024-05-09,391092.21000001073,32,238757.21000001073,2335.0
2024-05-10,393291.7700000109,32,243309.2700000109,-17.5
2024-05-12,393479.2700000109,5,243309.2700000109,170.0
2024-05-13,393291.7700000109,5,243309.2700000109,-17.5
2024-05-14,393966.80000001093,5,243931.80000001093,35.0
2024-05-15,394429.33000001096,2,244304.33000001096,125.0
2024-05-16,394047.490000011,6,244424.990000011,-377.5
2024-05-17,394543.130000011,9,244423.130000011,120.0
2024-05-19,394835.630000011,9,244423.130000011,412.5
2024-05-20,394745.630000011,9,244423.130000011,322.5
2024-05-21,395353.130000011,9,244423.130000011,930.0
2024-05-22,396050.630000011,9,244423.130000011,1627.5
2024-05-23,394582.0000000111,15,245855.75000001112,-1273.75
2024-05-24,396700.7500000111,15,245855.75000001112,845.0
2024-05-26,396419.5000000111,15,245855.75000001112,563.75
2024-05-27,397357.0000000111,15,245855.75000001112,1501.25
2024-05-28,395707.0000000111,15,245855.75000001112,-148.75
2024-05-29,391994.5000000111,15,245855.75000001112,-3861.25
2024-05-30,390645.16000001115,22,245851.41000001115,-5206.25
2024-05-31,399352.8400000113,28,249347.84000001132,5.0
2024-06-02,399437.8400000113,2,249347.84000001132,90.0
2024-06-03,400589.8100000114,10,250591.0600000114,-1.25
2024-06-04,401119.22000001144,3,250964.22000001144,155.0
2024-06-05,402019.2800000115,4,251751.7800000115,267.5
2024-06-06,402234.32000001153,6,252006.82000001153,227.5
2024-06-07,402681.8900000116,8,253006.8900000116,-325.0
2024-06-09,402726.8900000116,4,253006.8900000116,-280.0
2024-06-10,403033.7700000116,5,253006.2700000116,27.5
2024-06-11,403760.06000001164,6,253753.81000001164,6.25
2024-06-12,404275.1200000117,9,254090.1200000117,185.0
2024-06-13,404795.1400000117,13,254087.6400000117,707.5
2024-06-14,404421.3900000117,13,254087.6400000117,333.75
2024-06-16,404421.3900000117,13,254087.6400000117,333.75
2024-06-17,405825.87000001175,13,255830.87000001178,-5.0
2024-06-18,405973.37000001175,2,255830.87000001178,142.5
2024-06-19,406073.37000001175,2,255830.87000001178,242.5
2024-06-20,405828.4200000118,8,256074.67000001183,-246.25
2024-06-21,405567.1800000118,10,256073.43000001184,-506.25
2024-06-23,405079.6800000118,10,256073.43000001184,-993.75
2024-06-24,404988.4400000118,12,256072.19000001185,-1083.75
2024-06-25,405963.4400000118,12,256072.19000001185,-108.75
2024-06-26,404928.4400000118,12,256072.19000001185,-1143.75
2024-06-27,407253.4400000118,12,256072.19000001185,1181.25
2024-06-28,407002.3000000119,12,257569.80000001195,-567.5
2024-06-30,407202.3000000119,10,257569.80000001195,-367.5
2024-07-01,406505.4300000119,11,257569.18000001195,-1063.75
2024-07-02,408919.240000012,11,258945.490000012,-26.25
2024-07-03,409053.000000012,1,259069.25000001202,-16.25
2024-07-04,409075.500000012,1,259069.25000001202,6.25
2024-07-05,409310.520000012,2,259316.77000001204,-6.25
2024-07-07,409306.770000012,1,259316.77000001204,-10.0
2024-07-08,409425.520000012,1,259316.77000001204,108.75
2024-07-09,409408.05000001204,5,259438.05000001207,-30.0
2024-07-10,410180.5900000121,5,260184.3400000121,-3.75
2024-07-11,409676.2500000121,8,260180.00000001214,-503.75
2024-07-12,411162.5800000122,8,261426.3300000122,-263.75
2024-07-14,411312.5800000122,4,261426.3300000122,-113.75
2024-07-15,412103.89000001224,8,261920.14000001227,183.75
2024-07-16,413016.4500000123,8,262916.4500000123,100.0
2024-07-17,411960.24000001233,12,262911.49000001233,-951.25
2024-07-18,409243.4100000124,21,262905.9100000124,-3662.5
2024-07-19,403706.5600000124,26,262902.8100000124,-9196.25
2024-07-21,405104.0600000124,26,262902.8100000124,-7798.75
2024-07-22,409816.5600000124,26,262902.8100000124,-3086.25
2024-07-23,406664.0600000124,26,262902.8100000124,-6238.75
2024-07-24,393751.5900000124,32,262899.0900000124,-19147.5
2024-07-25,389951.5900000124,32,262899.0900000124,-22947.5
2024-07-26,396031.5900000124,32,262899.0900000124,-16867.5
2024-07-28,399951.5900000124,32,262899.0900000124,-12947.5
2024-07-29,394471.5900000124,32,262899.0900000124,-18427.5
2024-07-30,395471.5900000124,32,262899.0900000124,-17427.5
2024-07-31,410871.5900000124,32,262899.0900000124,-2027.5
2024-08-01,386951.5900000124,32,262899.0900000124,-25947.5
2024-08-02,373431.5900000124,32,262899.0900000124,-39467.5
2024-08-04,362991.5900000124,32,262899.0900000124,-49907.5
2024-08-05,363631.5900000124,32,262899.0900000124,-49267.5
2024-08-06,365831.5900000124,32,262899.0900000124,-47067.5
2024-08-07,352391.5900000124,32,262899.0900000124,-60507.5
2024-08-08,372911.5900000124,32,262899.0900000124,-39987.5
2024-08-09,374551.5900000124,32,262899.0900000124,-38347.5
2024-08-11,375111.5900000124,32,262899.0900000124,-37787.5
2024-08-12,376231.5900000124,32,262899.0900000124,-36667.5
2024-08-13,389351.5900000124,32,262899.0900000124,-23547.5
2024-08-14,394631.5900000124,32,262899.0900000124,-18267.5
2024-08-15,408431.5900000124,32,262899.0900000124,-4467.5
2024-08-16,408991.5900000124,32,262899.0900000124,-3907.5
2024-08-18,409871.5900000124,32,262899.0900000124,-3027.5
2024-08-19,416895.5100000126,32,266890.5100000126,5.0
2024-08-20,417012.4000000126,5,266888.6500000126,123.75
2024-08-21,417614.32000001264,5,267513.07000001264,101.25
2024-08-22,417588.1500000127,12,268114.4000000127,-526.25
2024-08-23,420682.05000001285,12,270613.30000001285,68.75
2024-08-25,420632.05000001285,2,270613.30000001285,18.75
2024-08-26,420579.57000001287,6,270610.82000001287,-31.25
2024-08-27,421045.8300000129,8,270609.5800000129,436.25
2024-08-28,418485.8600000129,14,270605.8600000129,-2120.0
2024-08-29,421915.350000013,14,272356.600000013,-441.25
2024-08-30,423597.2900000131,10,273598.5400000131,-1.25
2024-09-01,423562.2900000131,2,273598.5400000131,-36.25
2024-09-02,423554.7900000131,2,273598.5400000131,-43.75
2024-09-03,416239.88000001316,20,273587.38000001316,-7347.5
2024-09-04,416876.7700000132,23,273585.5200000132,-6708.75
2024-09-05,415036.1700000132,28,273582.4200000132,-8546.25
2024-09-06,399804.9400000132,32,273579.9400000132,-23775.0
2024-09-08,404804.9400000132,32,273579.9400000132,-18775.0
2024-09-09,411484.9400000132,32,273579.9400000132,-12095.0
2024-09-10,411684.9400000132,32,273579.9400000132,-11895.0
2024-09-11,426044.9400000132,32,273579.9400000132,2465.0
2024-09-12,428360.1600000134,32,278205.1600000134,155.0
2024-09-13,428468.33000001346,5,278574.58000001346,-106.25
2024-09-15,428618.33000001346,5,278574.58000001346,43.75
2024-09-16,428734.6600000135,7,278555.9100000135,178.75
2024-09-17,429542.24000001355,9,279722.24000001355,-180.0
2024-09-18,431470.4400000136,9,280837.9400000136,632.5
2024-09-19,432957.4100000137,6,283227.4100000137,-270.0
2024-09-20,432849.94000001374,11,283223.69000001374,-373.75
2024-09-22,433991.19000001374,11,283223.69000001374,767.5
2024-09-23,433386.19000001374,11,283223.69000001374,162.5
2024-09-24,434545.6400000138,11,284600.6400000138,-55.0
2024-09-25,435465.0300000138,7,284598.7800000138,866.25
2024-09-26,436140.1100000139,9,286093.8600000139,46.25
2024-09-27,435408.8600000139,9,286093.8600000139,-685.0
2024-09-29,435847.6100000139,9,286093.8600000139,-246.25
2024-09-30,437172.6200000139,11,286092.6200000139,1080.0
2024-10-01,434433.27000001393,16,286089.52000001393,-1656.25
2024-10-02,433782.65000001393,17,286088.90000001393,-2306.25
2024-10-03,434085.78000001394,18,286088.28000001394,-2002.5
2024-10-04,438304.000000014,18,288326.500000014,-22.5
2024-10-06,438307.750000014,1,288326.500000014,-18.75
2024-10-07,436970.3000000141,11,288320.3000000141,-1350.0
2024-10-08,439776.63000001415,11,289696.63000001415,80.0
2024-10-09,440665.4400000142,5,290444.1900000142,221.25
2024-10-10,440641.0800000142,8,290442.3300000142,198.75
2024-10-11,441466.76000001427,8,291444.26000001427,22.5
2024-10-13,441500.51000001427,3,291444.26000001427,56.25
2024-10-14,442205.5500000143,3,291939.3000000143,266.25
2024-10-15,441413.09000001434,11,291934.34000001434,-521.25
2024-10-16,441715.59000001434,11,291934.34000001434,-218.75
2024-10-17,443918.1800000144,11,294385.6800000144,-467.5
2024-10-18,444731.9300000144,7,294385.6800000144,346.25
2024-10-20,444749.4300000144,7,294385.6800000144,363.75
2024-10-21,444113.19000001444,9,294384.44000001444,-271.25
2024-10-22,444301.32000001444,10,294383.82000001444,-82.5
2024-10-23,443597.6300000145,22,294376.3800000145,-778.75
2024-10-24,443267.6300000145,22,294376.3800000145,-1108.75
2024-10-25,446379.03000001464,22,297126.53000001464,-747.5
2024-10-27,447629.03000001464,8,297126.53000001464,502.5
2024-10-28,446799.03000001464,8,297126.53000001464,-327.5
2024-10-29,447979.03000001464,8,297126.53000001464,852.5
2024-10-30,446485.9900000147,9,298118.4900000147,-1632.5
2024-10-31,441878.54000001476,19,298112.29000001476,-6233.75
2024-11-01,442947.29000001476,19,298112.29000001476,-5165.0
2024-11-03,444229.79000001476,19,298112.29000001476,-3882.5
2024-11-04,441464.1800000148,22,298110.4300000148,-6646.25
2024-11-05,457496.6800000148,22,298110.4300000148,9386.25
2024-11-06,463550.5900000149,22,313505.5900000149,45.0
2024-11-07,463790.63000001496,4,313875.63000001496,-85.0
2024-11-08,464283.170000015,4,314370.670000015,-87.5
2024-11-10,464543.170000015,4,314370.670000015,172.5
2024-11-11,464405.050000015,5,314370.050000015,35.0
2024-11-12,463815.070000015,9,314367.570000015,-552.5
2024-11-13,464197.570000015,9,314367.570000015,-170.0
2024-11-14,461272.60000001505,15,314363.85000001505,-3091.25
2024-11-15,456352.0300000151,26,314357.0300000151,-8005.0
2024-11-17,458172.0300000151,26,314357.0300000151,-6185.0
2024-11-18,460284.5300000151,26,314357.0300000151,-4072.5
2024-11-19,462527.0300000151,26,314357.0300000151,-1830.0
2024-11-20,459472.0300000151,26,314357.0300000151,-4885.0
2024-11-21,465289.5300000151,26,314357.0300000151,932.5
2024-11-22,467989.69000001525,26,317609.69000001525,380.0
2024-11-24,468672.19000001525,6,317609.69000001525,1062.5
2024-11-25,469206.0000000153,6,319047.2500000153,158.75
2024-11-26,469892.29000001535,6,319793.54000001535,98.75
2024-11-27,469993.5700000154,8,319789.8200000154,203.75
2024-11-28,470483.5700000154,8,319789.8200000154,693.75
2024-11-29,470834.2400000154,8,320787.9900000154,46.25
2024-12-01,470777.9900000154,1,320787.9900000154,-10.0
2024-12-02,470918.63000001543,2,320911.13000001543,7.5
2024-12-03,471298.65000001545,6,320908.65000001545,390.0
2024-12-04,471840.5700000155,6,321653.0700000155,187.5
2024-12-05,471859.3500000155,3,322024.3500000155,-165.0
2024-12-06,472039.3500000155,3,322024.3500000155,15.0
2024-12-08,472001.8500000155,3,322024.3500000155,-22.5
2024-12-09,471123.76000001555,10,322020.01000001555,-896.25
2024-12-10,470541.28000001557,14,322017.53000001557,-1476.25
2024-12-11,473688.86000001564,14,323768.86000001564,-80.0
2024-12-12,473469.51000001567,7,323765.76000001567,-296.25
2024-12-13,472999.5300000157,11,323763.2800000157,-763.75
2024-12-15,473398.2800000157,11,323763.2800000157,-365.0
2024-12-16,474966.52000001573,11,325125.27000001573,-158.75
2024-12-17,474986.54000001575,8,325122.79000001575,-136.25
2024-12-18,461607.2300000158,21,325114.7300000158,-13507.5
2024-12-19,458063.4800000158,21,325114.7300000158,-17051.25
2024-12-20,467650.9900000158,23,325113.4900000158,-7462.5
2024-12-22,471330.9900000158,23,325113.4900000158,-3782.5
2024-12-23,472135.9900000158,23,325113.4900000158,-2977.5
2024-12-24,478121.74000001594,23,327985.49000001594,136.25
2024-12-25,478146.74000001594,2,327985.49000001594,161.25
2024-12-26,478492.430000016,6,328732.430000016,-240.0
2024-12-27,478527.48000001605,13,328726.23000001605,-198.75
2024-12-29,477779.98000001605,13,328726.23000001605,-946.25
2024-12-30,474626.9000000161,22,328720.6500000161,-4093.75
2024-12-31,472756.9000000161,22,328720.6500000161,-5963.75
2025-01-01,474626.9000000161,22,328720.6500000161,-4093.75
2025-01-02,472518.8000000161,27,328717.5500000161,-6198.75
2025-01-03,480348.8000000161,27,328717.5500000161,1631.25
2025-01-05,480686.3000000161,27,328717.5500000161,1968.75
2025-01-06,485482.1300000163,27,336827.1300000163,-1345.0
2025-01-07,482049.06000001635,23,336820.31000001635,-4771.25
2025-01-08,479949.7100000164,28,336817.2100000164,-6867.5
2025-01-09,479879.7100000164,28,336817.2100000164,-6937.5
2025-01-10,467753.4800000164,32,336814.7300000164,-19061.25
2025-01-12,464553.4800000164,32,336814.7300000164,-22261.25
2025-01-13,472673.4800000164,32,336814.7300000164,-14141.25
2025-01-14,471353.4800000164,32,336814.7300000164,-15461.25
2025-01-15,488353.4800000164,32,336814.7300000164,1538.75
2025-01-16,487633.4800000164,32,336814.7300000164,818.75
2025-01-17,494203.0600000166,32,344378.0600000166,-175.0
2025-01-19,494190.5600000166,5,344378.0600000166,-187.5
2025-01-20,494434.3100000166,5,344378.0600000166,56.25
2025-01-21,495733.76000001666,5,345496.26000001666,237.5
2025-01-22,495865.65000001667,2,345849.40000001667,16.25
2025-01-23,496077.5400000167,2,345972.5400000167,105.0
2025-01-24,495626.35000001674,10,346215.10000001674,-588.75
2025-01-26,492813.85000001674,10,346215.10000001674,-3401.25
2025-01-27,491784.49000001675,13,346213.24000001675,-4428.75
2025-01-28,495018.24000001675,13,346213.24000001675,-1195.0
2025-01-29,494579.49000001675,13,346213.24000001675,-1633.75
2025-01-30,495976.99000001675,13,346213.24000001675,-236.25
2025-01-31,495361.5000000169,14,347829.0000000169,-2467.5
2025-02-02,486821.5000000169,14,347829.0000000169,-11007.5
2025-02-03,494077.7700000169,18,347826.5200000169,-3748.75
2025-02-04,494775.2700000169,18,347826.5200000169,-3051.25
2025-02-05,500242.7700000169,18,347826.5200000169,2416.25
2025-02-06,500992.890000017,18,350700.390000017,292.5
2025-02-07,499988.6200000171,15,351437.3700000171,-1448.75
2025-02-09,501057.3700000171,15,351437.3700000171,-380.0
2025-02-10,502994.3400000172,15,353314.3400000172,-320.0
2025-02-11,503379.3500000172,6,353313.1000000172,66.25
2025-02-12,503643.7300000172,7,353312.4800000172,331.25
2025-02-13,504776.3100000173,7,354687.5600000173,88.75
2025-02-14,504728.8100000173,1,354687.5600000173,41.25
2025-02-16,504781.3100000173,1,354687.5600000173,93.75
2025-02-17,504787.5600000173,1,354687.5600000173,100.0
2025-02-18,504961.3300000173,2,354936.3300000173,25.0
2025-02-19,505083.87000001734,3,355306.37000001734,-222.5
2025-02-20,505115.15000001737,9,355302.65000001737,-187.5
2025-02-21,498818.3300000174,20,355295.8300000174,-6477.5
2025-02-23,501593.3300000174,20,355295.8300000174,-3702.5
2025-02-24,496645.86000001745,26,355292.11000001745,-8646.25
2025-02-25,494762.1400000175,32,355288.3900000175,-10526.25
2025-02-26,492202.1400000175,32,355288.3900000175,-13086.25
2025-02-27,476802.1400000175,32,355288.3900000175,-28486.25
2025-02-28,489562.1400000175,32,355288.3900000175,-15726.25
2025-03-02,491842.1400000175,32,355288.3900000175,-13446.25
2025-03-03,475642.1400000175,32,355288.3900000175,-29646.25
2025-03-04,468562.1400000175,32,355288.3900000175,-36726.25
2025-03-05,472162.1400000175,32,355288.3900000175,-33126.25
2025-03-06,458482.1400000175,32,355288.3900000175,-46806.25
2025-03-07,459762.1400000175,32,355288.3900000175,-45526.25
2025-03-09,456362.1400000175,32,355288.3900000175,-48926.25
2025-03-10,436202.1400000175,32,355288.3900000175,-69086.25
2025-03-11,430602.1400000175,32,355288.3900000175,-74686.25
2025-03-12,430562.1400000175,32,355288.3900000175,-74726.25
2025-03-13,427442.1400000175,32,355288.3900000175,-77846.25
2025-03-14,436882.1400000175,32,355288.3900000175,-68406.25
2025-03-16,433802.1400000175,32,355288.3900000175,-71486.25
2025-03-17,442002.4600000175,32,355208.7100000175,-63206.25
2025-03-18,436842.4600000175,32,355208.7100000175,-68366.25
2025-03-19,448922.4600000175,32,355208.7100000175,-56286.25
2025-03-20,442362.4600000175,32,355208.7100000175,-62846.25
2025-03-21,443162.4600000175,32,355208.7100000175,-62046.25
2025-03-23,448602.4600000175,32,355208.7100000175,-56606.25
2025-03-24,457082.4600000175,32,355208.7100000175,-48126.25
2025-03-25,460002.4600000175,32,355208.7100000175,-45206.25
2025-03-26,450642.4600000175,32,355208.7100000175,-54566.25
2025-03-27,447122.4600000175,32,355208.7100000175,-58086.25
2025-03-28,424362.4600000175,32,355208.7100000175,-80846.25
2025-03-30,420482.4600000175,32,355208.7100000175,-84726.25
2025-03-31,429522.4600000175,32,355208.7100000175,-75686.25
2025-04-01,434522.4600000175,32,355208.7100000175,-70686.25
2025-04-02,416482.4600000175,32,355208.7100000175,-88726.25
2025-04-03,392122.4600000175,32,355208.7100000175,-113086.25
2025-04-04,343442.4600000175,32,355208.7100000175,-161766.25
2025-04-06,316922.4600000175,32,355208.7100000175,-188286.25
2025-04-07,355082.4600000175,32,355208.7100000175,-150126.25
2025-04-08,315762.4600000175,32,355208.7100000175,-189446.25
2025-04-09,400682.4600000175,32,355208.7100000175,-104526.25
2025-04-10,375922.4600000175,32,355208.7100000175,-129286.25
2025-04-11,391282.4600000175,32,355208.7100000175,-113926.25
2025-04-13,397882.4600000175,32,355208.7100000175,-107326.25
2025-04-14,397922.4600000175,32,355208.7100000175,-107286.25
2025-04-15,388722.4600000175,32,355208.7100000175,-116486.25
2025-04-16,383082.4600000175,32,355208.7100000175,-122126.25
2025-04-17,380202.4600000175,32,355208.7100000175,-125006.25
2025-04-20,370722.4600000175,32,355208.7100000175,-134486.25
2025-04-21,360522.4600000175,32,355208.7100000175,-144686.25
2025-04-22,391162.4600000175,32,355208.7100000175,-114046.25
2025-04-23,390842.4600000175,32,355208.7100000175,-114366.25
2025-04-24,414562.4600000175,32,355208.7100000175,-90646.25
2025-04-25,416362.4600000175,32,355208.7100000175,-88846.25
2025-04-27,410922.4600000175,32,355208.7100000175,-94286.25
2025-04-28,417922.4600000175,32,355208.7100000175,-87286.25
2025-04-29,417162.4600000175,32,355208.7100000175,-88046.25
2025-04-30,431602.4600000175,32,355208.7100000175,-73606.25
2025-05-01,434802.4600000175,32,355208.7100000175,-70406.25
2025-05-02,441642.4600000175,32,355208.7100000175,-63566.25
2025-05-04,435082.4600000175,32,355208.7100000175,-70126.25
2025-05-05,434002.4600000175,32,355208.7100000175,-71206.25
2025-05-06,433402.4600000175,32,355208.7100000175,-71806.25
2025-05-07,439442.4600000175,32,355208.7100000175,-65766.25
2025-05-08,438522.4600000175,32,355208.7100000175,-66686.25
2025-05-09,437402.4600000175,32,355208.7100000175,-67806.25
2025-05-11,449602.4600000175,32,355208.7100000175,-55606.25
2025-05-12,462802.4600000175,32,355208.7100000175,-42406.25
2025-05-13,472842.4600000175,32,355208.7100000175,-32366.25
2025-05-14,471642.4600000175,32,355208.7100000175,-33566.25
2025-05-15,477282.4600000175,32,355208.7100000175,-27926.25
2025-05-16,479722.4600000175,32,355208.7100000175,-25486.25
2025-05-18,473802.4600000175,32,355208.7100000175,-31406.25
2025-05-19,482442.4600000175,32,355208.7100000175,-22766.25
2025-05-20,478842.4600000175,32,355208.7100000175,-26366.25
2025-05-21,466442.4600000175,32,355208.7100000175,-38766.25
2025-05-22,465882.4600000175,32,355208.7100000175,-39326.25
2025-05-23,458322.4600000175,32,355208.7100000175,-46886.25
2025-05-25,467962.4600000175,32,355208.7100000175,-37246.25
2025-05-26,466242.4600000175,32,355208.7100000175,-38966.25
2025-05-27,476762.4600000175,32,355208.7100000175,-28446.25
2025-05-28,487082.4600000175,32,355208.7100000175,-18126.25
2025-05-29,473442.4600000175,32,355208.7100000175,-31766.25
2025-05-30,474162.4600000175,32,355208.7100000175,-31046.25
2025-06-01,470042.4600000175,32,355208.7100000175,-35166.25
2025-06-02,476002.4600000175,32,355208.7100000175,-29206.25
2025-06-03,484282.4600000175,32,355208.7100000175,-20926.25
2025-06-04,484202.4600000175,32,355208.7100000175,-21006.25
2025-06-05,481562.4600000175,32,355208.7100000175,-23646.25
2025-06-06,489562.4600000175,32,355208.7100000175,-15646.25
2025-06-08,487362.4600000175,32,355208.7100000175,-17846.25
2025-06-09,493562.4600000175,32,355208.7100000175,-11646.25
2025-06-10,492602.4600000175,32,355208.7100000175,-12606.25
2025-06-11,489402.4600000175,32,355208.7100000175,-15806.25
2025-06-12,481722.4600000175,32,355208.7100000175,-23486.25
2025-06-13,484482.4600000175,32,355208.7100000175,-20726.25
2025-06-15,485962.4600000175,32,355208.7100000175,-19246.25
2025-06-16,490322.7800000175,32,355129.0300000175,-14806.25
2025-06-17,485842.7800000175,32,355129.0300000175,-19286.25
2025-06-18,483322.7800000175,32,355129.0300000175,-21806.25
2025-06-19,482642.7800000175,32,355129.0300000175,-22486.25
2025-06-20,483322.7800000175,32,355129.0300000175,-21806.25
2025-06-22,479482.7800000175,32,355129.0300000175,-25646.25
2025-06-23,497282.7800000175,32,355129.0300000175,-7846.25
2025-06-24,502282.7800000175,32,355129.0300000175,-2846.25
2025-06-25,503722.7800000175,32,355129.0300000175,-1406.25
2025-06-26,509217.32000001764,32,359142.32000001764,75.0
2025-06-27,509963.0200000177,12,359383.0200000177,580.0
2025-06-29,511583.0200000177,12,359383.0200000177,2200.0
2025-06-30,512488.17000001785,12,362584.42000001785,-96.25
2025-07-01,513075.6900000179,6,362581.9400000179,493.75
2025-07-02,513396.3500000179,6,363333.8500000179,62.5
2025-07-03,513430.7500000179,2,363587.0000000179,-156.25
2025-07-04,513185.7500000179,2,363587.0000000179,-401.25
2025-07-06,513363.2500000179,2,363587.0000000179,-223.75
2025-07-07,512673.930000018,13,363580.180000018,-906.25
2025-07-08,511958.930000018,13,363580.180000018,-1621.25
2025-07-09,513746.430000018,13,363580.180000018,166.25
2025-07-10,515176.50000001804,13,365200.25000001804,-23.75
2025-07-11,515181.51000001805,3,365199.01000001805,-17.5
2025-07-13,514874.01000001805,3,365199.01000001805,-325.0
2025-07-14,515526.51000001805,3,365199.01000001805,327.5
2025-07-15,513662.8300000181,11,365829.0800000181,-2166.25
2025-07-16,515220.35000001814,15,365826.60000001814,-606.25
2025-07-17,517821.6800000182,15,367704.1800000182,117.5
2025-07-18,517774.84000001824,6,367826.09000001824,-51.25
2025-07-20,517902.34000001824,6,367826.09000001824,76.25
2025-07-21,518381.1400000183,6,368571.1400000183,-190.0
2025-07-22,518978.6500000183,6,368569.9000000183,408.75
2025-07-23,519809.34000001836,6,369750.59000001836,58.75
2025-07-24,520150.6200000184,5,369871.8700000184,278.75
2025-07-25,520375.6200000184,5,369871.8700000184,503.75
2025-07-27,520950.6200000184,5,369871.8700000184,1078.75
2025-07-28,520710.05000001844,6,370493.80000001844,216.25
2025-07-29,520335.69000001845,9,370491.94000001845,-156.25
2025-07-30,522257.03000001854,13,372119.53000001854,137.5
2025-07-31,520461.4500000186,10,372113.9500000186,-1652.5
2025-08-01,515611.4700000186,14,372111.4700000186,-6500.0
2025-08-03,517466.4700000186,14,372111.4700000186,-4645.0
2025-08-04,522786.4700000186,14,372111.4700000186,675.0
2025-08-05,521001.4700000186,14,372111.4700000186,-1110.0
2025-08-06,524326.4700000186,14,372111.4700000186,2215.0
2025-08-07,526400.3500000187,14,375657.8500000187,742.5
2025-08-08,527436.0600000188,12,377406.0600000188,30.0
2025-08-10,527434.8100000188,1,377406.0600000188,28.75
2025-08-11,527325.4600000188,6,377402.9600000188,-77.5
2025-08-12,528691.7800000189,6,378525.5300000189,166.25
2025-08-13,529071.1900000189,5,378914.9400000189,156.25
2025-08-14,529527.4400000189,5,378914.9400000189,612.5
2025-08-15,528685.5700000189,6,378914.3200000189,-228.75
2025-08-17,529113.0700000189,6,378914.3200000189,198.75
2025-08-18,528458.0800000189,8,378913.08000001893,-455.0
2025-08-19,525568.740000019,15,378908.74000001897,-3340.0
2025-08-20,526807.530000019,23,378903.780000019,-2096.25
2025-08-21,523558.780000019,23,378903.780000019,-5345.0
2025-08-22,531968.2900000191,23,381889.54000001913,78.75
2025-08-24,531895.7900000191,2,381889.54000001913,6.25
2025-08-25,531448.3000000191,4,381888.30000001914,-440.0
2025-08-26,532785.1900000192,7,381886.44000001915,898.75
2025-08-27,532833.3600000192,7,382762.1100000192,71.25
2025-08-28,533047.1300000192,2,383010.8800000192,36.25
2025-08-29,532427.1700000193,10,383005.92000001925,-578.75
2025-08-31,532264.6700000193,10,383005.92000001925,-741.25
2025-09-01,532189.6700000193,10,383005.92000001925,-816.25
2025-09-02,531302.8200000193,15,383002.8200000193,-1700.0
2025-09-03,533571.5700000193,15,383002.8200000193,568.75
2025-09-04,535080.4100000194,15,384997.91000001936,82.5
2025-09-05,535044.2200000194,11,385139.2200000194,-95.0
2025-09-07,535649.2200000194,11,385139.2200000194,510.0
2025-09-08,536794.9300000195,11,386504.9300000195,290.0
2025-09-09,537469.9300000195,6,386504.9300000195,965.0
2025-09-10,538258.7400000195,6,387934.99000001955,323.75
2025-09-11,538998.8000000196,6,388930.0500000196,68.75
2025-09-12,538978.8000000196,2,388930.0500000196,48.75
2025-09-14,539016.3000000196,2,388930.0500000196,86.25
2025-09-15,539410.7300000197,3,389173.23000001966,237.5
2025-09-16,539108.8600000197,4,389172.61000001966,-63.75
2025-09-17,540935.1400000197,10,389168.8900000197,1766.25
2025-09-18,541079.6200000198,10,391085.8700000198,-6.25
2025-09-19,541822.1600000198,6,391833.4100000198,-11.25
2025-09-21,541812.1600000198,1,391833.4100000198,-21.25
2025-09-22,542133.4300000198,2,392082.18000001984,51.25
2025-09-23,541920.9500000199,5,392079.70000001986,-158.75
2025-09-24,541923.4700000199,9,392077.2200000199,-153.75
2025-09-25,540140.9900000199,13,392074.7400000199,-1933.75
2025-09-26,542740.9900000199,13,392074.7400000199,666.25
2025-09-28,543910.9900000199,13,392074.7400000199,1836.25
2025-09-29,544319.83000002,13,394306.08000002,13.75
2025-09-30,545172.39000002,8,395302.39000002004,-130.0
2025-10-01,546109.3400000201,4,396048.0900000201,61.25
2025-10-02,546674.3500000201,6,396046.8500000201,627.5
2025-10-03,546553.7800000202,6,396795.03000002017,-241.25
2025-10-05,547066.2800000202,5,396795.03000002017,271.25
2025-10-06,547010.0300000202,5,396795.03000002017,215.0
2025-10-07,547253.8500000202,9,397413.85000002023,-160.0
2025-10-08,548530.7800000203,9,398540.7800000203,-10.0
2025-10-09,548765.8200000203,10,398535.8200000203,230.0
2025-10-10,537080.9600000205,18,399773.46000002045,-12692.5
2025-10-12,547745.9600000205,18,399773.46000002045,-2027.5
2025-10-13,549860.9600000205,18,399773.46000002045,87.5
2025-10-14,551948.5700000206,18,402029.82000002055,-81.25
2025-10-15,552281.1500000206,10,402788.6500000206,-507.5
2025-10-16,550460.6500000207,15,404028.15000002075,-3567.5
2025-10-17,555936.9900000208,15,405905.7400000208,31.25
2025-10-19,556120.7400000208,3,405905.7400000208,215.0
2025-10-20,556505.1500000209,3,406402.65000002086,102.5
2025-10-21,556603.2800000209,3,406402.03000002087,201.25
2025-10-22,557222.0900000209,15,406394.5900000209,827.5
2025-10-23,558980.350000021,15,408881.60000002105,98.75
2025-10-24,559212.8900000211,4,409427.8900000211,-215.0
2025-10-26,560267.8900000211,4,409427.8900000211,840.0
2025-10-27,560603.5600000211,4,410608.5600000211,-5.0
2025-10-28,561049.2200000212,4,410854.22000002116,195.0
2025-10-29,561823.0200000212,6,411600.5200000212,222.5
2025-10-30,562136.8000000212,8,411596.80000002123,540.0
2025-10-31,561399.3200000213,12,411594.32000002125,-195.0
2025-11-02,562254.3200000213,12,411594.32000002125,660.0
2025-11-03,562718.1600000213,12,413533.16000002134,-815.0
2025-11-04,560488.1800000214,10,413530.68000002136,-3042.5
2025-11-05,562500.6800000214,10,413530.68000002136,-1030.0
2025-11-06,558473.2400000214,22,413523.2400000214,-5050.0
2025-11-07,564132.0400000215,32,413517.04000002146,615.0
2025-11-09,570052.0400000215,32,413517.04000002146,6535.0
2025-11-10,572909.1400000217,32,422939.14000002167,-30.0
2025-11-11,573802.3300000217,6,423684.8300000217,117.5
2025-11-12,574227.9700000217,5,423682.97000002174,545.0
2025-11-13,568506.1700000218,20,423673.6700000218,-5167.5
2025-11-14,570260.5500000218,21,423673.0500000218,-3412.5
2025-11-16,572439.3000000218,21,423673.0500000218,-1233.75
2025-11-17,559366.8100000218,23,423671.8100000218,-14305.0
2025-11-18,555500.5900000219,29,423668.09000002185,-18167.5
2025-11-19,573045.5900000219,29,423668.09000002185,-622.5
2025-11-20,567618.9800000221,29,427290.2300000221,-9671.25
2025-11-21,579619.1700000223,26,430526.6700000223,-907.5
2025-11-23,580481.6700000223,10,430526.6700000223,-45.0
2025-11-24,582429.9100000224,10,432392.4100000224,37.5
2025-11-25,583466.2300000224,4,433386.23000002245,80.0
2025-11-26,583759.3900000225,2,433758.1400000225,1.25
2025-11-27,583811.8900000225,2,433758.1400000225,53.75
2025-11-28,584108.7900000225,3,434006.2900000225,102.5
2025-11-30,583377.5400000225,3,434006.2900000225,-628.75
2025-12-01,583561.3000000225,5,434005.0500000225,-443.75
2025-12-02,584941.3500000226,5,434623.85000002256,317.5
2025-12-03,585224.5100000226,5,435249.5100000226,-25.0
2025-12-04,586078.9100000226,7,435246.4100000226,832.5
2025-12-05,586218.9800000227,7,436113.9800000227,105.0
2025-12-07,586612.7300000227,7,436113.9800000227,498.75
2025-12-08,585908.3900000227,14,436109.6400000227,-201.25
2025-12-09,585208.3900000227,14,436109.6400000227,-901.25
2025-12-10,587749.1600000228,17,438605.41000002285,-856.25
2025-12-11,589596.1000000229,7,439474.8500000229,121.25
2025-12-12,588153.030000023,13,439468.03000002296,-1315.0
2025-12-14,589160.530000023,13,439468.03000002296,-307.5
2025-12-15,585536.910000023,13,439435.66000002297,-3898.75
2025-12-16,585605.700000023,21,439430.700000023,-3825.0
2025-12-17,579129.490000023,29,439425.74000002304,-10296.25
2025-12-18,585726.990000023,29,439425.74000002304,-3698.75
2025-12-19,593459.6600000232,29,443064.6600000232,395.0
2025-12-21,593747.1600000232,5,443064.6600000232,682.5
2025-12-22,594279.7000000232,5,444154.70000002324,125.0
2025-12-23,594750.9900000233,3,444777.2400000233,-26.25
2025-12-24,594859.7600000233,3,444899.7600000233,-40.0
2025-12-25,594882.2600000233,3,444899.7600000233,-17.5
2025-12-26,594829.7700000233,5,444898.5200000233,-68.75
2025-12-28,594836.0200000233,5,444898.5200000233,-62.5
2025-12-29,594533.5400000233,9,444896.0400000233,-362.5
2025-12-30,593577.2900000233,9,444896.0400000233,-1318.75
2025-12-31,591031.0800000234,17,444891.08000002336,-3860.0
2026-01-01,593453.5800000234,17,444891.08000002336,-1437.5
2026-01-02,591977.3500000234,21,444888.6000000234,-2911.25
2026-01-04,593132.3500000234,21,444888.6000000234,-1756.25
2026-01-05,597566.8500000235,21,447500.6000000235,66.25
2026-01-06,598597.5500000236,5,448621.30000002356,-23.75
2026-01-07,597870.0800000236,7,448617.5800000236,-747.5
2026-01-08,598274.4700000236,10,448615.7200000236,-341.25
2026-01-09,600039.5500000237,10,450115.8000000237,-76.25
2026-01-11,599667.0500000237,2,450115.8000000237,-448.75
2026-01-12,600227.6800000237,3,450115.1800000237,112.5
2026-01-13,599953.9300000237,3,450115.1800000237,-161.25
2026-01-14,599599.6000000237,12,450109.6000000237,-510.0
2026-01-15,603149.0800000238,12,452676.5800000238,472.5
2026-01-16,602095.3400000238,11,452675.34000002383,-580.0
2026-01-18,598616.5900000238,11,452675.34000002383,-4058.75
2026-01-19,597942.8400000238,11,452675.34000002383,-4732.5
2026-01-20,594762.2800000239,24,452667.2800000239,-7905.0
2026-01-21,605879.930000024,24,455663.68000002403,216.25
2026-01-22,607389.4100000241,7,457154.41000002413,235.0
2026-01-23,606556.9200000241,9,457153.17000002414,-596.25
2026-01-25,606275.6700000241,9,457153.17000002414,-877.5
2026-01-26,608416.9700000242,9,458271.9700000242,145.0
2026-01-27,608545.7300000242,1,458395.7300000242,150.0
2026-01-28,608651.4000000242,8,458517.65000002424,133.75
2026-01-29,607461.4400000243,16,458512.6900000243,-1051.25
2026-01-30,607181.4400000243,16,458512.6900000243,-1331.25
2026-02-01,602161.4400000243,16,458512.6900000243,-6351.25
2026-02-02,610726.5300000244,16,460510.28000002436,216.25
2026-02-03,610918.4900000244,19,460499.74000002444,418.75
2026-02-04,607297.2500000244,21,460498.50000002445,-3201.25
2026-02-05,593876.0300000245,27,460494.7800000245,-16618.75
2026-02-06,614145.5800000246,27,464245.58000002464,-100.0
2026-02-08,614275.5800000246,2,464245.58000002464,30.0
2026-02-09,614659.9800000247,3,464619.98000002466,40.0
2026-02-10,614506.2900000247,11,464737.5400000247,-231.25
2026-02-11,616363.8800000248,11,466103.8800000248,260.0
2026-02-12,610190.1800000248,17,466097.68000002485,-5907.5
2026-02-13,609892.6900000249,19,466096.44000002486,-6203.75
2026-02-15,611460.1900000249,19,466096.44000002486,-4636.25
2026-02-16,607731.4400000249,19,466096.44000002486,-8365.0
2026-02-17,613680.8300000249,22,466094.5800000249,-2413.75
2026-02-18,618542.240000025,22,468830.990000025,-288.75
2026-02-19,619190.400000025,17,468826.65000002505,363.75
2026-02-20,621751.8000000252,18,471690.5500000252,61.25
2026-02-22,621481.8000000252,1,471690.5500000252,-208.75
2026-02-23,621832.4900000253,14,471682.49000002525,150.0
2026-02-24,623974.4700000254,15,473554.47000002535,420.0
2026-02-25,624840.1600000254,5,474947.6600000254,-107.5
2026-02-26,623413.9600000255,12,474941.46000002546,-1527.5
2026-02-27,622244.6000000255,15,474939.6000000255,-2695.0
2026-03-01,618925.8500000255,15,474939.6000000255,-6013.75
2026-03-02,619376.4800000255,16,474938.9800000255,-5562.5
2026-03-03,617479.0200000255,24,474934.0200000255,-7455.0
2026-03-04,627834.7800000256,24,477932.28000002564,-97.5
2026-03-05,629929.8400000257,15,477924.8400000257,2005.0
2026-03-06,622011.7200000257,16,477924.2200000257,-5912.5
2026-03-08,611611.7200000257,16,477924.2200000257,-16312.5
2026-03-09,630084.3700000258,21,480535.62000002584,-451.25
2026-03-10,631857.5800000259,7,481527.5800000259,330.0
2026-03-11,627493.860000026,11,481523.86000002595,-4030.0
2026-03-12,627081.400000026,19,481518.900000026,-4437.5
2026-03-13,618625.820000026,28,481513.320000026,-12887.5
2026-03-15,625310.820000026,28,481513.320000026,-6202.5
2026-03-16,626431.100000026,28,481443.60000002605,-5012.5
2026-03-17,635471.2800000262,28,484948.7800000262,522.5
2026-03-18,629148.8300000263,18,484942.58000002627,-5793.75
2026-03-19,628413.8400000263,20,484941.3400000263,-6527.5
2026-03-20,621166.4000000263,32,484933.90000002633,-13767.5
2026-03-22,610966.4000000263,32,484933.90000002633,-23967.5
2026-03-23,636266.6100000265,32,488940.3600000265,-2673.75
2026-03-24,639646.6300000265,14,488937.88000002655,708.75
2026-03-25,640551.7200000266,14,490685.47000002663,-133.75
2026-03-26,638384.3100000267,22,490674.3100000267,-2290.0
2026-03-27,619740.6100000268,32,490668.11000002676,-20927.5
2026-03-29,621540.6100000268,32,490668.11000002676,-19127.5
2026-03-30,627100.6100000268,32,490668.11000002676,-13567.5
2026-03-31,645108.930000027,32,494927.68000002694,181.25
2026-04-01,643050.870000027,6,495740.870000027,-2690.0
2026-04-02,647290.9800000271,10,496980.9800000271,310.0
2026-04-03,646920.9800000271,8,496980.9800000271,-60.0
2026-04-05,647260.9800000271,8,496980.9800000271,280.0
2026-04-06,647786.7000000272,8,498219.2000000272,-432.5
2026-04-07,652368.7500000274,13,500705.00000002736,1663.75
2026-04-08,652570.6700000274,7,502503.1700000274,67.5
2026-04-09,653780.1200000275,7,503626.37000002747,153.75
2026-04-10,653789.5000000275,5,503625.7500000275,163.75
2026-04-12,652245.7500000275,5,503625.7500000275,-1380.0
2026-04-13,654855.8200000275,8,504745.82000002754,110.0
2026-04-14,655372.7300000276,2,505166.4800000276,206.25
2026-04-15,656235.9300000276,4,506160.93000002764,75.0
2026-04-16,657102.8900000277,8,506776.6400000277,326.25
2026-04-17,659085.4900000278,8,509050.4900000278,35.0
2026-04-19,657285.4900000278,8,509050.4900000278,-1765.0
2026-04-20,659212.3900000278,13,509047.39000002784,165.0
2026-04-21,658904.3100000279,22,509041.8100000279,-137.5
2026-04-22,661016.320000028,22,511775.070000028,-758.75
2026-04-23,661844.470000028,10,511771.970000028,72.5
2026-04-24,663747.7100000281,10,513642.71000002814,105.0
2026-04-26,663856.4600000281,3,513642.71000002814,213.75
2026-04-27,664070.8400000281,4,513642.09000002814,428.75
2026-04-28,664186.4900000282,9,513638.99000002816,547.5
2026-04-29,665182.2100000283,13,515260.96000002825,-78.75
2026-04-30,666350.4100000283,4,516255.4100000283,95.0
2026-05-01,665149.2300000284,11,516496.7300000284,-1347.5
2026-05-03,666180.4800000284,11,516496.7300000284,-316.25
2026-05-04,664962.3800000284,16,516493.6300000284,-1531.25
2026-05-05,668904.3500000285,16,518490.6000000285,413.75
2026-05-06,669548.1400000285,3,519494.39000002854,53.75
2026-05-07,669748.8300000286,12,519611.3300000286,137.5
2026-05-08,671270.7900000287,12,521228.2900000287,42.5
2026-05-10,671135.7900000287,3,521228.2900000287,-92.5
2026-05-11,671357.7000000287,4,521600.2000000287,-242.5
2026-05-12,673078.4300000288,11,522969.6800000288,108.75
2026-05-13,673852.2400000289,5,523843.49000002886,8.75
2026-05-14,674158.5400000289,3,524339.7900000289,-181.25
2026-05-15,672772.9300000289,6,524337.9300000289,-1565.0
2026-05-17,671820.4300000289,6,524337.9300000289,-2517.5
2026-05-18,673311.710000029,12,524334.210000029,-1022.5
2026-05-19,670498.600000029,15,524332.350000029,-3833.75
2026-05-20,676460.5800000291,15,526204.3300000291,256.25
2026-05-21,678103.1800000292,8,527443.1800000292,660.0
2026-05-22,678102.6700000293,9,528837.6700000293,-735.0
2026-05-24,681342.6700000293,9,528837.6700000293,2505.0
2026-05-25,680645.1700000293,9,528837.6700000293,1807.5
2026-05-26,680593.9900000293,9,530321.4900000293,272.5
2026-05-27,681306.5000000293,7,530320.2500000293,986.25
