event,family,n,per_day,p_1_1,ev_1_1,unres_1_1,p_2_2,ev_2_2,unres_2_2,p_3_2,ev_3_2,unres_3_2,p_3_3,ev_3_3,unres_3_3,p_5_3,ev_5_3,unres_5_3,p_5_5,ev_5_5,unres_5_5,ret1,evt1,ret2,evt2,ret3,evt3,ret5,evt5,ret10,evt10,ret15,evt15,ret30,evt30,ret60,evt60,mfe30,mae30,t_mfe_med,t_target2_med,p_target2,s19_21_n,s19_21_p2_2,s19_21_ret10,s22_n,s22_p2_2,s22_ret10,s23p_n,s23p_p2_2,s23p_ret10,y2019_n,y2019_ret10,y2019_p2_2,y2020_n,y2020_ret10,y2020_p2_2,y2021_n,y2021_ret10,y2021_p2_2,y2022_n,y2022_ret10,y2022_p2_2,y2023_n,y2023_ret10,y2023_p2_2,y2024_n,y2024_ret10,y2024_p2_2,y2025_n,y2025_ret10,y2025_p2_2,y2026_n,y2026_ret10,y2026_p2_2,tf,x,var,N,L,I,orn,q,depth,kmult,level,W,k,lift_p_1_1,lift_p_2_2,lift_p_3_2,lift_p_3_3,lift_p_5_3,lift_p_5_5,lift_ret1,lift_ret2,lift_ret3,lift_ret5,lift_ret10,lift_ret15,lift_ret30,lift_ret60,years_pos_ret10,years_pos_lift_ret10,best_ev_bracket,best_ev_time
BASELINE_all_bars,BASE,710296,400.6181613085166,0.27643665340445417,-0.8760175298399779,0.002841069075427709,0.3959531717227054,-0.815199020178502,0.013166341919425142,0.32007741255275196,-0.8175935840980522,0.017201279466588577,0.4354578820159341,-0.7763882374004121,0.02491074143737259,0.32600670503403667,-0.8084446834691972,0.036652325227792354,0.4657060760628276,-0.7245127203560171,0.060731019180735916,-0.002162478741257166,-0.7501624787412572,0.0005240772860891798,-0.7474759227139108,0.0026551713917543963,-0.7453448286082456,0.0071995256582838875,-0.740800474341716,0.020613780541062356,-0.7273862194589377,0.03502379784851734,-0.7129762021514827,0.06865739640581886,-0.6793426035941812,0.14029575621919205,-0.607704243780808,6.47011034836181,6.768763304312568,14.0,5.0,0.885688501695068,267562,0.40282941560313823,0.017617142508447686,100933,0.38574523959300644,-0.04253474854687895,341801,0.3936098598190429,0.04160783318656059,66611,0.012401378782075832,0.4040268663154327,100220,0.0029553415061295972,0.3955339376520009,100731,0.03565314288608621,0.40936592449177156,100933,-0.04253474854687895,0.38574523959300644,100388,0.06181139976419889,0.4073295344892383,101016,-0.006227272727272727,0.39837741229391327,100097,0.04337033752306391,0.38112187793048513,40300,0.10679746835443038,0.37892920553152115,,,,,,,,,,,,,,0.0,0.0,0.0,0.0,0.0,0.0,0.0,0.0,0.0,0.0,0.0,0.0,0.0,0.0,6,0,-0.7245127203560171,-0.607704243780808
B1_tf1_body0.8,B1,54035,30.47659334461365,0.26342782025883615,-0.9052874044176187,0.0004441565651892292,0.3925551487669349,-0.8296406177405266,0.004182474322198575,0.31786771964461996,-0.8291944718657451,0.006403257148144721,0.4354249761249368,-0.7765938992191448,0.01169612288331637,0.32768703749266614,-0.7945819406855041,0.022170815212362357,0.4653950000971232,-0.7277012490044872,0.047265661145553806,0.022383640233182196,-0.7256163597668178,0.006741001202924031,-0.7412589987970759,0.0029586072784517086,-0.7450413927215482,-0.0003662833827893175,-0.7483662833827893,-0.026984407561774337,-0.7749844075617743,-0.002551498127340824,-0.7505514981273408,0.07266376320353145,-0.6753362367964686,0.1685122150889741,-0.5794877849110259,6.647668178032757,6.938655501064125,14.0,4.0,0.8944572961969094,20501,0.3984171459470088,-0.05708709740769835,7492,0.3909030100334448,-0.08243787777031565,26042,0.38844215305297985,0.012581466198758244,5065,-0.04429876837504966,0.3893574297188755,7480,-0.13063973063973064,0.39608211458473097,7956,0.0038247566063977748,0.4063211125158028,7492,-0.08243787777031565,0.3909030100334448,7873,-0.022344766033405586,0.39645724480693256,7464,-0.05353779930051116,0.4018528464017186,7783,0.09312145435791645,0.37546611804037544,2922,0.06116287094547964,0.3672490578965399,1.0,0.8,,,,,,,,,,,,-0.013008833145618015,-0.0033980229557704633,-0.0022096929081319994,-3.2905890997303455e-05,0.0016803324586294743,-0.0003110759657043993,0.02454611897443936,0.006216923916834851,0.00030343588669731227,-0.007565809041073205,-0.0475981881028367,-0.03757529597585817,0.004006366797712588,0.028216458869782052,3,1,-0.7277012490044872,-0.5794877849110259
B1_tf1_body1.2,B1,17161,9.679075014100395,0.25016028443201027,-0.9351393600279767,0.00023308664996212343,0.38745905474964903,-0.8512990173139916,0.0037876580618845055,0.3142890661661192,-0.8479824026278743,0.006584697861429987,0.4340669066021594,-0.7850818337365038,0.01235359244799254,0.32873686723973256,-0.785920845272206,0.02383310995862712,0.4687557603686636,-0.6932534562211978,0.05162869296661034,0.016112114678631783,-0.7318878853213682,0.015369150981877513,-0.7326308490181225,0.02229800629590766,-0.7257019937040923,-0.0029459806323649516,-0.750945980632365,-0.007580183443360402,-0.7555801834433604,0.003295668549905838,-0.7447043314500942,0.07237795275590551,-0.6756220472440945,0.20251136833402233,-0.5454886316659777,6.963857001340248,7.198415010780257,14.0,4.0,0.8966260707417982,6652,0.39963641872443567,0.031061519903498192,2402,0.3757297748123436,-0.16182615963226077,8107,0.3810053106088675,0.006364310430054375,1666,0.11583533653846154,0.3849449204406365,2373,-0.06831641285956007,0.4059991550485847,2613,0.06710829493087557,0.40307692307692305,2402,-0.16182615963226077,0.3757297748123436,2453,0.0620661494487546,0.4022049816251531,2327,-0.40339931153184166,0.3891519586741283,2403,0.28075479566305256,0.3685964181591004,924,0.1777958740499457,0.3365800865800866,1.0,1.2,,,,,,,,,,,,-0.026276368972443898,-0.008494116973056354,-0.005788346386632781,-0.0013909754137746977,0.002730162205695885,0.00304968430583602,0.01827459341988895,0.014845073695788333,0.019642834904153264,-0.010145506290648839,-0.028193963984422758,-0.031728129298611504,0.003720556350086654,0.06221561211483029,5,5,-0.6932534562211978,-0.5454886316659777
B1_tf1_body1.2_vol,B1,7424,4.187253243090806,0.23508015627104945,-0.9690696483901389,0.00013469827586206896,0.3782502708559047,-0.8904363488624052,0.005387931034482759,0.3050224581461821,-0.8966320947325438,0.010371767241379311,0.42533003300330036,-0.8396872937293729,0.020474137931034482,0.3226077224398433,-0.8364862898712924,0.037176724137931036,0.4688639346653055,-0.6921446696806186,0.07637392241379311,0.0034348060344827585,-0.7445651939655172,0.006431842672413793,-0.7415681573275862,0.04606681034482758,-0.7019331896551724,-0.012124477973865014,-0.7601244779738651,-0.03442004580358346,-0.7824200458035835,-0.049087069082981334,-0.7970870690829813,0.10761512134411948,-0.6403848786558806,0.23043254376931,-0.51756745623069,6.870319234913793,7.047110721982759,13.0,4.0,0.8795797413793104,3047,0.38971807628524047,0.0914013784049885,1087,0.3631336405529954,-0.1920423183072677,3290,0.37271619975639464,-0.09889024019458802,818,0.1980440097799511,0.37641154328732745,1105,0.03597285067873303,0.3927272727272727,1124,0.06828291814946619,0.3962432915921288,1087,-0.1920423183072677,0.3631336405529954,1065,-0.05868544600938967,0.3926553672316384,942,-0.6441082802547771,0.3829787234042553,909,0.11331133113311331,0.3656387665198238,374,0.646112600536193,0.3074866310160428,1.0,1.2,vol,,,,,,,,,,,-0.041356497133404724,-0.017702900866800708,-0.015054954406569843,-0.01012784901263375,-0.003398982594193356,0.0031578586024779143,0.005597284775739925,0.0059077653863246135,0.043411638953073185,-0.019324003632148902,-0.05503382634464582,-0.08411086693149868,0.03895772493830062,0.09013678755011795,5,5,-0.6921446696806186,-0.51756745623069
B1_tf1_body1.2_vwap,B1,11413,6.437112239142696,0.24785276073619633,-0.9403312883435583,0.0002628581442215018,0.3881555790214713,-0.8483387891587472,0.004293349688951196,0.31588240487331154,-0.8396173744151143,0.007535266801016385,0.4372944627144254,-0.7649096080348414,0.014194339787961098,0.332312404287902,-0.7564226646248087,0.027337246999036186,0.475300027909573,-0.6261747139268772,0.05817926925435907,0.01169718741785683,-0.7363028125821431,0.010645754840970823,-0.7373542451590291,0.024910174393129435,-0.7230898256068705,0.025697246097175934,-0.7223027539028241,0.03304496750395222,-0.7149550324960477,0.05501768346595933,-0.6929823165340407,0.180560818491853,-0.567439181508147,0.3626517802016876,-0.3853482197983124,6.744589503198108,6.916564444055025,14.0,4.0,0.8933672128274774,4523,0.3958519179304193,0.04467849223946785,1484,0.3852901484480432,-0.043243243243243246,5406,0.3825490922563913,0.04424573758339511,1152,0.04456521739130435,0.3799822852081488,1629,-0.029593094944512947,0.3974121996303142,1742,0.11406789413118527,0.40473441108545033,1484,-0.043243243243243246,0.3852901484480432,1638,0.10788508557457213,0.40305810397553515,1509,-0.3295152722443559,0.3804780876494024,1623,0.1063928350833848,0.3750771128932758,636,0.6082677165354331,0.35377358490566035,1.0,1.2,vwap,,,,,,,,,,,-0.028583892668257838,-0.007797592701234091,-0.004195007679440421,0.001836580698491297,0.006305699253865316,0.009593951846745385,0.013859666159113996,0.010121677554881643,0.022255003001375038,0.018497720438892046,0.012431186962889865,0.01999388561744199,0.11190342208603413,0.22235602398249554,5,5,-0.6261747139268772,-0.3853482197983124
B1_tf1_body1.2_trend,B1,9687,5.4636209813874785,0.24914816726897263,-0.9374166236448116,0.00020646226902033653,0.3859630935102633,-0.8576568525813809,0.004232476514916899,0.31185031185031187,-0.8607858627858628,0.006916486012181274,0.43556997801737674,-0.7756876373913955,0.013832972024362547,0.3312811803417896,-0.7649302621802354,0.02745948177970476,0.47501921598770175,-0.6290530361260569,0.0598740580158976,0.005316403427273666,-0.7426835965727263,0.011587694848766388,-0.7364123051512337,0.0026587506453278264,-0.7453412493546722,0.016270661157024795,-0.7317293388429752,0.017642798013245035,-0.730357201986755,0.02433051995415234,-0.7236694800458476,0.08235427022141889,-0.6656457297785812,0.20539354998146547,-0.5426064500185346,6.5454991225353565,6.733457210694746,14.0,4.0,0.8898523794776505,3843,0.3978494623655914,0.07902973395931143,1301,0.3697996918335901,-0.1381172839506173,4543,0.38059536934950383,0.010255844728716365,946,0.12817124735729388,0.3870967741935484,1417,-0.01099290780141844,0.39475549255846915,1480,0.13345737483085252,0.4076086956521739,1301,-0.1381172839506173,0.3697996918335901,1403,0.020535714285714286,0.4007142857142857,1270,-0.19696372239747634,0.3812154696132597,1347,-0.05357142857142857,0.3747211895910781,523,0.6503831417624522,0.3403441682600382,1.0,1.2,trend,,,,,,,,,,,-0.027288486135481543,-0.009990078212442077,-0.008227100702440093,0.00011209600144262977,0.005274475307752935,0.009313139924874148,0.007478882168530833,0.011063617562677208,3.5792535734301308e-06,0.009071135498740907,-0.0029709825278173216,-0.010693277894365003,0.01369687381560003,0.06509779376227343,4,3,-0.6290530361260569,-0.5426064500185346
B1_tf1_body1.8,B1,2727,1.5380710659898478,0.22552255225522552,-0.9905742574257426,0.0,0.38240706661759294,-0.87276996687523,0.003667033370003667,0.30616008852821835,-0.8906595352268538,0.005867253392005867,0.42830540037243947,-0.8210912476722534,0.015401540154015401,0.3303235515425132,-0.7728306997742662,0.025302530253025302,0.4690781796966161,-0.689948658109685,0.05720572057205721,0.0033003300330033004,-0.7446996699669968,0.05124679134580125,-0.6967532086541988,0.1398973230656399,-0.60810267693436,0.1493577981651376,-0.5986422018348624,0.03528114663726571,-0.7127188533627342,-0.03770794824399261,-0.7857079482439926,0.3497942386831276,-0.3982057613168724,0.5380626654898499,-0.20993733451015006,8.226806013934727,8.22048038137147,13.0,3.0,0.894022735606894,1101,0.3873626373626374,-0.09022727272727273,400,0.4025,0.041979949874686714,1226,0.37142857142857144,0.14607201309328968,294,0.2363481228668942,0.34494773519163763,369,-0.22628726287262874,0.4010840108401084,438,-0.19406392694063926,0.4036697247706422,400,0.041979949874686714,0.4025,368,-0.06607629427792916,0.3923705722070845,326,-0.4376923076923077,0.3803680981595092,350,0.7120343839541547,0.37142857142857144,182,0.5331491712707183,0.3131868131868132,1.0,1.8,,,,,,,,,,,,-0.05091410114922865,-0.01354610510511245,-0.013917324024533606,-0.007152481643494635,0.004316846508476524,0.0033721036337884813,0.005462808774260466,0.05072271405971207,0.1372421516738855,0.14215827250685373,0.014667366096203355,-0.07273174609250996,0.28113684227730873,0.3977669092706579,4,4,-0.689948658109685,-0.20993733451015006
B1_tf3_body0.8,B1,17810,10.045121263395375,0.24535190698196932,-0.9459582092905691,0.0003930376193149916,0.38106796116504854,-0.8784611650485438,0.00527793374508703,0.31022765885151204,-0.8693047910295617,0.00853453116226839,0.42619210586356376,-0.8342993383527264,0.015609208309938238,0.322608595194085,-0.8364790896487986,0.027961819202695117,0.4644045638222011,-0.7378532208224391,0.055137563166760245,-0.029927007299270073,-0.7779270072992701,-0.05808534531162268,-0.8060853453116227,-0.056850084222347,-0.8048500842223469,-0.07870110161870504,-0.826701101618705,-0.08747671990518652,-0.8354767199051865,-0.048438830542151576,-0.7964388305421516,0.06218474627772713,-0.6858152537222728,0.19589489870963428,-0.5521051012903657,6.764907355418305,7.0903846153846155,14.0,4.0,0.8889949466591802,6895,0.38178890352803396,-0.1245442613387779,2611,0.3625910310463779,-0.18735565819861433,8304,0.3862977283711938,-0.025320667957405615,1627,-0.023022249690976514,0.3886792452830189,2598,-0.23935346496322107,0.3776061776061776,2670,-0.07473644578313253,0.3817427385892116,2611,-0.18735565819861433,0.3625910310463779,2474,-0.06772948822095858,0.403580146460537,2371,-0.2117497886728656,0.39137785291631444,2481,0.25192619626926194,0.37762520193861066,978,-0.16778350515463916,0.3524590163934426,3.0,0.8,,,,,,,,,,,,-0.03108474642248485,-0.014885210557656847,-0.009849753701239916,-0.009265776152370342,-0.0033981098399516463,-0.0013015122406265234,-0.027764528558012907,-0.05860942259771186,-0.059505255614101395,-0.08590062727698893,-0.10809050044624888,-0.08346262839066892,-0.006472650128091728,0.05559914249044223,1,1,-0.7378532208224391,-0.5521051012903657
B1_tf3_body1.2,B1,5586,3.1505922165820643,0.2297224709042077,-0.9811244404655326,0.00017901897601145723,0.37023038156947446,-0.9245208783297335,0.0053705692803437165,0.30606717226435537,-0.8911473456121344,0.008592910848549946,0.42953509571558796,-0.8134056517775754,0.01808091657715718,0.33148456276576077,-0.7632523571824736,0.03168635875402793,0.4742268041237113,-0.6371752577319587,0.06229860365198711,-0.05795739348370927,-0.8059573934837093,-0.07845506623702113,-0.8264550662370211,-0.07500895094880057,-0.8230089509488006,-0.07454333810888251,-0.8225433381088825,-0.03597089994611101,-0.783970899946111,0.008821932681867536,-0.7391780673181325,0.16172926290419762,-0.5862707370958024,0.5051586421122698,-0.2428413578877302,7.33843537414966,7.440565699964196,14.0,4.0,0.8793412101682778,2181,0.37546296296296294,-0.2672493100275989,859,0.34032634032634035,-0.26456876456876455,2546,0.375886524822695,0.23974358974358975,498,0.11217303822937626,0.4004149377593361,809,-0.5527950310559007,0.37794299876084264,874,-0.21989678899082568,0.3593570608495982,859,-0.26456876456876455,0.34032634032634035,725,0.04944674965421853,0.3800277392510402,734,0.0860655737704918,0.3967168262653899,772,0.6580834419817471,0.377431906614786,315,0.013578274760383386,0.3142857142857143,3.0,1.2,,,,,,,,,,,,-0.046714182500246476,-0.025722790153230923,-0.014010240288396592,-0.00592278630034615,0.005477857731724101,0.00852072806088372,-0.0557949147424521,-0.0789791435231103,-0.07766412234055496,-0.0817428637671664,-0.05658468048717337,-0.026201865166649806,0.09307186649837876,0.36486288589307775,5,3,-0.6371752577319587,-0.2428413578877302
B1_tf3_body1.2_vol,B1,2409,1.3587140439932317,0.22300664451827243,-0.996235049833887,0.00041511000415110004,0.36539269214615705,-0.9450810583788326,0.011623080116230802,0.3011844331641286,-0.916781725888325,0.0186799501867995,0.4241379310344828,-0.8471379310344824,0.0369447903694479,0.32788334069818825,-0.792962439239947,0.06060606060606061,0.47333956969130025,-0.646269410664172,0.11249481112494811,-0.08644665836446658,-0.8344466583644665,-0.11249481112494811,-0.8604948111249481,-0.08115400581154006,-0.8291540058115401,-0.12904900332225913,-0.8770490033222591,-0.11169991687448047,-0.8596999168744804,-0.11185044359949303,-0.859850443599493,0.09973262032085561,-0.6482673796791444,0.44269870609981515,-0.30530129390018484,7.280095475300954,7.397156496471565,12.0,3.0,0.8472395184723952,999,0.3953013278855976,-0.15465465465465467,361,0.3416666666666667,0.1481994459833795,1049,0.345489443378119,-0.16037284894837475,272,0.4071691176470588,0.42023346303501946,349,-0.3961318051575931,0.3861671469740634,378,-0.335978835978836,0.38666666666666666,361,0.1481994459833795,0.3416666666666667,321,-0.22975077881619937,0.33753943217665616,315,-0.2269108280254777,0.3706070287539936,282,-0.012455516014234875,0.33807829181494664,131,-0.14807692307692308,0.32061068702290074,3.0,1.2,vol,,,,,,,,,,,-0.05343000888618174,-0.03056047957654834,-0.018892979388623388,-0.011319950981451332,0.0018766356641515824,0.007633493628472654,-0.08428417962320942,-0.11301888841103729,-0.08380917720329445,-0.13624852898054302,-0.13231369741554283,-0.14687424144801037,0.031075223915036754,0.3024029498806231,2,2,-0.646269410664172,-0.30530129390018484
B1_tf3_body1.2_vwap,B1,4233,2.3874788494077834,0.23369565217391305,-0.9721847826086956,0.00023623907394283014,0.37390064178749705,-0.9089222724031376,0.006142215922513584,0.3113815318539728,-0.8632469577666426,0.009922041105598866,0.4356746319092445,-0.7750335505672221,0.021261516654854713,0.34321411073003427,-0.6664835864772172,0.03567210016536735,0.4811344644213725,-0.566371739680932,0.06709189699976376,-0.06697377746279234,-0.8149737774627923,-0.07412000944956296,-0.822120009449563,-0.044708244743680604,-0.7927082447436806,-0.04732923658709525,-0.7953292365870952,0.008412322274881517,-0.7395876777251185,0.10307802433786686,-0.6449219756621332,0.37476734910927945,-0.37323265089072055,0.6076439637532886,-0.14035603624671145,7.303626269785022,7.260276399716513,14.0,4.0,0.8769194424757855,1671,0.38158691701998787,-0.11959783913565426,633,0.3412322274881517,-0.2673775671406003,1929,0.3780551222048882,0.21030713170223841,387,0.27583979328165376,0.41935483870967744,605,-0.31146179401993357,0.3880597014925373,679,-0.17503692762186115,0.35502958579881655,633,-0.2673775671406003,0.3412322274881517,563,-0.01912811387900356,0.3892857142857143,531,0.09829867674858223,0.3939393939393939,585,0.6239242685025818,0.37606837606837606,250,0.001004016064257028,0.324,3.0,1.2,vwap,,,,,,,,,,,-0.042741001230541115,-0.022052529935208343,-0.008695880698779135,0.0002167498933103862,0.017207405695997602,0.015428388358544876,-0.06481129872153518,-0.07464408673565213,-0.047363416135435,-0.05452876224537914,-0.01220145826618084,0.06805422648934953,0.3061099527034606,0.4673482075340965,4,3,-0.566371739680932,-0.14035603624671145
B1_tf3_body1.2_trend,B1,3695,2.084038353073886,0.2313937753721245,-0.97736400541272,0.0,0.3722448979591837,-0.9159591836734693,0.005412719891745603,0.3059048660470202,-0.8919994532531437,0.010013531799729363,0.43193137797454345,-0.7984288876591032,0.02192151556156969,0.33969679955081417,-0.695501403705783,0.03599458728010826,0.48542274052478135,-0.5224169096209914,0.07171853856562922,-0.06813261163734777,-0.8161326116373477,-0.02564276048714479,-0.7736427604871448,-0.0011502029769959404,-0.749150202976996,0.045762252910912536,-0.7022377470890875,0.02017663043478261,-0.7278233695652174,0.0989041095890411,-0.6490958904109589,0.34431184128952264,-0.40368815871047736,0.707140393239048,-0.040859606760952016,7.040121786197564,6.968064952638701,13.0,4.0,0.869553450608931,1459,0.3839223839223839,0.048864418444597386,581,0.3476764199655766,-0.21724137931034482,1655,0.3706844336765597,0.07847601700060716,343,0.31505847953216376,0.403030303030303,550,0.018315018315018316,0.39526411657559196,566,-0.0827433628318584,0.3617021276595745,581,-0.21724137931034482,0.3476764199655766,503,0.0249500998003992,0.3884462151394422,492,0.25510204081632654,0.38650306748466257,464,-0.008676789587852495,0.36637931034482757,196,-0.021794871794871794,0.29591836734693877,3.0,1.2,trend,,,,,,,,,,,-0.045042878032329675,-0.023708273763521692,-0.014172546505731742,-0.0035265040413906545,0.013690094516777496,0.019716664461953748,-0.0659701328960906,-0.02616683777323397,-0.003805374368750337,0.038562727252628645,-0.00043715010627974615,0.06388031174052375,0.2756544448837038,0.5668446370198559,4,3,-0.5224169096209914,-0.040859606760952016
B1_tf3_body1.8,B1,878,0.4952058657642414,0.1947608200455581,-1.0597881548974946,0.0,0.3684210526315789,-0.9322105263157895,0.004555808656036446,0.2991944764096663,-0.9272289988492519,0.010250569476082005,0.43859649122807015,-0.7567719298245614,0.02619589977220957,0.35224586288416077,-0.5919716312056738,0.03644646924829157,0.4920440636474908,-0.4545483476132193,0.06947608200455581,-0.04185649202733485,-0.7898564920273349,0.054954441913439636,-0.6930455580865604,0.09083143507972666,-0.6571685649202733,0.08266818700114024,-0.6653318129988597,0.033428571428571426,-0.7145714285714286,-0.0476878612716763,-0.7956878612716763,0.23949864498644988,-0.5085013550135501,0.945369030390738,0.19736903039073805,8.697038724373577,8.456435079726651,12.0,2.0,0.8747152619589977,355,0.39316239316239315,-0.3683098591549296,130,0.3769230769230769,-0.5326923076923077,393,0.3435114503816794,0.5878205128205128,96,1.2239583333333333,0.44086021505376344,122,-1.3975409836065573,0.36885245901639346,137,-0.5675182481751825,0.38235294117647056,130,-0.5326923076923077,0.3769230769230769,116,-0.6012931034482759,0.3706896551724138,105,0.016826923076923076,0.34285714285714286,110,2.761467889908257,0.38181818181818183,62,-0.06147540983606557,0.22580645161290322,3.0,1.8,,,,,,,,,,,,-0.08167583335889608,-0.02753211909112646,-0.020882936143085673,0.0031386092121360454,0.026239157850124095,0.026337987584663214,-0.03969401328607768,0.05443036462735046,0.08817626368797227,0.07546866134285636,0.01281479088750907,-0.08271165912019364,0.17084124858063102,0.8050732741715461,3,3,-0.4545483476132193,0.19736903039073805
B1_tf5_body0.8,B1,10468,5.904117315284828,0.24619944545367625,-0.9440512477292284,0.0008597630875047765,0.3834231805929919,-0.8684514824797843,0.007642338555598013,0.3119319280603365,-0.8603573776832334,0.01203668322506687,0.42931017660259535,-0.8148113962337793,0.020920901795949562,0.3199009900990099,-0.8588168316831681,0.03515475735575086,0.4647815434871376,-0.7339891792568396,0.06419564386702331,-0.03345911348872755,-0.7814591134887275,-0.04714367596484524,-0.7951436759648453,-0.05287542988154375,-0.8008754298815437,-0.09072888803974016,-0.8387288880397401,-0.12556419859790646,-0.8735641985979065,-0.040878673261565315,-0.7888786732615654,0.151370149565945,-0.596629850434055,0.4579536278694198,-0.2900463721305802,6.824966564768819,7.0824656094764995,13.0,4.0,0.8857470385938097,4038,0.3840943301555444,-0.16155954160438465,1541,0.3420026007802341,-0.32270657124268054,4889,0.3959703947368421,-0.033525298231180584,886,-0.011945392491467578,0.39256678281068524,1573,-0.3817049808429119,0.37420178799489145,1579,-0.02565328234544296,0.3893521488133419,1541,-0.32270657124268054,0.3420026007802341,1396,-0.06906474820143885,0.42981186685962375,1494,-0.2715198386012105,0.3689516129032258,1401,0.11316355810616929,0.3939828080229226,598,0.30287648054145516,0.3896321070234114,5.0,0.8,,,,,,,,,,,,-0.030237207950777917,-0.01252999112971348,-0.008145484492415478,-0.006147705413338755,-0.0061057149350267625,-0.0009245325756899736,-0.03129663474747038,-0.04766775325093442,-0.05553060127329815,-0.09792841369802405,-0.14617797913896882,-0.07590247111008266,0.08271275316012613,0.31765787165022774,2,2,-0.7339891792568396,-0.2900463721305802
B1_tf5_body1.2,B1,3260,1.8386914833615342,0.2294478527607362,-0.9817423312883435,0.0,0.3668108776266996,-0.9390537700865267,0.007361963190184049,0.299658066521604,-0.924795150761579,0.013190184049079755,0.42533081285444235,-0.8396824196597352,0.02638036809815951,0.3229734059596283,-0.8334694008330665,0.04263803680981595,0.47086247086247085,-0.6716596736596736,0.07883435582822086,-0.027070552147239264,-0.7750705521472393,-0.00023006134969325153,-0.7482300613496933,0.04785276073619632,-0.7001472392638037,-0.11449386503067485,-0.8624938650306748,-0.22223076923076923,-0.9702307692307692,-0.10665422885572139,-0.8546542288557214,0.5038965639390719,-0.2441034360609281,0.6898221343873517,-0.05817786561264826,7.840030674846626,7.791411042944786,12.0,3.0,0.8742331288343558,1257,0.3682514101531023,-0.3719123505976096,492,0.3340122199592668,-0.6563136456211812,1511,0.37632978723404253,0.044381648936170214,300,-0.22083333333333333,0.3767123287671233,492,-0.7739307535641547,0.37014314928425357,465,-0.04418103448275862,0.36086956521739133,492,-0.6563136456211812,0.3340122199592668,400,-0.22550251256281406,0.3822784810126582,499,-0.5345691382765531,0.3614457831325301,419,0.7073317307692307,0.39712918660287083,193,0.675392670157068,0.35751295336787564,5.0,1.2,,,,,,,,,,,,-0.046988800643717965,-0.029142294096005772,-0.020419346031147978,-0.010127069161491753,-0.0030332990744083577,0.005156394799643249,-0.024908073405982098,-0.0007541386357824313,0.04519758934444192,-0.12169339068895874,-0.2428445497718316,-0.14167802670423874,0.43523916753325304,0.5495263781681596,2,2,-0.6716596736596736,-0.05817786561264826
B1_tf5_body1.2_vol,B1,1583,0.8928369994359842,0.23057485786481363,-0.9792065698041692,0.0,0.36194746957078794,-0.9597232543241512,0.013897662665824383,0.29689521345407505,-0.9393001293661061,0.02337334175615919,0.4209827357237716,-0.8668579017264273,0.04864181933038535,0.31079234972677594,-0.9339631147540985,0.07517372078332281,0.46266471449487556,-0.7556866764275256,0.13708149084017687,0.020372710044219835,-0.7276272899557802,0.02384712571067593,-0.7241528742893241,0.03806064434617814,-0.7099393556538218,-0.16692987997473152,-0.9149298799747315,-0.4570435881238155,-1.2050435881238155,-0.1870967741935484,-0.9350967741935484,0.2625106022052587,-0.4854893977947413,0.5734265734265734,-0.17457342657342656,7.891187618445989,8.101389766266582,10.0,2.5,0.8363866077068857,641,0.37859424920127793,-0.5608424336973479,230,0.32751091703056767,-0.7945652173913044,712,0.358356940509915,-0.25456460674157305,174,-0.22270114942528735,0.39156626506024095,227,-1.0462555066079295,0.35267857142857145,240,-0.346875,0.3940677966101695,230,-0.7945652173913044,0.32751091703056767,205,-0.17804878048780487,0.3582089552238806,243,-1.2181069958847737,0.3512396694214876,181,0.15607734806629833,0.37222222222222223,83,1.4819277108433735,0.3493975903614458,5.0,1.2,vol,,,,,,,,,,,-0.04586179553964054,-0.03400570215191745,-0.023182199098676914,-0.01447514629216251,-0.01521435530726073,-0.003041361567952039,0.022535188785477,0.02332304842458675,0.03540547295442374,-0.1741294056330154,-0.47765736866487785,-0.22212057204206573,0.19385320579943982,0.4331308172073814,2,2,-0.7556866764275256,-0.17457342657342656
B1_tf5_body1.2_vwap,B1,2587,1.4591088550479414,0.23038268264398917,-0.9796389640510244,0.0,0.3699805068226121,-0.9255828460038986,0.008504058755315036,0.3040062843676355,-0.9019670070699137,0.015848473134905297,0.42999601116872754,-0.8105249301954529,0.030923850019327407,0.33144246353322526,-0.7635996758508916,0.04599922690374952,0.48037146475306036,-0.5741924862811312,0.08426749130266718,0.03855817549284886,-0.7094418245071512,0.07151140316969462,-0.6764885968303054,0.11683417085427136,-0.6311658291457286,-0.059528411287205256,-0.8075284112872052,-0.13726250484683986,-0.8852625048468399,-0.0007836990595611285,-0.7487836990595611,0.6729651162790697,-0.07503488372093026,0.8393559488692232,0.09135594886922316,7.848183223811365,7.5630073444143795,12.0,3.0,0.8743718592964824,1001,0.3786802030456853,-0.22047047047047047,385,0.3359375,-0.802734375,1201,0.3737458193979933,0.14590301003344483,246,-0.15040650406504066,0.37815126050420167,387,-0.4838082901554404,0.3932291666666667,368,0.009536784741144414,0.36363636363636365,385,-0.802734375,0.3359375,330,-0.3123100303951368,0.3619631901840491,382,-0.6256544502617801,0.3700787401574803,335,1.1174698795180722,0.3970149253731343,154,0.9493464052287581,0.35714285714285715,5.0,1.2,vwap,,,,,,,,,,,-0.046053970760464996,-0.025972664900093312,-0.016071128185116468,-0.0054618708472065625,0.005435758499188592,0.014665388690232761,0.04072065423410603,0.07098732588360544,0.11417899946251697,-0.06672793694548915,-0.15787628538790222,-0.03580749690807847,0.6043077198732509,0.699060192650031,3,2,-0.5741924862811312,0.09135594886922316
B1_tf5_body1.2_trend,B1,2254,1.2712915961646927,0.23558118899733807,-0.9679423247559894,0.0,0.3690103000447828,-0.9297062248096729,0.009316770186335404,0.3037003610108303,-0.9035731046931409,0.01685891748003549,0.4307339449541284,-0.8059128440366972,0.032830523513753325,0.32835123773937414,-0.7891022886501633,0.05013309671694765,0.47388970229380184,-0.6406305514885313,0.09094942324755989,0.06654835847382432,-0.6814516415261757,0.10780834072759539,-0.6401916592724046,0.17491126885536823,-0.5730887311446318,-0.04026175687666371,-0.7882617568766637,-0.24210409252669038,-0.9901040925266904,-0.11314606741573034,-0.8611460674157303,0.4120662460567823,-0.33593375394321767,0.450352526439483,-0.297647473560517,7.351153504880213,7.384427684117125,11.0,3.0,0.867790594498669,860,0.36997635933806144,-0.22875436554132714,346,0.35942028985507246,-0.85,1048,0.3714011516314779,-0.05220306513409962,206,-0.009708737864077669,0.38190954773869346,339,-0.6553254437869822,0.3601190476190476,315,0.08571428571428572,0.3729903536977492,346,-0.85,0.35942028985507246,304,-0.31435643564356436,0.38,347,-0.45172910662824206,0.36416184971098264,273,0.0824074074074074,0.38235294117647056,124,1.4133064516129032,0.3467741935483871,5.0,1.2,trend,,,,,,,,,,,-0.0408554644071161,-0.026942871677922586,-0.01637705154192165,-0.004723937061805683,0.0023445327053374654,0.00818362623097424,0.06871083721508148,0.10728426344150621,0.17225609746361384,-0.047461282534947594,-0.26271787306775274,-0.1481698652642477,0.34340884965096347,0.31005677022029093,3,3,-0.6406305514885313,-0.297647473560517
B1_tf5_body1.8,B1,562,0.31697687535250985,0.22241992882562278,-0.9975551601423487,0.0,0.36396396396396397,-0.9511531531531531,0.012455516014234875,0.2958257713248639,-0.9449147005444646,0.019572953736654804,0.43202979515828677,-0.7978137802607077,0.04448398576512456,0.3244274809160305,-0.821473282442748,0.06761565836298933,0.48897795591182364,-0.4859759519038074,0.11209964412811388,0.19261565836298933,-0.5553843416370107,0.32829181494661924,-0.41970818505338076,0.35320284697508897,-0.39479715302491103,0.15658362989323843,-0.5914163701067616,-0.2357142857142857,-0.9837142857142858,0.09016393442622951,-0.6578360655737705,0.6321184510250569,-0.11588154897494307,0.6182266009852216,-0.12977339901477836,9.295373665480428,8.951957295373665,10.0,2.0,0.8754448398576512,203,0.4010152284263959,-1.266089108910891,78,0.38461538461538464,-0.30128205128205127,281,0.33214285714285713,0.5258928571428572,47,0.324468085106383,0.37209302325581395,71,-3.782142857142857,0.4225352112676056,85,-0.07352941176470588,0.39759036144578314,78,-0.30128205128205127,0.38461538461538464,82,0.7347560975609756,0.30864197530864196,82,-0.9634146341463414,0.36585365853658536,75,1.195945945945946,0.3466666666666667,42,1.8452380952380953,0.2857142857142857,5.0,1.8,,,,,,,,,,,,-0.05401672457883139,-0.03198920775874142,-0.024251641227888088,-0.003428086857647339,-0.0015792241180061506,0.023271879848996035,0.1947781371042465,0.3277677376605301,0.35054767558333455,0.14938410423495455,-0.25632806625534804,0.05514013657771217,0.563461054619238,0.4779308447660296,4,4,-0.4859759519038074,-0.11588154897494307
B1_tf10_body0.8,B1,5160,2.910321489001692,0.24625850340136055,-0.9439183673469387,0.0029069767441860465,0.3740141955835962,-0.9084396687697159,0.017054263565891473,0.3077991665012899,-0.8820543758682279,0.023449612403100777,0.4279107178765333,-0.8235580132716669,0.03624031007751938,0.32331902718168815,-0.8306180257510729,0.051744186046511625,0.4695981485377656,-0.6846189774879023,0.07887596899224807,-0.08662790697674419,-0.8346279069767442,-0.05591085271317829,-0.8039108527131783,-0.012257751937984496,-0.7602577519379845,0.020251937984496125,-0.7277480620155039,0.05260035594225826,-0.6953996440577417,0.1785643662250346,-0.5694356337749654,0.22007467603777728,-0.5279253239622227,0.6478397296644943,-0.10016027033550567,6.946124031007752,7.065503875968992,13.0,4.0,0.8767441860465116,1961,0.37343096234309625,-0.018717277486910995,751,0.3279785809906292,-0.22173620457604307,2448,0.3887277248238707,0.19405158069883527,425,0.11743341404358354,0.4222222222222222,754,0.11655405405405406,0.37215528781793844,782,-0.22523117569352707,0.34868421052631576,751,-0.22173620457604307,0.3279785809906292,723,-0.07168079096045198,0.43829787234042555,719,0.2301418439716312,0.3672316384180791,726,0.593969144460028,0.3680555555555556,280,-0.24640287769784172,0.37142857142857144,10.0,0.8,,,,,,,,,,,,-0.030178150003093623,-0.021938976139109168,-0.01227824605146205,-0.007547164139400819,-0.0026876778523485245,0.003892072474938002,-0.08446542823548703,-0.05643492999926747,-0.014912923329738892,0.013052412326212237,0.0319865754011959,0.14354056837651727,0.15141727963195842,0.5075439734453022,4,4,-0.6846189774879023,-0.10016027033550567
B1_tf10_body1.2,B1,1772,0.9994359842075579,0.22950819672131148,-0.9816065573770492,0.001693002257336343,0.3552479815455594,-0.9881960784313725,0.02144469525959368,0.2967289719626168,-0.9401728971962616,0.033860045146726865,0.41348448687350836,-0.9137219570405728,0.05417607223476298,0.3113954905545399,-0.9289872029250457,0.07392776523702031,0.48005066497783405,-0.5774806839772009,0.10891647855530474,-0.15363995485327314,-0.9016399548532732,-0.06645033860045146,-0.8144503386004515,-0.07858352144469526,-0.8265835214446953,-0.09424379232505643,-0.8422437923250564,0.05295637198622273,-0.6950436280137773,0.39006888633754305,-0.35793111366245695,0.39642119752236754,-0.35157880247763246,1.4679438543247345,0.7199438543247345,7.903639954853273,7.949633182844244,12.0,3.0,0.8623024830699775,672,0.38390092879256965,0.0026676829268292685,266,0.3007518796992481,-0.21132075471698114,834,0.35036496350364965,0.1784409257003654,148,0.15492957746478872,0.42962962962962964,237,0.2724358974358974,0.4224137931034483,287,-0.3,0.32974910394265233,266,-0.21132075471698114,0.3007518796992481,235,-0.05172413793103448,0.4279475982532751,258,0.1067193675889328,0.3425196850393701,232,0.5033039647577092,0.3,109,0.15825688073394495,0.3119266055045872,10.0,1.2,,,,,,,,,,,,-0.04692845668314269,-0.04070519017714597,-0.023348440590135133,-0.021973395142425745,-0.014611214479496759,0.014344588915006451,-0.15147747611201598,-0.06697441588654064,-0.08123869283644965,-0.10144331798334032,0.03234259144516037,0.3550450884890257,0.3277638011165487,1.3276480981055425,5,5,-0.5774806839772009,0.7199438543247345
B1_tf10_body1.2_vol,B1,1072,0.6046249294980259,0.225444340505145,-0.9907502338634238,0.002798507462686567,0.34299516908212563,-1.0402705314009664,0.03451492537313433,0.29022704837117475,-0.9743079960513327,0.05503731343283582,0.4051020408163265,-0.9661122448979595,0.08582089552238806,0.30031612223393045,-1.0203919915700739,0.11473880597014925,0.4720982142857143,-0.6589933035714284,0.16417910447761194,-0.15205223880597016,-0.9000522388059702,-0.07975746268656717,-0.8277574626865671,-0.08115671641791045,-0.8291567164179104,-0.04967350746268657,-0.7976735074626866,0.06596558317399617,-0.6820344168260039,0.20363288718929254,-0.5443671128107075,0.17639429312581065,-0.5716057068741893,1.4,0.6519999999999999,7.909514925373134,8.298740671641792,11.0,2.0,0.8264925373134329,412,0.38860103626943004,0.08982412060301508,162,0.3148148148148148,-0.043478260869565216,498,0.3162217659137577,0.08264887063655031,98,0.36141304347826086,0.4588235294117647,131,0.23076923076923078,0.40476190476190477,183,-0.15625,0.34285714285714286,162,-0.043478260869565216,0.3148148148148148,146,-0.23958333333333334,0.3971631205673759,151,-0.4486301369863014,0.3129251700680272,134,0.5230769230769231,0.2803030303030303,67,1.078358208955224,0.22388059701492538,10.0,1.2,vol,,,,,,,,,,,-0.05099231289930917,-0.05295800264057976,-0.029850364181577216,-0.030355841199607603,-0.02569058280010622,0.006392138222886701,-0.149889760064713,-0.08028153997265634,-0.08381188780966484,-0.05687303312097046,0.04535180263293381,0.1686090893407752,0.10773689671999179,1.259704243780808,4,4,-0.6589933035714284,0.6519999999999999
B1_tf10_body1.2_vwap,B1,1523,0.8589960518894529,0.2355263157894737,-0.9680657894736842,0.001969796454366382,0.3528225806451613,-0.9985040322580646,0.02298095863427446,0.29836512261580383,-0.9315831062670298,0.03611293499671701,0.4100418410041841,-0.9352384937238492,0.058437294812869335,0.3057733428367783,-0.9753699215965788,0.07879185817465528,0.47512991833704527,-0.6279183370452863,0.11556139198949442,-0.14363099146421537,-0.8916309914642153,-0.11818778726198292,-0.866187787261983,-0.10013131976362442,-0.8481313197636244,-0.17957977675640183,-0.9275797767564018,-0.08694926568758345,-0.8349492656875834,0.2715287049399199,-0.4764712950600801,0.4311797752808989,-0.3168202247191011,1.3281794425087108,0.5801794425087108,7.722751149047932,7.8990479317137225,12.0,3.0,0.8581746552856205,578,0.3953068592057762,-0.050088652482269506,234,0.2905982905982906,-0.2854077253218884,711,0.34,-0.05064194008559201,128,0.22983870967741934,0.4444444444444444,202,0.2198492462311558,0.4416243654822335,248,-0.4170124481327801,0.3333333333333333,234,-0.2854077253218884,0.2905982905982906,210,-0.13581730769230768,0.4146341463414634,207,-0.17857142857142858,0.33004926108374383,195,-0.024869109947643978,0.27979274611398963,99,0.3409090909090909,0.32323232323232326,10.0,1.2,vwap,,,,,,,,,,,-0.040910337614980474,-0.04313059107754408,-0.021712289936948126,-0.02541604101174999,-0.020233362197258353,0.009423842274217664,-0.1414685127229582,-0.1187118645480721,-0.10278649115537881,-0.1867793024146857,-0.1075630462286458,0.23650490709140254,0.36252237887508004,1.1878836862895188,3,3,-0.6279183370452863,0.5801794425087108
B1_tf10_body1.2_trend,B1,1258,0.709531866892273,0.24502784407319014,-0.9466873508353222,0.000794912559618442,0.3602281988590057,-0.9670301548492257,0.0246422893481717,0.29933665008291876,-0.9264825870646766,0.04133545310015898,0.40664961636828645,-0.9564398976982098,0.06756756756756757,0.30499561787905344,-0.9817861524978093,0.09300476947535771,0.48250460405156537,-0.5523278084714549,0.13672496025437203,-0.11208267090620032,-0.8600826709062003,-0.07313195548489666,-0.8211319554848967,-0.014109697933227345,-0.7621096979332274,-0.10751192368839428,-0.8555119236883942,-0.01012965964343598,-0.7581296596434359,0.330226904376013,-0.417773095623987,0.5857289527720739,-0.16227104722792607,1.5054285714285713,0.7574285714285713,7.286764705882353,7.386923688394277,11.0,3.0,0.8457869634340223,482,0.4004329004329004,0.23404255319148937,193,0.30569948186528495,0.0,583,0.34615384615384615,-0.21416083916083917,107,0.5769230769230769,0.45454545454545453,177,0.5502873563218391,0.4476744186046512,198,-0.23828125,0.3298429319371728,193,0.0,0.30569948186528495,173,0.014705882352941176,0.4251497005988024,188,-0.6141304347826086,0.31351351351351353,151,-0.23979591836734693,0.30201342281879195,71,0.3274647887323944,0.3380281690140845,10.0,1.2,trend,,,,,,,,,,,-0.031408809331264026,-0.03572497286369969,-0.020740762469833196,-0.028808265647647657,-0.021011087154983232,0.016798527988737766,-0.10992019216494316,-0.07365603277098584,-0.01676486932498174,-0.11471144934667817,-0.030743440184498337,0.29520310652749565,0.5170715563662551,1.3651328152093793,4,4,-0.5523278084714549,0.7574285714285713
B1_tf10_body1.8,B1,405,0.22842639593908629,0.23703703703703705,-0.9646666666666667,0.0,0.34177215189873417,-1.0454683544303798,0.024691358024691357,0.27461139896373055,-1.0562901554404145,0.04691358024691358,0.41081081081081083,-0.9304324324324322,0.08641975308641975,0.2861111111111111,-1.1375833333333334,0.1111111111111111,0.47058823529411764,-0.6744705882352939,0.16049382716049382,-0.09259259259259259,-0.8405925925925926,-0.0882716049382716,-0.8362716049382716,-0.06049382716049383,-0.8084938271604938,0.1617283950617284,-0.5862716049382716,0.4061712846347607,-0.3418287153652393,1.5081863979848866,0.7601863979848866,1.3897058823529411,0.6417058823529411,2.5736842105263156,1.8256842105263156,9.869135802469136,8.942592592592593,11.0,2.0,0.854320987654321,139,0.35658914728682173,-0.1801470588235294,61,0.3114754098360656,1.6270491803278688,205,0.34146341463414637,0.4325,39,1.2628205128205128,0.38235294117647056,37,-0.5675675675675675,0.2857142857142857,63,-0.8791666666666667,0.38333333333333336,61,1.6270491803278688,0.3114754098360656,55,0.7264150943396226,0.45454545454545453,54,-1.3396226415094339,0.3148148148148148,57,1.2454545454545454,0.2631578947368421,39,1.294871794871795,0.3333333333333333,10.0,1.8,,,,,,,,,,,,-0.03939961636741712,-0.05418101982397122,-0.045466013589021415,-0.024647071205123272,-0.039895593922925576,0.00488215923129004,-0.09043011385133543,-0.08879568222436078,-0.06314899855224822,0.1545288694034445,0.3855575040936984,1.4731626001363693,1.3210484859471223,2.4333884543071234,5,5,-0.6744705882352939,1.8256842105263156
B2_tf1_N2,B2,116786,65.86914833615342,0.25891807975023373,-0.9154343205619742,0.001686846026064768,0.38632177049010197,-0.8561324754170667,0.009907009401811861,0.31283893415241515,-0.8555955956998205,0.013143698731012279,0.4305080893985613,-0.8073244412589919,0.020353467025157126,0.323202614379085,-0.8315784313725489,0.030534481872827222,0.4624416964963662,-0.7579726109122464,0.05272892298734437,-0.011518932063774768,-0.7595189320637747,-0.04544423132909767,-0.7934442313290977,-0.056637004874030346,-0.8046370048740303,-0.06328666810251993,-0.8112866681025199,-0.07942406552234904,-0.827424065522349,-0.04711552832162606,-0.795115528321626,0.05057522612972754,-0.6974247738702725,0.21233031220549017,-0.5356696877945099,6.635442176288254,6.993327539259843,14.0,4.0,0.890714640453479,42233,0.3856207582915657,-0.12478592276334516,17479,0.3726607934588588,-0.19892551394793548,57074,0.3910330074430281,-0.009378005771080474,9345,-0.11675555071832826,0.3820728904454416,16667,-0.2538682649379243,0.3771966906214143,16221,0.003172509109184571,0.3963631819033931,17479,-0.19892551394793548,0.3726607934588588,16547,-0.026666871128013248,0.39930151338766007,16451,-0.06478903736698836,0.39680785758133824,17259,0.03683140904806786,0.3828721235071366,6817,0.049298402746678606,0.3779283925151024,1.0,,,2.0,,,,,,,,,,-0.017518573654220437,-0.00963140123260342,-0.007238478400336812,-0.004949792617372828,-0.0028040906549516853,-0.0032643795664614172,-0.009356453322517602,-0.045968308615186845,-0.05929217626578474,-0.07048619376080381,-0.1000378460634114,-0.08213932617014341,-0.018082170276091318,0.07203455598629813,3,0,-0.7579726109122464,-0.5356696877945099
B2_tf1_N3,B2,97651,55.076706147772136,0.2581564939127581,-0.9171478886962943,0.0015565636808634832,0.3866571537880903,-0.8547070964006163,0.009626117500076805,0.31283519538584426,-0.8556152242243177,0.012821169266059744,0.430237418491891,-0.809016134425681,0.020020276290053353,0.3229645115989314,-0.8335427793088157,0.03014818076619799,0.46210385230662804,-0.7614355138570621,0.05258522698180254,-0.014830877307964075,-0.7628308773079641,-0.05003532989933539,-0.7980353298993353,-0.06061406929961409,-0.8086140692996141,-0.07308370089451338,-0.8210837008945133,-0.09232103601679464,-0.8403210360167946,-0.05866159520031942,-0.8066615952003194,0.04177546411061533,-0.7062245358893846,0.2261439045756183,-0.5218560954243817,6.632835301225794,6.992798332838373,14.0,5.0,0.8901700955443365,35398,0.3840080102989558,-0.14750820049490707,14597,0.3703984558113884,-0.26535592274977343,47656,0.39360846560846563,0.0015196433903510642,7729,-0.10138157894736842,0.3829449152542373,13991,-0.30913528083339403,0.3727789367671391,13678,-0.008378640053623296,0.39616353132869203,14597,-0.26535592274977343,0.3703984558113884,13817,-0.02386722479253874,0.40124679134580127,13631,-0.033354487083768855,0.40182141270546423,14478,0.039668609141332585,0.38360063875581474,5730,0.049360795454545456,0.3811777076761304,1.0,,,3.0,,,,,,,,,,-0.01828015949169609,-0.009296017934615097,-0.007242217166907705,-0.005220463524043095,-0.003042193435105256,-0.003602223756199563,-0.01266839856670691,-0.050559407185424565,-0.06326924069136848,-0.08028322655279727,-0.112934816557857,-0.09368539304883676,-0.026881932295203533,0.08584814835642626,2,0,-0.7614355138570621,-0.5218560954243817
B2_tf1_N4,B2,85364,48.14664410603497,0.2565149541811867,-0.9208413530923301,0.0016048919919403964,0.38557763931092376,-0.8592950329285739,0.009219343048591913,0.31216272312162724,-0.8591457036114569,0.01228855255142683,0.42955441404850075,-0.8132849121968702,0.01937584930415632,0.32258142398416184,-0.836703252130665,0.029590928260156506,0.46204306521551136,-0.7620585815410081,0.05174312356496884,-0.02090752542055199,-0.768907525420552,-0.0558432125954735,-0.8038432125954735,-0.07173300457907714,-0.8197330045790772,-0.08638147890561457,-0.8343814789056145,-0.10577873587175303,-0.853778735871753,-0.06550436015086362,-0.8135043601508636,0.038843391709714,-0.709156608290286,0.2192897614245929,-0.5287102385754071,6.616023733658216,6.978418888524437,14.0,5.0,0.8901644721428237,30996,0.38222904352937337,-0.16923114818707305,12688,0.3686171899777989,-0.25649090471992947,41680,0.3932320642445939,-0.012866751145335803,6736,-0.13020990637269708,0.3769172361427487,12260,-0.3428263035536367,0.37174965138216715,12000,-0.013707350195213037,0.3959652232632734,12688,-0.25649090471992947,0.3686171899777989,12055,-0.03214405923931336,0.4003866845998655,11895,-0.04828161066940241,0.40371406766726026,12711,0.05479670900231648,0.38420803035093265,5019,-0.05414303079416532,0.3743251349730054,1.0,,,4.0,,,,,,,,,,-0.019921699223267475,-0.01037553241178163,-0.007914689431124722,-0.005903467967433351,-0.0034252810498748287,-0.0036630108473162393,-0.018745046679294823,-0.05636728988156268,-0.07438817597083153,-0.09358100456389845,-0.12639251641281538,-0.10052815799938097,-0.02981400469610486,0.07899400520540084,1,1,-0.7620585815410081,-0.5287102385754071
B2_tf1_N4_strong,B2,62856,35.45177664974619,0.2536654554726844,-0.9272527251864602,0.001718213058419244,0.3855915187535138,-0.8592360452975666,0.009561537482499681,0.3122451939346085,-0.8587127318433054,0.012711594756268296,0.43055397750328683,-0.8070376406044575,0.019838997072674048,0.3226520968694625,-0.8361202008269346,0.030355097365406643,0.4615500907075186,-0.7671115702479339,0.0528827796869034,-0.01606847397225404,-0.7640684739722541,-0.05416746213567519,-0.8021674621356751,-0.0733002663434395,-0.8213002663434394,-0.08308240570193001,-0.83108240570193,-0.10424519907459837,-0.8522451990745984,-0.07297630115313729,-0.8209763011531372,0.03094004377864423,-0.7170599562213558,0.18768862476247253,-0.5603113752375275,6.538079101438208,6.9117824869543085,14.0,5.0,0.8885229731449663,23594,0.38239080065219255,-0.16169808878726433,9142,0.36948144886050865,-0.26658134876474515,30120,0.39298868278309784,-0.010119409026512852,5203,-0.1292343841785784,0.37588512981904015,9155,-0.3424239057987114,0.37199341021416804,9236,-0.0006063947078280044,0.3964023253263135,9142,-0.26658134876474515,0.36948144886050865,8810,-0.041076160848023964,0.39887252646111365,8510,-0.06086254336643139,0.4049341715099039,9180,0.15741457480924473,0.3866695852030207,3620,-0.24074333800841516,0.3668885191347754,1.0,,strong,4.0,,,,,,,,,,-0.022771197931769793,-0.010361652969191615,-0.007832218618143483,-0.0049039045126472725,-0.0033546081645741688,-0.004155985355308978,-0.013905995230996875,-0.05469153942176437,-0.07595543773519389,-0.0902819313602139,-0.12485897961566073,-0.10800009900165464,-0.03771735262717463,0.04739286854328048,1,1,-0.7671115702479339,-0.5603113752375275
B2_tf1_N4_rngexp,B2,17678,9.970671178793006,0.25014145071856964,-0.9351817358832183,0.00022626994003846588,0.3871114394499062,-0.8527763823378984,0.004581966285778934,0.3131485916296043,-0.8539698939445776,0.007919447901346306,0.4327182847617405,-0.7935107202391216,0.01589546328770223,0.33084635113079974,-0.768517603170902,0.029528227175019798,0.4707758983928249,-0.6725470414735442,0.060244371535241543,0.00144247086774522,-0.7465575291322548,0.003012218576762077,-0.744987781423238,-0.00721317040054311,-0.7552131704005431,-0.04157233416345936,-0.7895723341634594,-0.05254876389203901,-0.800548763892039,-0.02410898464359386,-0.7721089846435939,0.10259064107389286,-0.6454093589261072,0.37623148467102996,-0.37176851532897004,6.925104649847268,7.042156918203417,14.0,4.0,0.889240864351171,6798,0.3907432131731197,-0.08781890576611119,2693,0.37388392857142855,-0.4270290394638868,8187,0.38846718903036237,0.09985922389521361,1728,-0.025362318840579712,0.3730814639905549,2580,-0.3442240373395566,0.3875728155339806,2490,0.1341046277665996,0.40614886731391586,2693,-0.4270290394638868,0.37388392857142855,2455,-0.025703794369645042,0.3999181334424887,2407,-0.026436303080766027,0.4074074074074074,2314,0.20849588209796271,0.3738641280830809,1011,0.45713577799801786,0.34915924826904055,1.0,,rngexp,4.0,,,,,,,,,,-0.026295202685884533,-0.008841732272799163,-0.006928820923147672,-0.002739597254193593,0.004839646096763073,0.005069822329997309,0.0036049496090023864,0.0024881412906728973,-0.009868341792297506,-0.048771859821743244,-0.07316254443310137,-0.0591327824921112,0.033933244668074,0.2359357284518379,3,3,-0.6725470414735442,-0.37176851532897004
B2_tf1_N4_vol,B2,20420,11.517202481669488,0.24914291311587813,-0.9374284454892743,9.79431929480901e-05,0.3787192118226601,-0.8884433497536945,0.005876591576885406,0.30603661553686295,-0.8913077684314694,0.01028403525954946,0.4284929042574455,-0.8199193483909657,0.01998041136141038,0.32463960063165404,-0.819723294788854,0.038638589618021545,0.4662745721400943,-0.7186856355640334,0.0757590597453477,-0.020678256611165523,-0.7686782566111655,-0.027069049951028403,-0.7750690499510284,-0.039226248775710085,-0.7872262487757101,-0.07569301596630425,-0.8236930159663043,-0.11588292921871172,-0.8638829292187117,-0.05670141474311244,-0.8047014147431124,0.13891724802903976,-0.6090827519709603,0.38813377165254775,-0.35986622834745224,6.360271792360431,6.520151811949069,13.0,4.0,0.8704211557296768,7939,0.3788322096425391,-0.16690815169459494,3093,0.36908619572261825,-0.29922405431619786,9388,0.3818026301721373,-0.012306872669152903,2025,0.005679012345679012,0.37399193548387094,3058,-0.41361256544502617,0.3744666885461109,2856,-0.025297619047619048,0.3869257950530035,3093,-0.29922405431619786,0.36908619572261825,3032,-0.048663807324315404,0.3934153641503159,2791,-0.11487455197132616,0.39533213644524234,2573,0.06733385153517295,0.36239782016348776,992,0.1808779011099899,0.3588709677419355,1.0,,vol,4.0,,,,,,,,,,-0.027293740288576035,-0.01723395990004528,-0.014040797015889006,-0.006964977758488589,-0.001367104402382635,0.0005684960772667225,-0.018515777869908358,-0.027593127237117585,-0.04188142016746448,-0.08289254162458813,-0.13649670975977407,-0.09172521259162977,0.0702598516232209,0.2478380154333557,3,2,-0.7186856355640334,-0.35986622834745224
B2_tf1_N4_vwap,B2,58099,32.7687535250987,0.2552685130893664,-0.9236458455489256,0.0019449560233394724,0.38487596414425684,-0.8622771523869084,0.00920842011050104,0.3121982675985151,-0.8589590951077957,0.01242706414912477,0.4317595210085509,-0.7995029936965565,0.019724952236699428,0.32564744306583593,-0.8114085947068534,0.030327544363930533,0.46734857309260336,-0.7076771258008157,0.05430386065164633,-0.02885591834627102,-0.776855918346271,-0.052079209624950516,-0.8000792096249505,-0.056225419167874144,-0.8042254191678742,-0.059829355670549145,-0.8078293556705491,-0.0696675513339852,-0.8176675513339852,-0.021053603785866334,-0.7690536037858663,0.13935547055453923,-0.6086445294454608,0.39982148587933247,-0.3481785141206675,6.3700666104408,6.68177163118126,14.0,5.0,0.8881736346580836,21449,0.38327509679856453,-0.10490828079821776,8202,0.3672018629734036,-0.2423541743741522,28448,0.39118574414567614,0.006716311551343263,4552,-0.08794951976770159,0.375,8451,-0.2541491280817799,0.3724836212030971,8446,0.035370258880192657,0.3985602879424115,8202,-0.2423541743741522,0.3672018629734036,8244,-0.029390109215854707,0.39901780233271944,8080,-0.06593026183282981,0.3966271080574641,8594,0.1036067892503536,0.385981308411215,3530,0.020851246775580395,0.3733295422234859,1.0,,vwap,4.0,,,,,,,,,,-0.02116814031508779,-0.011077207578448545,-0.00787914495423686,-0.0036983610073831885,-0.0003592619682007414,0.001642497029775758,-0.026693439605013854,-0.052603286911039694,-0.05888059055962854,-0.06702888132883303,-0.09028133187504755,-0.056077401634383676,0.07069807414872037,0.2595257296601404,3,1,-0.7076771258008157,-0.3481785141206675
B2_tf1_N6,B2,69806,39.3716864072194,0.2545764948926891,-0.9252028864914495,0.0014611924476406039,0.3848787817493571,-0.8622651775652324,0.00848064636277684,0.31169847411207235,-0.8615830109116203,0.011417356674211386,0.42975315126050423,-0.8120428046218486,0.018078675185514138,0.3222990607351922,-0.8390327489346643,0.0284646018966851,0.4604149377593361,-0.7787468879668051,0.05058304443744091,-0.020435206142738447,-0.7684352061427384,-0.0562093516316649,-0.8042093516316648,-0.07883270884476794,-0.8268327088447679,-0.09981554335451702,-0.847815543354517,-0.12034951315215811,-0.8683495131521581,-0.07211221363976139,-0.8201122136397614,0.0346721513526838,-0.7133278486473162,0.20687237615449203,-0.5411276238455079,6.583674755751654,6.948217201959717,14.0,5.0,0.8903246139300347,25434,0.3806872414890232,-0.19107428115015976,10418,0.3653827589535669,-0.2689161554192229,33954,0.3939960250363383,-0.021947106056535624,5463,-0.17663195090198996,0.37471952131638,10052,-0.3733966266033734,0.37017403480696137,9919,-0.014110837943044458,0.39467238211879974,10418,-0.2689161554192229,0.3653827589535669,9778,-0.057913259496946486,0.40122115285108145,9700,-0.03979591836734694,0.40384615384615385,10384,0.07282216369134718,0.38364901430228066,4092,-0.13435795736241943,0.3799019607843137,1.0,,,6.0,,,,,,,,,,-0.021860158511765093,-0.011074389973348309,-0.008378938440679606,-0.0057047307554298765,-0.003707644298844459,-0.005291138303491483,-0.01827272740148128,-0.05673342891775408,-0.08148788023652233,-0.1070150690128009,-0.14096329369322047,-0.10713601148827873,-0.03398524505313506,0.06657661993529998,1,1,-0.7787468879668051,-0.5411276238455079
B2_tf1_N8,B2,60329,34.026508742244786,0.2519005411147628,-0.9312237824917837,0.0013757894213396542,0.38322222779142234,-0.8693055318864551,0.007890069452502113,0.3107290671760586,-0.8666723973256925,0.010774254504467172,0.4283256300394723,-0.8209648122532978,0.017354837640272507,0.32152964844682375,-0.8453804003137042,0.027764425069203867,0.45893399420573144,-0.7939265593912526,0.050241177543138456,-0.025791907706078337,-0.7737919077060783,-0.06687911286445988,-0.8148791128644599,-0.0862123376407667,-0.8342123376407667,-0.10974095250795979,-0.8577409525079598,-0.12862382702993067,-0.8766238270299307,-0.0791960173394744,-0.8271960173394743,0.043229027369171794,-0.7047709726308282,0.20874338727244438,-0.5392566127275557,6.5666760596064915,6.92482056722306,14.0,5.0,0.8903180891445241,22038,0.37889908256880733,-0.1981798518109439,8964,0.3635038133692239,-0.2713060164804154,29327,0.39249064763016095,-0.032864092744022355,4696,-0.18142548596112312,0.3734520964588312,8735,-0.38447915456973636,0.3694025555427651,8607,-0.018319981149858625,0.3915393654524089,8964,-0.2713060164804154,0.3635038133692239,8428,-0.050239952009598084,0.40028797696184304,8401,-0.06035834942084942,0.40146335612330575,8950,0.05565600632839869,0.38408963585434175,3548,-0.14981486755909998,0.3741880824625812,1.0,,,8.0,,,,,,,,,,-0.02453611228969138,-0.012730943931283045,-0.009348345376693379,-0.007132251976461779,-0.004477056587212924,-0.006772081857096157,-0.023629428964821172,-0.06740319015054906,-0.0888675090325211,-0.11694047816624367,-0.14923760757099302,-0.11421981518799174,-0.025428369036647067,0.06844763105325233,1,1,-0.7939265593912526,-0.5392566127275557
B2_tf1_N8_strong,B2,44597,25.153412295544275,0.24836645335129673,-0.9391754799595824,0.001390228042244994,0.3829513088295131,-0.8704569374745692,0.008049868825257305,0.3107115323568092,-0.8667644551267517,0.011099401305020518,0.4294486930715672,-0.8139456683027049,0.017759042088032827,0.3215258226796511,-0.8454119628928785,0.028320290602506897,0.4584623383989979,-0.7987610314102718,0.051259053299549294,-0.020993564589546383,-0.7689935645895464,-0.06502679552436262,-0.8130267955243626,-0.0915990651895463,-0.8395990651895463,-0.11016490333641635,-0.8581649033364164,-0.1312854871678401,-0.8792854871678402,-0.09482620443304635,-0.8428262044330463,0.01997686635500506,-0.7280231336449949,0.17191280109393078,-0.5760871989060692,6.504327645357311,6.879610736148171,14.0,5.0,0.8889162948180371,16957,0.3773922375245931,-0.19980862388613121,6533,0.3653579676674365,-0.2920539033457249,21107,0.3928469241773963,-0.02656692082673956,3667,-0.17315148158404875,0.37061769616026713,6625,-0.39880679210647085,0.36650485436893204,6665,-0.016544956640803285,0.3919842113253378,6533,-0.2920539033457249,0.3653579676674365,6150,-0.05753413390360257,0.3986197831087742,5968,-0.09708531611148878,0.4007433688122994,6425,0.17035258932787659,0.38854199188261007,2564,-0.28192747339377217,0.3716295427901524,1.0,,strong,8.0,,,,,,,,,,-0.02807020005315744,-0.013001862893192273,-0.009365880195942755,-0.006009188944366917,-0.004480882354385596,-0.007243737663829686,-0.018831085848289218,-0.0655508728104518,-0.0942542365813007,-0.11736442899470023,-0.15189926770890247,-0.12985000228156368,-0.0486805300508138,0.03161704487473874,1,1,-0.7987610314102718,-0.5760871989060692
B2_tf1_N8_rngexp,B2,13300,7.501410039481105,0.2444344163658243,-0.9480225631768953,0.0003007518796992481,0.3834705749036791,-0.8682500566593638,0.004736842105263158,0.3103448275862069,-0.8686896551724139,0.007894736842105263,0.431125372450149,-0.803466422186569,0.01586466165413534,0.3307763830776383,-0.7690948396094845,0.02962406015037594,0.4697297730735306,-0.6832698259963113,0.062330827067669174,-0.015413533834586466,-0.7634135338345864,-0.00287593984962406,-0.7508759398496241,-0.01646864190103775,-0.7644686419010378,-0.041814009480099314,-0.7898140094800993,-0.04551963222548798,-0.7935196322254879,-0.0038285714285714286,-0.7518285714285714,0.14576178909456403,-0.6022382109054359,0.41224951519069164,-0.33575048480930836,6.781917293233083,6.8503007518797,13.0,4.0,0.8845112781954887,5117,0.38497930218805443,-0.0793005485893417,2059,0.3704965920155794,-0.40834956183057447,6124,0.38657937806873977,0.10464735722467682,1314,-0.10727896341463415,0.36801242236024845,1980,-0.2719320486815416,0.38309716599190285,1823,0.14958791208791208,0.39911553344389167,2059,-0.40834956183057447,0.3704965920155794,1864,-0.024193548387096774,0.40161725067385445,1850,0.107877639415268,0.40443963183540876,1673,0.1288196524865189,0.37223219628964693,737,0.36768707482993196,0.33649932157394846,1.0,,rngexp,8.0,,,,,,,,,,-0.032002237038629866,-0.012482596819026304,-0.009732584966545055,-0.004332509565785125,0.004769678043601622,0.004023697010702987,-0.0132510550933293,-0.0034000171357132397,-0.019123813292792148,-0.049013535138383205,-0.06613341276655034,-0.03885236927708877,0.07710439268874517,0.2719537589714996,4,4,-0.6832698259963113,-0.33575048480930836
B2_tf1_N8_vol,B2,17502,9.87140439932318,0.24622857142857144,-0.9439857142857142,0.00011427265455376528,0.376930585060573,-0.8960450134925648,0.004856587818535024,0.30470866232493804,-0.8982795227940754,0.008627585418809279,0.42719237031867874,-0.8280476855082577,0.01748371614672609,0.32367579097049415,-0.8276747244934233,0.03565306822077477,0.4649301065336536,-0.7324664080300514,0.07216318135070278,-0.028868129356644956,-0.776868129356645,-0.03141069592046623,-0.7794106959204662,-0.03606730659353217,-0.7840673065935322,-0.06041428571428571,-0.8084142857142858,-0.09629121664095092,-0.8442912166409509,-0.026315028901734105,-0.7743150289017341,0.1441526977475118,-0.6038473022524882,0.3664388568087128,-0.3815611431912872,6.256956347845961,6.385170266255285,13.0,5.0,0.8711004456633528,6735,0.37619760479041914,-0.14200326700326701,2648,0.36298258894776686,-0.19977341389728095,8119,0.38208770846201356,-0.02460884563262289,1713,-0.031085814360770576,0.37032640949554896,2600,-0.35244324740284727,0.37808641975308643,2422,0.0053674649050371595,0.3782771535580524,2648,-0.19977341389728095,0.36298258894776686,2644,-0.03897086643965191,0.3968012185833968,2457,-0.11477411477411477,0.3943719412724307,2186,0.019556267154620312,0.36338672768878716,832,0.17148014440433212,0.3485576923076923,1.0,,vol,8.0,,,,,,,,,,-0.030208081975882733,-0.019022586662132412,-0.015368750227813921,-0.008265511697255368,-0.002330914063542522,-0.0007759695291740254,-0.02670565061538779,-0.03193477320655541,-0.038722477985286566,-0.0676138113725696,-0.11690499718201328,-0.06133882675025144,0.07549530134169294,0.22614310058952075,3,1,-0.7324664080300514,-0.3815611431912872
B2_tf1_N8_vwap,B2,43536,24.55499153976311,0.2508742063126898,-0.9335330357964478,0.0015619257625872842,0.38339737950831054,-0.8685611370896802,0.007763689819919147,0.31203269400455114,-0.8598283564761066,0.01079566335905917,0.43098933981671966,-0.8043166261455019,0.017456817346563763,0.32554237368246913,-0.8122754171196294,0.02806872473355384,0.46470545472169045,-0.734769089102673,0.052117787578096285,-0.026770948180815875,-0.7747709481808158,-0.05176750275633958,-0.7997675027563396,-0.05619606489471867,-0.8041960648947186,-0.06199376947040498,-0.809993769470405,-0.0739973541289514,-0.8219973541289514,-0.016574262521346528,-0.7645742625213465,0.1408982168841098,-0.6071017831158902,0.37477221567156177,-0.37322778432843823,6.406646223814774,6.6861390573318635,14.0,5.0,0.8891951488423374,16206,0.3795105506305406,-0.12809452363090773,6191,0.3671913029368814,-0.19760820045558086,21139,0.39111195698720086,0.003592914438502674,3357,-0.1359040144883791,0.3739738522347218,6434,-0.25496141124586547,0.3698780106349703,6415,0.0031575623618566467,0.3921073401736385,6191,-0.19760820045558086,0.3671913029368814,6066,-0.026000996843329457,0.3997005988023952,6043,-0.09732472324723247,0.39556222889556225,6423,0.15894455787655096,0.3856719213360387,2607,-0.07704160246533127,0.37442396313364057,1.0,,vwap,8.0,,,,,,,,,,-0.025562447091764362,-0.012555792214394845,-0.008044718548200824,-0.0044685421992144425,-0.00046433135156753735,-0.0010006213411371534,-0.02460846943955871,-0.05229158004242876,-0.05885123628647307,-0.06919329512868887,-0.09461113467001377,-0.05159806036986387,0.07224082047829095,0.23447645945236972,2,1,-0.734769089102673,-0.37322778432843823
B2_tf1_N12,B2,48655,27.442188381274676,0.2502571698967206,-0.9349213677323787,0.001007090740931045,0.3842062785836972,-0.8651233160192867,0.006823553591614428,0.31156216922981134,-0.8622986115434905,0.009700955708560272,0.4282640934060196,-0.8213494162123776,0.01599013462131333,0.3221673421141506,-0.8401194275582573,0.026287123625526668,0.46186422367227,-0.7638917073592328,0.048771965882232045,-0.02970917685746583,-0.7777091768574659,-0.0711591819956839,-0.8191591819956839,-0.08758620689655172,-0.8355862068965517,-0.10127104655001651,-0.8492710465500165,-0.11816152808055642,-0.8661615280805565,-0.06670924778019768,-0.8147092477801977,0.08553577352648457,-0.6624642264735154,0.2911937306800618,-0.4568062693199382,6.55719864351043,6.857743294625424,14.0,5.0,0.8915424930634056,17803,0.3806228373702422,-0.18287694580161346,7269,0.36169037425769923,-0.2524261749618744,23583,0.39385153285293995,-0.027901498929336188,3715,-0.1412452419793366,0.37462318443409154,7096,-0.3789045785194694,0.36816765788728406,6992,-0.006220164906697526,0.3965018791558254,7269,-0.2524261749618744,0.36169037425769923,6786,-0.045471445568114215,0.4,6717,-0.02839710756251883,0.4001198861081972,7233,0.038107202680067,0.38783428017181654,2847,-0.15235481586402266,0.3798804080196975,1.0,,,12.0,,,,,,,,,,-0.02617948350773358,-0.011746893139008174,-0.008515243322940624,-0.0071937886099144865,-0.003839362919886069,-0.0038418523905576207,-0.027546698116208666,-0.07168325928177308,-0.09024137828830611,-0.10847057220830039,-0.13877530862161877,-0.10173304562871502,0.016878377120665713,0.15089797446086978,1,0,-0.7638917073592328,-0.4568062693199382
B2_tf1_N12_strong,B2,35894,20.24478285391991,0.24617958728388176,-0.944095928611266,0.0009472335209227169,0.3841492495441156,-0.8653656894375085,0.006937092550286956,0.31132686084142397,-0.8635339805825242,0.010001671588566335,0.42972046786938173,-0.812247075816364,0.01629798852175851,0.3220450576818481,-0.841128274124753,0.026773276870786202,0.461455003958596,-0.7680862094243908,0.04989691870507606,-0.02578425363570513,-0.7737842536357051,-0.0700534908341227,-0.8180534908341227,-0.09188272724735565,-0.8398827272473557,-0.10568798612276874,-0.8536879861227687,-0.13037176708974757,-0.8783717670897475,-0.09082333248219707,-0.8388233324821971,0.0516921233902366,-0.6963078766097635,0.23150268219285622,-0.5164973178071438,6.493000222878475,6.826809494623057,14.0,5.0,0.8907895469994985,13635,0.3801659013479485,-0.17510196514645904,5321,0.3653011138380215,-0.2755778704054566,16938,0.3932684316751751,-0.04870304114490161,2874,-0.11871262750615547,0.375929203539823,5369,-0.3691148775894539,0.36657934131736525,5392,-0.011956114028507128,0.3960247515469717,5321,-0.2755778704054566,0.3653011138380215,4938,-0.05654883530854107,0.3975485188968335,4780,-0.07987288135593221,0.4003371260008428,5160,0.07718646057522989,0.3905187487857004,2060,-0.2726161369193154,0.37366375121477163,1.0,,strong,12.0,,,,,,,,,,-0.030257066120572412,-0.011803922178589776,-0.008750551711327992,-0.005737414146552378,-0.003961647352188569,-0.00425107210423159,-0.023621774894447965,-0.07057756812021188,-0.09453789863911004,-0.11288751178105262,-0.15098554763080993,-0.1258471303307144,-0.01696527301558226,0.09120692597366417,1,1,-0.7680862094243908,-0.5164973178071438
B2_tf1_N12_rngexp,B2,11230,6.333897349125776,0.24496704079814716,-0.946824158204169,0.00035618878005342833,0.3862395991768811,-0.8564817034982553,0.004719501335707925,0.31307782066241807,-0.8543414415223052,0.00792520035618878,0.4350737489819926,-0.7787890688625463,0.01593944790739092,0.33207824409955,-0.7583544861787124,0.030365093499554765,0.47395932332256224,-0.6399169359437369,0.06304541406945681,-0.0015138023152270704,-0.749513802315227,0.016295636687444347,-0.7317043633125557,0.003183720723127616,-0.7448162792768724,0.0012473271560940842,-0.7467526728439059,-0.0006247211066488174,-0.7486247211066488,0.030277752727928577,-0.7177222472720715,0.18961580462622854,-0.5583841953737715,0.5195235487404162,-0.22847645125958382,6.696260017809439,6.681500445235975,13.0,4.0,0.8842386464826358,4305,0.3884200656352555,-0.047253258845437615,1724,0.3775450843513671,-0.3226321905868681,5201,0.387326656394453,0.1448053199691596,1109,-0.08822202166064982,0.3692449355432781,1668,-0.22623345367027678,0.38040865384615385,1528,0.1774246395806029,0.4109498680738786,1724,-0.3226321905868681,0.3775450843513671,1594,0.059748427672955975,0.39836375078665825,1591,0.23173803526448364,0.40969162995594716,1410,0.031116642958748223,0.3757102272727273,606,0.40480132450331124,0.32673267326732675,1.0,,rngexp,12.0,,,,,,,,,,-0.03146961260630701,-0.009713572545824278,-0.006999591890333889,-0.000384133033941525,0.006071539065513332,0.008253247259734642,0.0006486764260300957,0.015771559401355165,0.0005285493313732198,-0.005952198502189803,-0.021238501647711173,-0.0047460451205887655,0.12095840822040968,0.3792277925212241,5,3,-0.6399169359437369,-0.22847645125958382
B2_tf1_N12_vol,B2,15936,8.988155668358713,0.24620308773691477,-0.9440430525919417,0.0001255020080321285,0.3780495492655866,-0.8912894156212569,0.0045808232931726905,0.30602302922940655,-0.8913790965456156,0.008157630522088354,0.428516721981108,-0.8197704876180747,0.016817269076305222,0.3246491683991684,-0.8196443607068606,0.03413654618473896,0.46783546864463926,-0.7026864463924472,0.06940261044176707,-0.02351593875502008,-0.7715159387550201,-0.02315512048192771,-0.7711551204819277,-0.03595632530120482,-0.7839563253012048,-0.04677105560436802,-0.794771055604368,-0.07336973576853072,-0.8213697357685307,-0.004690372060594536,-0.7526903720605945,0.16689894225271584,-0.5811010577472842,0.4149780614280016,-0.3330219385719984,6.237481174698795,6.315621862449799,13.0,5.0,0.873054718875502,6112,0.3772682283074893,-0.1381116020291278,2411,0.36382536382536385,-0.15004147656574035,7413,0.3833153055705787,0.004958844960194306,1541,-0.033419857235561325,0.3696369636963696,2357,-0.32841680814940577,0.3748936170212766,2214,-0.008468834688346883,0.38507055075102414,2411,-0.15004147656574035,0.36382536382536385,2411,-0.012551867219917013,0.3959983326385994,2252,-0.052064831261101244,0.39813167259786475,2000,0.021,0.3646823411705853,750,0.18991989319092123,0.348,1.0,,vol,12.0,,,,,,,,,,-0.030233565667539403,-0.017903622457118795,-0.01405438332334541,-0.006941160034826088,-0.0013575366348682616,0.002129392581811662,-0.021353460013762916,-0.023679197768016892,-0.03861149669295922,-0.053970581262651904,-0.09398351630959308,-0.03971416990911188,0.09824154584689698,0.27468230520880954,2,1,-0.7026864463924472,-0.3330219385719984
B2_tf1_N12_vwap,B2,36565,20.623237450648617,0.24943863300290267,-0.936763075743469,0.0012853821960891563,0.38498402555910544,-0.8618178913738018,0.007028579242444961,0.3136361124924029,-0.8514104094148847,0.010036920552440858,0.4314156216111003,-0.8016523649306233,0.01646383153288664,0.3261663856098932,-0.8071273187183812,0.026938329003145085,0.4664937310851708,-0.7164392563769992,0.05114180226993026,-0.028968959387392315,-0.7769689593873923,-0.0530083413099959,-0.8010083413099959,-0.056040976197649896,-0.8040409761976499,-0.052563680281071584,-0.8005636802810716,-0.07661902265390028,-0.8246190226539003,-0.028794791898508792,-0.7767947918985088,0.16180320635387557,-0.5861967936461244,0.4383274704189319,-0.3096725295810681,6.402222070285792,6.6560371940380145,14.0,5.0,0.889976753726241,13614,0.3807932263814617,-0.11371740583909071,5258,0.3667430316914853,-0.17816146929405013,17693,0.3936158127910939,-0.017931407736569246,2763,-0.11420204978038068,0.37347617288511264,5452,-0.24962880475129917,0.3678775585469297,5399,0.02363789552518255,0.39763779527559057,5258,-0.17816146929405013,0.3667430316914853,5080,-0.01644867221561633,0.39916633584755856,5030,-0.09625050261359067,0.3988393035821493,5403,0.10168780305856023,0.38809567958464675,2180,-0.13737908797789036,0.3824609733700643,1.0,,vwap,12.0,,,,,,,,,,-0.026998020401551498,-0.010969146163599952,-0.006441300060349042,-0.004042260404833797,0.0001596805758565245,0.0007876550223431811,-0.02680648064613515,-0.053532418596085075,-0.05869614758940429,-0.05976320593935547,-0.09723280319496264,-0.06381858974702613,0.09314580994805671,0.29803171419973984,2,1,-0.7164392563769992,-0.3096725295810681
B2_tf1_N20,B2,37101,20.92554991539763,0.25017534394388996,-0.9351054761262476,0.0008355569930729629,0.3837344983853898,-0.8671283818620931,0.006738362847362605,0.3105982254640466,-0.8673593163137555,0.0096762890488127,0.42853228855585085,-0.8196731965259321,0.01622597773644915,0.32273168028812854,-0.8354636376229392,0.027115172097787122,0.4612218247885085,-0.7704762959177878,0.050537721355219535,-0.039938276596318156,-0.7879382765963181,-0.08146006846176652,-0.8294600684617666,-0.1076179939012872,-0.8556179939012872,-0.13594071189007897,-0.883940711890079,-0.13836152967415546,-0.8863615296741555,-0.08652156001098599,-0.834521560010986,0.0668231657529453,-0.6811768342470548,0.2719674957693413,-0.4760325042306587,6.434678310557667,6.74606479609714,14.0,5.0,0.8900568717824318,13597,0.38116458704694,-0.19282211324119483,5596,0.36052348512011473,-0.3319252202049254,17908,0.3929473861530687,-0.03637644406875176,2754,-0.1936903888481291,0.37296296296296294,5439,-0.3967906976744186,0.36716583471991127,5404,0.012273660630950159,0.39943977591036417,5596,-0.3319252202049254,0.36052348512011473,5177,-0.08224644734280709,0.3964508580343214,5129,0.003058405682715075,0.3997643824857648,5475,0.019563616276928743,0.38861431447922384,2127,-0.16346609767662398,0.37929411764705884,1.0,,,20.0,,,,,,,,,,-0.02626130946056421,-0.012218673337315578,-0.009479187088705376,-0.006925593460083257,-0.0032750247459081283,-0.004484251274319118,-0.03777579785506099,-0.0819841457478557,-0.1102731652930416,-0.14314023754836286,-0.15897531021521782,-0.12154535785950332,-0.001834230652873567,0.13167173955014927,3,1,-0.7704762959177878,-0.4760325042306587
B2_tf3_N2,B2,41101,23.181613085166386,0.25958328256366514,-0.9139376142317535,0.0016058003454903773,0.3850497115502639,-0.8615387259113785,0.008904892824992093,0.31264781237682304,-0.8565989850216791,0.01238412690688791,0.42869901756475143,-0.8186311402203037,0.019293934454149533,0.32347778112147657,-0.8293083057478181,0.029804627624632003,0.4614396217202477,-0.7682438773674611,0.05323471448383251,-0.03777280358142138,-0.7857728035814213,-0.05390988053818642,-0.8019098805381865,-0.07711491204593562,-0.8251149120459356,-0.09544731367029739,-0.8434473136702973,-0.09776036525172754,-0.8457603652517276,-0.06916215276052279,-0.8171621527605228,0.0436400364915939,-0.7043599635084061,0.22982635342185903,-0.518173646578141,6.395057297875964,6.743929588087881,14.0,5.0,0.8881049122892387,15165,0.3824432576769025,-0.13224358544918605,5935,0.3690093141405589,-0.27215297934095956,20001,0.39178841309823675,-0.019925516822051074,3385,-0.15397301349325337,0.38099547511312215,5910,-0.24282029234737748,0.3760217983651226,5870,-0.008395360913969188,0.3897807698947005,5935,-0.27215297934095956,0.3690093141405589,5909,-0.03182910089224434,0.3981815062617945,5760,-0.10998591053187742,0.39373249299719887,5963,0.12166411694713582,0.39199192462987886,2369,-0.1273966766084363,0.3708245243128964,3.0,,,2.0,,,,,,,,,,-0.016853370840789028,-0.010903460172441481,-0.007429600175928919,-0.006758864451182678,-0.0025289239125600993,-0.004266454342579884,-0.03561032484016421,-0.0544339578242756,-0.07977008343769001,-0.10264683932858128,-0.1183741457927899,-0.10418595060904012,-0.025017359914224963,0.08953059720266698,1,1,-0.7682438773674611,-0.518173646578141
B2_tf3_N3,B2,34378,19.389734912577552,0.2587015407916582,-0.9159215332187691,0.0013089766711268836,0.38605237690254846,-0.857277398164169,0.008115655360986677,0.3129690120949943,-0.85491268650128,0.011548083076386061,0.42812259173632106,-0.8222338016479933,0.01861655710047123,0.3239293201557352,-0.8255831087151846,0.028739310023852462,0.46279419436006014,-0.7543595078093832,0.05203909476991099,-0.04586508813776252,-0.7938650881377625,-0.05723864099133166,-0.8052386409913317,-0.07851678398976089,-0.8265167839897609,-0.08691840074818798,-0.834918400748188,-0.08742380966402638,-0.8354238096640264,-0.04332483245359113,-0.7913248324535911,0.0734684333593141,-0.6745315666406859,0.23779784128708167,-0.5102021587129183,6.383733783233463,6.675235615800803,14.0,5.0,0.8882424806562337,12721,0.3836673027989822,-0.09544874860513311,4936,0.3692026037428804,-0.27677657177964365,16721,0.39284639007647376,-0.025405274618920882,2796,-0.11489670170351576,0.3843065693430657,4983,-0.19434269434269436,0.3754541784416633,4942,0.01528832341473425,0.39164276935682096,4936,-0.27677657177964365,0.3692026037428804,4946,-0.062461632903621854,0.3983207044849478,4816,-0.10107165370876235,0.39084065244667504,4994,0.09682813133360357,0.39397590361445783,1965,-0.05712090163934426,0.381243628950051,3.0,,,3.0,,,,,,,,,,-0.017735112612795978,-0.009900794820156933,-0.00710840045775768,-0.007335290279613049,-0.002077384878301447,-0.0029118817027674604,-0.04370260939650535,-0.05776271827742084,-0.08117195538151528,-0.09411792640647186,-0.10803759020508874,-0.07834863030210848,0.004811036953495246,0.09750208506788963,2,1,-0.7543595078093832,-0.5102021587129183
B2_tf3_N4,B2,30047,16.946982515510435,0.2584954690831556,-0.9163851945629,0.0010317169767364463,0.38597491448118587,-0.8576066134549599,0.007621393150730522,0.31288694481830415,-0.8553435397039032,0.010882950044929611,0.42917655032192475,-0.8156465604879704,0.017872000532499085,0.3243159949320275,-0.8223930418107728,0.028089326721469698,0.4639848357203033,-0.742155433866891,0.05188537957200386,-0.04904815788597863,-0.7970481578859786,-0.05801743934502612,-0.8060174393450261,-0.08590707890970813,-0.8339070789097082,-0.10181906257307988,-0.8498190625730799,-0.09202644950701619,-0.8400264495070162,-0.06031912731214852,-0.8083191273121485,0.06985963784420872,-0.6781403621557913,0.2842668222481525,-0.4637331777518475,6.348437447998136,6.633457583119779,14.0,5.0,0.8888408160548474,11126,0.383427221515537,-0.10398089171974523,4281,0.36679174484052535,-0.29664310954063605,14640,0.39352488314544953,-0.022976798784698247,2434,-0.12489609310058188,0.38558256496227994,4391,-0.2407642576772108,0.3747995418098511,4301,0.047143193040206914,0.391069330199765,4281,-0.29664310954063605,0.36679174484052535,4331,-0.04666355576294914,0.39822595704948643,4200,-0.0743731918997107,0.3944337811900192,4390,0.09997696383321815,0.3934688284996575,1719,-0.1512888107791447,0.37973209085614446,3.0,,,4.0,,,,,,,,,,-0.017941184321298542,-0.009978257241519517,-0.007190467734447814,-0.006281331694009351,-0.001690710102009163,-0.0017212403425242995,-0.046885679144721464,-0.0585415166311153,-0.08856225030146252,-0.10901858823136376,-0.11264023004807855,-0.09534292516066586,0.0012022414383898589,0.14397106602896043,2,2,-0.742155433866891,-0.4637331777518475
B2_tf3_N4_strong,B2,21903,12.353637901861251,0.2527196270225798,-0.9293808391991956,0.0011413961557777473,0.38478180813846435,-0.8626773154115263,0.008172396475368672,0.31163972286374136,-0.8618914549653578,0.011550929096470803,0.42918954126733044,-0.8155653670791849,0.018673241108523947,0.32337863895028923,-0.8301262286601137,0.029219741587910332,0.4627772420443587,-0.754533269045323,0.053097749166780804,-0.052504223165776374,-0.8005042231657764,-0.06961375154088481,-0.8176137515408848,-0.0883668903803132,-0.8363668903803132,-0.09743102025850216,-0.8454310202585021,-0.0865242494226328,-0.8345242494226328,-0.06086259754738016,-0.8088625975473802,0.049330980738126744,-0.6986690192618732,0.24381036230724082,-0.5041896376927592,6.365383737387573,6.6726589964845,14.0,5.0,0.888280144272474,8349,0.38274148588049933,-0.10367852373436931,3109,0.35218093699515346,-0.2983295491404476,10445,0.3961264212757757,-0.009632139399806389,1780,-0.11873576309794989,0.3930005737234653,3329,-0.2545731707317073,0.3671000907166616,3240,0.05920024992189941,0.39331458919087786,3109,-0.2983295491404476,0.35218093699515346,3098,-0.06447926869082599,0.4042414355628059,2995,-0.0733502538071066,0.39622641509433965,3129,0.13796445880452343,0.3932116554594941,1223,-0.09223500410846343,0.3829787234042553,3.0,,strong,4.0,,,,,,,,,,-0.023717026381874395,-0.011171363584241034,-0.008437689689010597,-0.006268340748603662,-0.002628066083747438,-0.0029288340184688844,-0.050341744424519205,-0.07013782882697399,-0.09102206177206759,-0.10463054591678604,-0.10713802996369516,-0.0958863953958975,-0.019326415667692116,0.10351460608804877,2,2,-0.754533269045323,-0.5041896376927592
B2_tf3_N4_rngexp,B2,5401,3.0462492949802593,0.23957754307948861,-0.9589505280711506,0.0007406035919274209,0.38106796116504854,-0.8784611650485438,0.008331790409183484,0.3133571294382867,-0.8528750704489949,0.014441770042584706,0.43066666666666664,-0.8063333333333336,0.02795778559526014,0.3339805825242718,-0.742660194174757,0.046472875393445655,0.47415185783521807,-0.6379434571890148,0.08313275319385299,-0.09984262173671542,-0.8478426217367154,-0.08845584151083133,-0.8364558415108313,-0.11169227920755416,-0.8596922792075542,-0.07944011865035225,-0.8274401186503523,-0.09089641063790217,-0.8388964106379022,0.0060218291305984195,-0.7419781708694015,0.23230668414154654,-0.5156933158584535,0.8672670807453416,0.11926708074534165,7.153628957600445,7.170431401592298,12.0,4.0,0.8648398444732457,2065,0.38188976377952755,-0.250121359223301,839,0.35961768219832735,-0.3866626794258373,2497,0.38761560112585447,0.1409713825070536,534,-0.018292682926829267,0.38953488372093026,789,-0.7223282442748091,0.3702290076335878,742,0.0840080971659919,0.38904109589041097,839,-0.3866626794258373,0.35961768219832735,760,0.13822751322751323,0.39470198675496687,742,-0.006775067750677507,0.4100135317997294,685,-0.1332842415316642,0.37920937042459735,310,1.1063311688311688,0.33548387096774196,3.0,,rngexp,4.0,,,,,,,,,,-0.036859110324965555,-0.014885210557656847,-0.006720283114465264,-0.004791215349267464,0.007973877490235148,0.00844578177239047,-0.09768014299545826,-0.0889799187969205,-0.11434745059930855,-0.08663964430863613,-0.11151019117896453,-0.02900196871791892,0.16364928773572768,0.7269713245261495,3,3,-0.6379434571890148,0.11926708074534165
B2_tf3_N4_vol,B2,5534,3.1212633953750704,0.24828085414404633,-0.9393680781758957,0.0014456089627755693,0.38122358993202277,-0.8777997427889033,0.0164438019515721,0.31008902077151335,-0.870032640949555,0.025659559089266353,0.4290591805766313,-0.8163801213960544,0.04734369353089989,0.3258272958684159,-0.8099248090855689,0.077159378388146,0.473255328040117,-0.6471328875888005,0.13516443801951572,-0.1034965666787134,-0.8514965666787134,-0.03437838814600651,-0.7823783881460065,-0.04522045536682327,-0.7932204553668233,-0.04013015184381779,-0.7881301518438177,-0.038193816669679984,-0.78619381666968,0.013226771359132548,-0.7347732286408675,0.22545676004872106,-0.5225432399512789,0.44275530986325284,-0.30524469013674715,6.385977593061077,6.322867726779906,11.0,4.0,0.835742681604626,2160,0.4012375059495478,-0.14108796296296297,800,0.36981132075471695,0.1896875,2574,0.3682764036120927,-0.022656553870089458,583,-0.058319039451114926,0.4166666666666667,838,-0.34994033412887826,0.3819277108433735,739,0.030446549391069014,0.41168289290681503,800,0.1896875,0.36981132075471695,839,-0.16537544696066747,0.3848964677222899,773,0.023963730569948185,0.3790849673202614,674,-0.23736998514115898,0.3447251114413076,288,0.7726480836236934,0.3472222222222222,3.0,,vol,4.0,,,,,,,,,,-0.028155799260407843,-0.014729581790682622,-0.009988391781238615,-0.006398701439302823,-0.0001794091656207586,0.007549251977289395,-0.10133408793745624,-0.034902465432095686,-0.04787562675857767,-0.04732967750210168,-0.05880759721074234,-0.021797026489384794,0.1567993636429022,0.3024595536440608,4,3,-0.6471328875888005,-0.30524469013674715
B2_tf3_N4_vwap,B2,22898,12.91483361534123,0.2576188185912291,-0.9183576581697344,0.0011791422831688358,0.3869888639464765,-0.8532973282274748,0.007817276618045245,0.31515017667844525,-0.8434615724381624,0.01126735959472443,0.4331717297513677,-0.7906766890539518,0.01812385361166914,0.32654620640057536,-0.8039937971952535,0.028386758668879377,0.46689123713718794,-0.7123648193438237,0.053585465979561535,-0.045124028299414795,-0.7931240282994148,-0.03479561533758407,-0.782795615337584,-0.05141278714298192,-0.7994127871429819,-0.05940073593832136,-0.8074007359383214,-0.072647499779522,-0.820647499779522,-0.03021795099431818,-0.7782179509943182,0.1484916619823871,-0.5995083380176129,0.38558375634517766,-0.36241624365482233,6.198532622936501,6.451185693073631,14.0,5.0,0.8872390601799284,8671,0.38361918095904796,-0.027907383646331507,3152,0.3722929936305732,-0.2634940913446183,11075,0.3938045058139535,-0.05314835064698378,1849,-0.12205479452054795,0.3806629834254144,3474,-0.04965055329062318,0.3783314020857474,3348,0.04646952323476162,0.39075249320036265,3152,-0.2634940913446183,0.3722929936305732,3254,-0.060777330442861564,0.4014892956872479,3154,-0.09584536413217838,0.39514066496163686,3340,0.031609195402298854,0.39087361152806965,1327,-0.1458018154311649,0.3793363499245852,3.0,,vwap,4.0,,,,,,,,,,-0.018817834813225076,-0.008964307776228864,-0.004927235874306712,-0.00228615226456641,0.0005395013665386861,0.0011851610743603413,-0.042961549558157626,-0.035319692623673245,-0.05406795853473632,-0.06660026159660525,-0.09326128032058437,-0.06524174884283553,0.07983426557656825,0.24528800012598562,2,1,-0.7123648193438237,-0.36241624365482233
B2_tf3_N6,B2,24692,13.926677946982515,0.25763165362630236,-0.9183287793408197,0.0010124736756844323,0.38487285195314097,-0.8622903791991509,0.007816296776283817,0.31149152264722746,-0.862669506102056,0.011096711485501377,0.42925520940788114,-0.8151549412007428,0.01850801879151142,0.32553581853056457,-0.8123294971228423,0.028754252389437875,0.4633770898362338,-0.748384829178603,0.052851125870727364,-0.06388708893568767,-0.8118870889356877,-0.07381945569415195,-0.8218194556941519,-0.10934715697391868,-0.8573471569739187,-0.135619918699187,-0.883619918699187,-0.11950560694114758,-0.8675056069411475,-0.08150202028531377,-0.8295020202853137,0.09822090437361009,-0.6497790956263899,0.30058250118877794,-0.44741749881122206,6.268376397213673,6.55451158269885,14.0,5.0,0.8873319293698364,9202,0.3822398065721508,-0.12864211105002749,3522,0.3623931623931624,-0.32227623677437806,11968,0.39352396972245585,-0.05260935652761358,1964,-0.1349922640536359,0.38565488565488565,3659,-0.27842323651452283,0.3702888583218707,3579,0.02774639932222536,0.3926553672316384,3522,-0.32227623677437806,0.3623931623931624,3548,-0.09087674352405352,0.3943541488451668,3459,-0.08391864208369915,0.40064102564102566,3587,0.023463923337091318,0.3912800447177194,1374,-0.07349706744868036,0.3794610342316096,3.0,,,6.0,,,,,,,,,,-0.01880499977815181,-0.011080319769564417,-0.008585889905524502,-0.0062026726080529615,-0.00047088650347210104,-0.0023289862265937766,-0.061724610194430506,-0.07434353298024113,-0.11200232836567307,-0.14281944435747088,-0.14011938748220992,-0.11652581813383112,0.029563507967791225,0.1602867449695859,2,0,-0.748384829178603,-0.44741749881122206
B2_tf3_N8,B2,21170,11.940214326001128,0.2562768925244692,-0.9213769918199444,0.0009919697685403872,0.3854394819540996,-0.8598822016950767,0.007935758148323098,0.3134856159801204,-0.8522005161043678,0.011525743977326405,0.43188712861751816,-0.7987054461405116,0.01903637222484648,0.3265176963146877,-0.8042290054038266,0.02971185640056684,0.46444810872932596,-0.7374068855244091,0.05465281058101087,-0.07001653282947568,-0.8180165328294757,-0.07484648086915446,-0.8228464808691545,-0.10778223901747756,-0.8557822390174775,-0.1301658767772512,-0.8781658767772512,-0.11433719986634207,-0.862337199866342,-0.07001058761249339,-0.8180105876124933,0.10871231476750128,-0.6392876852324987,0.27090310337128826,-0.47709689662871174,6.210533774208786,6.475732168162494,14.0,5.0,0.8840340103920642,7922,0.3808247159453594,-0.13108004595940254,3037,0.36760330578512396,-0.25472636815920396,10211,0.3943217665615142,-0.05944955944955945,1664,-0.1719512195121951,0.3821538461538462,3161,-0.2503998720409469,0.36855506047103753,3097,0.012389957613302902,0.3926940639269406,3037,-0.25472636815920396,0.36760330578512396,3005,-0.1063257065948856,0.3954821308159137,2962,-0.10006830601092896,0.40278721957851804,3076,-0.012660309108845774,0.3857934180514826,1168,0.04051724137931034,0.3924592973436161,3.0,,,8.0,,,,,,,,,,-0.020159760879984945,-0.010513689768605783,-0.006591796572631536,-0.003570753398415949,0.0005109912806510186,-0.0012579673335016417,-0.06785405408821851,-0.07537055815524364,-0.11043741040923195,-0.13736540243553508,-0.13495098040740441,-0.10503438546101074,0.040054918361682415,0.1306073471520962,2,0,-0.7374068855244091,-0.47709689662871174
B2_tf3_N8_strong,B2,15378,8.673434856175973,0.24939782566239177,-0.9368548922596185,0.001105475354402393,0.3831224182020851,-0.8697297226411383,0.008258551177006112,0.3111798381259459,-0.8643058498387841,0.011770061126284303,0.43079779826248427,-0.8055137608594736,0.019443360645077384,0.3260680034873583,-0.8079389712292941,0.03036805826505397,0.46473057600990986,-0.7345115958984241,0.05507868383404864,-0.07372545194433607,-0.8217254519443361,-0.0830244505137209,-0.8310244505137209,-0.10287423592144622,-0.8508742359214462,-0.12117505056436355,-0.8691750505643635,-0.10029900768876913,-0.8482990076887691,-0.05418955589383811,-0.8021895558938381,0.11398507882882883,-0.6340149211711712,0.2653029836973239,-0.4826970163026761,6.243025751072961,6.513623358043959,14.0,5.0,0.8828196124333464,5926,0.37943989071038253,-0.11005806010928962,2196,0.35773101555352244,-0.26524530032095367,7256,0.39381328894437506,-0.04223537604456824,1207,-0.16912384161752317,0.3828522920203735,2388,-0.23348856900931414,0.359039190897598,2331,0.04670567837017772,0.39869848156182214,2196,-0.26524530032095367,0.35773101555352244,2142,-0.13137393767705383,0.3988657844990548,2099,-0.10684997588036661,0.40172993753003367,2181,0.08144114921223355,0.38475665748393023,834,0.02496991576413959,0.38489208633093525,3.0,,strong,8.0,,,,,,,,,,-0.0270388277420624,-0.012830753520620297,-0.008897574426806054,-0.00466008375344984,6.129845332164541e-05,-0.0009755000529177438,-0.0715629732030789,-0.08354852779981008,-0.10552940731320061,-0.12837457622264745,-0.1209127882298315,-0.08921335374235545,0.04532768242300997,0.12500722747813187,3,2,-0.7345115958984241,-0.4826970163026761
B2_tf3_N8_rngexp,B2,4087,2.305132543711224,0.24289911851126347,-0.9514769833496572,0.0007340347443112308,0.3835514941960978,-0.8679061496665843,0.009297773427942257,0.3165879134543646,-0.8359134543645859,0.016148764374847076,0.43701085584448374,-0.7666821509719766,0.030829459261071692,0.3392626965712813,-0.6990827532869293,0.050893075605578666,0.48102288021534323,-0.567515477792732,0.09102030829459261,-0.1017249816491314,-0.8497249816491314,-0.07266943968681185,-0.8206694396868118,-0.10386591632003915,-0.8518659163200392,-0.09942416074491546,-0.8474241607449154,-0.16695352839931152,-0.9149535283993115,-0.09064837905236908,-0.8386483790523691,0.20279411764705882,-0.5452058823529412,0.7173070441523425,-0.03069295584765752,6.899804257401517,6.9101419133839,12.0,4.0,0.8522143381453389,1584,0.38303341902313626,-0.11803797468354431,624,0.3707865168539326,-0.5932475884244373,1879,0.38823529411764707,-0.06621983914209115,419,-0.13636363636363635,0.3771712158808933,615,-0.33727569331158236,0.3758169934640523,550,0.1407103825136612,0.3955637707948244,624,-0.5932475884244373,0.3707865168539326,574,-0.03245614035087719,0.39191564147627417,588,0.044444444444444446,0.4129692832764505,505,-0.7555,0.37375745526838966,212,1.175,0.3443396226415094,3.0,,rngexp,8.0,,,,,,,,,,-0.033537534893190696,-0.01240167752660759,-0.003489499098387361,0.0015529738285496308,0.013255991537244605,0.015316804152515628,-0.09956250290787423,-0.07319351697290102,-0.10652108771179354,-0.10662368640319934,-0.18756730894037388,-0.12567217690088642,0.13413672124123996,0.5770112879331504,3,3,-0.567515477792732,-0.03069295584765752
B2_tf3_N8_vol,B2,4837,2.7281443880428653,0.24715379838542745,-0.9419039536327882,0.0012404382881951624,0.38072238555228893,-0.8799298614027719,0.015505478602439528,0.3108709472345836,-0.8659275270184361,0.02439528633450486,0.4324090121317158,-0.7954436741767765,0.04568947694852181,0.32834487379941923,-0.7891547911547914,0.07442629729170974,0.4749227478012836,-0.6300418350368429,0.13024602026049203,-0.12967748604506926,-0.8776774860450692,-0.05003101095720488,-0.7980310109572049,-0.049720901385156085,-0.7977209013851561,-0.057588916459884204,-0.8055889164598842,-0.08665977249224405,-0.834659772492244,-0.029666452854393843,-0.7776664528543938,0.22460883886906396,-0.5233911611309361,0.4090686274509804,-0.3389313725490196,6.283543518709944,6.24472813727517,11.0,4.0,0.8319206119495555,1893,0.3969631236442516,-0.05784469096671949,697,0.36796536796536794,0.09540889526542325,2247,0.3712359550561798,-0.16748329621380847,498,-0.19578313253012047,0.4067796610169492,751,-0.05159786950732357,0.38492597577388965,644,0.041537267080745344,0.40381558028616854,697,0.09540889526542325,0.36796536796536794,730,-0.25616438356164384,0.3907563025210084,685,-0.0402046783625731,0.38088235294117645,587,-0.5617546848381602,0.3361774744027304,245,0.6895491803278688,0.37142857142857144,3.0,,vol,8.0,,,,,,,,,,-0.02928285501902672,-0.015230786170416455,-0.009206465318168378,-0.0030488698842183193,0.0023381687653825645,0.009216671738455973,-0.1275150073038121,-0.05055508824329406,-0.05237607277691048,-0.06478844211816809,-0.1072735530333064,-0.06469025070291118,0.1559514424632451,0.26877287123178834,3,3,-0.6300418350368429,-0.3389313725490196
B2_tf3_N8_vwap,B2,17293,9.753525098702763,0.2558179923584578,-0.9224095171934699,0.001098710460880125,0.3848755174625386,-0.8622790507842107,0.00821141502341988,0.3147823033707865,-0.8453929073033709,0.011854507604232926,0.4340468187982782,-0.785207382510761,0.019314173364945352,0.3281855584043885,-0.7904691431637949,0.03018562424102238,0.4659397206567018,-0.7221178632688068,0.05603423350488637,-0.06827907245706355,-0.8162790724570635,-0.056019776788295846,-0.8040197767882958,-0.07760365465795409,-0.825603654657954,-0.09920842032011135,-0.8472084203201113,-0.1081669002569493,-0.8561669002569493,-0.056889752192595205,-0.8048897521925952,0.1508316138310511,-0.597168386168949,0.38063858695652175,-0.36736141304347825,6.089920777193084,6.343563869773897,14.0,6.0,0.8824958075521887,6588,0.37928384816351624,-0.05040694103194103,2411,0.373022481265612,-0.2672161936560935,8294,0.39274447949526814,-0.10756450827653359,1358,-0.21425898203592814,0.3732021196063588,2661,-0.04427974154313949,0.37343927355278095,2569,0.029273084479371315,0.3885174990169092,2411,-0.2672161936560935,0.373022481265612,2439,-0.13988833746898263,0.3975103734439834,2385,-0.14037319762510603,0.4018573237653018,2502,-0.06131313131313131,0.38236472945891786,968,-0.0650259067357513,0.3853305785123967,3.0,,vwap,8.0,,,,,,,,,,-0.020618661045996356,-0.01107765426016677,-0.005295109181965463,-0.0014110632176558835,0.002178853370351841,0.0002336445938742049,-0.06611659371580639,-0.056543854074385023,-0.08025882604970848,-0.10640794597839523,-0.12878068079801167,-0.09191355004111254,0.08217421742523223,0.2403428307373297,1,0,-0.7221178632688068,-0.36736141304347825
B2_tf3_N12,B2,16758,9.451776649746193,0.25616822988231075,-0.9216214827648008,0.0011337868480725624,0.3858613837538387,-0.8580891190461855,0.00901062179257668,0.3131991051454139,-0.853704697986577,0.013068385248836377,0.4315327399097671,-0.8009203755639558,0.021243585153359588,0.3252699784017279,-0.8145226781857451,0.032999164578111945,0.4646343009253391,-0.7354984155152742,0.05847953216374269,-0.0754266618928273,-0.8234266618928273,-0.07348728965270318,-0.8214872896527032,-0.09501432151808091,-0.8430143215180809,-0.12031493234343192,-0.8683149323434319,-0.12943519188993483,-0.8774351918899348,-0.09938181375236008,-0.8473818137523601,0.07803552837064029,-0.6699644716293597,0.30304760545285847,-0.4449523945471415,6.042487170306719,6.345044158014082,13.0,5.0,0.8776106934001671,6266,0.3829236739974127,-0.1067792501616031,2416,0.3661679135494597,-0.38136477462437396,8076,0.39403766995135336,-0.07141962944416624,1305,-0.16705607476635514,0.3821907013396375,2494,-0.24034552845528456,0.3692929292929293,2467,0.05932896890343699,0.3971311475409836,2416,-0.38136477462437396,0.3661679135494597,2375,-0.13420604512558534,0.4002563007261854,2342,-0.05043196544276458,0.4068817204301075,2435,-0.0865544472152951,0.3752059308072488,924,0.07598039215686274,0.39544962080173346,3.0,,,12.0,,,,,,,,,,-0.02026842352214342,-0.010091787968866672,-0.00687830740733808,-0.003925142106167012,-0.0007367266323087818,-0.0010717751374885176,-0.07326418315157014,-0.07401136693879236,-0.0976694929098353,-0.12751445800171582,-0.15004897243099719,-0.1344056116008774,0.009378131964821429,0.16275184923366642,2,1,-0.7354984155152742,-0.4449523945471415
B2_tf3_N12_strong,B2,12125,6.838691483361534,0.2512799339388935,-0.9326201486374897,0.0012371134020618556,0.38364832237115976,-0.867494629922571,0.009402061855670102,0.3109587896012706,-0.8654663545933292,0.01336082474226804,0.43069139966273184,-0.8061787521079258,0.021855670103092785,0.32596449300102426,-0.80879293274155,0.0337319587628866,0.4659419654598054,-0.7220948540369949,0.059216494845360824,-0.0802680412371134,-0.8282680412371134,-0.08074226804123712,-0.8287422680412371,-0.09055670103092783,-0.8385567010309278,-0.10836643495531281,-0.8563664349553128,-0.09379951630389459,-0.8417995163038946,-0.07205029013539652,-0.8200502901353965,0.1274425934263845,-0.6205574065736155,0.2994114155702839,-0.4485885844297161,6.101917525773196,6.3696907216494845,13.0,5.0,0.8755463917525773,4653,0.38221834822401396,-0.05585801393728223,1747,0.358457997698504,-0.3486159169550173,5725,0.3925052779732583,-0.04655781112091792,938,-0.1457654723127036,0.38377192982456143,1885,-0.17163978494623655,0.36149732620320857,1830,0.10877967973495306,0.4028776978417266,1747,-0.3486159169550173,0.358457997698504,1699,-0.14866071428571428,0.3997613365155131,1659,0.0028998778998779,0.4081508515815085,1706,-0.020278271166370633,0.37287140340575453,661,0.023556231003039513,0.3857791225416036,3.0,,strong,12.0,,,,,,,,,,-0.025156719465560695,-0.012304849351545633,-0.009118622951481359,-0.0047664823532022615,-4.2212033012412054e-05,0.00023588939697777311,-0.07810556249585623,-0.0812663453273263,-0.09321187242268222,-0.1155659606135967,-0.11441329684495695,-0.10707408798391385,0.058785197020565644,0.15911565935109184,3,2,-0.7220948540369949,-0.4485885844297161
B2_tf3_N12_rngexp,B2,3378,1.9052453468697124,0.24296296296296296,-0.9513333333333334,0.0008880994671403197,0.3845002992220227,-0.8638737283064034,0.010657193605683837,0.3169481302774427,-0.8340223160434261,0.018354055654233273,0.4372891750996627,-0.764942655627108,0.03463587921847247,0.3384518959573801,-0.7057718583516142,0.05535820011841326,0.48278123975073794,-0.5494922925549359,0.09739490822972173,-0.11049437537004145,-0.8584943753700415,-0.05513617525162818,-0.8031361752516282,-0.09006808762581409,-0.8380680876258141,-0.12563000296471982,-0.8736300029647198,-0.23243524858588865,-0.9804352485858887,-0.13755293405928615,-0.8855529340592861,0.2519848430169614,-0.4960151569830386,0.8261596322607605,0.0781596322607605,6.7474837181764356,6.71299585553582,12.0,4.0,0.8490230905861457,1329,0.38679969301611666,-0.06830188679245283,503,0.3745019920318725,-0.7769461077844312,1546,0.38581652569941444,-0.1963470319634703,360,-0.14832869080779945,0.37971014492753624,522,-0.2519230769230769,0.3834296724470135,447,0.2102017937219731,0.39635535307517084,503,-0.7769461077844312,0.3745019920318725,489,-0.16391752577319588,0.3925619834710744,487,0.256198347107438,0.4144329896907217,396,-1.1099744245524297,0.3604060913705584,174,0.5115606936416185,0.3448275862068966,3.0,,rngexp,12.0,,,,,,,,,,-0.033473690441491205,-0.011452872500682665,-0.0031292822753092864,0.0018312930837285912,0.012445190923343452,0.017075163687910344,-0.10833189662878429,-0.05566025253771736,-0.09272325901756848,-0.1328295286230037,-0.253049029126951,-0.17257673190780348,0.18332744661114253,0.6858638760415685,3,3,-0.5494922925549359,0.0781596322607605
B2_tf3_N12_vol,B2,4401,2.482233502538071,0.24937428896473265,-0.9369078498293515,0.0013633265167007499,0.38166705148926344,-0.8759150311706302,0.015905476028175415,0.31220876048462254,-0.8589040074557316,0.024767098386730288,0.43330157217722726,-0.7898651738923295,0.0461258804817087,0.32965144820814923,-0.7783755522827691,0.07430129516019086,0.47695912522780526,-0.6091689664149962,0.12724380822540332,-0.13775278345830494,-0.885752783458305,-0.05856623494660305,-0.8065662349466031,-0.05237446034992047,-0.8003744603499204,-0.06346590909090909,-0.8114659090909091,-0.11008183678108661,-0.8580818367810866,-0.03136011275546159,-0.7793601127554616,0.21413596885295,-0.5338640311470499,0.4488231098430813,-0.2991768901569187,6.213758236764372,6.165473755964554,11.0,4.0,0.8320836173596909,1717,0.4021543985637343,-0.0024752475247524753,646,0.37791601866251945,-0.030959752321981424,2038,0.3658899355478433,-0.22593320235756384,440,-0.22386363636363638,0.40481927710843374,689,0.09687953555878084,0.39794419970631423,588,0.0467687074829932,0.4052173913043478,646,-0.030959752321981424,0.37791601866251945,671,-0.3066318926974665,0.3871951219512195,624,0.08467094703049759,0.37479806138933763,520,-0.7581730769230769,0.3236994219653179,223,0.393018018018018,0.37668161434977576,3.0,,vol,12.0,,,,,,,,,,-0.027062364439721515,-0.014286120233441946,-0.007868652068129423,-0.002156309838706849,0.0036447431741125635,0.011253049164977658,-0.13559030471704778,-0.059090312232692226,-0.05502963174167487,-0.07066543474919297,-0.13069561732214896,-0.06638391060397894,0.14547857244713114,0.3085273536238893,4,5,-0.6091689664149962,-0.2991768901569187
B2_tf3_N12_vwap,B2,14311,8.071630005640158,0.25585951164905896,-0.9223160987896173,0.0012577737404793515,0.38521757528739686,-0.8608253050285632,0.009223674096848577,0.3150180556538979,-0.844155207817036,0.013136747956117672,0.4332119654458485,-0.7904252159634471,0.021242400950317937,0.32740804971457477,-0.7968835898547582,0.03298162252812522,0.4672265160523187,-0.7089282104637336,0.0597442526727692,-0.07740549227866676,-0.8254054922786668,-0.057578086786388094,-0.8055780867863881,-0.07457550136258823,-0.8225755013625882,-0.09287817187719052,-0.8408781718771905,-0.13031501624523237,-0.8783150162452323,-0.10020668519706365,-0.8482066851970637,0.12558989191657788,-0.6224101080834221,0.38420615128844554,-0.36379384871155446,5.961899937111313,6.2511529592621065,13.0,6.0,0.8767381734330235,5433,0.380134428678118,-0.06605444713779601,2028,0.3707920792079208,-0.3561847988077496,6850,0.39350286638247833,-0.11408876437629017,1117,-0.23359161349134003,0.36691312384473196,2193,-0.1143088303282478,0.37103448275862067,2123,0.0709700427960057,0.39637922820390664,2028,-0.3561847988077496,0.3707920792079208,2020,-0.18843656343656343,0.4002006018054162,1972,-0.09427911749615188,0.4101123595505618,2060,-0.08263752455795678,0.37408670238675107,798,-0.0559748427672956,0.38596491228070173,3.0,,vwap,12.0,,,,,,,,,,-0.020577141755395212,-0.010735596435308525,-0.005059356898854062,-0.0022459165700856043,0.001401344680538097,0.0015204399894910847,-0.0752430135374096,-0.05810216407247727,-0.07723067275434262,-0.10007769753547441,-0.15092879678629473,-0.135230483045581,0.05693249551075902,0.2439103950692535,1,1,-0.7089282104637336,-0.36379384871155446
B2_tf3_N20,B2,12167,6.862380146644106,0.25522633744855966,-0.9237407407407408,0.0013972219939179748,0.38180610889774236,-0.875324037184595,0.009780553957425824,0.31054036024016013,-0.8676631087391593,0.01438316758444974,0.4292087542087542,-0.8154452861952863,0.023588394838497576,0.32371521256616015,-0.8273494963291785,0.03723185666146133,0.46431082981715893,-0.7388139943741205,0.06501191748171282,-0.09792882386783924,-0.8459288238678393,-0.09221665159858634,-0.8402166515985864,-0.10575737651023259,-0.8537573765102326,-0.1134020618556701,-0.8614020618556701,-0.14288090485695276,-0.8908809048569528,-0.1064102564102564,-0.8544102564102564,0.11389671788344395,-0.634103282116556,0.21961200363746589,-0.5283879963625341,5.9289676995150815,6.213857154598504,13.0,6.0,0.8692364592750883,4536,0.38540734109221125,-0.06360384529398613,1791,0.3701626472237802,-0.2992957746478873,5840,0.38261169570467485,-0.15620671745152354,912,-0.14604236343366778,0.3860045146726862,1838,-0.16151297625621203,0.3699231613611416,1786,0.07875354107648726,0.4011363636363636,1791,-0.2992957746478873,0.3701626472237802,1730,-0.21687098657326329,0.38898652606912715,1684,-0.15099158653846154,0.39174641148325356,1760,-0.15169833045480713,0.3639475185396463,666,-0.02416918429003021,0.3924812030075188,3.0,,,20.0,,,,,,,,,,-0.02121031595589451,-0.01414706282496303,-0.009537052312591832,-0.0062491278071798995,-0.0022914924678765214,-0.0013952462456686687,-0.09576634512658208,-0.09274072888467552,-0.10841254790198698,-0.12060158751395399,-0.16349468539801512,-0.14143405425877376,0.04523932147762509,0.07931624741827384,1,1,-0.7388139943741205,-0.5283879963625341
B2_tf5_N2,B2,25319,14.280315848843768,0.25605755168188465,-0.9218705087157597,0.0007899206129783956,0.3834095882235926,-0.8685092500497313,0.00726726963940124,0.31007504390866997,-0.8701060194794827,0.010545440183261583,0.4259929249075414,-0.8355442193278662,0.017496741577471463,0.3190633004024881,-0.8657277716794731,0.028516134128520082,0.4602976116043516,-0.7799494810553964,0.052450728701765474,-0.053280145345392785,-0.8012801453453928,-0.07009558039417038,-0.8180955803941704,-0.07304790868517715,-0.8210479086851772,-0.09089024053082666,-0.8388902405308266,-0.10591519631219203,-0.853915196312192,-0.04198082938958851,-0.7899808293895885,0.10697865699341995,-0.6410213430065801,0.34057089055251916,-0.40742910944748084,6.261977171294285,6.5718136577273984,14.0,5.0,0.8863699198230578,9505,0.3806588735387885,-0.15275423728813559,3618,0.34332500693866225,-0.32749513483458437,12196,0.397459165154265,-0.0037313432835820895,2128,-0.06524822695035461,0.39549376797698943,3737,-0.2881710277852711,0.3620225927918236,3640,-0.06516030956329463,0.3912922906267332,3618,-0.32749513483458437,0.34332500693866225,3569,-0.005779531998872286,0.4185584562996595,3590,-0.09981787615578594,0.3838836038052602,3618,0.14631944444444445,0.3869179600886918,1419,-0.13837703756201275,0.4060734463276836,5.0,,,2.0,,,,,,,,,,-0.020379101722569515,-0.012543583499112776,-0.010002368644081994,-0.00946495710839268,-0.0069434046315485776,-0.005408464458475981,-0.051117666604135616,-0.07061965768025956,-0.07570308007693154,-0.09808976618911054,-0.12652897685325437,-0.07700462723810586,0.03832126058760109,0.2002751343333271,1,1,-0.7799494810553964,-0.40742910944748084
B2_tf5_N3,B2,21256,11.988719684151157,0.25416705904510783,-0.9261241171485074,0.0008468197214904028,0.38010143622315967,-0.8825688960515715,0.007480240873165224,0.3071214499785928,-0.8856123876123878,0.011055701919458035,0.4242874251497006,-0.8462035928143712,0.017924350771546856,0.3190014541929229,-0.8662380029083858,0.029450508091832896,0.4593653635730628,-0.7895050233761063,0.054102371095220175,-0.06929808054196462,-0.8172980805419646,-0.08736356793375988,-0.8353635679337599,-0.08826919458035379,-0.8362691945803538,-0.12695238991343621,-0.8749523899134362,-0.1501253903662345,-0.8981253903662345,-0.08061356142782052,-0.8286135614278205,0.08619386057765008,-0.6618061394223499,0.3443233000109854,-0.4036766999890146,6.167740873165224,6.51209070380128,14.0,5.0,0.8837034249153181,8041,0.37969594170121873,-0.1887984981226533,3041,0.33960396039603963,-0.42074380165289255,10174,0.3925603482390186,-0.038689593833382746,1770,-0.10645252984650369,0.38834391229082516,3170,-0.3228471560216079,0.3612432603869331,3101,-0.09897859922178988,0.39375203384315,3041,-0.42074380165289255,0.33960396039603963,2988,-0.0757907133243607,0.4074576271186441,2991,-0.11054135843981171,0.38676075268817206,3037,0.09008934480476506,0.379583746283449,1158,-0.09535186794092095,0.40346320346320347,5.0,,,3.0,,,,,,,,,,-0.022269594359346334,-0.015851735499545716,-0.012955962574159152,-0.011170456866233525,-0.007005250841113753,-0.00634071248976481,-0.06713560180070746,-0.08788764521984906,-0.09092436597210818,-0.1341519155717201,-0.17073917090729687,-0.11563735927633786,0.017536464171831218,0.20402754379179333,1,1,-0.7895050233761063,-0.4036766999890146
B2_tf5_N4,B2,18533,10.452904681331077,0.2544148620186855,-0.9255665604579577,0.0008633248799438839,0.38092130309457767,-0.8790844618480448,0.00787783952948794,0.30744036246520007,-0.8839380970576998,0.011546970269249448,0.4248171972071032,-0.8428925174556048,0.018561484918793503,0.31950161308265657,-0.8621116920680836,0.029946581773053472,0.4605766485869255,-0.7770893519840139,0.054929045486429615,-0.06897156423676686,-0.8169715642367669,-0.09249716721523768,-0.8404971672152377,-0.09144499001780608,-0.839444990017806,-0.12381967301570172,-0.8718196730157017,-0.13241358728091596,-0.880413587280916,-0.07056274681878016,-0.8185627468187802,0.12875977977397857,-0.6192402202260214,0.3998734977862113,-0.3481265022137887,6.137484487131063,6.426118275508553,14.0,5.0,0.8836669724275616,7009,0.37833549689888935,-0.18391010913268235,2665,0.3373493975903614,-0.351789077212806,8859,0.396112752898386,-0.025595913734392736,1511,-0.103,0.38279132791327913,2784,-0.3265822784810127,0.3591040462427746,2714,-0.08271582067432383,0.3956861286723689,2665,-0.351789077212806,0.3373493975903614,2592,-0.06455990694067468,0.40923317683881066,2629,-0.10346477794793262,0.3948776758409786,2639,0.12681021341463414,0.3807531380753138,999,-0.1221105527638191,0.4062186559679037,5.0,,,4.0,,,,,,,,,,-0.022021791385768652,-0.01503186862812772,-0.012637050087551893,-0.010640684808830903,-0.006505091951380104,-0.005129427475902115,-0.06680908549550969,-0.09302124450132686,-0.09410016140956047,-0.13101919867398562,-0.15302736782197832,-0.1055865446672975,0.060102383368159706,0.25957774156701924,1,1,-0.7770893519840139,-0.3481265022137887
B2_tf5_N4_strong,B2,13407,7.56175972927242,0.24662237814436067,-0.9430996491751886,0.0007458790184232117,0.3758833258156668,-0.900495865283416,0.007831729693443723,0.3048890900860118,-0.8973322770484382,0.01141194898187514,0.42345078979343864,-0.8514325637910083,0.01782650854031476,0.3193580588190125,-0.8632960147431463,0.02864175430745133,0.46110804633934904,-0.7716425250216721,0.053554113522786606,-0.0695532184679645,-0.8175532184679645,-0.08724919818005519,-0.8352491981800552,-0.07445737301409712,-0.8224573730140972,-0.10714552099649437,-0.8551455209964943,-0.11087999400344802,-0.858879994003448,-0.03569266853294999,-0.7836926685329499,0.1544082319026265,-0.5935917680973735,0.3032105677543522,-0.4447894322456478,6.191187439397329,6.439005743268442,14.0,5.0,0.8837920489296636,5177,0.3730964467005076,-0.20895594799146128,1960,0.32889344262295084,-0.24538934426229508,6270,0.392903018625562,0.012267479153303399,1076,-0.1508419083255379,0.373574144486692,2039,-0.34889162561576353,0.34995064165844025,2062,-0.10090068159688413,0.3957925636007828,1960,-0.24538934426229508,0.32889344262295084,1844,-0.10326975476839237,0.4053905390539054,1918,-0.1089238845144357,0.3857442348008386,1814,0.3235457063711911,0.3839779005524862,694,-0.15991316931982633,0.4031791907514451,5.0,,strong,4.0,,,,,,,,,,-0.029814275260093503,-0.020069845907038586,-0.015188322466740178,-0.012007092222495463,-0.0066486462150241454,-0.004598029723478558,-0.06739073972670734,-0.08777327546614437,-0.07711254440585151,-0.11434504665477825,-0.13149377454451036,-0.07071646638146734,0.08575083549680765,0.16291481153516013,1,1,-0.7716425250216721,-0.4447894322456478
B2_tf5_N4_rngexp,B2,3138,1.769881556683587,0.2440970006381621,-0.9487817485641353,0.0012746972594008922,0.3763718528082634,-0.8984196255648805,0.012746972594008922,0.30596285434995113,-0.8916950146627567,0.02198852772466539,0.42577216871471274,-0.8369239455330455,0.04047163798597833,0.32732834806254246,-0.797541128484025,0.06246016571064372,0.4678800856531049,-0.7022291220556747,0.10707456978967496,-0.044375398342893564,-0.7923753983428936,0.0019917144678138943,-0.7460082855321861,-0.07162205226258764,-0.8196220522625877,-0.2118387507966858,-0.9598387507966858,-0.17356230031948883,-0.9215623003194888,-0.06384189980481457,-0.8118418998048146,0.41551927616050355,-0.33248072383949645,0.9845581605049594,0.23655816050495937,7.393005098789038,7.342973231357552,11.0,3.0,0.8438495857233907,1185,0.3684210526315789,-0.15173288250211328,498,0.358148893360161,-0.45130522088353414,1455,0.38904299583911234,-0.09592822636300898,311,0.07741935483870968,0.3945578231292517,469,-0.42414529914529914,0.32903225806451614,405,-0.012345679012345678,0.395,498,-0.45130522088353414,0.358148893360161,436,0.05,0.4369158878504673,462,-0.4718004338394794,0.3804347826086957,391,-0.05025773195876289,0.34536082474226804,166,0.4621212121212121,0.39156626506024095,5.0,,rngexp,4.0,,,,,,,,,,-0.03233965276629208,-0.01958131891444198,-0.014114558202800831,-0.009685713301221366,0.0013216430285057923,0.0021740095902773038,-0.042212919601636395,0.0014676371817247146,-0.07427722365434203,-0.21903827645496968,-0.1941760808605512,-0.09886569765333192,0.3468618797546847,0.8442624042857674,3,2,-0.7022291220556747,0.23655816050495937
B2_tf5_N4_vol,B2,3149,1.7760857304004511,0.25397835773392746,-0.9265486950986632,0.0022229279136233727,0.37618580307491006,-0.8992103369316321,0.02921562400762147,0.3075390235802059,-0.8834201262039191,0.0438234360114322,0.42685851318944845,-0.8301342925659472,0.07303906001905366,0.31797070382279385,-0.8747416934619505,0.11114639568116863,0.46001552795031053,-0.7828408385093171,0.1819625277865989,-0.07383296284534772,-0.8218329628453477,-0.012464274372816768,-0.7604642743728167,-0.046840266751349634,-0.7948402667513497,-0.12440457288027945,-0.8724045728802794,-0.16605781448538756,-0.9140578144853876,-0.024816176470588234,-0.7728161764705882,0.3893711872360394,-0.3586288127639606,0.5442491060786651,-0.20375089392133494,6.378612257859638,6.363845665290569,10.0,3.0,0.7939028262940616,1257,0.38403990024937656,-0.19033412887828163,482,0.33613445378151263,-0.21939834024896265,1410,0.38316400580551524,-0.12615330021291696,349,-0.083810888252149,0.40683229813664595,482,-0.3008298755186722,0.38004246284501064,426,-0.15258215962441316,0.37073170731707317,482,-0.21939834024896265,0.33613445378151263,463,-0.01997840172786177,0.41402714932126694,432,-0.48897911832946633,0.3855140186915888,366,-0.07923497267759563,0.33611111111111114,149,0.47818791946308725,0.39864864864864863,5.0,,vol,4.0,,,,,,,,,,-0.022458295670526707,-0.019767368647795325,-0.012538388972546055,-0.008599368826485654,-0.008036001211242816,-0.005690548112517069,-0.07167048410409056,-0.012988351658905948,-0.04949543814310403,-0.13160409853856334,-0.18667159502644992,-0.05983997431910558,0.32071379083022056,0.403953349859473,1,1,-0.7828408385093171,-0.20375089392133494
B2_tf5_N4_vwap,B2,14905,8.406655386350819,0.25463336019339244,-0.925074939564867,0.0008721905400872191,0.3807398390478123,-0.8798556840467977,0.007916806440791681,0.30908103705714673,-0.8753245554499797,0.011472660181147266,0.4256904566584632,-0.8374346458846049,0.018584367661858437,0.3210628286742319,-0.8492316634375867,0.03039248574303925,0.4625622775800712,-0.7567366548042707,0.05736330090573633,-0.06014760147601476,-0.8081476014760147,-0.07972156994297215,-0.8277215699429722,-0.06415632338141564,-0.8121563233814156,-0.0960080509896008,-0.8440080509896009,-0.11819039913700108,-0.866190399137001,-0.06049567644855995,-0.8084956764485599,0.15598459766805817,-0.5920154023319418,0.5285764512852567,-0.21942354871474334,6.00110701107011,6.291076819859108,14.0,6.0,0.8831264676283126,5747,0.38116197183098594,-0.10668009105235511,2083,0.3389504092441021,-0.31668271545498317,7075,0.3927453769559033,-0.06899488926746167,1210,-0.126977518734388,0.37457627118644066,2309,-0.1784001743679163,0.3645878761447885,2228,-0.021435018050541516,0.4019030357951971,2083,-0.31668271545498317,0.3389504092441021,2061,-0.08958130477117819,0.4095378564405113,2088,-0.220616570327553,0.38672438672438675,2111,0.17,0.3780313837375178,815,-0.24692874692874692,0.40417690417690416,5.0,,vwap,4.0,,,,,,,,,,-0.021803293211061725,-0.01521333267489311,-0.010996375495605226,-0.009767425357470882,-0.004943876359804755,-0.0031437984827564214,-0.05798512273475759,-0.08024564722906133,-0.06681149477317003,-0.10320757664788469,-0.13880417967806344,-0.0955194742970773,0.0873272012622393,0.3882806950660646,1,1,-0.7567366548042707,-0.21942354871474334
B2_tf5_N6,B2,14963,8.439368302312465,0.25602087235750604,-0.9219530371956114,0.0010024727661565194,0.38207547169811323,-0.8741792452830189,0.008220276682483459,0.310279488394126,-0.8690326859308384,0.012430662300340841,0.42730496453900707,-0.8273439716312059,0.01998262380538662,0.32076253626191464,-0.8517090758392041,0.03241328610572746,0.4606821243707013,-0.7760082252003115,0.05747510525964045,-0.0726124440286039,-0.8206124440286039,-0.08442491478981487,-0.8324249147898148,-0.08494285905232908,-0.8329428590523291,-0.12026331617991044,-0.8682633161799105,-0.12715937352960946,-0.8751593735296095,-0.06320549435604515,-0.8112054943560452,0.1368033496967947,-0.6111966503032054,0.3847975372957613,-0.36320246270423867,5.994469691906703,6.289764753057542,14.0,6.0,0.8791686159192675,5659,0.3803648068669528,-0.17332325209037538,2161,0.3305478180129991,-0.4250697026022305,7143,0.39906963631237663,-0.00038710585585585586,1203,-0.0942211055276382,0.37851662404092073,2227,-0.3223981900452489,0.3645409317051108,2229,-0.06732070365358593,0.39719202898550726,2161,-0.4250697026022305,0.3305478180129991,2083,-0.052244208494208494,0.4154895275207014,2144,-0.13660881801125704,0.39672131147540984,2146,0.12763713080168776,0.37885874649204865,770,0.1623207301173403,0.41796875,5.0,,,6.0,,,,,,,,,,-0.020415781046948134,-0.013877700024592154,-0.009797924158625959,-0.008152917476927035,-0.0052441687721220265,-0.005023951692126327,-0.07044996528734673,-0.08494899207590405,-0.08759803044408347,-0.12746284183819434,-0.14777315407067182,-0.0982292922045625,0.06814595329097584,0.24450178107656928,2,2,-0.7760082252003115,-0.36320246270423867
B2_tf5_N8,B2,12648,7.133671742808799,0.2593589236248516,-0.914442421844084,0.001027830487033523,0.3838851216593538,-0.8664882329477465,0.008934218848829854,0.312099358974359,-0.8594783653846152,0.013282732447817837,0.42855988362695974,-0.8195007273315016,0.02166350411132195,0.3219408245225801,-0.8419881976887142,0.0353415559772296,0.4635482511588706,-0.7466304256215761,0.06190702087286527,-0.07123655913978495,-0.819236559139785,-0.0836298228969007,-0.8316298228969007,-0.06797517394054396,-0.815975173940544,-0.10371204933586338,-0.8517120493358634,-0.10223114858415526,-0.8502311485841553,-0.05250966806316468,-0.8005096680631647,0.19076287950460136,-0.5572371204953986,0.44079320113314446,-0.30720679886685553,5.94837128399747,6.191631087919038,13.0,6.0,0.8775300442757749,4788,0.3862433862433862,-0.12768195204038704,1860,0.3256064690026954,-0.4619330453563715,6000,0.4001679261125105,0.029710023466309084,1017,-0.06485148514851485,0.3874873864783047,1883,-0.33561093247588425,0.3658275307980718,1888,0.04512779552715655,0.4059989287627209,1860,-0.4619330453563715,0.3256064690026954,1749,0.04396551724137931,0.4184561810795125,1804,-0.11795872838817624,0.40222841225626743,1791,0.16315345699831366,0.37296690970274815,656,0.03363914373088685,0.42048929663608564,5.0,,,8.0,,,,,,,,,,-0.01707772977960259,-0.012068050063351599,-0.007978053578392985,-0.006897998388974369,-0.0040658805114565655,-0.0021578249039569952,-0.06907408039852779,-0.08415390018298988,-0.07063034533229835,-0.11091157499414726,-0.12284492912521762,-0.08753346591168201,0.1221054830987825,0.3004974449139524,4,2,-0.7466304256215761,-0.30720679886685553
B2_tf5_N8_strong,B2,9104,5.134799774393683,0.25272067714631197,-0.9293784764207981,0.0007688927943760984,0.3769529085872576,-0.8959501385041551,0.00867750439367311,0.30695603784084585,-0.8864808013355594,0.013071177504393672,0.4261191518007405,-0.8347553012453717,0.020979789103690687,0.3202592087312415,-0.8558615279672579,0.03383128295254833,0.46152946679139384,-0.7673229653882132,0.06063268892794376,-0.08076120386643233,-0.8287612038664324,-0.08792838312829525,-0.8359283831282952,-0.05505821616871705,-0.8030582161687171,-0.1000933655536028,-0.8480933655536028,-0.10505686209561665,-0.8530568620956167,-0.04630973648950424,-0.7943097364895042,0.16501314845804446,-0.5829868515419555,0.28608992900341834,-0.46191007099658166,6.011368629173989,6.273588532513181,13.0,6.0,0.8762082601054482,3514,0.3808013836840588,-0.1514024041213509,1369,0.3120879120879121,-0.4860601614086574,4221,0.3948938200906705,0.05714285714285714,714,-0.1318758815232722,0.3787661406025825,1386,-0.3371459694989107,0.3583394027676621,1414,0.020419034090909092,0.4038598999285204,1369,-0.4860601614086574,0.3120879120879121,1249,0.00984726688102894,0.41267262388302195,1296,-0.1295577967416602,0.3945736434108527,1220,0.31059356966199503,0.3684210526315789,456,0.039647577092511016,0.4185022026431718,5.0,,strong,8.0,,,,,,,,,,-0.023715976258142202,-0.01900026313544778,-0.013121374711906109,-0.009338730215193602,-0.005747496302795196,-0.004176609271433762,-0.07859872512517517,-0.08845246041438443,-0.057713387560471445,-0.10729289121188669,-0.12567064263667901,-0.08133353433802158,0.0963557520522256,0.1457941727842263,4,1,-0.7673229653882132,-0.46191007099658166
B2_tf5_N8_rngexp,B2,2253,1.2707275803722504,0.24,-0.958,0.0013315579227696406,0.37843933243121336,-0.8896328371673431,0.015978695073235686,0.3093065693430657,-0.8741405109489051,0.027075011096316024,0.42770238652316334,-0.8248600842302292,0.05148690634709276,0.3307655272026962,-0.7691844005777564,0.07811806480248558,0.47091836734693876,-0.6710867346938774,0.13004882379050156,-0.010763426542387928,-0.7587634265423879,0.08089214380825566,-0.6671078561917443,-0.00011096316023080337,-0.7481109631602308,-0.17609853528628494,-0.9240985352862849,-0.13446126447016918,-0.8824612644701691,-0.03986332574031891,-0.7878633257403189,0.6094463470319634,-0.13855365296803657,1.1021361815754338,0.3541361815754338,7.073790501553484,6.938082556591212,11.0,3.0,0.8291167332445628,872,0.36823529411764705,-0.1,360,0.35097493036211697,-0.6520833333333333,1021,0.3968253968253968,0.019438976377952756,237,-0.01694915254237288,0.40540540540540543,349,-0.3204022988505747,0.34782608695652173,286,0.09965034965034965,0.36395759717314485,360,-0.6520833333333333,0.35097493036211697,316,0.3412698412698413,0.4318181818181818,336,-0.41194029850746267,0.40718562874251496,266,-0.06653992395437262,0.34600760456273766,103,0.6577669902912622,0.3883495145631068,5.0,,rngexp,8.0,,,,,,,,,,-0.03643665340445418,-0.017513839291492028,-0.010770843209686243,-0.00775549549277077,0.004758822168659527,0.005212291284111159,-0.008600947801130762,0.08036806652216648,-0.0027661345519851997,-0.18329806094456882,-0.15507504501123154,-0.07488712358883626,0.5407889506261445,0.9618404253562418,3,3,-0.6710867346938774,0.3541361815754338
B2_tf5_N8_vol,B2,2603,1.4681331077270163,0.2568348093954563,-0.9201216788602236,0.002305032654629274,0.38345864661654133,-0.8683007518796996,0.029197080291970802,0.3168674698795181,-0.8344457831325302,0.043411448328851326,0.4344398340248963,-0.7827510373443982,0.07414521705724164,0.3233636757693975,-0.8302496749024708,0.11371494429504418,0.46801505174035746,-0.7008457196613362,0.18325009604302728,-0.010756819054936612,-0.7587568190549366,0.06300422589320015,-0.6849957741067998,0.01892047637341529,-0.7290795236265847,-0.09854014598540146,-0.8465401459854015,-0.07359723289777094,-0.821597232897771,0.10008087343307723,-0.6479191265669227,0.5222758229284904,-0.2257241770715096,0.6851380813953488,-0.06286191860465118,6.34527468305801,6.159719554360353,10.0,3.0,0.7894736842105263,1061,0.3931034482758621,-0.014608859566446749,387,0.3515625,-0.29198966408268734,1155,0.38563829787234044,-0.05459272097053726,281,-0.08540925266903915,0.41312741312741313,418,-0.08791866028708134,0.39803439803439805,362,0.125,0.37249283667621774,387,-0.29198966408268734,0.3515625,384,0.08919270833333333,0.4223433242506812,356,-0.43309859154929575,0.39488636363636365,296,0.057432432432432436,0.3333333333333333,119,0.3319327731092437,0.3728813559322034,5.0,,vol,8.0,,,,,,,,,,-0.019601844008997893,-0.012494525106164056,-0.0032099426732338787,-0.0010180479910378293,-0.002643029264639163,0.0023089756775298564,-0.008594340313679446,0.06248014860711097,0.016265304981660893,-0.10573967164368535,-0.0942110134388333,0.06505707558455989,0.45361842652267154,0.5448423251761567,4,4,-0.7008457196613362,-0.06286191860465118
B2_tf5_N8_vwap,B2,10945,6.173152848279752,0.2586427656850192,-0.9160537772087067,0.0010050251256281408,0.3833533044520232,-0.8687484560789014,0.008771128369118319,0.3122917437985931,-0.8584683450573865,0.012882594792142531,0.42870474057484137,-0.8185953714072414,0.020922795797167656,0.32364634608102993,-0.8279176448315031,0.03481041571493833,0.465009746588694,-0.7316500974658864,0.06258565555047967,-0.06678848789401554,-0.8147884878940155,-0.07482868889904065,-0.8228286888990406,-0.03990406578346277,-0.7879040657834627,-0.08108725445408863,-0.8290872544540886,-0.10205768877457284,-0.8500576887745729,-0.06797063742798737,-0.8159706374279874,0.2171424323520666,-0.5308575676479335,0.5167930660888408,-0.2312069339111592,5.847852900867976,6.098583828232069,13.0,6.0,0.876016445865692,4223,0.383045148895293,-0.1075602194133079,1579,0.32550761421319796,-0.47903430749682335,5143,0.4014484243491877,0.018362961515921077,885,-0.15831435079726652,0.3732558139534884,1676,-0.2627934978928356,0.3644578313253012,1662,0.0752720677146312,0.40693430656934304,1579,-0.47903430749682335,0.32550761421319796,1508,0.01015312916111851,0.4176193678547411,1529,-0.16398026315789474,0.39986868023637556,1534,0.2532786885245902,0.3769633507853403,572,-0.10183566433566434,0.4290718038528897,5.0,,vwap,8.0,,,,,,,,,,-0.017793887719434964,-0.012599867270682186,-0.00778566875415887,-0.006753141441092736,-0.002360358953006736,-0.0006963294741336168,-0.06462600915275837,-0.07535276618512983,-0.04255923717521717,-0.08828678011237251,-0.1226714693156352,-0.1029944352765047,0.14848503594624773,0.37649730986964874,3,2,-0.7316500974658864,-0.2312069339111592
B2_tf5_N12,B2,9813,5.534686971235194,0.2583146296674148,-0.9167920832483167,0.0011209619891980026,0.38107495881383857,-0.878431425041186,0.010292469173545296,0.31188579704148134,-0.860599565532223,0.014878222765718945,0.42843720638897587,-0.8202674600689008,0.023845918679302965,0.32139071443714223,-0.8465266058935768,0.038622235809640276,0.4612356478950246,-0.7703346090759979,0.06807296443493326,-0.07064608172831957,-0.8186460817283195,-0.08078569244879241,-0.8287856924487924,-0.05581881178029145,-0.8038188117802915,-0.07067155813716498,-0.818671558137165,-0.09586581862946246,-0.8438658186294624,-0.05587347830610759,-0.8038734783061076,0.19807196502634233,-0.5499280349736577,0.39698195395146235,-0.35101804604853765,5.872006521960665,6.094466523998777,13.0,6.0,0.8695607867115052,3698,0.380153930731171,-0.09871829833651487,1469,0.3326502732240437,-0.3813269493844049,4646,0.3971800433839479,-0.003247456159341849,756,-0.1288384512683578,0.37841530054644806,1487,-0.28634510869565216,0.3555404486743712,1455,0.1078838174273859,0.4062717770034843,1469,-0.3813269493844049,0.3326502732240437,1358,0.0014792899408284023,0.4147982062780269,1398,-0.19776657060518732,0.38533429187634793,1375,0.13424908424908424,0.38377192982456143,515,0.14445525291828792,0.4191033138401559,5.0,,,12.0,,,,,,,,,,-0.01812202373703936,-0.014878212908866817,-0.008191615511270622,-0.007020675626958239,-0.004615990596894437,-0.00447042816780302,-0.06848360298706241,-0.08130976973488159,-0.05847398317204585,-0.07787108379544887,-0.11647959917052482,-0.09089727615462492,0.12941456862052347,0.2566861977322703,4,3,-0.7703346090759979,-0.35101804604853765
B2_tf5_N12_strong,B2,7056,3.979695431472081,0.25361702127659574,-0.9273617021276594,0.0008503401360544217,0.37485681557846506,-0.9048585337915236,0.01020408163265306,0.30830096389008776,-0.8794199395770392,0.01488095238095238,0.428073740746117,-0.8225391203367687,0.02366780045351474,0.32302709069493524,-0.8330265017667839,0.03741496598639456,0.46186569431783653,-0.7638766332421756,0.06717687074829932,-0.0740858843537415,-0.8220858843537415,-0.07869189342403628,-0.8266918934240363,-0.03380102040816327,-0.7818010204081632,-0.04701672335600907,-0.795016723356009,-0.05758266818700114,-0.8055826681870011,-0.00321114157887141,-0.7512111415788714,0.22924793259478857,-0.5187520674052114,0.2929266597149809,-0.4550733402850191,5.981575963718821,6.153698979591836,13.0,6.0,0.8687641723356009,2720,0.3728053791557714,-0.11106997408367271,1101,0.3245214220601641,-0.34968065693430656,3235,0.39376947040498445,0.08675054364709538,532,-0.178842504743833,0.36046511627906974,1096,-0.2998621323529412,0.3462603878116344,1092,0.11095764272559852,0.40538033395176254,1101,-0.34968065693430656,0.3245214220601641,963,-0.03519290928050052,0.40990516332982085,999,-0.16817724068479356,0.37525150905432597,920,0.40737704918032785,0.3864628820960699,353,0.3046875,0.42165242165242167,5.0,,strong,12.0,,,,,,,,,,-0.022819632127858425,-0.021096356144240325,-0.011776448662664196,-0.007384141269817124,-0.002979614339101433,-0.0038403817449910727,-0.07192340561248434,-0.07921597071012546,-0.036456191799917666,-0.054216249014292964,-0.0781964487280635,-0.03823493942738875,0.1605905361889697,0.15263090349578884,3,3,-0.7638766332421756,-0.4550733402850191
B2_tf5_N12_rngexp,B2,1895,1.068809926677947,0.23784355179704017,-0.9628520084566595,0.0015831134564643799,0.3745298226759807,-0.9062482536270822,0.017941952506596307,0.3068552774755169,-0.8870097932535363,0.03007915567282322,0.42897091722595077,-0.8169317673378076,0.056464379947229554,0.32890940565493365,-0.7844974033467975,0.08548812664907651,0.4735872235872236,-0.643730958230958,0.14089709762532981,-0.015567282321899736,-0.7635672823218997,0.05659630606860158,-0.6914036939313984,-0.007255936675461741,-0.7552559366754618,-0.14986807387862797,-0.897868073878628,-0.14565677966101695,-0.893656779661017,-0.06012486427795874,-0.8081248642779587,0.7041839557399724,-0.04381604426002761,1.2250613246116109,0.4770613246116109,6.858179419525066,6.696306068601583,10.0,3.0,0.8189973614775725,751,0.35841313269493846,-0.16822429906542055,289,0.3680555555555556,-0.4818339100346021,855,0.39073634204275537,-0.011470588235294118,201,-0.145,0.3882978723404255,300,-0.34364548494983277,0.34121621621621623,250,0.023,0.3562753036437247,289,-0.4818339100346021,0.3680555555555556,268,0.23220973782771537,0.4230769230769231,281,-0.5741071428571428,0.4014336917562724,219,0.1875,0.35185185185185186,87,0.5574712643678161,0.3563218390804598,5.0,,rngexp,12.0,,,,,,,,,,-0.038593101607414,-0.021423349046724716,-0.013222135077235075,-0.0064869647899833405,0.0029027006208969808,0.007881147524396004,-0.01340480358064257,0.056072228782512404,-0.009911108067216137,-0.15706759953691185,-0.1662705602020793,-0.09514866212647607,0.6355265593341535,1.0847655683924189,4,3,-0.643730958230958,0.4770613246116109
B2_tf5_N12_vol,B2,2360,1.3310772701635645,0.2574341546304163,-0.9187731520815633,0.002542372881355932,0.3799126637554585,-0.8833711790393013,0.029661016949152543,0.3168141592920354,-0.8347256637168142,0.0423728813559322,0.4351005484460695,-0.7786215722120657,0.07288135593220339,0.320763723150358,-0.8516992840095468,0.11228813559322035,0.4658385093167702,-0.7231552795031055,0.18135593220338983,-0.004343220338983051,-0.752343220338983,0.05222457627118644,-0.6957754237288136,-0.0049788135593220335,-0.7529788135593221,-0.0972457627118644,-0.8452457627118644,-0.06941500635862653,-0.8174150063586265,0.0714126559714795,-0.6765873440285205,0.5628482972136223,-0.18515170278637771,0.6713661636219221,-0.07663383637807786,6.276377118644068,6.114830508474577,10.0,3.0,0.788135593220339,962,0.3906420021762786,-0.031185031185031187,356,0.34277620396600567,-0.21418539325842698,1042,0.3831041257367387,-0.05523535062439962,244,-0.10655737704918032,0.41964285714285715,381,-0.08005249343832022,0.3918918918918919,337,0.07863501483679525,0.36923076923076925,356,-0.21418539325842698,0.34277620396600567,355,0.04366197183098591,0.4222873900293255,324,-0.5178018575851393,0.390625,254,0.2263779527559055,0.3293172690763052,109,0.33715596330275227,0.3611111111111111,5.0,,vol,12.0,,,,,,,,,,-0.019002498774037868,-0.016040507967246875,-0.003263253260716581,-0.0003573335698646152,-0.005242981883678666,0.00013243325394257655,-0.0021807415977258848,0.051700498985097265,-0.007633984951076429,-0.10444528837014828,-0.09002878689968889,0.03638885812296216,0.4941909008078034,0.5310704074027301,4,3,-0.7231552795031055,-0.07663383637807786
B2_tf5_N12_vwap,B2,8869,5.002256063169769,0.2580426684727396,-0.9174039959363359,0.0011275228323373548,0.38161940553467716,-0.8761175264776223,0.009922200924568723,0.31270022883295195,-0.8563237986270023,0.014545044537151877,0.43023658395845354,-0.8090213502596653,0.02300146577968204,0.3237983587338804,-0.8266635404454867,0.038223024016236326,0.46267392619479736,-0.7555922565033268,0.06810237907317623,-0.06161912278723644,-0.8096191227872365,-0.06897620926823768,-0.8169762092682377,-0.027511557109031456,-0.7755115571090314,-0.050851279738414704,-0.7988512797384147,-0.09192761515770366,-0.8399276151577036,-0.07020567620360794,-0.818205676203608,0.2118523556324966,-0.5361476443675034,0.43904605712723793,-0.30895394287276207,5.791182771451122,6.01440410418311,13.0,6.0,0.8684180854662307,3404,0.37753882915173237,-0.08207407407407408,1304,0.3320522674865488,-0.3903002309468822,4161,0.4005324298160697,-0.006340579710144928,694,-0.20014556040756915,0.3651266766020864,1373,-0.22259013980868286,0.35298452468680913,1337,0.12264860797592174,0.4090909090909091,1304,-0.3903002309468822,0.3320522674865488,1220,-0.028577302631578948,0.4172901080631754,1240,-0.2372055239642567,0.38704453441295544,1237,0.23331977217249797,0.3866774979691308,464,0.029633620689655173,0.4298056155507559,5.0,,vwap,12.0,,,,,,,,,,-0.01839398493171457,-0.01433376618802823,-0.007377183719800007,-0.005221298057480561,-0.002208346300156261,-0.0030321498680302428,-0.05945664404597927,-0.06950028655432686,-0.030166728500785854,-0.05805080539669859,-0.11254139569876602,-0.1052294740521253,0.14319495922667774,0.2987503009080459,3,2,-0.7555922565033268,-0.30895394287276207
B2_tf5_N20,B2,6725,3.7930062041737167,0.2569599523596844,-0.9198401071907101,0.0011895910780669145,0.3829242583948201,-0.8705719018220147,0.012490706319702602,0.3139957588609512,-0.8495222659800061,0.01828996282527881,0.43157088122605364,-0.8006819923371646,0.02973977695167286,0.3217133031108332,-0.843865249335626,0.0487732342007435,0.46000324517280544,-0.7829667369787441,0.08356877323420074,-0.04211895910780669,-0.7901189591078067,-0.049144981412639406,-0.7971449814126395,-0.019442379182156133,-0.7674423791821561,-0.045501858736059476,-0.7935018587360595,-0.0764450434261755,-0.8244450434261755,-0.04291584233754375,-0.7909158423375438,0.22736022765316372,-0.5206397723468363,0.3555968726163234,-0.3924031273836766,5.834349442379182,6.022118959107806,12.0,5.0,0.8550185873605948,2546,0.37965558670404487,-0.12688193343898574,1022,0.3477406679764244,-0.15161923454367027,3157,0.39699296225207936,-0.011403508771929825,486,-0.1758298755186722,0.36129032258064514,1029,-0.3066732090284593,0.362475442043222,1031,0.07526881720430108,0.40532544378698226,1022,-0.15161923454367027,0.3477406679764244,977,0.06893004115226338,0.4306569343065693,931,-0.34463123644251625,0.3801295896328294,911,0.20741150442477876,0.3723756906077348,338,0.08160237388724036,0.41369047619047616,5.0,,,20.0,,,,,,,,,,-0.019476701044769784,-0.013028913327885305,-0.006081653691800748,-0.003887000789880468,-0.004293401923203488,-0.005702830890022159,-0.03995648036654952,-0.049669058698728584,-0.02209755057391053,-0.05270138439434337,-0.09705882396723786,-0.07793964018606109,0.15870283124734486,0.21530111639713134,4,3,-0.7829667369787441,-0.3924031273836766
B3_roll5,B3,76549,43.17484489565708,0.25568494046840246,-0.9227088839460944,0.0015545598244261845,0.3849195365940453,-0.8620919694753073,0.008830944884975636,0.3113705167695623,-0.863304786959798,0.01183555631033717,0.4295545911983174,-0.8132838050105162,0.01864165436517786,0.3220858895705521,-0.8407914110429451,0.029014095546643328,0.4610830384557133,-0.7718988558289388,0.05120902951050961,-0.020506472978092462,-0.7685064729780925,-0.05889691570105423,-0.8068969157010543,-0.08007122096829096,-0.828071220968291,-0.1018001261862825,-0.8498001261862825,-0.11772804479949044,-0.8657280447994904,-0.07223627336839429,-0.8202362733683943,0.03810922067521812,-0.709890779324782,0.22101354972058485,-0.5269864502794152,6.598933362943996,6.966750055519994,14.0,5.0,0.8901487935831951,27838,0.3806027118397615,-0.183640283563546,11390,0.3658838071693449,-0.2561296362339515,37321,0.393946757384308,-0.026471068087883402,5995,-0.1514329319993217,0.37576687116564417,11012,-0.35392039157739197,0.3702621243949219,10831,-0.028216333051404942,0.3938458660680883,11390,-0.2561296362339515,0.3658838071693449,10768,-0.04104723372224313,0.4016169972736674,10651,-0.05145024329739529,0.4046582086725999,11406,0.03621318622653261,0.38269213839246413,4496,-0.09146341463414634,0.37901785714285713,,,,,5.0,,,,,,,,,-0.020751712936051714,-0.011033635128660069,-0.008706895783189672,-0.005903290817616702,-0.0039208154634845505,-0.0046230376071143,-0.018343994236835297,-0.05942099298714341,-0.08272639236004535,-0.10899965184456638,-0.13834182534055278,-0.10726007121691164,-0.030548175730600743,0.0807177935013928,1,0,-0.7718988558289388,-0.5269864502794152
B3_roll10,B3,53541,30.19796954314721,0.2502056997531603,-0.9350371755553892,0.0012140228983395901,0.38266448420537713,-0.8716759421271472,0.007284137390037542,0.31003056719121475,-0.8703395222461228,0.010141760519975345,0.42720124591658437,-0.8279922130213477,0.01660409779421378,0.32153001688929833,-0.8453773606632888,0.02683924469098448,0.4598310744450992,-0.7847314869377333,0.049139911469714796,-0.02924861321230459,-0.7772486132123045,-0.07165069759623466,-0.8196506975962347,-0.09198806115383895,-0.839988061153839,-0.10585839246161355,-0.8538583924616135,-0.12641414999905565,-0.8744141499990556,-0.07225799691363904,-0.820257996913639,0.06614397074777996,-0.68185602925222,0.24479851793387705,-0.5032014820661229,6.565627276292934,6.8916297790478325,14.0,5.0,0.8904764572944099,19587,0.3782110801609409,-0.19548133595284872,7967,0.36211242752709855,-0.265935876314789,25987,0.39231930625992023,-0.03164618495761064,4098,-0.15619600098741052,0.373416149068323,7782,-0.3870085915126269,0.36649011755587135,7707,-0.023031935865422525,0.3926509186351706,7967,-0.265935876314789,0.36211242752709855,7465,-0.05163080254432264,0.4,7417,-0.05788647837358439,0.3991585233441911,7955,0.0374698336085355,0.38404335770103354,3150,-0.09702209414024976,0.3791348600508906,,,,,10.0,,,,,,,,,-0.026230953651293853,-0.013288687517328257,-0.010046845361537216,-0.008256636099349735,-0.004476688144738339,-0.005875001617728415,-0.027086134471047425,-0.07217477488232384,-0.09464323254559334,-0.11305791811989743,-0.147027930540118,-0.10728179476215638,-0.002513425658038901,0.104502761714685,1,0,-0.7847314869377333,-0.5032014820661229
B3_roll15,B3,43285,24.413423575860126,0.2516649708630099,-0.9317538155582278,0.0009472103500057756,0.38494638662107783,-0.8619778568604193,0.006745985907358207,0.3122302829550491,-0.858791014485992,0.00961071964883909,0.4290745175376814,-0.8162842653894915,0.015963959801316853,0.32287538268030475,-0.8342780928874858,0.026521889800161718,0.4616581192426415,-0.7660042777629246,0.04948596511493589,-0.03135035231604482,-0.7793503523160448,-0.07302183204343306,-0.821021832043433,-0.09478091889140795,-0.8427809188914079,-0.11969324584386376,-0.8676932458438638,-0.12964755551408844,-0.8776475555140885,-0.08706192482406383,-0.8350619248240638,0.05801714043698149,-0.6899828595630185,0.26128632850767386,-0.48671367149232614,6.493028762850872,6.826048284625159,14.0,5.0,0.89116322051519,15855,0.3819258693160107,-0.17920678441624688,6474,0.36294573643410855,-0.3021854098615648,20956,0.3940309965932537,-0.03877649325626204,3273,-0.1655613818630475,0.3746110765401369,6331,-0.36322188449848025,0.3709114004445856,6251,-0.0005250403877221325,0.39693053311793214,6474,-0.3021854098615648,0.36294573643410855,6039,-0.03180831524461513,0.3997326203208556,5952,0.0021258503401360546,0.40094738622906445,6446,-0.018418582824964804,0.38911353032659407,2519,-0.2038630904723779,0.3767885532591415,,,,,15.0,,,,,,,,,-0.024771682541444295,-0.011006785101627559,-0.00784712959770284,-0.006383364478252718,-0.0031313223537319246,-0.004047956820186105,-0.029187873574787655,-0.07354590932952224,-0.09743609028316234,-0.12689277150214764,-0.1502613360551508,-0.12208572267258117,-0.010640255968837373,0.12099057228848181,1,1,-0.7660042777629246,-0.48671367149232614
B3_roll30,B3,29178,16.456852791878173,0.24895368782161234,-0.9378542024013723,0.0009596271163205155,0.3817792660613802,-0.8754381192391344,0.007231475769415313,0.3098503740648379,-0.871285536159601,0.010487353485502776,0.4287608149595311,-0.8182449065029305,0.01761601206388375,0.32282547303021747,-0.8346898475007059,0.029131537459729934,0.46085067873303165,-0.7742805429864255,0.05322503255877716,-0.048246966892864486,-0.7962469668928644,-0.0948745630269381,-0.8428745630269381,-0.11987852583899526,-0.8678785258389953,-0.14146546980327418,-0.8894654698032742,-0.14223437013458812,-0.8902343701345881,-0.10548870076261106,-0.8534887007626111,0.03479039904438389,-0.7132096009556161,0.2337727570936526,-0.5142272429063474,6.295513743231202,6.6466173144149705,14.0,5.0,0.8869010898622249,10694,0.3778239909254183,-0.21098771266540642,4451,0.35880099166103224,-0.30492766726943943,14033,0.3920865887749982,-0.03811425282394417,2125,-0.207697807435653,0.3707810993249759,4294,-0.4508960150907805,0.3649566643241977,4275,0.02729309125206319,0.3942398489140699,4451,-0.30492766726943943,0.35880099166103224,4069,-0.08651462568170551,0.3961232604373757,4071,0.03292743538767395,0.40247218788627936,4281,-0.06758189959934009,0.3852996254681648,1612,-0.01658322903629537,0.3739130434782609,,,,,30.0,,,,,,,,,-0.02748296558284183,-0.014173905661325203,-0.010227038487914064,-0.006697067056402994,-0.003181232003819201,-0.004855397329795952,-0.04608448815160732,-0.09539864031302728,-0.12253369723074965,-0.14866499546155806,-0.16284815067565048,-0.1405124986111284,-0.03386699736143497,0.09347700087446056,2,1,-0.7742805429864255,-0.5142272429063474
B3_roll60,B3,18748,10.574168076706147,0.25040051265619995,-0.9345988465235502,0.001173458502240239,0.38094469550247473,-0.8789850441144825,0.008534243652656284,0.3093167701863354,-0.8740869565217392,0.012427992319180712,0.4309067131647777,-0.8048330427201396,0.0211222530403243,0.3243557128636213,-0.8220653688751243,0.03552378920418178,0.46245801787442364,-0.7578053167871579,0.06299338596116918,-0.056339342863238745,-0.8043393428632387,-0.09044964796244932,-0.8384496479624494,-0.09977297008547009,-0.8477729700854701,-0.09931745182012848,-0.8473174518201285,-0.10288171231399612,-0.8508817123139961,-0.09039239261121434,-0.8383923926112143,0.15841187977947715,-0.5895881202205229,0.28904490661014703,-0.45895509338985296,6.116852464262855,6.371772989118839,13.0,5.0,0.877373586515895,6894,0.37812408115260215,-0.14077420302629645,2903,0.3604289173296437,-0.18400971210544573,8951,0.38976953344575604,-0.047358320162564915,1328,-0.18797709923664122,0.3591331269349845,2814,-0.37355699855699853,0.3674785100286533,2752,0.11871559633027523,0.3980868285504047,2903,-0.18400971210544573,0.3604289173296437,2616,-0.09239969135802469,0.401854714064915,2589,-0.028680501174628035,0.4020217729393468,2706,-0.03583426651735722,0.3759733036707453,1040,-0.010406582768635044,0.3651252408477842,,,,,60.0,,,,,,,,,-0.026036140748254222,-0.01500847622023066,-0.01076064236641655,-0.0045511688511564174,-0.0016509921704153663,-0.003248058188403957,-0.054176864121981576,-0.0909737252485385,-0.10242814147722448,-0.10651697747841236,-0.12349549285505848,-0.12541619045973168,0.0897544833736583,0.148749150390955,1,1,-0.7578053167871579,-0.45895509338985296
B3_prev15m_range,B3,18222,10.277495769881556,0.254653269642563,-0.9250301433042334,0.0004939084622983208,0.38622671751506105,-0.8565364505609904,0.00707935462627593,0.31312683548512216,-0.8540841137031085,0.009603775655800681,0.4267714779506049,-0.8306782628087195,0.015640434639446824,0.31996615905245346,-0.8582791878172591,0.0270003292723082,0.4584634964711327,-0.7987491611708897,0.051366480079025355,-0.02181429041817583,-0.7698142904181758,-0.04729173526506421,-0.7952917352650642,-0.10631142590457365,-0.8543114259045737,-0.1316469617816882,-0.8796469617816882,-0.12702515897152336,-0.8750251589715233,-0.07482141852747623,-0.8228214185274763,-0.006871534741064056,-0.754871534741064,0.19787247718215709,-0.5501275228178429,6.138033695532872,6.573180770497201,14.0,5.0,0.8884864449566459,6807,0.3913301662707839,-0.10690472662616685,2591,0.3824099186361875,-0.29688715953307393,8824,0.38343208751139474,-0.0927161761350673,1614,-0.13520728643216082,0.36952380952380953,2611,-0.2239845261121857,0.39376443418013857,2582,0.02828538102643857,0.40226297307842374,2591,-0.29688715953307393,0.3824099186361875,2656,-0.16732954545454545,0.3910232027386839,2556,-0.027876280535855003,0.3838582677165354,2584,-0.04002726918582002,0.3827064753780535,1028,-0.19343780607247796,0.3647859922178988,,,,,,15.0,,,,,,,,-0.02178338376189115,-0.009726454207644342,-0.006950577067629804,-0.008686404065329223,-0.006040545981583212,-0.0072425795916948865,-0.019651811676918665,-0.047815812551153386,-0.10896659729632804,-0.13884648743997208,-0.14763893951258572,-0.10984521637599357,-0.07552893114688292,0.05757672096296504,1,0,-0.7987491611708897,-0.5501275228178429
B3_prev30m_range,B3,9657,5.446700507614213,0.251969320066335,-0.9310690298507462,0.0009319664492078285,0.38130625915846766,-0.8774483985765124,0.010665838252045149,0.3095913436285324,-0.8726454459502047,0.014290152221186705,0.4294485021700011,-0.8139468614374932,0.02174588381484933,0.3235798499464094,-0.8284662379421224,0.033861447654551104,0.45939982347749336,-0.7891518093556928,0.061406233820026926,-0.04258568913741328,-0.7905856891374132,-0.08121052086569328,-0.8292105208656932,-0.14553978450062163,-0.8935397845006217,-0.16718571576871172,-0.9151857157687118,-0.17441373534338359,-0.9224137353433836,-0.08378145837814584,-0.8317814583781459,0.10715871254162042,-0.6408412874583795,0.21101808033005703,-0.536981919669943,5.897613130371751,6.26941596769183,14.0,6.0,0.8786372579476027,3649,0.38345864661654133,-0.11192787794729542,1351,0.3913690476190476,-0.3933658170914543,4657,0.37670491448365445,-0.15992846303923694,882,-0.1577277970011534,0.3685446009389671,1377,-0.12583025830258301,0.38371239911958915,1390,-0.06959508315256688,0.39244186046511625,1351,-0.3933658170914543,0.3913690476190476,1393,-0.08212472806381436,0.3800145878920496,1351,-0.017015706806282723,0.4010455563853622,1397,-0.31869125090383227,0.35750179468772436,516,-0.3132295719844358,0.35658914728682173,,,,,,30.0,,,,,,,,-0.02446733333811918,-0.014646912564237724,-0.01048606892421955,-0.006009379845933027,-0.0024268550876272443,-0.006306252585334238,-0.04042321039615611,-0.08173459815178245,-0.14819495589237602,-0.1743852414269956,-0.19502751588444595,-0.11880525622666319,0.03850131613580156,0.07072232411086499,0,0,-0.7891518093556928,-0.536981919669943
B3_prev60m_range,B3,4817,2.7168640721940216,0.2617366015787287,-0.9090926464478605,0.0006227942702927133,0.3860931300897891,-0.857104197118396,0.005812746522731991,0.31244761106454316,-0.8576500419111484,0.0093419140543907,0.4371838111298482,-0.7656011804384484,0.01515466057712269,0.32612882516584635,-0.8074371923817678,0.029894124974050237,0.4608580274214949,-0.7742052189296775,0.061241436578783476,-0.052418517749636705,-0.8004185177496367,-0.07442391529997924,-0.8224239152999793,-0.09595015576323987,-0.8439501557632398,-0.10714285714285714,-0.8551428571428571,-0.11714673345856814,-0.8651467334585682,-0.1105718506013927,-0.8585718506013927,0.1366252821670429,-0.6113747178329572,0.28884054261581776,-0.45915945738418223,5.769202823334025,6.109819389661615,13.0,6.0,0.8714967822296035,1838,0.3776185226019846,-0.14025725232621786,670,0.40508221225710017,-0.2784857571214393,2309,0.38725065047701646,-0.051915542011319114,432,-0.17249417249417248,0.3669064748201439,702,-0.15028694404591106,0.3742857142857143,704,-0.11055634807417974,0.38737446197991393,670,-0.2784857571214393,0.40508221225710017,676,0.09263392857142858,0.4,670,0.07559880239520958,0.3787425149700599,690,-0.15451895043731778,0.3855072463768116,273,-0.46494464944649444,0.38095238095238093,,,,,,60.0,,,,,,,,-0.01470005182572548,-0.009860041632916261,-0.007629801488208798,0.0017259291139141153,0.00012212013180967762,-0.004848048641332703,-0.050256039008379536,-0.07494799258606842,-0.09860532715499426,-0.11434238280114102,-0.1377605139996305,-0.14559564844991005,0.06796788576122403,0.14854478639662572,2,2,-0.7656011804384484,-0.45915945738418223
B4_or5_break,B4,1490,0.8403835307388607,0.22617449664429531,-0.9891073825503355,0.0,0.38456375838926177,-0.8636040268456374,0.0,0.3201342281879195,-0.8172953020134227,0.0,0.4604026845637584,-0.6204832214765101,0.0,0.3452220726783311,-0.6499179004037687,0.0026845637583892616,0.4634146341463415,-0.748,0.009395973154362415,0.09446308724832214,-0.6535369127516779,0.13389261744966444,-0.6141073825503356,0.07466442953020135,-0.6733355704697986,-0.10251677852348993,-0.85051677852349,-0.14194630872483222,-0.8899463087248323,-0.13659274193548387,-0.8845927419354839,-0.02979011509817197,-0.777790115098172,0.4375854993160055,-0.3104145006839945,8.624496644295302,9.061241610738255,14.5,3.0,0.9442953020134228,561,0.39928698752228164,-0.16934046345811052,204,0.4264705882352941,-0.5955882352941176,725,0.36137931034482756,0.006896551724137931,139,-0.3776978417266187,0.4028776978417266,221,-0.6606334841628959,0.39819004524886875,201,0.5149253731343284,0.39800995024875624,204,-0.5955882352941176,0.4264705882352941,218,-0.4013761467889908,0.3394495412844037,215,-0.21627906976744185,0.3813953488372093,205,0.6951219512195121,0.36585365853658536,87,-0.040229885057471264,0.3563218390804598,,,,,,,5.0,,,,,,,-0.050262156760158855,-0.011389413333443621,5.681563516751753e-05,0.024944802547824274,0.019215367644294434,-0.0022914419164861144,0.0966255659895793,0.13336854016357524,0.07200925813844695,-0.10971630418177382,-0.16256008926589458,-0.1716165397840012,-0.09844751150399084,0.29728974309681344,2,2,-0.6204832214765101,-0.3104145006839945
B4_or5_break_strong,B4,1106,0.6238014664410604,0.2206148282097649,-1.001616636528029,0.0,0.38426763110307416,-0.8648625678119348,0.0,0.3209764918625678,-0.812873417721519,0.0,0.45750452079566006,-0.6385967450271246,0.0,0.3499546690843155,-0.6108739800543972,0.0027124773960217,0.46715328467153283,-0.7096788321167884,0.009041591320072333,0.0626130198915009,-0.6853869801084991,0.0922242314647378,-0.6557757685352622,-0.006781193490054249,-0.7547811934900542,-0.12703435804701627,-0.8750343580470162,-0.17970162748643762,-0.9277016274864376,-0.11843297101449275,-0.8664329710144928,0.07892335766423357,-0.6690766423357664,0.4979281767955801,-0.2500718232044199,8.845840867992766,9.130424954792044,15.0,3.0,0.9412296564195298,417,0.41247002398081534,-0.49280575539568344,162,0.41358024691358025,-0.6095679012345679,527,0.35294117647058826,0.20018975332068312,106,-0.36556603773584906,0.39622641509433965,160,-1.553125,0.425,151,0.5413907284768212,0.4105960264900662,162,-0.6095679012345679,0.41358024691358025,157,-0.13853503184713375,0.3248407643312102,154,-0.2727272727272727,0.37012987012987014,153,0.7320261437908496,0.3660130718954248,63,0.9087301587301587,0.3492063492063492,,,strong,,,,5.0,,,,,,,-0.055821825194689256,-0.01168554061963123,0.0008990793098158645,0.022046638779725958,0.023947964050278825,0.0014472086087052305,0.06477549863275807,0.09170015417864862,-0.009436364881808646,-0.13423388370530015,-0.20031540802749997,-0.1534567688630101,0.01026596125841471,0.35763242057638805,3,3,-0.6108739800543972,-0.2500718232044199
B4_or5_pullback,B4,1202,0.6779469825155104,0.22795341098169716,-0.9851048252911814,0.0,0.3735440931780366,-0.9104376039933444,0.0,0.2997502081598668,-0.9243114071606993,0.0008319467554076539,0.41903171953255425,-0.879051752921536,0.0033277870216306157,0.3157453936348409,-0.8931005025125625,0.0066555740432612314,0.4805414551607445,-0.5724500846023688,0.016638935108153077,-0.04326123128119801,-0.791261231281198,-0.1605657237936772,-0.9085657237936772,-0.19342762063227953,-0.9414276206322796,-0.23086522462562395,-0.978865224625624,-0.3175956738768719,-1.065595673876872,-0.35121035058430716,-1.0992103505843072,-0.03305084745762712,-0.7810508474576271,0.07562125107112254,-0.6723787489288775,7.366056572379367,8.016430948419302,14.0,4.0,0.9209650582362728,458,0.4039301310043668,-0.03111353711790393,146,0.3150684931506849,-1.1746575342465753,598,0.36454849498327757,-0.3277591973244147,111,-0.16216216216216217,0.38738738738738737,182,-0.06043956043956044,0.4230769230769231,165,0.0893939393939394,0.3939393939393939,146,-1.1746575342465753,0.3150684931506849,172,-0.9375,0.3430232558139535,186,-0.5766129032258065,0.34946236559139787,166,0.27259036144578314,0.41566265060240964,74,0.36824324324324326,0.33783783783783783,,,pullback,,,,5.0,,,,,,,-0.048483242422757006,-0.02240907854466878,-0.020327204392885156,-0.016426162483379858,-0.010261311399195783,0.014835379097916879,-0.04109875253994084,-0.1610898010797664,-0.19608279202403392,-0.23806475028390783,-0.3382094544179342,-0.3862341484328245,-0.10170824386344599,-0.06467450514806951,3,3,-0.5724500846023688,-0.6723787489288775
B4_or5_faildown_reclaim,B4,1431,0.8071065989847716,0.23270440251572327,-0.9744150943396228,0.0,0.3752620545073375,-0.9031362683438156,0.0,0.30118798043326345,-0.916763102725367,0.0,0.4304682040531097,-0.8075737246680645,0.0,0.3219034289713086,-0.8422967109867043,0.001397624039133473,0.4686398872445384,-0.6944411557434813,0.008385744234800839,-0.052061495457721874,-0.8000614954577219,-0.0847309573724668,-0.8327309573724668,-0.03651292802236199,-0.7845129280223619,-0.2887840670859539,-1.0367840670859538,-0.03756114605171209,-0.7855611460517121,0.18846153846153846,-0.5595384615384615,0.20073891625615764,-0.5472610837438423,-0.006201275690999292,-0.7542012756909993,9.214011180992314,9.544374563242489,15.0,2.0,0.9461914744933613,526,0.3973384030418251,-0.3018060836501901,204,0.3431372549019608,-0.3431372549019608,701,0.3680456490727532,0.24964336661911554,124,-0.875,0.24193548387096775,206,-0.14199029126213591,0.4563106796116505,196,-0.10714285714285714,0.4336734693877551,204,-0.3431372549019608,0.3431372549019608,207,0.13647342995169082,0.3719806763285024,213,0.004694835680751174,0.37089201877934275,203,0.4630541871921182,0.3448275862068966,78,0.6634615384615384,0.41025641025641024,,,faildown,,,,5.0,,,,,,,-0.043732250888730895,-0.02069111721536787,-0.018889432119488514,-0.0049896779628244015,-0.0041032760627280895,0.0029338111817108214,-0.049899016716464704,-0.08525503465855598,-0.039168099414116385,-0.2959835927442378,-0.05817492659277444,0.15343774061302112,0.13208151985033878,-0.14649703191019134,4,4,-0.6944411557434813,-0.5472610837438423
B4_or10_break,B4,1441,0.8127467569091935,0.23455933379597502,-0.9702414989590562,0.0,0.38584316446911865,-0.8581665510062456,0.0,0.32130464954892435,-0.8111505898681471,0.0,0.45246356696738377,-0.6701027064538514,0.0,0.34794711203897005,-0.6274363256784969,0.002775850104094379,0.47685834502103785,-0.6102019635343618,0.010409437890353921,0.10825815405968078,-0.6397418459403192,0.12161693268563498,-0.626383067314365,0.1568355308813324,-0.5911644691186676,0.16793893129770993,-0.58006106870229,0.2508674531575295,-0.4971325468424705,0.2816411682892907,-0.4663588317107093,0.48929073033707865,-0.25870926966292135,0.7133972992181947,-0.03460270078180527,8.377689104788342,8.16498959056211,15.0,3.0,0.9326856349757113,543,0.39779005524861877,0.3052486187845304,191,0.39267015706806285,0.468586387434555,707,0.37482319660537483,0.15028288543140028,131,0.25190839694656486,0.3969465648854962,218,-0.2213302752293578,0.38990825688073394,194,0.9329896907216495,0.4072164948453608,191,0.468586387434555,0.39267015706806285,214,-0.42990654205607476,0.3691588785046729,212,-0.12028301886792453,0.3490566037735849,197,1.0469543147208122,0.40609137055837563,84,0.20833333333333334,0.38095238095238093,,,,,,,10.0,,,,,,,-0.04187731960847915,-0.010110007253586739,0.0012272369961723872,0.017005684951449662,0.021940407004933382,0.011152268958210254,0.11042063280093795,0.1210928553995458,0.154180359489578,0.16073940563942604,0.23025367261646715,0.24661737044077336,0.4206333339312598,0.5731015429990027,5,5,-0.6102019635343618,-0.03460270078180527
B4_or10_break_strong,B4,1095,0.6175972927241963,0.23835616438356164,-0.9616986301369863,0.0,0.3917808219178082,-0.8329315068493149,0.0,0.32968036529680367,-0.7671780821917806,0.0,0.4611872146118721,-0.6155799086757994,0.0,0.3608058608058608,-0.521351648351648,0.0027397260273972603,0.48753462603878117,-0.5007700831024933,0.010958904109589041,0.09817351598173515,-0.6498264840182648,0.08105022831050228,-0.6669497716894977,0.07420091324200913,-0.6737990867579908,0.11894977168949772,-0.6290502283105023,0.31598173515981737,-0.43201826484018263,0.2332875457875458,-0.5147124542124542,0.4290009250693802,-0.3189990749306198,0.5463483146067416,-0.2016516853932584,8.525114155251142,8.325799086757991,15.0,3.0,0.9305936073059361,422,0.4052132701421801,0.22511848341232227,157,0.4012738853503185,0.26910828025477707,516,0.37790697674418605,0.40455426356589147,106,0.5259433962264151,0.39622641509433965,164,-0.6570121951219512,0.40853658536585363,152,0.9671052631578947,0.40789473684210525,157,0.26910828025477707,0.4012738853503185,160,-0.1953125,0.38125,153,0.02287581699346405,0.32679738562091504,146,1.3424657534246576,0.4041095890410959,57,0.7105263157894737,0.43859649122807015,,,strong,,,,10.0,,,,,,,-0.03808048902089253,-0.0041723498048971686,0.009602952744051707,0.025729332595938015,0.03479915577182413,0.02182854997595357,0.10033599472299232,0.0805261510244131,0.07154574185025474,0.11175024603121383,0.29536795461875504,0.19826374793902846,0.36034352866356134,0.40605255838754956,6,6,-0.5007700831024933,-0.2016516853932584
B4_or10_pullback,B4,1152,0.649746192893401,0.2378472222222222,-0.96284375,0.0,0.3541666666666667,-0.9927916666666664,0.0,0.2893136403127715,-0.9791033883579495,0.0008680555555555555,0.41238012205754143,-0.9206242371403661,0.004340277777777778,0.31496062992125984,-0.8995748031496065,0.0078125,0.4814159292035398,-0.5634867256637166,0.019097222222222224,0.01171875,-0.73628125,-0.026909722222222224,-0.7749097222222222,-0.07877604166666667,-0.8267760416666666,-0.06163194444444445,-0.8096319444444444,-0.1291232638888889,-0.8771232638888888,0.0855836236933798,-0.6624163763066202,0.18187889581478184,-0.5661211041852181,0.260623869801085,-0.487376130198915,7.126519097222222,7.439019097222222,15.0,4.0,0.9157986111111112,442,0.3733031674208145,0.16346153846153846,144,0.3055555555555556,-0.6597222222222222,566,0.35159010600706714,-0.2226148409893993,107,-0.06775700934579439,0.3644859813084112,173,0.05491329479768786,0.37572254335260113,162,0.43209876543209874,0.3765432098765432,144,-0.6597222222222222,0.3055555555555556,160,-0.9640625,0.33125,176,-0.46732954545454547,0.35795454545454547,164,0.20579268292682926,0.3719512195121951,66,1.1628787878787878,0.3333333333333333,,,pullback,,,,10.0,,,,,,,-0.03858943118223196,-0.0417865050560387,-0.030763772239980447,-0.023077759958392674,-0.011046075112776832,0.015709853140712216,0.013881228741257166,-0.027433799508311405,-0.08143121305842106,-0.06883147010272833,-0.14973704442995125,0.050559825844862454,0.11322149940896298,0.12032811358189294,4,4,-0.5634867256637166,-0.487376130198915
B4_or10_faildown_reclaim,B4,1351,0.7619853355893965,0.23760177646188008,-0.9633960029607698,0.0,0.3814814814814815,-0.8767037037037037,0.0007401924500370096,0.3088888888888889,-0.8763333333333333,0.0007401924500370096,0.43661971830985913,-0.7691267605633803,0.0014803849000740192,0.31997030438010393,-0.858244988864143,0.0029607698001480384,0.45400149588631267,-0.8444846671652952,0.010362694300518135,0.02535159141376758,-0.7226484085862324,0.08327165062916358,-0.6647283493708365,0.0766099185788305,-0.6713900814211695,-0.02220577350111029,-0.7702057735011103,-0.25962962962962965,-1.0076296296296297,-0.011111111111111112,-0.7591111111111111,-0.033819133034379674,-0.7818191330343797,-0.2335725075528701,-0.9815725075528701,9.041635825314582,9.550518134715025,15.0,3.0,0.9430051813471503,485,0.4061855670103093,-0.4438144329896907,194,0.4072164948453608,-0.3917525773195876,672,0.3561847988077496,-0.088301043219076,121,-0.4090909090909091,0.33884297520661155,187,-0.022727272727272728,0.46524064171123,177,-0.9124293785310734,0.3898305084745763,194,-0.3917525773195876,0.4072164948453608,197,0.08883248730964467,0.36548223350253806,210,-0.25478468899521534,0.3253588516746411,193,-0.04792746113989637,0.35751295336787564,72,-0.19791666666666666,0.4166666666666667,,,faildown,,,,10.0,,,,,,,-0.03883487694257409,-0.014471690241223911,-0.011188523663863081,0.0011618362939250226,-0.006036400653932739,-0.011704580176514934,0.027514070155024745,0.08274757334307441,0.0739547471870761,-0.029405299159394178,-0.280243410170692,-0.046134908959628455,-0.10247652944019853,-0.37386826377206217,1,1,-0.7691267605633803,-0.6647283493708365
B4_or15_break,B4,1398,0.7884940778341794,0.24248927038626608,-0.9523991416309012,0.0,0.4027181688125894,-0.7864477825464952,0.0,0.3311874105865522,-0.7592660944206009,0.0,0.4563662374821173,-0.6457110157367667,0.0,0.34935437589670015,-0.6158263988522239,0.002861230329041488,0.4938539407086045,-0.4359971077368041,0.01072961373390558,0.1351931330472103,-0.6128068669527897,0.1555793991416309,-0.5924206008583691,0.17525035765379113,-0.5727496423462088,0.17632331902718168,-0.5716766809728183,0.3367310443490701,-0.4112689556509299,0.24014336917562723,-0.5078566308243728,0.5503988397389412,-0.19760116026105878,0.8878676470588235,0.13986764705882349,8.12321173104435,7.88340486409156,14.0,3.0,0.9213161659513591,532,0.40977443609022557,0.462406015037594,188,0.3776595744680851,0.30186170212765956,678,0.40412979351032446,0.24778761061946902,128,0.525390625,0.390625,211,-0.21682464454976302,0.38388625592417064,193,1.1632124352331605,0.45077720207253885,188,0.30186170212765956,0.3776595744680851,203,0.10837438423645321,0.3694581280788177,202,0.23886138613861385,0.3811881188118812,191,0.38219895287958117,0.450261780104712,82,0.3018292682926829,0.43902439024390244,,,,,,,15.0,,,,,,,-0.03394738301818809,0.0067649970898840395,0.01110999803380025,0.020908355466183193,0.023347670862663483,0.0281478646457769,0.13735561178846747,0.15505532185554172,0.17259518626203674,0.1691237933688978,0.31611726380800775,0.2051195713271099,0.48174144333312235,0.7475718908396314,7,7,-0.4359971077368041,0.13986764705882349
B4_or15_break_strong,B4,1039,0.5860124083474337,0.2386910490856593,-0.9609451395572666,0.0,0.4109720885466795,-0.7513686236766123,0.0,0.3397497593840231,-0.7143137632338787,0.0,0.4667949951876805,-0.5805312800769973,0.0,0.3561776061776062,-0.5595347490347489,0.0028873917228103944,0.5019455252918288,-0.35305836575875493,0.010587102983638113,0.13570741097208855,-0.6122925890279114,0.13017324350336862,-0.6178267564966313,0.11958614051973052,-0.6284138594802695,0.19393647738209818,-0.5540635226179018,0.4124157844080847,-0.3355842155919153,0.29126447876447875,-0.45673552123552125,0.6685365853658537,-0.0794634146341463,1.0298913043478262,0.28189130434782617,8.359480269489895,7.958614051973051,15.0,3.0,0.9230028873917228,400,0.4175,0.3375,152,0.3815789473684211,0.32401315789473684,487,0.41478439425051333,0.5015400410677618,97,0.8221649484536082,0.36082474226804123,158,-0.5443037974683544,0.41139240506329117,145,0.9741379310344828,0.46206896551724136,152,0.32401315789473684,0.3815789473684211,149,0.31543624161073824,0.3959731543624161,141,0.3280141843971631,0.3900709219858156,141,0.6737588652482269,0.4397163120567376,56,1.0,0.4642857142857143,,,strong,,,,15.0,,,,,,,-0.03774560431879487,0.015018916823974104,0.019672346831271115,0.03133711317174637,0.030170901143569517,0.036239449229001186,0.1378698897133457,0.12964916621727943,0.11693096912797613,0.1867369517238143,0.39180200386702235,0.2562406809159614,0.5998791889600348,0.8895955481286342,7,7,-0.35305836575875493,0.28189130434782617
B4_or15_pullback,B4,1121,0.6322617033276932,0.24264049955396966,-0.9520588760035682,0.0,0.3621766280107047,-0.958749330954505,0.0,0.2966934763181412,-0.9403592493297586,0.001784121320249777,0.41973094170403585,-0.874681614349776,0.0053523639607493305,0.31801801801801804,-0.874351351351351,0.009812667261373774,0.46897810218978103,-0.6909744525547448,0.02230151650312221,-0.04973238180196253,-0.7977323818019625,-0.08697591436217662,-0.8349759143621767,-0.06199821587867975,-0.8099982158786797,-0.11329170383586083,-0.8612917038358608,-0.26672613737734163,-1.0147261373773415,0.10273052820053716,-0.6452694717994628,0.56146408839779,-0.18653591160220995,0.8720712277413308,0.12407122774133084,7.179527207850134,7.329393398751115,15.0,4.0,0.9223907225691347,428,0.3901869158878505,0.125,137,0.35036496350364965,-0.6678832116788321,556,0.3435251798561151,-0.4694244604316547,100,-0.0775,0.4,170,0.1338235294117647,0.4176470588235294,158,0.24367088607594936,0.35443037974683544,137,-0.6678832116788321,0.35036496350364965,161,-0.967391304347826,0.2919254658385093,169,-0.5014792899408284,0.35502958579881655,161,-0.09472049689440994,0.38509316770186336,65,-0.08076923076923077,0.3384615384615385,,,pullback,,,,15.0,,,,,,,-0.03379615385048451,-0.03377654371200067,-0.02338393623461077,-0.015726940311898252,-0.007988687016018625,0.003272026126953431,-0.04756990306070536,-0.0874999916482658,-0.06465338727043414,-0.12049122949414472,-0.28733991791840396,0.06770673035201982,0.4928066919919712,0.7317754715221387,2,2,-0.6909744525547448,0.12407122774133084
B4_or15_faildown_reclaim,B4,1295,0.730400451212634,0.258887171561051,-0.9155038639876352,0.0007722007722007722,0.40789473684210525,-0.7644473684210525,0.0023166023166023165,0.33694810224632066,-0.7290224632068167,0.003088803088803089,0.44763382467028706,-0.7002885958107057,0.004633204633204633,0.3271173271173271,-0.7992820512820513,0.006177606177606178,0.46364347146207974,-0.7456544175136826,0.012355212355212355,0.06023166023166023,-0.6877683397683398,0.1799227799227799,-0.5680772200772201,0.12548262548262548,-0.6225173745173745,0.0722565687789799,-0.6757434312210201,-0.006187161639597835,-0.7541871616395979,0.2012006196746708,-0.5467993803253293,0.16810344827586207,-0.5798965517241379,0.043417922283901664,-0.7045820777160983,8.704440154440155,8.878957528957528,14.0,2.0,0.9420849420849421,459,0.4410480349344978,0.10784313725490197,193,0.35233160621761656,-1.0038860103626943,643,0.40093603744149764,0.2125585023400936,118,-0.4004237288135593,0.3728813559322034,175,0.6242857142857143,0.5028571428571429,166,-0.07530120481927711,0.42424242424242425,193,-1.0038860103626943,0.35233160621761656,189,0.6190476190476191,0.42857142857142855,204,0.15841584158415842,0.39603960396039606,184,0.1956521739130435,0.3858695652173913,66,-0.7386363636363636,0.3787878787878788,,,faildown,,,,15.0,,,,,,,-0.01754948184340316,0.011941565119399866,0.016870689693568697,0.012175942654352956,0.0011106220832904357,-0.0020626046007478638,0.0623941389729174,0.17939870263669072,0.12282745409087109,0.06505704312069602,-0.02680094218066019,0.16617682182615345,0.09944605187004321,-0.09687783393529038,4,4,-0.7002885958107057,-0.5467993803253293
B4_or30_break,B4,1294,0.7298364354201917,0.2472952086553323,-0.9415857805255023,0.0,0.3964451313755796,-0.8131081916537868,0.0,0.3361669242658423,-0.7331236476043279,0.0,0.4431554524361949,-0.7282784222737817,0.0007727975270479134,0.3491078355314197,-0.6178603568657874,0.0038639876352395673,0.47417840375586856,-0.6376713615023475,0.012364760432766615,0.08442812982998454,-0.6635718701700155,0.02125193199381762,-0.7267480680061824,-0.05583462132921175,-0.8038346213292118,-0.01970633693972179,-0.7677063369397218,-0.0848145285935085,-0.8328145285935085,0.1429124709527498,-0.6050875290472502,0.1957547169811321,-0.5522452830188679,0.4678,-0.2802,7.275115919629057,7.393353941267388,15.0,4.0,0.9234930448222566,497,0.38832997987927564,0.16398390342052313,172,0.43023255813953487,-0.251453488372093,625,0.3936,-0.2368,117,0.297008547008547,0.41025641025641024,198,0.06818181818181818,0.35858585858585856,182,0.18269230769230768,0.4065934065934066,172,-0.251453488372093,0.43023255813953487,184,-0.06929347826086957,0.3858695652173913,188,-0.14361702127659576,0.3670212765957447,179,-0.44273743016759776,0.441340782122905,74,-0.3918918918918919,0.36486486486486486,,,,,,,30.0,,,,,,,-0.029141444749121864,0.0004919596528741854,0.016089511713090365,0.007697570420260813,0.02310113049738305,0.00847232769304096,0.0865906085712417,0.02072785470772844,-0.05848979272096615,-0.02690586259800568,-0.10542830913457087,0.10788867310423247,0.12709732057531323,0.32750424378080795,3,3,-0.6178603568657874,-0.2802
B4_or30_break_strong,B4,948,0.5346869712351946,0.24472573839662448,-0.9473670886075949,0.0,0.4029535864978903,-0.785447257383966,0.0,0.34282700421940926,-0.6981582278481013,0.0,0.4498416050686378,-0.6864899683210137,0.0010548523206751054,0.3559322033898305,-0.5615593220338986,0.004219409282700422,0.4748663101604278,-0.6306203208556151,0.013713080168776372,0.06540084388185655,-0.6825991561181435,-0.019514767932489453,-0.7675147679324894,-0.09889240506329114,-0.8468924050632911,-0.04588607594936709,-0.7938860759493671,-0.12078059071729957,-0.8687805907172996,0.11455026455026456,-0.6334497354497355,0.31498388829215895,-0.43301611170784104,0.5866013071895425,-0.1613986928104575,7.445938818565401,7.47626582278481,16.0,4.0,0.9240506329113924,362,0.39502762430939226,0.10842541436464088,133,0.42857142857142855,-0.6578947368421053,453,0.40176600441501104,-0.14624724061810154,87,0.3448275862068966,0.41379310344827586,138,-0.2753623188405797,0.34057971014492755,137,0.3448905109489051,0.43795620437956206,133,-0.6578947368421053,0.42857142857142855,137,-0.023722627737226276,0.39416058394160586,133,-0.40977443609022557,0.3609022556390977,135,-0.12222222222222222,0.45925925925925926,48,0.16666666666666666,0.375,,,strong,,,,30.0,,,,,,,-0.03171091500782969,0.007000414775184927,0.0227495916666573,0.01438372305270369,0.029925498355793834,0.009160234097600195,0.06756332262311371,-0.020038845218578634,-0.10154757645504553,-0.05308560160765098,-0.14139437125836193,0.0795264667017472,0.2463264918863401,0.44630555097035046,3,3,-0.5615593220338986,-0.1613986928104575
B4_or30_pullback,B4,1041,0.5871404399323181,0.23823246878001922,-0.9619769452449567,0.0,0.3528846153846154,-0.9982403846153843,0.0009606147934678194,0.274831243972999,-1.0551359691417552,0.0038424591738712775,0.4060077519379845,-0.9604515503875968,0.008645533141210375,0.3073170731707317,-0.9626341463414632,0.01536983669548511,0.45779543197616684,-0.8055968222442902,0.03266090297790586,-0.024975984630163303,-0.7729759846301633,-0.046589817483189244,-0.7945898174831892,0.027857829010566763,-0.7201421709894332,-0.13304514889529298,-0.881045148895293,-0.3376560999039385,-1.0856560999039386,-0.2509661835748792,-0.9989661835748792,0.06068931068931069,-0.6873106893106893,0.4854591836734694,-0.2625408163265306,6.6685878962536025,7.062920268972142,14.0,5.0,0.9116234390009607,400,0.3725,-0.25375,126,0.31746031746031744,-0.7837301587301587,515,0.3463035019455253,-0.2936893203883495,91,-0.2802197802197802,0.37362637362637363,165,-0.4257575757575758,0.36363636363636365,144,-0.03993055555555555,0.3819444444444444,126,-0.7837301587301587,0.31746031746031744,148,-0.6013513513513513,0.29931972789115646,159,-0.7295597484276729,0.3584905660377358,147,0.5204081632653061,0.3401360544217687,61,-0.3729508196721312,0.4426229508196721,,,pullback,,,,30.0,,,,,,,-0.03820418462443495,-0.04306855633808998,-0.04524616857975294,-0.02945013007794961,-0.018689631863304967,-0.007910644086660756,-0.022813505888906137,-0.04711389476927842,0.025202657618812366,-0.14024467455357686,-0.35826988044500085,-0.28598998142339654,-0.007968085716508172,0.34516342745427736,1,1,-0.8055968222442902,-0.2625408163265306
B4_or30_faildown_reclaim,B4,1167,0.6582064297800339,0.24721030042918454,-0.9417768240343347,0.001713796058269066,0.39208942390369733,-0.8316199484092862,0.003427592116538132,0.31411359724612736,-0.8489036144578315,0.004284490145672665,0.43005181347150256,-0.810176165803109,0.007712082262210797,0.3061578490893322,-0.9721977450130095,0.011996572407883462,0.44589877835951136,-0.9275375218150084,0.017994858611825194,-0.03620394173093402,-0.784203941730934,-0.06212510711225364,-0.8101251071122536,-0.08390557939914163,-0.8319055793991417,-0.16165090283748926,-0.9096509028374893,-0.403184165232358,-1.151184165232358,-0.4069516407599309,-1.154951640759931,-0.3240578439964943,-1.0720578439964943,-0.38985701519213584,-1.137857015192136,7.824121679520137,8.768423307626392,14.0,3.0,0.9365895458440445,413,0.42718446601941745,-0.4538834951456311,177,0.3615819209039548,-0.6065340909090909,577,0.37630662020905925,-0.3044425087108014,103,-0.5436893203883495,0.3883495145631068,155,-0.19155844155844157,0.461038961038961,155,-0.6548387096774193,0.41935483870967744,177,-0.6065340909090909,0.3615819209039548,172,0.28343023255813954,0.4186046511627907,178,-0.9857142857142858,0.37714285714285717,168,-0.20238095238095238,0.3392857142857143,59,-0.288135593220339,0.3559322033898305,,,faildown,,,,30.0,,,,,,,-0.029226352975269626,-0.0038637478190080565,-0.005963815306624598,-0.0054060685444315415,-0.01984885594470448,-0.01980729770331624,-0.03404146298967685,-0.06264918439834283,-0.08656075079089602,-0.16885042849577314,-0.42379794577342034,-0.44197543860844823,-0.39271524040231315,-0.5301527714113279,1,1,-0.810176165803109,-0.784203941730934
B5_tf1_q0.5_boxbreak,B5,3076,1.7349125775521714,0.263739837398374,-0.9045853658536587,0.00032509752925877764,0.3890696161353286,-0.8444541314248534,0.0006501950585175553,0.3078424991864627,-0.8818268792710706,0.0009752925877763329,0.42036553524804177,-0.870715404699739,0.0039011703511053317,0.3179267084846484,-0.8751046550016508,0.01527958387516255,0.4530292716133424,-0.8544499659632405,0.044863459037711315,-0.029340052015604683,-0.7773400520156046,-0.06713263979193758,-0.8151326397919376,-0.08390243902439025,-0.8319024390243902,-0.08843150016270745,-0.8364315001627074,-0.09480794270833333,-0.8428079427083334,-0.13077799479166666,-0.8787779947916666,0.17143797301743996,-0.57656202698256,0.4405301709103593,-0.3074698290896407,4.6028120936280885,4.99861833550065,14.0,9.0,0.8832899869960988,1382,0.38160753077480086,-0.18278985507246376,335,0.417910447761194,-0.4701492537313433,1359,0.3895434462444772,0.0873249815770081,322,-0.26475155279503104,0.33229813664596275,481,-0.3494791666666667,0.35550935550935553,579,0.0012975778546712802,0.43079584775086505,335,-0.4701492537313433,0.417910447761194,294,0.4684300341296928,0.4557823129251701,415,-0.4753012048192771,0.36626506024096384,473,0.2537076271186441,0.3771186440677966,177,0.3319209039548023,0.3672316384180791,1.0,,boxbreak,,,,,0.5,,,,,,-0.012696816006080192,-0.0068835555873767995,-0.012234913366289235,-0.01509234676789234,-0.00807999654938829,-0.012676804449485213,-0.027177573274347517,-0.06765671707802676,-0.08655761041614464,-0.09563102582099134,-0.11542172324939569,-0.165801792640184,0.1027805766116211,0.30023441469116724,4,3,-0.8444541314248534,-0.3074698290896407
B5_tf1_q0.5_expbar,B5,409,0.23068245910885504,0.21026894865525672,-1.0248948655256724,0.0,0.3691931540342298,-0.9289290953545233,0.0,0.30073349633251834,-0.9191491442542787,0.0,0.4520884520884521,-0.6724471744471745,0.004889975550122249,0.36069651741293535,-0.5222537313432836,0.017114914425427872,0.4883720930232558,-0.49218604651162834,0.05378973105134474,-0.0910757946210269,-0.8390757946210269,-0.034229828850855744,-0.7822298288508558,0.04339853300733496,-0.704601466992665,0.19621026894865526,-0.5517897310513448,-0.011002444987775062,-0.759002444987775,-0.18337408312958436,-0.9313740831295844,0.6959798994974874,-0.0520201005025126,0.5913838120104439,-0.15661618798955612,5.03361858190709,4.951100244498778,16.0,9.0,0.8728606356968215,219,0.3926940639269406,-0.273972602739726,44,0.38636363636363635,-0.30113636363636365,146,0.3287671232876712,0.4708904109589041,63,-0.15476190476190477,0.3333333333333333,81,-0.6944444444444444,0.38271604938271603,75,0.08,0.4533333333333333,44,-0.30113636363636365,0.38636363636363635,38,1.013157894736842,0.3157894736842105,36,-0.5347222222222222,0.3055555555555556,46,1.391304347826087,0.391304347826087,26,-0.5576923076923077,0.2692307692307692,1.0,,expbar,,,,,0.5,,,,,,-0.06616770474919745,-0.02676001768847558,-0.019343916220233626,0.016630570072518003,0.03468981237889868,0.022666016960428192,-0.08891331587976974,-0.03475390613694492,0.040743361615580564,0.18901074329037137,-0.031616225528837416,-0.2183978809781017,0.6273225030916685,0.45108805579125183,3,3,-0.49218604651162834,-0.0520201005025126
B5_tf1_q0.7_boxbreak,B5,11272,6.357586012408348,0.26371382922066394,-0.9046438842535061,0.0005322924059616749,0.3945989162299014,-0.8209546060229191,0.0013307310149041874,0.3210633946830266,-0.8124171779141105,0.0022178850248403123,0.435650623885918,-0.7751836007130122,0.0046132008516678496,0.3307560909826486,-0.7692622493931494,0.01321859474804826,0.47184394552815606,-0.6615995583364003,0.03584102200141945,-0.016212739531582684,-0.7642127395315826,-0.04107523066004258,-0.7890752306600426,-0.04134487350199734,-0.7893448735019973,-0.023936406430411228,-0.7719364064304113,-0.01885617717691008,-0.7668561771769101,-0.03339414434457595,-0.781394144344576,0.20038689121529357,-0.5476131087847065,0.31292300147130947,-0.43507699852869053,5.36610628105039,5.594481902058197,15.0,7.0,0.8948722498225692,4295,0.38992537313432835,-0.14352392065344224,1559,0.38817480719794345,-0.09147909967845659,5418,0.4001477923517458,0.10091615769017212,882,-0.1515323496027242,0.36560364464692485,1663,-0.2221049457177322,0.3824413710162357,1750,-0.06486254295532647,0.40927303949627936,1559,-0.09147909967845659,0.38817480719794345,1504,0.26468624833110815,0.4151696606786427,1564,0.05966090850927703,0.3941138835572617,1696,0.047752808988764044,0.39433293978748524,654,-0.038786482334869435,0.39509954058192953,1.0,,boxbreak,,,,,0.7,,,,,,-0.012722824183790227,-0.0013542554928039907,0.0009859821302746208,0.00019274186998391452,0.004749385948611906,0.0061378694653284604,-0.014050260790325519,-0.04159930794613176,-0.044000044893751734,-0.031135932088695115,-0.03946995771797243,-0.0684179421930933,0.1317294948094747,0.17262724525211742,3,3,-0.6615995583364003,-0.43507699852869053
B5_tf1_q0.7_expbar,B5,1339,0.7552171460800903,0.24122479462285287,-0.9552442120985811,0.0,0.3962546816479401,-0.8139176029962547,0.002987303958177745,0.33233308327081773,-0.7532513128282068,0.004480955937266617,0.4529721595184349,-0.666924003009782,0.0074682598954443615,0.3549124143183549,-0.5699725818735724,0.019417475728155338,0.49369085173501576,-0.43766876971608837,0.05302464525765497,-0.05899925317401045,-0.8069992531740104,-0.018110530246452577,-0.7661105302464526,-0.008961911874533234,-0.7569619118745332,0.10239162929745889,-0.6456083707025411,-0.05740463724756918,-0.8054046372475692,-0.044194756554307116,-0.7921947565543072,0.4468973747016706,-0.3011026252983294,0.15089897260273974,-0.5971010273972602,5.812173263629575,5.640029873039582,15.0,5.0,0.8946975354742345,587,0.3910806174957118,-0.29273504273504275,173,0.3930635838150289,0.02745664739884393,579,0.40241796200345425,0.15500863557858377,154,-0.28921568627450983,0.33774834437086093,215,-0.4030373831775701,0.397196261682243,218,-0.18692660550458715,0.42201834862385323,173,0.02745664739884393,0.3930635838150289,174,0.521551724137931,0.4367816091954023,137,0.30474452554744524,0.4233576642335766,175,-0.07571428571428572,0.41714285714285715,93,-0.3172043010752688,0.27956989247311825,1.0,,expbar,,,,,0.7,,,,,,-0.035211858781601296,0.00030150992523469977,0.01225567071806577,0.017514277502500786,0.028905709284318237,0.027984775672188156,-0.056836774432753284,-0.018634607532541758,-0.01161708326628763,0.095192103639175,-0.07801841778863154,-0.07921855440282446,0.37823997829585176,0.010603216383547692,3,3,-0.43766876971608837,-0.3011026252983294
B5_tf5_q0.5_boxbreak,B5,1654,0.9328821206993796,0.26904474002418377,-0.8926493349455865,0.0,0.39806412583182094,-0.806227465214761,0.0006045949214026602,0.3224043715846995,-0.8053770491803277,0.004232164449818622,0.42726161369193155,-0.8276149144254277,0.010882708585247884,0.3254804711717297,-0.8127861128332305,0.024788391777509067,0.45803971812940425,-0.8030928891736064,0.0562273276904474,-0.05441354292623942,-0.8024135429262395,-0.12484885126964934,-0.8728488512696493,-0.14737001209189843,-0.8953700120918984,-0.11714026602176542,-0.8651402660217654,-0.08056227327690448,-0.8285622732769045,-0.06526347668079951,-0.8132634766807996,0.2296954314720812,-0.5183045685279188,0.7932162534435262,0.0452162534435262,4.481106408706167,4.5175332527206775,14.0,10.0,0.8536880290205562,724,0.3831258644536653,-0.13604972375690608,205,0.35609756097560974,-0.4073170731707317,725,0.42482758620689653,0.06724137931034482,145,-0.18275862068965518,0.4,258,-0.3013565891472868,0.33073929961089493,321,0.01791277258566978,0.4174454828660436,205,-0.4073170731707317,0.35609756097560974,164,0.19969512195121952,0.4573170731707317,201,0.07587064676616916,0.4427860696517413,275,-0.013636363636363636,0.38545454545454544,85,0.052941176470588235,0.4470588235294118,5.0,,boxbreak,,,,,0.5,,,,,,-0.0073919133802703985,0.002110954109115548,0.0023269590319475175,-0.008196268324002554,-0.0005262338623069907,-0.007666357933423351,-0.05225106418498225,-0.12537292855573853,-0.15002518348365282,-0.1243397916800493,-0.10117605381796684,-0.10028727452931685,0.16103803506626235,0.6529204972243341,4,2,-0.8030928891736064,0.0452162534435262
B5_tf5_q0.5_expbar,B5,120,0.0676818950930626,0.21666666666666667,-1.0105,0.0,0.3474576271186441,-1.0213050847457628,0.016666666666666666,0.2672413793103448,-1.0949827586206897,0.03333333333333333,0.4247787610619469,-0.843132743362832,0.058333333333333334,0.3185840707964602,-0.8696814159292034,0.058333333333333334,0.4519230769230769,-0.8657884615384617,0.13333333333333333,-0.35833333333333334,-1.1063333333333334,-0.6229166666666667,-1.3709166666666668,-0.9458333333333333,-1.6938333333333333,-0.8958333333333334,-1.6438333333333335,-0.74375,-1.49175,-0.8432203389830508,-1.5912203389830508,-1.2837078651685394,-2.0317078651685394,-1.8544303797468353,-2.6024303797468358,4.35,5.795833333333333,9.5,7.0,0.825,52,0.45098039215686275,-0.02403846153846154,11,0.18181818181818182,-2.9545454545454546,57,0.2857142857142857,-0.9736842105263158,13,-1.1923076923076923,0.46153846153846156,20,0.25,0.45,19,0.4868421052631579,0.4444444444444444,11,-2.9545454545454546,0.18181818181818182,14,-1.1607142857142858,0.2857142857142857,16,-0.078125,0.375,19,-0.9342105263157895,0.2777777777777778,8,-2.53125,0.125,5.0,,expbar,,,,,0.5,,,,,,-0.059769986737787495,-0.0484955446040613,-0.052836033242407154,-0.010679120953987209,-0.0074226342375764975,-0.013782999139750673,-0.35617085459207615,-0.6234407439527558,-0.9484885047250877,-0.9030328589916172,-0.7643637805410624,-0.8782441368315682,-1.3523652615743582,-1.9947261359660273,2,2,-0.843132743362832,-1.1063333333333334
B5_tf5_q0.7_boxbreak,B5,4689,2.6446700507614214,0.26008107531470026,-0.9128175805419244,0.00042653017701002344,0.39056806002143624,-0.8380857449088958,0.005118362124120281,0.3174090811276092,-0.8316023240800519,0.008957133717210493,0.43722849695916594,-0.7653218940052127,0.018127532522925996,0.32774222026042815,-0.7941266828514679,0.033695883983791856,0.4683138869823839,-0.6977826584305646,0.06781829814459372,-0.06808487950522499,-0.816084879505225,-0.10178076348901685,-0.8497807634890169,-0.10812539987204095,-0.856125399872041,-0.08973128598848369,-0.8377312859884837,-0.07521887678838352,-0.8232188767883835,-0.049506013745704465,-0.7975060137457045,0.07685290763968072,-0.6711470923603193,0.27340823970037453,-0.47459176029962546,4.720462785242056,4.97851354233312,14.0,8.0,0.8609511622947323,1844,0.3895253682487725,-0.12099837221920781,645,0.32710280373831774,-0.38819875776397517,2200,0.4100456621004566,0.054986338797814206,382,-0.14659685863874344,0.37467018469656993,719,-0.21448467966573817,0.36643356643356645,743,-0.017496635262449527,0.41948579161028415,645,-0.38819875776397517,0.32710280373831774,628,0.20574162679425836,0.4292604501607717,651,0.1396153846153846,0.41294298921417566,667,-0.13175675675675674,0.38288288288288286,254,-0.044466403162055336,0.4268774703557312,5.0,,boxbreak,,,,,0.7,,,,,,-0.016355578089753908,-0.005385111701269152,-0.002668331425142778,0.0017706149432318297,0.001735515226391482,0.002607810919556308,-0.06592240076396783,-0.10230484077510603,-0.11078057126379534,-0.09693081164676758,-0.09583265732944588,-0.08452981159422181,0.008195511233861863,0.1331124834811825,2,2,-0.6977826584305646,-0.47459176029962546
B5_tf5_q0.7_expbar,B5,326,0.18386914833615342,0.24,-0.958,0.003067484662576687,0.3730407523510972,-0.9125768025078368,0.02147239263803681,0.32063492063492066,-0.8146666666666667,0.03374233128834356,0.44554455445544555,-0.7133465346534655,0.0705521472392638,0.3367003367003367,-0.7202222222222221,0.08895705521472393,0.48880597014925375,-0.4877388059701493,0.17791411042944785,-0.19095092024539878,-0.9389509202453987,-0.22162576687116564,-0.9696257668711656,-0.3098159509202454,-1.0578159509202454,-0.23542944785276074,-0.9834294478527608,0.04524539877300614,-0.7027546012269938,0.16015625,-0.58784375,-0.5110619469026548,-1.2590619469026547,-0.19041450777202074,-0.9384145077720207,5.817484662576687,6.197852760736196,10.0,4.0,0.7883435582822086,126,0.4628099173553719,0.4523809523809524,34,0.2727272727272727,-1.7647058823529411,166,0.32727272727272727,0.10692771084337349,32,-0.7109375,0.4,45,0.05,0.5227272727272727,49,1.5816326530612246,0.44680851063829785,34,-1.7647058823529411,0.2727272727272727,43,-0.13953488372093023,0.27906976744186046,51,-0.8333333333333334,0.35294117647058826,54,0.7638888888888888,0.3584905660377358,18,1.3888888888888888,0.2777777777777778,5.0,,expbar,,,,,0.7,,,,,,-0.03643665340445418,-0.022912419371608206,0.0005575080821687006,0.010086672439511446,0.010693631666300052,0.023099894086426154,-0.18878844150414162,-0.22214984415725483,-0.3124711223119998,-0.24262897351104462,0.02463161823194378,0.12513245215148266,-0.5797193433084737,-0.3307102639912128,4,4,-0.4877388059701493,-0.58784375
B6_tf1_pb0.25,B6,36076,20.347433728144388,0.26075127016296956,-0.9113096421333187,0.0015799977824592526,0.3896925100025181,-0.8418068324892979,0.009285951879365784,0.3164347435753563,-0.8367175962293796,0.011974720035480653,0.4327292231255646,-0.7934423554652212,0.01807295709058654,0.32593754456010265,-0.8090152573791529,0.028024171194145693,0.46850451187103936,-0.6958287533218466,0.0508094023727686,-0.017795764497172635,-0.7657957644971727,-0.045050726244594747,-0.7930507262445947,-0.0523071797434616,-0.8003071797434615,-0.045997269282211324,-0.7939972692822114,-0.030994349329509993,-0.77899434932951,-0.0015613910574875799,-0.7495613910574875,0.10926625423829635,-0.6387337457617037,0.2598446942621353,-0.4881553057378647,6.479598625124737,6.730735114757734,14.0,5.0,0.8901485752300698,12912,0.39193851944792973,-0.08702917354722026,5415,0.37263626251390436,-0.1131731488406881,17749,0.39329354930377947,0.03481663429681252,2839,-0.11152748037116346,0.3926005747126437,5036,-0.16962663975782039,0.3851851851851852,5037,0.009324596774193549,0.398351095917957,5415,-0.1131731488406881,0.37263626251390436,5220,-0.005772215754753589,0.40984877859635516,5112,-0.038029429310001986,0.39106366152629496,5347,0.13198522447433225,0.3844273086326876,2070,0.06543542074363992,0.3802133850630456,1.0,,,,,,,,0.25,,,,,-0.015685383241484607,-0.006260661720187299,-0.00364266897739568,-0.0027286588903694953,-6.91604739340157e-05,0.0027984358082117633,-0.01563328575591547,-0.045574803530683924,-0.054962351135216,-0.053196794940495215,-0.05160812987057235,-0.03658518890600492,0.04060885783247749,0.11954893804294325,3,1,-0.6958287533218466,-0.4881553057378647
B6_tf1_pb0.33,B6,27886,15.728144388042866,0.26246228990087633,-0.9074598477230282,0.0015061321093021588,0.38854125221543023,-0.8466996780844216,0.008570608907695619,0.3146536089952847,-0.8460685527747553,0.01133185110808291,0.4293795620437956,-0.8143777372262773,0.01742810012192498,0.3233612453428751,-0.8302697259212803,0.02786344402208994,0.4662432902396613,-0.7190062750434711,0.05135193286954027,-0.01501649573262569,-0.7630164957326256,-0.03163773936742451,-0.7796377393674245,-0.03344760742362781,-0.7814476074236278,-0.03225922592259226,-0.7802592259225922,-0.02769308943089431,-0.7756930894308943,-0.0005317393377094869,-0.7485317393377094,0.04969416019081326,-0.6983058398091868,0.21159353154215446,-0.5364064684578456,6.449365272896794,6.725023309187406,14.0,5.0,0.8889048267948074,9927,0.3925005094762584,-0.08154725454174322,4228,0.37274453941120606,-0.0634854276158624,13731,0.3905733793407239,0.022239829009433963,2282,-0.16282165039929014,0.38427167113494193,3803,-0.08522272606028274,0.38828518420355157,3842,-0.029644268774703556,0.4015251117538785,4228,-0.0634854276158624,0.37274453941120606,4089,-0.05270972531551596,0.41055500495540137,4067,-0.034566517189835576,0.37908820614469774,4021,0.12321024868123587,0.3868065967016492,1554,0.10639686684073107,0.37815126050420167,1.0,,,,,,,,0.33,,,,,-0.013974363503577836,-0.007411919507275155,-0.005423803557467244,-0.0060783199721384795,-0.002645459691161589,0.0005372141768337224,-0.012854016991368525,-0.03216181665351369,-0.03610277881538221,-0.03945875158087615,-0.04830686997195667,-0.03555553718622683,-0.018963236215005598,0.07129777532296241,2,1,-0.7190062750434711,-0.5364064684578456
B6_tf1_pb0.5,B6,13400,7.557811618725324,0.2680119581464873,-0.8949730941704037,0.0014925373134328358,0.392288033674083,-0.8307758568851472,0.007164179104477612,0.3141823116941868,-0.8485428636055192,0.010223880597014925,0.4314231499051233,-0.8016053130929792,0.016791044776119403,0.3254297114794352,-0.8132048802946594,0.02746268656716418,0.46719697566354257,-0.7092309994486887,0.05246268656716418,-0.021063432835820895,-0.7690634328358209,-0.0031156716417910448,-0.751115671641791,-0.007916355489171023,-0.755916355489171,0.03887474732350078,-0.7091252526764993,0.05079921586368092,-0.697200784136319,0.0556633934688285,-0.6923366065311716,0.12735433197082632,-0.6206456680291736,0.2404896090172596,-0.5075103909827404,6.531324626865672,6.710261194029851,14.0,5.0,0.888731343283582,4841,0.3974172047490106,-0.0020346410684474125,2019,0.38610421836228287,0.10559161258112831,6540,0.3904130702836005,0.07297464440321583,1147,0.022388059701492536,0.39184397163120566,1817,-0.09439486893474623,0.38981173864894797,1877,0.07204301075268817,0.40814140332083554,2019,0.10559161258112831,0.38610421836228287,1943,-0.03159126365054602,0.41883454734651404,1912,-0.029115934356802542,0.3752642706131078,1903,0.08231707317073171,0.38924050632911394,782,0.5616883116883117,0.35989717223650386,1.0,,,,,,,,0.5,,,,,-0.008424695257966852,-0.003665138048622396,-0.00589510085856515,-0.00403473211081079,-0.000576993554601446,0.0014908996007149677,-0.01890095409456373,-0.0036397489278802244,-0.010571526880925419,0.0316752216652169,0.030185435322618564,0.02063959562031116,0.05869693556500746,0.10019385279806756,5,5,-0.7092309994486887,-0.5075103909827404
B6_tf3_pb0.25,B6,12235,6.900733220530175,0.2656838656838657,-0.9002113022113022,0.002043318348998774,0.38594317806408984,-0.8577414932276182,0.010380057212913772,0.3111203319502075,-0.8646182572614106,0.015120555782590927,0.42738901429646353,-0.8268186606471029,0.022394769105026562,0.3201253069172805,-0.856966217932436,0.034654679199019205,0.4647985379862501,-0.7338149856409368,0.06080915406620351,-0.06362893338782183,-0.8116289333878218,-0.04601552921945239,-0.7940155292194524,-0.04730281977932162,-0.7953028197793216,-0.07326346074804768,-0.8212634607480477,-0.0783824263604593,-0.8263824263604593,-0.05116064694544541,-0.7991606469454454,0.0853696189131969,-0.662630381086803,0.3077646945275553,-0.4402353054724447,6.107682876992236,6.389681242337557,14.0,6.0,0.8818961994278709,4563,0.38592987128273415,-0.2589086859688196,1772,0.380465644520159,-0.07265939115450891,5900,0.3876048621811334,0.05996198375669604,1030,-0.17216748768472906,0.38927507447864945,1806,-0.4492099322799097,0.3649025069637883,1727,-0.11259541984732824,0.4061032863849765,1772,-0.07265939115450891,0.380465644520159,1789,0.04187961385576377,0.40090600226500567,1700,-0.06419122068550812,0.39368671828469326,1715,0.09252085816448152,0.37771260997067446,696,0.3281021897810219,0.36324167872648333,3.0,,,,,,,,0.25,,,,,-0.010752787720588464,-0.010009993658615546,-0.008957080602544465,-0.008068867719470574,-0.0058813981167561424,-0.0009075380765775076,-0.06146645464656466,-0.04653960650554157,-0.049957991171076015,-0.08046298640633157,-0.09899620690152167,-0.08618444479396276,0.01671222250737804,0.16746893830836324,3,2,-0.7338149856409368,-0.4402353054724447
B6_tf3_pb0.33,B6,9145,5.157924421883813,0.2685733070348455,-0.8937100591715976,0.0020776380535811917,0.38681853367245383,-0.8540212318920711,0.011153635866593768,0.31177059019673226,-0.8612044014671556,0.016183706943685074,0.4290676826535186,-0.8163269834155087,0.024166211044286495,0.320954003407155,-0.8501294718909711,0.037178786221979225,0.4636544539388973,-0.745541847126302,0.06582832148715145,-0.03608529250956807,-0.784085292509568,-0.04496992892290869,-0.7929699289229087,-0.004291962821213778,-0.7522919628212138,-0.06893422789265288,-0.8169342278926529,-0.10242339832869081,-0.8504233983286908,-0.09938202247191011,-0.8473820224719101,0.053363441882576655,-0.6946365581174234,0.31339728530409816,-0.43460271469590184,6.127829414980864,6.434636413340623,13.0,5.0,0.8789502460360853,3359,0.379788838612368,-0.3463864529785304,1400,0.3826274228284279,-0.04690909090909091,4386,0.39354094579008075,0.06772653156300955,807,-0.18233082706766918,0.383248730964467,1293,-0.48518957345971564,0.36554949337490256,1259,-0.31033789219629926,0.39228295819935693,1400,-0.04690909090909091,0.3826274228284279,1358,-0.0052434456928838954,0.39955190440627336,1290,-0.002386634844868735,0.4023622047244094,1226,0.13721804511278196,0.3891625615763547,512,0.2708333333333333,0.3661417322834646,3.0,,,,,,,,0.33,,,,,-0.00786334636960867,-0.009134638050251553,-0.008306822356019705,-0.006390199362415527,-0.0050527016268816505,-0.0020516221239302856,-0.033922813768310904,-0.04549400620899787,-0.006947134212968175,-0.07613375355093677,-0.12303717886975317,-0.13440582032042744,-0.015293954523242205,0.17310152908490611,2,3,-0.745541847126302,-0.43460271469590184
B6_tf3_pb0.5,B6,4255,2.3998871968415116,0.2696841112682697,-0.891210749646393,0.003055229142185664,0.3884514435695538,-0.8470813648293961,0.015041128084606345,0.3122596153846154,-0.8586370192307693,0.022326674500587545,0.43013100436681223,-0.8096812227074235,0.03125734430082256,0.3253517649962972,-0.8138479387805482,0.047943595769682726,0.4649145190099515,-0.732626180147997,0.07896592244418331,-0.03160987074030552,-0.7796098707403055,-0.030787309048178613,-0.7787873090481786,0.05205640423031727,-0.6959435957696827,0.03922148603880738,-0.7087785139611926,-0.02321514712976363,-0.7712151471297636,0.017422027290448342,-0.7305779727095516,0.022137107244871463,-0.7258628927551285,0.10353753235547886,-0.6444624676445212,6.34647473560517,6.617685076380728,13.0,5.0,0.8723854289071681,1535,0.393236074270557,-0.23999332888592395,661,0.3826219512195122,-0.10785824345146379,2059,0.3867784903798717,0.16691691691691693,393,-0.23828125,0.3973684210526316,581,-0.24778761061946902,0.38341968911917096,561,-0.23318181818181818,0.4007285974499089,661,-0.10785824345146379,0.3826219512195122,626,0.22797716150081565,0.39285714285714285,566,0.0761070110701107,0.42286751361161523,600,0.05163511187607573,0.3808724832214765,267,0.4675572519083969,0.3106060606060606,3.0,,,,,,,,0.5,,,,,-0.006752542136184481,-0.007501728153151588,-0.007817797168136575,-0.005326877649121875,-0.000654940037739471,-0.0007915570528760907,-0.029447391999048358,-0.03131138633426779,0.049401232838562875,0.03202196038052349,-0.04382892767082598,-0.017601770558069,-0.0465202891609474,-0.03675822386371319,4,4,-0.732626180147997,-0.6444624676445212
B6_tf5_pb0.25,B6,7133,4.02312464749013,0.2594723547572271,-0.9141872017962391,0.0009813542688910696,0.38223228179374735,-0.8735128023765737,0.008972381887004065,0.30834874128857914,-0.8791691082349594,0.01429973363241273,0.4325448028673835,-0.7945949820788532,0.022150567783541287,0.32014545454545457,-0.8568,0.03616991448198514,0.45997001499250373,-0.783307346326837,0.06490957521379503,-0.02085377821393523,-0.7688537782139352,-0.04819150427590074,-0.7961915042759007,-0.032805271274358616,-0.7808052712743586,-0.02674190382728165,-0.7747419038272817,-0.0453257790368272,-0.7933257790368272,-0.009158557527189467,-0.7571585575271894,0.1618205283935621,-0.5861794716064379,0.37380553227158425,-0.37419446772841575,5.914692275339969,6.194588532174401,13.0,6.0,0.8762091686527408,2709,0.36926519955240583,-0.29679343773303507,1054,0.35052531041069723,-0.1637848222862632,3370,0.4025740796168812,0.1937368894216362,624,-0.3268608414239482,0.3655737704918033,1088,-0.4109972041006524,0.34995383194829177,997,-0.15438950554994954,0.39271255060728744,1054,-0.1637848222862632,0.35052531041069723,1030,-0.002448579823702253,0.4187192118226601,1016,-0.042579681274900395,0.3726461843409316,973,0.21369294605809128,0.4095139607032058,351,1.3958333333333333,0.4228571428571429,5.0,,,,,,,,0.25,,,,,-0.016964298647227094,-0.013720889928958035,-0.011728671264172819,-0.0029130791485506013,-0.005861250488582104,-0.005736061070323872,-0.018691299472678065,-0.04871558156198992,-0.035460442666113014,-0.03394142948556554,-0.06593955957788955,-0.044182355375706805,0.09316313198774323,0.2335097760523922,2,2,-0.783307346326837,-0.37419446772841575
B6_tf5_pb0.33,B6,5157,2.9086294416243654,0.26324985439720444,-0.9056878276062901,0.0011634671320535194,0.3875073428627374,-0.8510937928333661,0.00969555943377933,0.3148877510831036,-0.8448393068137061,0.01531898390537134,0.43516308671439935,-0.7782307080350039,0.02501454333915067,0.32301153612629024,-0.8331548269581055,0.041884816753926704,0.4595780238144976,-0.7873252559013999,0.07174713980996704,-0.009113825867752568,-0.7571138258677526,-0.030880356796587162,-0.7788803567965872,-0.018276129532674035,-0.766276129532674,-0.0015997673065735892,-0.7495997673065736,-0.02015496273048254,-0.7681549627304826,0.07842261904761905,-0.669577380952381,0.1627488352393054,-0.5852511647606946,0.3659454374412041,-0.3820545625587959,6.076352530541012,6.300804731433003,13.0,5.0,0.8741516385495444,1987,0.37830957230142565,-0.24783604887983707,802,0.33877038895859474,-0.3573232323232323,2368,0.4117647058823529,0.284799316823228,473,-0.3335117773019272,0.3652173913043478,782,-0.3190104166666667,0.35861182519280205,732,-0.11796982167352538,0.40771349862258954,802,-0.3573232323232323,0.33877038895859474,697,0.1089001447178003,0.42066957787481807,738,0.03296703296703297,0.39398084815321477,681,0.25334323922734026,0.40976331360946744,252,1.589,0.4444444444444444,5.0,,,,,,,,0.33,,,,,-0.013186799007249728,-0.008445828859967974,-0.005189661469648388,-0.00029479530153475597,-0.002995168907746426,-0.006128052248330018,-0.006951347126495403,-0.03140443408267634,-0.020931300924428433,-0.008799292964857477,-0.040768743271544894,0.043398821199101704,0.09409143883348653,0.22564968122201207,4,4,-0.7782307080350039,-0.3820545625587959
B6_tf5_pb0.5,B6,2374,1.338973491257755,0.25316455696202533,-0.928379746835443,0.0016849199663016006,0.38176395398380913,-0.8755031955688113,0.011373209772535805,0.30597335625268585,-0.8916398796733993,0.019797809604043808,0.4380704041720991,-0.7600599739243807,0.030749789385004212,0.32934397163120566,-0.7809122340425532,0.04970513900589722,0.46192660550458714,-0.7632522935779813,0.08171861836562763,-0.02211457455770851,-0.7701145745577085,0.02674810446503791,-0.721251895534962,0.010214827295703454,-0.7377851727042966,0.03727885425442291,-0.7107211457455771,0.06410530821917808,-0.683894691780822,0.13091106290672452,-0.6170889370932755,0.2174777725783809,-0.530522227421619,0.5643681174619821,-0.18363188253801788,6.284330244313395,6.4582982308340355,13.0,5.0,0.8753159224936815,898,0.3678290213723285,-0.25197963800904977,381,0.363395225464191,0.07066666666666667,1095,0.3996299722479186,0.3212627669452182,226,-0.3566666666666667,0.38392857142857145,340,-0.4553030303030303,0.3323442136498516,332,0.023556231003039513,0.3932926829268293,381,0.07066666666666667,0.363395225464191,310,0.25977198697068404,0.42483660130718953,329,-0.06347962382445141,0.3653250773993808,330,0.24311926605504589,0.39570552147239263,126,1.6693548387096775,0.4365079365079365,5.0,,,,,,,,0.5,,,,,-0.023272096442428836,-0.014189217738896254,-0.014104056300066115,0.002612522156164976,0.0033372665971689863,-0.003779470558240461,-0.019952095816451344,0.026224027178948728,0.007559655903949058,0.030079328596139026,0.04349152767811572,0.09588726505820719,0.14882037617256205,0.4240723612427901,5,4,-0.7600599739243807,-0.18363188253801788
B7_tf1_k3.0_first,B7,15281,8.61872532430908,0.2545561819850531,-0.9252485905336307,0.0017669000719848177,0.3861202908129544,-0.8569887640449438,0.00988155225443361,0.31085471785690605,-0.8660127312512431,0.013088148681369021,0.4293921175684703,-0.8142992651970606,0.020352071199528827,0.32053275640592255,-0.8536047596511389,0.0320659642693541,0.45753995830437805,-0.8082154273801254,0.05830770237549899,-0.016229304364897584,-0.7642293043648976,-0.04057326091224396,-0.788573260912244,-0.0581406771890759,-0.8061406771890759,-0.08793137383545467,-0.8359313738354547,-0.12054312462651882,-0.8685431246265188,-0.12118006582040433,-0.8691800658204043,0.029983048453171353,-0.7180169515468287,0.20737717541968273,-0.5406228245803173,6.391450166873896,6.816324193442838,14.0,5.0,0.8841044434264773,5732,0.37743535246191995,-0.1619499645138396,2215,0.35743519781718963,-0.4615032080659945,7334,0.40150995195607414,0.01439320723457131,1425,-0.17921146953405018,0.3765387400434468,2172,-0.2606507490636704,0.3736111111111111,2135,-0.0503562945368171,0.3819477434679335,2215,-0.4615032080659945,0.35743519781718963,2221,0.032004555808656035,0.4143897996357013,2253,0.062387589928057555,0.40366562360303976,2070,0.11490455212922174,0.39244186046511625,790,-0.4346991037131882,0.383248730964467,1.0,,first,,,,,,,3.0,,,,-0.021880471419401082,-0.009832880909750985,-0.009222694695845912,-0.006065764447463817,-0.0054739486281141225,-0.008166117758449554,-0.014066825623640419,-0.04109733819833314,-0.0607958485808303,-0.09513089949373855,-0.14115690516758117,-0.15620386366892167,-0.03867434795264751,0.06708141920049068,3,2,-0.8082154273801254,-0.5406228245803173
B7_tf1_k3.0_second,B7,9649,5.442188381274676,0.25710433520016596,-0.9195152457996266,0.0007254637786299099,0.38221805294976025,-0.8735732749635189,0.005700072546377863,0.3074349053644254,-0.8839667468367665,0.00891284070888175,0.42639005897219884,-0.8330621314237572,0.015856565447196602,0.319923167218013,-0.8586338704513929,0.028811275779873562,0.46123478451584604,-0.7703434587125784,0.05492797181055031,-0.0014250181365944657,-0.7494250181365945,-0.004715514561094414,-0.7527155145610944,-0.05669675277518415,-0.8046967527751842,-0.09814564720548515,-0.8461456472054851,-0.12335834896810506,-0.871358348968105,-0.12264349657714586,-0.8706434965771459,0.10542471257952897,-0.6425752874204711,0.23013001349196616,-0.5178699865080338,6.1192092444812936,6.466447300238367,14.0,5.0,0.8828894185926003,3616,0.3777529969333705,-0.22632971317181844,1414,0.37980085348506404,-0.26459074733096083,4619,0.3864377309280591,0.00021748586341887777,889,-0.19409761634506242,0.36613272311212813,1369,-0.32977155490051585,0.3645680819912152,1358,-0.14356984478935697,0.3986636971046771,1414,-0.26459074733096083,0.37980085348506404,1397,0.17613227893601727,0.3821196827685652,1451,-0.06782006920415225,0.4004149377593361,1288,0.0224609375,0.377431906614786,483,-0.362551867219917,0.38095238095238093,1.0,,second,,,,,,,3.0,,,,-0.019332318204288212,-0.013735118772945143,-0.012642507188326546,-0.009067823043735268,-0.006083537816023665,-0.0044712915469815595,0.0007374606046627004,-0.005239591847183593,-0.05935192416693855,-0.10534517286376903,-0.1439721295091674,-0.1576672944256632,0.03676731617371011,0.08983425727277411,2,1,-0.7703434587125784,-0.5178699865080338
B7_tf1_k5.0_first,B7,2317,1.3068245910885505,0.22711571675302245,-0.9869896373056994,0.00043159257660768235,0.3717892903787549,-0.9178955158902914,0.008631851532153647,0.30611353711790396,-0.8909039301310042,0.011652999568407424,0.4337296345222369,-0.7871897842360196,0.01985325852395339,0.33853006681514475,-0.7051269487750558,0.03107466551575313,0.4797819173103135,-0.5802353475692865,0.050064738886491156,-0.12570133793698748,-0.8737013379369875,-0.27071644367716874,-1.0187164436771687,-0.13568652849740934,-0.8836865284974094,-0.18590575010808474,-0.9339057501080847,-0.10993449781659388,-0.8579344978165939,0.14624724061810154,-0.6017527593818984,0.4833174451858913,-0.2646825548141087,0.9383350462487153,0.19033504624871533,7.297043590850238,7.157962883038412,15.0,4.0,0.9011652999568407,811,0.37281795511221943,-0.4158354114713217,351,0.3524355300859599,0.14942528735632185,1155,0.3769633507853403,0.026096491228070177,154,0.08333333333333333,0.42,317,-0.952076677316294,0.3682539682539683,340,-0.14360119047619047,0.3560830860534125,351,0.14942528735632185,0.3524355300859599,325,-0.1484375,0.4043887147335423,337,-0.10029940119760479,0.41492537313432837,345,0.39306784660766964,0.3546511627906977,148,-0.15306122448979592,0.28378378378378377,1.0,,first,,,,,,,5.0,,,,-0.049320936651431724,-0.024163881343950477,-0.013963875434848005,-0.0017282474936972103,0.012523361781108078,0.014075841247485898,-0.12353885919573032,-0.2712405209632579,-0.13834169988916373,-0.19310527576636863,-0.13054827835765623,0.11122344276958421,0.41466004878007245,0.7980392900295232,3,3,-0.5802353475692865,0.19033504624871533
B7_tf1_k5.0_second,B7,1381,0.7789058093626622,0.23930384336475707,-0.9595663524292966,0.001448225923244026,0.36888239590942296,-0.9302498173849525,0.008689355539464157,0.29239766081871343,-0.9629122807017544,0.00941346850108617,0.4027879677182685,-0.9805752017608218,0.013034033309196235,0.3033457249070632,-0.9953977695167284,0.02606806661839247,0.45245398773006135,-0.8603466257668717,0.055756698044895005,-0.028783490224475017,-0.776783490224475,0.0003620564808110065,-0.747637943519189,-0.07621288921071687,-0.8242128892107169,-0.08713768115942029,-0.8351376811594203,-0.25018181818181817,-0.9981818181818182,-0.413589364844904,-1.161589364844904,-0.23564593301435408,-0.9836459330143541,0.39623893805309734,-0.35176106194690265,6.518464880521361,7.129254163649529,12.0,4.0,0.8841419261404779,466,0.4017467248908297,-0.058315334773218146,225,0.3111111111111111,-0.5755555555555556,690,0.36588921282798836,-0.27292576419213976,83,-0.3148148148148148,0.3291139240506329,186,-0.3864864864864865,0.3804347826086957,197,0.3553299492385787,0.4512820512820513,225,-0.5755555555555556,0.3111111111111111,177,-0.34375,0.4057142857142857,204,-0.24509803921568626,0.3054187192118227,212,-0.008333333333333333,0.35071090047393366,97,-0.7757731958762887,0.4536082474226804,1.0,,second,,,,,,,5.0,,,,-0.037132810039697095,-0.027070775813282433,-0.027679751734038527,-0.03266991429766558,-0.022660980126973485,-0.013252088332766254,-0.02662101148321785,-0.00016202080527817327,-0.07886806060247126,-0.09433720681770418,-0.2707955987228805,-0.44861316269342133,-0.3043033294201729,0.2559431818339053,1,1,-0.8603466257668717,-0.35176106194690265
B7_tf3_k3.0_first,B7,4941,2.786802030456853,0.2513173895419538,-0.932535873530604,0.0014167172637117992,0.38728796239525853,-0.8520261598201513,0.009714632665452338,0.30721903199343725,-0.8851000820344544,0.013155231734466708,0.42786275320380324,-0.8238577924762296,0.020845982594616473,0.3194821465859261,-0.8622722906661098,0.030763003440599068,0.459111397295557,-0.792108177720541,0.05707346690953248,-0.08864602307225258,-0.8366460230722526,-0.09436348917223235,-0.8423634891722324,-0.07872900222626998,-0.82672900222627,-0.18443290572184892,-0.9324329057218489,-0.07322089675030852,-0.8212208967503085,0.09953367875647669,-0.6484663212435233,0.11773733830300373,-0.6302626616969963,0.32213930348258707,-0.42586069651741293,6.404320987654321,6.608480064764218,14.0,5.0,0.8814005262092693,1853,0.3787629994526546,-0.12403846153846154,679,0.3757396449704142,-0.36140089418777943,2409,0.39707112970711295,0.04734289329396879,424,-0.14568345323741008,0.40481927710843374,765,-0.056666666666666664,0.37236842105263157,664,-0.18759571209800918,0.3696319018404908,679,-0.36140089418777943,0.3757396449704142,750,-0.06639566395663957,0.41383989145183175,744,-0.2873641304347826,0.40540540540540543,675,0.5185045317220544,0.3803863298662704,240,0.125531914893617,0.36666666666666664,3.0,,first,,,,,,,3.0,,,,-0.02511926386250035,-0.008665209327446854,-0.012858380559314708,-0.007595128812130869,-0.006524558448110562,-0.006594678767270601,-0.08648354433099542,-0.09488756645832153,-0.08138417361802437,-0.1916324313801328,-0.09383467729137088,0.06450988090795934,0.04907994189718487,0.18184354726339502,2,2,-0.792108177720541,-0.42586069651741293
B7_tf3_k3.0_second,B7,2917,1.6452340665538636,0.2530037761757638,-0.9287415036045314,0.0013712718546451835,0.3728343728343728,-0.9134539154539156,0.01062735687350017,0.30469565217391303,-0.8983478260869566,0.014398354473774426,0.42328042328042326,-0.8524973544973546,0.02811107302022626,0.3178072375492655,-0.8760902902185597,0.04319506342132328,0.4479553903345725,-0.906457249070632,0.07781967775111416,-0.06299280082276311,-0.8109928008227631,0.006856359273225917,-0.7411436407267741,0.03333904696606102,-0.714660953033939,-0.016597867217062263,-0.7645978672170622,-0.1654551748009692,-0.9134551748009692,-0.20001756851721714,-0.9480175685172172,-0.1340856924254017,-0.8820856924254017,-0.005565068493150685,-0.7535650684931506,5.879070963318478,6.323877271169009,12.0,5.0,0.8608159067535139,1120,0.3813405797101449,-0.0819081908190819,407,0.32592592592592595,-0.7605721393034826,1390,0.37981118373275236,-0.05904796511627907,244,-0.031512605042016806,0.3855932203389831,485,-0.08109504132231404,0.3817427385892116,391,-0.11375321336760925,0.37823834196891193,407,-0.7605721393034826,0.32592592592592595,443,0.0228310502283105,0.3698630136986301,428,0.06352941176470588,0.37971698113207547,379,-0.44184491978609625,0.37866666666666665,140,0.3381294964028777,0.4142857142857143,3.0,,second,,,,,,,3.0,,,,-0.023432877228690363,-0.02311879888833257,-0.015381760378838927,-0.012177458735510849,-0.008199467484771183,-0.01775068572825511,-0.06083032208150594,0.006332281987136737,0.030683875574306622,-0.02379739287534615,-0.18606895534203155,-0.23504136636573447,-0.20274308883122055,-0.14586082471234274,3,2,-0.8524973544973546,-0.714660953033939
B7_tf3_k5.0_first,B7,856,0.48279751833051326,0.26346604215456676,-0.9052014051522248,0.002336448598130841,0.4161712247324614,-0.7292722948870392,0.017523364485981307,0.34408602150537637,-0.6915483870967742,0.02219626168224299,0.44014510278113667,-0.7470931076178957,0.03387850467289719,0.3345679012345679,-0.7378148148148145,0.053738317757009345,0.48854961832061067,-0.49036641221374055,0.08177570093457943,-0.1191588785046729,-0.8671588785046729,-0.12675233644859812,-0.8747523364485981,-0.11156542056074767,-0.8595654205607477,-0.06132075471698113,-0.8093207547169812,-0.03255675029868578,-0.7805567502986858,0.545316301703163,-0.20268369829683697,0.7613333333333333,0.013333333333333308,1.2430249632892805,0.4950249632892805,6.983352803738318,6.452686915887851,13.0,5.0,0.8843457943925234,320,0.4290322580645161,-0.6027070063694268,120,0.42857142857142855,-0.3995726495726496,416,0.4029126213592233,0.5141625615763546,68,-1.0269230769230768,0.46774193548387094,118,-1.2241379310344827,0.358974358974359,134,0.14661654135338345,0.4732824427480916,120,-0.3995726495726496,0.42857142857142855,104,0.1262135922330097,0.34951456310679613,132,0.01937984496124031,0.366412213740458,136,1.4389312977099236,0.43283582089552236,44,0.11046511627906977,0.5454545454545454,3.0,,first,,,,,,,5.0,,,,-0.01297061124988741,0.020218053009755987,0.02400860895262441,0.00468722076520256,0.008561196200531251,0.022843542257783067,-0.11699639976341573,-0.12727641373468732,-0.11422059195250206,-0.06852028037526502,-0.05317053083974814,0.5102925038546456,0.6926759369275144,1.1027292070700885,5,5,-0.49036641221374055,0.4950249632892805
B7_tf3_k5.0_second,B7,395,0.2227862380146644,0.2379746835443038,-0.9625569620253165,0.0,0.34704370179948585,-1.0230642673521853,0.015189873417721518,0.2849740932642487,-1.001886010362694,0.02278481012658228,0.4131578947368421,-0.9157631578947367,0.0379746835443038,0.3116531165311653,-0.9268617886178863,0.06582278481012659,0.4507042253521127,-0.8782816901408446,0.10126582278481013,-0.12531645569620253,-0.8733164556962025,-0.08544303797468354,-0.8334430379746836,-0.05949367088607595,-0.8074936708860759,-0.07633587786259542,-0.8243358778625954,-0.7602564102564102,-1.5082564102564102,-0.8223514211886305,-1.5703514211886305,-1.1135693215339233,-1.8615693215339233,-0.8365384615384616,-1.5845384615384617,5.843670886075949,7.191772151898734,12.0,5.0,0.8455696202531645,152,0.3673469387755102,-0.32142857142857145,54,0.3333333333333333,0.06018518518518518,189,0.3351063829787234,-1.335978835978836,26,-0.3958333333333333,0.2608695652173913,60,-0.8103448275862069,0.3559322033898305,66,0.1423076923076923,0.4153846153846154,54,0.06018518518518518,0.3333333333333333,39,-0.20512820512820512,0.34210526315789475,67,-0.3656716417910448,0.34328358208955223,66,-3.303030303030303,0.36363636363636365,17,-0.11764705882352941,0.17647058823529413,3.0,,second,,,,,,,5.0,,,,-0.03846196986015038,-0.04890946992321954,-0.03510331928850324,-0.022299987279091993,-0.014353588502871384,-0.015001850710714915,-0.12315397695494537,-0.08596711526077272,-0.062148842277830345,-0.0835354035208793,-0.7808701907974726,-0.8573752190371479,-1.182226717939742,-0.9768342177576537,2,2,-0.8782816901408446,-0.8074936708860759
B8_sesslow_W1,B8,6997,3.9464184997179923,0.24192164712610809,-0.9536762939662569,0.0004287551807917679,0.3862888220981823,-0.8562725060827251,0.0014291839359725598,0.3146953405017921,-0.8458494623655914,0.003144204659139631,0.4337886412652768,-0.7868209920920202,0.00600257253108475,0.3232279486069005,-0.8313694239930709,0.010004287551807918,0.46114742193173563,-0.7712389251997098,0.01600686008289267,-0.02640417321709304,-0.774404173217093,-0.026832928397884807,-0.7748329283978848,0.0007151029748283753,-0.7472848970251716,-0.008840372226198998,-0.756840372226199,-0.05810616929698709,-0.8061061692969871,-0.08411552346570397,-0.8321155234657039,-0.19273784670444377,-0.9407378467044438,-0.23845974510413429,-0.9864597451041343,8.81924396169787,9.339288266399885,14.0,2.0,0.9398313562955553,2036,0.41330049261083746,-0.17687747035573123,1307,0.3817903596021423,-0.19542659492697925,3654,0.3728767123287671,0.05685871056241427,459,-0.015283842794759825,0.43612334801762115,811,-0.12110834371108344,0.41430332922318125,766,-0.33256880733944955,0.39869281045751637,1307,-0.19542659492697925,0.3817903596021423,1123,0.4494206773618538,0.4037433155080214,1108,0.012206148282097649,0.3860759493670886,1011,-0.267609126984127,0.34421364985163205,412,-0.09963325183374083,0.3236009732360097,,,,,,,,,,,sesslow,1.0,,-0.03451500627834608,-0.009664349624523061,-0.005382072050959863,-0.0016692407506573304,-0.002778756427136153,-0.004558654131091966,-0.024241694475835875,-0.02735700568397399,-0.0019400684169260211,-0.016039897884482887,-0.07871994983804945,-0.11913932131422131,-0.26139524311026263,-0.37875550132332636,2,2,-0.7712389251997098,-0.7472848970251716
B8_sesslow_W5,B8,8595,4.847715736040609,0.24877764842840513,-0.9382502910360885,0.0005817335660267597,0.3963627885287946,-0.8134581487526231,0.001977894124490983,0.32223779490773186,-0.8062515767344077,0.0038394415357766143,0.44143827594284374,-0.7390107753572268,0.006631762652705061,0.3297284589161867,-0.7777402139414602,0.010238510762070972,0.4652539363087487,-0.7291471528353262,0.017219313554392088,-0.029348458406050028,-0.77734845840605,-0.025916230366492148,-0.7739162303664922,-0.033971821145784814,-0.7819718211457848,-0.07532611227579782,-0.8233261122757978,-0.07153280410926921,-0.8195328041092692,-0.01315944072376924,-0.7611594407237693,0.033214242460942234,-0.7147857575390577,0.11553557862750063,-0.6324644213724994,8.660791157649797,8.978155904595695,15.0,2.0,0.9372891215823153,2642,0.4241733181299886,-0.2300380228136882,1478,0.3845633039945836,-0.1688135593220339,4475,0.3838926174496644,0.054079802734812825,610,0.09154351395730706,0.4318936877076412,1035,-0.5347087378640777,0.42318840579710143,997,-0.11099899091826437,0.42052313883299797,1478,-0.1688135593220339,0.3845633039945836,1331,0.36284853051996985,0.412781954887218,1436,-0.008729050279329608,0.38799720865317516,1232,-0.21019496344435418,0.35957792207792205,476,0.06581740976645435,0.35368421052631577,,,,,,,,,,,sesslow,5.0,,-0.027659004976049034,0.00040961680608919693,0.002160382354979895,0.005980393926909633,0.003721753882150014,-0.0004521397540789285,-0.027185979664792862,-0.02644030765258133,-0.03662699253753921,-0.0825256379340817,-0.09214658465033157,-0.04818323857228658,-0.035443153944876626,-0.024760177591691412,3,2,-0.7291471528353262,-0.6324644213724994
B8_low15_W1,B8,21346,12.039481105470953,0.2654132870739369,-0.9008201040836419,0.0007964021362316125,0.3890327135796658,-0.8446109672864203,0.0047315656329054625,0.3157646169830925,-0.8402357608387643,0.00805771573128455,0.4336358884189517,-0.787775697381552,0.014194696898716387,0.3222291556664907,-0.8396094657514519,0.024032605640401012,0.46703242872538453,-0.7109176055648085,0.043661575939286046,-0.011290171460695213,-0.7592901714606952,-0.010962241169305725,-0.7589622411693058,0.002520634027386982,-0.745479365972613,0.006777391467769216,-0.7412226085322308,-0.0100151171579743,-0.7580151171579743,0.013279087525054882,-0.7347209124749452,0.016715668880214935,-0.7312843311197851,0.10885731727620844,-0.6391426827237916,7.243816171648084,7.585882600955682,14.0,3.0,0.9049002154970486,6671,0.4126528763400272,0.07761883136542537,3622,0.3844026548672566,-0.14224137931034483,11053,0.37634017808468107,-0.01944647091008572,1363,0.08555555555555555,0.4171641791044776,2770,0.07114191900766144,0.4031148134733792,2538,0.08041749502982107,0.42069785884218874,3622,-0.14224137931034483,0.3844026548672566,3150,0.09002880921895007,0.39119336311423103,3112,0.026817447495961228,0.3797999354630526,3349,-0.13132149307645996,0.36028751123090746,1442,-0.09912280701754386,0.3737796373779637,,,,,,,,,,,low15,1.0,,-0.011023366330517259,-0.006920458143039598,-0.004312795569659467,-0.0018219935969824297,-0.003777549367545985,0.0013263526625569289,-0.009127692719438047,-0.011486318455394905,-0.0001345373643674144,-0.0004221341905146711,-0.030628897699036657,-0.02174471032346246,-0.05194172752560393,-0.03143843894298361,5,5,-0.7109176055648085,-0.6391426827237916
B8_low15_W5,B8,27916,15.74506486181613,0.27046799354491663,-0.8894470145239377,0.0011104742799828056,0.3932790664169428,-0.8265639677279931,0.005444906147012466,0.31773336706299016,-0.8298998229193016,0.008776328986960883,0.43660435004000875,-0.7692228122499454,0.015116778908153031,0.3262948793407887,-0.8060672454384932,0.026221521707981085,0.46780146117345783,-0.7030350229720572,0.04878922481730907,0.008409156039547214,-0.7395908439604528,0.02216470841094713,-0.7258352915890529,0.03793666164550606,-0.7100633383544939,0.05886157826649418,-0.6891384217335058,0.058196040176313316,-0.6898039598236867,0.08932219465927331,-0.6586778053407267,0.15620302925193663,-0.5917969707480634,0.24488025725649487,-0.5031197427435051,6.909782920189139,7.078673520561685,14.0,4.0,0.8993050580312366,9608,0.4105252122864032,0.10599852925727492,4227,0.3879003558718861,0.06090735889497499,14081,0.38315488936473946,0.02478510028653295,2241,0.05991456834532374,0.4098731884057971,3724,0.19100895036615134,0.4153182308522114,3643,0.047533259423503324,0.40601711288987025,4227,0.06090735889497499,0.3879003558718861,4077,0.07320544554455445,0.3970878578479763,4090,0.10350553505535055,0.39184876012767,4239,-0.02009990485252141,0.36357176693510185,1675,-0.1732283464566929,0.3776307877330126,,,,,,,,,,,low15,5.0,,-0.0059686598595375395,-0.002674105305762564,-0.0023440454897618035,0.0011464680240746428,0.0002881743067520426,0.0020953851106302324,0.01057163478080438,0.021640631124857947,0.035281490253751664,0.05166205260821029,0.037582259635250956,0.05429839681075597,0.08754563284611777,0.10458450103730282,6,6,-0.7030350229720572,-0.5031197427435051
B8_low30_W1,B8,14471,8.161872532430909,0.2708852005532503,-0.8885082987551869,0.0007601409715983691,0.3943202333009304,-0.8221390084710459,0.004768157003662498,0.3218543046357616,-0.8082649006622515,0.008707069311035865,0.43924183924183924,-0.7527385047385047,0.015617441780111948,0.32843971631205676,-0.7883723404255321,0.02563748186027227,0.47047743244222273,-0.6756063174672169,0.04616128809342824,0.012265911132610047,-0.73573408886739,0.030232879552207863,-0.7177671204477921,0.06904004426308874,-0.6789599557369113,0.10005890914131263,-0.6479410908586873,0.09170556678046402,-0.656294433219536,0.11070546737213403,-0.637294532627866,0.07339449541284404,-0.674605504587156,0.13010246584471843,-0.6178975341552816,7.356955289890125,7.5700539009052585,14.0,3.0,0.899730495473706,4496,0.41922473672417654,0.06460484957341715,2430,0.3973619126133553,0.09375,7545,0.3785438573139891,0.10717626620339436,942,0.05835117773019272,0.44216216216216214,1851,0.13011456628477905,0.40173253925284247,1703,-0.0031120331950207467,0.42578356002365464,2430,0.09375,0.3973619126133553,2192,0.14545036764705882,0.3974358974358974,2140,0.0943374060150376,0.37247534053546266,2243,0.22571942446043167,0.36359570661896246,970,-0.2274869109947644,0.38381742738589214,,,,,,,,,,,low30,1.0,,-0.005551452851203842,-0.0016329384217749765,0.001776892083009629,0.0037839572259051324,0.002433011278020092,0.004771356379395131,0.014428389873867213,0.029708802266118682,0.06638487287133435,0.09285938348302875,0.07109178623940166,0.07568166952361668,0.004737099007025181,-0.010193290374473613,6,6,-0.6756063174672169,-0.6178975341552816
B8_low30_W5,B8,18868,10.64184997179921,0.27294916693197496,-0.8838643744030563,0.001165995336018656,0.3973230949714712,-0.8093768463712474,0.006094975620097519,0.3222698072805139,-0.806083511777302,0.009963960144159423,0.4413097421512569,-0.7398141115546446,0.01748993004027984,0.3304077627562146,-0.7721359572612301,0.02777188891244435,0.47130804045370733,-0.6670925853494996,0.051462794148823404,0.028116387534449862,-0.7198836124655501,0.0386500953996184,-0.7093499046003816,0.05406230099766504,-0.6939376990023349,0.09137069332199065,-0.6566293066780093,0.11376877438665883,-0.6342312256133411,0.1379529475392104,-0.6100470524607896,0.1965699589666532,-0.5514300410333468,0.31077128505118584,-0.43722871494881416,7.006373224507102,7.084812910748357,14.0,4.0,0.8958024167903328,6479,0.4099330530904562,0.09198223468910706,2840,0.39879901095019427,0.2586664308454192,9549,0.3883566691230656,0.08526148969889065,1544,0.02921018276762402,0.4150197628458498,2488,0.15125709651257097,0.4092009685230024,2447,0.07131045886730054,0.407498969921714,2840,0.2586664308454192,0.39879901095019427,2768,0.10526795479402115,0.40021810250817885,2843,0.09881667255386789,0.3885552808194984,2827,0.15017857142857144,0.3802416488983653,1111,-0.16681943171402383,0.37896645512239346,,,,,,,,,,,low30,5.0,,-0.0034874864724792065,0.0013699232487658364,0.002192394727761948,0.005851860135322795,0.004401057722177915,0.005601964390879732,0.030278866275707028,0.038126018113529225,0.051407129605910644,0.08417116766370676,0.09315499384559647,0.10292914969069306,0.12791256256083433,0.1704755288319938,7,7,-0.6670925853494996,-0.43722871494881416
B8_low60_W1,B8,8913,5.027072758037225,0.26785714285714285,-0.8953214285714286,0.0010097610232245036,0.3940386135260246,-0.8233358925143955,0.0062829574778413555,0.31838819523269013,-0.8264619750283768,0.011556153932458207,0.43760018319212274,-0.7629988550492328,0.020083024795242904,0.3242522606074658,-0.822918849988407,0.03220015707393695,0.46500297088532383,-0.7317195484254306,0.0558734432850892,0.03839896779984293,-0.7096010322001571,0.051553910019073265,-0.6964460899809267,0.09117713130405482,-0.6568228686959452,0.11791868453654691,-0.630081315463453,0.05219904783495806,-0.6958009521650419,0.09273636991028296,-0.655263630089717,-0.0022020888385554296,-0.7502020888385554,0.2186407495455181,-0.529359250454482,7.488135307977112,7.764613485919443,14.0,3.0,0.8971165713003478,2689,0.4192336589030804,0.03389830508474576,1572,0.39260675589547483,-0.09611681643132221,4652,0.38002594033722437,0.11287697982208722,603,0.13487394957983193,0.4461538461538462,1083,0.11774344569288389,0.4051803885291397,1003,-0.11693548387096774,0.4186746987951807,1572,-0.09611681643132221,0.39260675589547483,1337,0.23435143288084465,0.4030075187969925,1354,0.3015961395694135,0.37564959168522644,1372,-0.12794550810014726,0.3557833089311859,589,-0.039792387543252594,0.39451114922813035,,,,,,,,,,,low60,1.0,,-0.00857951054731132,-0.0019145581966807934,-0.001689217320061831,0.0021423011761886324,-0.0017544444265708559,-0.0007031051775037711,0.040561446541100096,0.05102983273298409,0.08852195991230043,0.11071915887826303,0.0315852672938957,0.05771257206176562,-0.07085948524437428,0.07834499332632605,4,4,-0.7317195484254306,-0.529359250454482
B8_low60_W5,B8,11601,6.543147208121828,0.2673053685482479,-0.8965629207664423,0.0012929919834497026,0.3996004863644259,-0.79969793295119,0.0074993535040082755,0.32437150837988826,-0.7950495810055865,0.012498922506680459,0.44097956307258634,-0.7418777307963353,0.021463666925265062,0.32836885757602785,-0.7889569249977704,0.03344539263856564,0.46951499037315486,-0.6854713486751629,0.05982242910093957,0.024739246616670978,-0.7232607533833291,0.032561848116541676,-0.7154381518834583,0.05667299723756906,-0.691327002762431,0.07508001037972493,-0.6729199896202751,0.031089436558390665,-0.7169105634416093,0.04610320756384201,-0.701896792436158,0.10808279704159063,-0.6399172029584094,0.47063866266609516,-0.27736133733390483,7.07309714679769,7.29943539350056,14.0,3.0,0.8904404792690286,3899,0.4192377495462795,0.10637331256490135,1831,0.38048245614035087,-0.08980716253443526,5871,0.3925938625064289,0.018956327372764786,970,0.1765625,0.4365750528541226,1474,0.029532967032967032,0.4114441416893733,1455,0.1373607242339833,0.4158004158004158,1831,-0.08980716253443526,0.38048245614035087,1690,0.18764952153110048,0.40930787589498807,1779,0.3079526226734349,0.3989841986455982,1737,-0.24476135040745053,0.3717429067747539,665,-0.5038284839203675,0.38753799392097266,,,,,,,,,,,low60,5.0,,-0.00913128485620629,0.0036473146417205227,0.004294095827136302,0.005521681056652239,0.0023621525419911804,0.0038089143103272605,0.026901725357928143,0.0320377708304525,0.05401782584581466,0.06788048472144105,0.010475656017328309,0.011079409715324666,0.03942540063577177,0.3303429064469031,5,5,-0.6854713486751629,-0.27736133733390483
B8_pdl_W1,B8,5791,3.266215454032713,0.2524624157594609,-0.9299595645412131,0.0006907269901571404,0.3899425787367322,-0.8407440403688882,0.007597996891728544,0.3195462478184991,-0.8203821989528797,0.01053358659989639,0.4371488764044944,-0.76581952247191,0.016404766016232083,0.3210619469026549,-0.8492389380530974,0.0243481264030392,0.4601611459265891,-0.7813482542524619,0.03557243999309273,0.03859437057503022,-0.7094056294249698,0.06285615610429977,-0.6851438438957003,0.05440235253416364,-0.6935976474658363,0.0865684575389948,-0.6614315424610052,0.0953253096110239,-0.6526746903889761,0.10933639251676668,-0.6386636074832333,0.040697674418604654,-0.7073023255813953,0.30462868769074264,-0.44337131230925736,8.54701260576757,8.588154032118805,14.0,3.0,0.9150405802106717,1714,0.40166369578134287,0.34422850412249706,1052,0.35299714557564227,0.34214354995150337,3025,0.39628277464321277,-0.13007656458055925,399,0.07682619647355164,0.412532637075718,742,0.5373641304347826,0.38263229308005425,573,0.28053097345132744,0.4191829484902309,1052,0.34214354995150337,0.35299714557564227,1041,0.2844080846968239,0.4057971014492754,744,-0.2402027027027027,0.4078061911170929,730,-0.2993103448275862,0.3917241379310345,510,-0.583,0.36666666666666664,,,,,,,,,,,pdl,1.0,,-0.02397423764499329,-0.006010592985973173,-0.0005311647342528536,0.0016909943885602963,-0.004944758131381788,-0.005544930136238524,0.04075684931628739,0.062332078818210596,0.05174718114240924,0.07936893188071091,0.07471152906996154,0.07431259466824933,-0.027959721987214206,0.1643329314715506,5,5,-0.76581952247191,-0.44337131230925736
B8_pdl_W5,B8,5931,3.3451776649746194,0.25480931488356395,-0.9246790415119811,0.0008430281571404484,0.3917035022101326,-0.8332601156069364,0.008261675939976395,0.3211118690313779,-0.8121626875852661,0.01129657730568201,0.4391080617495712,-0.7535746140651802,0.01702916877423706,0.32180529137126057,-0.8431063461871005,0.024953633451357274,0.46078431372549017,-0.7749607843137263,0.03692463328275165,0.04130837969988198,-0.706691620300118,0.06689428426909459,-0.6811057157309054,0.05460304054054054,-0.6933969594594594,0.08683141503046717,-0.6611685849695328,0.09305792163543442,-0.6549420783645656,0.10664426059979318,-0.6413557394002068,0.03527328854185582,-0.7127267114581441,0.28945017864231837,-0.45854982135768163,8.472222222222221,8.519052436351375,14.0,3.0,0.9141797336031023,1780,0.4043528064146621,0.31877481565513327,1069,0.352059925093633,0.2943702290076336,3082,0.3983050847457627,-0.10599869238313174,429,0.04800936768149883,0.41849148418491483,761,0.5069628647214854,0.38543046357615895,590,0.27362542955326463,0.4189655172413793,1069,0.2943702290076336,0.352059925093633,1071,0.28865979381443296,0.40545625587958606,763,-0.20223978919631094,0.41338582677165353,735,-0.2791095890410959,0.39315068493150684,513,-0.5467196819085487,0.3684210526315789,,,,,,,,,,,pdl,5.0,,-0.021627338520890216,-0.0042496695125727735,0.0010344564786259336,0.003650179733637071,-0.004201413662776099,-0.004921762337337432,0.04347085844113915,0.06637020698300541,0.051947869148786144,0.07963188937218328,0.07244414109437206,0.07162046275127584,-0.03338410786396304,0.14915442242312632,5,5,-0.7535746140651802,-0.45854982135768163
B9_vwap_cross,B9,14702,8.292160180485054,0.2648560343067184,-0.9020739228098837,0.0007481975241463747,0.3896157271045962,-0.8421331598054663,0.00700584954427969,0.3162381410697099,-0.8377497593840231,0.010610801251530404,0.43256874395467737,-0.7944453502832662,0.015508094136852129,0.3205012182387748,-0.853864949530108,0.022922051421575294,0.45907701059517886,-0.7924606413994162,0.04346347435723031,0.029162698952523467,-0.7188373010474765,0.024350428513127464,-0.7236495714868725,0.029339686861810755,-0.7186603131381892,0.039861499624752675,-0.7081385003752474,0.04978043090435021,-0.6982195690956499,0.082872355137602,-0.665127644862398,0.13647740274599543,-0.6115225972540046,0.3308978211870774,-0.4171021788129226,7.318341042035097,7.662341858250578,14.0,4.0,0.9040266630390423,5616,0.3954324761733501,-0.017366720516962843,1976,0.3815322171486555,-0.007026060296371998,7110,0.3872930522145182,0.11864887879648027,1461,-0.01037344398340249,0.40391334730957373,2100,-0.011978917105893628,0.39809069212410503,2055,-0.027845927379784103,0.38673218673218673,1976,-0.007026060296371998,0.3815322171486555,2136,0.22770174610665408,0.4068835454974069,2122,-0.09073634204275534,0.3921289710763395,2031,0.18411238189955245,0.3751238850346878,821,0.21485819975339088,0.3540903540903541,,,,,,,,,,,,,,-0.011580619097735778,-0.0063374446181092,-0.0038392714830420838,-0.0028891380612567352,-0.00550548679526186,-0.006629065467648743,0.03132517769378063,0.023826351227038283,0.026684515470056357,0.03266197396646879,0.029166650363287857,0.04784855728908465,0.06782000634017657,0.19060206496788534,3,4,-0.7924606413994162,-0.4171021788129226
B9_vwap_first,B9,1751,0.9875916525662719,0.2592804111936037,-0.9146190748143918,0.0,0.3917761279268989,-0.8329514563106794,0.0,0.32057142857142856,-0.8150000000000002,0.0005711022272986865,0.46114285714285713,-0.6158571428571431,0.0005711022272986865,0.34324942791762014,-0.6661922196796339,0.0017133066818960593,0.47449856733524354,-0.634389684813754,0.0034266133637921186,0.10651056539120503,-0.6414894346087949,0.043403769274700174,-0.7045962307252998,-0.0028555111364934323,-0.7508555111364934,-0.06524842946887492,-0.8132484294688749,0.0054285714285714284,-0.7425714285714285,0.05921052631578947,-0.6887894736842105,0.33719931271477666,-0.41080068728522334,0.41566437571592213,-0.33233562428407787,9.562250142775557,9.951313535122788,15.0,2.0,0.9463163906339235,662,0.40483383685800606,0.03252647503782148,250,0.38,0.17,839,0.38498212157330153,-0.06495828367103695,165,0.30303030303030304,0.4484848484848485,249,0.02208835341365462,0.357429718875502,248,-0.13765182186234817,0.42338709677419356,250,0.17,0.38,247,0.0010121457489878543,0.41700404858299595,249,-0.7259036144578314,0.3895582329317269,246,0.5975609756097561,0.3617886178861789,97,-0.21649484536082475,0.35051546391752575,,,first,,,,,,,,,,,-0.017156242210850492,-0.004177043795806468,0.0004940160186766018,0.025684975126923026,0.017242722883583472,0.008792491272415937,0.10867304413246219,0.042879691988610996,-0.0055106825282478285,-0.0724479551271588,-0.015185209112490928,0.02418672846727213,0.2685419163089578,0.2753686194967301,5,4,-0.6158571428571431,-0.33233562428407787
B9_vwap_deep,B9,1620,0.9137055837563451,0.2458307597282273,-0.9448807906114886,0.0006172839506172839,0.37453183520599254,-0.9062397003745317,0.011111111111111112,0.30619912335629307,-0.8904546023794613,0.014197530864197531,0.42676767676767674,-0.8307020202020206,0.022222222222222223,0.3219047619047619,-0.8422857142857143,0.027777777777777776,0.447588424437299,-0.9102186495176856,0.040123456790123455,0.09567901234567901,-0.652320987654321,0.07222222222222222,-0.6757777777777778,0.08487940630797773,-0.6631205936920223,0.09497206703910614,-0.6530279329608939,0.02132998745294856,-0.7266700125470514,-0.022944550669216062,-0.7709445506692161,0.3393333333333333,-0.4086666666666667,0.5369220151828847,-0.21107798481711526,9.853086419753087,10.112345679012346,14.0,2.0,0.9203703703703704,612,0.39700996677740863,-0.18023255813953487,247,0.36475409836065575,0.4616182572614108,761,0.35978835978835977,0.04161118508655127,142,-0.06115107913669065,0.43884892086330934,228,-0.07477678571428571,0.3672566371681416,242,-0.348326359832636,0.4008438818565401,247,0.4616182572614108,0.36475409836065575,223,0.0715909090909091,0.416289592760181,218,-0.38773148148148145,0.3611111111111111,232,0.3402173913043478,0.329004329004329,88,0.24705882352941178,0.29545454545454547,,,deep,,,,,,,,,,,-0.030605893676226875,-0.021421336516712852,-0.013878289196458893,-0.008690205248257366,-0.004101943129274754,-0.018117651625528586,0.09784149108693617,0.07169814493613304,0.08222423491622334,0.08777254138082226,0.0007162069118862024,-0.0579683485177334,0.27067593692751446,0.3966262589636927,4,4,-0.8307020202020206,-0.21107798481711526
B9_vwap_rngexp,B9,3699,2.0862944162436547,0.24168694241686942,-0.9542043795620438,0.0,0.38144329896907214,-0.8768659793814433,0.003514463368477967,0.31498637602179835,-0.8443215258855588,0.007839956745066235,0.4471232876712329,-0.7034794520547947,0.013246823465801569,0.3314932376483577,-0.7631807894010492,0.020546093538794268,0.4691742081447964,-0.6889643665158374,0.044065963773992974,0.03723979453906461,-0.7107602054609354,-0.0002703433360367667,-0.7482703433360368,-0.025148729042725797,-0.7731487290427258,0.015151515151515152,-0.7328484848484849,0.08805201842319155,-0.6599479815768085,0.16450068399452805,-0.583499316005472,0.2648421662322618,-0.4831578337677382,0.47052599758162034,-0.27747400241837966,8.460327115436604,8.605433901054338,14.0,2.0,0.9070018924033523,1350,0.4004474272930649,-0.03873239436619718,560,0.375,-0.07302867383512544,1789,0.36918767507002803,0.23430493273542602,389,-0.13788659793814434,0.390625,434,-0.017857142857142856,0.4032258064516129,527,0.017077798861480076,0.40535372848948376,560,-0.07302867383512544,0.375,555,0.35135135135135137,0.4007220216606498,472,-0.5783898305084746,0.3630573248407643,517,0.7771317829457365,0.36699029126213595,245,0.3941908713692946,0.3142857142857143,,,rngexp,,,,,,,,,,,-0.03474971098758475,-0.014509872753633246,-0.005091036530953608,0.011665405655298777,0.005486532614321027,0.0034681320819687778,0.03940227328032178,-0.0007944206221259465,-0.027803900434480194,0.007951989493231264,0.06743823788212919,0.12947688614601072,0.19618476982644295,0.3302302413624283,4,3,-0.6889643665158374,-0.27747400241837966
B9_vwap_slope,B9,7947,4.482233502538071,0.26652398338159383,-0.8983210373914139,0.0005033345916698125,0.38496583143507973,-0.8618952164009112,0.0056625141562853904,0.3118020304568528,-0.8610393401015228,0.00843085441046936,0.4291549655348481,-0.8157814654071993,0.014219202214672204,0.31639217704580547,-0.8877645393721048,0.022020888385554296,0.4560988433228181,-0.8229868559411144,0.04265760664401661,0.03787592802315339,-0.7101240719768467,0.03627154901220586,-0.7117284509877941,0.05144188389371616,-0.6965581161062838,0.06876971608832808,-0.679230283911672,0.08845372603783166,-0.6595462739621684,0.07750575300434671,-0.6704942469956533,0.093861858676919,-0.654138141323081,0.3360821155184412,-0.4119178844815588,7.233987668302504,7.618724046810117,14.0,4.0,0.9014722536806342,2976,0.39195130199526546,0.12812288993923024,1064,0.3920829406220547,-0.054047619047619046,3907,0.3777033985581874,0.09676584734799483,786,-0.09003831417624521,0.3851091142490372,1103,0.22336065573770492,0.3887375113533152,1087,0.18940795559666976,0.40018570102135564,1064,-0.054047619047619046,0.3920829406220547,1162,0.056157849089332176,0.38648180242634317,1200,-0.03559393428812131,0.3844221105527638,1112,0.11068181818181819,0.3601809954751131,433,0.5405882352941176,0.3805104408352668,,,slope,,,,,,,,,,,-0.009912670022860337,-0.010987340287625658,-0.008275382095899175,-0.006302916481085996,-0.009614527988231203,-0.00960723274000952,0.04003840676441056,0.035747471726116684,0.04878671250196176,0.06157019043004419,0.0678399454967693,0.04248195515582937,0.02520446227110014,0.19578635929924915,5,4,-0.8157814654071993,-0.4119178844815588
B9_tf5_vwap_cross,B9,6146,3.46644106034969,0.2581800423245971,-0.9170949047696565,0.00048812235600390497,0.3804454634785457,-0.8811067802161807,0.006508298080052067,0.3115858668857847,-0.8621741988496303,0.009925154572079401,0.4235099337748344,-0.8510629139072847,0.017246989912137977,0.31408544726301735,-0.9067950600801071,0.025056947608200455,0.45438986821838095,-0.8405038507615956,0.049300357956394404,-0.004108363163032867,-0.7521083631630329,-0.010413276928083305,-0.7584132769280834,-0.01818255776114546,-0.7661825577611454,-0.02936869508623495,-0.777368695086235,0.00842053629823414,-0.7395794637017659,-0.008420009905894007,-0.756420009905894,0.044838820301783266,-0.7031611796982167,0.32325013564839933,-0.42474986435160067,7.019484217377156,7.394931662870159,14.0,4.0,0.8955418158151643,2400,0.3811527135044173,-0.0010455876202425764,829,0.3172496984318456,-0.08878787878787879,2917,0.3979310344827586,0.04387931034482759,594,-0.10177364864864864,0.37735849056603776,933,0.06001076426264801,0.37808807733619765,873,0.0022988505747126436,0.3870220162224797,829,-0.08878787878787879,0.3172496984318456,874,0.11737629459148446,0.4429065743944637,875,-0.40229885057471265,0.3870967741935484,833,0.36821471652593485,0.358604091456077,335,0.21084337349397592,0.40718562874251496,5.0,,,,,,,,,,,,,-0.018256611079857044,-0.015507708244159701,-0.008491545666967248,-0.011947948241099682,-0.011921257771019322,-0.011316207844446646,-0.001945884421775701,-0.010937354214172485,-0.02083772915289986,-0.036568220744518834,-0.012193244242828217,-0.04344380775441135,-0.023818576104035594,0.18295437942920728,5,4,-0.8405038507615956,-0.42474986435160067
B9_tf5_vwap_deep,B9,501,0.2825719120135364,0.23952095808383234,-0.9590778443113772,0.0,0.37298387096774194,-0.9128185483870966,0.00998003992015968,0.3144016227180527,-0.8473914807302233,0.015968063872255488,0.3987730061349693,-1.005668711656442,0.023952095808383235,0.28778467908902694,-1.1237763975155277,0.03592814371257485,0.46808510638297873,-0.7001276595744679,0.06187624750499002,0.23253493013972057,-0.5154650698602794,0.2000998003992016,-0.5479001996007984,0.12574850299401197,-0.622251497005988,0.18163672654690619,-0.5663632734530938,0.748991935483871,0.0009919354838709982,0.09702258726899383,-0.6509774127310062,0.97271714922049,0.22471714922049002,0.3735431235431235,-0.3744568764568765,10.338323353293413,9.709580838323353,13.0,2.0,0.9041916167664671,189,0.37967914438502676,0.3622994652406417,76,0.35526315789473684,1.2866666666666666,236,0.37339055793991416,0.8856837606837606,44,0.24431818181818182,0.38636363636363635,78,0.13815789473684212,0.34210526315789475,67,0.6940298507462687,0.417910447761194,76,1.2866666666666666,0.35526315789473684,70,0.45652173913043476,0.4782608695652174,68,-0.6875,0.3283582089552239,71,1.6928571428571428,0.2857142857142857,27,3.8518518518518516,0.4444444444444444,5.0,,deep,,,,,,,,,,,-0.03691569532062183,-0.02296930075496345,-0.005675789834699241,-0.03668487588096481,-0.03822202594500973,0.002379030320151132,0.23469740888097773,0.19957572311311242,0.12309333160225758,0.1744372008886223,0.7283781549428087,0.06199878942047649,0.9040597528146712,0.23324736732393148,7,7,-0.7001276595744679,0.22471714922049002
B10_tf1_hl2,B10,51949,29.300056401579244,0.2595227079959904,-0.9140739070090216,0.0014052243546555274,0.3872867192661977,-0.8520314431186596,0.009451577508710465,0.3145725704259674,-0.8464940052636709,0.012589270245818013,0.4313783221450163,-0.8018854865936482,0.01930739763999307,0.323351038528619,-0.8303539321388931,0.028739725500009625,0.46175001516652847,-0.7650623445430831,0.048085622437390514,0.0025602032762902078,-0.7454397967237099,-0.03737319293922886,-0.7853731929392289,-0.0484364148468246,-0.7964364148468246,-0.05065134915411715,-0.7986513491541172,-0.060421112394526126,-0.8084211123945261,-0.029411473200126863,-0.7774114732001268,0.007383138994943762,-0.7406168610050563,0.13699858741227383,-0.6110014125877261,6.73989874684787,7.12589270245818,14.0,4.0,0.8948584188338563,17952,0.3875789711191336,-0.06987066764989507,8053,0.36717089636204525,-0.12166350411132194,25944,0.3933387742411877,-0.03494813074965747,3596,-0.029844413012729845,0.396748431260696,7360,-0.13258730598669624,0.376283719019581,6996,-0.024643791799941844,0.3948547477959243,8053,-0.12166350411132194,0.36717089636204525,7250,-0.046800782341436156,0.401340594888982,7695,-0.07516836128350719,0.39672346002621234,7796,0.01702321941038351,0.3866683857658587,3203,-0.03780177890724269,0.38347989949748745,1.0,,,,,,,,,,,,2.0,-0.01691394540846375,-0.008666452456507712,-0.005504842126784537,-0.004079559870917793,-0.002655666505417653,-0.0039560608962991295,0.004722682017547374,-0.03789727022531804,-0.051091586238579,-0.05785087481240103,-0.08103489293558848,-0.0644352710486442,-0.061274257410875096,-0.003297168806918216,1,0,-0.7650623445430831,-0.6110014125877261
B10_tf1_hl2_brk,B10,45759,25.8087986463621,0.25019686761746435,-0.9350570478607052,0.0009397058502152582,0.3822959340998194,-0.8732422800757679,0.007801743919229004,0.3101826292427622,-0.8695411964754985,0.010402325225638671,0.4278373448413934,-0.8240165947412912,0.017592167661006578,0.32088898866314963,-0.8506658435290155,0.026530300050263335,0.45956891817682594,-0.7874185886875347,0.044909198190519896,-0.03602023645621626,-0.7840202364562162,-0.08493411132236281,-0.8329341113223628,-0.10439752967456528,-0.8523975296745653,-0.1330854242650613,-0.8810854242650613,-0.16262906628178084,-0.9106290662817809,-0.09528371655237326,-0.8432837165523732,0.013952097213099372,-0.7340479027869007,0.2207500446759082,-0.5272499553240918,6.8965777224152625,7.317019602701108,14.0,4.0,0.8969164535938285,15590,0.3795247037492715,-0.21917182914900554,7253,0.354490022172949,-0.28709292532285235,22916,0.39300004396957305,-0.08494640326009922,2976,-0.12909276944065484,0.39149811450119987,6449,-0.37484232103437404,0.3682490272373541,6165,-0.09985975911565748,0.38567447959350926,7253,-0.28709292532285235,0.354490022172949,6348,-0.10825892857142858,0.39878768543627374,6614,-0.1125,0.40667886550777677,7106,-0.07355248146035367,0.38582121169326367,2848,0.00295487106017192,0.3664902998236332,1.0,,brk,,,,,,,,,,2.0,-0.026239785786989822,-0.01365723762288601,-0.009894783309989774,-0.007620537174540698,-0.005117716370887038,-0.006137157886001665,-0.033857757714959094,-0.08545818860845199,-0.10705270106631967,-0.14028494992334517,-0.1832428468228432,-0.1303075144008906,-0.05470529919271949,0.08045428845671615,1,0,-0.7874185886875347,-0.5272499553240918
B10_tf1_hl3,B10,20519,11.573040045121264,0.2506462468906989,-0.9340459444959275,0.0007797650957649009,0.3800137632717263,-0.8829415060951631,0.008528680734928603,0.3085190297771643,-0.8782750936698875,0.011452799844046981,0.4266481196283968,-0.8314492523225196,0.019006774209269457,0.3204087766756838,-0.8546275924256086,0.02714557239631561,0.4595959595959596,-0.7871414141414144,0.04469028705102588,-0.06479360592621473,-0.8127936059262147,-0.11475949120327501,-0.862759491203275,-0.11509544500317337,-0.8630954450031734,-0.16081054591786728,-0.9088105459178673,-0.1364616375892149,-0.8844616375892149,-0.11948289698063998,-0.86748289698064,-0.0007463859208045254,-0.7487463859208046,0.16531362160314475,-0.5826863783968552,6.947256201569277,7.415955943272089,14.0,4.0,0.8965836541741801,6680,0.3884435032521555,-0.1398124142138173,3322,0.3495468277945619,-0.22262269938650306,10517,0.38434231986951933,-0.10722560092673038,1236,-0.0390625,0.40165289256198344,2818,-0.26021699819168176,0.3802064791740833,2626,-0.05813276397515528,0.3912037037037037,3322,-0.22262269938650306,0.3495468277945619,2869,-0.09991181657848325,0.38969290504765264,3065,-0.062105088127702025,0.39577139081598944,3225,-0.1442942470921094,0.39108756622000623,1358,-0.13604041916167664,0.3316100443131462,1.0,,,,,,,,,,,,3.0,-0.02579040651375525,-0.015939408450979076,-0.011558382775587683,-0.008809762387537279,-0.005597928358352877,-0.0061101164668679875,-0.06263112718495757,-0.11528356848936419,-0.11775061639492776,-0.16801007157615117,-0.15707541813027726,-0.15450669482915733,-0.06940378232662339,0.025017865383952703,0,0,-0.7871414141414144,-0.5826863783968552
B10_tf1_hl3_brk,B10,20363,11.485053581500281,0.24374662145559978,-0.9495701017249005,0.0006875214850464077,0.37697215490380337,-0.8958683416588354,0.007071649560477337,0.3075359444719881,-0.8834362915220624,0.009477974758139763,0.4258444933040176,-0.8364719168498902,0.017237145803663506,0.31789781316134236,-0.8753430414189256,0.02538918626921377,0.45639684005334974,-0.8199323894531652,0.04267544075038059,-0.07431370623189118,-0.8223137062318912,-0.13964052448067574,-0.8876405244806758,-0.15299168429857796,-0.9009916842985779,-0.21010520077048453,-0.9581052007704846,-0.1980720307277897,-0.9460720307277897,-0.14278519264668849,-0.8907851926466885,0.010194636906965674,-0.7378053630930343,0.2638177212274742,-0.4841822787725258,7.116534891715366,7.593883514216962,14.0,4.0,0.8968226685655355,6697,0.3745295800090321,-0.2621451343555488,3331,0.34730177871570694,-0.32538955087076077,10335,0.3881469928842967,-0.11573574163149111,1143,-0.08141082519964507,0.3848888888888889,2867,-0.49256373937677056,0.3721174004192872,2687,-0.09256449165402124,0.3727409638554217,3331,-0.32538955087076077,0.34730177871570694,2722,-0.13335809806835067,0.39687848383500557,2997,-0.09331405239877509,0.4041118975396023,3306,-0.1455531784841076,0.38391502276176026,1310,-0.05412772585669782,0.3445635528330781,1.0,,brk,,,,,,,,,,3.0,-0.03269003194885439,-0.01898101681890202,-0.01254146808076384,-0.009613388711916526,-0.008108891872694313,-0.009309236009477861,-0.07215122749063402,-0.14016460176676493,-0.15564685569033235,-0.2173047264287684,-0.21868581126885206,-0.17780899049520582,-0.058462759498853184,0.12352196500828216,0,0,-0.8199323894531652,-0.4841822787725258
B10_tf1_hl4,B10,8017,4.521714608009025,0.24809589212136346,-0.9397842427269323,0.0009978795060496446,0.37873837647650166,-0.8883618999748679,0.007359361357116128,0.3121380005036515,-0.8592754973558298,0.009355120369215417,0.4244540375825292,-0.8451622651091926,0.017587626294124983,0.31878120599155035,-0.8680550505697096,0.025695397280778347,0.4594418362023996,-0.7887211789254047,0.043532493451415744,-0.09015217662467256,-0.8381521766246726,-0.138954721217413,-0.886954721217413,-0.1383337496877342,-0.8863337496877342,-0.1835819959879639,-0.9315819959879639,-0.25079234279918866,-0.9987923427991887,-0.2148357289527721,-0.962835728952772,-0.21305484779401904,-0.9610548477940191,0.1463957390923683,-0.6016042609076317,7.125545715354871,7.79718099039541,14.0,4.0,0.8967194711238617,2562,0.37263406940063093,-0.17624254473161033,1330,0.34618291761148906,-0.45260936300844207,4125,0.3930226884606001,-0.23224815724815726,435,-0.16764018691588786,0.37411764705882355,1111,-0.3721408966148216,0.3630630630630631,1016,0.03546277665995976,0.3826173826173826,1330,-0.45260936300844207,0.34618291761148906,1088,-0.08689591078066915,0.40148698884758366,1230,-0.0020678246484698098,0.4118129614438064,1287,-0.6027101335428122,0.3735408560311284,520,-0.16015625,0.37957610789980734,1.0,,,,,,,,,,,,4.0,-0.02834076128309071,-0.01721479524620373,-0.00793941204910048,-0.011003844433404908,-0.007225499042486316,-0.006264239860428011,-0.0879896978834154,-0.1394787985035022,-0.1409889210794886,-0.1907815216462478,-0.271406123340251,-0.24985952680128942,-0.28171224419983787,0.006099982873176257,1,1,-0.7887211789254047,-0.6016042609076317
B10_tf1_hl4_brk,B10,8286,4.673434856175973,0.23933792436873264,-0.9594896701703517,0.0010861694424330196,0.37335926105979583,-0.9112231404958678,0.006999758629012792,0.30425246740587303,-0.9006745461191665,0.009534153994689838,0.4184989559022233,-0.8823815256111043,0.01749939657253198,0.31028500619578686,-0.938148698884758,0.02606806661839247,0.45393740535083293,-0.8451415951539627,0.04368814868452812,-0.10514723630219648,-0.8531472363021965,-0.17954984310885833,-0.9275498431088584,-0.19059136534042811,-0.9385913653404281,-0.2213149587178242,-0.9693149587178242,-0.21137812653261404,-0.959378126532614,-0.12942998760842628,-0.8774299876084263,-0.1415100495954059,-0.8895100495954059,0.2172264739229025,-0.5307735260770975,7.24472000965484,7.833272990586532,14.0,4.0,0.8960897900072411,2689,0.37130011240164856,-0.2864445285876562,1377,0.33454810495626824,-0.33401033973412114,4220,0.38738953904943874,-0.1238284066330209,419,-0.3337378640776699,0.35351089588377727,1184,-0.4693396226415094,0.36855452240067627,1086,-0.06749764816556915,0.3811742777260019,1377,-0.33401033973412114,0.33454810495626824,1043,-0.024005819592628517,0.40485436893203886,1248,0.009836065573770493,0.4155844155844156,1386,-0.2619825708061002,0.36225596529284165,543,-0.26594746716697937,0.35424354243542433,1.0,,brk,,,,,,,,,,4.0,-0.037098729035721534,-0.022593910662909555,-0.015824945146878933,-0.016958926113710804,-0.01572169883824981,-0.011768670711994667,-0.10298475756093932,-0.18007392039494752,-0.1932465367321825,-0.22851448437610808,-0.2319919070736764,-0.1644537854569436,-0.21016744600122475,0.07693071770371046,1,1,-0.8451415951539627,-0.5307735260770975
B10_tf3_hl2,B10,18919,10.670614777213762,0.2672071212843745,-0.8967839771101573,0.002431418151065067,0.3913020191741203,-0.8349664185099887,0.01310851524922036,0.31778566817301485,-0.8296252420916721,0.017495639304402982,0.4333785617367707,-0.7893839891451833,0.026111316665785717,0.32658880298294674,-0.8036423753906898,0.036048416935355994,0.46280296229802514,-0.7542696364452424,0.057878323378614094,-0.011073523970611555,-0.7590735239706116,-0.040435540990538615,-0.7884355409905386,-0.07277075955388762,-0.8207707595538876,-0.09063432040903281,-0.8386343204090329,-0.01772069582181759,-0.7657206958218176,-0.054361481319641684,-0.8023614813196417,-0.010060819644176662,-0.7580608196441767,0.19068215521502718,-0.5573178447849728,6.388762619588773,6.762698874147683,14.0,5.0,0.8836090702468418,6722,0.39177750906892383,-0.06833460656990069,2754,0.3695970695970696,-0.07333707025411061,9443,0.39731903485254694,0.03428292894280763,1462,-0.08944954128440367,0.4012649332396346,2648,-0.10806888544891641,0.37832699619771865,2612,-0.016214622641509434,0.4003121342177136,2754,-0.07333707025411061,0.3695970695970696,2766,0.052106430155210645,0.3988929889298893,2776,0.08734828981243103,0.4012390670553936,2779,0.06425147492625369,0.3997821350762527,1122,-0.21575342465753425,0.37779767233661593,3.0,,,,,,,,,,,,2.0,-0.009229532120079653,-0.0046511525485851135,-0.002291744379737115,-0.0020793202791634102,0.0005820979489100653,-0.0029031137648024563,-0.008911045229354389,-0.04095961827662779,-0.07542593094564201,-0.0978338460673167,-0.03833447636287995,-0.08938527916815903,-0.07871821604999552,0.050386398995835135,3,2,-0.7542696364452424,-0.5573178447849728
B10_tf3_hl2_brk,B10,17032,9.606316976875352,0.25959447546282693,-0.9139124302086392,0.0009981211836542978,0.3869802156142637,-0.8533340836393793,0.008806951620479099,0.31484453956364067,-0.8450661672908865,0.012388445279473932,0.43301005747126436,-0.7916871408045978,0.01925786754344763,0.32825535001813566,-0.7898933623503808,0.028769375293565054,0.46797053908522623,-0.7013019743764308,0.05137388445279474,-0.05937353217472992,-0.80737353217473,-0.07628287928604979,-0.8242828792860498,-0.09954790981681541,-0.8475479098168154,-0.11586768087741023,-0.8638676808774102,-0.0831052537633129,-0.8311052537633129,-0.050299760191846524,-0.7982997601918466,0.05941406743275666,-0.6885859325672433,0.28710120068610634,-0.46089879931389366,6.44191815406294,6.707814701737905,14.0,5.0,0.8924964772193518,5953,0.38605442176870747,-0.10394983791161917,2483,0.369336569579288,-0.19070382424735557,8596,0.39273153575615477,-0.03755301602262017,1165,-0.03988666085440279,0.3968393327480246,2390,-0.300149063032368,0.3766343315056938,2398,0.059699915469146235,0.39029535864978904,2483,-0.19070382424735557,0.369336569579288,2505,-0.02592816787732042,0.397979797979798,2466,-0.02615321252059308,0.39107289107289106,2620,0.09404024767801858,0.3931034482758621,1005,-0.4348697394789579,0.382851445663011,3.0,,brk,,,,,,,,,,2.0,-0.016842177941627234,-0.008972956108441676,-0.005232872989111292,-0.002447824544669741,0.002248644984098991,0.002264463022398633,-0.05721105343347275,-0.07680695657213897,-0.1022030812085698,-0.12306720653569411,-0.10371903430437526,-0.08532355804036387,-0.009243328973062202,0.1468054444669143,2,2,-0.7013019743764308,-0.46089879931389366
B10_tf3_hl3,B10,7848,4.426395939086294,0.26573873068573617,-0.9000878559570936,0.002166156982670744,0.3919390259656375,-0.8322591396460407,0.013634046890927625,0.32390345185569686,-0.7975068777575913,0.018093781855249746,0.4395446218267469,-0.7508461135828317,0.026248725790010193,0.33170344918726047,-0.761446544205101,0.03580530071355759,0.47252155172413796,-0.6546540948275859,0.05402650356778797,-0.039150101936799186,-0.7871501019367992,-0.040870285423037715,-0.7888702854230377,-0.009906982670744139,-0.7579069826707442,-0.003949396352427434,-0.7519493963524274,-0.0468851818063339,-0.7948851818063339,-0.01250164063525397,-0.7605016406352539,0.06214978816454831,-0.6858502118354517,0.25137158956109135,-0.49662841043890865,6.454861111111111,6.709480122324159,14.0,5.0,0.8910550458715596,2691,0.38872066616199846,0.03272450532724505,1146,0.37434094903339193,-0.26744186046511625,4011,0.39914163090128757,-0.03736949325184619,563,-0.002742230347349177,0.3912248628884826,1060,0.021414821944177095,0.39217557251908397,1068,0.06261996161228407,0.3839541547277937,1146,-0.26744186046511625,0.37434094903339193,1175,-0.09506118881118882,0.40346320346320347,1152,-0.11494252873563218,0.40688437775816416,1213,0.203493265993266,0.4016597510373444,471,-0.32273706896551724,0.36324786324786323,3.0,,,,,,,,,,,,3.0,-0.010697922718718,-0.004014145757067877,0.0038260393029448947,0.004086739810812812,0.005696744153223798,0.006815475661310355,-0.03698762319554202,-0.04139436270912689,-0.012562154062498535,-0.011148922010711321,-0.06749896234739626,-0.04752543848377131,-0.00650760824127055,0.1110758333418993,3,3,-0.6546540948275859,-0.49662841043890865
B10_tf3_hl3_brk,B10,7981,4.501410039481105,0.25981683603061095,-0.9134121189311253,0.001252975817566721,0.38983909793487903,-0.8411838337767641,0.011026187194587145,0.3179852454846095,-0.8285774612058001,0.01491041222904398,0.4349218549833461,-0.7797384063540866,0.021927076807417616,0.3308766485647789,-0.7682676493405738,0.030948502693898008,0.4721488912354805,-0.6584738648363249,0.0507455206114522,-0.07508457586768576,-0.8230845758676858,-0.10214885352712692,-0.8501488535271269,-0.09400451071294325,-0.8420045107129432,-0.09678130511463845,-0.8447813051146384,-0.10430189639811632,-0.8523018963981164,-0.0081814681724846,-0.7561814681724845,0.032579338284942604,-0.7154206617150574,0.2470674486803519,-0.5009325513196481,6.485810048866057,6.701885728605438,14.0,5.0,0.8952512216514221,2695,0.3929110105580694,-0.005853474320241692,1168,0.3643410852713178,-0.4393414211438475,4118,0.39509803921568626,-0.07324290998766954,508,0.08082329317269077,0.4256619144602851,1074,-0.17867298578199053,0.38737040527803956,1113,0.12123287671232877,0.3836363636363636,1168,-0.4393414211438475,0.3643410852713178,1159,-0.0925764192139738,0.40384615384615385,1192,-0.020600858369098713,0.39437819420783643,1302,0.17862714508580343,0.3929121725731895,465,-0.8552915766738661,0.38146551724137934,3.0,,brk,,,,,,,,,,3.0,-0.016619817373843215,-0.006114073787826357,-0.0020921670681424698,-0.0005360270325879823,0.004869943530742216,0.006442815172652883,-0.0729220971264286,-0.1026729308132161,-0.09665968210469764,-0.10398083077292233,-0.12491567693917868,-0.04320526602100194,-0.03607805812087626,0.10677169246115986,3,3,-0.6584738648363249,-0.5009325513196481
B10_tf3_hl4,B10,3277,1.8482797518330514,0.2779816513761468,-0.8725412844036697,0.0021361000915471468,0.4030359355638166,-0.7850972738537793,0.014952700640830027,0.3288778364936276,-0.7713913584084551,0.0183094293561184,0.4415543716703228,-0.7382851770604826,0.026243515410436374,0.3368055555555556,-0.7193541666666663,0.03326212999694843,0.4801932367149758,-0.5760193236714979,0.05248703082087275,-0.030973451327433628,-0.7789734513274337,0.015944461397619774,-0.7320555386023802,0.06164174549893195,-0.686358254501068,0.05913978494623656,-0.6888602150537635,0.0529925187032419,-0.6950074812967582,0.13174502997791102,-0.616254970022089,0.06933946763062768,-0.6786605323693723,0.4010600706713781,-0.3469399293286219,6.489700945987184,6.5568355202929505,14.0,5.0,0.896551724137931,1086,0.40581068416119964,-0.007048872180451127,481,0.36401673640167365,-0.11945031712473574,1710,0.41235888294711825,0.1400359066427289,201,0.27284263959390864,0.4666666666666667,444,-0.3663594470046083,0.4041095890410959,441,0.22575057736720555,0.38018433179723504,481,-0.11945031712473574,0.36401673640167365,492,0.1799792531120332,0.44537815126050423,504,0.10979381443298969,0.3911290322580645,528,0.2596339113680154,0.4076190476190476,186,-0.22027027027027027,0.3978494623655914,3.0,,,,,,,,,,,,4.0,0.0015449979716926077,0.007082763841111228,0.008800423940875657,0.006096489654388693,0.01079885052151891,0.014487160652148223,-0.028810972586176462,0.015420384111530594,0.05898657410717755,0.05194025928795268,0.03237873816217954,0.09672123212939368,0.0006820712248088168,0.26076431445218606,5,5,-0.5760193236714979,-0.3469399293286219
B10_tf3_hl4_brk,B10,3545,1.9994359842075577,0.2612994350282486,-0.9100762711864406,0.0014104372355430183,0.3876677133885241,-0.8504122180987725,0.011847672778561354,0.3142366084216557,-0.8482578057863077,0.015232722143864598,0.43269786250722125,-0.793638359329867,0.023413258110014105,0.32867132867132864,-0.7864615384615388,0.03187588152327221,0.47149643705463185,-0.6651615201900236,0.04992947813822285,-0.10458392101551481,-0.8525839210155148,-0.14069111424541608,-0.8886911142454161,-0.14231311706629055,-0.8903131170662906,-0.1626241134751773,-0.9106241134751774,-0.07604945370902817,-0.8240494537090282,0.029245283018867925,-0.7187547169811321,-0.020528083028083028,-0.7685280830280831,0.27273478835978837,-0.4752652116402116,6.527926657263752,6.695133991537377,14.0,5.0,0.8981664315937941,1164,0.3989501312335958,-0.15030674846625766,536,0.3539325842696629,-0.45841209829867674,1845,0.3904709748083242,0.08268805309734513,202,0.0532994923857868,0.453125,465,-0.573076923076923,0.38209606986899564,497,0.16104294478527606,0.3935091277890467,536,-0.45841209829867674,0.3539325842696629,506,-0.0475,0.4044265593561368,533,0.028696498054474707,0.3688212927756654,610,0.43823038397328884,0.3930921052631579,196,-0.5333333333333333,0.40512820512820513,3.0,,brk,,,,,,,,,,4.0,-0.015137218376205575,-0.008285458334181262,-0.005840804131096278,-0.002760019508712852,0.002664623637291974,0.005790360991804244,-0.10242144227425765,-0.14121519153150527,-0.14496828845804494,-0.16982363913346119,-0.09666323425009053,-0.005778514829649417,-0.08918547943390188,0.13243903214059632,4,4,-0.6651615201900236,-0.4752652116402116
B11_tf1_lowvol_burst,B11,888,0.5008460236886633,0.20518602029312288,-1.0363314543404736,0.0011261261261261261,0.35754824063564133,-0.9784199772985241,0.007882882882882882,0.2990867579908676,-0.9277945205479452,0.013513513513513514,0.4343786295005807,-0.7831335656213707,0.030405405405405407,0.3514792899408284,-0.5982958579881659,0.04842342342342342,0.4925,-0.44987500000000025,0.0990990990990991,0.0019707207207207205,-0.7460292792792793,-0.10501126126126126,-0.8530112612612613,-0.02364864864864865,-0.7716486486486487,0.009019165727170236,-0.7389808342728298,0.07674943566591422,-0.6712505643340858,0.0031536697247706424,-0.7448463302752293,0.5553221288515406,-0.19267787114845936,0.8843005952380952,0.13630059523809523,7.471002252252252,7.372747747747748,11.5,2.0,0.8637387387387387,337,0.4,0.11681547619047619,122,0.4180327868852459,0.42827868852459017,429,0.3076923076923077,-0.054906542056074766,115,0.3991228070175439,0.4036697247706422,116,-0.4245689655172414,0.4051724137931034,106,0.4056603773584906,0.3904761904761905,122,0.42827868852459017,0.4180327868852459,113,0.2920353982300885,0.34513274336283184,112,-1.3303571428571428,0.3125,151,0.08940397350993377,0.2781456953642384,53,1.5192307692307692,0.3018867924528302,1.0,,lowvol,,,,,,,,,,,-0.07125063311133129,-0.038404931087064054,-0.02099065456188437,-0.0010792525153534016,0.025472584906791718,0.026793923937172393,0.004133199461977887,-0.10553533854735044,-0.026303820040403048,0.0018196400688863489,0.05613565512485186,-0.0318701281237467,0.4866647324457218,0.7440048390189031,6,6,-0.44987500000000025,0.13630059523809523
B11_tf1_highvol_burst,B11,789,0.4450084602368866,0.19391634980988592,-1.0616882129277567,0.0,0.3396704689480355,-1.054400506970849,0.0,0.28010139416983526,-1.027467680608365,0.0,0.4022842639593909,-0.983723350253807,0.0012674271229404308,0.3020304568527919,-1.006248730964467,0.0012674271229404308,0.44046094750320103,-0.9832752880921893,0.010139416983523447,0.1720532319391635,-0.5759467680608366,0.3247782002534854,-0.4232217997465146,0.4838403041825095,-0.2641596958174905,0.5003168567807351,-0.24768314321926488,-0.3953562340966921,-1.143356234096692,-0.2637820512820513,-1.0117820512820512,0.040289256198347105,-0.7077107438016529,0.5443083573487032,-0.2036916426512968,10.857414448669202,10.621989860583016,14.0,2.0,0.9416983523447402,348,0.35919540229885055,0.12643678160919541,101,0.31683168316831684,-1.4975,340,0.3264705882352941,-0.606508875739645,65,0.49230769230769234,0.3076923076923077,121,-0.09297520661157024,0.371900826446281,162,0.14351851851851852,0.37037037037037035,101,-1.4975,0.31683168316831684,88,-0.646551724137931,0.32954545454545453,97,-2.0885416666666665,0.35051546391752575,97,0.0979381443298969,0.29896907216494845,58,0.728448275862069,0.3275862068965517,1.0,,highvol,,,,,,,,,,,-0.08252030359456825,-0.0562827027746699,-0.0399760183829167,-0.03317361805654323,-0.023976248181244775,-0.025245128559626573,0.17421571068042066,0.32425412296739625,0.4811851327907551,0.4931173311224512,-0.41597001463775446,-0.2988058491305686,-0.028368140207471755,0.40401260112951115,4,4,-0.9832752880921893,-0.2036916426512968
B11_tf5_lowvol_burst,B11,314,0.17710095882684715,0.23248407643312102,-0.9749108280254777,0.0,0.36156351791530944,-0.9613550488599351,0.022292993630573247,0.30392156862745096,-0.9024117647058825,0.025477707006369428,0.42857142857142855,-0.8194285714285714,0.06369426751592357,0.3356643356643357,-0.7287692307692308,0.08917197452229299,0.49624060150375937,-0.4115338345864663,0.15286624203821655,-0.17754777070063693,-0.925547770700637,-0.10668789808917198,-0.854687898089172,-0.24522292993630573,-0.9932229299363058,-0.12579617834394904,-0.8737961783439491,-0.37900641025641024,-1.1270064102564104,-0.21147540983606558,-0.9594754098360656,0.42410714285714285,-0.32389285714285715,1.683649289099526,0.935649289099526,7.17515923566879,7.469745222929936,11.0,3.0,0.8184713375796179,117,0.43636363636363634,-0.22413793103448276,46,0.3695652173913043,-1.934782608695652,151,0.304635761589404,-0.021666666666666667,37,0.17567567567567569,0.375,36,-1.8402777777777777,0.4722222222222222,44,0.7848837209302325,0.4523809523809524,46,-1.934782608695652,0.3695652173913043,35,-0.5928571428571429,0.2571428571428571,38,-1.2171052631578947,0.3684210526315789,56,0.44545454545454544,0.2857142857142857,22,1.7840909090909092,0.3181818181818182,5.0,,lowvol,,,,,,,,,,,-0.043952576971333146,-0.03438965380739595,-0.016155843925301006,-0.006886453444505558,0.009657630630299008,0.03053452544093177,-0.17538529195937977,-0.10721197537526116,-0.24787810132806012,-0.13299570400223293,-0.3996201907974726,-0.24649920768458292,0.355449746451324,1.543353532880334,4,4,-0.4115338345864663,0.935649289099526
B11_tf5_highvol_burst,B11,94,0.05301748448956571,0.2127659574468085,-1.0192765957446808,0.0,0.3723404255319149,-0.9155531914893617,0.0,0.32978723404255317,-0.7666170212765959,0.0,0.44086021505376344,-0.7426236559139783,0.010638297872340425,0.3763440860215054,-0.3931612903225805,0.010638297872340425,0.4731182795698925,-0.648537634408602,0.010638297872340425,2.0851063829787235,1.3371063829787235,2.7898936170212765,2.0418936170212767,2.6914893617021276,1.9434893617021276,1.0611702127659575,0.31317021276595747,0.4867021276595745,-0.2612978723404255,2.5164835164835164,1.7684835164835164,5.922077922077922,5.174077922077922,5.617647058823529,4.869647058823529,20.95744680851064,13.992021276595745,11.0,1.0,0.925531914893617,40,0.325,0.38125,12,0.4166666666666667,-2.5416666666666665,42,0.40476190476190477,1.4523809523809523,10,-1.75,0.2,14,3.107142857142857,0.42857142857142855,16,-0.671875,0.3125,12,-2.5416666666666665,0.4166666666666667,7,-0.39285714285714285,0.2857142857142857,14,-2.1785714285714284,0.42857142857142855,14,3.2857142857142856,0.42857142857142855,7,6.892857142857143,0.42857142857142855,5.0,,highvol,,,,,,,,,,,-0.06367069595764566,-0.023612746190790512,0.009709821489801207,0.005402333037829332,0.050337380987468705,0.007412203507064896,2.0872688617199806,2.7893695397351874,2.688834190310373,1.0539706871076735,0.46608834711851216,2.481459718634999,5.853420525672103,5.477351302604337,3,3,-0.3931612903225805,5.174077922077922
B12_tf1_after_ddsell,B12,5491,3.097010716300056,0.24143586005830903,-0.9547693148688046,0.0005463485703879075,0.38806516565989385,-0.848723045945451,0.00509925332362047,0.31411786304387734,-0.8488812190196439,0.00801311236568931,0.43608743979251574,-0.7724535012967768,0.016936805682025134,0.3275313494291596,-0.7958663672094333,0.02695319613913677,0.4606329602470089,-0.7765121574681586,0.056273902749954474,0.014250591877617921,-0.7337494081223821,-0.0024585685667455836,-0.7504585685667455,-0.0024152387896463727,-0.7504152387896463,-0.026630732687739814,-0.7746307326877399,0.01898037777370255,-0.7290196222262975,-0.03928306092124814,-0.7872830609212481,0.08220996732026144,-0.6657900326797386,0.27547237502989713,-0.47252762497010287,8.158395556364962,8.30326898561282,14.0,3.0,0.8918229830631943,1970,0.39045664443304257,-0.06582991803278689,1021,0.3742632612966601,-0.3050345508390918,2500,0.3918269230769231,0.21744372990353697,516,0.19189453125,0.3826429980276134,689,-0.5584558823529412,0.38338192419825073,765,0.2013157894736842,0.4021164021164021,1021,-0.3050345508390918,0.3742632612966601,715,0.2856135401974612,0.4103641456582633,754,0.03623670212765957,0.41145139813581894,737,0.5866168478260869,0.38263229308005425,294,-0.41408934707903783,0.3197278911564626,1.0,,sessdd,,,,,,,,,,,-0.03500079334614514,-0.007888006062811537,-0.0059595495088746175,0.0006295577765816351,0.0015246443951229538,-0.005073115815818707,0.01641307061887509,-0.0029826458528347632,-0.0050704101814007686,-0.0338302583460237,-0.0016334027673598067,-0.07430685876976548,0.013552570914442577,0.13517661881070508,5,5,-0.7724535012967768,-0.47252762497010287
B12_tf1_after_momsell,B12,1907,1.0755781161872533,0.21353620146904512,-1.0175435466946483,0.0005243838489774515,0.3767123287671233,-0.8969726027397261,0.0047194546407970635,0.3051742344244984,-0.8958352692713832,0.0068169900367068695,0.4195432819968136,-0.8758544875199148,0.012585212375458836,0.307856761090326,-0.9581817210048105,0.018877818563188254,0.42949756888168555,-1.0956499189627233,0.029365495542737284,0.12690089145254327,-0.6210991085474568,0.007472469847928684,-0.7405275301520713,-0.061352910330361825,-0.8093529103303618,-0.20938485804416404,-0.9573848580441641,-0.43931016324381256,-1.1873101632438126,-0.6013874066168623,-1.3493874066168623,-0.6887955182072829,-1.436795518207283,-0.16130487071557426,-0.9093048707155742,9.47115888830624,10.453592029365495,14.0,2.0,0.9113791295228107,676,0.3988005997001499,-0.6322652757078987,359,0.3816155988857939,-0.18156424581005587,872,0.3577981651376147,-0.39655172413793105,152,-0.38741721854304634,0.35570469798657717,264,-1.341254752851711,0.3977272727272727,260,-0.05058365758754864,0.4251968503937008,359,-0.18156424581005587,0.3816155988857939,264,0.09848484848484848,0.36363636363636365,247,-1.1026422764227641,0.3724696356275304,256,0.41862745098039217,0.33203125,105,-1.9666666666666666,0.37142857142857144,1.0,,mom30,,,,,,,,,,,-0.06290045193540905,-0.019240842955582094,-0.014903178128253536,-0.015914600019120484,-0.018149943943710667,-0.03620850718114205,0.12906337019380043,0.006948392561839504,-0.06400808172211622,-0.21658438370244792,-0.4599239437848749,-0.6364112044653797,-0.7574529146131017,-0.3016006269347663,2,2,-0.8758544875199148,-0.6210991085474568
B12_tf3_after_ddsell,B12,1568,0.8843767625493514,0.21442246330567966,-1.0155494575622206,0.0006377551020408163,0.37017994858611825,-0.9247352185089974,0.007653061224489796,0.30103359173126615,-0.9175736434108528,0.012755102040816327,0.4135681669928245,-0.913198956294847,0.022321428571428572,0.3140770252324037,-0.9068645418326697,0.039540816326530615,0.4510609171800137,-0.8746255989048597,0.06823979591836735,-0.14748086734693877,-0.8954808673469388,-0.22034438775510204,-0.968344387755102,-0.274234693877551,-1.022234693877551,-0.40676883780332057,-1.1547688378033205,-0.18585631815266196,-0.933856318152662,-0.21224886584575503,-0.9602488658457551,-0.07838345864661654,-0.8263834586466166,0.1922043010752688,-0.5557956989247312,8.025191326530612,8.308673469387756,13.0,3.0,0.8622448979591837,552,0.38235294117647056,-0.7075729927007299,291,0.3333333333333333,-0.6807958477508651,725,0.37586685159500693,0.4082409972299169,138,-0.25,0.373134328358209,223,-1.588235294117647,0.38181818181818183,191,-0.014397905759162303,0.3894736842105263,291,-0.6807958477508651,0.3333333333333333,202,0.7786069651741293,0.39303482587064675,235,0.1372340425531915,0.3706896551724138,197,0.3405612244897959,0.3401015228426396,91,0.4361111111111111,0.42857142857142855,3.0,,sessdd,,,,,,,,,,,-0.06201419009877451,-0.025773223136587142,-0.019043820821485813,-0.0218897150231096,-0.011929679801632953,-0.014645158882813925,-0.1453183886056816,-0.22086846504119123,-0.2768898652693054,-0.4139683634616045,-0.20647009869372432,-0.24727266369427237,-0.14704085505243542,0.051908544856076766,4,4,-0.8746255989048597,-0.5557956989247312
B12_tf3_after_momsell,B12,475,0.2679075014100395,0.2336842105263158,-0.9722105263157894,0.0,0.37341772151898733,-0.9109746835443038,0.002105263157894737,0.3171247357293869,-0.833095137420719,0.004210526315789474,0.4343220338983051,-0.783487288135593,0.00631578947368421,0.29978586723768735,-1.024766595289079,0.016842105263157894,0.42424242424242425,-1.1495151515151514,0.02736842105263158,0.12736842105263158,-0.6206315789473684,0.041578947368421056,-0.706421052631579,-0.26421052631578945,-1.0122105263157894,-0.22573839662447256,-0.9737383966244726,-0.19767441860465115,-0.9456744186046512,-0.3173076923076923,-1.0653076923076923,-0.9762180974477959,-1.7242180974477959,0.4918952618453865,-0.2561047381546135,10.133157894736842,10.537368421052632,13.0,2.0,0.9073684210526316,161,0.34375,-0.40993788819875776,94,0.4148936170212766,0.29301075268817206,220,0.37727272727272726,-0.25,34,-0.15441176470588236,0.24242424242424243,63,-1.257936507936508,0.31746031746031744,64,0.2890625,0.421875,94,0.29301075268817206,0.4148936170212766,70,0.12857142857142856,0.35714285714285715,52,-1.4807692307692308,0.40384615384615385,67,0.2196969696969697,0.43283582089552236,31,-0.04032258064516129,0.25806451612903225,3.0,,mom30,,,,,,,,,,,-0.04275244287813837,-0.022535450203718055,-0.0029526768233650857,-0.0011358481176290125,-0.026220837796349317,-0.04146365182040335,0.12953089979388874,0.04105487008233188,-0.26686569770754387,-0.23293792228275645,-0.2182881991457135,-0.3523314901562096,-1.0448754938536147,0.35159950562619446,4,4,-0.783487288135593,-0.2561047381546135
