exp,name,family,module,control,cfg,exec,realized,unreal_end,total_mtm,open_qty_end,max_mtm_dd,max_dd_trough,worst_cycle,min_equity,underwater_days,pf,trades,trades_day,cost,roll_cost,inv_avg,inv_p95,inv_max,share16,share_gt24,share32,lock32_days,gt24_days,sat_days,peak_notional,avg_notional,min_excess_2500,ret_over_dd,ret_per_avg_notional,no_fill_days,no_entry_days,active_day_share,core_trades_day,p1921_mtm,p1921_dd,p22_mtm,p22_dd,p23p_mtm,p23p_dd,worst_year_mtm,pos_years,n_years,w20_dd,w20_lock,w20_share32,w20_trades,w20_rec_trades,w20_gt24_days,w2223_dd,w2223_lock,w2223_share32,w2223_trades,w2223_rec_trades,w2223_gt24_days,w25_dd,w25_lock,w25_share32,w25_trades,w25_rec_trades,w25_gt24_days,runtime_s,rec_trades_day,rec_pnl,rec_loss_realized,rec_rotations,rec_full_share,rec_zero_free_days,rec_free_avg,rec_max,emerg_trades_day,emerg_pnl,emerg_loss_realized,emerg_rotations,emerg_full_share,emerg_zero_free_days,emerg_free_avg,emerg_max
FACTORY_S1v2,BASE,CTRL,control,BASE,{},{},479737.3100000273,560.0,480297.3100000273,4,-204875.1899999999,2025-04-06,-198221.25,16760.51000000001,617.9534722222222,5.473866046002617,3439,1.939650310208686,10700.189999999437,1344.6000000000006,18.122979594924367,32.0,32,0.516988353164986,0.4548121292947178,0.4196124632621785,616.0604166666667,621.1097222222222,616.0604166666667,1108200.0,398709.56690170936,-63239.48999999999,2.3443410107394045,1.2046295094755806,616.0604166666667,616.0611111111111,0.4376762549351382,1.939650310208686,170134.05000000633,-168005.18000000008,-107072.2599999992,-171023.68999999994,417290.51000002015,-204875.1899999999,-107072.2599999992,7,8,-168005.18000000008,145.00694444444446,0.6793181308926693,109,0,145.99444444444444,-171023.68999999994,616.0604166666667,0.944311818231244,121,0,621.1097222222222,-204875.1899999999,121.16597222222222,0.6908449284129865,151,0,122.16666666666669,21.212841033935547,,,,,,,,,,,,,,,,
FACTORY_S1v2,A_28_4_cf,A,lanes_fixed_corefull,BASE,"{""core_cap"": 28, ""rec_activation"": ""core_full"", ""rec_anchor"": ""runhigh"", ""rec_cap"": 4, ""rec_spacing"": ""ladder"", ""rec_step"": 5.0, ""rec_tp"": 3.0}",{},477882.5700000367,560.0,478442.5700000366,4,-204349.49999999924,2025-04-06,-198708.75,17829.82999999961,750.8847222222222,7.104188075948968,5087,2.869148336153412,14977.429999999076,1352.0700000000006,18.96320754452666,32.0,32,0.5473858360813737,0.4924423051599653,0.4437452545521277,746.2104166666667,756.0361111111112,746.2104166666667,1105920.0,421049.05503248615,-62170.17000000039,2.3412955255581167,1.1363107559120926,746.2104166666667,746.2291666666666,0.452340665538635,1.709531866892273,177037.05000000668,-168367.3500000002,-142225.92999999912,-199311.2799999997,443686.44000002905,-204349.49999999924,-142225.92999999912,7,8,-168367.3500000002,99.90069444444444,0.6330558284640708,259,155,146.8138888888889,-199311.2799999997,715.2805555555556,0.985696139341548,78,72,721.25625,-204349.49999999924,99.14930555555556,0.643516838072192,317,167,122.97569444444444,21.61775279045105,1.1596164692611393,40408.06,0.0,0.0,0.4437452545521277,746.2104166666667,2.177623339618571,4.0,,,,,,,,
FACTORY_S1v2,A_24_8_cf,A,lanes_fixed_corefull,BASE,"{""core_cap"": 24, ""rec_activation"": ""core_full"", ""rec_anchor"": ""runhigh"", ""rec_cap"": 8, ""rec_spacing"": ""ladder"", ""rec_step"": 5.0, ""rec_tp"": 3.0}",{},442260.12000004126,560.0,442820.1200000413,4,-205430.86999999936,2025-04-06,-199561.25,18820.32999999932,750.2715277777778,9.10327735298308,6216,3.505922165820643,17689.87999999883,1354.5600000000006,19.30219152137308,32.0,32,0.5657834646882643,0.4987742385569916,0.4493067093278344,740.8034722222222,751.0340277777777,740.8034722222222,1103640.0,431120.9015738077,-61179.67000000068,2.15556756392086,1.027136746057836,740.8034722222222,740.8125,0.4517766497461929,1.5256627185561196,174311.440000006,-167875.8000000004,-142010.29999999853,-198314.79999999952,410591.47000003385,-205430.86999999936,-142010.29999999853,7,8,-167875.8000000004,98.09166666666668,0.6019787303721323,405,305,99.94097222222224,-198314.79999999952,715.1152777777778,0.9857949911774736,142,134,716.275,-205430.86999999936,99.22916666666669,0.6623311151441823,257,111,119.94027777777778,21.88017606735229,1.9802594472645236,67960.11,0.0,0.0,0.4493067093278344,740.8034722222222,4.217959996749981,8.0,,,,,,,,
FACTORY_S1v2,A_28_4_al,A,lanes_fixed_always,BASE,"{""core_cap"": 28, ""rec_activation"": ""always"", ""rec_anchor"": ""runhigh"", ""rec_cap"": 4, ""rec_spacing"": ""ladder"", ""rec_step"": 5.0, ""rec_tp"": 3.0}",{},506247.7500000536,635.0,506882.7500000536,6,-208569.54999999987,2025-04-06,-202103.75,17200.869999999355,751.0534722222222,7.466895241802399,6935,3.911449520586576,19905.99999999928,1461.6300000000006,20.585259763365,32.0,32,0.5836697756646428,0.5118975907833947,0.4806035509258351,753.0895833333333,757.0743055555556,753.0895833333333,1110880.0,460937.1107717114,-62799.130000000645,2.4302816494548405,1.099678759107547,753.0895833333333,753.0902777777778,0.4653130287648054,1.709531866892273,196155.1800000172,-172996.45000000004,-143646.4599999996,-199919.04,454464.020000036,-208569.54999999987,-143646.4599999996,7,8,-172996.45000000004,146.80625,0.6882982574073117,289,185,146.92430555555555,-199919.04,718.3097222222223,0.9899764238371316,27,21,722.2944444444445,-208569.54999999987,121.9875,0.6938294010889292,295,145,125.79444444444444,22.701032400131226,2.2019176536943035,68884.04,0.0,0.0,0.8003353683308071,762.9923611111111,0.5555711207802286,4.0,,,,,,,,
FACTORY_S1v2,A_20_12_cf,A,lanes_fixed_corefull,BASE,"{""core_cap"": 20, ""rec_activation"": ""core_full"", ""rec_anchor"": ""runhigh"", ""rec_cap"": 12, ""rec_spacing"": ""ladder"", ""rec_step"": 5.0, ""rec_tp"": 3.0}",{},461946.6900000571,560.0,462506.6900000571,4,-205004.26999999903,2025-04-06,-199651.25,22279.229999998875,746.2236111111112,13.051119782393076,8504,4.79639029892837,23529.560000001784,1339.6200000000006,19.386497292117863,32.0,32,0.577420493610631,0.4880659865908702,0.4383939303095082,740.76875,746.125,740.76875,1111160.0,433977.5927761325,-57720.770000001125,2.256083202559924,1.0657386411160663,740.76875,740.7777777777778,0.476029328821207,1.4275239706711789,191650.94000001112,-166203.73000000085,-141320.21999999788,-197075.6399999997,412239.7100000439,-205004.26999999903,-141320.21999999788,7,8,-166203.73000000085,90.76666666666668,0.541617112225727,847,774,99.90347222222222,-197075.6399999997,715.0805555555555,0.9835461119101636,212,205,715.2069444444444,-205004.26999999903,99.14930555555556,0.6577132486388385,326,182,119.87986111111113,24.57492566108704,3.368866328257192,110604.73,0.0,0.0,0.4383939303095082,740.76875,6.244993990266754,12.0,,,,,,,,
FACTORY_S1v2,A_24_8_al,A,lanes_fixed_always,BASE,"{""core_cap"": 24, ""rec_activation"": ""always"", ""rec_anchor"": ""runhigh"", ""rec_cap"": 8, ""rec_spacing"": ""ladder"", ""rec_step"": 5.0, ""rec_tp"": 3.0}",{},516667.54000008345,635.0,517302.5400000834,6,-211510.78999999983,2025-04-06,-205058.75,16097.86999999892,758.8319444444444,10.465501211060651,10640,6.0011280315848845,29289.96000000521,1521.3900000000008,21.860935613202923,32.0,32,0.6498664970679786,0.5558148721986098,0.5140409222208836,757.0701388888889,757.9263888888889,757.0701388888889,1113480.0,493689.2431921209,-63902.13000000108,2.445750119887897,1.0478302841991909,757.0701388888889,757.0708333333333,0.4664410603496898,1.5256627185561196,203699.05000002412,-176986.40000000008,-144954.8699999993,-201131.27999999968,458516.9300000584,-211510.78999999983,-144954.8699999993,7,8,-176986.40000000008,146.84791666666666,0.6893324370443146,354,254,146.97569444444446,-201131.27999999968,722.2861111111112,0.9938118750710496,63,55,723.0493055555555,-211510.78999999983,122.99513888888887,0.7022181891510385,502,356,125.86458333333331,25.196781635284424,4.4754653130287645,142535.59999999998,0.0,0.0,0.6823022461553117,757.8965277777778,1.6592159049201365,8.0,,,,,,,,
FACTORY_S1v2,A_16_16_cf,A,lanes_fixed_corefull,BASE,"{""core_cap"": 16, ""rec_activation"": ""core_full"", ""rec_anchor"": ""runhigh"", ""rec_cap"": 16, ""rec_spacing"": ""ladder"", ""rec_step"": 5.0, ""rec_tp"": 3.0}",{},478643.4100000849,560.0,479203.4100000849,4,-201251.71999999785,2025-04-06,-198085.0,20666.09999999896,746.2104166666667,22.21625009669256,11803,6.657078398195149,31932.84000000707,1334.6400000000006,19.40890841390672,32.0,32,0.5994323673866205,0.4750505013714519,0.4259275862165577,660.9034722222223,740.8013888888889,660.9034722222223,1104960.0,433397.2308280404,-59333.90000000104,2.381114606126547,1.105690982576257,660.9034722222223,660.9069444444444,0.5047941342357586,1.2583192329385222,194344.03000001865,-166191.14000000086,-138666.159999997,-194523.8799999992,423598.0300000632,-201251.71999999785,-138666.159999997,7,8,-166191.14000000086,90.76666666666668,0.5026285399107159,1043,976,99.90347222222222,-194523.8799999992,640.0388888888889,0.9813318307854272,306,298,715.1131944444444,-201251.71999999785,94.89097222222222,0.6092357330106877,676,545,104.9263888888889,23.580515384674072,5.398759165256627,172749.47000000003,0.0,0.0,0.4259275862165577,660.9034722222223,8.202350099882047,16.0,,,,,,,,
FACTORY_S1v2,A_20_12_al,A,lanes_fixed_always,BASE,"{""core_cap"": 20, ""rec_activation"": ""always"", ""rec_anchor"": ""runhigh"", ""rec_cap"": 12, ""rec_spacing"": ""ladder"", ""rec_step"": 5.0, ""rec_tp"": 3.0}",{},560431.6300001133,635.0,561066.6300001133,6,-212994.2799999996,2025-04-06,-206900.0,18025.76999999836,758.8645833333334,15.618005375663014,14294,8.062041737168641,38660.87000000712,1533.8400000000008,22.476092748815564,32.0,32,0.6710434521925019,0.5871425329414632,0.5376497880483356,746.2222222222222,758.0194444444444,746.2222222222222,1120480.0,508903.45441638347,-61974.23000000164,2.6341863734562,1.102501123014681,746.2222222222222,746.225,0.4794134235758601,1.4275239706711789,217576.5900000311,-178187.37000000023,-145999.0299999991,-201978.55999999956,489438.8900000811,-212994.2799999996,-145999.0299999991,7,8,-178187.37000000023,139.00347222222223,0.7307340951789992,444,371,160.89375,-201978.55999999956,715.2875,0.993609228807402,84,77,723.0944444444444,-212994.2799999996,125.81180555555557,0.7050615043355515,650,506,125.96805555555557,23.86644673347473,6.634517766497462,209285.13,0.0,0.0,0.597000456683692,746.2222222222222,3.1553985335690533,12.0,,,,,,,,
FACTORY_S1v2,A3_20_8_4E,A,three_layer,BASE,"{""core_cap"": 20, ""emerg_cap"": 4, ""emerg_step"": 20.0, ""emerg_tp"": 10.0, ""rec_activation"": ""core_full"", ""rec_anchor"": ""runhigh"", ""rec_cap"": 8, ""rec_spacing"": ""ladder"", ""rec_step"": 5.0, ""rec_tp"": 3.0}",{},466635.6500000513,560.0,467195.65000005136,4,-203370.5899999991,2025-04-06,-198851.25,21843.84999999928,746.2104166666667,13.17276568315739,7280,4.106034968979132,20421.849999999828,1327.1700000000008,19.24573364974322,32.0,32,0.577420493610631,0.4880659865908702,0.386425847736614,635.2465277777778,746.125,635.2465277777778,1098200.0,430643.5794352952,-58156.15000000072,2.2972625982943424,1.084877779003897,635.2465277777778,635.2680555555555,0.5194585448392555,1.4275239706711789,188699.26000001052,-165198.18000000046,-138771.589999998,-194235.36999999947,417331.7200000388,-203370.5899999991,-138771.589999998,7,8,-165198.18000000046,83.87847222222223,0.4403019804540048,573,397,99.90347222222222,-194235.36999999947,635.2465277777778,0.9659257721564034,203,149,715.2069444444444,-203370.5899999991,77.00069444444445,0.554244807420851,313,96,119.87986111111113,26.48777866363525,2.291032148900169,74199.36999999998,0.0,0.0,0.4670571358928166,740.8034722222222,4.040209177941337,8.0,0.3874788494077834,41081.87,0.0,0.0,0.386425847736614,635.2465277777778,2.34554845470006,4.0
FACTORY_S1v2,A_16_16_al,A,lanes_fixed_always,BASE,"{""core_cap"": 16, ""rec_activation"": ""always"", ""rec_anchor"": ""runhigh"", ""rec_cap"": 16, ""rec_spacing"": ""ladder"", ""rec_step"": 5.0, ""rec_tp"": 3.0}",{},572288.090000136,635.0,572923.090000136,6,-213659.15999999945,2025-04-06,-207730.0,16811.52999999834,758.8597222222222,26.365412131325076,17306,9.760857304004512,46334.41000000098,1556.250000000001,22.689728259194613,32.0,32,0.6850171326427977,0.604098666091376,0.530730890028886,740.8604166666667,757.8659722222222,740.8604166666667,1186560.0,513421.5652413279,-63188.47000000166,2.681481524125329,1.1158921416377203,740.8604166666667,740.8645833333334,0.5160744500846024,1.2583192329385222,220225.14000003552,-178543.4500000003,-144728.84999999835,-200905.2599999988,497385.3700000987,-213659.15999999945,-144728.84999999835,7,8,-178543.4500000003,101.04513888888889,0.6756123205267421,638,571,147.13194444444446,-200905.2599999988,715.1222222222223,0.9903767737726308,165,157,723.0944444444444,-213659.15999999945,125.01805555555556,0.7281508368622707,820,689,126.01944444444445,26.81166172027588,8.50253807106599,266617.0,0.0,0.0,0.5363946083306951,740.8604166666667,4.9215302545941535,16.0,,,,,,,,
FACTORY_S1v2,A3_20_4_8E,A,three_layer,BASE,"{""core_cap"": 20, ""emerg_cap"": 8, ""emerg_step"": 20.0, ""emerg_tp"": 10.0, ""rec_activation"": ""core_full"", ""rec_anchor"": ""runhigh"", ""rec_cap"": 4, ""rec_spacing"": ""ladder"", ""rec_step"": 5.0, ""rec_tp"": 3.0}",{},462230.2300000425,560.0,462790.2300000425,4,-200626.9699999992,2025-04-06,-196628.75,23077.47999999952,739.9868055555555,13.057523704187142,5998,3.382966723068246,17137.269999998876,1302.2700000000004,18.80470188080836,32.0,32,0.577420493610631,0.4547504910050123,0.3340683232423981,614.0763888888889,740.7680555555555,614.0763888888889,1095320.0,420110.6923345783,-56922.52000000048,2.3067199290307,1.101591172146302,614.0763888888889,614.8847222222222,0.5606316976875353,1.4275239706711789,181011.14000000845,-161293.16000000044,-132632.81999999797,-187666.4199999987,414475.650000032,-200626.9699999992,-132632.81999999797,7,8,-161293.16000000044,72.94166666666666,0.3702018373924884,426,190,99.89375,-187666.4199999987,614.0763888888889,0.9140433860707878,220,73,715.0798611111111,-200626.9699999992,68.85347222222222,0.4572292800967937,336,52,119.74652777777776,26.73095703125,1.284263959390863,40401.52,0.0,0.0,0.4964712079143564,746.2104166666667,1.9505576864348133,4.0,0.6711787930062042,70449.4,0.0,0.0,0.3340683232423981,614.0763888888889,4.876231715141446,8.0
FACTORY_S1v2,A3_16_8_8E,A,three_layer,BASE,"{""core_cap"": 16, ""emerg_cap"": 8, ""emerg_step"": 20.0, ""emerg_tp"": 10.0, ""rec_activation"": ""core_full"", ""rec_anchor"": ""runhigh"", ""rec_cap"": 8, ""rec_spacing"": ""ladder"", ""rec_step"": 5.0, ""rec_tp"": 3.0}",{},471755.6600000649,560.0,472315.6600000649,4,-197957.69999999876,2025-04-06,-195087.5,23164.94999999937,740.2819444444444,21.910694970881725,8913,5.027072758037225,24568.090000002445,1309.7400000000005,18.960810655579245,32.0,32,0.5994323673866205,0.4602587127123369,0.3372903247497345,616.9805555555556,740.76875,616.9805555555556,1095320.0,422871.1032553422,-56835.05000000063,2.385942350310536,1.1169258347616782,616.9805555555556,616.9854166666667,0.5747320924985899,1.2583192329385222,186133.64000001363,-161280.5700000005,-133337.88999999745,-188449.88999999897,419592.4000000487,-197957.69999999876,-133337.88999999745,7,8,-161280.5700000005,72.94166666666666,0.3700811831015047,621,390,99.89375,-188449.88999999897,616.9805555555556,0.9221591218002896,273,160,715.0805555555555,-197957.69999999876,67.9576388888889,0.4197015527324057,502,214,103.99236111111112,26.767071962356567,3.1003948110547097,95453.72,0.0,0.0,0.4845932293140499,740.8034722222222,3.8047046825487993,8.0,0.6683587140439933,70383.09999999999,0.0,0.0,0.3372903247497345,616.9805555555556,4.84574317566072,8.0
FACTORY_S1v2,A_dyn_vol,A,dynamic_alloc,BASE,"{""core_cap"": 28, ""dyn_alloc"": ""vol"", ""rec_activation"": ""core_full"", ""rec_anchor"": ""runhigh"", ""rec_cap"": 12, ""rec_spacing"": ""ladder"", ""rec_step"": 5.0, ""rec_tp"": 3.0}",{},458767.8400000393,560.0,459327.8400000393,4,-204349.49999999924,2025-04-06,-198708.75,17829.82999999961,750.8847222222222,7.121358303622531,5372,3.029892836999436,15655.909999999014,1332.1500000000003,19.008190888179737,32.0,32,0.5483552382740158,0.4931007141636384,0.447890429534827,746.2104166666667,756.0361111111112,746.2104166666667,1105920.0,422459.80004678905,-62170.17000000039,2.2477561237000385,1.087269936569508,746.2104166666667,746.2291666666666,0.4472645234066554,1.6790750141003947,178215.19000000902,-168367.3500000002,-142029.04999999912,-199311.2799999997,423205.4400000294,-204349.49999999924,-142029.04999999912,7,8,-168367.3500000002,99.90069444444444,0.6330558284640708,259,155,146.8138888888889,-199311.2799999997,715.2805555555556,0.985696139341548,79,72,721.25625,-204349.49999999924,99.14930555555556,0.643516838072192,317,167,122.97569444444444,23.42667889595032,1.350817822899041,46656.45000000001,0.0,0.0,0.0083267725911336,20.792361111111116,10.04828939737365,12.0,,,,,,,,
FACTORY_S1v2,A3_24_4_4E,A,three_layer,BASE,"{""core_cap"": 24, ""emerg_cap"": 4, ""emerg_step"": 20.0, ""emerg_tp"": 10.0, ""rec_activation"": ""core_full"", ""rec_anchor"": ""runhigh"", ""rec_cap"": 4, ""rec_spacing"": ""ladder"", ""rec_step"": 5.0, ""rec_tp"": 3.0}",{},448299.0000000363,560.0,448859.0000000363,4,-203755.96999999945,2025-04-06,-198595.0,18312.79999999958,747.2,9.21326741607514,5236,2.9531866892272984,15205.999999999043,1337.1300000000008,19.063976342103715,32.0,32,0.5657834646882643,0.4987742385569916,0.3733753407616811,623.0041666666667,751.0340277777777,623.0041666666667,1095320.0,425445.3168926037,-61687.20000000042,2.202924410018698,1.055033354881993,623.0041666666667,624.1923611111112,0.5042301184433164,1.5256627185561196,173018.6600000065,-166128.40000000034,-137967.91999999864,-194064.53999999928,413880.75000002846,-203755.96999999945,-137967.91999999864,7,8,-166128.40000000034,84.04166666666667,0.47136184221866,319,147,99.94097222222224,-194064.53999999928,623.0041666666667,0.9508459245859344,137,66,716.275,-203755.96999999945,77.00069444444445,0.5489211534583586,270,53,119.94027777777778,24.86032509803772,1.101522842639594,36333.28,0.0,0.0,0.474628839435057,746.2104166666667,2.0523687314559806,4.0,0.3260011280315849,37648.28,0.0,0.0,0.3733753407616811,623.0041666666667,2.403806444563363,4.0
FACTORY_S1v2,A_dyn_dd,A,dynamic_alloc,BASE,"{""core_cap"": 28, ""dyn_alloc"": ""dd"", ""rec_activation"": ""core_full"", ""rec_anchor"": ""runhigh"", ""rec_cap"": 12, ""rec_spacing"": ""ladder"", ""rec_step"": 5.0, ""rec_tp"": 3.0}",{},477882.5700000367,560.0,478442.5700000366,4,-204349.49999999924,2025-04-06,-198708.75,17829.82999999961,750.8847222222222,7.104188075948968,5087,2.869148336153412,14977.429999999076,1352.0700000000006,18.96320754452666,32.0,32,0.5473858360813737,0.4924423051599653,0.4437452545521277,746.2104166666667,756.0361111111112,746.2104166666667,1105920.0,421049.05503248615,-62170.17000000039,2.3412955255581167,1.1363107559120926,746.2104166666667,746.2291666666666,0.452340665538635,1.709531866892273,177037.05000000668,-168367.3500000002,-142225.92999999912,-199311.2799999997,443686.44000002905,-204349.49999999924,-142225.92999999912,7,8,-168367.3500000002,99.90069444444444,0.6330558284640708,259,155,146.8138888888889,-199311.2799999997,715.2805555555556,0.985696139341548,78,72,721.25625,-204349.49999999924,99.14930555555556,0.643516838072192,317,167,122.97569444444444,24.753409147262573,1.1596164692611393,40408.06,0.0,0.0,0.0,0.0,10.17762333961857,4.0,,,,,,,,
FACTORY_S1v2,A3_12_12_8E,A,three_layer,BASE,"{""core_cap"": 12, ""emerg_cap"": 8, ""emerg_step"": 20.0, ""emerg_tp"": 10.0, ""rec_activation"": ""core_full"", ""rec_anchor"": ""runhigh"", ""rec_cap"": 12, ""rec_spacing"": ""ladder"", ""rec_step"": 5.0, ""rec_tp"": 3.0}",{},461511.61000008526,560.0,462071.6100000853,4,-210241.9599999992,2025-04-06,-205095.0,21964.809999999477,738.4145833333333,58.95228961519438,11488,6.47941342357586,31150.89000000656,1359.5400000000004,19.55831822728279,32.0,32,0.5931970940348145,0.4710159951361786,0.3454293807313103,614.04375,738.7263888888889,614.04375,1095320.0,441085.8089797883,-58035.190000000526,2.197808705741171,1.0475775928244808,614.04375,614.0666666666667,0.5916525662718556,0.9571347997743936,192127.82000002023,-163539.3400000005,-130720.57999999703,-185535.83999999877,400728.1100000621,-210241.9599999992,-130720.57999999703,7,8,-163539.3400000005,80.73055555555555,0.3863867487115845,742,526,99.90555555555557,-185535.83999999877,614.04375,0.9129510732838084,317,189,715.0381944444445,-210241.9599999992,77.00069444444445,0.554204476709014,438,238,125.02569444444444,24.82761263847351,4.80936266215454,155047.77,0.0,0.0,0.4934579360698866,740.76875,5.261351951832478,12.0,0.7129159616469262,74181.38999999998,0.0,0.0,0.3454293807313103,614.04375,4.781635151756271,8.0
FACTORY_S1v2,A_dyn_age,A,dynamic_alloc,BASE,"{""core_cap"": 28, ""dyn_alloc"": ""age"", ""rec_activation"": ""core_full"", ""rec_anchor"": ""runhigh"", ""rec_cap"": 12, ""rec_spacing"": ""ladder"", ""rec_step"": 5.0, ""rec_tp"": 3.0}",{},470626.030000037,560.0,471186.03000003705,4,-204349.49999999924,2025-04-06,-198708.75,17872.709999999555,750.8847222222222,7.372108081340067,5308,2.993795826283136,15495.21999999903,1352.0700000000006,19.08261071777788,32.0,32,0.5530705674364915,0.4938866023573844,0.4479436626032091,746.2104166666667,756.0361111111112,746.2104166666667,1105920.0,423944.450309032,-62127.290000000445,2.3057850887819096,1.1114334192995534,746.2104166666667,746.2291666666666,0.4517766497461929,1.6700507614213198,172817.71000000788,-168367.35000000024,-142225.92999999912,-199311.2799999998,440649.2400000283,-204349.49999999924,-142225.92999999912,7,8,-168367.35000000024,99.90069444444444,0.6330558284640708,259,155,146.8138888888889,-199311.2799999998,715.2805555555556,0.985696139341548,78,72,721.25625,-204349.49999999924,99.14930555555556,0.643516838072192,317,167,122.97569444444444,27.84529399871826,1.323745064861816,46259.72,0.0,0.0,0.0054241694940897,6.979861111111111,10.022806167191058,12.0,,,,,,,,
FACTORY_S1v2,B_24_8_pts40_hi,B,roll_pts,A_24_8_cf,"{""core_cap"": 24, ""rec_activation"": ""core_full"", ""rec_anchor"": ""runhigh"", ""rec_cap"": 8, ""rec_roll"": ""pts"", ""rec_roll_x"": 40.0, ""rec_spacing"": ""ladder"", ""rec_step"": 5.0, ""rec_tp"": 3.0}",{},367528.1900001892,560.0,368088.1900001892,4,-215923.59999994945,2022-10-13,-161518.75,31680.120000000228,902.1493055555557,1.777763392641827,25933,14.626621545403273,68163.05999998341,1267.4100000000003,18.138987338934943,32.0,32,0.5657834646882643,0.4503209393675351,0.2097957251044348,4.800694444444445,47.09791666666667,4.800694444444445,1101320.0,405652.0758882918,-48319.87999999977,1.7047149547352645,0.907398758392039,7.985416666666667,7.985416666666667,0.8640721940214326,1.5256627185561196,174084.690000006,-154722.3699999995,-159432.69999993616,-215923.59999994945,353508.6900001193,-197428.639999988,-159432.69999993616,7,8,-154722.3699999995,4.800694444444445,0.2042332419807987,3675,3575,13.211805555555555,-215923.59999994945,4.173611111111111,0.4632295883315293,10037,10029,47.09791666666667,-197428.639999988,3.938888888888889,0.2803992740471869,4002,3856,18.073611111111116,26.840643167495728,13.100958826847153,-6858.969999999996,-419432.3299999999,517.0,0.2097957251044348,4.800694444444445,5.381164179188112,8.0,,,,,,,,
FACTORY_S1v2,B_24_8_pts20_hi,B,roll_pts,A_24_8_cf,"{""core_cap"": 24, ""rec_activation"": ""core_full"", ""rec_anchor"": ""runhigh"", ""rec_cap"": 8, ""rec_roll"": ""pts"", ""rec_roll_x"": 20.0, ""rec_spacing"": ""ladder"", ""rec_step"": 5.0, ""rec_tp"": 3.0}",{},324902.4400002437,560.0,325462.4400002437,4,-224328.05999993143,2022-10-13,-159060.0,33353.15000000148,980.5569444444444,1.526667685600479,32880,18.54483925549916,86305.06000001624,1212.63,17.73285685067564,32.0,32,0.5657834646882643,0.4285500152694854,0.1402537256143516,4.800694444444445,35.10069444444444,4.800694444444445,1101320.0,396737.3928334281,-46646.84999999852,1.4508324995113993,0.8203472772653182,7.985416666666667,7.985416666666667,0.8725324309080654,1.5256627185561196,159489.21000000823,-151918.37999999826,-173477.23999991408,-224328.05999993143,339522.9600001496,-189746.0899999821,-173477.23999991408,7,8,-151918.37999999826,4.800694444444445,0.1303066342623713,4642,4542,7.950694444444444,-224328.05999993143,3.7597222222222224,0.3158662139252581,13460,13452,35.10069444444444,-189746.0899999821,3.729861111111111,0.1617866505343819,5152,5006,7.861805555555556,26.98334527015686,17.019176536943036,-49539.50000000009,-564463.94,1106.0,0.1402537256143516,4.800694444444445,5.787294667447418,8.0,,,,,,,,
FACTORY_S1v2,B_24_8_pts10_hi,B,roll_pts,A_24_8_cf,"{""core_cap"": 24, ""rec_activation"": ""core_full"", ""rec_anchor"": ""runhigh"", ""rec_cap"": 8, ""rec_roll"": ""pts"", ""rec_roll_x"": 10.0, ""rec_spacing"": ""ladder"", ""rec_step"": 5.0, ""rec_tp"": 3.0}",{},306059.9000002861,560.0,306619.9000002861,4,-221272.1099999149,2022-10-13,-157431.25,36677.34000000346,996.7743055555557,1.4384278141956628,37891,21.37112239142696,99603.85000004248,1175.2800000000002,17.407192347886507,32.0,32,0.5657834646882643,0.4132553142011818,0.0740584050812364,3.733333333333333,14.782638888888888,3.733333333333333,1101320.0,389803.21099241846,-43322.65999999654,1.385714177897992,0.7866017809849436,7.985416666666667,7.985416666666667,0.8725324309080654,1.5256627185561196,152578.03000001225,-147347.13999999626,-175076.589999896,-221272.1099999149,329190.95000016986,-190045.60999997868,-175076.589999896,7,8,-147347.13999999626,2.7256944444444446,0.0686695278969957,5175,5075,5.9840277777777775,-221272.1099999149,3.733333333333333,0.1685670932123386,16148,16140,14.782638888888888,-190045.60999997868,3.729861111111111,0.0836458963500705,5767,5621,7.825694444444444,27.114059686660767,19.84545967287084,-68419.39000000001,-646025.9699999999,1778.0,0.0740584050812364,3.733333333333333,6.112959170236551,8.0,,,,,,,,
FACTORY_S1v2,B_24_8_atr1.0_hi,B,roll_atr,A_24_8_cf,"{""core_cap"": 24, ""rec_activation"": ""core_full"", ""rec_anchor"": ""runhigh"", ""rec_cap"": 8, ""rec_roll"": ""atr"", ""rec_roll_x"": 1.0, ""rec_spacing"": ""ladder"", ""rec_step"": 5.0, ""rec_tp"": 3.0}",{},327556.4700002608,560.0,328116.4700002608,4,-219096.68999992375,2022-10-13,-161537.5,33733.02000000232,989.9069444444444,1.516500243781345,34538,19.4799774393683,90782.28000002493,1200.1800000000003,17.541402719369273,32.0,32,0.5657834646882643,0.420954496933495,0.0993959447608854,4.800694444444445,14.960416666666667,4.800694444444445,1101320.0,392781.7510877757,-46266.97999999768,1.4975875263125835,0.8353658719927035,7.985416666666667,7.985416666666667,0.8725324309080654,1.5256627185561196,155742.8900000098,-149862.7299999973,-173866.5399999064,-219096.68999992375,346312.6100001574,-191352.3899999821,-173866.5399999064,7,8,-149862.7299999973,4.800694444444445,0.1197062929830911,4383,4283,7.1,-219096.68999992375,3.733333333333333,0.2024881007102504,15025,15017,14.960416666666667,-191352.3899999821,3.729861111111111,0.1494857834240774,5076,4930,11.008333333333333,27.05707335472107,17.95431472081218,-46897.9200000001,-581767.6199999999,1363.0,0.0993959447608854,4.800694444444445,5.978748798753786,8.0,,,,,,,,
FACTORY_S1v2,B_24_8_atr4.0_hi,B,roll_atr,A_24_8_cf,"{""core_cap"": 24, ""rec_activation"": ""core_full"", ""rec_anchor"": ""runhigh"", ""rec_cap"": 8, ""rec_roll"": ""atr"", ""rec_roll_x"": 4.0, ""rec_spacing"": ""ladder"", ""rec_step"": 5.0, ""rec_tp"": 3.0}",{},384674.9100001577,560.0,385234.9100001578,4,-211174.47999996308,2022-10-13,-170518.75,18101.40999999913,881.9784722222222,2.016457479283896,21100,11.900733220530174,55842.589999993244,1279.8600000000004,18.308316125977456,32.0,32,0.5657834646882643,0.4603049414296161,0.2393316728351652,4.889583333333333,58.72638888888889,4.889583333333333,1101320.0,409448.6580083548,-61898.59000000087,1.8242493600563152,0.9408625537424452,7.985416666666667,7.985416666666667,0.8668922729836436,1.5256627185561196,167399.12000000617,-168030.01000000062,-155018.37999995064,-211174.47999996308,372926.6600001023,-201127.02999999345,-155018.37999995064,7,8,-168030.01000000062,4.889583333333333,0.2873812847958357,2343,2243,40.11944444444445,-211174.47999996308,3.904166666666667,0.4975361179895514,8591,8583,58.72638888888889,-201127.02999999345,3.870833333333333,0.360919540229885,2725,2579,44.07222222222222,26.66140580177307,10.375070501974056,10300.20000000007,-324962.80999999994,344.0,0.2393316728351652,4.889583333333333,5.211835392145601,8.0,,,,,,,,
FACTORY_S1v2,B_24_8_atr2.0_hi,B,roll_atr,A_24_8_cf,"{""core_cap"": 24, ""rec_activation"": ""core_full"", ""rec_anchor"": ""runhigh"", ""rec_cap"": 8, ""rec_roll"": ""atr"", ""rec_roll_x"": 2.0, ""rec_spacing"": ""ladder"", ""rec_step"": 5.0, ""rec_tp"": 3.0}",{},347625.9200002096,560.0,348185.9200002096,4,-220176.62999994413,2022-10-13,-165470.0,21240.98999999842,974.1138888888888,1.6717189783205937,27718,15.633389734912578,72912.82999998919,1237.5300000000004,17.922136831399666,32.0,32,0.5657834646882643,0.439625295233399,0.1710224391391932,4.800694444444445,27.98125,4.800694444444445,1101320.0,400950.909660331,-58759.01000000158,1.5813936292888937,0.8684003742382784,7.985416666666667,7.985416666666667,0.8725324309080654,1.5256627185561196,157050.51000000827,-163805.57000000132,-169599.88999992824,-220176.62999994413,360807.7900001296,-193702.8699999872,-169599.88999992824,7,8,-163805.57000000132,4.800694444444445,0.203388661943913,3273,3173,27.94305555555556,-220176.62999994413,3.747916666666667,0.3565190314497116,11817,11809,27.98125,-193702.8699999872,3.8652777777777776,0.2519257914902198,3948,3802,11.261111111111113,26.88111257553101,14.107727016356458,-26791.120000000017,-464617.5199999999,748.0,0.1710224391391932,4.800694444444445,5.598014686723393,8.0,,,,,,,,
FACTORY_S1v2,B_24_8_newlow0_hi,B,roll_newlow,A_24_8_cf,"{""core_cap"": 24, ""rec_activation"": ""core_full"", ""rec_anchor"": ""runhigh"", ""rec_cap"": 8, ""rec_roll"": ""newlow"", ""rec_roll_x"": 0.0, ""rec_spacing"": ""ladder"", ""rec_step"": 5.0, ""rec_tp"": 3.0}",{},316719.7400003004,560.0,317279.7400003004,4,-213617.4999999106,2022-10-13,-156181.25,38889.63000000338,981.0055555555556,1.4538198825430804,39257,22.14156796390299,103370.26000004965,1157.8500000000004,17.217779284491527,31.0,32,0.5657834646882643,0.4056275758501181,0.0398001238369275,3.732638888888889,13.047916666666667,3.732638888888889,1101120.0,385684.54614256375,-41110.36999999662,1.4852703547248385,0.8226405314228528,7.985416666666667,7.985416666666667,0.8725324309080654,1.5256627185561196,150063.2500000164,-144244.9999999961,-167746.0099998908,-213617.4999999106,335034.9900001748,-188539.889999978,-167746.0099998908,7,8,-144244.9999999961,2.725,0.0404019511522484,5338,5238,4.98125,-213617.4999999106,3.732638888888889,0.0876964062415049,16913,16905,13.047916666666667,-188539.889999978,3.7291666666666665,0.0563621697922968,5893,5747,7.825694444444444,26.705702543258667,20.61590524534687,-57776.98000000002,-645708.8599999999,2114.0,0.0398001238369275,3.732638888888889,6.302372233631532,8.0,,,,,,,,
FACTORY_S1v2,B_24_8_atr2.0_old,B,roll_select_oldest,A_24_8_cf,"{""core_cap"": 24, ""rec_activation"": ""core_full"", ""rec_anchor"": ""runhigh"", ""rec_cap"": 8, ""rec_roll"": ""atr"", ""rec_roll_select"": ""oldest"", ""rec_roll_x"": 2.0, ""rec_spacing"": ""ladder"", ""rec_step"": 5.0, ""rec_tp"": 3.0}",{},347625.9200002096,560.0,348185.9200002096,4,-220176.62999994413,2022-10-13,-165470.0,21240.98999999842,974.1138888888888,1.6717189783205937,27718,15.633389734912578,72912.82999998919,1237.5300000000004,17.922136831399666,32.0,32,0.5657834646882643,0.439625295233399,0.1710224391391932,4.800694444444445,27.98125,4.800694444444445,1101320.0,400950.909660331,-58759.01000000158,1.5813936292888937,0.8684003742382784,7.985416666666667,7.985416666666667,0.8725324309080654,1.5256627185561196,157050.51000000827,-163805.57000000132,-169599.88999992824,-220176.62999994413,360807.7900001296,-193702.8699999872,-169599.88999992824,7,8,-163805.57000000132,4.800694444444445,0.203388661943913,3273,3173,27.94305555555556,-220176.62999994413,3.747916666666667,0.3565190314497116,11817,11809,27.98125,-193702.8699999872,3.8652777777777776,0.2519257914902198,3948,3802,11.261111111111113,26.72646141052246,14.107727016356458,-26791.120000000017,-464617.5199999999,748.0,0.1710224391391932,4.800694444444445,5.598014686723393,8.0,,,,,,,,
FACTORY_S1v2,B_24_8_newlow0_old,B,roll_select_oldest,A_24_8_cf,"{""core_cap"": 24, ""rec_activation"": ""core_full"", ""rec_anchor"": ""runhigh"", ""rec_cap"": 8, ""rec_roll"": ""newlow"", ""rec_roll_select"": ""oldest"", ""rec_roll_x"": 0.0, ""rec_spacing"": ""ladder"", ""rec_step"": 5.0, ""rec_tp"": 3.0}",{},316719.7400003004,560.0,317279.7400003004,4,-213617.4999999106,2022-10-13,-156181.25,38889.63000000338,981.0055555555556,1.4538198825430804,39257,22.14156796390299,103370.26000004965,1157.8500000000004,17.217779284491527,31.0,32,0.5657834646882643,0.4056275758501181,0.0398001238369275,3.732638888888889,13.047916666666667,3.732638888888889,1101120.0,385684.54614256375,-41110.36999999662,1.4852703547248385,0.8226405314228528,7.985416666666667,7.985416666666667,0.8725324309080654,1.5256627185561196,150063.2500000164,-144244.9999999961,-167746.0099998908,-213617.4999999106,335034.9900001748,-188539.889999978,-167746.0099998908,7,8,-144244.9999999961,2.725,0.0404019511522484,5338,5238,4.98125,-213617.4999999106,3.732638888888889,0.0876964062415049,16913,16905,13.047916666666667,-188539.889999978,3.7291666666666665,0.0563621697922968,5893,5747,7.825694444444444,26.766456842422485,20.61590524534687,-57776.98000000002,-645708.8599999999,2114.0,0.0398001238369275,3.732638888888889,6.302372233631532,8.0,,,,,,,,
FACTORY_S1v2,B_24_8_pts20_old,B,roll_select_oldest,A_24_8_cf,"{""core_cap"": 24, ""rec_activation"": ""core_full"", ""rec_anchor"": ""runhigh"", ""rec_cap"": 8, ""rec_roll"": ""pts"", ""rec_roll_select"": ""oldest"", ""rec_roll_x"": 20.0, ""rec_spacing"": ""ladder"", ""rec_step"": 5.0, ""rec_tp"": 3.0}",{},324902.4400002437,560.0,325462.4400002437,4,-224328.05999993143,2022-10-13,-159060.0,33353.15000000148,980.5569444444444,1.526667685600479,32880,18.54483925549916,86305.06000001624,1212.63,17.73285685067564,32.0,32,0.5657834646882643,0.4285500152694854,0.1402537256143516,4.800694444444445,35.10069444444444,4.800694444444445,1101320.0,396737.3928334281,-46646.84999999852,1.4508324995113993,0.8203472772653182,7.985416666666667,7.985416666666667,0.8725324309080654,1.5256627185561196,159489.21000000823,-151918.37999999826,-173477.23999991408,-224328.05999993143,339522.9600001496,-189746.0899999821,-173477.23999991408,7,8,-151918.37999999826,4.800694444444445,0.1303066342623713,4642,4542,7.950694444444444,-224328.05999993143,3.7597222222222224,0.3158662139252581,13460,13452,35.10069444444444,-189746.0899999821,3.729861111111111,0.1617866505343819,5152,5006,7.861805555555556,26.9010272026062,17.019176536943036,-49539.50000000009,-564463.94,1106.0,0.1402537256143516,4.800694444444445,5.787294667447418,8.0,,,,,,,,
FACTORY_S1v2,B_24_8_reversal10_hi,B,roll_reversal,A_24_8_cf,"{""core_cap"": 24, ""rec_activation"": ""core_full"", ""rec_anchor"": ""runhigh"", ""rec_cap"": 8, ""rec_roll"": ""reversal"", ""rec_roll_x"": 10.0, ""rec_spacing"": ""ladder"", ""rec_step"": 5.0, ""rec_tp"": 3.0}",{},327977.4900002527,560.0,328537.4900002527,4,-219698.95999992476,2022-10-13,-163237.5,39076.290000001085,988.50625,1.5178353316729472,34387,19.39481105470953,90382.51000002412,1207.65,17.580678917743704,32.0,32,0.5657834646882643,0.4223441601923114,0.1091978336942909,4.800694444444445,25.98125,4.800694444444445,1101320.0,393540.1507914217,-40923.70999999892,1.4953984761710537,0.8348258477300308,7.985416666666667,7.985416666666667,0.8725324309080654,1.5256627185561196,161266.87000000454,-145558.02999999863,-170696.40999990748,-219698.95999992476,338039.52000015567,-190559.03999998132,-170696.40999990748,7,8,-145558.02999999863,4.800694444444445,0.1153455021803954,4601,4501,7.043055555555555,-219698.95999992476,3.740972222222222,0.2378375172372888,14589,14581,25.98125,-190559.03999998132,3.729861111111111,0.1383746723129663,5202,5056,7.846527777777778,26.960903644561768,17.869148336153412,-46469.43000000007,-580954.0199999998,1348.0,0.1091978336942909,4.800694444444445,5.939472600379355,8.0,,,,,,,,
FACTORY_S1v2,B_16_16_pts20_hi,B,roll_pts,A_16_16_cf,"{""core_cap"": 16, ""rec_activation"": ""core_full"", ""rec_anchor"": ""runhigh"", ""rec_cap"": 16, ""rec_roll"": ""pts"", ""rec_roll_x"": 20.0, ""rec_spacing"": ""ladder"", ""rec_step"": 5.0, ""rec_tp"": 3.0}",{},320029.9400002976,560.0,320589.9400002976,4,-215907.38999992324,2022-10-13,-124620.0,56487.5399999989,998.9986111111112,1.4635295596502311,40810,23.017484489565707,106010.06000005775,1075.6800000000003,15.97603251139608,32.0,32,0.5994323673866205,0.246193135175571,0.0825869029841337,4.800694444444445,21.066666666666663,4.800694444444445,1096960.0,358272.5372894142,-23512.460000001098,1.4848493143306096,0.8948214184257264,7.985416666666667,7.985416666666667,0.8990411731528483,1.2583192329385222,173980.00000000885,-128433.60000000082,-153736.0899999019,-215907.38999992324,300418.5200001906,-177766.0799999797,-153736.0899999019,7,8,-128433.60000000082,4.800694444444445,0.0630160125480462,5297,5230,5.9875,-215907.38999992324,3.7597222222222224,0.1828808390543833,15432,15424,21.066666666666663,-177766.0799999797,3.729861111111111,0.0851582980439604,5911,5780,6.742361111111111,27.332585334777832,21.759165256627185,13877.040000000088,-670122.4299999999,757.0,0.0825869029841337,4.800694444444445,11.635226002392686,16.0,,,,,,,,
FACTORY_S1v2,B_16_16_newlow0_hi,B,roll_newlow,A_16_16_cf,"{""core_cap"": 16, ""rec_activation"": ""core_full"", ""rec_anchor"": ""runhigh"", ""rec_cap"": 16, ""rec_roll"": ""newlow"", ""rec_roll_x"": 0.0, ""rec_spacing"": ""ladder"", ""rec_step"": 5.0, ""rec_tp"": 3.0}",{},314162.9200003341,560.0,314722.9200003341,4,-207227.81999990845,2022-10-13,-119617.5,66702.67000000319,1007.7319444444444,1.4156992535197452,45132,25.455160744500844,117232.08000008042,1015.9200000000002,15.277254630576516,30.0,32,0.5994323673866205,0.1967200024655316,0.0207665001498931,3.7291666666666665,12.180555555555555,3.7291666666666665,1091840.0,342937.5458995128,-13297.329999996817,1.5187290972827547,0.9177266349615564,7.985416666666667,7.985416666666667,0.8990411731528483,1.2583192329385222,167751.6600000126,-116042.45999999667,-151499.06999988534,-207227.81999990845,298542.8200002069,-153718.5599999762,-151499.06999988534,7,8,-116042.45999999667,2.725,0.016047020700829,5767,5700,4.877777777777778,-207227.81999990845,2.792361111111111,0.0454273611996658,17726,17718,12.180555555555555,-153718.5599999762,3.7291666666666665,0.0251865295422464,6412,6281,5.846527777777778,27.313379287719727,24.19684151156232,7950.260000000017,-735572.2899999999,1146.0,0.0207665001498931,3.7291666666666665,12.334003883212253,16.0,,,,,,,,
FACTORY_S1v2,B_16_16_pts40_hi,B,roll_pts,A_16_16_cf,"{""core_cap"": 16, ""rec_activation"": ""core_full"", ""rec_anchor"": ""runhigh"", ""rec_cap"": 16, ""rec_roll"": ""pts"", ""rec_roll_x"": 40.0, ""rec_spacing"": ""ladder"", ""rec_step"": 5.0, ""rec_tp"": 3.0}",{},342315.8500002502,560.0,342875.8500002502,4,-215406.89999994147,2022-10-13,-134156.25,36189.8699999986,973.0527777777778,1.6064674513481354,34237,19.310208685843204,89179.15000002332,1172.7900000000004,16.787422146637493,32.0,32,0.5994323673866205,0.3023105953418263,0.148939120981954,4.800694444444445,34.75833333333333,4.800694444444445,1097240.0,376261.3914913944,-43810.1300000014,1.5917588990897849,0.9112703502243128,7.985416666666667,7.985416666666667,0.8973491257755217,1.2583192329385222,171482.08000001183,-150667.37000000122,-150754.11999992345,-215406.89999994147,322220.3800001618,-190511.39999998585,-150754.11999992345,7,8,-150667.37000000122,4.800694444444445,0.1256700622231415,4426,4359,7.153472222222222,-215406.89999994147,3.845138888888889,0.3240116052055377,12197,12189,34.75833333333333,-190511.39999998585,3.938888888888889,0.1732204073401895,4974,4843,11.959722222222222,27.32922387123108,18.05188945290468,36260.060000000056,-543756.8899999999,436.0,0.148939120981954,4.800694444444445,10.823836367151277,16.0,,,,,,,,
FACTORY_S1v2,B_16_16_atr2.0_hi,B,roll_atr,A_16_16_cf,"{""core_cap"": 16, ""rec_activation"": ""core_full"", ""rec_anchor"": ""runhigh"", ""rec_cap"": 16, ""rec_roll"": ""atr"", ""rec_roll_x"": 2.0, ""rec_spacing"": ""ladder"", ""rec_step"": 5.0, ""rec_tp"": 3.0}",{},337258.380000257,560.0,337818.380000257,4,-211723.69999994023,2022-10-13,-142001.25,22358.61999999851,973.14375,1.5753902891047284,35379,19.95431472081218,92170.3700000293,1137.93,16.411712956088323,32.0,32,0.5994323673866205,0.2759490195309326,0.1180821526332157,4.800694444444445,20.79930555555556,4.800694444444445,1097240.0,368127.3808927606,-57641.38000000149,1.5955624240477204,0.9176670835540676,7.985416666666667,7.985416666666667,0.8990411731528483,1.2583192329385222,153695.520000012,-161762.65000000133,-149412.35999992432,-211723.69999994023,333607.7100001693,-188982.3999999856,-149412.35999992432,7,8,-161762.65000000133,4.800694444444445,0.1385455987038281,3851,3784,20.73125,-211723.69999994023,3.747916666666667,0.2332260790913539,13732,13724,20.044444444444444,-188982.3999999856,3.8652777777777776,0.1726557773744706,4805,4674,11.25347222222222,27.443130016326904,18.69599548787366,31167.73000000004,-565497.19,531.0,0.1180821526332157,4.800694444444445,11.199545557700445,16.0,,,,,,,,
FACTORY_S1v2,C_fixed7.5,C,spacing_fixed,BASE,"{""grid"": 7.5}",{},427153.7300000221,465.0,427618.7300000221,5,-198573.92999999988,2025-04-06,-191872.5,16774.840000000113,446.9493055555556,5.075027256774326,2866,1.616469261139312,9166.269999999562,1100.5800000000004,15.21436536376397,32.0,32,0.4183404731018909,0.3556501298606694,0.3205933525906293,444.0048611111111,446.84375,444.0048611111111,1095320.0,334681.42481284373,-63225.15999999989,2.1534484914511305,1.277688865580603,444.0048611111111,444.00555555555553,0.4771573604060913,1.616469261139312,150241.78000000463,-159048.87999999998,-71505.00999999885,-143039.82999999984,348903.8300000163,-198573.92999999988,-71505.00999999885,7,8,-159048.87999999998,93.87361111111112,0.4556423117362152,186,0,99.06319444444443,-143039.82999999984,444.0048611111111,0.7677822096350885,274,0,446.84375,-198573.92999999988,116.96527777777776,0.652349263964509,133,0,119.1986111111111,22.27016592025757,,,,,,,,,,,,,,,,
FACTORY_S1v2,B_20_12_pts20_hi,B,roll_pts,A_20_12_cf,"{""core_cap"": 20, ""rec_activation"": ""core_full"", ""rec_anchor"": ""runhigh"", ""rec_cap"": 12, ""rec_roll"": ""pts"", ""rec_roll_x"": 20.0, ""rec_spacing"": ""ladder"", ""rec_step"": 5.0, ""rec_tp"": 3.0}",{},331940.5100002708,560.0,332500.5100002708,4,-223126.88999992624,2022-10-13,-141516.25,50462.240000000136,1015.9506944444444,1.5013383435347452,37091,20.91990975747321,96745.74000003828,1140.42,16.907740088142756,32.0,32,0.577420493610631,0.3073635342274621,0.1055653772123243,4.800694444444445,31.025,4.800694444444445,1101640.0,379423.6179504708,-29537.759999999864,1.4901857413975548,0.8763305557949603,7.985416666666667,7.985416666666667,0.8860688099266779,1.4275239706711789,177702.70000000583,-137727.06999999954,-168587.9799999066,-223126.88999992624,323449.5300001715,-176745.3699999802,-168587.9799999066,7,8,-137727.06999999954,4.800694444444445,0.0931623489666821,5090,5017,6.051388888888889,-223126.88999992624,3.7597222222222224,0.2393005244089895,14630,14623,31.025,-176745.3699999802,3.729861111111111,0.1180883242589231,5592,5448,6.870833333333334,28.39599633216858,19.492385786802032,-19600.64999999997,-625944.8299999998,892.0,0.1055653772123243,4.800694444444445,8.723751194241864,12.0,,,,,,,,
FACTORY_S1v2,B_16_16al_pts20_hi,B,roll_pts,A_16_16_al,"{""core_cap"": 16, ""rec_activation"": ""always"", ""rec_anchor"": ""runhigh"", ""rec_cap"": 16, ""rec_roll"": ""pts"", ""rec_roll_x"": 20.0, ""rec_spacing"": ""ladder"", ""rec_step"": 5.0, ""rec_tp"": 3.0}",{},346392.3700003826,635.0,347027.3700003826,6,-222248.4999999231,2022-10-13,-124620.0,46189.63999999984,992.2069444444444,1.405167631616106,52115,29.393683023124648,135400.130000117,1230.0600000000004,18.24874692158769,32.0,32,0.6763191294432102,0.3226092048380454,0.1097077504545823,4.800694444444445,21.066666666666663,4.800694444444445,1186560.0,414042.59888567775,-33810.36000000016,1.5614385248966929,0.8381441207603885,4.800694444444445,4.801388888888889,0.9988719684151156,1.2583192329385222,166660.9500000312,-140745.9899999996,-159758.5099999066,-222248.4999999231,340083.5000002578,-189189.88999998028,-159758.5099999066,7,8,-140745.9899999996,4.800694444444445,0.0719099574262716,5579,5512,9.036111111111111,-222248.4999999231,3.7597222222222224,0.1876454975460031,15443,15435,21.066666666666663,-189189.88999998028,3.729861111111111,0.1076426698931236,6507,6376,9.88125,28.9007625579834,28.13536379018613,40395.08999999998,-835357.7999999999,970.0,0.1118174610067774,4.800694444444445,9.362511592201075,16.0,,,,,,,,
FACTORY_S1v2,B_16_16al_atr2.0_hi,B,roll_atr,A_16_16_al,"{""core_cap"": 16, ""rec_activation"": ""always"", ""rec_anchor"": ""runhigh"", ""rec_cap"": 16, ""rec_roll"": ""atr"", ""rec_roll_x"": 2.0, ""rec_spacing"": ""ladder"", ""rec_step"": 5.0, ""rec_tp"": 3.0}",{},365172.880000328,635.0,365807.880000328,6,-217563.49999994205,2022-10-13,-142001.25,10154.409999999729,923.7520833333332,1.497142982800568,45891,25.883248730964468,119499.6200000844,1292.3100000000002,18.77224091605705,32.0,32,0.6770027541108536,0.3560787961481672,0.1518543319109831,4.800694444444445,29.89305555555556,4.800694444444445,1186560.0,426618.91000914766,-69845.59000000027,1.6813844234001816,0.8574581937600567,4.800694444444445,4.801388888888889,0.9988719684151156,1.2583192329385222,147897.7600000333,-174146.6400000003,-154933.46999993687,-217563.49999994205,372802.16000023135,-200703.9299999865,-154933.46999993687,7,8,-174146.6400000003,4.800694444444445,0.1500939379836944,4098,4031,29.89305555555556,-217563.49999994205,3.747916666666667,0.2374964784033451,13749,13741,20.044444444444444,-200703.9299999865,3.8652777777777776,0.201250252066949,5359,5228,21.147916666666667,29.117939233779907,24.624929498025946,59237.85000000009,-714526.6699999999,708.0,0.1541811773473682,4.800694444444445,8.839017597731711,16.0,,,,,,,,
FACTORY_S1v2,C_fixed10.0,C,spacing_fixed,BASE,"{""grid"": 10.0}",{},344134.500000018,255.0,344389.500000018,2,-190253.28999999983,2025-04-06,-183492.5,23209.420000000013,453.98541666666665,4.003524942111937,2447,1.380146644106035,7692.999999999653,938.7300000000002,13.529956208796904,32.0,32,0.3721803984635255,0.2959478427999473,0.2669260144401702,459.99305555555554,460.2083333333333,459.99305555555554,966960.0,292692.2488134629,-56790.57999999999,1.810163177730163,1.1766266493087163,459.99305555555554,459.99375,0.4912577552171461,1.380146644106035,120553.51000000276,-147435.16999999998,-84755.33999999857,-156963.06999999995,308617.5800000138,-190253.28999999983,-84755.33999999857,7,8,-147435.16999999998,83.97847222222222,0.4036575486495337,164,0,92.02291666666666,-156963.06999999995,459.99305555555554,0.6883695872441591,299,0,460.2083333333333,-190253.28999999983,98.21597222222222,0.5616253276870337,123,0,102.9625,21.843291521072388,,,,,,,,,,,,,,,,
FACTORY_S1v2,C_fixed15.0,C,spacing_fixed,BASE,"{""grid"": 15.0}",{},269768.70000001305,278.75,270047.45000001305,2,-179313.28999999992,2025-04-06,-172492.5,48560.209999999934,462.9916666666667,3.2779157865032524,1918,1.0817822899041174,6158.799999999768,811.7400000000001,11.305797361320852,32.0,32,0.2956676687558311,0.230866214092194,0.2141005992922803,439.92291666666665,444.19166666666666,439.92291666666665,956160.0,244512.56862688105,-31439.790000000063,1.506009119569515,1.1044317742704568,439.92291666666665,439.9236111111111,0.4873096446700508,1.0817822899041174,97682.27000000118,-115313.93000000002,-73121.78999999864,-144527.36999999988,245531.3400000105,-179313.28999999992,-73121.78999999864,7,8,-115313.93000000002,41.875,0.1993381250323181,169,0,48.02569444444445,-144527.36999999988,439.92291666666665,0.5999911033347667,255,0,444.19166666666666,-179313.28999999992,70.02222222222223,0.4008267795926598,142,0,76.11458333333333,21.925441026687626,,,,,,,,,,,,,,,,
FACTORY_S1v2,C_convex0.05,C,spacing_convex,BASE,"{""convex_a"": 0.05, ""spacing"": ""convex""}",{},433705.3100000225,397.5,434102.8100000225,3,-198848.9399999999,2025-04-06,-192163.75,19060.11000000013,477.9333333333333,5.326335663558032,2963,1.671178793006204,9477.189999999542,1254.9600000000005,16.817403571098367,32.0,32,0.4782640976574648,0.3881447154972669,0.3546709215764833,600.1041666666666,610.0180555555555,600.1041666666666,1095320.0,372470.2351150535,-60939.88999999987,2.1830783206590025,1.1654697988577023,600.1041666666666,600.1048611111111,0.4478285391990976,1.671178793006204,159586.87000000535,-157890.17999999996,-97279.1499999992,-162071.7799999999,371834.4600000164,-198848.9399999999,-97279.1499999992,7,8,-157890.17999999996,90.80625,0.4330282503404175,214,0,98.99305555555556,-162071.7799999999,600.1041666666666,0.9150071914710636,127,0,610.0180555555555,-198848.9399999999,113.00347222222224,0.6371244202460173,148,0,119.21597222222222,21.557981729507446,,,,,,,,,,,,,,,,
FACTORY_S1v2,C_convex0.1,C,spacing_convex,BASE,"{""convex_a"": 0.1, ""spacing"": ""convex""}",{},428669.2400000213,397.5,429066.7400000213,3,-192341.40999999983,2025-04-06,-185768.75,25295.99000000005,469.97777777777776,4.803249629494833,2824,1.59278059785674,8993.259999999571,1023.3900000000004,15.014477993729704,32.0,32,0.4097097116728912,0.3071001706259929,0.2589606663659465,457.9791666666667,460.9895833333333,457.9791666666667,1061091.25,330087.3557541445,-54704.00999999995,2.2307559251022524,1.2998581512452678,457.9791666666667,457.9798611111111,0.4754653130287648,1.59278059785674,139233.60000000417,-146633.92999999996,-84614.08999999851,-157677.3999999999,374477.8500000156,-192341.40999999983,-84614.08999999851,7,8,-146633.92999999996,82.95833333333333,0.3964010548632297,191,0,91.87916666666666,-157677.3999999999,457.9791666666667,0.6668445999713329,291,0,460.9895833333333,-192341.40999999983,96.86527777777778,0.5432748538011696,161,0,103.0375,21.38690662384033,,,,,,,,,,,,,,,,
FACTORY_S1v2,C_convex0.2,C,spacing_convex,BASE,"{""convex_a"": 0.2, ""spacing"": ""convex""}",{},341600.5900000174,397.5,341998.0900000174,3,-180720.1699999998,2025-04-06,-174150.0,43965.07999999996,462.9895833333333,3.9328078908152095,2354,1.3276931754089114,7610.659999999673,973.59,14.066244350990836,32.0,32,0.3694122789076574,0.2744038596776317,0.2167482440091785,429.86041666666665,444.0319444444444,429.86041666666665,992633.75,309261.9051222119,-35150.54000000004,1.892417929885844,1.105852626319653,429.86041666666665,429.8611111111111,0.4500846023688663,1.3276931754089114,127273.41000000348,-124770.19999999998,-82863.84999999951,-144155.5099999999,297619.1500000134,-180720.1699999998,-82863.84999999951,7,8,-124770.19999999998,63.99375,0.3069962252443249,196,0,74.99930555555555,-144155.5099999999,429.86041666666665,0.5875357720081256,189,0,444.0319444444444,-180720.1699999998,64.15347222222222,0.3638031861262351,170,0,89.01944444444445,24.839808225631717,,,,,,,,,,,,,,,,
FACTORY_S1v2,C_tiersT2,C,spacing_tiers,BASE,"{""spacing"": ""tiers"", ""tiers"": [[8, 5.0], [16, 10.0], [24, 20.0], [32, 40.0]]}",{},377348.5800000199,560.0,377908.5800000199,4,-185772.67999999988,2025-04-06,-178851.25,38052.40000000005,464.9784722222222,4.198925085241557,2684,1.5138183869148336,8455.169999999602,1050.7800000000004,15.552108169594952,32.0,32,0.4575270157822039,0.3047887347620341,0.2286934643800729,434.8020833333333,451.8361111111111,434.8020833333333,992633.75,344283.9887870845,-41947.59999999995,2.034252722198012,1.0976652772363742,434.8020833333333,434.8027777777778,0.4444444444444444,1.5138183869148336,145603.54000000458,-135583.94999999998,-90890.10999999952,-150161.1499999999,323267.6400000148,-185772.67999999988,-90890.10999999952,7,8,-135583.94999999998,70.83055555555555,0.3378492510815795,236,0,79.99930555555555,-150161.1499999999,434.8020833333333,0.5931258433297253,179,0,451.8361111111111,-185772.67999999988,84.82777777777778,0.4768501714055253,164,0,94.00555555555556,23.469338417053223,,,,,,,,,,,,,,,,
FACTORY_S1v2,C_tiersT3,C,spacing_tiers,BASE,"{""spacing"": ""tiers"", ""tiers"": [[8, 5.0], [16, 10.0], [24, 20.0]]}",{},333922.8100000169,560.0,334482.8100000169,4,-150786.54999999993,2025-04-06,-145500.0,50914.80000000005,742.0180555555555,5.946811117243608,2371,1.3372814438804286,7558.439999999669,1015.92,14.463849143087684,24.0,24,0.5106732302106068,0.0,0.0,0.0,0.0,0.0,825930.0,324937.59096375667,-9085.199999999952,2.2182536174480885,1.0293755456484714,738.9652777777778,738.9659722222223,0.3852227862380146,1.3372814438804286,139686.8700000043,-122721.55,-102350.74999999988,-144726.13,297219.18000001245,-150786.54999999993,-102350.74999999988,7,8,-122721.55,0.0,0.0,200,0,0.0,-144726.13,0.0,0.0,8,0,0.0,-150786.54999999993,0.0,0.0,119,0,0.0,23.771324157714844,,,,,,,,,,,,,,,,
FACTORY_S1v2,C_tiersT1,C,spacing_tiers,BASE,"{""spacing"": ""tiers"", ""tiers"": [[8, 5.0], [16, 7.5], [24, 10.0], [32, 15.0]]}",{},443132.5900000229,560.0,443692.5900000229,4,-198358.9399999999,2025-04-06,-191705.0,20178.95000000016,477.9381944444444,5.53033036204617,3001,1.6926113931190074,9737.409999999532,1259.9400000000005,17.02933562328919,32.0,32,0.4901084553724774,0.3914997996755585,0.3420042530419896,600.0326388888889,610.0305555555556,600.0326388888889,1095320.0,377321.4402731977,-59821.04999999984,2.23681670208574,1.1759008172945844,600.0326388888889,600.0333333333333,0.4404963338973491,1.6926113931190074,162084.5800000055,-157741.42999999996,-96162.2599999992,-162703.65999999992,377842.7600000166,-198358.9399999999,-96162.2599999992,7,8,-157741.42999999996,88.01597222222222,0.4312529086302291,222,0,99.00486111111113,-162703.65999999992,600.0326388888889,0.914152123090306,130,0,610.0305555555556,-198358.9399999999,112.2298611111111,0.6355313571284533,157,0,119.19513888888888,23.984442710876465,,,,,,,,,,,,,,,,
FACTORY_S1v2,C_tiersT3_E8,C,spacing_tiers_emerg,BASE,"{""core_cap"": 24, ""emerg_cap"": 8, ""emerg_step"": 40.0, ""emerg_tp"": 15.0, ""spacing"": ""tiers"", ""tiers"": [[8, 5.0], [16, 10.0], [24, 20.0]]}",{},399123.210000023,560.0,399683.210000023,4,-172406.809999999,2025-04-06,-175261.25,42929.74000000022,623.9770833333333,6.911901325254388,3103,1.7501410039481105,9625.53999999951,1160.3400000000004,16.303181936619026,32.0,32,0.5106732302106068,0.3048209547771075,0.1584902541458754,159.96458333333334,453.0576388888889,159.96458333333334,892745.0,362676.8659906534,-37070.25999999978,2.318256512025397,1.102036681904942,159.96458333333334,160.15208333333334,0.5363790186125211,1.3372814438804286,159107.70000000542,-130706.6099999998,-105782.28999999806,-163773.58999999927,346430.29000001564,-172406.809999999,-105782.28999999806,7,8,-130706.6099999998,4.05625,0.0406949687160659,400,0,48.72847222222222,-163773.58999999927,159.96458333333334,0.532025523544036,286,0,453.0576388888889,-172406.809999999,6.890972222222223,0.0632183908045977,333,0,67.21527777777777,26.20925211906433,,,,,,,,,0.4128595600676819,65344.81999999999,0.0,0.0,0.1584902541458754,159.96458333333334,6.160667206468658,8.0
FACTORY_S1v2,C_atr1.0,C,spacing_atr15,BASE,"{""atr_k"": 1.0, ""spacing"": ""atr""}",{},351384.88000001805,255.0,351639.88000001805,2,-188431.42999999988,2025-04-06,-181717.5,38734.14000000016,469.9770833333333,4.1562560244180204,2483,1.4004512126339537,7941.369999999645,943.7100000000002,14.582442613351414,32.0,32,0.3851524567061058,0.2955051678102437,0.2672005850034041,460.72291666666666,460.99305555555554,460.72291666666666,1095320.0,317323.9642946198,-41265.85999999984,1.866142394610168,1.1081415826304803,460.72291666666666,460.7236111111111,0.4867456288776086,1.4004512126339537,135494.530000004,-141226.44999999998,-83690.43999999855,-156997.3899999999,299866.4100000126,-188431.42999999988,-83690.43999999855,7,8,-141226.44999999998,76.84375,0.3660995914990433,174,0,88.78402777777778,-156997.3899999999,460.72291666666666,0.6955116323897925,298,0,460.99305555555554,-188431.42999999988,92.01875,0.5232304900181488,137,0,98.89305555555556,22.60783815383911,,,,,,,,,,,,,,,,
FACTORY_S1v2,C_atr0.5,C,spacing_atr15,BASE,"{""atr_k"": 0.5, ""spacing"": ""atr""}",{},444156.670000024,560.0,444716.6700000239,4,-205955.78999999983,2025-04-06,-199373.75,23446.96999999939,754.1798611111111,6.86908463003501,3211,1.811054709531867,10347.079999999489,1441.7100000000007,20.370210774933387,32.0,32,0.5952003384502453,0.5079541411124591,0.4853805183780164,753.0659722222222,757.0534722222222,753.0659722222222,1111160.0,449720.5989963465,-56553.03000000061,2.1592821935233,0.9888732492852452,753.0659722222222,753.0666666666667,0.3784545967287084,1.811054709531867,188340.29000000717,-176008.2900000001,-141378.50999999978,-199919.03999999992,397811.7600000165,-205955.78999999983,-141378.50999999978,7,8,-176008.2900000001,159.8125,0.7512797973007912,108,0,159.94583333333333,-199919.03999999992,718.2951388888889,0.9898726294094096,9,0,722.2826388888889,-205955.78999999983,121.96944444444443,0.6933051018350473,184,0,122.97777777777776,24.069743156433105,,,,,,,,,,,,,,,,
FACTORY_S1v2,C_atr0.75,C,spacing_atr15,BASE,"{""atr_k"": 0.75, ""spacing"": ""atr""}",{},402301.1400000219,465.0,402766.1400000219,5,-197411.40999999983,2025-04-06,-190838.75,25827.309999999823,617.2027777777778,4.829766865809043,2929,1.6520022560631695,9273.859999999548,1232.5500000000006,16.85958237256984,32.0,32,0.471930763390218,0.3953017614542153,0.3355014134780525,604.9034722222223,611.9284722222222,604.9034722222223,1095320.0,369990.247495244,-54172.69000000018,2.040237390533922,1.088585828212132,604.9034722222223,604.9041666666667,0.4602368866328257,1.6520022560631695,162928.2300000057,-163110.8200000001,-89117.06999999832,-165850.53999999992,329012.4700000145,-197411.40999999983,-89117.06999999832,7,8,-163110.8200000001,93.95902777777778,0.4438009548925315,196,0,102.18958333333332,-165850.53999999992,604.9034722222223,0.8489000261957366,225,0,611.9284722222222,-197411.40999999983,112.13194444444444,0.6326880419439403,148,0,119.04791666666668,23.760435581207275,,,,,,,,,,,,,,,,
FACTORY_S1v2,C_pct0.0015,C,spacing_pct,BASE,"{""pct"": 0.0015, ""spacing"": ""pct""}",{},369453.8500000195,268.75,369722.6000000195,2,-195885.17999999988,2025-04-06,-189143.75,18108.139999999985,601.2006944444445,4.850265304704447,2627,1.4816694867456288,8551.149999999614,1262.4300000000003,16.670654010271182,32.0,32,0.464176946719302,0.4136363509011798,0.3945480932755427,604.1388888888889,611.1520833333333,604.1388888888889,982760.0,356386.849125927,-61891.860000000015,1.887445492303296,1.0374193124881002,604.1388888888889,604.1395833333333,0.4421883812746757,1.4816694867456288,152698.56000000512,-167983.93000000008,-97464.7699999992,-164439.36,314519.4300000136,-195885.17999999988,-97464.7699999992,7,8,-167983.93000000008,145.0013888888889,0.6791802402744024,108,0,145.99166666666667,-164439.36,604.1388888888889,0.9247885806359138,122,0,611.1520833333333,-195885.17999999988,112.84027777777776,0.6323855616051623,110,0,116.87222222222222,23.92920756340027,,,,,,,,,,,,,,,,
FACTORY_S1v2,C_atr1.5,C,spacing_atr15,BASE,"{""atr_k"": 1.5, ""spacing"": ""atr""}",{},272866.0700000126,278.75,273144.8200000126,2,-162475.22999999986,2025-04-06,-155853.75,62189.51000000001,462.93958333333336,3.403668910145613,1905,1.0744500846023688,6097.679999999771,811.7400000000001,12.089888238573804,32.0,32,0.3268412337744206,0.2335194622899745,0.1811045021167149,429.79027777777776,443.9041666666666,429.79027777777776,992633.75,260173.2672356068,-4587.359999999986,1.6811474586003836,1.0498573619889209,429.79027777777776,429.7909722222222,0.482233502538071,1.0744500846023688,102564.41000000166,-108375.88999999996,-74670.85999999882,-142804.24999999988,245264.3900000097,-162475.22999999986,-74670.85999999882,7,8,-108375.88999999996,0.0,0.0,149,0,68.83402777777778,-142804.24999999988,429.79027777777776,0.5870365702367007,255,0,443.9041666666666,-162475.22999999986,38.266666666666666,0.2119177253478524,147,0,62.110416666666666,26.70016884803772,,,,,,,,,,,,,,,,
FACTORY_S1v2,C_pct0.002,C,spacing_pct,BASE,"{""pct"": 0.002, ""spacing"": ""pct""}",{},355433.1800000178,281.25,355714.4300000178,2,-184565.78999999983,2025-04-06,-177791.25,18416.41000000012,461.59791666666666,4.366164387442865,2420,1.3649182177100958,7823.06999999966,988.5300000000004,14.181585000602372,32.0,32,0.3859047240145578,0.3287730338086019,0.2914454459109999,460.90069444444447,470.7506944444444,460.90069444444447,1062320.0,302145.6738903707,-61583.58999999988,1.9273042420267488,1.177294466672006,460.90069444444447,460.9013888888889,0.4833615341229554,1.3649182177100958,155408.3100000047,-161690.8,-87119.72999999858,-159308.07999999996,287478.9700000117,-184565.78999999983,-87119.72999999858,7,8,-161690.8,99.04444444444444,0.4638468035231053,201,0,99.91041666666666,-159308.07999999996,460.90069444444447,0.7369107812754853,277,0,470.7506944444444,-184565.78999999983,91.79791666666668,0.5168179068360557,114,0,94.00486111111113,23.948405981063843,,,,,,,,,,,,,,,,
FACTORY_S1v2,C_pct0.001,C,spacing_pct,BASE,"{""pct"": 0.001, ""spacing"": ""pct""}",{},451277.5100000246,476.25,451753.7600000246,5,-202730.80999999988,2025-04-06,-195972.5,19452.699999999604,665.0138888888889,5.501115209028598,3277,1.8482797518330516,10316.23999999947,1329.6600000000003,18.55618750367729,32.0,32,0.5301004984296245,0.4661367641578949,0.4494201798157015,728.9458333333333,730.1159722222222,728.9458333333333,1045160.0,401915.930088521,-60547.3000000004,2.2283428946987627,1.1240006334173591,728.9458333333333,728.9465277777778,0.4275239706711788,1.8482797518330516,194442.64000000723,-172938.94000000006,-121775.06999999948,-183999.36,379158.6800000168,-202730.80999999988,-121775.06999999948,7,8,-172938.94000000006,146.85694444444445,0.6895565092989986,133,0,146.95763888888888,-183999.36,708.0659722222222,0.9781240887096376,40,0,709.2361111111111,-202730.80999999988,120.9576388888889,0.6847953216374268,131,0,121.02986111111112,25.09196400642395,,,,,,,,,,,,,,,,
FACTORY_S1v2,C_dd10000,C,spacing_dd,BASE,"{""dd_D"": 10000.0, ""spacing"": ""dd""}",{},426148.0700000231,397.5,426545.5700000231,3,-200532.6899999999,2025-04-06,-193878.75,28433.960000000137,617.19375,5.2771234604418975,2978,1.679639029892837,9653.179999999536,1282.3500000000006,17.161217748465347,32.0,32,0.498358180101479,0.4021968446799152,0.3418543599283875,600.0479166666667,611.0298611111111,600.0479166666667,1095320.0,381777.9940781714,-51566.03999999986,2.127062525317061,1.1172607552458491,600.0479166666667,600.0486111111111,0.4472645234066554,1.679639029892837,168215.9900000061,-150085.18,-100459.1399999992,-164956.16999999993,358828.0900000162,-200532.6899999999,-100459.1399999992,7,8,-150085.18,84.98472222222222,0.411017460399538,223,0,93.81736111111113,-164956.16999999993,600.0479166666667,0.9142608601098244,130,0,611.0298611111111,-200532.6899999999,114.74583333333334,0.6459770114942529,149,0,120.97291666666666,22.72343635559082,,,,,,,,,,,,,,,,
FACTORY_S1v2,C_dd50000,C,spacing_dd,BASE,"{""dd_D"": 50000.0, ""spacing"": ""dd""}",{},471461.4500000263,397.5,471858.9500000263,3,-204207.6899999999,2025-04-06,-197553.75,19194.18000000005,617.9444444444445,5.690327688166977,3300,1.8612521150592216,10479.799999999466,1322.1900000000007,17.643108699123896,32.0,32,0.5030637031724107,0.4352910027709213,0.3949445395479672,611.7611111111111,617.0,611.7611111111111,1095320.0,391799.8191879296,-60805.81999999995,2.310681590884391,1.2043368242946937,611.7611111111111,611.7618055555556,0.4483925549915397,1.8612521150592216,183612.86000000735,-164525.18000000008,-105824.1399999992,-170130.55999999994,394133.9700000181,-204207.6899999999,-105824.1399999992,7,8,-164525.18000000008,102.22083333333332,0.4752055432028543,223,0,104.05694444444444,-170130.55999999994,611.7611111111111,0.934154792089876,127,0,617.0,-204207.6899999999,121.11527777777778,0.6893728574309337,152,0,122.13194444444444,22.578168869018555,,,,,,,,,,,,,,,,
FACTORY_S1v2,C_pct0.003,C,spacing_pct,BASE,"{""pct"": 0.003, ""spacing"": ""pct""}",{},283961.290000014,102.5,284063.790000014,1,-171391.40999999986,2025-04-06,-164797.5,26409.860000000077,448.1055555555556,3.704853405408692,1974,1.11336717428088,6364.959999999756,851.5800000000003,11.875070393728585,32.0,32,0.3046612555719613,0.2552413559303039,0.235560530201361,443.725,447.7631944444444,443.725,948520.0,248690.27309439625,-53590.13999999993,1.65739805746399,1.142239245891981,443.725,443.72569444444446,0.4935138183869148,1.11336717428088,124957.730000003,-149550.12999999998,-74011.62999999849,-147091.78999999992,233162.0600000095,-171391.40999999986,-74011.62999999849,7,8,-149550.12999999998,87.99930555555555,0.4308392367754279,164,0,93.80972222222222,-147091.78999999992,443.725,0.6150709509052357,273,0,447.7631944444444,-171391.40999999986,65.05833333333334,0.3773744706594071,123,0,69.01736111111111,22.657517910003666,,,,,,,,,,,,,,,,
FACTORY_S1v2,C_dd25000,C,spacing_dd,BASE,"{""dd_D"": 25000.0, ""spacing"": ""dd""}",{},470510.8300000255,397.5,470908.3300000255,3,-203542.6899999999,2025-04-06,-196888.75,18739.11000000016,617.3854166666666,5.725912057888989,3247,1.8313592780597856,10340.41999999948,1299.7800000000009,17.542915659207498,32.0,32,0.5039700662051266,0.4309945338043993,0.3766029457498998,610.8,616.9756944444445,610.8,1095320.0,389060.18923655374,-61260.88999999984,2.3135605115566946,1.2103739807562448,610.8,610.8006944444444,0.4450084602368866,1.8313592780597856,176394.19000000658,-162653.92999999996,-104666.6499999992,-168954.9299999999,399220.1600000181,-203542.6899999999,-104666.6499999992,7,8,-162653.92999999996,96.97777777777776,0.4652084733784925,227,0,102.99861111111112,-168954.9299999999,610.8,0.9323112053498612,125,0,616.9756944444445,-203542.6899999999,120.99097222222224,0.6857632587215164,150,0,121.06597222222224,22.717527389526367,,,,,,,,,,,,,,,,
FACTORY_S1v2,C_volpct1.0,C,spacing_volpct,BASE,"{""spacing"": ""volpct"", ""volpct_k"": 1.0}",{},439964.610000024,462.5,440427.110000024,5,-204875.1899999999,2025-04-06,-198205.0,28164.19000000006,453.9895833333333,4.790209730716723,3083,1.7388606880992667,9764.139999999514,1090.6200000000003,15.522779550656868,32.0,32,0.4372256045455437,0.3563841858562539,0.3177565903939527,460.81597222222223,464.8854166666667,460.81597222222223,1064440.0,339293.07477004715,-51835.80999999994,2.1497337476539946,1.2980727953216242,460.81597222222223,460.81666666666666,0.487873660462493,1.7388606880992667,167583.4500000059,-155508.30000000008,-82851.00999999844,-158132.44999999995,355710.2900000165,-204875.1899999999,-82851.00999999844,7,8,-155508.30000000008,87.99930555555555,0.4308392367754279,176,0,98.9625,-158132.44999999995,460.81597222222223,0.7361199665880794,322,0,464.8854166666667,-204875.1899999999,121.16597222222222,0.6908449284129865,144,0,122.16666666666669,21.4755334854126,,,,,,,,,,,,,,,,
FACTORY_S1v2,C_volpct2.0,C,spacing_volpct,BASE,"{""spacing"": ""volpct"", ""volpct_k"": 2.0}",{},400166.6200000218,268.75,400435.37000002177,2,-202952.67999999988,2025-04-06,-196048.75,49425.40000000008,446.97569444444446,4.47436339859863,2868,1.6175972927241962,8943.37999999956,1040.8200000000002,14.612929751961918,32.0,32,0.4000296984486763,0.3369821333012067,0.2867483280613917,436.8548611111111,444.0027777777778,436.8548611111111,988400.0,317270.99417483143,-30574.59999999992,1.973047953838412,1.2621241063699722,436.8548611111111,436.8555555555556,0.494077834179357,1.6175972927241962,160114.77000000537,-133748.93000000005,-74518.97999999893,-143826.15999999992,314857.0800000153,-202952.67999999988,-74518.97999999893,7,8,-133748.93000000005,70.1375,0.3382629229363807,161,0,79.27986111111112,-143826.15999999992,436.8548611111111,0.6904899591247659,303,0,444.0027777777778,-202952.67999999988,121.00763888888888,0.6862472272635612,139,0,121.03194444444443,21.6119167804718,,,,,,,,,,,,,,,,
FACTORY_S1v2,C_age3.0,C,spacing_age,BASE,"{""age_A"": 3.0, ""spacing"": ""age""}",{},343057.4800000169,397.5,343454.9800000169,3,-194052.6899999999,2025-04-06,-187367.5,45870.40999999992,739.3243055555556,4.887593135783499,2331,1.3147208121827412,7780.0199999996785,1190.2200000000005,16.242529859548753,32.0,32,0.4402248676878076,0.3822148318535474,0.3244751639718593,727.9027777777778,732.7298611111111,727.9027777777778,1026862.5,362504.0338828481,-28534.580000000104,1.76990579208161,0.9474514705980148,727.9027777777778,727.9034722222223,0.386350817822899,1.3147208121827412,132090.61000000354,-119467.12,-128088.5299999998,-185002.11999999997,339492.2700000132,-194052.6899999999,-128088.5299999998,7,8,-119467.12,0.0,0.0,227,0,74.98472222222222,-185002.11999999997,704.2145833333333,0.9712835416635776,6,0,709.0416666666666,-194052.6899999999,108.91388888888888,0.6018552127445049,142,0,116.75555555555556,21.83250880241394,,,,,,,,,,,,,,,,
FACTORY_S1v2,C_age10.0,C,spacing_age,BASE,"{""age_A"": 10.0, ""spacing"": ""age""}",{},433269.420000023,397.5,433666.920000023,3,-204132.6899999999,2025-04-06,-197478.75,14722.40000000008,617.2027777777778,5.527988432154519,2990,1.686407219402143,9681.829999999534,1277.3700000000006,16.888688253142853,32.0,32,0.4772806867626169,0.4044578492159329,0.3630621341977637,600.95,611.9604166666667,600.95,1095320.0,375841.80017426825,-65277.59999999992,2.124436414373529,1.1538549458813327,600.95,600.9506944444445,0.4331641285956006,1.686407219402143,154613.74000000494,-159546.42999999996,-101440.34999999916,-166016.16999999993,380532.9000000172,-204132.6899999999,-101440.34999999916,7,8,-159546.42999999996,91.06527777777778,0.4394574004171191,211,0,99.06388888888888,-166016.16999999993,600.95,0.917503200328188,129,0,611.9604166666667,-204132.6899999999,121.1138888888889,0.6893325267190966,145,0,122.13055555555556,22.835092306137085,,,,,,,,,,,,,,,,
FACTORY_S1v2,D_24_8_runhigh_float,D,rec_anchor_runhigh_float,A_24_8_cf,"{""core_cap"": 24, ""rec_activation"": ""core_full"", ""rec_anchor"": ""runhigh"", ""rec_cap"": 8, ""rec_spacing"": ""float"", ""rec_step"": 5.0, ""rec_tp"": 3.0}",{},442260.12000004126,560.0,442820.1200000413,4,-205430.86999999936,2025-04-06,-199561.25,18820.32999999932,750.2715277777778,9.10327735298308,6216,3.505922165820643,17689.87999999883,1354.5600000000006,19.30219152137308,32.0,32,0.5657834646882643,0.4987742385569916,0.4493067093278344,740.8034722222222,751.0340277777777,740.8034722222222,1103640.0,431120.9015738077,-61179.67000000068,2.15556756392086,1.027136746057836,740.8034722222222,740.8125,0.4517766497461929,1.5256627185561196,174311.440000006,-167875.8000000004,-142010.29999999853,-198314.79999999952,410591.47000003385,-205430.86999999936,-142010.29999999853,7,8,-167875.8000000004,98.09166666666668,0.6019787303721323,405,305,99.94097222222224,-198314.79999999952,715.1152777777778,0.9857949911774736,142,134,716.275,-205430.86999999936,99.22916666666669,0.6623311151441823,257,111,119.94027777777778,24.098950624465942,1.9802594472645236,67960.11,0.0,0.0,0.4493067093278344,740.8034722222222,4.217959996749981,8.0,,,,,,,,
FACTORY_S1v2,C_age30.0,C,spacing_age,BASE,"{""age_A"": 30.0, ""spacing"": ""age""}",{},479128.51000002667,397.5,479526.01000002667,3,-204380.1899999999,2025-04-06,-197726.25,13562.660000000147,617.4770833333333,5.246174252524389,3385,1.909193457416808,10681.48999999945,1312.2300000000007,17.321069648465627,32.0,32,0.4940813233180451,0.4119062761787622,0.3858220726715435,611.7583333333333,617.0,611.7583333333333,1078120.0,383238.9294917503,-66437.33999999985,2.346245054376488,1.2512455627510803,611.7583333333333,611.7590277777778,0.455160744500846,1.909193457416808,176545.53000000655,-165035.18,-105597.2599999992,-170103.05999999994,408632.7300000193,-204380.1899999999,-105597.2599999992,7,8,-165035.18,102.25763888888888,0.4761190685488736,221,0,104.06319444444443,-170103.05999999994,611.7583333333333,0.93778265446835,127,0,617.0,-204380.1899999999,121.13194444444444,0.6898568259729784,148,0,122.14236111111111,24.27321696281433,,,,,,,,,,,,,,,,
FACTORY_S1v2,D_24_8_low30_float,D,rec_anchor_low30_float,A_24_8_cf,"{""core_cap"": 24, ""rec_activation"": ""core_full"", ""rec_anchor"": ""low30"", ""rec_cap"": 8, ""rec_spacing"": ""float"", ""rec_step"": 5.0, ""rec_tp"": 3.0}",{},417998.4800000336,560.0,418558.4800000336,4,-187668.85999999745,2022-10-13,-191015.0,53304.17999999999,739.9722222222222,8.65769452775941,4855,2.7382966723068245,14079.019999999127,1222.59,17.758396115667054,32.0,32,0.5657834646882643,0.4109999131460463,0.2058424693419552,453.0944444444444,740.7993055555555,453.0944444444444,924875.0,395694.6804790136,-6695.820000000007,2.2303033119082163,1.0577814174639446,453.0944444444444,453.1611111111111,0.6632825719120136,1.5256627185561196,161285.4700000045,-129284.83,-132470.06999999715,-187668.85999999745,389815.5700000263,-175633.3599999987,-132470.06999999715,7,8,-129284.83,0.0,0.0,445,345,32.81666666666667,-187668.85999999745,453.0944444444444,0.7247767184156028,558,550,715.1111111111111,-175633.3599999987,0.0027777777777777,0.0001008267795926,581,435,46.985416666666666,23.51634645462036,1.212633953750705,43566.5,0.0,0.0,0.2058424693419552,453.0944444444444,5.761755402456005,8.0,,,,,,,,
FACTORY_S1v2,D_24_8_low30_ladder,D,rec_anchor_low30_ladder,A_24_8_cf,"{""core_cap"": 24, ""rec_activation"": ""core_full"", ""rec_anchor"": ""low30"", ""rec_cap"": 8, ""rec_spacing"": ""ladder"", ""rec_step"": 5.0, ""rec_tp"": 3.0}",{},417998.4800000336,560.0,418558.4800000336,4,-187668.85999999745,2022-10-13,-191015.0,53304.17999999999,739.9722222222222,8.65769452775941,4855,2.7382966723068245,14079.019999999127,1222.59,17.758396115667054,32.0,32,0.5657834646882643,0.4109999131460463,0.2058424693419552,453.0944444444444,740.7993055555555,453.0944444444444,924875.0,395694.6804790136,-6695.820000000007,2.2303033119082163,1.0577814174639446,453.0944444444444,453.1611111111111,0.6632825719120136,1.5256627185561196,161285.4700000045,-129284.83,-132470.06999999715,-187668.85999999745,389815.5700000263,-175633.3599999987,-132470.06999999715,7,8,-129284.83,0.0,0.0,445,345,32.81666666666667,-187668.85999999745,453.0944444444444,0.7247767184156028,558,550,715.1111111111111,-175633.3599999987,0.0027777777777777,0.0001008267795926,581,435,46.985416666666666,24.598324298858643,1.212633953750705,43566.5,0.0,0.0,0.2058424693419552,453.0944444444444,5.761755402456005,8.0,,,,,,,,
FACTORY_S1v2,D_24_8_vwap_ladder,D,rec_anchor_vwap_ladder,A_24_8_cf,"{""core_cap"": 24, ""rec_activation"": ""core_full"", ""rec_anchor"": ""vwap"", ""rec_cap"": 8, ""rec_spacing"": ""ladder"", ""rec_step"": 5.0, ""rec_tp"": 3.0}",{},451717.3200000399,560.0,452277.3200000399,4,-197388.6199999996,2022-10-13,-197240.0,39339.949999997625,747.3833333333333,9.274616132131648,6342,3.5769881556683587,17938.929999998803,1277.3700000000006,18.620012551797178,32.0,32,0.5657834646882643,0.4499847305145956,0.3331115288817413,738.7486111111111,746.2118055555555,738.7486111111111,1096280.0,415193.40630349575,-40660.050000002375,2.291303926234657,1.0893172028590374,738.7486111111111,738.8,0.5369430344049634,1.5256627185561196,183926.8800000075,-144284.6700000023,-141997.18999999913,-197388.6199999996,410420.1200000315,-196611.4499999976,-141997.18999999913,7,8,-144284.6700000023,5.757638888888889,0.1018322215902235,1064,964,99.83472222222224,-197388.6199999996,715.0576388888888,0.982226439900555,78,70,715.2819444444444,-196611.4499999976,46.921527777777776,0.2901593063117564,696,550,77.00138888888888,23.201435327529907,2.051325437112239,77340.12,0.0,0.0,0.3331115288817413,738.7486111111111,4.900138966325882,8.0,,,,,,,,
FACTORY_S1v2,D_24_8_low60_ladder,D,rec_anchor_low60_ladder,A_24_8_cf,"{""core_cap"": 24, ""rec_activation"": ""core_full"", ""rec_anchor"": ""low60"", ""rec_cap"": 8, ""rec_spacing"": ""ladder"", ""rec_step"": 5.0, ""rec_tp"": 3.0}",{},412521.180000033,560.0,413081.180000033,4,-185720.85999999705,2022-10-13,-189958.75,52901.5100000001,737.2430555555555,8.557598629291228,4626,2.6091370558375635,13473.819999999178,1220.1000000000004,17.561782579338285,32.0,32,0.5657834646882643,0.3891561437965264,0.1497642335418762,298.73819444444445,740.7993055555555,298.73819444444445,924875.0,391508.66815415735,-7098.489999999903,2.2242045400825714,1.0551009814101522,298.73819444444445,298.83680555555554,0.7100958826847151,1.5256627185561196,158130.3500000048,-129367.3899999999,-130618.38999999675,-185720.85999999705,385641.7100000249,-171052.9499999989,-130618.38999999675,7,8,-129367.3899999999,0.0,0.0,365,265,8.776388888888889,-185720.85999999705,298.73819444444445,0.5284026037573583,681,673,715.1111111111111,-171052.9499999989,0.0,0.0,488,342,46.98333333333333,23.99871563911438,1.083474337281444,38086.71,0.0,0.0,0.1497642335418762,298.73819444444445,5.958368938784773,8.0,,,,,,,,
FACTORY_S1v2,D_24_8_vwap_float,D,rec_anchor_vwap_float,A_24_8_cf,"{""core_cap"": 24, ""rec_activation"": ""core_full"", ""rec_anchor"": ""vwap"", ""rec_cap"": 8, ""rec_spacing"": ""float"", ""rec_step"": 5.0, ""rec_tp"": 3.0}",{},451717.3200000399,560.0,452277.3200000399,4,-197388.6199999996,2022-10-13,-197240.0,39339.949999997625,747.3833333333333,9.274616132131648,6342,3.5769881556683587,17938.929999998803,1277.3700000000006,18.620012551797178,32.0,32,0.5657834646882643,0.4499847305145956,0.3331115288817413,738.7486111111111,746.2118055555555,738.7486111111111,1096280.0,415193.40630349575,-40660.050000002375,2.291303926234657,1.0893172028590374,738.7486111111111,738.8,0.5369430344049634,1.5256627185561196,183926.8800000075,-144284.6700000023,-141997.18999999913,-197388.6199999996,410420.1200000315,-196611.4499999976,-141997.18999999913,7,8,-144284.6700000023,5.757638888888889,0.1018322215902235,1064,964,99.83472222222224,-197388.6199999996,715.0576388888888,0.982226439900555,78,70,715.2819444444444,-196611.4499999976,46.921527777777776,0.2901593063117564,696,550,77.00138888888888,23.218581914901733,2.051325437112239,77340.12,0.0,0.0,0.3331115288817413,738.7486111111111,4.900138966325882,8.0,,,,,,,,
FACTORY_S1v2,D_24_8_low60_float,D,rec_anchor_low60_float,A_24_8_cf,"{""core_cap"": 24, ""rec_activation"": ""core_full"", ""rec_anchor"": ""low60"", ""rec_cap"": 8, ""rec_spacing"": ""float"", ""rec_step"": 5.0, ""rec_tp"": 3.0}",{},412521.180000033,560.0,413081.180000033,4,-185720.85999999705,2022-10-13,-189958.75,52901.5100000001,737.2430555555555,8.557598629291228,4626,2.6091370558375635,13473.819999999178,1220.1000000000004,17.561782579338285,32.0,32,0.5657834646882643,0.3891561437965264,0.1497642335418762,298.73819444444445,740.7993055555555,298.73819444444445,924875.0,391508.66815415735,-7098.489999999903,2.2242045400825714,1.0551009814101522,298.73819444444445,298.83680555555554,0.7100958826847151,1.5256627185561196,158130.3500000048,-129367.3899999999,-130618.38999999675,-185720.85999999705,385641.7100000249,-171052.9499999989,-130618.38999999675,7,8,-129367.3899999999,0.0,0.0,365,265,8.776388888888889,-185720.85999999705,298.73819444444445,0.5284026037573583,681,673,715.1111111111111,-171052.9499999989,0.0,0.0,488,342,46.98333333333333,24.037729024887085,1.083474337281444,38086.71,0.0,0.0,0.1497642335418762,298.73819444444445,5.958368938784773,8.0,,,,,,,,
FACTORY_S1v2,D_24_8_range_ladder,D,rec_anchor_range_ladder,A_24_8_cf,"{""core_cap"": 24, ""rec_activation"": ""core_full"", ""rec_anchor"": ""range"", ""rec_cap"": 8, ""rec_spacing"": ""ladder"", ""rec_step"": 5.0, ""rec_tp"": 3.0}",{},453980.3700000405,560.0,454540.3700000404,4,-203390.87999999936,2025-04-06,-197542.5,49047.04999999702,747.1993055555556,9.316272234744837,6640,3.74506486181613,18693.3799999988,1294.8000000000004,18.67986193023106,32.0,32,0.5657834646882643,0.4669436654049496,0.3323186363368924,617.7722222222222,740.7701388888889,617.7722222222222,1098080.0,417243.1825915258,-30288.40000000305,2.234811954203855,1.0893895669591511,617.7722222222222,617.8604166666667,0.5583756345177665,1.5256627185561196,186344.0900000061,-135049.13000000294,-137764.74999999802,-193266.25999999853,406033.52000003227,-203390.87999999936,-137764.74999999802,7,8,-135049.13000000294,6.249305555555556,0.1244118103314545,1262,1162,98.09166666666668,-193266.25999999853,617.7722222222222,0.9427746721825992,229,221,715.0819444444444,-203390.87999999936,72.91875,0.4686428715466828,417,271,119.92569444444445,23.91030788421631,2.219402143260011,79620.59999999999,0.0,0.0,0.3323186363368924,617.7722222222222,4.840289587891999,8.0,,,,,,,,
FACTORY_S1v2,D_24_8_range_float,D,rec_anchor_range_float,A_24_8_cf,"{""core_cap"": 24, ""rec_activation"": ""core_full"", ""rec_anchor"": ""range"", ""rec_cap"": 8, ""rec_spacing"": ""float"", ""rec_step"": 5.0, ""rec_tp"": 3.0}",{},453980.3700000405,560.0,454540.3700000404,4,-203390.87999999936,2025-04-06,-197542.5,49047.04999999702,747.1993055555556,9.316272234744837,6640,3.74506486181613,18693.3799999988,1294.8000000000004,18.67986193023106,32.0,32,0.5657834646882643,0.4669436654049496,0.3323186363368924,617.7722222222222,740.7701388888889,617.7722222222222,1098080.0,417243.1825915258,-30288.40000000305,2.234811954203855,1.0893895669591511,617.7722222222222,617.8604166666667,0.5583756345177665,1.5256627185561196,186344.0900000061,-135049.13000000294,-137764.74999999802,-193266.25999999853,406033.52000003227,-203390.87999999936,-137764.74999999802,7,8,-135049.13000000294,6.249305555555556,0.1244118103314545,1262,1162,98.09166666666668,-193266.25999999853,617.7722222222222,0.9427746721825992,229,221,715.0819444444444,-203390.87999999936,72.91875,0.4686428715466828,417,271,119.92569444444445,23.882014989852905,2.219402143260011,79620.59999999999,0.0,0.0,0.3323186363368924,617.7722222222222,4.840289587891999,8.0,,,,,,,,
FACTORY_S1v2,D_24_8_swing_float,D,rec_anchor_swing_float,A_24_8_cf,"{""core_cap"": 24, ""rec_activation"": ""core_full"", ""rec_anchor"": ""swing"", ""rec_cap"": 8, ""rec_spacing"": ""float"", ""rec_step"": 5.0, ""rec_tp"": 3.0}",{},440927.98000004026,560.0,441487.98000004026,4,-201277.1299999982,2025-04-06,-197303.75,20342.609999999117,747.2041666666667,9.078671084693871,6258,3.529610829103215,17783.26999999882,1339.6200000000006,19.015441792441464,32.0,32,0.5657834646882643,0.4946921027342185,0.3856007351766917,660.0784722222222,746.2,660.0784722222222,1099240.0,424465.8236749169,-59657.39000000089,2.1934334019967605,1.0401025368255796,660.0784722222222,660.1465277777778,0.5098702763677383,1.5256627185561196,173199.85000000434,-164007.52000000083,-138742.09999999788,-194587.60999999865,407102.7200000338,-201277.1299999982,-138742.09999999788,7,8,-164007.52000000083,81.72152777777778,0.447386110967475,593,493,99.91319444444444,-194587.60999999865,639.2479166666667,0.9706904306480232,212,204,715.2701388888889,-201277.1299999982,68.76527777777778,0.4941520467836257,577,431,119.93333333333334,24.059361934661865,2.0039481105470958,66613.03,0.0,0.0,0.3856007351766917,660.0784722222222,4.504709725681593,8.0,,,,,,,,
FACTORY_S1v2,D_24_8_swing_ladder,D,rec_anchor_swing_ladder,A_24_8_cf,"{""core_cap"": 24, ""rec_activation"": ""core_full"", ""rec_anchor"": ""swing"", ""rec_cap"": 8, ""rec_spacing"": ""ladder"", ""rec_step"": 5.0, ""rec_tp"": 3.0}",{},440927.98000004026,560.0,441487.98000004026,4,-201277.1299999982,2025-04-06,-197303.75,20342.609999999117,747.2041666666667,9.078671084693871,6258,3.529610829103215,17783.26999999882,1339.6200000000006,19.015441792441464,32.0,32,0.5657834646882643,0.4946921027342185,0.3856007351766917,660.0784722222222,746.2,660.0784722222222,1099240.0,424465.8236749169,-59657.39000000089,2.1934334019967605,1.0401025368255796,660.0784722222222,660.1465277777778,0.5098702763677383,1.5256627185561196,173199.85000000434,-164007.52000000083,-138742.09999999788,-194587.60999999865,407102.7200000338,-201277.1299999982,-138742.09999999788,7,8,-164007.52000000083,81.72152777777778,0.447386110967475,593,493,99.91319444444444,-194587.60999999865,639.2479166666667,0.9706904306480232,212,204,715.2701388888889,-201277.1299999982,68.76527777777778,0.4941520467836257,577,431,119.93333333333334,24.31693005561829,2.0039481105470958,66613.03,0.0,0.0,0.3856007351766917,660.0784722222222,4.504709725681593,8.0,,,,,,,,
FACTORY_S1v2,E_24_8_tp2.0,E,rec_tp_pts,A_24_8_cf,"{""core_cap"": 24, ""rec_activation"": ""core_full"", ""rec_anchor"": ""runhigh"", ""rec_cap"": 8, ""rec_spacing"": ""ladder"", ""rec_step"": 5.0, ""rec_tp"": 2.0}",{},439718.890000048,560.0,440278.8900000481,4,-205534.4199999992,2025-04-06,-199557.5,18233.039999999102,747.4152777777778,9.056858293116864,7718,4.35307388606881,21446.110000000528,1354.5600000000006,19.257898806738748,32.0,32,0.5657834646882643,0.4936568596412091,0.4434650805080116,740.7986111111111,746.2229166666667,740.7986111111111,1104720.0,430218.8769048333,-61766.960000000894,2.1421175587040358,1.0233834767260577,740.7986111111111,740.8076388888888,0.4579808234630569,1.5256627185561196,175688.46000000532,-167829.1600000006,-141884.75999999803,-197973.2599999993,406547.6800000408,-205534.4199999992,-141884.75999999803,7,8,-167829.1600000006,90.94305555555556,0.5968767774962511,549,449,99.94097222222224,-197973.2599999993,715.1104166666667,0.985557746771252,196,188,715.2881944444445,-205534.4199999992,99.22916666666669,0.6614236741278483,298,152,119.93888888888888,23.942904710769653,2.8274111675126905,65418.88000000002,0.0,0.0,0.4434650805080116,740.7986111111111,4.262252711384312,8.0,,,,,,,,
FACTORY_S1v2,D_16_16al_vwap_float,D,rec_anchor_vwap_float,A_16_16_al,"{""core_cap"": 16, ""rec_activation"": ""always"", ""rec_anchor"": ""vwap"", ""rec_cap"": 16, ""rec_spacing"": ""float"", ""rec_step"": 5.0, ""rec_tp"": 3.0}",{},494306.810000089,560.0,494866.810000089,4,-200865.619999998,2025-04-06,-197668.75,27433.97999999841,754.9784722222222,22.908718685423175,12267,6.918781725888325,33158.19000000781,1337.1300000000006,19.5499536311957,32.0,32,0.6271415803497132,0.4460510869352041,0.3242580290876692,622.9819444444445,740.8013888888889,622.9819444444445,1098960.0,434559.0207987202,-52566.02000000159,2.4636710353921893,1.1387792827094534,622.9819444444445,624.1638888888889,0.6694867456288776,1.2583192329385222,197007.71000002127,-159102.19000000163,-139907.61999999778,-195647.61999999807,437782.9000000655,-200865.619999998,-139907.61999999778,7,8,-159102.19000000163,5.805555555555555,0.1262733336780598,1058,991,100.87847222222224,-195647.61999999807,622.9819444444445,0.9470104733520164,231,223,715.1131944444444,-200865.619999998,46.984722222222224,0.3289372857430934,886,755,124.87222222222222,25.56110453605652,5.660462492949803,188415.36000000004,0.0,0.0,0.3242580290876692,622.9819444444445,8.061304882593067,16.0,,,,,,,,
FACTORY_S1v2,D_16_16al_low60_float,D,rec_anchor_low60_float,A_16_16_al,"{""core_cap"": 16, ""rec_activation"": ""always"", ""rec_anchor"": ""low60"", ""rec_cap"": 16, ""rec_spacing"": ""float"", ""rec_step"": 5.0, ""rec_tp"": 3.0}",{},403161.1800000519,560.0,403721.1800000519,4,-168726.57999999524,2022-10-13,-175455.0,76078.32999999987,713.7666666666667,18.87106582829611,7284,4.1082910321489,20307.569999999832,1137.93,16.53977490817296,32.0,32,0.612985786770742,0.204646126173579,0.0739981676617514,58.80625,453.0944444444444,58.80625,796320.0,368471.6385436133,28578.32999999987,2.3927538861989808,1.0956641916750027,58.80625,58.85833333333333,0.9108855047941342,1.2583192329385222,158511.14000001014,-107261.17000000027,-111609.47999999474,-168726.57999999524,356881.3500000364,-161449.75999999885,-111609.47999999474,7,8,-107261.17000000027,0.0,0.0,439,372,0.0,-168726.57999999524,58.80625,0.2610825264552225,1099,1091,453.0944444444444,-161449.75999999885,0.0,0.0,609,478,6.0125,25.92749619483948,2.849971799210378,97070.53,0.0,0.0,0.0739981676617514,58.80625,11.071483605615809,16.0,,,,,,,,
FACTORY_S1v2,D_16_16al_runhigh_float,D,rec_anchor_runhigh_float,A_16_16_al,"{""core_cap"": 16, ""rec_activation"": ""always"", ""rec_anchor"": ""runhigh"", ""rec_cap"": 16, ""rec_spacing"": ""float"", ""rec_step"": 5.0, ""rec_tp"": 3.0}",{},572288.090000136,635.0,572923.090000136,6,-213659.15999999945,2025-04-06,-207730.0,16811.52999999834,758.8597222222222,26.365412131325076,17306,9.760857304004512,46334.41000000098,1556.250000000001,22.689728259194613,32.0,32,0.6850171326427977,0.604098666091376,0.530730890028886,740.8604166666667,757.8659722222222,740.8604166666667,1186560.0,513421.5652413279,-63188.47000000166,2.681481524125329,1.1158921416377203,740.8604166666667,740.8645833333334,0.5160744500846024,1.2583192329385222,220225.14000003552,-178543.4500000003,-144728.84999999835,-200905.2599999988,497385.3700000987,-213659.15999999945,-144728.84999999835,7,8,-178543.4500000003,101.04513888888889,0.6756123205267421,638,571,147.13194444444446,-200905.2599999988,715.1222222222223,0.9903767737726308,165,157,723.0944444444444,-213659.15999999945,125.01805555555556,0.7281508368622707,820,689,126.01944444444445,25.939448356628414,8.50253807106599,266617.0,0.0,0.0,0.5363946083306951,740.8604166666667,4.9215302545941535,16.0,,,,,,,,
FACTORY_S1v2,E_24_8_tp2.5,E,rec_tp_pts,A_24_8_cf,"{""core_cap"": 24, ""rec_activation"": ""core_full"", ""rec_anchor"": ""runhigh"", ""rec_cap"": 8, ""rec_spacing"": ""ladder"", ""rec_step"": 5.0, ""rec_tp"": 2.5}",{},440359.9100000448,560.0,440919.91000004485,4,-205454.50999999925,2025-04-06,-199566.25,18388.369999999268,747.3833333333333,9.068567404749988,6820,3.846587704455725,19197.58999999909,1354.5600000000006,19.2815553021537,32.0,32,0.5657834646882643,0.4954863961492879,0.4468916090675527,740.7930555555556,746.2229166666667,740.7930555555556,1103640.0,430669.5033617383,-61611.63000000073,2.146070728746945,1.0238010970321638,740.7930555555556,740.8020833333334,0.4540327129159616,1.5256627185561196,174155.09000000614,-167923.19000000044,-141788.9099999984,-197853.38999999943,408626.2200000371,-205454.50999999925,-141788.9099999984,7,8,-167923.19000000044,98.09027777777776,0.597411103642036,466,366,99.94097222222224,-197853.38999999943,715.1048611111111,0.9856220004646036,156,148,715.2881944444445,-205454.50999999925,99.23055555555555,0.6623109497882638,271,125,119.94027777777778,23.57121086120605,2.3209249858996053,66059.9,0.0,0.0,0.4468916090675527,740.7930555555556,4.23859621596936,8.0,,,,,,,,
FACTORY_S1v2,E_24_8_tp4.0,E,rec_tp_pts,A_24_8_cf,"{""core_cap"": 24, ""rec_activation"": ""core_full"", ""rec_anchor"": ""runhigh"", ""rec_cap"": 8, ""rec_spacing"": ""ladder"", ""rec_step"": 5.0, ""rec_tp"": 4.0}",{},445119.8000000374,560.0,445679.8000000374,4,-205708.57999999955,2025-04-06,-199730.0,19470.889999999403,750.2743055555555,9.155513339933584,5434,3.064861816130852,15725.199999999002,1354.5600000000006,19.31684602475057,32.0,32,0.5657834646882643,0.5015871859599182,0.4516797834814987,740.8013888888889,751.0347222222222,740.8013888888889,1103920.0,431428.1865752505,-60529.1100000006,2.166559119702437,1.033033570518233,740.8013888888889,740.8152777777777,0.4455724760293288,1.5256627185561196,174279.47000000643,-167753.42000000033,-142166.99999999895,-198306.17999999964,413639.8200000299,-205708.57999999955,-142166.99999999895,7,8,-167753.42000000033,98.09583333333332,0.6194218935829153,296,196,99.94097222222224,-198306.17999999964,715.1131944444444,0.9858493596872328,97,89,716.275,-205708.57999999955,104.02777777777776,0.6655777374470659,216,70,120.00416666666666,22.52470326423645,1.539199097574732,70819.78999999998,0.0,0.0,0.4516797834814987,740.8013888888889,4.203305493372483,8.0,,,,,,,,
FACTORY_S1v2,E_24_8_tp7.5,E,rec_tp_pts,A_24_8_cf,"{""core_cap"": 24, ""rec_activation"": ""core_full"", ""rec_anchor"": ""runhigh"", ""rec_cap"": 8, ""rec_spacing"": ""ladder"", ""rec_step"": 5.0, ""rec_tp"": 7.5}",{},452386.6800000311,560.0,452946.68000003113,4,-205628.7299999997,2025-04-06,-199736.25,20077.229999999603,750.2743055555555,9.2882528943071,4372,2.4658770445572475,13075.819999999234,1354.5600000000006,19.33841522353686,32.0,32,0.5657834646882643,0.5059508966970282,0.4531563006939911,740.8013888888889,751.0458333333333,740.8013888888889,1104720.0,431941.46656753175,-59922.7700000004,2.2027402493806765,1.0486297682864754,740.8013888888889,740.8152777777777,0.4404963338973491,1.5256627185561196,177028.08000000636,-167931.1800000002,-142146.15999999933,-198418.8599999998,418137.2500000241,-205628.7299999997,-142146.15999999933,7,8,-167931.1800000002,99.84722222222224,0.6212144716203871,217,117,99.94097222222224,-198418.8599999998,715.1131944444444,0.9861903985211764,56,48,716.275,-205628.7299999997,104.90972222222224,0.6657592256503327,193,47,120.10972222222222,22.39296507835388,0.940214326001128,78086.66999999998,0.0,0.0,0.4531563006939911,740.8013888888889,4.181736294586197,8.0,,,,,,,,
FACTORY_S1v2,E_24_8_tp5.0,E,rec_tp_pts,A_24_8_cf,"{""core_cap"": 24, ""rec_activation"": ""core_full"", ""rec_anchor"": ""runhigh"", ""rec_cap"": 8, ""rec_spacing"": ""ladder"", ""rec_step"": 5.0, ""rec_tp"": 5.0}",{},448006.6000000349,560.0,448566.6000000348,4,-205694.8999999996,2025-04-06,-199730.0,19496.57999999952,750.2708333333334,9.20824471097115,4989,2.813874788494078,14617.1499999991,1354.5600000000006,19.325318487844648,32.0,32,0.5657834646882643,0.50332706677388,0.4522849594167897,740.8013888888889,751.0458333333333,740.8013888888889,1104720.0,431628.5992471023,-60503.42000000048,2.180737587563112,1.0392420724263354,740.8013888888889,740.8152777777777,0.4438804286520023,1.5256627185561196,175092.77000000642,-167836.06000000026,-141944.58999999904,-198263.7299999997,415490.9100000274,-205694.8999999996,-141944.58999999904,7,8,-167836.06000000026,98.09583333333332,0.6202664736198011,257,157,99.94097222222224,-198263.7299999997,715.1131944444444,0.9859185559723808,88,80,716.275,-205694.8999999996,104.02847222222222,0.6655172413793103,204,58,120.00416666666666,22.463874101638797,1.2882120699379582,73706.58999999997,0.0,0.0,0.4522849594167897,740.8013888888889,4.194833030278409,8.0,,,,,,,,
FACTORY_S1v2,E_24_8_tpatr0.2,E,rec_tp_atr,A_24_8_cf,"{""core_cap"": 24, ""rec_activation"": ""core_full"", ""rec_anchor"": ""runhigh"", ""rec_cap"": 8, ""rec_spacing"": ""ladder"", ""rec_step"": 5.0, ""rec_tp"": 3.0, ""rec_tp_atr_k"": 0.2, ""rec_tp_mode"": ""atr""}",{},444594.6400000424,560.0,445154.6400000424,4,-205418.3099999993,2025-04-06,-199558.75,18202.04999999929,750.26875,9.14592057049542,6793,3.831359278059786,19141.60999999905,1354.5600000000006,19.27840194328717,32.0,32,0.5657834646882643,0.495669910148184,0.4461589539421889,740.7958333333333,746.2229166666667,740.7958333333333,1104720.0,430635.657857411,-61797.95000000071,2.1670640752523176,1.0337152343929652,740.7958333333333,740.8048611111111,0.4557247602932882,1.5256627185561196,173499.48000000574,-167660.7900000004,-141877.52999999828,-197960.8099999993,413605.1800000349,-205418.3099999993,-141877.52999999828,7,8,-167660.7900000004,90.94305555555556,0.5993243359704914,510,410,99.94097222222224,-197960.8099999993,715.1076388888889,0.985592344913826,169,161,715.2881944444445,-205418.3099999993,99.22916666666669,0.662169792296834,284,138,119.94027777777778,23.67634010314941,2.3056965595036663,70294.62999999998,0.0,0.0,0.4461589539421889,740.7958333333333,4.241749574835888,8.0,,,,,,,,
FACTORY_S1v2,E_24_8_tpatr0.4,E,rec_tp_atr,A_24_8_cf,"{""core_cap"": 24, ""rec_activation"": ""core_full"", ""rec_anchor"": ""runhigh"", ""rec_cap"": 8, ""rec_spacing"": ""ladder"", ""rec_step"": 5.0, ""rec_tp"": 3.0, ""rec_tp_atr_k"": 0.4, ""rec_tp_mode"": ""atr""}",{},448507.710000033,560.0,449067.710000033,4,-205634.8999999996,2025-04-06,-199735.0,18843.74999999953,750.2715277777778,9.217398174093166,4975,2.805978567399887,14581.039999999102,1354.5600000000006,19.31871898823549,32.0,32,0.5657834646882643,0.5023114358639587,0.4517498269925277,740.8013888888889,751.0347222222222,740.8013888888889,1104720.0,431544.419626472,-61156.25000000047,2.1838107733659697,1.040605994601271,740.8013888888889,740.8152777777777,0.4483925549915397,1.5256627185561196,174322.96000000602,-168011.1500000002,-142068.33999999904,-198289.9399999996,416885.5800000261,-205634.8999999996,-142068.33999999904,7,8,-168011.1500000002,99.84722222222224,0.6166296085630074,299,199,99.94097222222224,-198289.9399999996,715.1131944444444,0.985888900421603,88,80,716.275,-205634.8999999996,104.90486111111112,0.6653962492437991,210,64,120.08958333333334,23.302584886550903,1.2803158488437676,74207.7,0.0,0.0,0.4517498269925277,740.8013888888889,4.201432529887566,8.0,,,,,,,,
FACTORY_S1v2,E_24_8_tp_inv,E,rec_tp_inv,A_24_8_cf,"{""core_cap"": 24, ""rec_activation"": ""core_full"", ""rec_anchor"": ""runhigh"", ""rec_cap"": 8, ""rec_spacing"": ""ladder"", ""rec_step"": 5.0, ""rec_tp"": 3.0, ""rec_tp_mode"": ""inv""}",{},440359.9100000448,560.0,440919.91000004485,4,-205454.50999999925,2025-04-06,-199566.25,18388.369999999268,747.3833333333333,9.068567404749988,6820,3.846587704455725,19197.58999999909,1354.5600000000006,19.2815553021537,32.0,32,0.5657834646882643,0.4954863961492879,0.4468916090675527,740.7930555555556,746.2229166666667,740.7930555555556,1103640.0,430669.5033617383,-61611.63000000073,2.146070728746945,1.0238010970321638,740.7930555555556,740.8020833333334,0.4540327129159616,1.5256627185561196,174155.09000000614,-167923.19000000044,-141788.9099999984,-197853.38999999943,408626.2200000371,-205454.50999999925,-141788.9099999984,7,8,-167923.19000000044,98.09027777777776,0.597411103642036,466,366,99.94097222222224,-197853.38999999943,715.1048611111111,0.9856220004646036,156,148,715.2881944444445,-205454.50999999925,99.23055555555555,0.6623109497882638,271,125,119.94027777777778,23.343077182769772,2.3209249858996053,66059.9,0.0,0.0,0.4468916090675527,740.7930555555556,4.23859621596936,8.0,,,,,,,,
FACTORY_S1v2,E_24_8_tp_age,E,rec_tp_age,A_24_8_cf,"{""core_cap"": 24, ""rec_activation"": ""core_full"", ""rec_anchor"": ""runhigh"", ""rec_cap"": 8, ""rec_spacing"": ""ladder"", ""rec_step"": 5.0, ""rec_tp"": 3.0, ""rec_tp_mode"": ""age""}",{},438572.64000004734,560.0,439132.6400000474,4,-205443.24999999924,2025-04-06,-199560.0,18222.099999999104,750.26875,9.035920460897172,7468,4.212069937958263,20818.610000000128,1354.5600000000006,19.26977958707949,32.0,32,0.5657834646882643,0.4938697919147374,0.4452665996116787,740.7958333333333,746.2229166666667,740.7958333333333,1103640.0,430392.1233777923,-61777.9000000009,2.1374887712302497,1.020308263435813,740.7958333333333,740.8048611111111,0.4579808234630569,1.5256627185561196,173025.2600000063,-167616.6600000006,-141703.77999999828,-197977.0999999994,407883.6500000394,-205443.24999999924,-141703.77999999828,7,8,-167616.6600000006,90.94305555555556,0.5969801954599514,601,501,99.94097222222224,-197977.0999999994,715.1076388888889,0.9854490097517336,169,161,715.2881944444445,-205443.24999999924,99.22916666666669,0.6613026819923372,308,162,119.94027777777778,23.502774715423584,2.686407219402143,64272.630000000005,0.0,0.0,0.4452665996116787,740.7958333333333,4.250371931043564,8.0,,,,,,,,
FACTORY_S1v2,E_24_8_tp_vol,E,rec_tp_vol,A_24_8_cf,"{""core_cap"": 24, ""rec_activation"": ""core_full"", ""rec_anchor"": ""runhigh"", ""rec_cap"": 8, ""rec_spacing"": ""ladder"", ""rec_step"": 5.0, ""rec_tp"": 3.0, ""rec_tp_mode"": ""vol""}",{},447500.1100000393,560.0,448060.1100000393,4,-205444.5799999993,2025-04-06,-199560.0,18388.87999999919,747.3833333333333,9.198992974752215,6340,3.575860124083474,18009.889999998803,1354.5600000000006,19.27659902331328,32.0,32,0.5657834646882643,0.4973593596342047,0.4452231726348407,740.7930555555556,746.2229166666667,740.7930555555556,1104720.0,430671.0749752746,-61611.12000000081,2.180929328970571,1.0403766030160326,740.7930555555556,740.8020833333334,0.4574168076706147,1.5256627185561196,177124.43000000564,-167680.43000000058,-141540.13999999838,-197790.89999999927,412548.31000003207,-205444.5799999993,-141540.13999999838,7,8,-167680.43000000058,90.79444444444444,0.6003929882620611,458,358,99.94097222222224,-197790.89999999927,715.1048611111111,0.9853106171814376,158,150,715.2881944444445,-205444.5799999993,99.22916666666669,0.6624521072796935,256,110,119.94027777777778,23.976146459579468,2.050197405527354,73200.09999999998,0.0,0.0,0.4452231726348407,740.7930555555556,4.243552494809776,8.0,,,,,,,,
FACTORY_S1v2,E_16_16_tp_inv,E,rec_tp_inv,A_16_16_cf,"{""core_cap"": 16, ""rec_activation"": ""core_full"", ""rec_anchor"": ""runhigh"", ""rec_cap"": 16, ""rec_spacing"": ""ladder"", ""rec_step"": 5.0, ""rec_tp"": 3.0, ""rec_tp_mode"": ""inv""}",{},474973.660000088,560.0,475533.6600000879,4,-201276.40999999756,2025-04-06,-198080.0,20301.549999998824,746.2104166666667,22.05403865492358,12453,7.023688663282572,33538.84000000811,1334.6400000000006,19.406144496961517,32.0,32,0.5994323673866205,0.4746666629310127,0.4256334034702357,660.9215277777778,740.8013888888889,660.9215277777778,1104960.0,433333.9044371864,-59698.450000001176,2.362590131650767,1.0973839229536182,660.9215277777778,660.9319444444444,0.5036661026508742,1.2583192329385222,192716.5800000181,-166394.77000000095,-138809.71999999683,-194616.3199999992,421699.2900000666,-201276.40999999756,-138809.71999999683,7,8,-166394.77000000095,90.76666666666668,0.5017494872192633,1121,1054,99.90347222222222,-194616.3199999992,640.0479166666667,0.981326888193631,325,317,715.1131944444444,-201276.40999999756,94.87222222222222,0.6086912684008873,744,613,104.91180555555556,24.360504150390625,5.76536943034405,169079.72000000003,0.0,0.0,0.4256334034702357,660.9215277777778,8.205114016827252,16.0,,,,,,,,
FACTORY_S1v2,E_16_16_tp2.0,E,rec_tp_pts,A_16_16_cf,"{""core_cap"": 16, ""rec_activation"": ""core_full"", ""rec_anchor"": ""runhigh"", ""rec_cap"": 16, ""rec_spacing"": ""ladder"", ""rec_step"": 5.0, ""rec_tp"": 2.0}",{},466102.4300001086,560.0,466662.4300001087,4,-201485.7499999969,2025-04-06,-198072.5,20777.679999998043,741.1090277777778,21.661909760975988,15705,8.857868020304569,41647.57000000424,1334.6400000000006,19.32007222886857,32.0,32,0.5994323673866205,0.4698434667615522,0.419527010178723,660.0861111111111,740.7715277777778,660.0861111111111,1104960.0,431497.47888888576,-59222.32000000196,2.3161063747690136,1.0814951484809907,660.0861111111111,660.0881944444444,0.5104342921601804,1.2583192329385222,191178.82000002215,-164891.04000000158,-137067.80999999505,-192552.6499999981,412623.9100000815,-201485.7499999969,-137067.80999999505,7,8,-164891.04000000158,84.08125,0.4913387455401003,1479,1412,99.89722222222224,-192552.6499999981,639.2527777777777,0.978806166377525,516,508,715.0833333333334,-201485.7499999969,94.87222222222222,0.6064932446057673,882,751,104.91180555555556,24.34211802482605,7.5995487873660466,160208.49000000002,0.0,0.0,0.419527010178723,660.0861111111111,8.291186284920192,16.0,,,,,,,,
FACTORY_S1v2,F_last3,F,layer_last,BASE,"{""layer_exit"": ""last"", ""layer_x"": 3.0}",{},439638.8700001754,83.75,439722.6200001754,3,-205801.8299999985,2025-04-06,-201727.5,15516.140000000249,740.3395833333333,4644.906171019376,23158,13.061477721376198,63036.129999989054,1344.6000000000006,19.0407443103656,32.0,32,0.5522790757618633,0.4555279739774348,0.4139991762883103,635.1854166666667,738.7451388888888,635.1854166666667,1101840.0,427080.87296628667,-64483.85999999975,2.1366312437560864,1.0296003587004157,635.1854166666667,635.1868055555556,0.6170332769317541,13.061477721376198,176182.69000004523,-167348.1100000008,-132592.6399999949,-188287.62999999744,396029.91000012495,-205801.8299999985,-132592.6399999949,7,8,-167348.1100000008,92.19583333333334,0.5033697019839013,1340,0,99.92152777777778,-188287.62999999744,635.1854166666667,0.9695734049020626,541,0,715.0555555555555,-205801.8299999985,99.12222222222222,0.6563621697922968,1056,0,119.87986111111113,32.98210525512695,,,,,,,,,,,,,,,,
FACTORY_S1v2,F_last10,F,layer_last,BASE,"{""layer_exit"": ""last"", ""layer_x"": 10.0}",{},484024.6300000632,167.5,484192.1300000632,4,-206937.32999999955,2025-04-06,-202332.5,18197.309999999765,740.6909722222222,13873.793941126036,8156,4.600112803158488,23325.37000000123,1381.9500000000005,19.27788922478644,32.0,32,0.5627127571647508,0.46274945996453,0.4189988821055639,659.9513888888889,738.7604166666666,659.9513888888889,1102960.0,432994.7439209237,-61802.69000000024,2.339800798628572,1.118240202214763,659.9513888888889,660.0229166666667,0.6006768189509306,4.600112803158488,192774.1700000169,-168686.67000000027,-133842.79999999853,-189395.2499999993,425164.4700000448,-206937.32999999955,-133842.79999999853,7,8,-168686.67000000027,99.84861111111113,0.5323267318199838,430,0,100.87430555555557,-189395.2499999993,639.1375,0.974970715143607,142,0,715.05625,-206937.32999999955,104.8951388888889,0.6633192175841903,361,0,119.99166666666666,32.40356373786926,,,,,,,,,,,,,,,,
FACTORY_S1v2,F_last5,F,layer_last,BASE,"{""layer_exit"": ""last"", ""layer_x"": 5.0}",{},465954.6000001175,120.0,466074.60000011744,3,-207366.9799999992,2025-04-06,-202811.25,19774.52999999968,738.4152777777778,4506.819785941566,15232,8.591088550479414,41591.6500000052,1342.1100000000006,19.02700037263148,32.0,32,0.5526867289960523,0.4573308939513225,0.4135873204434594,628.9430555555556,660.8993055555555,628.9430555555556,1102160.0,426965.5632881646,-60225.47000000032,2.247583487014756,1.0915976370805287,628.9430555555556,629.0770833333333,0.613649182177101,8.591088550479414,186495.5100000312,-165276.0500000006,-129169.58999999613,-185575.569999998,408630.4700000823,-207366.9799999992,-129169.58999999613,7,8,-165276.0500000006,90.79930555555556,0.50993674267887,861,0,99.91041666666666,-185575.569999998,628.9430555555556,0.960444437854322,413,0,640.0368055555556,-207366.9799999992,104.02847222222222,0.6655374067352289,629,0,120.00416666666666,32.97608733177185,,,,,,,,,,,,,,,,
FACTORY_S1v2,F_last25,F,layer_last2,BASE,"{""layer_exit"": ""last2"", ""layer_x"": 5.0}",{},455851.2700001124,117.5,455968.7700001125,3,-206320.5999999991,2025-04-06,-202120.0,16848.57000000018,740.2819444444444,38.78499320239506,14650,8.26283135927806,39763.73000000639,1339.6200000000006,18.64328660964191,32.0,32,0.5342919021296029,0.4441739208396256,0.3978849661409667,629.0666666666667,737.7270833333333,629.0666666666667,1096160.0,416632.2815903239,-63151.42999999982,2.210001182626041,1.0944153637342684,629.0666666666667,629.06875,0.6271855611957134,8.26283135927806,179629.11000002845,-165553.53000000046,-132526.63999999687,-187849.78999999835,408822.5000000809,-206320.5999999991,-132526.63999999687,7,8,-165553.53000000046,90.79027777777776,0.4902528569212472,855,0,99.90347222222222,-187849.78999999835,629.0666666666667,0.9666671609258464,329,0,714.0381944444445,-206320.5999999991,99.22847222222222,0.6512200040330712,603,0,119.92916666666666,33.687681674957275,,,,,,,,,,,,,,,,
FACTORY_S1v2,F_last210,F,layer_last2,BASE,"{""layer_exit"": ""last2"", ""layer_x"": 10.0}",{},470322.0300000608,163.75,470485.7800000608,4,-206552.9899999996,2025-04-06,-201751.25,16644.509999999893,740.6909722222222,136.66581818286411,7906,4.459108855047941,22526.720000000827,1357.0500000000006,19.051486183217012,32.0,32,0.5465817365747603,0.4543876656178818,0.4151086655030104,660.0548611111111,737.7368055555555,660.0548611111111,1102320.0,427723.4360842455,-63355.49000000011,2.277796995337912,1.0999766211253217,660.0548611111111,660.125,0.6006768189509306,4.459108855047941,185377.0800000156,-168417.9800000002,-133233.5099999986,-189414.69999999937,418309.6800000438,-206552.9899999996,-133233.5099999986,7,8,-168417.9800000002,98.09375,0.5102814692245377,443,0,99.91527777777776,-189414.69999999937,639.2409722222222,0.9759641760946604,134,0,714.0472222222222,-206552.9899999996,103.99166666666666,0.6603347449082476,325,0,120.2375,37.87038993835449,,,,,,,,,,,,,,,,
FACTORY_S1v2,F_last45,F,layer_last4,BASE,"{""layer_exit"": ""last4"", ""layer_x"": 5.0}",{},386737.6300000861,70.0,386807.6300000861,1,-196251.97999999864,2025-04-06,-193761.25,25588.81000000058,713.8048611111111,4.133094628974219,11487,6.478849407783418,31489.87000000656,1152.8700000000003,16.39032867217115,32.0,32,0.4548121292947178,0.3555114437088319,0.3091552472395852,453.89375,461.97430555555553,453.89375,1055840.0,361294.4988631938,-54411.18999999942,1.970974407494328,1.0706158859799106,453.89375,453.8944444444445,0.6661026508742245,6.478849407783418,146943.05000001926,-149257.2399999996,-118180.9099999956,-172523.2899999958,358093.6100000624,-196251.97999999864,-118180.9099999956,7,8,-149257.2399999996,37.984722222222224,0.2734543323508627,747,0,81.89027777777778,-172523.2899999958,453.89375,0.8867454515798995,568,0,461.97430555555553,-196251.97999999864,73.93055555555556,0.4721919741883444,692,0,91.14791666666666,38.14472675323486,,,,,,,,,,,,,,,,
FACTORY_S1v2,F_last410,F,layer_last4,BASE,"{""layer_exit"": ""last4"", ""layer_x"": 10.0}",{},450802.4300000567,182.5,450984.9300000568,3,-204159.17999999956,2025-04-06,-199406.25,19509.09999999989,740.9222222222222,20.446218400291425,7394,4.1703327693175405,21236.32000000001,1332.1500000000003,18.641112459059567,32.0,32,0.5286365890491174,0.4397653822554571,0.3970444440086181,659.8902777777778,663.7631944444445,659.8902777777778,1095320.0,417219.6374267696,-60490.90000000011,2.208986781784967,1.0809292984902077,659.8902777777778,659.8916666666667,0.5888324873096447,4.1703327693175405,181323.6200000149,-164563.4800000003,-134962.42999999877,-189918.54999999944,404663.1100000406,-204159.17999999956,-134962.42999999877,7,8,-164563.4800000003,89.99791666666667,0.4845821052450144,456,0,99.9,-189918.54999999944,639.0791666666667,0.9747779540635518,116,0,640.0590277777778,-204159.17999999956,99.22361111111113,0.6535390199637023,289,0,119.75,38.195913314819336,,,,,,,,,,,,,,,,
FACTORY_S1v2,F_newest_prof5,F,layer_newest_prof,BASE,"{""layer_exit"": ""newest_prof"", ""layer_x"": 5.0}",{},464841.1300001002,148.75,464989.8800001002,3,-207387.7299999993,2025-04-06,-202663.75,19667.28999999977,740.5138888888889,4607.670553359682,13131,7.406091370558376,50446.37000000919,1352.0700000000006,19.075990205115417,32.0,32,0.5528254151478899,0.4567999641377223,0.4173122343599844,659.9625,738.7395833333334,659.9625,1102320.0,428421.32563998754,-60332.71000000023,2.242128210767829,1.085356522123369,659.9625,659.9715277777777,0.6068809926677947,7.406091370558376,186472.89000002755,-165296.23000000048,-132400.80999999726,-188507.1099999988,410763.33000006987,-207387.7299999993,-132400.80999999726,7,8,-165296.23000000048,90.79930555555556,0.5032145750383509,811,0,99.91041666666666,-188507.1099999988,639.1506944444444,0.972484591470075,278,0,715.05,-207387.7299999993,104.90555555555557,0.6653760838878806,564,0,120.00972222222222,25.23681855201721,,,,,,,,,,,,,,,,
FACTORY_S1v2,F_newest_prof10,F,layer_newest_prof,BASE,"{""layer_exit"": ""newest_prof"", ""layer_x"": 10.0}",{},486083.59000005823,156.25,486239.8400000583,4,-205192.9699999996,2025-04-06,-200497.5,18145.769999999728,740.2826388888889,9074.912695457928,7559,4.263395375070502,29621.41000000028,1364.520000000001,19.14972360830548,32.0,32,0.5564914925151504,0.4603623771086599,0.4155261248287436,636.2701388888889,738.7409722222222,636.2701388888889,1101240.0,429522.8634697874,-61854.23000000027,2.369671046722796,1.1320464667982926,636.2701388888889,638.0493055555555,0.6080090242526791,4.263395375070502,190136.31000001557,-168727.95000000027,-131771.46999999846,-187910.7699999993,427826.8500000412,-205192.9699999996,-131771.46999999846,7,8,-168727.95000000027,99.84861111111113,0.5237602771601427,417,0,100.875,-187910.7699999993,636.2701388888889,0.9700726066734876,151,0,715.05,-205192.9699999996,99.22777777777776,0.6501109094575519,333,0,119.89305555555556,24.81075072288513,,,,,,,,,,,,,,,,
FACTORY_S1v2,F_all_ind5,F,layer_all_ind,BASE,"{""layer_exit"": ""all_ind"", ""layer_x"": 5.0}",{},464486.28000011895,120.0,464606.280000119,3,-207321.9299999992,2025-04-06,-202837.5,19842.049999999697,738.8944444444444,4492.661845530805,15400,8.685843203609702,41829.97000000486,1342.1100000000006,19.036012170760475,32.0,32,0.5522622653192163,0.4571067547160296,0.4146575852919834,629.0784722222222,660.9340277777778,629.0784722222222,1102960.0,427374.75590186624,-60157.9500000003,2.240989556677004,1.0871168069337298,629.0784722222222,629.1104166666667,0.6130851663846588,8.685843203609702,187019.53000003131,-165219.8000000006,-129607.0599999961,-185973.079999998,407075.6000000837,-207321.9299999992,-129607.0599999961,7,8,-165219.8000000006,90.79930555555556,0.5079890376958478,870,0,99.90555555555557,-185973.079999998,629.0784722222222,0.963691720664482,412,0,640.0548611111111,-207321.9299999992,104.02847222222222,0.665618068158903,645,0,120.05208333333331,113.62702202796936,,,,,,,,,,,,,,,,
FACTORY_S1v2,F_deepest_prof5,F,layer_deepest_prof,BASE,"{""layer_exit"": ""deepest_prof"", ""layer_x"": 5.0}",{},464841.1300001002,148.75,464989.8800001002,3,-207387.7299999993,2025-04-06,-202663.75,19667.28999999977,740.5138888888889,4607.670553359682,13131,7.406091370558376,50446.37000000919,1352.0700000000006,19.075990205115417,32.0,32,0.5528254151478899,0.4567999641377223,0.4173122343599844,659.9625,738.7395833333334,659.9625,1102320.0,428421.32563998754,-60332.71000000023,2.242128210767829,1.085356522123369,659.9625,659.9715277777777,0.6068809926677947,7.406091370558376,186472.89000002755,-165296.23000000048,-132400.80999999726,-188507.1099999988,410763.33000006987,-207387.7299999993,-132400.80999999726,7,8,-165296.23000000048,90.79930555555556,0.5032145750383509,811,0,99.91041666666666,-188507.1099999988,639.1506944444444,0.972484591470075,278,0,715.05,-207387.7299999993,104.90555555555557,0.6653760838878806,564,0,120.00972222222222,26.31194281578064,,,,,,,,,,,,,,,,
FACTORY_S1v2,F_all_ind10,F,layer_all_ind,BASE,"{""layer_exit"": ""all_ind"", ""layer_x"": 10.0}",{},481505.26000006375,167.5,481672.7600000638,4,-206913.56999999957,2025-04-06,-202323.75,18091.0999999998,740.6951388888889,13801.649042583596,8221,4.636773829667231,23318.490000001337,1376.9700000000007,19.267487763398623,32.0,32,0.5620235290162249,0.4629259696123232,0.4189330412051966,659.9645833333333,738.7604166666666,659.9645833333333,1103760.0,432602.8044791424,-61908.9000000002,2.327893525785017,1.113429582547441,659.9645833333333,660.0472222222222,0.6001128031584885,4.636773829667231,193308.70000001707,-168607.9100000003,-134420.92999999854,-189646.49999999936,422679.9500000453,-206913.56999999957,-134420.92999999854,7,8,-168607.9100000003,99.84861111111113,0.5268628160711516,441,0,100.87430555555557,-189646.49999999936,639.1506944444444,0.9756231372607168,141,0,715.05625,-206913.56999999957,104.8951388888889,0.6633192175841903,363,0,119.99166666666666,114.7615728378296,,,,,,,,,,,,,,,,
FACTORY_S1v2,F_deepest_prof10,F,layer_deepest_prof,BASE,"{""layer_exit"": ""deepest_prof"", ""layer_x"": 10.0}",{},486083.59000005823,156.25,486239.8400000583,4,-205192.9699999996,2025-04-06,-200497.5,18145.769999999728,740.2826388888889,9074.912695457928,7559,4.263395375070502,29621.41000000028,1364.520000000001,19.14972360830548,32.0,32,0.5564914925151504,0.4603623771086599,0.4155261248287436,636.2701388888889,738.7409722222222,636.2701388888889,1101240.0,429522.8634697874,-61854.23000000027,2.369671046722796,1.1320464667982926,636.2701388888889,638.0493055555555,0.6080090242526791,4.263395375070502,190136.31000001557,-168727.95000000027,-131771.46999999846,-187910.7699999993,427826.8500000412,-205192.9699999996,-131771.46999999846,7,8,-168727.95000000027,99.84861111111113,0.5237602771601427,417,0,100.875,-187910.7699999993,636.2701388888889,0.9700726066734876,151,0,715.05,-205192.9699999996,99.22777777777776,0.6501109094575519,333,0,119.89305555555556,26.797895431518555,,,,,,,,,,,,,,,,
FACTORY_S1v2,F_partial10,F,layer_partial,BASE,"{""layer_exit"": ""partial"", ""layer_x"": 10.0}",{},484637.59000005847,156.25,484793.8400000585,4,-205184.2099999996,2025-04-06,-200496.25,18278.329999999754,740.3368055555555,1852.7282252533716,7584,4.277495769881557,29707.410000000316,1364.520000000001,19.16439071951496,32.0,32,0.556536320362209,0.4611104418064501,0.4173920839625575,659.9520833333333,738.7409722222222,659.9520833333333,1101960.0,429963.8103372315,-61721.670000000246,2.362724889990607,1.1275224294338224,659.9520833333333,662.8708333333333,0.6040609137055838,4.277495769881557,190333.95000001567,-168664.18000000023,-132066.45999999845,-188205.75999999925,426478.2000000413,-205184.2099999996,-132066.45999999845,7,8,-168664.18000000023,99.84861111111113,0.5286553941086234,415,0,100.875,-188205.75999999925,639.1375,0.973191382096944,151,0,715.05,-205184.2099999996,99.22777777777776,0.6501109094575519,336,0,119.89305555555556,26.83334827423096,,,,,,,,,,,,,,,,
FACTORY_S1v2,F_all_ind15,F,layer_all_ind,BASE,"{""layer_exit"": ""all_ind"", ""layer_x"": 15.0}",{},499788.53000004543,267.5,500056.03000004543,4,-203811.17999999964,2025-04-06,-199418.75,20089.079999999725,740.9208333333333,404146.6370967742,5809,3.2763677382966723,17073.96999999892,1349.5800000000008,19.0649079208004,32.0,32,0.5533269266868579,0.4562872456369897,0.4138072570680907,660.0548611111111,740.7451388888888,660.0548611111111,1102320.0,427191.5324627158,-59910.92000000028,2.4535260038239626,1.170566343198034,660.0548611111111,660.125,0.5893965031020869,3.2763677382966723,196486.4900000122,-167658.0500000002,-135067.06999999902,-190616.7899999996,438602.2200000322,-203811.17999999964,-135067.06999999902,7,8,-167658.0500000002,99.83194444444445,0.5156764396642364,321,0,100.87291666666668,-190616.7899999996,639.2409722222222,0.9790780089263208,89,0,715.05625,-203811.17999999964,99.21944444444443,0.6421254285138133,258,0,119.83680555555556,113.95632886886597,,,,,,,,,,,,,,,,
FACTORY_S1v2,G_basket5.0,G,basket_pts,BASE,"{""basket_tp"": 5.0}",{},387816.6900000859,66.25,387882.94000008586,1,-204875.18999999997,2025-04-06,-198221.25,11191.370000000255,448.2381944444445,2.5101070723468126,11812,6.662154540327129,32443.31000000708,1043.3100000000006,14.962951185276294,32.0,32,0.4087599216633372,0.3549580999717024,0.3342966650883529,447.1673611111111,447.2527777777778,447.1673611111111,1078120.0,326631.442752738,-68808.62999999974,1.893264577326742,1.18752480389255,447.1673611111111,447.1680555555556,0.6339537507050197,6.662154540327129,122251.39000001224,-164717.01999999996,-89489.55999999784,-149190.45999999985,355169.23000007146,-204875.18999999997,-89489.55999999784,7,8,-164717.01999999996,99.08333333333331,0.4648120378509747,684,0,100.8951388888889,-149190.45999999985,447.1673611111111,0.7830449331020201,810,0,447.2527777777778,-204875.18999999997,120.99583333333334,0.6859044162129462,377,0,121.99652777777776,23.23587965965271,,,,,,,,,,,,,,,,
FACTORY_S1v2,G_basket15.0,G,basket_pts,BASE,"{""basket_tp"": 15.0}",{},457923.6200000415,526.25,458449.8700000416,5,-203938.30999999988,2025-04-06,-197158.75,17587.360000000044,448.2576388888889,3.7120221526736974,5306,2.992667794698252,15660.12999999903,1222.5900000000004,16.257600421381763,32.0,32,0.4542882038322205,0.3862717520123501,0.3602211693904253,447.9020833333333,447.9916666666667,447.9020833333333,1083640.0,356009.4562189532,-62412.63999999996,2.247983078804771,1.2877463280584474,447.9020833333333,447.90277777777777,0.5606316976875353,2.992667794698252,147330.05000000808,-168005.18000000005,-83726.55999999854,-148332.2899999998,394877.000000032,-203938.30999999988,-83726.55999999854,7,8,-168005.18000000005,139.86805555555554,0.6549287277866832,170,0,140.85555555555555,-148332.2899999998,447.9020833333333,0.8018119541525185,414,0,447.9916666666667,-203938.30999999988,121.01041666666669,0.6863278886872354,200,0,122.01597222222222,22.61644721031189,,,,,,,,,,,,,,,,
FACTORY_S1v2,G_basket10.0,G,basket_pts,BASE,"{""basket_tp"": 10.0}",{},422270.5500000519,75.0,422345.5500000519,1,-203938.30999999988,2025-04-06,-197158.75,11160.980000000272,448.25208333333336,3.0775473048223816,7003,3.949802594472645,20119.449999999382,1217.6100000000008,15.964814342669666,32.0,32,0.4428655080536029,0.3800056595156911,0.3560886022397113,447.15833333333336,447.2479166666666,447.15833333333336,1078120.0,348032.9590424072,-68839.01999999973,2.0709475821391874,1.213521705421554,447.15833333333336,447.1590277777778,0.5910885504794134,3.949802594472645,122121.77000000724,-169304.56,-83936.83999999822,-148277.92999999982,384199.9900000428,-203938.30999999988,-83936.83999999822,7,8,-169304.56,140.84305555555557,0.6612889325542514,221,0,140.8840277777778,-148277.92999999982,447.15833333333336,0.7976601770436381,510,0,447.2479166666666,-203938.30999999988,120.98958333333331,0.6857229280096794,254,0,121.99513888888887,22.99669122695923,,,,,,,,,,,,,,,,
FACTORY_S1v2,G_basket30.0,G,basket_pts,BASE,"{""basket_tp"": 30.0}",{},450935.3500000214,560.0,451495.3500000214,4,-203938.30999999988,2025-04-06,-197158.75,14851.359999999986,660.9430555555556,6.777800687311564,2744,1.547659334461365,8982.149999999589,1342.1100000000006,19.13198438870226,32.0,32,0.5488007150041606,0.4941905911952505,0.4626668086215157,732.7270833333333,733.8541666666666,732.7270833333333,1109800.0,425640.6903383382,-65148.640000000014,2.2138819822524844,1.0607429229595775,732.7270833333333,732.7277777777778,0.3671742808798646,1.547659334461365,166404.85000000533,-169304.56000000008,-123484.4599999995,-183999.36,408596.8300000156,-203938.30999999988,-123484.4599999995,7,8,-169304.56000000008,146.0548611111111,0.6874881500249926,104,0,146.09583333333333,-183999.36,709.0388888888889,0.980135723570726,37,0,710.1659722222222,-203938.30999999988,121.14027777777778,0.6900988102440008,137,0,122.14583333333331,22.34010052680969,,,,,,,,,,,,,,,,
FACTORY_S1v2,G_basket20.0,G,basket_pts,BASE,"{""basket_tp"": 20.0}",{},456512.1800000311,628.75,457140.93000003113,7,-202952.67999999988,2025-04-06,-196083.75,20634.04999999976,665.0402777777778,4.587836133982948,3991,2.250987027636774,12176.569999999318,1334.6400000000008,17.944444288792198,32.0,32,0.5119592290731002,0.4505422768623869,0.4263674594658201,728.9458333333333,730.11875,728.9458333333333,1094080.0,395389.6594134277,-59365.95000000024,2.252450817599607,1.1561782639389542,728.9458333333333,728.9465277777778,0.4720812182741117,2.250987027636774,163232.7400000072,-168005.18000000008,-123282.52999999945,-183999.36,417245.71000002336,-202952.67999999988,-123282.52999999945,7,8,-168005.18000000008,144.98402777777778,0.6787493320923178,123,0,145.97152777777777,-183999.36,708.0659722222222,0.9781191461178412,43,0,709.2388888888889,-202952.67999999988,121.00416666666666,0.6861464004839686,179,0,121.02847222222222,22.6127724647522,,,,,,,,,,,,,,,,
FACTORY_S1v2,G_basketdatr0.4,G,basket_datr,BASE,"{""basket_atr_k"": 0.4, ""basket_tp_mode"": ""datr""}",{},471844.7900000279,560.0,472404.790000028,4,-204875.1899999999,2025-04-06,-198203.75,19580.319999999974,666.7208333333333,5.667457918702008,3823,2.156232374506486,11885.209999999352,1317.2100000000007,17.971177095211544,32.0,32,0.5110542669106048,0.4558907993645653,0.4278075540525775,728.9395833333333,730.1125,728.9395833333333,1095520.0,399144.3451422024,-60419.68000000002,2.305817458912561,1.1835437373708133,728.9395833333333,728.9402777777777,0.4782853919909757,2.156232374506486,163401.9900000078,-166679.55000000008,-122716.26999999944,-183999.36,431767.1900000196,-204875.1899999999,-122716.26999999944,7,8,-166679.55000000008,137.99375,0.6440870779254356,183,0,138.98333333333332,-183999.36,708.0659722222222,0.9781191461178412,45,0,709.2388888888889,-204875.1899999999,121.16597222222222,0.6908449284129865,168,0,122.16666666666669,25.293556451797485,,,,,,,,,,,,,,,,
FACTORY_S1v2,G_basketdatr0.25,G,basket_datr,BASE,"{""basket_atr_k"": 0.25, ""basket_tp_mode"": ""datr""}",{},445686.6000000394,628.75,446315.3500000394,7,-203938.30999999988,2025-04-06,-197158.75,12445.400000000487,670.9416666666667,3.9079210526059,5310,2.99492385786802,15944.649999999026,1329.6600000000003,17.47294919604058,32.0,32,0.4923134250996719,0.4413693786580223,0.4171735482081469,728.9152777777778,730.0881944444444,728.9152777777778,1107960.0,385604.9318091399,-67554.59999999951,2.1884821444290665,1.1574420169007305,728.9152777777778,728.9159722222222,0.5352509870276367,2.99492385786802,150092.44000001124,-168005.18,-123899.3599999994,-183999.36,420161.6400000276,-203938.30999999988,-123899.3599999994,7,8,-168005.18,137.99722222222223,0.6441732595618526,248,0,138.98472222222222,-183999.36,708.0659722222222,0.978114203526045,48,0,709.2388888888889,-203938.30999999988,121.01041666666669,0.6863278886872354,211,0,122.01597222222222,25.452685356140137,,,,,,,,,,,,,,,,
FACTORY_S1v2,G_basketdatr0.6,G,basket_datr,BASE,"{""basket_atr_k"": 0.6, ""basket_tp_mode"": ""datr""}",{},459374.7900000186,560.0,459934.79000001866,4,-202114.53999999983,2025-04-06,-194950.0,27276.799999999406,751.0534722222222,9.019030237927575,2676,1.509306260575296,8716.459999999603,1371.9900000000007,19.27919903844268,32.0,32,0.5568543179022809,0.5010506526654358,0.4770187240313683,750.2319444444445,753.1930555555556,750.2319444444445,1111160.0,433373.5888421388,-52723.200000000594,2.275614559942194,1.0612893859749148,750.2319444444445,750.2326388888889,0.3919909757473209,1.509306260575296,174102.1800000053,-166679.55000000008,-141156.0299999998,-199919.03999999992,427010.5100000132,-202114.53999999983,-141156.0299999998,7,8,-166679.55000000008,144.99652777777777,0.6790595859834186,125,0,145.98611111111111,-199919.03999999992,718.2951388888889,0.9898726294094096,5,0,721.25625,-202114.53999999983,121.04097222222222,0.6872151643476507,131,0,121.06388888888888,25.976518630981445,,,,,,,,,,,,,,,,
FACTORY_S1v2,G_reclaim_vwap,G,reclaim_exit,BASE,"{""reclaim_exit"": ""vwap"", ""reclaim_min"": 5.0}",{},471361.4900000391,603.75,471965.2400000391,5,-203938.30999999988,2025-04-06,-197158.75,12564.980000000302,448.2576388888889,3.9813589419397126,5225,2.946982515510434,18949.759999999045,1205.1600000000008,16.153788933685604,32.0,32,0.4543204238472939,0.383633913386996,0.3561292274761081,447.9020833333333,447.9916666666667,447.9020833333333,1078120.0,353830.43376020185,-67435.0199999997,2.314254933268984,1.333874067825097,447.9020833333333,447.90277777777777,0.562887760857304,2.946982515510434,144994.34000000748,-168005.18,-84634.55999999843,-148332.2899999998,411644.83000003005,-203938.30999999988,-84634.55999999843,7,8,-168005.18,139.82708333333332,0.6539117844769636,179,0,140.81458333333333,-148332.2899999998,447.9020833333333,0.8000425062894481,409,0,447.9916666666667,-203938.30999999988,120.96944444444443,0.6851381326880419,196,0,121.975,23.788333654403687,,,,,,,,,,,,,,,,
FACTORY_S1v2,G_scale_10_20_30,G,scale_out,BASE,"{""basket_tp"": 30.0, ""scale_out"": [10.0, 20.0, 30.0]}",{},409033.6300000337,457.5,409491.1300000337,3,-203938.30999999988,2025-04-06,-197083.75,16041.020000000077,449.2597222222222,3.360777258772706,4326,2.439932318104907,13856.369999999242,1177.770000000001,15.271641343602646,32.0,32,0.4202316478996752,0.3648286315459163,0.3404268731736155,447.15833333333336,447.2479166666666,447.15833333333336,1078120.0,334938.7432933338,-63958.97999999992,2.007916658719168,1.2225851389231734,447.15833333333336,447.15972222222223,0.5408911449520587,2.439932318104907,143142.91000000684,-161855.76999999996,-89070.91999999853,-148637.09999999963,355441.01000002533,-203938.30999999988,-89070.91999999853,7,8,-161855.76999999996,99.06805555555556,0.4644328386507403,249,0,100.87430555555557,-148637.09999999963,447.15833333333336,0.7988562842583394,346,0,447.2479166666666,-203938.30999999988,120.98958333333331,0.6857229280096794,159,0,121.99513888888887,40.623008012771606,,,,,,,,,,,,,,,,
FACTORY_S1v2,G_reclaim_prevclose,G,reclaim_exit,BASE,"{""reclaim_exit"": ""prev_close"", ""reclaim_min"": 5.0}",{},470170.4400000359,86.25,470256.6900000359,1,-202952.67999999988,2025-04-06,-196031.25,18755.91000000006,448.2576388888889,4.2000051592056185,4741,2.673998871968415,17024.559999999154,1220.1000000000006,16.53995001695053,32.0,32,0.468637317501632,0.3962235340593577,0.3658778833411315,447.9013888888889,447.99097222222224,447.9013888888889,1078120.0,362961.2766147831,-61244.08999999994,2.3170755370169847,1.2956111858156352,447.9013888888889,447.9020833333333,0.5380710659898477,2.673998871968415,153839.12000000756,-166679.55000000008,-85442.2399999986,-148332.2899999998,401899.1800000269,-202952.67999999988,-85442.2399999986,7,8,-166679.55000000008,139.82361111111112,0.6538256028405467,164,0,140.81319444444443,-148332.2899999998,447.9013888888889,0.8030871428359603,361,0,447.99097222222224,-202952.67999999988,120.96597222222222,0.6850373059084492,187,0,120.99027777777778,22.10060310363769,,,,,,,,,,,,,,,,
FACTORY_S1v2,G_scale_5_15_25,G,scale_out,BASE,"{""scale_out"": [5.0, 15.0, 25.0]}",{},382019.36000003805,457.5,382476.86000003805,3,-204875.1899999999,2025-04-06,-198221.25,15296.840000000171,463.9993055555556,2.9234994553368705,5049,2.8477157360406093,15786.889999999086,1115.520000000001,14.942889322847352,32.0,32,0.4086786711905436,0.3570005687533095,0.3337783431067379,447.1381944444444,447.22777777777776,447.1381944444444,1083640.0,326741.0276538786,-64703.15999999983,1.866877390083388,1.1705810646014163,447.1381944444444,447.13958333333335,0.5634517766497462,2.8477157360406093,130906.9100000062,-161991.38999999996,-86401.52999999851,-150703.35999999964,338026.4700000304,-204875.1899999999,-86401.52999999851,7,8,-161991.38999999996,99.07291666666669,0.464553492941724,292,0,100.87916666666666,-150703.35999999964,447.1381944444444,0.7775487710245499,459,0,447.22777777777776,-204875.1899999999,120.99583333333334,0.6859044162129462,179,0,121.99652777777776,40.63936495780945,,,,,,,,,,,,,,,,
FACTORY_S1v2,G_invpartial16,G,inventory_partial_exit,BASE,"{""layer_exit"": ""newest_prof"", ""layer_min_qty"": 16, ""layer_x"": 5.0}",{},466204.6900000485,560.0,466764.6900000485,4,-202294.36999999912,2025-04-06,-198513.75,19975.279999999504,741.5958333333333,24.243706490305375,6681,3.7681895093062607,24115.30999999887,1334.6400000000006,18.930088170771683,32.0,32,0.523575244942158,0.4469588508381406,0.4070662695666548,659.9625,738.7395833333334,659.9625,1101240.0,423256.55389603024,-60024.720000000496,2.3073538329319323,1.1027937682323654,659.9625,659.9715277777777,0.4811054709531867,3.7681895093062607,192678.80000001236,-165453.26000000042,-133190.57999999763,-188598.24999999863,407331.4600000338,-202294.36999999912,-133190.57999999763,7,8,-165453.26000000042,89.19166666666666,0.4914249271765172,491,0,99.90277777777776,-188598.24999999863,639.1506944444444,0.972484591470075,238,0,715.05,-202294.36999999912,98.12847222222224,0.6205888283928211,316,0,117.88680555555555,25.050719499588013,,,,,,,,,,,,,,,,
FACTORY_S1v2,H_res4_E,H,reserve_emergency,BASE,"{""core_cap"": 28, ""emerg_cap"": 4, ""emerg_step"": 20.0, ""emerg_tp"": 10.0}",{},468453.2200000264,560.0,469013.2200000264,4,-202878.6999999997,2025-04-06,-197436.25,18009.559999999823,747.1993055555556,6.983766435578038,3537,1.9949238578680204,11029.279999999417,1327.1700000000003,18.636614264781283,32.0,32,0.5473858360813737,0.4924423051599653,0.3505915874941513,617.7680555555555,756.0361111111112,617.7680555555555,1034920.0,413482.6925268477,-61990.44000000018,2.3117913314706136,1.1342995208186932,617.7680555555555,617.9152777777778,0.4794134235758601,1.709531866892273,174065.51000000583,-165388.61000000025,-137806.2299999994,-194328.61999999956,432808.93000002,-202878.6999999997,-137806.2299999994,7,8,-165388.61000000025,83.87847222222223,0.4431287381284796,186,0,146.8138888888889,-194328.61999999956,617.7680555555555,0.9409212002589918,64,0,721.25625,-202878.6999999997,73.925,0.5175035289372858,232,0,122.97569444444444,24.906723022460938,,,,,,,,,0.2853919909757473,30953.81,0.0,0.0,0.3505915874941513,617.7680555555555,2.504216619363949,4.0
FACTORY_S1v2,H_res8_E,H,reserve_emergency,BASE,"{""core_cap"": 24, ""emerg_cap"": 8, ""emerg_step"": 20.0, ""emerg_tp"": 10.0}",{},440876.7900000276,560.0,441436.7900000276,4,-199330.9299999994,2025-04-06,-195205.0,19947.390000000072,739.9763888888889,9.076962813313996,3781,2.132543711223914,11450.709999999362,1297.2900000000006,18.484537194505226,32.0,32,0.5657834646882643,0.4283889151941186,0.322697459661942,461.9458333333333,660.9541666666667,461.9458333333333,1078120.0,411813.6585336811,-60052.60999999993,2.2145925371442803,1.0719333389082424,461.9458333333333,461.9875,0.5166384658770445,1.5256627185561196,167283.60000000545,-161222.06000000003,-131066.54999999852,-186456.49999999872,405292.2300000207,-199330.9299999994,-131066.54999999852,7,8,-161222.06000000003,72.94166666666666,0.3697881655376872,258,0,99.86458333333331,-186456.49999999872,461.9458333333333,0.9058535114643416,162,0,640.0583333333333,-199330.9299999994,67.9576388888889,0.4197015527324057,299,0,103.22430555555556,25.563510417938232,,,,,,,,,0.6068809926677947,66519.51,0.0,0.0,0.322697459661942,461.9458333333333,5.035614323617831,8.0
FACTORY_S1v2,H_res8_E_step40,H,reserve_emergency,BASE,"{""core_cap"": 24, ""emerg_cap"": 8, ""emerg_step"": 40.0, ""emerg_tp"": 15.0}",{},437871.6700000254,560.0,438431.6700000254,4,-191006.88999999917,2025-04-06,-190748.75,26174.72000000009,737.1152777777778,9.021569848790948,3405,1.9204737732656516,10458.329999999443,1269.9000000000003,18.09698924972193,32.0,32,0.5657834646882643,0.4156480005379341,0.2379938417745103,419.175,660.1902777777777,419.175,1034920.0,402848.53125586617,-53825.27999999991,2.295370968031716,1.0883288282899533,419.175,419.2291666666667,0.5617597292724196,1.5256627185561196,164484.69000000553,-154525.90000000002,-124799.13999999862,-179971.52999999875,398818.6100000185,-191006.88999999917,-124799.13999999862,7,8,-154525.90000000002,24.729166666666668,0.143268352379475,241,0,92.22013888888888,-179971.52999999875,419.175,0.7282909011827622,183,0,639.3111111111111,-191006.88999999917,22.15486111111111,0.2828594474692478,287,0,99.09097222222222,24.820961713790894,,,,,,,,,0.3948110547095319,63486.99999999999,0.0,0.0,0.2379938417745103,419.175,5.423162268401131,8.0
FACTORY_S1v2,H_dyncap_vol,H,dynamic_core_cap,BASE,"{""dyn_alloc"": ""vol""}",{},439283.2300000247,560.0,439843.2300000247,4,-204875.1899999999,2025-04-06,-198221.25,21409.870000000024,660.9222222222222,5.860191763408404,3167,1.7862380146644106,10001.769999999497,1317.2100000000005,18.330081446594622,32.0,32,0.5353579643674651,0.4613696027972576,0.3616416517940944,658.0291666666667,729.9847222222222,658.0291666666667,1108200.0,404241.5179286873,-56090.129999999976,2.1468838174111022,1.0880703997297425,658.0291666666667,658.0298611111111,0.4083474337281444,1.7862380146644106,166700.81000000623,-163355.8200000001,-121700.7199999995,-182745.6,394906.88000001793,-204875.1899999999,-121700.7199999995,7,8,-163355.8200000001,59.15694444444444,0.2761431994070703,109,0,145.97152777777777,-182745.6,637.1506944444444,0.8786396010339902,39,0,709.10625,-204875.1899999999,121.16597222222222,0.6908449284129865,151,0,122.16666666666669,20.610074281692505,,,,,,,,,,,,,,,,
FACTORY_S1v2,H_res8_E_step80,H,reserve_emergency,BASE,"{""core_cap"": 24, ""emerg_cap"": 8, ""emerg_step"": 80.0, ""emerg_tp"": 20.0}",{},435523.3800000244,560.0,436083.38000002434,4,-180534.79999999944,2025-04-06,-181105.0,35927.24999999997,705.9847222222222,8.977719954553258,3222,1.8172588832487309,9920.369999999484,1217.6100000000004,17.416079468565872,32.0,32,0.5657834646882643,0.3879009640788858,0.0946399903620128,58.78055555555556,635.2236111111112,58.78055555555556,905555.0,387643.6210796647,-44072.75000000003,2.415508699707899,1.1249595150964828,58.78055555555556,63.81944444444444,0.5854483925549916,1.5256627185561196,161446.5000000056,-144773.37000000014,-114493.02999999876,-170673.039999999,389202.4000000175,-180534.79999999944,-114493.02999999876,7,8,-144773.37000000014,3.839583333333333,0.015685057827878,204,0,89.93263888888889,-170673.039999999,58.78055555555556,0.3236458534126125,187,0,635.2236111111112,-180534.79999999944,2.763888888888889,0.0235329703569268,287,0,93.92361111111111,23.057498455047607,,,,,,,,,0.2915961646926114,61086.42,0.0,0.0,0.0946399903620128,58.78055555555556,6.1040720495571845,8.0
FACTORY_S1v2,H_dyncap_dd,H,dynamic_core_cap,BASE,"{""dyn_alloc"": ""dd""}",{},479737.3100000273,560.0,480297.3100000273,4,-204875.1899999999,2025-04-06,-198221.25,16760.51000000001,617.9534722222222,5.473866046002617,3439,1.939650310208686,10700.189999999437,1344.6000000000006,18.122979594924367,32.0,32,0.516988353164986,0.4548121292947178,0.4196124632621785,616.0604166666667,621.1097222222222,616.0604166666667,1108200.0,398709.56690170936,-63239.48999999999,2.3443410107394045,1.2046295094755806,616.0604166666667,616.0611111111111,0.4376762549351382,1.939650310208686,170134.05000000633,-168005.18000000008,-107072.2599999992,-171023.68999999994,417290.51000002015,-204875.1899999999,-107072.2599999992,7,8,-168005.18000000008,145.00694444444446,0.6793181308926693,109,0,145.99444444444444,-171023.68999999994,616.0604166666667,0.944311818231244,121,0,621.1097222222222,-204875.1899999999,121.16597222222222,0.6908449284129865,151,0,122.16666666666669,24.08079171180725,,,,,,,,,,,,,,,,
FACTORY_S1v2,I_S1,I,state_inv,BASE,"{""state"": {""mult"": [1.0, 1.5, 3.0, Infinity], ""t"": [8, 16, 24]}}",{},342456.07000001747,560.0,343016.07000001747,4,-153667.80999999994,2025-04-06,-148648.75,51837.57000000012,747.2166666666667,6.452025384321641,2433,1.3722504230118444,7827.679999999656,1050.78,14.958618293684037,24.0,24,0.5392509827104598,0.0,0.0,0.0,0.0,0.0,826470.0,335586.3856952939,-8162.429999999877,2.232192090197795,1.0221394091698035,741.1701388888889,741.1708333333333,0.3784545967287084,1.3722504230118444,137424.41000000434,-125171.54999999996,-104755.74999999988,-148179.27000000002,310419.900000013,-153667.80999999994,-104755.74999999988,7,8,-125171.54999999996,0.0,0.0,105,0,0.0,-148179.27000000002,0.0,0.0,8,0,0.0,-153667.80999999994,0.0,0.0,139,0,0.0,24.773696899414062,,,,,,,,,,,,,,,,
FACTORY_S1v2,H_dyncap_age,H,dynamic_core_cap,BASE,"{""dyn_alloc"": ""age""}",{},468067.5800000267,560.0,468627.5800000266,4,-204875.1899999999,2025-04-06,-198221.25,14836.730000000156,622.0944444444444,5.578480858435463,3362,1.8962210941906372,10449.919999999454,1292.3100000000006,17.444710454134107,32.0,32,0.5240039112296558,0.449013927451733,0.1666741379745097,145.00694444444446,622.0145833333333,145.00694444444446,1108200.0,384844.9147272786,-65163.26999999984,2.287380819512733,1.2177050080864933,621.8173611111112,621.8180555555556,0.4292160180485053,1.8962210941906372,158528.4100000058,-168005.17999999996,-97701.73999999923,-156691.88999999996,407855.9000000201,-204875.1899999999,-97701.73999999923,7,8,-168005.17999999996,145.00694444444446,0.6793181308926693,109,0,145.99444444444444,-156691.88999999996,68.00555555555556,0.0980165379121503,114,0,622.0145833333333,-204875.1899999999,121.16597222222222,0.6908449284129865,151,0,122.16666666666669,30.15044069290161,,,,,,,,,,,,,,,,
FACTORY_S1v2,I_S2,I,state_inv_strong,BASE,"{""state"": {""mult"": [1.0, 2.0, 4.0, Infinity], ""t"": [8, 16, 24]}}",{},333922.8100000169,560.0,334482.8100000169,4,-150786.54999999993,2025-04-06,-145500.0,50914.80000000005,742.0180555555555,5.946811117243608,2371,1.3372814438804286,7558.439999999669,1015.92,14.463849143087684,24.0,24,0.5106732302106068,0.0,0.0,0.0,0.0,0.0,825930.0,324937.59096375667,-9085.199999999952,2.2182536174480885,1.0293755456484714,738.9652777777778,738.9659722222223,0.3852227862380146,1.3372814438804286,139686.8700000043,-122721.55,-102350.74999999988,-144726.13,297219.18000001245,-150786.54999999993,-102350.74999999988,7,8,-122721.55,0.0,0.0,200,0,0.0,-144726.13,0.0,0.0,8,0,0.0,-150786.54999999993,0.0,0.0,119,0,0.0,23.589348077774048,,,,,,,,,,,,,,,,
FACTORY_S1v2,I_S3_dd,I,state_inv_dd,BASE,"{""state"": {""dd"": 50000.0, ""mult"": [1.0, 1.5, 3.0, Infinity], ""t"": [8, 16, 24]}}",{},342456.07000001747,560.0,343016.07000001747,4,-153667.80999999994,2025-04-06,-148648.75,51837.57000000012,747.2166666666667,6.452025384321641,2433,1.3722504230118444,7827.679999999656,1050.78,14.958618293684037,24.0,24,0.5392509827104598,0.0,0.0,0.0,0.0,0.0,826470.0,335586.3856952939,-8162.429999999877,2.232192090197795,1.0221394091698035,741.1701388888889,741.1708333333333,0.3784545967287084,1.3722504230118444,137424.41000000434,-125171.54999999996,-104755.74999999988,-148179.27000000002,310419.900000013,-153667.80999999994,-104755.74999999988,7,8,-125171.54999999996,0.0,0.0,105,0,0.0,-148179.27000000002,0.0,0.0,8,0,0.0,-153667.80999999994,0.0,0.0,139,0,0.0,26.49586176872253,,,,,,,,,,,,,,,,
FACTORY_S1v2,I_S5_rec,I,state_rec,BASE,"{""core_cap"": 24, ""rec_activation"": ""state"", ""rec_anchor"": ""runhigh"", ""rec_cap"": 8, ""rec_spacing"": ""ladder"", ""rec_step"": 5.0, ""rec_tp"": 3.0, ""state"": {""mult"": [1.0, 1.5, 3.0, Infinity], ""rec_tp"": {""CRITICAL"": 2.5, ""ELEVATED"": 4.0, ""HIGH"": 3.0}, ""t"": [8, 16, 24]}}",{},401154.8500000577,560.0,401714.8500000577,4,-158270.22999999986,2025-04-06,-153695.0,51023.52000000028,758.8298611111111,14.015081113034087,7542,4.253807106598985,20900.150000000245,1098.09,16.264718242972535,24.0,24,0.6066944786101126,0.0,0.0,0.0,0.0,0.0,839040.0,367097.5135324064,-8976.47999999972,2.5381579972434367,1.0943001115277111,746.2118055555555,746.2194444444444,0.4331641285956006,1.1624365482233503,159630.53000001423,-130976.2099999999,-109229.1899999996,-150566.99999999965,351368.5000000431,-158270.22999999986,-109229.1899999996,7,8,-130976.2099999999,0.0,0.0,272,206,0.0,-150566.99999999965,0.0,0.0,38,32,0.0,-158270.22999999986,0.0,0.0,387,277,0.0,26.864410877227783,3.0913705583756346,116338.55999999995,0.0,0.0,0.5643713875059186,746.2118055555555,3.028439066348015,8.0,,,,,,,,
FACTORY_S1v2,I_S4_age,I,state_inv_age,BASE,"{""state"": {""age"": 20.0, ""mult"": [1.0, 1.5, 3.0, Infinity], ""t"": [8, 16, 24]}}",{},341237.21000001737,560.0,341797.21000001737,4,-153667.80999999994,2025-04-06,-148648.75,51562.560000000114,747.2166666666667,6.712251861414877,2422,1.3660462492949803,7771.539999999658,1050.78,14.913812860548973,24.0,24,0.5252632935579582,0.0,0.0,0.0,0.0,0.0,813240.0,334597.2504034506,-8437.439999999886,2.2242603053952386,1.0215182867996828,741.1701388888889,741.1708333333333,0.3756345177664975,1.3660462492949803,135868.06000000425,-125171.54999999996,-104755.74999999988,-148179.27000000002,310757.390000013,-153667.80999999994,-104755.74999999988,7,8,-125171.54999999996,0.0,0.0,105,0,0.0,-148179.27000000002,0.0,0.0,8,0,0.0,-153667.80999999994,0.0,0.0,139,0,0.0,27.58540678024292,,,,,,,,,,,,,,,,
FACTORY_S1v2,I_S7_rec_emerg,I,state_rec_emerg,BASE,"{""core_cap"": 20, ""emerg_access"": ""critical"", ""emerg_cap"": 4, ""rec_activation"": ""state"", ""rec_anchor"": ""runhigh"", ""rec_cap"": 8, ""rec_spacing"": ""ladder"", ""rec_step"": 5.0, ""rec_tp"": 3.0, ""state"": {""mult"": [1.0, 1.5, 3.0, Infinity], ""rec_tp"": {""CRITICAL"": 2.5, ""ELEVATED"": 4.0, ""HIGH"": 3.0}, ""t"": [8, 16, 24]}}",{},438120.41000006336,560.0,438680.41000006336,4,-180074.9299999996,2025-04-06,-175893.75,35071.44000000012,754.9659722222223,15.215139870197142,8173,4.609701071630005,22674.59000000126,1222.59,17.847631548718063,28.0,28,0.6066944786101126,0.4220093522095926,0.0,0.0,660.9513888888889,0.0,958405.0,401275.4722806307,-34928.55999999988,2.4360992948883244,1.0932151110728083,623.0041666666667,624.1944444444445,0.5273547659334461,1.1624365482233503,171037.5100000156,-147163.33000000007,-121932.20999999905,-169885.05999999912,389630.1000000468,-180074.9299999996,-121932.20999999905,7,8,-147163.33000000007,0.0,0.0,354,206,90.81388888888888,-169885.05999999912,0.0,0.0,100,32,640.05625,-180074.9299999996,0.0,0.0,469,277,99.03680555555556,32.539565563201904,3.0913705583756346,116338.55999999995,0.0,0.0,0.5643713875059186,746.2118055555555,3.028439066348015,8.0,0.3558939650310209,37090.06,0.0,0.0,0.3697078625242,623.0041666666667,2.417086694254471,4.0
FACTORY_S1v2,J_age_coreoff10,J,age_core_off,BASE,"{""state"": {""age"": 10.0, ""mult"": [1, 1, 1, Infinity], ""t"": [1, 33, 33]}}",{},447346.1800000251,560.0,447906.1800000251,4,-202952.67999999988,2025-04-06,-196083.75,4943.580000000045,622.0944444444444,5.795993341050508,3231,1.822335025380711,10037.56999999948,1269.9000000000003,16.96246088069909,32.0,32,0.5010884761613914,0.4331462704632117,0.1663547395642172,145.00694444444446,622.0145833333333,145.00694444444446,1108200.0,375668.00461096433,-75056.41999999995,2.206948831619397,1.1922925947975511,621.8173611111112,621.8180555555556,0.4055273547659334,1.822335025380711,141998.45000000438,-168005.17999999996,-97701.73999999918,-156691.89,403664.4600000199,-202952.67999999988,-97701.73999999918,7,8,-168005.17999999996,145.00694444444446,0.6793181308926693,104,0,145.99444444444444,-156691.89,68.00555555555556,0.0980165379121503,114,0,622.0145833333333,-202952.67999999988,121.00763888888888,0.6862472272635612,135,0,121.03194444444443,29.41595149040222,,,,,,,,,,,,,,,,
FACTORY_S1v2,J_age_coreoff20,J,age_core_off,BASE,"{""state"": {""age"": 20.0, ""mult"": [1, 1, 1, Infinity], ""t"": [1, 33, 33]}}",{},468765.4000000268,560.0,469325.4000000268,4,-204875.1899999999,2025-04-06,-198221.25,14931.700000000215,617.9534722222222,5.53317737791434,3373,1.902425267907501,10489.599999999453,1344.6000000000006,18.175289489831084,32.0,32,0.5240487390767145,0.448495605470118,0.4196124632621785,616.0604166666667,621.1097222222222,616.0604166666667,1108200.0,400037.0845614296,-65068.299999999785,2.290786893230103,1.1732047305428188,616.0604166666667,616.0611111111111,0.4297800338409475,1.902425267907501,159162.14000000583,-168005.17999999996,-107072.2599999992,-171023.68999999994,417290.51000002015,-204875.1899999999,-107072.2599999992,7,8,-168005.17999999996,145.00694444444446,0.6793181308926693,109,0,145.99444444444444,-171023.68999999994,616.0604166666667,0.944311818231244,121,0,621.1097222222222,-204875.1899999999,121.16597222222222,0.6908449284129865,151,0,122.16666666666669,28.714812517166138,,,,,,,,,,,,,,,,
FACTORY_S1v2,I_S6_recovexit,I,state_recovery_exit,BASE,"{""state"": {""mult"": [1.0, 1.5, 3.0, Infinity], ""rec_exit_x"": 5.0, ""recovery_exit"": ""all_ind"", ""t"": [8, 16, 24]}}",{},312952.6300000158,560.0,313512.6300000158,4,-130137.2099999999,2025-04-06,-125145.0,73601.9200000001,757.9298611111111,8.701108389313958,2291,1.2921601804850535,7209.869999999687,859.0500000000001,12.433876123848137,21.0,24,0.4865376371802163,0.0,0.0,0.0,0.0,0.0,794580.0,281396.9877192712,26101.9200000001,2.4090929104751515,1.1141293037322202,663.7472222222223,750.925,0.3835307388606881,1.2921601804850535,131615.30000000377,-103407.19999999998,-81317.17999999982,-114818.13999999996,263287.0000000118,-130137.2099999999,-81317.17999999982,7,8,-103407.19999999998,0.0,0.0,101,0,0.0,-114818.13999999996,0.0,0.0,14,0,0.0,-130137.2099999999,0.0,0.0,102,0,0.0,59.8045027256012,,,,,,,,,,,,,,,,
FACTORY_S1v2,K_vwap0.0,K,init_vwap,BASE,"{""init"": ""vwap"", ""init_k"": 0.0}",{},419319.2100000234,560.0,419879.2100000235,4,-201938.29999999987,2025-04-06,-195006.25,16930.46000000002,660.9430555555556,5.1044618164365,3043,1.7163000564015791,9473.289999999524,1247.4900000000007,18.199499328983165,32.0,32,0.5281855088380902,0.4693377526119225,0.4414534308712572,728.9604166666667,730.1333333333333,728.9604166666667,1108200.0,398847.7787906848,-63069.53999999998,2.0792450466306973,1.0527304709408347,728.9604166666667,731.7638888888889,0.4433164128595601,1.7163000564015791,147364.21000000509,-168005.18000000005,-122435.03999999946,-183999.36,395005.0300000178,-201938.29999999987,-122435.03999999946,7,8,-168005.18000000005,145.00694444444446,0.6793181308926693,113,0,145.99444444444444,-183999.36,708.0659722222222,0.9781240887096376,42,0,709.2388888888889,-201938.29999999987,120.98541666666668,0.6856019358741682,144,0,121.00833333333334,20.308720111846924,,,,,,,,,,,,,,,,
FACTORY_S1v2,K_vwap0.25,K,init_vwap,BASE,"{""init"": ""vwap"", ""init_k"": 0.25}",{},466511.2400000264,445.0,466956.2400000263,3,-201938.29999999987,2025-04-06,-194992.5,18202.949999999983,448.2583333333333,5.267716131585212,3358,1.8939650310208689,10268.759999999453,1125.4800000000005,16.632303787112555,32.0,32,0.4780189453688631,0.4073044175041536,0.3728065874521252,451.1430555555556,451.2326388888889,451.1430555555556,1085040.0,362153.7375550192,-61797.05000000002,2.3123708578314592,1.2893867757725,451.1430555555556,451.9013888888889,0.4906937394247039,1.8939650310208689,155208.2700000055,-168005.18000000008,-78664.20999999868,-148708.4199999997,390467.1700000195,-201938.29999999987,-78664.20999999868,7,8,-168005.18000000008,145.00694444444446,0.6793181308926693,113,0,145.99444444444444,-148708.4199999997,451.1430555555556,0.8048121073728641,316,0,451.2326388888889,-201938.29999999987,120.98541666666668,0.6856019358741682,141,0,121.00833333333334,20.28123688697815,,,,,,,,,,,,,,,,
FACTORY_S1v2,K_vwap0.5,K,init_vwap,BASE,"{""init"": ""vwap"", ""init_k"": 0.5}",{},436289.6100000254,500.0,436789.6100000255,4,-200871.41999999987,2025-04-06,-193907.5,15489.100000000091,448.21875,5.06145262704593,3255,1.8358714043993232,9966.639999999476,1130.4600000000005,16.356415005001107,32.0,32,0.4704822635821372,0.4037784271589511,0.3688337195065574,447.9145833333333,447.9875,447.9145833333333,1078120.0,354867.608824852,-64510.89999999991,2.174473650855984,1.230852292905681,447.9145833333333,447.9354166666666,0.485053581500282,1.8358714043993232,148649.08000000508,-168005.18000000005,-77915.46999999869,-147814.6699999997,366110.9900000191,-200871.41999999987,-77915.46999999869,7,8,-168005.18000000005,145.00069444444443,0.6791630039471189,108,0,145.98819444444445,-147814.6699999997,447.9145833333333,0.8013078097892973,313,0,447.9875,-200871.41999999987,120.91527777777776,0.6835652349263964,134,0,120.98472222222222,17.20649218559265,,,,,,,,,,,,,,,,
FACTORY_S1v2,K_range0.1,K,init_range,BASE,"{""init"": ""range"", ""init_pct"": 0.1}",{},438190.5300000239,560.0,438750.5300000239,4,-201938.29999999987,2025-04-06,-194977.5,14787.790000000212,447.03541666666666,5.535222856217863,3104,1.7507050197405527,9731.96999999951,1113.0300000000004,15.850721868424666,32.0,32,0.4602573118421163,0.3983584602755231,0.3610294715077006,447.00902777777776,447.13958333333335,447.00902777777776,1044428.75,340420.6142168015,-65212.20999999979,2.172695967035595,1.288848300240125,447.00902777777776,447.9479166666667,0.5019740552735477,1.7507050197405527,146318.89000000485,-168005.17999999996,-72997.32999999868,-144442.30999999982,365450.8400000177,-201938.29999999987,-72997.32999999868,7,8,-168005.17999999996,145.00694444444446,0.6793181308926693,105,0,145.99444444444444,-144442.30999999982,447.00902777777776,0.7931327629582401,314,0,447.13958333333335,-201938.29999999987,120.98541666666668,0.6856019358741682,116,0,121.00833333333334,19.62732720375061,,,,,,,,,,,,,,,,
FACTORY_S1v2,K_vwap1.0,K,init_vwap,BASE,"{""init"": ""vwap"", ""init_k"": 1.0}",{},404525.0400000228,425.0,404950.04000002285,3,-199767.03999999983,2025-04-06,-192821.25,14775.160000000207,448.0194444444445,5.136444402517968,3009,1.6971235194585448,9343.709999999532,1073.1900000000005,15.36083054793638,32.0,32,0.4488472238954838,0.3858276761524259,0.3488419005886456,447.0548611111111,447.18888888888887,447.0548611111111,1050163.75,329297.5797095156,-65224.83999999979,2.0271113793347646,1.2297388895394945,447.0548611111111,447.8638888888889,0.4918217710095883,1.6971235194585448,137092.01000000408,-166679.54999999996,-75648.61999999871,-145886.5499999997,343528.5200000175,-199767.03999999983,-75648.61999999871,7,8,-166679.54999999996,139.86875,0.6549459641139666,101,0,140.85833333333332,-145886.5499999997,447.0548611111111,0.7997607785570597,294,0,447.18888888888887,-199767.03999999983,117.79652777777778,0.6556160516233112,126,0,119.99097222222224,19.630107879638672,,,,,,,,,,,,,,,,
FACTORY_S1v2,K_range0.2,K,init_range,BASE,"{""init"": ""range"", ""init_pct"": 0.2}",{},455080.5800000249,560.0,455640.5800000249,4,-201938.29999999987,2025-04-06,-194982.5,14307.750000000176,447.03541666666666,5.5739995322427225,3205,1.8076706147772137,9986.919999999487,1185.2400000000005,16.041720716909342,32.0,32,0.4659784658229692,0.4001333628449993,0.3611527480871117,447.00902777777776,447.13958333333335,447.00902777777776,1044428.75,345700.7229470948,-65692.24999999983,2.2563356233068474,1.3180203272810485,447.00902777777776,447.8638888888889,0.4991539763113367,1.8076706147772137,147960.300000005,-168005.18,-73093.58999999869,-144460.42999999982,380795.74000001856,-201938.29999999987,-73093.58999999869,7,8,-168005.18,145.00694444444446,0.6793181308926693,103,0,145.99444444444444,-144460.42999999982,447.00902777777776,0.7934046055070357,317,0,447.13958333333335,-201938.29999999987,120.98541666666668,0.6856019358741682,132,0,121.00833333333334,19.457375526428223,,,,,,,,,,,,,,,,
FACTORY_S1v2,J_age15_recovery,J,age_recovery,BASE,"{""state"": {""age"": 15.0, ""mult"": [1, 1, 1, Infinity], ""rec_exit_x"": 5.0, ""recovery_exit"": ""all_ind"", ""recovery_until"": 1, ""t"": [1, 33, 33]}}",{},394014.75000002206,560.0,394574.7500000221,4,-204875.1899999999,2025-04-06,-198221.25,4931.1700000001,740.6993055555556,6.291952846206109,2991,1.6869712351945854,9032.749999999534,888.9300000000002,12.021370275214965,32.0,32,0.2162957629279308,0.1341753497272505,0.1036559911016723,100.98333333333332,107.0125,100.98333333333332,1108200.0,273991.51587641245,-75068.8299999999,1.9259274390423864,1.4400984232592091,664.0,742.8354166666667,0.4032712915961647,1.6869712351945854,126310.58000000344,-168005.17999999996,-50041.29999999946,-77261.80999999982,318360.4600000181,-204875.1899999999,-50041.29999999946,7,8,-168005.17999999996,97.87777777777778,0.4527293724253236,80,0,100.81458333333332,-77261.80999999982,11.98263888888889,0.0197851949605334,57,0,13.796527777777778,-204875.1899999999,100.98333333333332,0.5793708408953419,137,0,107.0125,58.93548107147217,,,,,,,,,,,,,,,,
FACTORY_S1v2,K_bb,K,init_bb,BASE,"{""init"": ""bb""}",{},473681.1100000264,560.0,474241.1100000264,4,-202952.67999999988,2025-04-06,-196098.75,15280.310000000083,448.0194444444445,5.521583802407746,3377,1.90468133107727,10491.38999999945,1200.1800000000003,16.122945974039073,32.0,32,0.4644431120612124,0.3971242936111913,0.3551640278941278,447.0548611111111,447.18888888888887,447.0548611111111,1044428.75,347957.8371561914,-64719.68999999992,2.336707798093756,1.3629269392979613,447.0548611111111,447.85833333333335,0.5036661026508742,1.90468133107727,150641.76000000513,-168005.18000000005,-74952.94999999867,-145886.5499999997,398607.29000002,-202952.67999999988,-74952.94999999867,7,8,-168005.18000000005,145.00694444444446,0.6793181308926693,103,0,145.99444444444444,-145886.5499999997,447.0548611111111,0.7938148406261275,327,0,447.18888888888887,-202952.67999999988,121.00763888888888,0.6862472272635612,135,0,121.03194444444443,20.05355024337769,,,,,,,,,,,,,,,,
FACTORY_S1v2,K_range0.3,K,init_range,BASE,"{""init"": ""range"", ""init_pct"": 0.3}",{},455105.78000002494,560.0,455665.78000002494,4,-202952.67999999988,2025-04-06,-196085.0,14294.020000000191,447.05347222222224,5.598166178763511,3218,1.8150028200789623,10004.219999999485,1202.6700000000003,16.2889336856055,32.0,32,0.4737364851045469,0.4078927829967976,0.3710891205616929,447.00902777777776,447.13958333333335,447.00902777777776,1044428.75,352561.5483293222,-65705.9799999998,2.245182374531961,1.292443212140635,447.00902777777776,447.8576388888889,0.4929498025944726,1.8150028200789623,149077.93000000506,-168005.17999999996,-72774.18999999866,-144915.2999999997,379417.03000001854,-202952.67999999988,-72774.18999999866,7,8,-168005.17999999996,145.00694444444446,0.6793181308926693,108,0,145.99444444444444,-144915.2999999997,447.00902777777776,0.7934392036496097,319,0,447.13958333333335,-202952.67999999988,121.00763888888888,0.6862472272635612,139,0,121.03194444444443,20.08088254928589,,,,,,,,,,,,,,,,
FACTORY_S1v2,K_keltner,K,init_keltner,BASE,"{""init"": ""keltner""}",{},480009.1200000268,560.0,480569.1200000269,4,-202952.67999999988,2025-04-06,-196098.75,15981.630000000065,448.12638888888887,5.527305891464351,3426,1.9323181049069371,10625.87999999944,1205.1600000000003,16.184560448950887,32.0,32,0.4643044259093749,0.397258777152367,0.3594156690135912,447.83819444444447,447.9645833333333,447.83819444444447,1044428.75,349607.1659659981,-64018.36999999994,2.367887529250795,1.3745974533221264,447.83819444444447,447.8826388888889,0.5019740552735477,1.9323181049069371,152755.6800000053,-168005.18000000008,-76293.5999999987,-146784.0499999997,404128.9100000203,-202952.67999999988,-76293.5999999987,7,8,-168005.18000000008,145.00694444444446,0.6793181308926693,101,0,145.99444444444444,-146784.0499999997,447.83819444444447,0.795964868057512,328,0,447.9645833333333,-202952.67999999988,121.00763888888888,0.6862472272635612,137,0,121.03194444444443,20.12130379676819,,,,,,,,,,,,,,,,
FACTORY_S1v2,K_sessdd10,K,init_sess_dd,BASE,"{""init"": ""sess_dd"", ""init_x"": 10.0}",{},464763.280000026,552.5,465315.780000026,5,-202952.67999999988,2025-04-06,-196083.75,20804.61999999988,617.40625,5.386282197594045,3354,1.8917089678511,10357.969999999455,1329.6600000000008,17.126467761773615,32.0,32,0.4908116922232091,0.4316235245334401,0.4077975238217981,611.7506944444444,616.9777777777778,611.7506944444444,1091360.0,378195.6286282539,-59195.38000000012,2.292730403954391,1.2303573726850412,611.7506944444444,611.7569444444445,0.4692611393119007,1.8917089678511,159276.86000000557,-166679.55000000005,-104538.46999999916,-169379.9299999999,410608.0100000196,-202952.67999999988,-104538.46999999916,7,8,-166679.55000000005,139.86875,0.6549459641139666,113,0,140.85833333333332,-169379.9299999999,611.7506944444444,0.938074267384331,132,0,616.9777777777778,-202952.67999999988,121.00763888888888,0.6862472272635612,142,0,121.03194444444443,17.737839460372925,,,,,,,,,,,,,,,,
FACTORY_S1v2,K_prevdd20,K,init_prev_dd,BASE,"{""init"": ""prev_dd"", ""init_x"": 20.0}",{},334830.62000001693,560.0,335390.62000001693,4,-199767.03999999983,2025-04-06,-192821.25,9319.700000000012,420.8284722222222,5.499824618802234,2451,1.3824027072758038,7670.629999999653,893.9100000000004,13.10502043869652,32.0,32,0.3890790959343944,0.3461003975669686,0.3246488718792114,445.7284722222222,445.83819444444447,445.7284722222222,985360.0,281577.7647154412,-70680.29999999999,1.6789086928455124,1.1911118775268292,445.7284722222222,453.7736111111111,0.368302312464749,1.3824027072758038,113065.52000000188,-163489.53999999998,-72353.73999999883,-139912.34999999986,294678.8400000139,-199767.03999999983,-72353.73999999883,7,8,-163489.53999999998,102.20486111111111,0.4748091076753365,147,0,104.0125,-139912.34999999986,445.7284722222222,0.7848094383732942,238,0,445.83819444444447,-199767.03999999983,117.79652777777778,0.6556160516233112,84,0,119.99097222222224,16.876267433166504,,,,,,,,,,,,,,,,
FACTORY_S1v2,K_prevdd10,K,init_prev_dd,BASE,"{""init"": ""prev_dd"", ""init_x"": 10.0}",{},420209.4700000221,560.0,420769.4700000221,4,-200871.41999999987,2025-04-06,-193907.5,13895.190000000148,446.7909722222222,6.055443973887851,2911,1.6418499717992103,9111.779999999551,1018.4100000000002,13.81707716833697,32.0,32,0.4021618229244006,0.3521857778051726,0.3285615024052942,445.82152777777776,445.9493055555556,445.82152777777776,987280.0,298526.95683358505,-66104.80999999985,2.094720443555496,1.409485677484669,445.82152777777776,453.8013888888889,0.4647490129723632,1.6418499717992103,142947.03000000445,-165100.16999999995,-74056.14999999874,-141677.35999999987,351882.9600000164,-200871.41999999987,-74056.14999999874,7,8,-165100.16999999995,102.26944444444445,0.4833238533533274,164,0,104.08125,-141677.35999999987,445.82152777777776,0.7890650099098966,268,0,445.9493055555556,-200871.41999999987,120.91527777777776,0.6835652349263964,106,0,120.98472222222222,17.085081100463867,,,,,,,,,,,,,,,,
FACTORY_S1v2,K_sessdd20,K,init_sess_dd,BASE,"{""init"": ""sess_dd"", ""init_x"": 20.0}",{},447466.98000002507,407.5,447874.4800000251,3,-198635.15999999983,2025-04-06,-191740.0,11652.40000000011,448.12708333333336,5.505956151395034,3188,1.7980823463056963,9893.019999999491,1110.5400000000006,14.265322018037605,32.0,32,0.415655004889037,0.3579979883503632,0.334637076551954,447.83819444444447,447.9645833333333,447.83819444444447,1078120.0,312061.9004310478,-68347.59999999989,2.2547593286104304,1.4352103841621835,447.83819444444447,447.9861111111111,0.4715172024816695,1.7980823463056963,147951.48000000487,-163489.53999999995,-75241.70999999868,-146840.2999999997,375177.8300000189,-198635.15999999983,-75241.70999999868,7,8,-163489.53999999995,102.20486111111111,0.4748091076753365,194,0,104.0125,-146840.2999999997,447.83819444444447,0.7927373556145372,305,0,447.9645833333333,-198635.15999999983,117.01527777777778,0.6538011695906433,118,0,119.20972222222224,17.223170518875122,,,,,,,,,,,,,,,,
FACTORY_S1v2,L_limit,L,add_limit_touch,BASE,"{""add_trigger"": ""limit""}",{},494944.5400000276,560.0,495504.5400000275,4,-208867.0799999999,2025-04-06,-201997.5,16778.289999999834,751.0534722222222,7.231752283283467,3522,1.9864636209813875,7644.209999999419,1381.9500000000007,19.793716256538563,32.0,32,0.5728634627830809,0.5192675690138714,0.4890381905239535,753.0909722222223,757.0743055555556,753.0909722222223,1112880.0,443406.18908841175,-63221.71000000017,2.372343884924459,1.1174957684256135,753.0909722222223,753.0916666666667,0.3897349125775521,1.9864636209813875,190333.78000000736,-171128.94000000006,-142468.49999999977,-199919.04,447703.0000000199,-208867.0799999999,-142468.49999999977,7,8,-171128.94000000006,146.80694444444444,0.688315493734595,119,0,146.86388888888888,-199919.04,718.3104166666667,0.989981366428928,10,0,722.29375,-208867.0799999999,122.99375,0.7021778584392014,177,0,125.82847222222222,25.38700294494629,,,,,,,,,,,,,,,,
FACTORY_S1v2,L_armed_bull_hc,L,add_armed_reversal,BASE,"{""add_trigger"": ""armed"", ""reversal"": ""bull_hc""}",{},533611.9100000284,541.25,534153.1600000284,4,-205987.6899999999,2025-04-06,-199163.75,20012.11999999988,751.0534722222222,6.923779831556122,3633,2.0490693739424706,11438.089999999394,1384.4400000000005,19.52833260021125,32.0,32,0.5608187806265252,0.5020732879264599,0.4718060859405863,753.0645833333333,757.0569444444444,753.0645833333333,1113560.0,433822.6688153681,-59987.88000000012,2.5931314633414684,1.2312707435474293,753.0645833333333,753.0652777777777,0.4089114495205865,2.0490693739424706,186927.6900000072,-168095.80000000008,-141642.86999999976,-199919.04000000004,488958.950000021,-205987.6899999999,-141642.86999999976,7,8,-168095.80000000008,145.97916666666666,0.685609390351104,131,0,146.02430555555554,-199919.04000000004,718.2930555555556,0.9898578016340208,11,0,722.2854166666667,-205987.6899999999,121.26666666666668,0.6937689050211736,180,0,122.25,21.0325129032135,,,,,,,,,,,,,,,,
FACTORY_S1v2,L_armed_two_bar,L,add_armed_reversal,BASE,"{""add_trigger"": ""armed"", ""reversal"": ""two_bar""}",{},419223.4200000229,401.25,419624.670000023,3,-199520.17999999988,2025-04-06,-192791.25,18813.28999999992,747.1993055555556,5.253796783297887,2996,1.6897913141567964,9521.579999999532,1324.6800000000007,18.129721983296022,32.0,32,0.5080550037683409,0.4567733476035313,0.4225570924658398,740.1534722222223,749.1944444444445,740.1534722222223,1082160.0,398831.41669830296,-61186.71000000008,2.103169062898917,1.0521354447797906,740.1534722222223,740.1541666666667,0.4235758601240835,1.6897913141567964,150745.6900000053,-167397.6700000001,-136977.86999999976,-194831.50999999995,406014.3300000174,-199520.17999999988,-136977.86999999976,7,8,-167397.6700000001,144.89652777777778,0.6765775548546116,100,0,146.00416666666666,-194831.50999999995,709.2354166666667,0.9774370684499538,11,0,718.2763888888888,-199520.17999999988,117.7375,0.6539019963702359,139,0,119.95694444444445,20.887397527694706,,,,,,,,,,,,,,,,
FACTORY_S1v2,L_armed_prev_high,L,add_armed_reversal,BASE,"{""add_trigger"": ""armed"", ""reversal"": ""prev_high""}",{},471458.5200000255,728.75,472187.2700000254,5,-197546.42999999988,2025-04-06,-190838.75,25913.86999999953,738.4048611111111,5.747031029212085,3358,1.8939650310208689,10611.479999999456,1379.4600000000005,18.89195648336747,32.0,32,0.5352963260777595,0.4714278509810294,0.4385256121102429,733.8756944444444,734.0097222222222,733.8756944444444,1112120.0,418032.0605400074,-54086.13000000047,2.390259697429236,1.12954798105691,733.8756944444444,733.8763888888889,0.4201917653694303,1.8939650310208689,172023.35000000568,-168795.75000000012,-125749.41999999946,-185757.03999999983,426082.6900000192,-197546.42999999988,-125749.41999999946,7,8,-168795.75000000012,145.98819444444445,0.6858334626057879,123,0,146.0715277777778,-185757.03999999983,710.1715277777778,0.9827305842637762,45,0,710.3055555555555,-197546.42999999988,116.85625,0.6491833030852995,185,0,116.92083333333332,21.112258672714237,,,,,,,,,,,,,,,,
FACTORY_S1v2,L_armed_ll_fail,L,add_armed_reversal,BASE,"{""add_trigger"": ""armed"", ""reversal"": ""ll_fail""}",{},530320.2500000293,986.25,531306.5000000293,7,-204025.1899999999,2025-04-06,-197206.25,22237.03999999992,660.9430555555556,6.430498290631811,3662,2.0654258319232937,11505.999999999389,1362.0300000000004,18.625606226587955,32.0,32,0.5272273136072128,0.4647807217843724,0.43680674434959,732.7965277777778,733.8902777777778,732.7965277777778,1091360.0,411705.9780735793,-57762.96000000008,2.6041220694367677,1.290499842839482,732.7965277777778,732.7972222222222,0.4320360970107163,2.0654258319232937,199941.1100000081,-164680.13000000012,-122920.7199999995,-183999.36,454354.2200000207,-204025.1899999999,-122920.7199999995,7,8,-164680.13000000012,103.08541666666666,0.4788251719323647,257,0,104.06875,-183999.36,709.1083333333333,0.9765325741512334,37,0,710.2020833333333,-204025.1899999999,121.07083333333334,0.6880822746521477,183,0,122.04861111111111,22.74095749855041,,,,,,,,,,,,,,,,
FACTORY_S1v2,L_armed_upper_q,L,add_armed_reversal,BASE,"{""add_trigger"": ""armed"", ""reversal"": ""upper_q""}",{},508502.1000000277,1012.5,509514.6000000278,7,-205067.05999999988,2025-04-06,-198293.75,28875.11999999953,660.9430555555556,6.42626172587564,3590,2.0248166948674564,11324.149999999405,1379.4600000000005,18.986684728553374,32.0,32,0.5390786756733282,0.475458154605641,0.4467487203050535,729.9229166666667,730.9277777777778,729.9229166666667,1101960.0,421348.6208012417,-51124.88000000047,2.484624298022452,1.2092471052382432,729.9229166666667,729.9236111111111,0.4196277495769882,2.0248166948674564,184654.76000000653,-166222.00000000012,-121925.7099999995,-183999.36,446884.2900000208,-205067.05999999988,-121925.7099999995,7,8,-166222.00000000012,137.99583333333334,0.6441387869072858,152,0,138.9951388888889,-183999.36,709.0381944444445,0.9760333723798084,39,0,710.0430555555556,-205067.05999999988,121.17013888888889,0.6909659205484977,186,0,122.16388888888888,21.14566731452942,,,,,,,,,,,,,,,,
FACTORY_S1v2,L_armed_wick,L,add_armed_reversal,BASE,"{""add_trigger"": ""armed"", ""reversal"": ""wick""}",{},421899.90000002267,578.75,422478.6500000227,4,-198988.30999999988,2025-04-06,-192366.25,26072.940000000148,739.3944444444444,5.212468591198339,2984,1.68302312464749,9431.349999999537,1254.9600000000005,17.285701878006616,32.0,32,0.4836084175489814,0.4028650597751323,0.3803740883837039,730.9701388888889,732.7416666666667,730.9701388888889,1078120.0,380253.0231427263,-53927.05999999985,2.123133012185605,1.111046130569348,730.9701388888889,730.9708333333333,0.4416243654822335,1.68302312464749,170773.2100000059,-155434.49999999994,-130349.13999999978,-185988.97999999984,382146.4400000166,-198988.30999999988,-130349.13999999978,7,8,-155434.49999999994,90.76666666666668,0.4320457796852646,215,0,98.96527777777776,-185988.97999999984,707.2791666666667,0.973744952378128,7,0,709.0506944444444,-198988.30999999988,113.75625,0.6381125226860254,161,0,119.91041666666666,21.21957778930664,,,,,,,,,,,,,,,,
FACTORY_S1v2,L_armed_rex,L,add_armed_reversal,BASE,"{""add_trigger"": ""armed"", ""reversal"": ""rex""}",{},276034.1100000127,390.0,276424.1100000127,3,-148919.9299999999,2022-10-13,-147658.75,73638.06,448.2236111111111,3.618492873146781,1900,1.071630005640158,6160.889999999773,801.7800000000004,11.454512343067512,32.0,32,0.2781329762048184,0.2140963966816186,0.1712984105726477,443.9770833333333,448.2375,443.9770833333333,850207.5,246132.14482686645,8167.4499999999825,1.856192854777818,1.1230719587417324,443.9770833333333,443.97777777777776,0.5081782289904118,1.071630005640158,101622.16000000156,-95409.65999999996,-82132.85999999894,-148919.9299999999,256974.1800000101,-141817.7599999999,-82132.85999999894,7,8,-95409.65999999996,0.0,0.0,186,0,35.99722222222222,-148919.9299999999,443.9770833333333,0.6043801248498688,240,0,448.2375,-141817.7599999999,0.0,0.0,147,0,41.99583333333333,21.19294285774231,,,,,,,,,,,,,,,,
FACTORY_S1v2,L_cool2bars,L,add_cooldown_bars,BASE,"{""cooldown_bars"": 2}",{},478160.9100000272,560.0,478720.9100000272,4,-204823.9399999999,2025-04-06,-198171.25,16813.00000000003,617.9534722222222,5.515850299607599,3426,1.9323181049069371,10649.08999999944,1339.6200000000008,18.04923078216188,32.0,32,0.5135660272161067,0.4524488612325977,0.415922571101168,616.0604166666667,621.1097222222222,616.0604166666667,1091360.0,396624.7397533348,-63186.99999999997,2.3372312338100096,1.2069870132098892,616.0604166666667,616.0611111111111,0.4382402707275803,1.9323181049069371,170062.16000000632,-167998.93000000005,-106875.3799999992,-171023.68999999994,415597.87000002,-204823.9399999999,-106875.3799999992,7,8,-167998.93000000005,145.00694444444446,0.6793181308926693,109,0,145.99444444444444,-171023.68999999994,616.0604166666667,0.944311818231244,121,0,621.1097222222222,-204823.9399999999,121.16041666666666,0.6906836055656382,151,0,122.16666666666669,22.134686946868896,,,,,,,,,,,,,,,,
FACTORY_S1v2,L_cool3bars,L,add_cooldown_bars,BASE,"{""cooldown_bars"": 3}",{},486231.2400000273,562.5,486793.7400000272,4,-204810.8199999999,2025-04-06,-197963.75,19158.00000000003,622.0520833333334,5.436575128360211,3457,1.9498025944726447,10776.259999999433,1344.6000000000008,17.858654996483814,32.0,32,0.5077860366859893,0.444363038319404,0.4083172466736336,616.1972222222222,621.2027777777778,616.1972222222222,1078120.0,392440.97810860106,-60841.99999999997,2.376796987581161,1.2404253560526897,616.1972222222222,616.1979166666666,0.4438804286520023,1.9498025944726447,172096.05000000633,-165549.55000000008,-107466.6299999992,-171958.06999999995,422228.0600000201,-204810.8199999999,-107466.6299999992,7,8,-165549.55000000008,137.07847222222222,0.6392091973042384,130,0,138.88888888888889,-171958.06999999995,616.1972222222222,0.9452410254889458,122,0,621.2027777777778,-204810.8199999999,121.14027777777778,0.6900988102440008,150,0,122.14930555555556,21.71799898147583,,,,,,,,,,,,,,,,
FACTORY_S1v2,L_cool30min,L,add_cooldown_time,BASE,"{""cooldown_min"": 30}",{},380953.78000001976,560.0,381513.7800000198,4,-192609.51999999984,2025-04-06,-186070.0,22517.69000000012,617.2069444444444,4.8995865244633325,2664,1.50253807106599,8644.969999999606,1150.3800000000006,16.065015787807386,32.0,32,0.4443266156936689,0.3624443504304874,0.3467686126621857,610.7604166666666,611.9604166666667,610.7604166666666,1061680.0,351224.1464953029,-57482.30999999988,1.98076284079842,1.0862401796885626,610.7604166666666,610.7611111111111,0.4619289340101523,1.50253807106599,150517.16000000463,-158120.11999999997,-102114.84999999928,-166089.28999999992,333183.96000001446,-192609.51999999984,-102114.84999999928,7,8,-158120.11999999997,90.84236111111112,0.4339245393591533,187,0,99.03541666666666,-166089.28999999992,610.7604166666666,0.9287525392565352,112,0,611.9604166666667,-192609.51999999984,99.00486111111113,0.5636620286348054,157,0,103.78333333333332,22.830355644226078,,,,,,,,,,,,,,,,
FACTORY_S1v2,L_cool15min,L,add_cooldown_time,BASE,"{""cooldown_min"": 15}",{},423103.2900000225,560.0,423663.2900000224,4,-198868.90999999983,2025-04-06,-192296.25,22643.25999999992,617.3854166666666,5.33597957414462,2937,1.656514382402707,9482.959999999546,1282.3500000000006,16.768693912658545,32.0,32,0.4673429134178151,0.3978149226299377,0.3671288604481104,611.7402777777778,616.8020833333334,611.7402777777778,1095320.0,371493.8416992136,-57356.74000000008,2.13036462059365,1.1404315292608505,611.7402777777778,611.7409722222222,0.4545967287084038,1.656514382402707,173799.55000000622,-164350.80000000008,-104303.5299999992,-169071.1799999999,354215.3900000154,-198868.90999999983,-104303.5299999992,7,8,-164350.80000000008,102.22708333333334,0.4753606701484048,210,0,104.05555555555556,-169071.1799999999,611.7402777777778,0.93194051096514,120,0,616.8020833333334,-198868.90999999983,117.73194444444444,0.6537406735228877,138,0,119.95625,23.222248792648315,,,,,,,,,,,,,,,,
FACTORY_S1v2,M_atr_spike1.5_core,M,gov_atr_spike,BASE,"{""gov"": ""atr_spike"", ""gov_action"": ""core"", ""gov_x"": 1.5}",{},429844.6500000235,560.0,430404.6500000234,4,-202952.67999999988,2025-04-06,-196083.75,108468.59000000011,617.9444444444445,4.758613959849863,2996,1.6897913141567964,9434.099999999533,1162.8300000000004,16.151202927258414,32.0,32,0.4402150615962636,0.3687286542400139,0.3381308468820831,611.875,617.0,611.875,1108200.0,366880.2146535928,38468.59000000011,2.120714296554368,1.1731476182394034,611.875,612.0208333333334,0.4421883812746757,1.6897913141567964,183871.23000000705,-69221.65999999997,-104780.92999999912,-170219.30999999994,351386.8400000155,-202952.67999999988,-104780.92999999912,7,8,-69221.65999999997,0.0,0.0,386,0,14.91875,-170219.30999999994,611.875,0.93709069161687,129,0,617.0,-202952.67999999988,121.00763888888888,0.6862472272635612,134,0,121.03194444444443,21.699608087539676,,,,,,,,,,,,,,,,
FACTORY_S1v2,M_atr_spike2.0_core,M,gov_atr_spike,BASE,"{""gov"": ""atr_spike"", ""gov_action"": ""core"", ""gov_x"": 2.0}",{},487142.0700000279,560.0,487702.0700000279,4,-204875.1899999999,2025-04-06,-198221.25,68185.25000000012,617.9534722222222,4.948935663403962,3453,1.9475465313028768,10657.929999999436,1249.9800000000007,16.871290845873457,32.0,32,0.4732349735655789,0.3952415240347304,0.3679763869315618,616.0604166666667,621.1097222222222,616.0604166666667,1108200.0,380335.793114933,-11814.749999999884,2.3804837960127245,1.2822933808195385,616.0604166666667,616.0611111111111,0.4647490129723632,1.9475465313028768,203879.34000000855,-110817.68,-107098.5099999992,-171023.68999999994,390976.2300000185,-204875.1899999999,-107098.5099999992,7,8,-110817.68,42.74861111111111,0.2029577537618284,349,0,45.790277777777774,-171023.68999999994,616.0604166666667,0.944311818231244,121,0,621.1097222222222,-204875.1899999999,121.16597222222222,0.6908449284129865,152,0,122.16666666666669,21.452760696411133,,,,,,,,,,,,,,,,
FACTORY_S1v2,M_atr_pct0.8_core,M,gov_atr_pct,BASE,"{""gov"": ""atr_pct"", ""gov_action"": ""core"", ""gov_x"": 0.8}",{},391989.4100000215,560.0,392549.4100000215,4,-204875.18999999983,2025-04-06,-198221.25,15616.780000000028,660.9222222222222,5.637936087774899,2816,1.5882684715172024,8953.089999999573,1240.0200000000004,17.758882217633595,32.0,32,0.5111817461006778,0.464056471880332,0.3946783742060568,658.0291666666667,729.9847222222222,658.0291666666667,1108200.0,386763.3944556359,-64383.21999999997,1.9160417130059613,1.014960090916901,658.0291666666667,658.0298611111111,0.3671742808798646,1.5882684715172024,151523.33000000514,-169304.56000000006,-122358.2199999995,-182745.6,363384.3000000158,-204875.18999999983,-122358.2199999995,7,8,-169304.56000000006,146.0388888888889,0.6870917144974749,112,0,146.07986111111111,-182745.6,637.1506944444444,0.8786396010339902,36,0,709.10625,-204875.18999999983,121.16597222222222,0.6908449284129865,154,0,122.16666666666669,20.93908977508545,,,,,,,,,,,,,,,,
FACTORY_S1v2,M_atr_pct0.9_core,M,gov_atr_pct,BASE,"{""gov"": ""atr_pct"", ""gov_action"": ""core"", ""gov_x"": 0.9}",{},437780.7400000247,560.0,438340.7400000247,4,-204875.1899999999,2025-04-06,-198221.25,16760.51000000001,617.9534722222222,5.367755629300921,3163,1.7839819514946418,9978.009999999496,1329.6600000000003,17.79096074481468,32.0,32,0.5085144892006914,0.4492898988851875,0.4072567879166538,616.0604166666667,621.1097222222222,616.0604166666667,1108200.0,389692.6898949628,-63239.48999999999,2.139550132937156,1.1248369583688482,616.0604166666667,616.0611111111111,0.4139875916525662,1.7839819514946418,161505.8600000057,-168005.18000000008,-107269.1399999992,-171023.68999999994,384125.8900000182,-204875.1899999999,-107269.1399999992,7,8,-168005.18000000008,145.00694444444446,0.6793181308926693,109,0,145.99444444444444,-171023.68999999994,616.0604166666667,0.944311818231244,120,0,621.1097222222222,-204875.1899999999,121.16597222222222,0.6908449284129865,151,0,122.16666666666669,20.97670030593872,,,,,,,,,,,,,,,,
FACTORY_S1v2,M_vwap_dev2.0_core,M,gov_vwap_dev,BASE,"{""gov"": ""vwap_dev"", ""gov_action"": ""core"", ""gov_x"": 2.0}",{},451484.2700000244,560.0,452044.27000002447,4,-204097.6999999999,2025-04-06,-197122.5,17203.90000000014,617.2076388888889,4.765508107265695,3152,1.7777777777777777,10056.9799999995,1302.270000000001,16.70407036851292,32.0,32,0.4655764160696625,0.4017681783924173,0.3540895604349421,604.9090277777777,611.99375,604.9090277777777,1064320.0,367634.6367403431,-62796.09999999986,2.2148425484462817,1.2296019602725818,604.9090277777777,604.9097222222222,0.4602368866328257,1.7777777777777777,155192.17000000505,-162772.66999999998,-90599.44999999832,-166319.28999999992,387515.2900000177,-204097.6999999999,-90599.44999999832,7,8,-162772.66999999998,102.13472222222222,0.4730682386197149,212,0,102.99236111111112,-166319.28999999992,604.9090277777777,0.8887570864409879,215,0,611.99375,-204097.6999999999,121.05972222222222,0.6877596289574511,139,0,121.09444444444443,22.468333959579468,,,,,,,,,,,,,,,,
FACTORY_S1v2,M_vwap_dev3.0_core,M,gov_vwap_dev,BASE,"{""gov"": ""vwap_dev"", ""gov_action"": ""core"", ""gov_x"": 3.0}",{},469653.5100000259,560.0,470213.51000002585,4,-203827.6899999999,2025-04-06,-197173.75,16850.380000000063,617.3784722222222,5.259662492309248,3311,1.8674562887760855,10462.739999999463,1339.6200000000008,17.62872736543941,32.0,32,0.4968382359121486,0.4396042821800903,0.3990196710196374,611.7465277777778,616.8020833333334,611.7465277777778,1091360.0,387637.3988396592,-63149.61999999994,2.3069167393302945,1.2130241081163666,611.7465277777778,611.7472222222223,0.4416243654822335,1.8674562887760855,162396.380000006,-166258.30000000008,-100062.23999999918,-168514.29999999993,407934.360000019,-203827.6899999999,-100062.23999999918,7,8,-166258.30000000008,137.17083333333332,0.6415016288329283,126,0,138.94583333333333,-168514.29999999993,611.7465277777778,0.9304824463852356,124,0,616.8020833333334,-203827.6899999999,121.07222222222222,0.6881226053639847,155,0,121.09652777777778,23.5463969707489,,,,,,,,,,,,,,,,
FACTORY_S1v2,M_lower_lows_core,M,gov_lower_lows,BASE,"{""gov"": ""lower_lows"", ""gov_action"": ""core"", ""gov_x"": null}",{},492226.1400000268,578.75,492804.8900000268,4,-201205.8199999999,2025-04-06,-194408.75,13753.89000000013,446.9791666666667,5.28807336595147,3389,1.9114495205865765,10541.359999999448,1177.7700000000004,16.312944601186256,32.0,32,0.4617170186119617,0.3848134461127252,0.3439836826636707,445.78333333333336,445.9423611111111,445.78333333333336,1095320.0,357132.41587249,-66246.10999999987,2.449257630818169,1.379894033970798,445.78333333333336,445.7840277777778,0.473209249858996,1.9114495205865765,167222.74000000634,-166091.42999999996,-70530.46999999869,-141822.8099999997,396185.1100000192,-201205.8199999999,-70530.46999999869,7,8,-166091.42999999996,137.13958333333332,0.640725994105176,126,0,138.92569444444445,-141822.8099999997,445.78333333333336,0.7842064421741473,317,0,445.9423611111111,-201205.8199999999,118.77222222222224,0.6630772333131679,145,0,120.9798611111111,23.08204746246338,,,,,,,,,,,,,,,,
FACTORY_S1v2,M_mom151.5_core,M,gov_mom15,BASE,"{""gov"": ""mom15"", ""gov_action"": ""core"", ""gov_x"": 1.5}",{},463192.7900000255,556.25,463749.0400000254,5,-203389.55999999988,2025-04-06,-196632.5,21824.539999999863,617.3826388888889,5.385865204050927,3308,1.8657642413987592,10350.959999999466,1322.1900000000007,17.409733526466642,32.0,32,0.4898576996029933,0.4267681083489063,0.4058124907192348,611.7340277777778,615.8993055555555,611.7340277777778,1083640.0,383223.8170841727,-58175.46000000014,2.2801024792030904,1.210125830718308,611.7340277777778,611.7347222222222,0.4500846023688663,1.8657642413987592,167981.4900000057,-165704.5400000001,-103739.70999999916,-168707.4299999999,399581.00000001886,-203389.55999999988,-103739.70999999916,7,8,-165704.5400000001,137.97222222222223,0.6435527517796508,135,0,138.97291666666666,-168707.4299999999,611.7340277777778,0.932237066472917,127,0,615.8993055555555,-203389.55999999988,121.02430555555556,0.6867311958056059,145,0,121.06388888888888,22.87329339981079,,,,,,,,,,,,,,,,
FACTORY_S1v2,M_mom301.5_core,M,gov_mom30,BASE,"{""gov"": ""mom30"", ""gov_action"": ""core"", ""gov_x"": 1.5}",{},427061.77000002254,588.75,427650.5200000226,5,-200165.79999999987,2025-04-06,-193167.5,10651.41000000012,617.2090277777778,5.589524175330275,2964,1.6717428087986463,9503.22999999954,1302.270000000001,17.40722877051224,32.0,32,0.4863022909831587,0.4330173904029183,0.4003462951185276,610.7645833333333,611.9604166666667,610.7645833333333,1095320.0,381905.2305131948,-69348.58999999988,2.136481456872368,1.1197817831019397,610.7645833333333,610.7652777777778,0.4286520022560631,1.6717428087986463,144819.8400000045,-168273.91999999995,-103202.2799999992,-167165.54999999993,386106.7000000173,-200165.79999999987,-103202.2799999992,7,8,-168273.91999999995,144.93819444444443,0.6776117344916145,110,0,146.05208333333334,-167165.54999999993,610.7645833333333,0.9301315223676992,118,0,611.9604166666667,-200165.79999999987,118.76875,0.6629764065335754,128,0,120.9875,22.518043994903564,,,,,,,,,,,,,,,,
FACTORY_S1v2,M_mom602.0_core,M,gov_mom60,BASE,"{""gov"": ""mom60"", ""gov_action"": ""core"", ""gov_x"": 2.0}",{},418337.8700000221,705.0,419042.8700000221,6,-200143.30999999988,2025-04-06,-193366.25,14087.600000000122,617.2090277777778,5.092975598593485,2899,1.6350817822899042,9409.629999999554,1269.9000000000003,16.76072996545454,32.0,32,0.4760409166174027,0.3923627357314364,0.3635594431260699,610.7604166666666,611.9486111111111,610.7604166666666,1095320.0,370930.558667044,-65912.39999999988,2.093714099162357,1.1297070575847723,610.7604166666666,610.7611111111111,0.4478285391990976,1.6350817822899042,160725.40000000526,-163412.62999999998,-106672.56999999948,-167056.79999999993,365075.0300000163,-200143.30999999988,-106672.56999999948,7,8,-163412.62999999998,102.2076388888889,0.47487805298447,196,0,104.0513888888889,-167056.79999999993,610.7604166666666,0.9302600297544026,86,0,611.9486111111111,-200143.30999999988,117.99861111111112,0.6614841701956039,122,0,120.93680555555557,18.5643162727356,,,,,,,,,,,,,,,,
FACTORY_S1v2,M_rvol2.0_core,M,gov_rvol,BASE,"{""gov"": ""rvol"", ""gov_action"": ""core"", ""gov_x"": 2.0}",{},462703.510000025,560.0,463263.5100000249,4,-204846.4399999999,2025-04-06,-198192.5,11001.510000000184,660.9430555555556,6.120829885445336,3178,1.792442188381275,10141.489999999494,1359.5400000000006,18.232771397592185,32.0,32,0.5174198211929251,0.4617856612527702,0.433757049879385,729.9347222222223,731.0618055555556,729.9347222222223,1097720.0,401430.97258041694,-68998.48999999982,2.261516040991609,1.1540303106712109,729.9347222222223,729.9354166666667,0.428087986463621,1.792442188381275,162080.1000000062,-170508.93,-123606.97999999952,-183999.36,424829.7600000182,-204846.4399999999,-123606.97999999952,7,8,-170508.93,146.80625,0.6882982574073117,117,0,146.92430555555555,-183999.36,709.0388888888889,0.9760383149716048,36,0,710.1659722222222,-204846.4399999999,121.16388888888888,0.6907844323452309,138,0,122.16666666666669,20.88476800918579,,,,,,,,,,,,,,,,
FACTORY_S1v2,M_range_exp3.0_core,M,gov_range_exp,BASE,"{""gov"": ""range_exp"", ""gov_action"": ""core"", ""gov_x"": 3.0}",{},417439.2900000225,576.25,418015.5400000224,5,-203065.80999999988,2025-04-06,-196068.75,11033.990000000194,737.225,5.741825878872437,2950,1.6638465877044557,9358.209999999544,1342.1100000000008,18.21921517646762,32.0,32,0.514116569212795,0.461281347973361,0.4330103860518154,732.7354166666667,733.93125,732.7354166666667,1097280.0,401431.1475596141,-68966.0099999998,2.058522505585862,1.0413131680021055,732.7354166666667,732.75625,0.4168076706147772,1.6638465877044557,158493.4600000055,-170579.55,-126057.63999999956,-184345.6299999997,385633.4600000165,-203065.80999999988,-126057.63999999956,7,8,-170579.55,146.05,0.687367495734009,106,0,146.11527777777778,-184345.6299999997,709.0472222222222,0.9760976260731602,33,0,710.2430555555555,-203065.80999999988,118.83194444444445,0.6648114539221617,137,0,121.04097222222222,21.015676259994507,,,,,,,,,,,,,,,,
FACTORY_S1v2,M_atr_spike1.5_all,M,gov_atr_spike_all,BASE,"{""gov"": ""atr_spike"", ""gov_action"": ""all"", ""gov_x"": 1.5}",{},429844.6500000235,560.0,430404.6500000234,4,-202952.67999999988,2025-04-06,-196083.75,108468.59000000011,617.9444444444445,4.758613959849863,2996,1.6897913141567964,9434.099999999533,1162.8300000000004,16.151202927258414,32.0,32,0.4402150615962636,0.3687286542400139,0.3381308468820831,611.875,617.0,611.875,1108200.0,366880.2146535928,38468.59000000011,2.120714296554368,1.1731476182394034,611.875,612.0208333333334,0.4421883812746757,1.6897913141567964,183871.23000000705,-69221.65999999997,-104780.92999999912,-170219.30999999994,351386.8400000155,-202952.67999999988,-104780.92999999912,7,8,-69221.65999999997,0.0,0.0,386,0,14.91875,-170219.30999999994,611.875,0.93709069161687,129,0,617.0,-202952.67999999988,121.00763888888888,0.6862472272635612,134,0,121.03194444444443,21.40912628173828,,,,,,,,,,,,,,,,
FACTORY_S1v2,M_vwap_dev2.0_all,M,gov_vwap_dev_all,BASE,"{""gov"": ""vwap_dev"", ""gov_action"": ""all"", ""gov_x"": 2.0}",{},451484.2700000244,560.0,452044.27000002447,4,-204097.6999999999,2025-04-06,-197122.5,17203.90000000014,617.2076388888889,4.765508107265695,3152,1.7777777777777777,10056.9799999995,1302.270000000001,16.70407036851292,32.0,32,0.4655764160696625,0.4017681783924173,0.3540895604349421,604.9090277777777,611.99375,604.9090277777777,1064320.0,367634.6367403431,-62796.09999999986,2.2148425484462817,1.2296019602725818,604.9090277777777,604.9097222222222,0.4602368866328257,1.7777777777777777,155192.17000000505,-162772.66999999998,-90599.44999999832,-166319.28999999992,387515.2900000177,-204097.6999999999,-90599.44999999832,7,8,-162772.66999999998,102.13472222222222,0.4730682386197149,212,0,102.99236111111112,-166319.28999999992,604.9090277777777,0.8887570864409879,215,0,611.99375,-204097.6999999999,121.05972222222222,0.6877596289574511,139,0,121.09444444444443,20.98921155929565,,,,,,,,,,,,,,,,
FACTORY_S1v2,M_lower_lows_all,M,gov_lower_lows_all,BASE,"{""gov"": ""lower_lows"", ""gov_action"": ""all"", ""gov_x"": null}",{},492226.1400000268,578.75,492804.8900000268,4,-201205.8199999999,2025-04-06,-194408.75,13753.89000000013,446.9791666666667,5.28807336595147,3389,1.9114495205865765,10541.359999999448,1177.7700000000004,16.312944601186256,32.0,32,0.4617170186119617,0.3848134461127252,0.3439836826636707,445.78333333333336,445.9423611111111,445.78333333333336,1095320.0,357132.41587249,-66246.10999999987,2.449257630818169,1.379894033970798,445.78333333333336,445.7840277777778,0.473209249858996,1.9114495205865765,167222.74000000634,-166091.42999999996,-70530.46999999869,-141822.8099999997,396185.1100000192,-201205.8199999999,-70530.46999999869,7,8,-166091.42999999996,137.13958333333332,0.640725994105176,126,0,138.92569444444445,-141822.8099999997,445.78333333333336,0.7842064421741473,317,0,445.9423611111111,-201205.8199999999,118.77222222222224,0.6630772333131679,145,0,120.9798611111111,21.19079732894897,,,,,,,,,,,,,,,,
FACTORY_S1v2,M_mom301.5_all,M,gov_mom30_all,BASE,"{""gov"": ""mom30"", ""gov_action"": ""all"", ""gov_x"": 1.5}",{},427061.77000002254,588.75,427650.5200000226,5,-200165.79999999987,2025-04-06,-193167.5,10651.41000000012,617.2090277777778,5.589524175330275,2964,1.6717428087986463,9503.22999999954,1302.270000000001,17.40722877051224,32.0,32,0.4863022909831587,0.4330173904029183,0.4003462951185276,610.7645833333333,611.9604166666667,610.7645833333333,1095320.0,381905.2305131948,-69348.58999999988,2.136481456872368,1.1197817831019397,610.7645833333333,610.7652777777778,0.4286520022560631,1.6717428087986463,144819.8400000045,-168273.91999999995,-103202.2799999992,-167165.54999999993,386106.7000000173,-200165.79999999987,-103202.2799999992,7,8,-168273.91999999995,144.93819444444443,0.6776117344916145,110,0,146.05208333333334,-167165.54999999993,610.7645833333333,0.9301315223676992,118,0,611.9604166666667,-200165.79999999987,118.76875,0.6629764065335754,128,0,120.9875,21.417524814605716,,,,,,,,,,,,,,,,
FACTORY_S1v2,M_24_8_vwap_dev2.0_coreonly,M,gov_vwap_dev_rec_continues,A_24_8_cf,"{""core_cap"": 24, ""gov"": ""vwap_dev"", ""gov_action"": ""core"", ""gov_x"": 2.0, ""rec_activation"": ""core_full"", ""rec_anchor"": ""runhigh"", ""rec_cap"": 8, ""rec_spacing"": ""ladder"", ""rec_step"": 5.0, ""rec_tp"": 3.0}",{},446067.9200000407,560.0,446627.9200000407,4,-205333.49999999948,2025-04-06,-198977.5,21719.099999998813,617.2083333333334,6.984719498524522,6260,3.5307388606880994,17993.32999999882,1319.7000000000007,17.606092104415264,32.0,32,0.5006724177058789,0.4338747229779139,0.382614079866413,453.90763888888887,614.0638888888889,453.90763888888887,1099040.0,387982.8631195699,-58280.90000000119,2.175134208495164,1.1511537298553245,453.90763888888887,453.9333333333333,0.4935138183869148,1.4901297236322617,154843.57000000408,-161450.98000000094,-97239.53999999377,-166752.83999999857,389087.63000003033,-205333.49999999948,-97239.53999999377,7,8,-161450.98000000094,84.01180555555555,0.565144698967544,548,457,98.09166666666668,-166752.83999999857,453.90763888888887,0.9052999411831576,819,719,614.0638888888889,-205333.49999999948,99.22916666666669,0.6623311151441823,225,99,119.94027777777778,24.475932121276852,2.0406091370558377,72621.18,0.0,0.0,0.382614079866413,453.90763888888887,4.744187089019699,8.0,,,,,,,,
FACTORY_S1v2,N_cap16,N,cap_fixed,BASE,"{""cap_total"": 16}",{},306436.7600000153,560.0,306996.7600000153,4,-106662.93,2025-04-06,-103278.75,83992.19000000003,758.9513888888889,14.580323781949987,2231,1.2583192329385222,6890.739999999701,791.8200000000004,11.611258513788766,16.0,16,0.5994323673866205,0.0,0.0,0.0,0.0,762.8027777777778,595760.0,262432.1600805921,43992.19000000003,2.8781954517845643,1.1698137907554378,762.8027777777778,762.8034722222222,0.3243090806542583,1.2583192329385222,120680.670000003,-90061.67000000001,-73508.60999999987,-102010.09999999992,259897.19000001217,-106662.93,-73508.60999999987,7,8,-90061.67000000001,0.0,0.0,67,0,0.0,-102010.09999999992,0.0,0.0,8,0,0.0,-106662.93,0.0,0.0,131,0,0.0,20.32393169403076,,,,,,,,,,,,,,,,
FACTORY_S1v2,N_cap20,N,cap_fixed,BASE,"{""cap_total"": 20}",{},351760.2800000184,560.0,352320.2800000184,4,-131999.11999999994,2025-04-06,-127797.5,69061.40000000014,758.8604166666667,10.17405718450625,2531,1.4275239706711789,7809.719999999635,921.3,13.631491282384616,20.0,20,0.577420493610631,0.0,0.0,0.0,0.0,757.9618055555555,702400.0,307490.92129981145,19061.40000000014,2.6691108243753336,1.1457908367203375,757.9618055555555,757.9625,0.3530738860688099,1.4275239706711789,140038.90000000433,-110226.61,-91295.30999999982,-126214.9599999999,303640.4300000139,-131999.11999999994,-91295.30999999982,7,8,-110226.61,0.0,0.0,73,0,0.0,-126214.9599999999,0.0,0.0,7,0,0.0,-131999.11999999994,0.0,0.0,144,0,0.0,20.225506067276,,,,,,,,,,,,,,,,
FACTORY_S1v2,M_24_8_mom301.5_coreonly,M,gov_mom30_rec_continues,A_24_8_cf,"{""core_cap"": 24, ""gov"": ""mom30"", ""gov_action"": ""core"", ""gov_x"": 1.5, ""rec_activation"": ""core_full"", ""rec_anchor"": ""runhigh"", ""rec_cap"": 8, ""rec_spacing"": ""ladder"", ""rec_step"": 5.0, ""rec_tp"": 3.0}",{},435035.86000004073,588.75,435624.61000004073,5,-199745.38999999836,2025-04-06,-195331.25,14069.299999999872,660.9131944444445,7.599496002977819,6003,3.3857868020304567,17229.139999998875,1289.8200000000006,18.057365635532797,32.0,32,0.5131485678903736,0.4517610339542924,0.4019825115361662,623.2458333333333,660.8951388888889,623.2458333333333,1099040.0,397980.6791944156,-65930.70000000013,2.1808994440374536,1.0945873324348891,623.2458333333333,623.2479166666667,0.4709531866892273,1.485617597292724,161203.14000000438,-168090.82999999993,-121718.67999999702,-182458.99999999965,396213.89000003337,-199745.38999999836,-121718.67999999702,7,8,-168090.82999999993,98.09166666666668,0.602823310409018,424,326,99.94097222222224,-182458.99999999965,623.2458333333333,0.955778631198628,333,302,640.0368055555556,-199745.38999999836,94.89097222222222,0.6000604960677556,517,399,104.9263888888889,23.50723648071289,1.9001692047377328,69678.69,0.0,0.0,0.4019825115361662,623.2458333333333,4.600432588724115,8.0,,,,,,,,
FACTORY_S1v2,N_cap24,N,cap_fixed,BASE,"{""cap_total"": 24}",{},374578.8900000199,560.0,375138.8900000199,4,-156817.80999999994,2025-04-06,-151798.75,50769.07000000012,758.8194444444445,7.861892506037037,2705,1.5256627185561196,8398.609999999597,1075.68,15.520151518123058,24.0,24,0.5657834646882643,0.0,0.0,0.0,0.0,757.1631944444445,835110.0,348573.0910306482,-9230.929999999877,2.3921956951191965,1.0762129942125565,757.1631944444445,757.1638888888889,0.3716864072194021,1.5256627185561196,147117.74000000488,-129931.55,-108218.24999999988,-149949.81999999995,336311.8900000149,-156817.80999999994,-108218.24999999988,7,8,-129931.55,0.0,0.0,100,0,0.0,-149949.81999999995,0.0,0.0,8,0,0.0,-156817.80999999994,0.0,0.0,146,0,0.0,21.1670184135437,,,,,,,,,,,,,,,,
FACTORY_S1v2,N_cap28,N,cap_fixed,BASE,"{""cap_total"": 28}",{},437611.4600000234,560.0,438171.4600000235,4,-181073.99999999988,2025-04-06,-175237.5,34196.68000000002,751.0534722222222,6.589498399940084,3031,1.709531866892273,9576.039999999526,1215.12,17.14083088414523,28.0,28,0.5473858360813737,0.4924423051599653,0.0,0.0,756.0361111111112,753.0895833333333,972020.0,381831.5044120408,-35803.31999999998,2.419847465677148,1.1475518780849088,753.0895833333333,753.0902777777778,0.3965031020868584,1.709531866892273,163809.99000000604,-149201.49000000005,-125119.32999999984,-174929.15999999997,399535.79000001727,-181073.99999999988,-125119.32999999984,7,8,-149201.49000000005,0.0,0.0,104,0,146.8138888888889,-174929.15999999997,0.0,0.0,6,0,721.25625,-181073.99999999988,0.0,0.0,150,0,122.97569444444444,21.164746284484863,,,,,,,,,,,,,,,,
FACTORY_S1v2,N_eqcap7500,N,cap_equity,BASE,"{""eq_cap_Q"": 7500.0}",{},465348.7400000263,560.0,465908.7400000263,4,-204875.1899999999,2025-04-06,-198221.25,59142.69000000012,617.9534722222222,5.647061049673631,3364,1.8973491257755215,10372.509999999453,1264.9200000000008,17.406096867374014,32.0,32,0.5264204123601581,0.3667282115650242,0.3475250825812995,616.0604166666667,621.1097222222222,616.0604166666667,1108200.0,388223.1656515027,4142.690000000119,2.2741101057674507,1.2001054579475037,616.0604166666667,616.0611111111111,0.4309080654258319,1.8973491257755215,155745.48000000534,-120132.83,-107072.2599999992,-171023.68999999994,417290.51000002015,-204875.1899999999,-107072.2599999992,7,8,-120132.83,0.0,0.0,74,0,0.0,-171023.68999999994,616.0604166666667,0.944311818231244,121,0,621.1097222222222,-204875.1899999999,121.16597222222222,0.6908449284129865,151,0,122.16666666666669,21.887943506240845,,,,,,,,,,,,,,,,
FACTORY_S1v2,N_eqcap5000,N,cap_equity,BASE,"{""eq_cap_Q"": 5000.0}",{},479041.05000002735,560.0,479601.0500000273,4,-204875.1899999999,2025-04-06,-198221.25,16064.250000000058,617.9534722222222,5.467391144638244,3438,1.939086294416244,10696.449999999437,1344.6000000000006,18.11105118499612,32.0,32,0.516988353164986,0.4548121292947178,0.4196124632621785,616.0604166666667,621.1097222222222,616.0604166666667,1108200.0,398536.7630529585,-63935.74999999994,2.3409425514139977,1.2034047908807268,616.0604166666667,616.0611111111111,0.4376762549351382,1.939086294416244,169437.79000000632,-168005.18000000005,-107072.2599999992,-171023.68999999994,417290.51000002015,-204875.1899999999,-107072.2599999992,7,8,-168005.18000000005,145.00694444444446,0.6793181308926693,109,0,145.99444444444444,-171023.68999999994,616.0604166666667,0.944311818231244,121,0,621.1097222222222,-204875.1899999999,121.16597222222222,0.6908449284129865,151,0,122.16666666666669,22.020530700683597,,,,,,,,,,,,,,,,
FACTORY_S1v2,N_ddcap25000,N,cap_dd,BASE,"{""dd_cap_X"": 25000.0}",{},479737.3100000273,560.0,480297.3100000273,4,-204875.1899999999,2025-04-06,-198221.25,16760.51000000001,617.9534722222222,5.473866046002617,3439,1.939650310208686,10700.189999999437,1344.6000000000006,18.122979594924367,32.0,32,0.516988353164986,0.4548121292947178,0.4196124632621785,616.0604166666667,621.1097222222222,616.0604166666667,1108200.0,398709.56690170936,-63239.48999999999,2.3443410107394045,1.2046295094755806,616.0604166666667,616.0611111111111,0.4376762549351382,1.939650310208686,170134.05000000633,-168005.18000000008,-107072.2599999992,-171023.68999999994,417290.51000002015,-204875.1899999999,-107072.2599999992,7,8,-168005.18000000008,145.00694444444446,0.6793181308926693,109,0,145.99444444444444,-171023.68999999994,616.0604166666667,0.944311818231244,121,0,621.1097222222222,-204875.1899999999,121.16597222222222,0.6908449284129865,151,0,122.16666666666669,23.26922106742859,,,,,,,,,,,,,,,,
FACTORY_S1v2,N_ddcap50000,N,cap_dd,BASE,"{""dd_cap_X"": 50000.0}",{},479737.3100000273,560.0,480297.3100000273,4,-204875.1899999999,2025-04-06,-198221.25,16760.51000000001,617.9534722222222,5.473866046002617,3439,1.939650310208686,10700.189999999437,1344.6000000000006,18.122979594924367,32.0,32,0.516988353164986,0.4548121292947178,0.4196124632621785,616.0604166666667,621.1097222222222,616.0604166666667,1108200.0,398709.56690170936,-63239.48999999999,2.3443410107394045,1.2046295094755806,616.0604166666667,616.0611111111111,0.4376762549351382,1.939650310208686,170134.05000000633,-168005.18000000008,-107072.2599999992,-171023.68999999994,417290.51000002015,-204875.1899999999,-107072.2599999992,7,8,-168005.18000000008,145.00694444444446,0.6793181308926693,109,0,145.99444444444444,-171023.68999999994,616.0604166666667,0.944311818231244,121,0,621.1097222222222,-204875.1899999999,121.16597222222222,0.6908449284129865,151,0,122.16666666666669,23.31556534767151,,,,,,,,,,,,,,,,
FACTORY_S1v2,N_volcap,N,cap_vol,BASE,"{""vol_cap"": true}",{},424162.0700000237,560.0,424722.0700000236,4,-204875.1899999999,2025-04-06,-198221.25,21409.870000000024,706.1152777777778,6.26574373128811,3053,1.7219402143260012,9627.929999999522,1312.2300000000007,18.064245309186067,32.0,32,0.5385589528214927,0.4020609602685188,0.3352268429148187,648.0541666666667,652.125,648.0541666666667,1091360.0,398536.23268874624,-56090.129999999976,2.0730771256393896,1.0657050354860162,648.0541666666667,648.0548611111111,0.4038353073886069,1.7219402143260012,166423.9200000062,-163355.8200000001,-118542.64999999956,-177578.35999999987,376913.2900000169,-204875.1899999999,-118542.64999999956,7,8,-163355.8200000001,39.16875,0.1856869538238792,109,0,145.98888888888888,-177578.35999999987,627.2402777777778,0.8672666973107358,40,0,631.3111111111111,-204875.1899999999,121.16597222222222,0.6908449284129865,151,0,122.16666666666669,22.481152296066284,,,,,,,,,,,,,,,,
FACTORY_S1v2,N_notional3.0,N,cap_notional_equity,BASE,"{""notional_L"": 3.0}",{},479688.5500000273,560.0,480248.5500000273,4,-204875.1899999999,2025-04-06,-198221.25,21409.870000000024,617.9534722222222,5.473389444309393,3439,1.939650310208686,10697.699999999437,1342.1100000000008,18.0857906931786,32.0,32,0.516988353164986,0.4548121292947178,0.382423561516414,616.0604166666667,621.1097222222222,616.0604166666667,1108200.0,398192.431732092,-56090.129999999976,2.3441030121803794,1.2060715165052245,616.0604166666667,616.0611111111111,0.4382402707275803,1.939650310208686,170085.29000000632,-163355.8200000001,-107072.2599999992,-171023.68999999994,417290.51000002015,-204875.1899999999,-107072.2599999992,7,8,-163355.8200000001,47.16597222222222,0.227502283813365,109,0,145.99444444444444,-171023.68999999994,616.0604166666667,0.944311818231244,121,0,621.1097222222222,-204875.1899999999,121.16597222222222,0.6908449284129865,151,0,122.16666666666669,22.508852005004883,,,,,,,,,,,,,,,,
FACTORY_S1v2,O_skip5,O,skip_first,BASE,"{""skip_first"": 5}",{},493466.4500000269,583.75,494050.20000002696,7,-204875.1899999999,2025-04-06,-198191.25,14132.920000000073,617.9444444444445,6.018268768546446,3412,1.9244218838127467,10714.79999999944,1349.5800000000006,18.20397651020814,32.0,32,0.518897739275638,0.4564875700785328,0.4218482521342258,611.875,616.9972222222223,611.875,1095320.0,401475.40211629466,-65867.07999999993,2.411469148607146,1.2305864752753055,611.875,611.8756944444444,0.4359842075578116,1.9244218838127467,168472.2600000063,-169795.80000000008,-105816.6299999992,-170153.05999999994,431452.0600000199,-204875.1899999999,-105816.6299999992,7,8,-169795.80000000008,146.0402777777778,0.6871261871520417,110,0,146.09027777777777,-170153.05999999994,611.875,0.9388947376225144,131,0,616.9972222222223,-204875.1899999999,121.16597222222222,0.6908449284129865,154,0,122.16666666666669,21.73387360572815,,,,,,,,,,,,,,,,
FACTORY_S1v2,O_skip15,O,skip_first,BASE,"{""skip_first"": 15}",{},467282.2700000264,486.25,467768.5200000264,4,-203938.30999999988,2025-04-06,-197252.5,12064.070000000182,660.9430555555556,5.862817957267855,3317,1.8708403835307388,10402.729999999465,1327.1700000000008,18.261407986641306,32.0,32,0.5198335205829862,0.4588788555450646,0.4349015608495997,732.7333333333333,733.8756944444444,732.7333333333333,1083640.0,400809.46455413103,-67935.92999999982,2.293676553463774,1.1670595666207186,732.7333333333333,732.74375,0.4275239706711788,1.8708403835307388,162623.06000000628,-170367.68,-123639.39999999944,-183999.36,428842.3500000196,-203938.30999999988,-123639.39999999944,7,8,-170367.68,146.80625,0.6882982574073117,115,0,146.92430555555555,-183999.36,709.0451388888889,0.9799231921234856,44,0,710.1875,-203938.30999999988,121.07638888888889,0.6882435974994958,152,0,122.08194444444445,22.193868160247803,,,,,,,,,,,,,,,,
FACTORY_S1v2,O_skip30,O,skip_first,BASE,"{""skip_first"": 30}",{},454828.7100000241,576.25,455404.9600000242,5,-199815.15999999983,2025-04-06,-193242.5,17645.84999999989,736.1875,6.176151239980204,3146,1.7743936830231246,10042.539999999502,1332.1500000000008,18.151547541332675,32.0,32,0.5130070799980948,0.4589797182009464,0.4374161228955427,732.7354166666667,733.93125,732.7354166666667,1097720.0,401262.4430493723,-62354.15000000011,2.2791311730302373,1.134930437394536,732.7354166666667,732.75625,0.4247038917089678,1.7743936830231246,167259.3100000061,-170884.55000000008,-125443.8399999995,-184312.0399999998,413656.9800000176,-199815.15999999983,-125443.8399999995,7,8,-170884.55000000008,146.80625,0.6882982574073117,107,0,146.92430555555555,-184312.0399999998,709.0472222222222,0.9760976260731602,38,0,710.2430555555555,-199815.15999999983,118.78263888888888,0.6633797136519459,141,0,120.975,22.113177061080933,,,,,,,,,,,,,,,,
FACTORY_S1v2,N_notional5.0,N,cap_notional_equity,BASE,"{""notional_L"": 5.0}",{},479737.3100000273,560.0,480297.3100000273,4,-204875.1899999999,2025-04-06,-198221.25,16760.51000000001,617.9534722222222,5.473866046002617,3439,1.939650310208686,10700.189999999437,1344.6000000000006,18.122979594924367,32.0,32,0.516988353164986,0.4548121292947178,0.4196124632621785,616.0604166666667,621.1097222222222,616.0604166666667,1108200.0,398709.56690170936,-63239.48999999999,2.3443410107394045,1.2046295094755806,616.0604166666667,616.0611111111111,0.4376762549351382,1.939650310208686,170134.05000000633,-168005.18000000008,-107072.2599999992,-171023.68999999994,417290.51000002015,-204875.1899999999,-107072.2599999992,7,8,-168005.18000000008,145.00694444444446,0.6793181308926693,109,0,145.99444444444444,-171023.68999999994,616.0604166666667,0.944311818231244,121,0,621.1097222222222,-204875.1899999999,121.16597222222222,0.6908449284129865,151,0,122.16666666666669,22.766589641571045,,,,,,,,,,,,,,,,
FACTORY_S1v2,P_eth_gapdown_init,P,eth_gapdown_init,BASE,"{""eth"": ""gapdown_init"", ""eth_k"": 0.5}",{},400338.4000000208,560.0,400898.4000000208,4,-203938.30999999988,2025-04-06,-197158.75,13590.320000000123,288.84791666666666,5.840481044165924,2843,1.6034968979131416,8775.349999999567,921.3000000000004,12.74057424472082,32.0,32,0.3676962128874457,0.3182721106351265,0.2992552973907391,280.0083333333333,282.23055555555555,280.0083333333333,1004415.0,270524.3592384589,-66409.67999999988,1.9657826918347072,1.4819308735397136,280.0083333333333,283.775,0.4207557811618725,1.6034968979131416,116277.02000000246,-166679.55,-6757.2099999962375,-113568.30999999988,291400.4600000145,-203938.30999999988,-6757.2099999962375,7,8,-166679.55,139.86875,0.6549459641139666,72,0,140.85833333333332,-113568.30999999988,280.0083333333333,0.6353256920864163,572,0,282.23055555555555,-203938.30999999988,121.0736111111111,0.6881629360758217,65,0,122.07916666666668,18.804001331329346,,,,,,,,,,,,,,,,
FACTORY_S1v2,O_core_cutoff1500,O,core_cutoff,BASE,"{""core_cutoff"": 900}",{},480702.3000000262,560.0,481262.3000000261,4,-202952.67999999988,2025-04-06,-196110.0,16064.110000000044,448.1277777777778,5.397973214974174,3348,1.8883248730964468,10530.199999999457,1257.4500000000007,17.310085425066053,32.0,32,0.4869971226125669,0.4265607795562603,0.3827317529649418,447.8104166666666,447.94097222222223,447.8104166666666,1108200.0,381432.8865806439,-63935.88999999996,2.371303005212971,1.2617220930117046,447.8104166666666,447.81111111111113,0.4608009024252679,1.8883248730964468,152318.13000000524,-168005.18000000005,-64544.689999997965,-146956.5599999997,393561.3500000189,-202952.67999999988,-64544.689999997965,7,8,-168005.18000000005,145.00694444444446,0.6793181308926693,100,0,145.99444444444444,-146956.5599999997,447.8104166666666,0.8333506324046204,315,0,447.94097222222223,-202952.67999999988,121.00763888888888,0.6862472272635612,142,0,121.03194444444443,19.24429988861084,,,,,,,,,,,,,,,,
FACTORY_S1v2,O_lunch_core_off,O,lunch_core_off,BASE,"{""lunch_core_off"": true}",{},415036.4600000227,402.5,415438.9600000228,3,-201627.6899999999,2025-04-06,-194973.75,11162.600000000122,665.0138888888889,5.352307739267894,2930,1.652566271855612,9393.539999999548,1312.2300000000007,18.194747577194956,32.0,32,0.5236733058575987,0.4633014028314389,0.4337934725051202,728.9375,729.9395833333333,728.9375,1095320.0,400930.1647073162,-68837.39999999988,2.0604261250030835,1.0361878366106432,728.9375,728.9381944444444,0.4083474337281444,1.652566271855612,156056.90000000573,-168716.37999999995,-121765.06999999948,-183999.36,381219.6200000165,-201627.6899999999,-121765.06999999948,7,8,-168716.37999999995,145.06805555555556,0.6808349276936071,101,0,146.05555555555554,-183999.36,708.0576388888888,0.978064777608082,40,0,709.0597222222223,-201627.6899999999,118.81180555555557,0.6642266586005243,153,0,121.00486111111113,21.003852128982544,,,,,,,,,,,,,,,,
FACTORY_S1v2,O_24_8_late_tp2,O,late_rec_tp,A_24_8_cf,"{""core_cap"": 24, ""late_rec_tp"": 2.0, ""rec_activation"": ""core_full"", ""rec_anchor"": ""runhigh"", ""rec_cap"": 8, ""rec_spacing"": ""ladder"", ""rec_step"": 5.0, ""rec_tp"": 3.0}",{},443578.4100000419,560.0,444138.4100000418,4,-205462.10999999932,2025-04-06,-199561.25,18705.50999999931,750.2743055555555,9.127357732339156,6545,3.691483361534123,18520.33999999876,1354.5600000000006,19.28049484339672,32.0,32,0.5657834646882643,0.4974770327327336,0.4467473194348329,740.8034722222222,751.0340277777777,740.8034722222222,1104720.0,430734.59506270295,-61294.49000000069,2.161656034779567,1.0311185010235542,740.8034722222222,740.8125,0.4534686971235194,1.5256627185561196,176717.34000000556,-167918.2400000004,-142169.03999999852,-198353.5399999995,409662.6000000348,-205462.10999999932,-142169.03999999852,7,8,-167918.2400000004,98.09166666666668,0.6017201854628815,428,328,99.94097222222224,-198353.5399999995,715.1152777777778,0.985938326339566,143,135,716.275,-205462.10999999932,99.22916666666669,0.6623311151441823,259,113,119.94027777777778,22.96357107162476,2.165820642978004,69278.4,0.0,0.0,0.4467473194348329,740.8034722222222,4.23965667472634,8.0,,,,,,,,
FACTORY_S1v2,P_eth_openloc_init,P,eth_openloc_init,BASE,"{""eth"": ""openloc_init""}",{},428396.92000002257,560.0,428956.9200000225,4,-203938.30999999988,2025-04-06,-197158.75,13752.920000000158,288.84791666666666,5.635873500960604,3031,1.709531866892273,9414.329999999523,1018.4100000000004,13.054859478708174,32.0,32,0.3740701723910893,0.3215249312873157,0.299158637345519,280.0083333333333,282.23055555555555,280.0083333333333,1039687.5,279265.9501069564,-66247.07999999984,2.103366062021514,1.5360158294834574,280.0083333333333,283.775,0.4483925549915397,1.709531866892273,124415.23000000318,-166679.55,-3782.079999996117,-113568.30999999988,308345.64000001544,-203938.30999999988,-3782.079999996117,7,8,-166679.55,139.86875,0.6549459641139666,88,0,140.85833333333332,-113568.30999999988,280.0083333333333,0.6367491585237467,624,0,282.23055555555555,-203938.30999999988,121.0736111111111,0.6881629360758217,101,0,122.07916666666668,18.702651262283325,,,,,,,,,,,,,,,,
FACTORY_S1v2,P_eth_below_onlow_adds,P,eth_below_onlow_adds,BASE,"{""eth"": ""below_onlow_adds""}",{},390559.6600000208,427.5,390987.1600000209,3,-200949.54999999987,2025-04-06,-194097.5,15266.470000000205,446.9451388888889,5.077652645658134,2747,1.5493513818386917,8624.089999999587,1008.4500000000004,13.913520078672873,32.0,32,0.3899196180667431,0.3371054098806178,0.309971954578184,446.77569444444447,446.9034722222222,446.77569444444447,1004415.0,300671.4382489402,-64733.5299999998,1.9456981117898555,1.3003801168380482,446.77569444444447,446.7763888888889,0.4788494077834179,1.5493513818386917,138044.67000000423,-165269.53999999998,-65116.8199999982,-142708.57999999984,318076.81000001484,-200949.54999999987,-65116.8199999982,7,8,-165269.53999999998,102.25694444444444,0.4761018322215902,162,0,104.08055555555556,-142708.57999999984,446.77569444444447,0.7274704309445787,345,0,446.9034722222222,-200949.54999999987,118.78402777777778,0.663420044363783,92,0,120.97847222222222,18.691895246505737,,,,,,,,,,,,,,,,
FACTORY_S1v2,P_eth_onret_pause,P,eth_onret_pause,BASE,"{""eth"": ""onret_pause"", ""eth_k"": 0.25}",{},378991.59000001993,583.75,379575.3400000199,5,-202952.67999999988,2025-04-06,-196031.25,11099.990000000107,750.275,6.2536260847375695,2711,1.5290468133107726,8717.159999999596,1264.9200000000008,17.63568828956548,32.0,32,0.494546412231278,0.4321796700110108,0.4110265296802373,744.01875,755.9965277777778,744.01875,1108200.0,394396.9716968181,-68900.0099999999,1.8702652263572968,0.9624195093764768,744.01875,746.9673611111111,0.3581500282007896,1.5290468133107726,151160.0400000047,-165013.93,-141127.8999999998,-198392.78000000003,369598.19000001496,-202952.67999999988,-141127.8999999998,7,8,-165013.93,96.26944444444445,0.4654670182877432,200,0,104.08125,-198392.78000000003,709.2784722222223,0.9777435091413236,6,0,721.25625,-202952.67999999988,121.00763888888888,0.6862472272635612,145,0,121.03194444444443,20.410933017730716,,,,,,,,,,,,,,,,
FACTORY_S1v2,Q_24_8_rec,Q,recovery_core_off,A_24_8_cf,"{""core_cap"": 24, ""rec_activation"": ""core_full"", ""rec_anchor"": ""runhigh"", ""rec_cap"": 8, ""rec_spacing"": ""ladder"", ""rec_step"": 5.0, ""rec_tp"": 3.0, ""recovery"": {""h"": 24, ""rec_step"": 10.0, ""rec_tp"": 2.0}}",{},440607.1700000486,560.0,441167.1700000486,4,-203715.9899999983,2025-04-06,-198783.75,18544.02999999881,747.3833333333333,9.072902015511806,8050,4.540327129159617,22246.58000000106,1344.6000000000006,19.108532420339515,32.0,32,0.5657834646882643,0.4936568596412091,0.4074991384648143,660.9381944444444,746.2229166666667,660.9381944444444,1098200.0,426837.381619462,-61455.9700000012,2.165599126509668,1.0335720089140694,660.9381944444444,660.9388888888889,0.4895657078398195,1.5256627185561196,176536.71000000462,-166152.120000001,-141159.719999998,-197324.64999999927,405862.670000042,-203715.9899999983,-141159.719999998,7,8,-166152.120000001,84.06041666666667,0.4995087646724236,790,690,99.94097222222224,-197324.64999999927,640.0583333333333,0.9827355268555724,200,192,715.2881944444445,-203715.9899999983,94.87083333333334,0.5908852591248236,552,406,119.93888888888888,25.796265602111816,3.0146644106034968,66297.20000000001,0.0,0.0,0.4074991384648143,660.9381944444444,4.411619097783543,8.0,,,,,,,,
FACTORY_S1v2,R_roll2x,R,roll_slippage_2x,BASE,{},"{""roll_slippage_ticks"": 2.0}",479062.3100000273,560.0,479622.3100000273,4,-204915.1899999999,2025-04-06,-198221.25,16703.01000000001,617.9604166666667,5.473866046002617,3439,1.939650310208686,11375.189999999437,2019.6000000000008,18.122979594924367,32.0,32,0.516988353164986,0.4548121292947178,0.4196124632621785,616.0604166666667,621.1097222222222,616.0604166666667,1108200.0,398709.56690170936,-63296.98999999999,2.3405893433279767,1.2029365478412628,616.0604166666667,616.0611111111111,0.4376762549351382,1.939650310208686,169954.05000000633,-168045.18000000008,-107232.2599999992,-171103.68999999994,416955.51000002015,-204915.1899999999,-107232.2599999992,7,8,-168045.18000000008,145.00694444444446,0.6793181308926693,109,0,145.99444444444444,-171103.68999999994,616.0604166666667,0.944311818231244,121,0,621.1097222222222,-204915.1899999999,121.16597222222222,0.6908449284129865,151,0,122.16666666666669,23.091684818267822,,,,,,,,,,,,,,,,
FACTORY_S1v2,Q_16_16_rec_layer,Q,recovery_layer_exit,A_16_16_cf,"{""core_cap"": 16, ""rec_activation"": ""core_full"", ""rec_anchor"": ""runhigh"", ""rec_cap"": 16, ""rec_spacing"": ""ladder"", ""rec_step"": 5.0, ""rec_tp"": 3.0, ""recovery"": {""h"": 16, ""layer_x"": 5.0, ""rec_step"": 10.0, ""rec_tp"": 2.0}}",{},250941.0000000185,560.0,251501.0000000185,4,-97719.00999999924,2025-04-06,-94351.25,87687.00000000003,763.7756944444444,28.14803126328441,2702,1.523970671178793,7838.999999999597,674.7900000000001,9.909460356773629,15.0,30,0.0104883153414901,0.0011641231533028,0.0,0.0,3.154861111111111,0.0,749925.0,225604.7058978037,50187.00000000003,2.5737162093641803,1.1147861433083115,751.0555555555555,764.7763888888888,0.3542019176536943,1.1754089114495203,106568.90000000253,-84914.79000000001,-55364.99999999988,-77251.44999999995,200369.59000001583,-97719.00999999924,-55364.99999999988,7,8,-84914.79000000001,0.0,0.0,78,1,0.0,-77251.44999999995,0.0,0.0,12,0,0.0,-97719.00999999924,0.0,0.0,184,79,0.0,53.407692432403564,0.3485617597292724,6107.430000000002,0.0,0.0,0.0,0.0,15.962280168440635,14.0,,,,,,,,
FACTORY_S1v2,R_close_reopen,R,roll_close_reopen_reporting,BASE,{},"{""roll_mode"": ""close_reopen""}",479737.3100000273,560.0,480297.3100000273,4,-204875.1899999999,2025-04-06,-198221.25,16760.51000000001,617.9534722222222,5.473866046002617,3439,1.939650310208686,10700.189999999437,1344.6000000000006,18.122979594924367,32.0,32,0.516988353164986,0.4548121292947178,0.4196124632621785,616.0604166666667,621.1097222222222,616.0604166666667,1108200.0,398709.56690170936,-63239.48999999999,2.3443410107394045,1.2046295094755806,616.0604166666667,616.0611111111111,0.4376762549351382,1.939650310208686,170134.05000000633,-168005.18000000008,-107072.2599999992,-171023.68999999994,417290.51000002015,-204875.1899999999,-107072.2599999992,7,8,-168005.18000000008,145.00694444444446,0.6793181308926693,109,0,145.99444444444444,-171023.68999999994,616.0604166666667,0.944311818231244,121,0,621.1097222222222,-204875.1899999999,121.16597222222222,0.6908449284129865,151,0,122.16666666666669,22.006798028945923,,,,,,,,,,,,,,,,
FACTORY_S1v2,Q_24_8_rec_confirm,Q,recovery_confirm_vwap,A_24_8_cf,"{""core_cap"": 24, ""rec_activation"": ""core_full"", ""rec_anchor"": ""runhigh"", ""rec_cap"": 8, ""rec_spacing"": ""ladder"", ""rec_step"": 5.0, ""rec_tp"": 3.0, ""recovery"": {""confirm"": ""vwap"", ""h"": 24, ""layer_x"": 5.0, ""rec_step"": 10.0, ""rec_tp"": 2.0}}",{},311689.01000002,560.0,312249.01000002,4,-114684.56999999996,2020-03-22,-114147.5,62162.36000000007,758.8645833333334,14.84199110893701,2866,1.616469261139312,8418.489999999561,704.6700000000001,10.447737734680784,21.0,32,0.1401570655691315,0.0042978698367425,0.0001050652665435,0.7298611111111111,5.845833333333333,0.7298611111111111,947360.0,237294.6679552338,9662.360000000072,2.722676729746819,1.3158703172332826,477.0798611111111,484.0104166666667,0.4004512126339537,1.395375070501974,125387.53000000352,-114684.56999999996,-54055.13999999943,-75817.8399999995,240955.99000001588,-98212.74999999984,-54055.13999999943,7,8,-114684.56999999996,0.0,0.0,97,1,0.0006944444444444,-75817.8399999995,0.0,0.0,60,0,0.0,-98212.74999999984,0.0,0.0,110,0,0.0,54.95567440986633,0.2210941906373378,5700.17,0.0,0.0,0.0001050652665435,0.7298611111111111,7.986050134343454,8.0,,,,,,,,
FACTORY_S1v2,Q_24_8_rec_layer,Q,recovery_layer_exit,A_24_8_cf,"{""core_cap"": 24, ""rec_activation"": ""core_full"", ""rec_anchor"": ""runhigh"", ""rec_cap"": 8, ""rec_spacing"": ""ladder"", ""rec_step"": 5.0, ""rec_tp"": 3.0, ""recovery"": {""h"": 24, ""layer_x"": 5.0, ""rec_step"": 10.0, ""rec_tp"": 2.0}}",{},324133.5100000202,560.0,324693.5100000202,4,-125585.94999999995,2025-04-06,-121716.25,61687.23000000004,763.76875,10.721310332424752,2929,1.6520022560631695,8607.739999999547,734.55,10.655985498191477,21.0,32,0.1941704186640741,0.0048147909481369,0.0001050652665435,0.7298611111111111,5.845833333333333,0.7298611111111111,947360.0,242618.90667507652,9187.23000000004,2.5854286247786504,1.3382860983495437,751.0555555555555,763.9854166666667,0.3812746756909193,1.3965031020868584,131445.69000000367,-115112.18,-55349.29999999981,-77038.86999999988,248636.49000001635,-125585.94999999995,-55349.29999999981,7,8,-115112.18,0.0,0.0,119,1,0.0006944444444444,-77038.86999999988,0.0,0.0,19,0,0.0,-125585.94999999995,0.0,0.0,131,1,0.0027777777777777,56.3006317615509,0.2554991539763113,6147.030000000001,0.0,0.0,0.0001050652665435,0.7298611111111111,7.985352500973605,8.0,,,,,,,,
FACTORY_S3v2,N_cap16__cap18,S3,N_cap16,N_cap16,"{""cap_total"": 18}",{},335639.86000001675,560.0,336199.86000001675,4,-119392.90000000002,2025-04-06,-115600.0,74723.55000000005,758.9326388888888,12.449793596805346,2390,1.3479977439368305,7412.639999999666,856.5600000000004,12.699602993379488,18.0,18,0.5931732792410646,0.0,0.0,0.0,0.0,762.7645833333333,632790.0,286259.4702801881,29723.550000000047,2.8159116664392663,1.174458471787667,762.7645833333333,762.7652777777778,0.3344613649182177,1.3479977439368305,130607.59000000358,-100211.63999999998,-82358.5199999999,-114167.52999999993,288023.28000001307,-119392.90000000002,-82358.5199999999,7,8,-100211.63999999998,0.0,0.0,79,0,0.0,-114167.52999999993,0.0,0.0,8,0,0.0,-119392.90000000002,0.0,0.0,144,0,0.0,20.673946857452396,,,,,,,,,,,,,,,,
FACTORY_S3v2,N_cap16__cap14,S3,N_cap16,N_cap16,"{""cap_total"": 14}",{},277856.9100000138,560.0,278416.9100000138,4,-93832.95999999996,2025-04-06,-90857.5,93887.11000000004,763.7659722222222,17.908952242446016,2026,1.1426959954878737,6243.089999999745,717.1200000000002,10.635782147870255,14.0,14,0.0,0.0,0.0,0.0,0.0,762.8243055555556,522725.0,241145.36759184804,58887.11000000005,2.9671547183421896,1.15456047437432,762.8243055555556,762.825,0.2989283699943598,1.1426959954878737,116892.42000000272,-79792.94999999998,-64937.45999999991,-89737.66999999993,226516.940000011,-93832.95999999996,-64937.45999999991,7,8,-79792.94999999998,0.0,0.0,73,0,0.0,-89737.66999999993,0.0,0.0,6,0,0.0,-93832.95999999996,0.0,0.0,120,0,0.0,20.723058223724365,,,,,,,,,,,,,,,,
FACTORY_S3v2,N_cap16__cap13,S3,N_cap16,N_cap16,"{""cap_total"": 13}",{},262521.9400000127,560.0,263081.9400000127,4,-87367.34999999998,2025-04-06,-84578.75,98368.94,763.7680555555555,23.72539916350939,1921,1.083474337281444,5854.309999999768,674.7900000000001,10.110349349015609,13.0,13,0.0,0.0,0.0,0.0,0.0,762.9520833333333,485387.5,230040.42930018128,65868.94,3.011215745928116,1.1436334943398812,762.9520833333333,762.9527777777778,0.2915961646926114,1.083474337281444,114140.46000000252,-74613.59,-60216.24999999988,-83559.57999999996,209221.47000001004,-87367.34999999998,-60216.24999999988,7,8,-74613.59,0.0,0.0,72,0,0.0,-83559.57999999996,0.0,0.0,7,0,0.0,-87367.34999999998,0.0,0.0,93,0,0.0,20.80438494682312,,,,,,,,,,,,,,,,
FACTORY_S3v2,N_cap16__cap19,S3,N_cap16,N_cap16,"{""cap_total"": 19}",{},349482.0500000179,560.0,350042.0500000179,4,-125713.50999999997,2025-04-06,-121716.25,73857.00000000012,758.925,11.706629520912667,2470,1.3931190073322053,7734.199999999648,891.4199999999998,13.17069883811824,19.0,19,0.5833139546286153,0.0,0.0,0.0,0.0,762.7604166666666,667446.25,297230.04417294025,26357.00000000012,2.7844425790037843,1.1776805772580297,762.7604166666666,762.7611111111111,0.3463056965595036,1.3931190073322053,137755.53000000428,-105238.5,-86740.34999999986,-120203.11999999994,299099.3600000135,-125713.50999999997,-86740.34999999986,7,8,-105238.5,0.0,0.0,73,0,0.0,-120203.11999999994,0.0,0.0,8,0,0.0,-125713.50999999997,0.0,0.0,144,0,0.0,20.8016357421875,,,,,,,,,,,,,,,,
FACTORY_S3v2,N_cap20__cap18,S3,N_cap20,N_cap20,"{""cap_total"": 18}",{},335639.86000001675,560.0,336199.86000001675,4,-119392.90000000002,2025-04-06,-115600.0,74723.55000000005,758.9326388888888,12.449793596805346,2390,1.3479977439368305,7412.639999999666,856.5600000000004,12.699602993379488,18.0,18,0.5931732792410646,0.0,0.0,0.0,0.0,762.7645833333333,632790.0,286259.4702801881,29723.550000000047,2.8159116664392663,1.174458471787667,762.7645833333333,762.7652777777778,0.3344613649182177,1.3479977439368305,130607.59000000358,-100211.63999999998,-82358.5199999999,-114167.52999999993,288023.28000001307,-119392.90000000002,-82358.5199999999,7,8,-100211.63999999998,0.0,0.0,79,0,0.0,-114167.52999999993,0.0,0.0,8,0,0.0,-119392.90000000002,0.0,0.0,144,0,0.0,20.31654405593872,,,,,,,,,,,,,,,,
FACTORY_S3v2,N_cap20__cap16,S3,N_cap20,N_cap20,"{""cap_total"": 16}",{},306436.7600000153,560.0,306996.7600000153,4,-106662.93,2025-04-06,-103278.75,83992.19000000003,758.9513888888889,14.580323781949987,2231,1.2583192329385222,6890.739999999701,791.8200000000004,11.611258513788766,16.0,16,0.5994323673866205,0.0,0.0,0.0,0.0,762.8027777777778,595760.0,262432.1600805921,43992.19000000003,2.8781954517845643,1.1698137907554378,762.8027777777778,762.8034722222222,0.3243090806542583,1.2583192329385222,120680.670000003,-90061.67000000001,-73508.60999999987,-102010.09999999992,259897.19000001217,-106662.93,-73508.60999999987,7,8,-90061.67000000001,0.0,0.0,67,0,0.0,-102010.09999999992,0.0,0.0,8,0,0.0,-106662.93,0.0,0.0,131,0,0.0,20.42900514602661,,,,,,,,,,,,,,,,
FACTORY_S3v2,N_cap20__cap24,S3,N_cap20,N_cap20,"{""cap_total"": 24}",{},374578.8900000199,560.0,375138.8900000199,4,-156817.80999999994,2025-04-06,-151798.75,50769.07000000012,758.8194444444445,7.861892506037037,2705,1.5256627185561196,8398.609999999597,1075.68,15.520151518123058,24.0,24,0.5657834646882643,0.0,0.0,0.0,0.0,757.1631944444445,835110.0,348573.0910306482,-9230.929999999877,2.3921956951191965,1.0762129942125565,757.1631944444445,757.1638888888889,0.3716864072194021,1.5256627185561196,147117.74000000488,-129931.55,-108218.24999999988,-149949.81999999995,336311.8900000149,-156817.80999999994,-108218.24999999988,7,8,-129931.55,0.0,0.0,100,0,0.0,-149949.81999999995,0.0,0.0,8,0,0.0,-156817.80999999994,0.0,0.0,146,0,0.0,20.266675233840942,,,,,,,,,,,,,,,,
FACTORY_S3v2,N_cap20__cap22,S3,N_cap20,N_cap20,"{""cap_total"": 22}",{},362437.7500000191,560.0,362997.7500000191,4,-144492.83999999997,2025-04-06,-139882.5,59991.520000000135,758.8284722222222,8.93001834307507,2618,1.4765933446136492,8128.499999999615,1008.4499999999998,14.65754046413632,22.0,22,0.5757646650099042,0.0,0.0,0.0,0.0,757.1909722222222,771732.5,329723.79656317504,4991.520000000135,2.51221963662711,1.1009146254643127,757.1909722222222,757.1916666666667,0.3609701071630005,1.4765933446136492,141767.2800000045,-120132.83,-99712.08999999984,-138136.13999999996,321015.0500000144,-144492.83999999997,-99712.08999999984,7,8,-120132.83,0.0,0.0,74,0,0.0,-138136.13999999996,0.0,0.0,8,0,0.0,-144492.83999999997,0.0,0.0,145,0,0.0,20.338924169540405,,,,,,,,,,,,,,,,
FACTORY_S3v2,N_cap24__cap26,S3,N_cap24,N_cap24,"{""cap_total"": 26}",{},414383.4900000219,560.0,414943.4900000219,4,-168996.5299999999,2025-04-06,-163568.75,42512.88000000012,751.0534722222222,7.323597503805665,2887,1.6283135927805978,9079.009999999556,1145.4000000000003,16.3451085814508,26.0,26,0.5573180059452932,0.502992258791161,0.0,0.0,756.06875,756.0673611111112,903727.5,365142.6590285385,-22487.11999999988,2.455337337399899,1.136387326268529,756.0673611111112,756.0680555555556,0.3857868020304568,1.6283135927805978,153099.39000000537,-139627.77,-117013.1699999998,-162434.21999999997,378912.2600000163,-168996.5299999999,-117013.1699999998,7,8,-139627.77,0.0,0.0,102,0,146.8138888888889,-162434.21999999997,0.0,0.0,6,0,721.25625,-168996.5299999999,0.0,0.0,153,0,122.98611111111111,20.57701563835144,,,,,,,,,,,,,,,,
FACTORY_S3v2,N_cap24__cap19,S3,N_cap24,N_cap24,"{""cap_total"": 19}",{},349482.0500000179,560.0,350042.0500000179,4,-125713.50999999997,2025-04-06,-121716.25,73857.00000000012,758.925,11.706629520912667,2470,1.3931190073322053,7734.199999999648,891.4199999999998,13.17069883811824,19.0,19,0.5833139546286153,0.0,0.0,0.0,0.0,762.7604166666666,667446.25,297230.04417294025,26357.00000000012,2.7844425790037843,1.1776805772580297,762.7604166666666,762.7611111111111,0.3463056965595036,1.3931190073322053,137755.53000000428,-105238.5,-86740.34999999986,-120203.11999999994,299099.3600000135,-125713.50999999997,-86740.34999999986,7,8,-105238.5,0.0,0.0,73,0,0.0,-120203.11999999994,0.0,0.0,8,0,0.0,-125713.50999999997,0.0,0.0,144,0,0.0,20.741196393966675,,,,,,,,,,,,,,,,
FACTORY_S3v2,N_cap24__cap22,S3,N_cap24,N_cap24,"{""cap_total"": 22}",{},362437.7500000191,560.0,362997.7500000191,4,-144492.83999999997,2025-04-06,-139882.5,59991.520000000135,758.8284722222222,8.93001834307507,2618,1.4765933446136492,8128.499999999615,1008.4499999999998,14.65754046413632,22.0,22,0.5757646650099042,0.0,0.0,0.0,0.0,757.1909722222222,771732.5,329723.79656317504,4991.520000000135,2.51221963662711,1.1009146254643127,757.1909722222222,757.1916666666667,0.3609701071630005,1.4765933446136492,141767.2800000045,-120132.83,-99712.08999999984,-138136.13999999996,321015.0500000144,-144492.83999999997,-99712.08999999984,7,8,-120132.83,0.0,0.0,74,0,0.0,-138136.13999999996,0.0,0.0,8,0,0.0,-144492.83999999997,0.0,0.0,145,0,0.0,20.76485562324524,,,,,,,,,,,,,,,,
FACTORY_S3v2,N_cap24__cap29,S3,N_cap24,N_cap24,"{""cap_total"": 29}",{},449434.640000025,560.0,449994.640000025,4,-187070.85999999996,2025-04-06,-181030.0,30122.330000000075,751.0534722222222,5.929608863142187,3211,1.811054709531867,10036.609999999486,1247.4900000000005,17.42200514959893,29.0,29,0.5390464556582549,0.4818867480478873,0.0,0.0,756.0277777777778,753.0791666666667,1006336.25,385799.0442387812,-42377.669999999925,2.405476940663154,1.166396461369955,753.0791666666667,753.0798611111111,0.4094754653130287,1.811054709531867,164375.08000000613,-153947.10000000003,-129128.6599999998,-181176.63,414803.2100000187,-187070.85999999996,-129128.6599999998,7,8,-153947.10000000003,0.0,0.0,108,0,146.06527777777777,-181176.63,0.0,0.0,6,0,721.25625,-187070.85999999996,0.0,0.0,151,0,122.97569444444444,20.881893634796143,,,,,,,,,,,,,,,,
FACTORY_S3v2,Q_16_16_rec_layer__lx4.5,S3,Q_16_16_rec_layer,Q_16_16_rec_layer,"{""core_cap"": 16, ""rec_activation"": ""core_full"", ""rec_anchor"": ""runhigh"", ""rec_cap"": 16, ""rec_spacing"": ""ladder"", ""rec_step"": 5.0, ""rec_tp"": 3.0, ""recovery"": {""h"": 16, ""layer_x"": 4.5, ""rec_step"": 10.0, ""rec_tp"": 2.0}}",{},248710.1100000177,560.0,249270.1100000177,4,-98399.7699999999,2025-04-06,-94351.25,87605.72000000003,763.7756944444444,27.655740893942404,2613,1.4737732656514382,7629.889999999616,674.7900000000001,9.89887958399758,15.0,30,0.0095609392554654,0.0011641231533028,0.0,0.0,3.154861111111111,0.0,749925.0,225377.29761277707,50105.72000000003,2.5332387463915618,1.106012507205988,751.0618055555556,764.7763888888888,0.3536379018612521,1.1725888324873095,105633.79000000248,-84917.28999999998,-55374.99999999988,-77261.44999999995,199083.81000001516,-98399.7699999999,-55374.99999999988,7,8,-84917.28999999998,0.0,0.0,78,1,0.0,-77261.44999999995,0.0,0.0,12,0,0.0,-98399.7699999999,0.0,0.0,108,3,0.0,53.40184164047241,0.3011844331641286,5371.590000000001,0.0,0.0,0.0,0.0,15.964056471880332,14.0,,,,,,,,
FACTORY_S3v2,Q_16_16_rec_layer__lx6.0,S3,Q_16_16_rec_layer,Q_16_16_rec_layer,"{""core_cap"": 16, ""rec_activation"": ""core_full"", ""rec_anchor"": ""runhigh"", ""rec_cap"": 16, ""rec_spacing"": ""ladder"", ""rec_step"": 5.0, ""rec_tp"": 3.0, ""recovery"": {""h"": 16, ""layer_x"": 6.0, ""rec_step"": 10.0, ""rec_tp"": 2.0}}",{},252355.8500000194,560.0,252915.85000001945,4,-97689.0099999992,2025-04-06,-94351.25,87797.00000000003,763.7736111111111,28.784249974745148,2811,1.5854483925549916,8127.899999999573,677.2800000000001,9.937486166406572,15.0,30,0.0134903802241952,0.0011739292448468,0.0,0.0,3.154861111111111,0.0,749925.0,226328.47601955332,50297.00000000003,2.5889897952699235,1.1174725091957456,751.0548611111111,764.7590277777778,0.3530738860688099,1.1630005640157923,107671.70000000267,-84909.79000000001,-55318.719999999856,-77205.16999999993,200635.36000001655,-97689.0099999992,-55318.719999999856,7,8,-84909.79000000001,0.0,0.0,78,1,0.0,-77205.16999999993,0.0,0.0,15,3,0.0,-97689.0099999992,0.0,0.0,184,79,0.0,53.27796030044556,0.4224478285391991,8198.740000000002,0.0,0.0,0.0,0.0,15.952203708943996,14.0,,,,,,,,
FACTORY_S3v2,Q_16_16_rec_layer__lx4.0,S3,Q_16_16_rec_layer,Q_16_16_rec_layer,"{""core_cap"": 16, ""rec_activation"": ""core_full"", ""rec_anchor"": ""runhigh"", ""rec_cap"": 16, ""rec_spacing"": ""ladder"", ""rec_step"": 5.0, ""rec_tp"": 3.0, ""recovery"": {""h"": 16, ""layer_x"": 4.0, ""rec_step"": 10.0, ""rec_tp"": 2.0}}",{},247756.31000001752,560.0,248316.31000001752,4,-98414.76999999996,2025-04-06,-94351.25,87553.22000000003,763.7756944444444,27.55027519210011,2608,1.4709531866892274,7614.939999999618,674.7900000000001,9.885794055267132,15.0,30,0.0094712835613483,0.0011641231533028,0.0,0.0,3.154861111111111,0.0,749925.0,225029.6808012137,50053.22000000003,2.523161005202955,1.1034824789151911,751.0618055555556,764.7763888888888,0.3547659334461365,1.1725888324873095,105093.7800000023,-84919.78999999998,-55384.99999999988,-77271.44999999995,198680.0200000151,-98414.76999999996,-55384.99999999988,7,8,-84919.78999999998,0.0,0.0,78,1,0.0,-77271.44999999995,0.0,0.0,12,0,0.0,-98414.76999999996,0.0,0.0,105,0,0.0,53.68837070465088,0.2983643542019176,5327.790000000001,0.0,0.0,0.0,0.0,15.96407748493364,14.0,,,,,,,,
FACTORY_S3v2,Q_16_16_rec_layer__lx5.5,S3,Q_16_16_rec_layer,Q_16_16_rec_layer,"{""core_cap"": 16, ""rec_activation"": ""core_full"", ""rec_anchor"": ""runhigh"", ""rec_cap"": 16, ""rec_spacing"": ""ladder"", ""rec_step"": 5.0, ""rec_tp"": 3.0, ""recovery"": {""h"": 16, ""layer_x"": 5.5, ""rec_step"": 10.0, ""rec_tp"": 2.0}}",{},253938.5400000196,560.0,254498.5400000196,4,-97704.00999999924,2025-04-06,-94351.25,87742.00000000003,763.7736111111111,28.46777214168434,2831,1.5967287084038353,8168.959999999569,674.7900000000001,9.924755057841931,15.0,30,0.013313870576402,0.0011739292448468,0.0,0.0,3.154861111111111,0.0,749925.0,225987.78122995005,50242.00000000003,2.6047911441917435,1.1261606207862136,751.0555555555555,764.7590277777778,0.3558939650310209,1.1754089114495203,107171.68000000269,-84912.29000000001,-55328.719999999856,-77215.16999999993,202728.0700000168,-97704.00999999924,-55328.719999999856,7,8,-84912.29000000001,0.0,0.0,78,1,0.0,-77215.16999999993,0.0,0.0,15,3,0.0,-97704.00999999924,0.0,0.0,184,79,0.0,53.69416117668152,0.4213197969543147,8181.220000000001,0.0,0.0,0.0,0.0,15.952234528088848,14.0,,,,,,,,
FACTORY_S3v2,Q_16_16_rec_layer__core13,S3,Q_16_16_rec_layer,Q_16_16_rec_layer,"{""core_cap"": 13, ""rec_activation"": ""core_full"", ""rec_anchor"": ""runhigh"", ""rec_cap"": 16, ""rec_spacing"": ""ladder"", ""rec_step"": 5.0, ""rec_tp"": 3.0, ""recovery"": {""h"": 13, ""layer_x"": 5.0, ""rec_step"": 10.0, ""rec_tp"": 2.0}}",{},305545.4100000355,560.0,306105.4100000355,4,-127741.81999999864,2020-03-22,-134470.0,45289.820000001375,758.925,44.09905672989375,7375,4.159616469261139,19770.839999999986,719.61,10.35447059713494,20.0,29,0.0781685583084211,0.0314677477649115,0.0,0.0,37.9875,0.0,754141.25,230670.2156412063,-27210.179999998625,2.396281891083427,1.3270261578814495,751.0555555555555,754.0069444444445,0.4173716864072194,1.1393119007332206,138963.21000000305,-127741.81999999864,-53930.869999998366,-75817.31999999844,221145.5600000308,-80840.47999999998,-53930.869999998366,7,8,-127741.81999999864,0.0,0.0,1528,1439,37.9875,-75817.31999999844,0.0,0.0,175,166,0.0,-80840.47999999998,0.0,0.0,98,3,0.0,52.14506912231445,3.020304568527919,67842.3,0.0,0.0,0.0201641259550432,28.87361111111111,15.202665295681678,16.0,,,,,,,,
FACTORY_S3v2,Q_16_16_rec_layer__core14,S3,Q_16_16_rec_layer,Q_16_16_rec_layer,"{""core_cap"": 14, ""rec_activation"": ""core_full"", ""rec_anchor"": ""runhigh"", ""rec_cap"": 16, ""rec_spacing"": ""ladder"", ""rec_step"": 5.0, ""rec_tp"": 3.0, ""recovery"": {""h"": 14, ""layer_x"": 5.0, ""rec_step"": 10.0, ""rec_tp"": 2.0}}",{},271752.3900000365,560.0,272312.3900000365,4,-80693.37999999919,2025-04-06,-78058.75,102843.92,763.76875,31.437902873481665,4723,2.663846587704456,12955.109999999157,657.36,9.757010655018895,13.0,29,0.0263223514447174,0.0009161691242599,0.0,0.0,2.93125,0.0,855717.5,223093.0476386932,72843.92000000001,3.374655888748733,1.2206224841262456,751.0555555555555,760.8326388888889,0.3688663282571912,1.1302876480541455,106298.16000000574,-69202.91999999998,-55609.39999999991,-77298.96999999997,221663.00000003068,-80693.37999999919,-55609.39999999991,7,8,-69202.91999999998,0.0,0.0,77,1,0.0,-77298.96999999997,0.0,0.0,9,0,0.0,-80693.37999999919,0.0,0.0,337,235,0.0,52.07922124862671,1.5335589396503102,32567.19000000001,0.0,0.0,0.0,0.0,15.86956217202126,15.0,,,,,,,,
FACTORY_S3v2,Q_16_16_rec_layer__core19,S3,Q_16_16_rec_layer,Q_16_16_rec_layer,"{""core_cap"": 19, ""rec_activation"": ""core_full"", ""rec_anchor"": ""runhigh"", ""rec_cap"": 13, ""rec_spacing"": ""ladder"", ""rec_step"": 5.0, ""rec_tp"": 3.0, ""recovery"": {""h"": 19, ""layer_x"": 5.0, ""rec_step"": 10.0, ""rec_tp"": 2.0}}",{},273207.5000000196,560.0,273767.5000000196,4,-112993.51999999996,2025-04-06,-109452.5,76964.74000000002,763.76875,16.788006747508437,2827,1.5944726452340665,8287.49999999957,737.0400000000002,10.369881570431552,17.0,32,0.1649818867480479,0.0028367621966765,0.0002241392352929,2.7868055555555555,4.903472222222222,2.7868055555555555,914732.5,236612.34391328893,34464.74000000002,2.422860178176763,1.1570296607194206,751.0555555555555,764.0097222222222,0.3615341229554427,1.2459108855047942,111950.54000000271,-95106.00999999998,-55450.57999999984,-77140.1499999999,217306.91000001668,-112993.51999999996,-55450.57999999984,7,8,-95106.00999999998,0.0,0.0,126,35,0.0006944444444444,-77140.1499999999,0.0,0.0,16,2,0.0,-112993.51999999996,0.0,0.0,126,0,0.0,53.24245762825012,0.3485617597292724,7599.930000000002,0.0,0.0,0.0002241392352929,2.7868055555555555,12.956787356305735,13.0,,,,,,,,
FACTORY_S3v2,Q_16_16_rec_layer__core18,S3,Q_16_16_rec_layer,Q_16_16_rec_layer,"{""core_cap"": 18, ""rec_activation"": ""core_full"", ""rec_anchor"": ""runhigh"", ""rec_cap"": 14, ""rec_spacing"": ""ladder"", ""rec_step"": 5.0, ""rec_tp"": 3.0, ""recovery"": {""h"": 18, ""layer_x"": 5.0, ""rec_step"": 10.0, ""rec_tp"": 2.0}}",{},273838.3900000172,560.0,274398.3900000172,4,-106615.40999999996,2025-04-06,-103278.75,76373.1,763.7736111111111,13.926577869595326,2797,1.577552171460801,8175.359999999577,722.1000000000001,10.130474250604475,17.0,30,0.134571795999675,0.0011921405577144,0.0,0.0,2.9923611111111112,0.0,852062.5,230861.52516593307,33873.100000000006,2.573721659936563,1.1885843247496166,751.0555555555555,764.7458333333333,0.365482233502538,1.2650874224478286,118203.50000000228,-95121.00999999998,-55488.10999999987,-77177.67999999993,211722.3700000148,-106615.40999999996,-55488.10999999987,7,8,-95121.00999999998,0.0,0.0,112,1,0.0,-77177.67999999993,0.0,0.0,13,0,0.0,-106615.40999999996,0.0,0.0,125,0,0.0,53.60242223739624,0.3124647490129724,6009.290000000002,0.0,0.0,0.0,0.0,13.975511387674024,12.0,,,,,,,,
FACTORY_S3v2,Q_24_8_rec_confirm__lx4.0,S3,Q_24_8_rec_confirm,Q_24_8_rec_confirm,"{""core_cap"": 24, ""rec_activation"": ""core_full"", ""rec_anchor"": ""runhigh"", ""rec_cap"": 8, ""rec_spacing"": ""ladder"", ""rec_step"": 5.0, ""rec_tp"": 3.0, ""recovery"": {""confirm"": ""vwap"", ""h"": 24, ""layer_x"": 4.0, ""rec_step"": 10.0, ""rec_tp"": 2.0}}",{},309485.24000002,560.0,310045.24000002,4,-109745.19999999995,2020-03-22,-109221.25,66984.23000000007,758.93125,14.743484702675593,2865,1.6159052453468696,8421.009999999562,702.1800000000002,10.396261357555314,20.0,32,0.1397157914496485,0.0042978698367425,0.0001050652665435,0.7298611111111111,5.845833333333333,0.7298611111111111,947360.0,236444.43362116543,16984.23000000007,2.8251371358384705,1.311281620174568,477.0798611111111,484.0104166666667,0.3976311336717428,1.3948110547095318,124606.27000000353,-109745.19999999995,-54285.13999999943,-76042.8399999995,239763.48000001587,-98307.74999999984,-54285.13999999943,7,8,-109745.19999999995,0.0,0.0,97,1,0.0006944444444444,-76042.8399999995,0.0,0.0,60,0,0.0,-98307.74999999984,0.0,0.0,110,0,0.0,54.74317765235901,0.2210941906373378,5700.17,0.0,0.0,0.0001050652665435,0.7298611111111111,7.986050134343454,8.0,,,,,,,,
FACTORY_S3v2,Q_24_8_rec_confirm__lx4.5,S3,Q_24_8_rec_confirm,Q_24_8_rec_confirm,"{""core_cap"": 24, ""rec_activation"": ""core_full"", ""rec_anchor"": ""runhigh"", ""rec_cap"": 8, ""rec_spacing"": ""ladder"", ""rec_step"": 5.0, ""rec_tp"": 3.0, ""recovery"": {""confirm"": ""vwap"", ""h"": 24, ""layer_x"": 4.5, ""rec_step"": 10.0, ""rec_tp"": 2.0}}",{},310680.25000002,560.0,311240.25000002,4,-114707.06999999996,2020-03-22,-114147.5,62079.86000000007,758.925,14.7888990885408,2865,1.6159052453468696,8418.499999999562,704.6700000000001,10.446780940320126,21.0,32,0.1399791550511177,0.0042978698367425,0.0001050652665435,0.7298611111111111,5.845833333333333,0.7298611111111111,947360.0,237312.36450958336,9579.860000000072,2.7133484448693537,1.3115214230122898,477.0798611111111,484.0104166666667,0.3987591652566272,1.3948110547095318,125110.03000000352,-114707.06999999996,-54171.38999999943,-75931.5899999995,240340.98000001587,-98260.24999999984,-54171.38999999943,7,8,-114707.06999999996,0.0,0.0,97,1,0.0006944444444444,-75931.5899999995,0.0,0.0,60,0,0.0,-98260.24999999984,0.0,0.0,110,0,0.0,55.107470989227295,0.2210941906373378,5700.17,0.0,0.0,0.0001050652665435,0.7298611111111111,7.986050134343454,8.0,,,,,,,,
FACTORY_S3v2,Q_24_8_rec_confirm__lx5.5,S3,Q_24_8_rec_confirm,Q_24_8_rec_confirm,"{""core_cap"": 24, ""rec_activation"": ""core_full"", ""rec_anchor"": ""runhigh"", ""rec_cap"": 8, ""rec_spacing"": ""ladder"", ""rec_step"": 5.0, ""rec_tp"": 3.0, ""recovery"": {""confirm"": ""vwap"", ""h"": 24, ""layer_x"": 5.5, ""rec_step"": 10.0, ""rec_tp"": 2.0}}",{},313060.69000002014,560.0,313620.69000002014,4,-114420.53999999988,2020-03-22,-114147.5,62486.39000000013,758.8604166666667,14.902005186537684,2909,1.640721940214326,8524.309999999552,704.6700000000001,10.449235264946584,21.0,32,0.1401906864544254,0.0045122029804914,0.0001050652665435,0.7298611111111111,5.845833333333333,0.7298611111111111,947360.0,237326.3547395642,9986.39000000013,2.7409474732423083,1.3214743484522793,477.0798611111111,484.0104166666667,0.4004512126339537,1.3948110547095318,125909.06000000356,-114420.53999999988,-53937.63999999943,-75702.8399999995,241688.640000016,-98165.24999999984,-53937.63999999943,7,8,-114420.53999999988,0.0,0.0,125,30,0.8243055555555555,-75702.8399999995,0.0,0.0,60,0,0.0,-98165.24999999984,0.0,0.0,110,0,0.0,54.42718052864075,0.2459108855047941,6099.360000000001,0.0,0.0,0.0001050652665435,0.7298611111111111,7.9855037949574275,8.0,,,,,,,,
FACTORY_S3v2,Q_24_8_rec_confirm__lx6.0,S3,Q_24_8_rec_confirm,Q_24_8_rec_confirm,"{""core_cap"": 24, ""rec_activation"": ""core_full"", ""rec_anchor"": ""runhigh"", ""rec_cap"": 8, ""rec_spacing"": ""ladder"", ""rec_step"": 5.0, ""rec_tp"": 3.0, ""recovery"": {""confirm"": ""vwap"", ""h"": 24, ""layer_x"": 6.0, ""rec_step"": 10.0, ""rec_tp"": 2.0}}",{},314721.96000002016,560.0,315281.96000002016,4,-114398.03999999988,2020-03-22,-114147.5,62570.14000000013,758.8597222222222,14.975720836137572,2910,1.6412859560067683,8528.039999999552,707.1600000000001,10.462168098822987,21.0,32,0.140623555352585,0.004530414293359,0.0001050652665435,0.7298611111111111,5.845833333333333,0.7298611111111111,947360.0,237731.11029471504,10070.14000000013,2.7560084071372244,1.3262124574657703,477.0798611111111,484.0104166666667,0.4004512126339537,1.3942470389170898,126291.56000000356,-114398.03999999988,-53820.13999999943,-75587.8399999995,242849.91000001604,-98117.74999999984,-53820.13999999943,7,8,-114398.03999999988,0.0,0.0,125,30,0.8243055555555555,-75587.8399999995,0.0,0.0,60,0,0.0,-98117.74999999984,0.0,0.0,110,0,0.0,54.258901596069336,0.2470389170896785,6116.880000000001,0.0,0.0,0.0001050652665435,0.7298611111111111,7.98548558364456,8.0,,,,,,,,
FACTORY_S3v2,Q_24_8_rec_confirm__h19,S3,Q_24_8_rec_confirm,Q_24_8_rec_confirm,"{""core_cap"": 19, ""rec_activation"": ""core_full"", ""rec_anchor"": ""runhigh"", ""rec_cap"": 8, ""rec_spacing"": ""ladder"", ""rec_step"": 5.0, ""rec_tp"": 3.0, ""recovery"": {""confirm"": ""vwap"", ""h"": 19, ""layer_x"": 5.0, ""rec_step"": 10.0, ""rec_tp"": 2.0}}",{},269983.6500000197,560.0,270543.6500000197,4,-98962.61999999965,2025-04-06,-95381.25,77686.16000000003,758.8645833333334,17.38690165922326,2835,1.598984771573604,8251.349999999567,692.22,10.114278789984338,17.0,27,0.1199999439651911,0.0028353613264559,0.0,0.0,4.903472222222222,0.0,804060.0,229867.03971256944,35186.16000000003,2.7337963566447683,1.1769571241632255,477.0798611111111,484.0104166666667,0.3925549915397631,1.2966723068245911,112404.23000000278,-94678.39999999997,-54085.13999999943,-75847.8399999995,212263.93000001635,-98962.61999999965,-54085.13999999943,7,8,-94678.39999999997,0.0,0.0,91,0,0.0,-75847.8399999995,0.0,0.0,60,2,0.0,-98962.61999999965,0.0,0.0,135,11,0.0,51.43119502067566,0.3023124647490129,5559.110000000001,0.0,0.0,0.0015451598533008,4.032638888888889,7.960837272113437,8.0,,,,,,,,
FACTORY_S3v2,Q_24_8_rec_confirm__h22,S3,Q_24_8_rec_confirm,Q_24_8_rec_confirm,"{""core_cap"": 22, ""rec_activation"": ""core_full"", ""rec_anchor"": ""runhigh"", ""rec_cap"": 8, ""rec_spacing"": ""ladder"", ""rec_step"": 5.0, ""rec_tp"": 3.0, ""recovery"": {""confirm"": ""vwap"", ""h"": 22, ""layer_x"": 5.0, ""rec_step"": 10.0, ""rec_tp"": 2.0}}",{},298660.9300000181,560.0,299220.9300000181,4,-114714.56999999996,2020-03-22,-114147.5,60159.67000000004,758.8645833333334,16.36005633600476,2557,1.4421883812746756,7627.819999999629,707.1600000000001,10.342516971542722,21.0,26,0.1405268953073649,0.0001442896327198,0.0,0.0,0.0555555555555555,0.0,828625.0,234906.2871493272,7659.670000000042,2.6083951672400314,1.273788512138915,477.0798611111111,484.0104166666667,0.3931190073322053,1.3694303440496334,120154.21000000386,-114714.56999999996,-54102.65999999945,-75865.35999999952,233208.7500000137,-98227.74999999984,-54102.65999999945,7,8,-114714.56999999996,0.0,0.0,97,3,0.0,-75865.35999999952,0.0,0.0,58,0,0.0,-98227.74999999984,0.0,0.0,110,1,0.0,52.95408296585083,0.0727580372250423,1330.0400000000004,0.0,0.0,0.0,0.0,7.998225097430524,4.0,,,,,,,,
FACTORY_S3v2,Q_24_8_rec_confirm__h26,S3,Q_24_8_rec_confirm,Q_24_8_rec_confirm,"{""core_cap"": 24, ""rec_activation"": ""core_full"", ""rec_anchor"": ""runhigh"", ""rec_cap"": 8, ""rec_spacing"": ""ladder"", ""rec_step"": 5.0, ""rec_tp"": 3.0, ""recovery"": {""confirm"": ""vwap"", ""h"": 26, ""layer_x"": 5.0, ""rec_step"": 10.0, ""rec_tp"": 2.0}}",{},320628.4500000215,560.0,321188.4500000215,4,-114455.55999999992,2020-03-22,-114147.5,62947.67000000013,758.8284722222222,14.625454658013217,3059,1.7253243090806545,8939.049999999519,707.1600000000001,10.457828202879629,21.0,32,0.1403335752169247,0.0058752497051168,0.0001050652665435,0.7298611111111111,5.845833333333333,0.7298611111111111,947360.0,237607.4623813813,10447.67000000013,2.806228461072767,1.3517607855450482,477.0798611111111,484.0104166666667,0.4015792442188381,1.4049633389734912,126566.92000000388,-114455.55999999992,-53633.75999999931,-75396.45999999938,248294.6600000169,-98016.45999999972,-53633.75999999931,7,8,-114455.55999999992,0.0,0.0,123,28,0.8243055555555555,-75396.45999999938,0.0,0.0,73,13,0.0055555555555555,-98016.45999999972,0.0,0.0,114,4,0.0027777777777777,52.30389380455017,0.320360970107163,8908.180000000002,0.0,0.0,0.0001050652665435,0.7298611111111111,7.981064437228406,8.0,,,,,,,,
FACTORY_S3v2,I_S6_recovexit__x4.0,S3,I_S6_recovexit,I_S6_recovexit,"{""state"": {""mult"": [1.0, 1.5, 3.0, Infinity], ""rec_exit_x"": 4.0, ""recovery_exit"": ""all_ind"", ""t"": [8, 16, 24]}}",{},312178.87000001577,560.0,312738.87000001577,4,-130149.7099999999,2025-04-06,-125145.0,73576.9200000001,757.9298611111111,8.682058944931955,2291,1.2921601804850535,7208.629999999687,856.5600000000002,12.430556061425358,21.0,24,0.4864423780052168,0.0,0.0,0.0,0.0,0.0,794580.0,281315.1733927116,26076.9200000001,2.4029163799136857,1.111702814421024,663.7472222222223,750.925,0.3835307388606881,1.2921601804850535,131199.04000000376,-103432.19999999998,-81342.17999999982,-114843.13999999996,262954.5000000118,-130149.7099999999,-81342.17999999982,7,8,-103432.19999999998,0.0,0.0,101,0,0.0,-114843.13999999996,0.0,0.0,14,0,0.0,-130149.7099999999,0.0,0.0,102,0,0.0,57.272101640701294,,,,,,,,,,,,,,,,
FACTORY_S3v2,I_S6_recovexit__t0.8,S3,I_S6_recovexit,I_S6_recovexit,"{""state"": {""mult"": [1.0, 1.5, 3.0, Infinity], ""rec_exit_x"": 5.0, ""recovery_exit"": ""all_ind"", ""t"": [6, 13, 19]}}",{},271795.9500000137,560.0,272355.9500000137,4,-96751.03999999998,2025-04-06,-92615.0,79370.44000000003,758.925,13.067738702724776,2059,1.1613085166384658,6392.799999999737,707.1600000000001,10.4683151173509,17.0,19,0.1425035231886047,0.0,0.0,0.0,0.0,0.0,646641.25,235965.19175987123,36870.44000000003,2.815018319183068,1.1542208745651577,303.03263888888887,481.9638888888889,0.377326565143824,1.1613085166384658,111652.61000000256,-93332.21,-60169.00999999966,-87030.4899999997,220944.8400000108,-96751.03999999998,-60169.00999999966,7,8,-93332.21,0.0,0.0,80,0,0.0,-87030.4899999997,0.0,0.0,48,0,0.0,-96751.03999999998,0.0,0.0,84,0,0.0,47.54287028312683,,,,,,,,,,,,,,,,
FACTORY_S3v2,I_S6_recovexit__x4.5,S3,I_S6_recovexit,I_S6_recovexit,"{""state"": {""mult"": [1.0, 1.5, 3.0, Infinity], ""rec_exit_x"": 4.5, ""recovery_exit"": ""all_ind"", ""t"": [8, 16, 24]}}",{},312402.62000001577,560.0,312962.62000001577,4,-130144.7099999999,2025-04-06,-125145.0,73589.4200000001,757.9298611111111,8.687549847579907,2291,1.2921601804850535,7206.129999999687,856.5600000000002,12.43080261458418,21.0,24,0.4864423780052168,0.0,0.0,0.0,0.0,0.0,794580.0,281322.64627536625,26089.4200000001,2.4047279370787797,1.1124686339459475,663.7472222222223,750.925,0.3835307388606881,1.2921601804850535,131245.29000000376,-103419.69999999998,-81329.67999999982,-114830.63999999996,263119.5000000118,-130144.7099999999,-81329.67999999982,7,8,-103419.69999999998,0.0,0.0,101,0,0.0,-114830.63999999996,0.0,0.0,14,0,0.0,-130144.7099999999,0.0,0.0,102,0,0.0,56.041544914245605,,,,,,,,,,,,,,,,
FACTORY_S3v2,I_S6_recovexit__x6.0,S3,I_S6_recovexit,I_S6_recovexit,"{""state"": {""mult"": [1.0, 1.5, 3.0, Infinity], ""rec_exit_x"": 6.0, ""recovery_exit"": ""all_ind"", ""t"": [8, 16, 24]}}",{},313363.94000001583,560.0,313923.94000001583,4,-130122.2099999999,2025-04-06,-125145.0,73626.9200000001,757.9298611111111,8.705722299356115,2290,1.2915961646926113,7223.559999999687,876.48,12.692758341481728,21.0,24,0.4866833276831567,0.0,0.0,0.0,0.0,0.0,794580.0,286833.16113369627,26126.9200000001,2.412531573203499,1.0944478621622562,661.1902777777777,750.925,0.3840947546531303,1.2915961646926113,131700.30000000377,-103382.19999999998,-85391.5299999998,-120546.24999999994,267687.66000001185,-130122.2099999999,-85391.5299999998,7,8,-103382.19999999998,0.0,0.0,101,0,0.0,-120546.24999999994,0.0,0.0,13,0,0.0,-130122.2099999999,0.0,0.0,102,0,0.0,57.29086422920227,,,,,,,,,,,,,,,,
FACTORY_S3v2,I_S6_recovexit__x5.5,S3,I_S6_recovexit,I_S6_recovexit,"{""state"": {""mult"": [1.0, 1.5, 3.0, Infinity], ""rec_exit_x"": 5.5, ""recovery_exit"": ""all_ind"", ""t"": [8, 16, 24]}}",{},313157.70000001584,560.0,313717.70000001584,4,-130129.7099999999,2025-04-06,-125145.0,73614.4200000001,757.9298611111111,8.706568616528124,2291,1.2921601804850535,7227.299999999686,876.48,12.691201974666663,21.0,24,0.4866146850423483,0.0,0.0,0.0,0.0,0.0,794580.0,286783.1070215818,26114.4200000001,2.41080764723149,1.0939197334813977,661.1895833333333,750.925,0.3840947546531303,1.2921601804850535,131657.80000000377,-103394.69999999998,-85401.5299999998,-120556.24999999994,267533.92000001186,-130129.7099999999,-85401.5299999998,7,8,-103394.69999999998,0.0,0.0,101,0,0.0,-120556.24999999994,0.0,0.0,13,0,0.0,-130129.7099999999,0.0,0.0,102,0,0.0,58.24337840080261,,,,,,,,,,,,,,,,
FACTORY_S3v2,C_tiersT3__step0.8,S3,C_tiersT3,C_tiersT3,"{""spacing"": ""tiers"", ""tiers"": [[8, 4.0], [16, 8.0], [24, 16.0]]}",{},355516.6600000185,736.25,356252.9100000185,5,-154089.0299999999,2025-04-06,-149171.25,51752.66000000015,747.2166666666667,6.775361577107837,2546,1.4359842075578115,8082.089999999631,1070.7,15.385149654965664,24.0,24,0.5535594711434744,0.0,0.0,0.0,0.0,0.0,826740.0,345201.1556006091,-8247.339999999851,2.3119939816612427,1.0320154038307916,743.8409722222223,743.8416666666667,0.3722504230118443,1.4359842075578115,144929.41000000486,-126169.67999999996,-105395.12999999987,-148143.02000000002,316776.1200000135,-154089.0299999999,-105395.12999999987,7,8,-126169.67999999996,0.0,0.0,104,0,0.0,-148143.02000000002,0.0,0.0,7,0,0.0,-154089.0299999999,0.0,0.0,158,0,0.0,22.45275068283081,,,,,,,,,,,,,,,,
FACTORY_S3v2,C_tiersT3__step0.9,S3,C_tiersT3,C_tiersT3,"{""spacing"": ""tiers"", ""tiers"": [[8, 4.5], [16, 9.0], [24, 18.0]]}",{},343520.12000001775,557.5,344077.62000001775,4,-152872.80999999994,2025-04-06,-147853.75,51337.47000000009,747.2048611111111,6.1833388964509535,2458,1.3863508178228992,7841.12999999965,1063.23,14.924949778802592,24.0,24,0.5303624611608732,0.0,0.0,0.0,0.0,0.0,826470.0,333922.1708830526,-8662.529999999912,2.2507443933294478,1.0304126230675523,738.9958333333333,738.9965277777778,0.3807106598984771,1.3863508178228992,137903.7400000043,-124298.43,-104033.2599999999,-146932.39,310237.76000001334,-152872.80999999994,-104033.2599999999,7,8,-124298.43,0.0,0.0,118,0,0.0,-146932.39,0.0,0.0,6,0,0.0,-152872.80999999994,0.0,0.0,134,0,0.0,22.51120114326477,,,,,,,,,,,,,,,,
FACTORY_S3v2,I_S6_recovexit__t0.9,S3,I_S6_recovexit,I_S6_recovexit,"{""state"": {""mult"": [1.0, 1.5, 3.0, Infinity], ""rec_exit_x"": 5.0, ""recovery_exit"": ""all_ind"", ""t"": [7, 14, 22]}}",{},318699.1400000164,560.0,319259.1400000164,4,-108594.43,2022-10-13,-106670.0,76534.85000000006,757.9298611111111,7.0509971099907975,2338,1.3186689227298365,7293.359999999677,806.7600000000002,11.737200949229662,20.0,22,0.4866483059276422,0.0,0.0,0.0,0.0,0.0,725917.5,263705.90595152706,31534.850000000064,2.939921872604483,1.2106635945373967,663.7472222222223,751.8763888888889,0.3897349125775521,1.3186689227298365,123563.31000000332,-98346.59999999998,-76891.60999999987,-108594.43,272659.930000013,-105949.11999999988,-76891.60999999987,7,8,-98346.59999999998,0.0,0.0,94,0,0.0,-108594.43,0.0,0.0,13,0,0.0,-105949.11999999988,0.0,0.0,126,0,0.0,54.1593964099884,,,,,,,,,,,,,,,,
FACTORY_S3v2,I_S6_recovexit__t1.1,S3,I_S6_recovexit,I_S6_recovexit,"{""state"": {""mult"": [1.0, 1.5, 3.0, Infinity], ""rec_exit_x"": 5.0, ""recovery_exit"": ""all_ind"", ""t"": [9, 18, 26]}}",{},328051.7400000173,560.0,328611.7400000173,4,-130756.55999999988,2025-04-06,-126703.75,68805.12000000011,757.9298611111111,7.154826891310356,2430,1.3705583756345177,7627.009999999656,913.8299999999998,13.08766365666352,22.0,26,0.507737006228269,0.0170443879738093,0.0,0.0,19.103472222222223,0.0,860795.0,295866.29740719934,18805.12000000011,2.513156815994682,1.110676487588414,663.7472222222223,750.7388888888889,0.3965031020868584,1.3705583756345177,131290.32000000385,-109212.8,-85600.24999999983,-121018.09999999992,282994.16000001325,-130756.55999999988,-85600.24999999983,7,8,-109212.8,0.0,0.0,81,0,0.0090277777777777,-121018.09999999992,0.0,0.0,15,0,0.9305555555555556,-130756.55999999988,0.0,0.0,131,0,1.0319444444444446,58.63737106323242,,,,,,,,,,,,,,,,
FACTORY_S3v2,I_S6_recovexit__t1.2,S3,I_S6_recovexit,I_S6_recovexit,"{""state"": {""mult"": [1.0, 1.5, 3.0, Infinity], ""rec_exit_x"": 5.0, ""recovery_exit"": ""all_ind"", ""t"": [10, 19, 29]}}",{},344355.6000000184,560.0,344915.6000000184,4,-139857.11,2020-03-22,-138623.75,38112.060000000114,757.9298611111111,7.996388488791754,2549,1.4376762549351385,7948.14999999963,956.16,13.78628464001838,26.0,29,0.5102627752359766,0.0668831478114204,0.0,0.0,89.96111111111111,0.0,955078.75,309894.6330928273,-29387.93999999989,2.4661999665231065,1.113009272079587,663.7472222222223,749.7590277777778,0.4015792442188381,1.4376762549351385,131500.39000000386,-139857.11,-89934.54999999981,-127018.03999999992,303422.2500000143,-137299.6499999999,-89934.54999999981,7,8,-139857.11,0.0,0.0,85,0,89.96111111111111,-127018.03999999992,0.0,0.0,17,0,15.084027777777775,-137299.6499999999,0.0,0.0,135,0,3.1791666666666667,61.36292266845703,,,,,,,,,,,,,,,,
FACTORY_S3v2,C_tiersT3__step1.1,S3,C_tiersT3,C_tiersT3,"{""spacing"": ""tiers"", ""tiers"": [[8, 5.5], [16, 11.0], [24, 22.0]]}",{},329371.8700000167,397.5,329769.3700000167,3,-151155.30999999994,2025-04-06,-146106.25,50495.90000000002,741.9118055555556,5.764000725624944,2348,1.3243090806542583,7486.879999999674,996.0,14.02784789911493,24.0,24,0.4862532605254384,0.0,0.0,0.0,0.0,0.0,823650.0,313435.39935307816,-9504.099999999977,2.181659182201517,1.0521127182208885,733.7777777777778,733.7784722222223,0.4004512126339537,1.3243090806542583,134171.1800000039,-122424.67999999996,-101530.7599999999,-144359.88,297183.9400000127,-151155.30999999994,-101530.7599999999,7,8,-122424.67999999996,0.0,0.0,183,0,0.0,-144359.88,0.0,0.0,6,0,0.0,-151155.30999999994,0.0,0.0,130,0,0.0,19.892547369003296,,,,,,,,,,,,,,,,
FACTORY_S3v2,C_tiersT3__step1.2,S3,C_tiersT3,C_tiersT3,"{""spacing"": ""tiers"", ""tiers"": [[8, 6.0], [16, 12.0], [24, 24.0]]}",{},328031.4200000159,516.25,328547.6700000159,6,-149854.05999999994,2025-04-06,-144753.75,51977.06,741.5972222222222,6.010918390627092,2245,1.2662154540327129,7312.329999999696,981.06,13.785361466543016,24.0,24,0.4766138725376204,0.0,0.0,0.0,0.0,0.0,821490.0,308104.019259514,-8022.940000000002,2.192450908570752,1.0663530803318808,732.9777777777778,732.9784722222222,0.3993231810490694,1.2662154540327129,128033.99000000354,-118972.8,-99991.37999999984,-142705.49999999994,300562.5500000121,-149854.05999999994,-99991.37999999984,7,8,-118972.8,0.0,0.0,177,0,0.0,-142705.49999999994,0.0,0.0,7,0,0.0,-149854.05999999994,0.0,0.0,126,0,0.0,20.00740909576416,,,,,,,,,,,,,,,,
FACTORY_S3v2,C_tiersT3__top20,S3,C_tiersT3,C_tiersT3,"{""spacing"": ""tiers"", ""tiers"": [[8, 5.0], [16, 10.0], [20, 20.0]]}",{},315193.43000001536,560.0,315753.43000001536,4,-129875.36999999994,2025-04-06,-125673.75,66787.24000000005,750.275,7.514702078692337,2227,1.2560631697687534,7116.5699999997005,906.36,13.099928275444706,20.0,20,0.530697269143592,0.0,0.0,0.0,0.0,0.0,694475.0,294438.9767185876,16787.24000000005,2.4312033143775875,1.0723900535145496,744.9576388888889,744.9583333333334,0.3564579808234631,1.2560631697687534,122496.97000000312,-106849.11,-88359.67999999993,-124120.02000000002,281688.63000001217,-129875.36999999994,-88359.67999999993,7,8,-106849.11,0.0,0.0,93,0,0.0,-124120.02000000002,0.0,0.0,8,0,0.0,-129875.36999999994,0.0,0.0,119,0,0.0,21.474931716918945,,,,,,,,,,,,,,,,
FACTORY_S3v2,C_tiersT3__top22,S3,C_tiersT3,C_tiersT3,"{""spacing"": ""tiers"", ""tiers"": [[8, 5.0], [16, 10.0], [22, 20.0]]}",{},316843.86000001576,560.0,317403.86000001576,4,-140022.82999999996,2025-04-06,-135145.0,58588.52000000005,747.2041666666667,6.583706731282784,2244,1.2656514382402708,7186.139999999697,971.0999999999998,13.923901927877598,22.0,22,0.5269317299906702,0.0,0.0,0.0,0.0,0.0,759660.0,312114.2150503893,3588.520000000048,2.2668007781303654,1.0169477860813627,739.9784722222222,739.9791666666666,0.3649182177100958,1.2656514382402708,123827.07000000332,-115047.83,-95570.83999999984,-134638.69999999995,289220.1200000123,-140022.82999999996,-95570.83999999984,7,8,-115047.83,0.0,0.0,96,0,0.0,-134638.69999999995,0.0,0.0,8,0,0.0,-140022.82999999996,0.0,0.0,117,0,0.0,19.937949419021606,,,,,,,,,,,,,,,,
FACTORY_S3v2,C_tiersT3__top26,S3,C_tiersT3,C_tiersT3,"{""spacing"": ""tiers"", ""tiers"": [[8, 5.0], [16, 10.0], [26, 20.0]]}",{},340129.6500000174,560.0,340689.6500000174,4,-161120.2699999999,2025-04-06,-155425.0,44417.330000000045,741.40625,5.562774673547683,2408,1.3581500282007897,7776.599999999662,1070.7000000000005,15.094526519874146,26.0,26,0.5046901134985052,0.3853864020329429,0.0,0.0,733.7194444444444,0.0,891832.5,337923.09117073525,-20582.669999999955,2.1145052078178472,1.0081869481594097,732.9895833333334,732.9902777777778,0.3931190073322053,1.3581500282007897,140685.70000000438,-129219.02,-108706.9099999998,-154389.80999999994,308783.35000001284,-161120.2699999999,-108706.9099999998,7,8,-129219.02,0.0,0.0,204,0,90.84166666666668,-154389.80999999994,0.0,0.0,8,0,708.03125,-161120.2699999999,0.0,0.0,122,0,112.9263888888889,19.664571046829224,,,,,,,,,,,,,,,,
FACTORY_S3v2,C_tiersT3__top28,S3,C_tiersT3,C_tiersT3,"{""spacing"": ""tiers"", ""tiers"": [[8, 5.0], [16, 10.0], [28, 20.0]]}",{},347593.8200000176,560.0,348153.8200000176,4,-170981.48999999993,2025-04-06,-164877.5,39856.11000000005,739.4090277777777,5.405993444614679,2428,1.3694303440496334,7921.179999999657,1125.4800000000002,15.82421180037039,28.0,28,0.5042810593940956,0.3849773479285332,0.0,0.0,733.7194444444444,0.0,958405.0,353547.80359484314,-30143.88999999996,2.0362076620107694,0.9847432693967264,732.7659722222222,732.7666666666667,0.3948110547095319,1.3694303440496334,143652.02000000456,-133780.24,-114609.31999999985,-163599.74,319183.61000001285,-170981.48999999993,-114609.31999999985,7,8,-133780.24,0.0,0.0,209,0,90.77847222222222,-163599.74,0.0,0.0,8,0,708.03125,-170981.48999999993,0.0,0.0,128,0,112.80763888888887,19.8682918548584,,,,,,,,,,,,,,,,
FACTORY_S3v2,I_S1__mult0.8,S3,I_S1,I_S1,"{""state"": {""mult"": [1.0, 1.2000000000000002, 2.4000000000000004, Infinity], ""t"": [8, 16, 24]}}",{},363611.4500000189,560.0,364171.4500000189,4,-155451.55999999994,2025-04-06,-150432.5,48488.74000000011,751.0534722222222,6.987670233758524,2595,1.4636209813874788,8313.549999999621,1053.27,15.219293625199974,24.0,24,0.5524345723563477,0.0,0.0,0.0,0.0,0.0,833940.0,340181.402773653,-11511.259999999893,2.3426683527654477,1.0705213366479305,753.0673611111112,753.0680555555556,0.3784545967287084,1.4636209813874788,140345.8600000044,-127981.55,-106498.24999999988,-149939.28000000003,330396.3300000144,-155451.55999999994,-106498.24999999988,7,8,-127981.55,0.0,0.0,97,0,0.0,-149939.28000000003,0.0,0.0,8,0,0.0,-155451.55999999994,0.0,0.0,144,0,0.0,20.70992851257324,,,,,,,,,,,,,,,,
FACTORY_S3v2,I_S5_rec__t0.8,S3,I_S5_rec,I_S5_rec,"{""core_cap"": 24, ""rec_activation"": ""state"", ""rec_anchor"": ""runhigh"", ""rec_cap"": 8, ""rec_spacing"": ""ladder"", ""rec_step"": 5.0, ""rec_tp"": 3.0, ""state"": {""mult"": [1.0, 1.5, 3.0, Infinity], ""rec_tp"": {""CRITICAL"": 2.5, ""ELEVATED"": 4.0, ""HIGH"": 3.0}, ""t"": [6, 13, 19]}}",{},340907.1800000577,560.0,341467.1800000577,4,-130623.47999999992,2025-04-06,-125837.5,73550.18000000014,763.7291666666666,38.41471030187353,7581,4.275803722504231,20802.820000000316,958.65,14.160483692469764,19.0,21,0.6398250593268539,0.0,0.0,0.0,0.0,0.0,668655.0,322046.8903237691,26050.18000000014,2.6141332324024584,1.0603026772181046,757.8479166666667,757.8611111111111,0.4094754653130287,0.8702763677382966,139193.91000001342,-107742.66999999995,-88121.26999999955,-121541.7099999998,290449.5300000438,-130623.47999999992,-88121.26999999955,7,8,-107742.66999999995,0.0,0.0,189,125,0.0,-121541.7099999998,0.0,0.0,40,34,0.0,-130623.47999999992,0.0,0.0,313,264,0.0,23.90687894821167,3.4055273547659333,126704.12999999998,0.0,0.0,0.60480750642299,757.8729166666667,2.608619274293191,8.0,,,,,,,,
FACTORY_S3v2,I_S1__mult0.9,S3,I_S1,I_S1,"{""state"": {""mult"": [1.0, 1.35, 2.7, Infinity], ""t"": [8, 16, 24]}}",{},365540.4200000192,560.0,366100.4200000192,4,-154732.80999999994,2025-04-06,-149713.75,50196.3600000001,750.275,6.553961762190489,2619,1.4771573604060917,8274.579999999616,1048.29,14.990849515719164,24.0,24,0.5389834164983288,0.0,0.0,0.0,0.0,0.0,821490.0,334508.73333314655,-9803.639999999898,2.366016748484173,1.0944420384845666,744.9569444444444,744.9576388888889,0.3891708967851099,1.4771573604060917,137070.77000000433,-127327.8,-105794.49999999988,-149109.90000000002,334896.64000001474,-154732.80999999994,-105794.49999999988,7,8,-127327.8,0.0,0.0,93,0,0.0,-149109.90000000002,0.0,0.0,8,0,0.0,-154732.80999999994,0.0,0.0,143,0,0.0,20.83485698699951,,,,,,,,,,,,,,,,
FACTORY_S3v2,I_S5_rec__t0.9,S3,I_S5_rec,I_S5_rec,"{""core_cap"": 24, ""rec_activation"": ""state"", ""rec_anchor"": ""runhigh"", ""rec_cap"": 8, ""rec_spacing"": ""ladder"", ""rec_step"": 5.0, ""rec_tp"": 3.0, ""state"": {""mult"": [1.0, 1.5, 3.0, Infinity], ""rec_tp"": {""CRITICAL"": 2.5, ""ELEVATED"": 4.0, ""HIGH"": 3.0}, ""t"": [7, 14, 22]}}",{},383122.2600000581,560.0,383682.2600000581,4,-146219.6799999999,2025-04-06,-141892.5,59951.410000000265,758.925,17.58269752504203,7560,4.2639593908629445,20891.490000000274,1030.86,15.433254137470197,22.0,23,0.6137618688729439,0.0,0.0,0.0,0.0,0.0,817245.0,349129.15247351653,4951.410000000265,2.6240124448368256,1.0989694137018895,756.0263888888888,756.0395833333333,0.4173716864072194,1.071630005640158,151766.85000001453,-122668.87999999996,-100564.88999999956,-139363.48999999976,332457.10000004305,-146219.6799999999,-100564.88999999956,7,8,-122668.87999999996,0.0,0.0,167,102,0.0,-139363.48999999976,0.0,0.0,41,33,0.0,-146219.6799999999,0.0,0.0,332,233,0.0,24.790489196777344,3.192329385222786,120541.59999999998,0.0,0.0,0.5836221460771431,757.8729166666667,2.837486446580616,8.0,,,,,,,,
FACTORY_S3v2,I_S1__mult1.1,S3,I_S1,I_S1,"{""state"": {""mult"": [1.0, 1.6500000000000001, 3.3000000000000003, Infinity], ""t"": [8, 16, 24]}}",{},337208.090000017,560.0,337768.090000017,4,-151932.79999999993,2025-04-06,-146646.25,50567.40000000005,747.2166666666667,6.436701034970871,2387,1.3463056965595035,7681.909999999666,1045.8,14.877185707761662,24.0,24,0.531466346894691,0.0,0.0,0.0,0.0,0.0,826740.0,333313.2533617383,-9432.599999999948,2.2231413493335026,1.0133653150402753,740.0361111111112,740.0368055555556,0.3778905809362662,1.3463056965595035,135080.29000000405,-124320.3,-104675.74999999988,-148143.02000000002,307436.04000001284,-151932.79999999993,-104675.74999999988,7,8,-124320.3,0.0,0.0,118,0,0.0,-148143.02000000002,0.0,0.0,8,0,0.0,-151932.79999999993,0.0,0.0,138,0,0.0,20.8839111328125,,,,,,,,,,,,,,,,
FACTORY_S3v2,I_S1__mult1.2,S3,I_S1,I_S1,"{""state"": {""mult"": [1.0, 1.7999999999999998, 3.5999999999999996, Infinity], ""t"": [8, 16, 24]}}",{},349208.8400000177,560.0,349768.8400000177,4,-151249.04999999993,2025-04-06,-145962.5,50771.15000000005,747.2048611111111,6.1377981685022,2471,1.3936830231246475,7904.909999999648,1023.39,14.495578853583844,24.0,24,0.5149907122304376,0.0,0.0,0.0,0.0,0.0,826470.0,325154.95303407474,-9228.849999999948,2.3125357812165954,1.0756989451837249,738.9958333333333,738.9965277777778,0.3936830231246475,1.3936830231246475,143484.63000000454,-124117.8,-103623.24999999988,-146932.39,309979.95000001305,-151249.04999999993,-103623.24999999988,7,8,-124117.8,0.0,0.0,198,0,0.0,-146932.39,0.0,0.0,8,0,0.0,-151249.04999999993,0.0,0.0,136,0,0.0,23.357349395751957,,,,,,,,,,,,,,,,
FACTORY_S3v2,I_S5_rec__t1.1,S3,I_S5_rec,I_S5_rec,"{""core_cap"": 24, ""rec_activation"": ""state"", ""rec_anchor"": ""runhigh"", ""rec_cap"": 8, ""rec_spacing"": ""ladder"", ""rec_step"": 5.0, ""rec_tp"": 3.0, ""state"": {""mult"": [1.0, 1.5, 3.0, Infinity], ""rec_tp"": {""CRITICAL"": 2.5, ""ELEVATED"": 4.0, ""HIGH"": 3.0}, ""t"": [9, 18, 26]}}",{},419629.48000005726,560.0,420189.48000005726,4,-168740.19999999984,2025-04-06,-163161.25,39528.04000000021,750.275,11.834885515464274,7471,4.213761985335589,20778.02000000013,1182.7500000000002,17.101309533482198,26.0,26,0.595626202997302,0.5076431479234901,0.0,0.0,746.2118055555555,0.0,902817.5,383575.7509452372,-25471.959999999788,2.4901563468578183,1.095453711462713,746.125,746.1270833333333,0.4320360970107163,1.2617033276931755,159312.2400000135,-141364.9299999999,-116343.85999999927,-161645.75999999966,377293.59000004304,-168740.19999999984,-116343.85999999927,7,8,-141364.9299999999,0.0,0.0,268,198,104.07013888888888,-161645.75999999966,0.0,0.0,63,55,715.2819444444444,-168740.19999999984,0.0,0.0,423,290,121.00833333333334,24.931087255477905,2.952058657642414,110396.08999999998,0.0,0.0,0.5470608341901989,746.125,3.226578150346996,8.0,,,,,,,,
FACTORY_S3v2,I_S5_rec__t1.2,S3,I_S5_rec,I_S5_rec,"{""core_cap"": 24, ""rec_activation"": ""state"", ""rec_anchor"": ""runhigh"", ""rec_cap"": 8, ""rec_spacing"": ""ladder"", ""rec_step"": 5.0, ""rec_tp"": 3.0, ""state"": {""mult"": [1.0, 1.5, 3.0, Infinity], ""rec_tp"": {""CRITICAL"": 2.5, ""ELEVATED"": 4.0, ""HIGH"": 3.0}, ""t"": [10, 19, 29]}}",{},449526.0200000568,560.0,450086.0200000568,4,-188162.02999999985,2025-04-06,-182256.25,26744.680000000222,749.2861111111112,9.341962692139369,7341,4.140439932318105,20655.229999999927,1267.4100000000003,18.210301439254064,29.0,29,0.5787205011753301,0.4986425567562569,0.0,0.0,746.2222222222222,0.0,992633.75,407595.5264207626,-45755.319999999774,2.3920129900812466,1.1042467123042736,740.8604166666667,740.8645833333334,0.4483925549915397,1.380710659898477,171670.56000001385,-153803.0199999999,-127731.42999999889,-179855.8599999998,406219.38000004186,-188162.02999999985,-127731.42999999889,7,8,-153803.0199999999,0.0,0.0,320,223,104.07777777777778,-179855.8599999998,0.0,0.0,105,97,715.2875,-188162.02999999985,0.0,0.0,410,269,122.15208333333334,25.02386236190796,2.759729272419628,106525.17999999998,0.0,0.0,0.533479397401666,740.8604166666667,3.36910548832935,8.0,,,,,,,,
FACTORY_S3v2,D_16_16al_low60_float__step4.0,S3,D_16_16al_low60_float,D_16_16al_low60_float,"{""core_cap"": 16, ""rec_activation"": ""always"", ""rec_anchor"": ""low60"", ""rec_cap"": 16, ""rec_spacing"": ""float"", ""rec_step"": 4.0, ""rec_tp"": 3.0}",{},403721.6400000517,560.0,404281.6400000516,4,-171794.0799999953,2022-10-13,-178490.0,76828.72999999978,722.00625,18.89649983976661,7324,4.130851663846587,20438.35999999989,1152.87,16.727513931654343,32.0,32,0.616071903866682,0.2054978552676923,0.1118258662281009,279.9590277777778,453.0944444444444,279.9590277777778,816712.5,372836.2769755072,29328.729999999778,2.353292034277681,1.084340942570377,279.9590277777778,280.2236111111111,0.8663282571912013,1.2583192329385222,160692.2000000106,-107247.41000000028,-116401.10999999515,-171794.0799999953,360038.6200000361,-161435.99999999884,-116401.10999999515,7,8,-107247.41000000028,0.0,0.0,462,395,0.0055555555555555,-171794.0799999953,279.9590277777778,0.3945473327303371,962,954,453.0944444444444,-161435.99999999884,0.0,0.0,623,492,6.0125,25.488380908966064,2.8725324309080653,97645.93,0.0,0.0,0.1118258662281009,279.9590277777778,10.883744582134424,16.0,,,,,,,,
FACTORY_S3v2,D_16_16al_low60_float__step4.5,S3,D_16_16al_low60_float,D_16_16al_low60_float,"{""core_cap"": 16, ""rec_activation"": ""always"", ""rec_anchor"": ""low60"", ""rec_cap"": 16, ""rec_spacing"": ""float"", ""rec_step"": 4.5, ""rec_tp"": 3.0}",{},402554.8300000512,560.0,403114.8300000513,4,-170186.55999999522,2022-10-13,-176926.25,76403.49999999977,720.96875,18.84448388273126,7272,4.101522842639594,20281.419999999813,1142.91,16.616660269359325,32.0,32,0.6149736216137465,0.2052372934066642,0.1000515520241173,160.01111111111112,453.0944444444444,160.01111111111112,796320.0,370280.07115895394,28903.499999999767,2.36866430580689,1.0886754686481683,160.01111111111112,160.05555555555554,0.8815566835871405,1.2583192329385222,159462.82000001008,-107261.17000000027,-114793.58999999508,-170186.55999999522,358493.67000003625,-161435.99999999884,-114793.58999999508,7,8,-107261.17000000027,0.0,0.0,453,386,0.0,-170186.55999999522,160.01111111111112,0.3530048486825521,1009,1001,453.0944444444444,-161435.99999999884,0.0,0.0,615,484,6.0125,26.066037893295288,2.843203609701072,96469.16,0.0,0.0,0.1000515520241173,160.01111111111112,10.99459824442944,16.0,,,,,,,,
FACTORY_S3v2,D_16_16al_low60_float__step5.5,S3,D_16_16al_low60_float,D_16_16al_low60_float,"{""core_cap"": 16, ""rec_activation"": ""always"", ""rec_anchor"": ""low60"", ""rec_cap"": 16, ""rec_spacing"": ""float"", ""rec_step"": 5.5, ""rec_tp"": 3.0}",{},403092.5300000523,560.0,403652.5300000523,4,-167034.0899999953,2022-10-13,-173781.25,75735.65999999992,712.8201388888889,18.867370956869596,7300,4.117315284827975,20322.46999999986,1122.99,16.39076294193953,32.0,32,0.6124618613082446,0.1988773426052263,0.0538130286533994,55.86388888888889,453.0944444444444,55.86388888888889,767880.0,364958.314560505,28235.65999999992,2.416587715717574,1.106023657759775,55.86388888888889,56.859722222222224,0.9278059785674,1.2583192329385222,157568.14000001003,-107261.17000000027,-108923.49999999448,-167034.0899999953,355069.7200000367,-154577.28999999887,-108923.49999999448,7,8,-107261.17000000027,0.0,0.0,434,367,0.0,-167034.0899999953,55.86388888888889,0.1898647212625356,1205,1197,453.0944444444444,-154577.28999999887,0.0,0.0,601,470,5.934027777777778,26.0466628074646,2.858996051889453,96986.94,0.0,0.0,0.0538130286533994,55.86388888888889,11.220495571849233,16.0,,,,,,,,
FACTORY_S3v2,D_16_16al_low60_float__step6.0,S3,D_16_16al_low60_float,D_16_16al_low60_float,"{""core_cap"": 16, ""rec_activation"": ""always"", ""rec_anchor"": ""low60"", ""rec_cap"": 16, ""rec_spacing"": ""float"", ""rec_step"": 6.0, ""rec_tp"": 3.0}",{},401837.95000005176,560.0,402397.95000005176,4,-167102.88999999536,2022-10-13,-173781.25,75586.83000000007,712.8479166666667,18.81191561778259,7217,4.070501974055274,20109.54999999973,1122.99,16.369245575351407,32.0,32,0.611698387038028,0.1927149145048904,0.0537513903636939,55.86388888888889,453.0944444444444,55.86388888888889,767880.0,364485.9948314893,28086.830000000075,2.408084923007992,1.1040148475007665,55.86388888888889,56.859722222222224,0.9278059785674,1.2583192329385222,156999.0200000099,-107261.1700000002,-108992.29999999452,-167102.88999999536,354453.0600000363,-151582.9299999989,-108992.29999999452,7,8,-107261.1700000002,0.0,0.0,430,363,0.0,-167102.88999999536,55.86388888888889,0.189647247223499,1186,1178,453.0944444444444,-151582.9299999989,0.0,0.0,594,463,4.036111111111111,26.850125312805176,2.8121827411167515,95732.36000000002,0.0,0.0,0.0537513903636939,55.86388888888889,11.242012938437355,16.0,,,,,,,,
FACTORY_S3v2,D_16_16al_low60_float__tp2.5,S3,D_16_16al_low60_float,D_16_16al_low60_float,"{""core_cap"": 16, ""rec_activation"": ""always"", ""rec_anchor"": ""low60"", ""rec_cap"": 16, ""rec_spacing"": ""float"", ""rec_step"": 5.0, ""rec_tp"": 2.5}",{},389492.5500000527,560.0,390052.5500000527,4,-169836.54999999522,2022-10-13,-175436.25,80878.01000000033,720.9826388888889,18.26544992430353,7434,4.192893401015229,20601.200000000077,1105.56,16.189801104446083,32.0,32,0.6120920315700112,0.1892043337321144,0.0692226010797907,58.80625,453.05694444444447,58.80625,746157.5,360184.23640490475,35878.01000000033,2.2966349116256994,1.0829250993693438,58.80625,58.85833333333333,0.9120135363790186,1.2583192329385222,154234.2700000102,-101429.9299999999,-112933.04999999463,-169836.54999999522,348809.40000003704,-145087.2599999988,-112933.04999999463,7,8,-101429.9299999999,0.0,0.0,445,378,0.0,-169836.54999999522,58.80625,0.2442332310216831,1146,1138,453.05694444444447,-145087.2599999988,0.0,0.0,614,483,2.7333333333333334,25.748174905776978,2.9345741680767063,83369.53,0.0,0.0,0.0692226010797907,58.80625,11.421457409342684,16.0,,,,,,,,
FACTORY_S3v2,D_16_16al_low60_float__tp3.5,S3,D_16_16al_low60_float,D_16_16al_low60_float,"{""core_cap"": 16, ""rec_activation"": ""always"", ""rec_anchor"": ""low60"", ""rec_cap"": 16, ""rec_spacing"": ""float"", ""rec_step"": 5.0, ""rec_tp"": 3.5}",{},413677.6300000499,613.75,414291.38000005,5,-173061.92999999563,2022-10-13,-180617.5,77020.01999999973,720.96875,19.33748555136861,6977,3.935138183869148,19628.619999999344,1172.7900000000002,17.11737051056116,32.0,32,0.6171407678449853,0.2422903107410323,0.1146696327758803,279.9590277777778,453.9013888888889,279.9590277777778,840375.0,381065.9241680933,27020.019999999728,2.393890903678588,1.0871908342486707,279.9590277777778,280.2236111111111,0.8652002256063169,1.2583192329385222,163559.33000001055,-107748.06000000026,-117653.95999999554,-173061.92999999563,368440.3400000349,-161167.25999999885,-117653.95999999554,7,8,-107748.06000000026,0.0,0.0,434,367,0.0,-173061.92999999563,279.9590277777778,0.404580794076798,889,881,453.9013888888889,-161167.25999999885,0.0,0.0,602,471,6.0125,27.207093954086304,2.676818950930626,107622.45999999998,0.0,0.0,0.1146696327758803,279.9590277777778,10.493888003227603,16.0,,,,,,,,
FACTORY_S3v2,D_16_16al_low60_float__low30,S3,D_16_16al_low60_float,D_16_16al_low60_float,"{""core_cap"": 16, ""rec_activation"": ""always"", ""rec_anchor"": ""low30"", ""rec_cap"": 16, ""rec_spacing"": ""float"", ""rec_step"": 5.0, ""rec_tp"": 3.0}",{},422051.4200000595,586.25,422637.67000005953,5,-174231.35999999515,2022-10-13,-181367.5,77789.23999999967,714.2638888888889,19.708396892577323,8349,4.708967851099831,23131.08000000154,1190.2200000000005,17.395008979578115,32.0,32,0.620906306997907,0.2606291027986585,0.1283365226478688,279.9590277777778,461.9236111111111,279.9590277777778,826173.75,387537.4525122506,30289.23999999967,2.425726746322081,1.0905724524436753,279.9590277777778,279.98125,0.8663282571912013,1.2583192329385222,167032.71000001213,-107164.8500000003,-118627.74999999494,-174231.35999999515,374289.5300000423,-166002.64999999863,-118627.74999999494,7,8,-107164.8500000003,0.0,0.0,556,489,0.0534722222222222,-174231.35999999515,279.9590277777778,0.4528007196413655,1114,1106,461.9236111111111,-166002.64999999863,0.0,0.0,742,611,46.91944444444445,27.107137203216556,3.4506486181613085,116013.68,0.0,0.0,0.1283365226478688,279.9590277777778,10.216249534210652,16.0,,,,,,,,
FACTORY_S3v2,C_atr1.5__k1.2,S3,C_atr1.5,C_atr1.5,"{""atr_k"": 1.2, ""spacing"": ""atr""}",{},322584.61000001564,268.75,322853.36000001564,2,-176208.92999999988,2025-04-06,-169392.5,46868.85000000012,464.09722222222223,3.830896896892168,2231,1.2583192329385222,7106.6399999997,881.4600000000003,13.330392439783594,32.0,32,0.3514601270309116,0.267147351935022,0.2259967892054544,439.9902777777778,446.9881944444445,439.9902777777778,1095320.0,287129.3715310951,-32444.88999999987,1.832219059499515,1.1244177433970797,439.9902777777778,439.99097222222224,0.4816694867456288,1.2583192329385222,119251.45000000298,-129992.11,-76876.32999999874,-147025.49999999988,280500.1100000114,-176208.92999999988,-76876.32999999874,7,8,-129992.11,63.90972222222222,0.3049106296430356,175,0,77.72847222222222,-147025.49999999988,439.9902777777778,0.6324935869871443,273,0,446.9881944444445,-176208.92999999988,46.145833333333336,0.2737447065940714,164,0,70.05972222222222,19.434884548187256,,,,,,,,,,,,,,,,
FACTORY_S3v2,D_16_16al_low60_float__20_12,S3,D_16_16al_low60_float,D_16_16al_low60_float,"{""core_cap"": 20, ""rec_activation"": ""always"", ""rec_anchor"": ""low60"", ""rec_cap"": 12, ""rec_spacing"": ""float"", ""rec_step"": 5.0, ""rec_tp"": 3.0}",{},443435.3400000522,560.0,443995.3400000522,4,-186799.7099999988,2025-04-06,-186813.75,61147.53999999963,744.9222222222222,12.566944900884748,7285,4.108855047941343,20437.15999999984,1237.5300000000002,18.14898114708857,32.0,32,0.5929603469675362,0.3874106595016824,0.1335589668301949,297.2270833333333,616.9861111111111,297.2270833333333,912756.25,405369.45266074286,3647.53999999963,2.376852405178012,1.0952856390282464,297.2270833333333,298.0965277777778,0.8488437676254935,1.4275239706711789,177869.37000001164,-127426.11000000028,-126353.95999999612,-181550.04999999632,392533.0100000367,-186799.7099999988,-126353.95999999612,7,8,-127426.11000000028,0.0,0.0,445,372,8.751388888888888,-181550.04999999632,297.2270833333333,0.4700157668678301,803,796,616.9861111111111,-186799.7099999988,0.7326388888888888,0.0015527324057269,618,474,125.85277777777776,25.27105689048767,2.681331077270164,91991.29,0.0,0.0,0.1335855833643859,297.2270833333333,7.482510135296046,12.0,,,,,,,,
FACTORY_S3v2,C_atr1.5__k1.65,S3,C_atr1.5,C_atr1.5,"{""atr_k"": 1.65, ""spacing"": ""atr""}",{},258555.4500000115,102.5,258657.95000001148,1,-146075.8899999999,2025-04-06,-140008.75,74655.02999999997,302.93402777777777,3.398386683670106,1811,1.0214326001128031,5768.299999999792,737.0400000000002,11.014846422597715,32.0,32,0.2817556265952409,0.2043883660529921,0.1551912047764071,399.0236111111111,411.9527777777778,399.0236111111111,908842.5,233252.28146599667,12498.78999999998,1.770709389482492,1.1089192713329084,399.0236111111111,399.02430555555554,0.5036661026508742,1.0214326001128031,92192.4000000009,-95755.93,-68219.769999999,-134799.68,234698.4400000096,-146075.8899999999,-68219.769999999,7,8,-95755.93,0.0,0.0,139,0,57.93194444444445,-134799.68,399.0236111111111,0.5475502043761707,252,0,411.9527777777778,-146075.8899999999,0.0,0.0,136,0,38.97152777777778,20.7423095703125,,,,,,,,,,,,,,,,
FACTORY_S3v2,C_atr1.5__k1.35,S3,C_atr1.5,C_atr1.5,"{""atr_k"": 1.35, ""spacing"": ""atr""}",{},301195.2800000142,278.75,301474.0300000142,2,-164647.08999999985,2025-04-06,-157898.75,61659.29000000007,464.1715277777778,3.655284086553443,2064,1.1641285956006768,6528.4699999997365,841.62,12.57112638370956,32.0,32,0.3358180101479038,0.2483476735748246,0.1914008982379854,437.8375,447.7319444444444,437.8375,1061091.25,270267.0230212008,-10236.949999999924,1.8310316325664453,1.1154673131407726,437.8375,437.83819444444447,0.4906937394247039,1.1641285956006768,113829.51000000253,-113465.24999999996,-78945.1499999988,-147713.6299999999,266611.54000001046,-164647.08999999985,-78945.1499999988,7,8,-113465.24999999996,0.0,0.0,167,0,70.9888888888889,-147713.6299999999,437.8375,0.6231372607167747,268,0,447.7319444444444,-164647.08999999985,39.01736111111112,0.2128453317201048,149,0,63.78541666666667,20.813151121139526,,,,,,,,,,,,,,,,
FACTORY_S3v2,C_atr1.5__k1.8,S3,C_atr1.5,C_atr1.5,"{""atr_k"": 1.8, ""spacing"": ""atr""}",{},281848.94000001217,102.5,281951.44000001217,1,-145858.38999999984,2025-04-06,-140011.25,75168.05999999997,132.07638888888889,3.2682191547771207,1867,1.0530174844895657,5813.559999999779,532.86,8.455218381658687,31.0,32,0.1848084029799311,0.0841236576161111,0.0251091978336942,64.09305555555555,105.92291666666668,64.09305555555555,908842.5,183466.32277170577,15501.819999999978,1.933049171871515,1.5368021538800625,64.09305555555555,64.09375,0.5403271291596164,1.0530174844895657,89288.16000000061,-94080.94,20846.250000001688,-103972.05999999988,171831.40000000986,-145858.38999999984,14552.459999999934,8,8,-94080.94,0.0,0.0,121,0,0.0,-103972.05999999988,64.09305555555555,0.0885910153566327,459,0,105.92291666666668,-145858.38999999984,0.0,0.0,130,0,38.94583333333333,18.251909494400024,,,,,,,,,,,,,,,,
FACTORY_S3v2,C_fixed15.0__g12.0,S3,C_fixed15.0,C_fixed15.0,"{""grid"": 12.0}",{},325211.05000001495,268.75,325479.80000001495,2,-185054.53999999983,2025-04-06,-178293.75,33056.72999999995,449.0006944444444,3.94160749150069,2128,1.200225606316977,6786.449999999723,873.9900000000004,12.76468602295746,32.0,32,0.3428167577699267,0.2742217465489562,0.2517307751575278,448.9736111111111,451.8958333333333,448.9736111111111,1095320.0,277207.63110744394,-46943.27000000005,1.758831747656746,1.1741372295550587,448.9736111111111,448.97430555555553,0.4839255499153976,1.200225606316977,106005.59000000176,-134177.03999999998,-76020.3199999985,-150621.79999999993,295507.65000001166,-185054.53999999983,-76020.3199999985,7,8,-134177.03999999998,76.26527777777778,0.3691159487736353,149,0,82.05625,-150621.79999999993,448.9736111111111,0.6448253535188783,281,0,451.8958333333333,-185054.53999999983,91.79930555555556,0.5168582375478927,120,0,94.00625,19.445717096328732,,,,,,,,,,,,,,,,
FACTORY_S3v2,C_fixed15.0__g13.5,S3,C_fixed15.0,C_fixed15.0,"{""grid"": 13.5}",{},282663.5800000137,278.75,282942.3300000137,2,-184390.78999999983,2025-04-06,-177826.25,36962.87999999992,447.9881944444445,3.427104241656976,2018,1.138183869148336,6378.919999999747,844.1100000000002,12.077885582523864,32.0,32,0.318297326299097,0.2590783394644753,0.2341638625914418,439.9763888888889,446.9666666666666,439.9763888888889,997537.5,261148.34034352135,-43037.12000000008,1.5344710546552458,1.0834544444273473,439.9763888888889,439.9770833333333,0.482233502538071,1.138183869148336,99702.0300000012,-127917.65000000002,-72595.35999999847,-146256.78999999992,255861.91000001103,-184390.78999999983,-72595.35999999847,7,8,-127917.65000000002,74.72708333333334,0.348777082579244,148,0,77.98611111111111,-146256.78999999992,439.9763888888889,0.6003716829030807,278,0,446.9666666666666,-184390.78999999983,90.95625,0.5132486388384755,114,0,94.00416666666666,22.12130069732666,,,,,,,,,,,,,,,,
FACTORY_S3v2,C_fixed15.0__g16.5,S3,C_fixed15.0,C_fixed15.0,"{""grid"": 16.5}",{},257752.55000001207,292.5,258045.05000001212,2,-175895.78999999992,2025-04-06,-169238.75,51308.93999999992,436.97291666666666,3.240359035437788,1811,1.0214326001128031,5941.199999999792,791.82,10.88173573423811,32.0,32,0.2670534936302431,0.2253902123999428,0.2113184710342064,435.8027777777778,442.9041666666666,435.8027777777778,953200.0,234409.70537422848,-28691.060000000085,1.4670336908007422,1.1008292066578491,435.8027777777778,435.80347222222224,0.4861816130851664,1.0214326001128031,93215.65000000095,-111597.69000000005,-69975.03999999873,-140081.73999999987,234821.94000000996,-175895.78999999992,-69975.03999999873,7,8,-111597.69000000005,40.83125,0.1912715238636951,158,0,46.984027777777776,-140081.73999999987,435.8027777777778,0.5951325355990175,241,0,442.9041666666666,-175895.78999999992,66.93194444444444,0.3900383141762452,136,0,70.97430555555556,22.11132502555847,,,,,,,,,,,,,,,,
FACTORY_S3v2,C_fixed15.0__g18.0,S3,C_fixed15.0,C_fixed15.0,"{""grid"": 18.0}",{},241547.1600000109,102.5,241649.6600000109,1,-169353.9099999998,2025-04-06,-162593.75,56965.63999999996,420.1694444444444,3.121821161117972,1721,0.9706711787930062,5542.839999999812,764.4300000000004,10.139820856716192,32.0,32,0.2458905472079255,0.2044359956404918,0.1916194339923961,402.18055555555554,414.95208333333335,402.18055555555554,946240.0,217619.42140732825,-22269.98000000007,1.4268915314681023,1.1104232261867115,402.18055555555554,402.18125,0.4895657078398195,0.9706711787930062,83248.86000000013,-104548.34000000004,-67325.79999999882,-135773.0199999999,225739.7200000096,-169353.9099999998,-67325.79999999882,7,8,-104548.34000000004,25.25625,0.1320130306634262,163,0,35.984722222222224,-135773.0199999999,402.18055555555554,0.5546724791546191,235,0,414.95208333333335,-169353.9099999998,60.92638888888889,0.3408751764468642,136,0,66.98055555555555,18.76820397377014,,,,,,,,,,,,,,,,
FACTORY_S3v2,C_convex0.2__a0.16,S3,C_convex0.2,C_convex0.2,"{""convex_a"": 0.16, ""spacing"": ""convex""}",{},351987.4500000177,397.5,352384.9500000177,3,-186035.80999999985,2025-04-06,-179393.75,44664.580000000016,464.0833333333333,3.974223429968686,2401,1.3542019176536944,7806.299999999663,1008.4500000000002,14.568477338122442,32.0,32,0.3917071284682044,0.2907506142815917,0.2283166302907366,430.97291666666666,444.9993055555556,430.97291666666666,1061091.25,320872.57377683016,-35335.419999999984,1.8941780617399309,1.0982083817643595,430.97291666666666,430.9736111111111,0.4534686971235194,1.3542019176536944,133188.89000000374,-126354.55999999994,-85633.80999999947,-146844.2599999999,304860.49000001344,-186035.80999999985,-85633.80999999947,7,8,-126354.55999999994,68.79861111111111,0.3230949549270041,201,0,74.99930555555555,-146844.2599999999,430.97291666666666,0.5903382215566199,173,0,444.9993055555556,-186035.80999999985,87.78333333333333,0.5000604960677556,158,0,93.99305555555556,21.96797728538513,,,,,,,,,,,,,,,,
FACTORY_S3v2,C_convex0.2__a0.18,S3,C_convex0.2,C_convex0.2,"{""convex_a"": 0.18, ""spacing"": ""convex""}",{},360998.920000018,397.5,361396.420000018,3,-184574.55999999985,2025-04-06,-177928.75,43753.28,463.02569444444447,4.057249241319232,2444,1.3784545967287083,7864.829999999653,956.1600000000002,13.960814858189908,32.0,32,0.3699418078510371,0.2569868402251478,0.2276274021422107,430.0201388888889,444.2048611111111,430.0201388888889,1026862.5,307457.9810798468,-36246.72,1.9579969200523533,1.1754335299110787,430.0201388888889,430.0208333333333,0.4653130287648054,1.3784545967287083,129208.61000000348,-126233.30999999995,-75663.13999999873,-145080.5099999999,307881.5700000132,-184574.55999999985,-75663.13999999873,7,8,-126233.30999999995,68.79722222222222,0.3230604822724374,196,0,74.99930555555555,-145080.5099999999,430.0201388888889,0.5886725681212714,265,0,444.2048611111111,-184574.55999999985,86.95833333333333,0.4969751966122202,161,0,93.98402777777778,21.929643154144287,,,,,,,,,,,,,,,,
FACTORY_S3v2,C_convex0.2__a0.24,S3,C_convex0.2,C_convex0.2,"{""convex_a"": 0.24, ""spacing"": ""convex""}",{},334918.4600000164,397.5,335315.9600000164,3,-175191.43999999983,2025-04-06,-168626.25,54384.32999999996,436.2,3.900699470776274,2281,1.2865200225606317,7287.78999999969,936.2400000000004,13.349688026201877,32.0,32,0.347680579175784,0.2524382146189213,0.1775757100310713,413.99652777777777,426.94305555555553,413.99652777777777,953200.0,291354.7544309525,-20119.410000000036,1.9139973962199104,1.1508854923439464,413.99652777777777,413.9972222222222,0.4579808234630569,1.2865200225606317,118868.08000000288,-113243.33,-78397.63999999949,-137764.8799999999,294876.140000013,-175191.43999999983,-78397.63999999949,7,8,-113243.33,0.0,0.0,193,0,66.94791666666667,-137764.8799999999,413.99652777777777,0.5673749400710745,173,0,426.94305555555553,-175191.43999999983,42.87361111111111,0.2413389796329905,181,0,70.01597222222222,21.70488929748535,,,,,,,,,,,,,,,,
FACTORY_S3v2,C_convex0.2__a0.22,S3,C_convex0.2,C_convex0.2,"{""convex_a"": 0.22, ""spacing"": ""convex""}",{},343821.46000001667,397.5,344218.96000001667,3,-177845.17999999988,2025-04-06,-171277.5,50021.25999999998,436.97222222222223,3.9872267605453215,2324,1.310772701635646,7453.53999999968,953.6700000000004,13.703112173282042,32.0,32,0.3579209404882313,0.2613491500920372,0.1819464251192841,425.9979166666666,441.7284722222222,425.9979166666666,955200.0,299327.1744465162,-26946.23000000004,1.935497830191501,1.1499756433291082,425.9979166666666,425.99861111111113,0.4574168076706147,1.310772701635646,121788.32000000308,-118111.43999999996,-77955.09999999951,-139713.6299999999,300416.3600000131,-177845.17999999988,-77955.09999999951,7,8,-118111.43999999996,0.0,0.0,198,0,67.24930555555555,-139713.6299999999,425.9979166666666,0.5805074064738067,171,0,441.7284722222222,-177845.17999999988,43.19513888888889,0.2506755394232708,189,0,70.16875,21.897552013397217,,,,,,,,,,,,,,,,
FACTORY_S3v2,C_volpct2.0__k1.6,S3,C_volpct2.0,C_volpct2.0,"{""spacing"": ""volpct"", ""volpct_k"": 1.6}",{},417160.5300000228,442.5,417603.0300000229,3,-204875.1899999999,2025-04-06,-198205.0,42094.17000000007,448.9868055555556,4.627208636859642,2936,1.655950366610265,9219.469999999546,1065.7200000000005,14.909458955903409,32.0,32,0.4148060775353649,0.3382050930037739,0.2952249937661275,447.8097222222222,451.86805555555554,447.8097222222222,990720.0,324353.6003257724,-37905.82999999993,2.0383289455400777,1.2874931234942149,447.8097222222222,447.8104166666666,0.4918217710095883,1.655950366610265,164703.63000000585,-141286.42000000007,-76791.98999999883,-150248.04999999993,329704.51000001584,-204875.1899999999,-76791.98999999883,7,8,-141286.42000000007,82.72916666666667,0.3907130668597135,165,0,88.99930555555555,-150248.04999999993,447.8097222222222,0.7041809384004785,303,0,451.86805555555554,-204875.1899999999,121.16597222222222,0.6908449284129865,140,0,122.16666666666669,21.45781660079956,,,,,,,,,,,,,,,,
FACTORY_S3v2,C_volpct2.0__k2.4,S3,C_volpct2.0,C_volpct2.0,"{""spacing"": ""volpct"", ""volpct_k"": 2.4}",{},399909.8700000217,268.75,400178.6200000217,2,-202952.67999999988,2025-04-06,-196047.5,53702.89000000007,420.2006944444444,4.493643350033217,2822,1.5916525662718557,8910.129999999572,1030.86,14.194841435499733,32.0,32,0.3834994298458202,0.3158542086344036,0.272463654422127,402.73541666666665,415.7291666666667,402.73541666666665,988400.0,307760.0745280468,-26297.109999999928,1.9717828806203588,1.3002941353380535,402.73541666666665,402.7361111111111,0.4968979131415679,1.5916525662718557,159739.62000000547,-129518.94000000006,-68237.83999999892,-136966.1499999999,308694.3400000151,-202952.67999999988,-68237.83999999892,7,8,-129518.94000000006,68.83402777777778,0.3239740076184567,161,0,77.98611111111111,-136966.1499999999,402.73541666666665,0.6464910069542267,323,0,415.7291666666667,-202952.67999999988,121.00763888888888,0.6862472272635612,140,0,121.03194444444443,22.626960515975952,,,,,,,,,,,,,,,,
FACTORY_S3v2,C_volpct2.0__k1.8,S3,C_volpct2.0,C_volpct2.0,"{""spacing"": ""volpct"", ""volpct_k"": 1.8}",{},408321.9900000223,255.0,408576.9900000224,2,-204875.1899999999,2025-04-06,-198205.0,45967.91000000009,448.2138888888889,4.47359983790167,2899,1.6350817822899042,9034.259999999556,1055.7600000000004,14.802573958943295,32.0,32,0.4085722050537794,0.3385272931545076,0.2896425259371121,440.7395833333333,447.77777777777777,440.7395833333333,990720.0,322181.37343242625,-34032.08999999991,1.994272659368968,1.268158322274073,440.7395833333333,440.7402777777778,0.4912577552171461,1.6350817822899042,161266.11000000557,-137265.17000000004,-76047.62999999872,-147991.16999999993,323376.0100000155,-204875.1899999999,-76047.62999999872,7,8,-137265.17000000004,73.11944444444444,0.3587569160763224,167,0,82.90833333333333,-147991.16999999993,440.7395833333333,0.6936729882415741,310,0,447.77777777777777,-204875.1899999999,121.16597222222222,0.6908449284129865,137,0,122.16666666666669,22.712693691253666,,,,,,,,,,,,,,,,
FACTORY_S3v2,C_volpct2.0__k2.2,S3,C_volpct2.0,C_volpct2.0,"{""spacing"": ""volpct"", ""volpct_k"": 2.2}",{},396672.5500000217,268.75,396941.3000000217,2,-202952.67999999988,2025-04-06,-196047.5,53470.39000000007,446.9451388888889,4.4243463372205465,2836,1.5995487873660463,8868.699999999568,1040.8200000000002,14.476874434398647,32.0,32,0.3953031623244359,0.3305969668357984,0.2842926025647132,435.8104166666666,443.0076388888889,435.8104166666666,988400.0,314178.1922820456,-26529.609999999928,1.955831773199654,1.2634272834687317,435.8104166666666,435.81111111111113,0.4946418499717992,1.5995487873660463,158004.5600000054,-129751.44000000006,-73430.2599999989,-142461.15999999992,312384.5000000152,-202952.67999999988,-73430.2599999989,7,8,-129751.44000000006,68.83402777777778,0.3239740076184567,163,0,77.98611111111111,-142461.15999999992,435.8104166666666,0.6881718835723076,304,0,443.0076388888889,-202952.67999999988,121.00763888888888,0.6862472272635612,140,0,121.03194444444443,22.71606469154358,,,,,,,,,,,,,,,,
FACTORY_S3v2,M_atr_spike1.5_core__x1.2,S3,M_atr_spike1.5_core,M_atr_spike1.5_core,"{""gov"": ""atr_spike"", ""gov_action"": ""core"", ""gov_x"": 1.2}",{},338526.43000001664,560.0,339086.43000001664,4,-194309.62999999995,2022-10-13,-191772.5,104698.02,742.1118055555555,4.9454938416263525,2342,1.3209249858996053,7702.319999999676,1055.7600000000002,15.79648297522421,32.0,32,0.4281283533330905,0.3617243031371088,0.3357591735986395,739.0326388888889,749.2201388888889,739.0326388888889,1103440.0,358766.3946503568,24698.01999999999,1.7450829894535682,0.9451454624965092,739.0326388888889,739.0333333333333,0.3993231810490694,1.3209249858996053,156579.84000000503,-64446.02999999997,-137492.88999999978,-194309.62999999995,320071.9700000114,-191132.67999999996,-137492.88999999978,7,8,-64446.02999999997,3.2576388888888888,0.0273368150714445,426,0,6.022916666666666,-194309.62999999995,708.1145833333334,0.974575307799904,8,0,718.3020833333334,-191132.67999999996,89.99513888888889,0.5062109296229078,140,0,105.98472222222222,19.8325879573822,,,,,,,,,,,,,,,,
FACTORY_S3v2,M_atr_spike1.5_core__x1.8,S3,M_atr_spike1.5_core,M_atr_spike1.5_core,"{""gov"": ""atr_spike"", ""gov_action"": ""core"", ""gov_x"": 1.8}",{},482806.34000002703,560.0,483366.3400000271,4,-202952.67999999988,2025-04-06,-196083.75,95330.11000000012,617.9534722222222,4.824998715850514,3393,1.9137055837563453,10551.159999999449,1217.6100000000004,16.72547986809406,32.0,32,0.4634498950748205,0.3905822296810778,0.3596510152106488,616.0604166666667,621.1097222222222,616.0604166666667,1108200.0,377553.3413591523,15655.120000000112,2.381670150894422,1.2802597329955,616.0604166666667,616.0611111111111,0.4574168076706147,1.9137055837563453,204584.0100000081,-85289.03999999995,-106683.4999999992,-171023.68999999994,385538.32000001817,-202952.67999999988,-106683.4999999992,7,8,-85289.03999999995,14.998611111111112,0.076753365392902,438,0,19.834027777777777,-171023.68999999994,616.0604166666667,0.944311818231244,123,0,621.1097222222222,-202952.67999999988,121.00763888888888,0.6862472272635612,135,0,121.03194444444443,21.28442478179932,,,,,,,,,,,,,,,,
FACTORY_S3v2,M_atr_spike1.5_core__x1.35,S3,M_atr_spike1.5_core,M_atr_spike1.5_core,"{""gov"": ""atr_spike"", ""gov_action"": ""core"", ""gov_x"": 1.35}",{},377233.0900000197,560.0,377793.0900000197,4,-201762.67999999988,2025-04-06,-194858.75,93819.53000000006,744.0319444444444,4.867374530712834,2596,1.464184997179921,8464.409999999622,1147.8900000000003,16.550757730702312,32.0,32,0.4529027431840659,0.3912658543487214,0.3593932550900619,740.9694444444444,749.2201388888889,740.9694444444444,1109800.0,376406.80843940255,13819.530000000055,1.8724626873513963,1.0036829343400155,740.9694444444444,740.9701388888889,0.4106034968979131,1.464184997179921,174353.16000000644,-79344.13999999998,-137810.38999999978,-194414.62999999995,341322.810000013,-201762.67999999988,-137810.38999999978,7,8,-79344.13999999998,14.99375,0.0766327111019184,403,0,17.759027777777778,-194414.62999999995,710.0513888888889,0.9781290313014338,8,0,718.3020833333334,-201762.67999999988,107.86458333333331,0.6085904416212946,121,0,121.75138888888888,21.350010633468628,,,,,,,,,,,,,,,,
FACTORY_S3v2,M_atr_spike1.5_core__x1.65,S3,M_atr_spike1.5_core,M_atr_spike1.5_core,"{""gov"": ""atr_spike"", ""gov_action"": ""core"", ""gov_x"": 1.65}",{},478676.2900000265,560.0,479236.2900000266,4,-202952.67999999988,2025-04-06,-196083.75,110561.2800000002,617.9444444444445,4.802537042416854,3282,1.8510998307952624,10229.959999999472,1170.3000000000004,16.225304759316487,32.0,32,0.4442943956785955,0.3737984035682966,0.3323354467795394,611.875,617.0,611.875,1108200.0,365299.36808320327,35561.2800000002,2.3613203333901622,1.3119001341685108,611.875,612.0,0.4568527918781725,1.8510998307952624,198409.60000000757,-70747.89999999997,-105890.3799999992,-170219.30999999994,386780.8100000182,-202952.67999999988,-105890.3799999992,7,8,-70747.89999999997,0.0,0.0,391,0,14.922222222222222,-170219.30999999994,611.875,0.9389342783568848,129,0,617.0,-202952.67999999988,121.00763888888888,0.6862472272635612,135,0,121.03194444444443,21.377061367034912,,,,,,,,,,,,,,,,
FACTORY_S3v2,J_age15_recovery__age12.0,S3,J_age15_recovery,J_age15_recovery,"{""state"": {""age"": 12.0, ""mult"": [1, 1, 1, Infinity], ""rec_exit_x"": 5.0, ""recovery_exit"": ""all_ind"", ""recovery_until"": 1, ""t"": [1, 33, 33]}}",{},367429.1300000208,560.0,367989.1300000208,4,-153875.81999999995,2020-03-22,-152587.5,27252.35000000021,740.6993055555556,6.648206813111528,2854,1.6097010716300055,8543.369999999564,764.4300000000003,10.300143449110587,29.0,32,0.1625121525491635,0.0795540189565758,0.0175515029936596,11.98263888888889,100.81458333333332,11.98263888888889,1108200.0,227818.48511120107,-45247.64999999979,2.3914681981874795,1.6152733603702116,664.0,742.8354166666667,0.3869148336153412,1.6097010716300055,127657.01000000362,-153875.81999999995,-50041.29999999935,-77261.8099999997,290428.4100000165,-39506.169999999925,-50041.29999999935,7,8,-153875.81999999995,5.847222222222222,0.0071530758226037,75,0,100.81458333333332,-77261.8099999997,11.98263888888889,0.0197851949605334,57,0,13.796527777777778,-20741.22000000003,0.0,0.0,74,0,0.0,56.717793464660645,,,,,,,,,,,,,,,,
FACTORY_S3v2,J_age15_recovery__age13.5,S3,J_age15_recovery,J_age15_recovery,"{""state"": {""age"": 13.5, ""mult"": [1, 1, 1, Infinity], ""rec_exit_x"": 5.0, ""recovery_exit"": ""all_ind"", ""recovery_until"": 1, ""t"": [1, 33, 33]}}",{},392938.7800000222,560.0,393498.78000002215,4,-204875.18999999983,2025-04-06,-198221.25,23016.82000000018,740.6993055555556,6.2639028079214505,3018,1.7021996615905246,9118.719999999528,891.4200000000002,11.844619677743816,32.0,32,0.2173211999293961,0.126316467789791,0.0657988742606907,100.98333333333332,107.0125,100.98333333333332,1108200.0,270827.4198089353,-51983.17999999982,1.9206756074272464,1.4529502968260364,664.0,742.8354166666667,0.40721940214326,1.7021996615905246,128984.6100000036,-158618.93999999997,-50041.299999999406,-77261.80999999976,314610.46000001795,-204875.18999999983,-50041.299999999406,7,8,-158618.93999999997,7.081944444444445,0.0199596669941568,76,0,100.81458333333332,-77261.80999999976,11.98263888888889,0.0197851949605334,57,0,13.796527777777778,-204875.18999999983,100.98333333333332,0.5793708408953419,137,0,107.0125,62.58764791488648,,,,,,,,,,,,,,,,
FACTORY_S3v2,J_age15_recovery__age16.5,S3,J_age15_recovery,J_age15_recovery,"{""state"": {""age"": 16.5, ""mult"": [1, 1, 1, Infinity], ""rec_exit_x"": 5.0, ""recovery_exit"": ""all_ind"", ""recovery_until"": 1, ""t"": [1, 33, 33]}}",{},389996.03000002174,560.0,390556.0300000217,4,-204875.18999999983,2025-04-06,-198221.25,3607.430000000051,740.6993055555556,6.23809985808836,2994,1.688663282571912,9035.219999999534,888.9300000000002,12.172668461648376,32.0,32,0.2250357922341358,0.1406011414290557,0.1126005474600822,100.98333333333332,107.0125,100.98333333333332,1108200.0,277754.7069677184,-76392.56999999995,1.906311984384356,1.4061184930537054,664.0,742.8354166666667,0.4049633389734912,1.688663282571912,125561.8600000032,-168005.17999999996,-50041.29999999946,-77261.80999999982,315090.46000001795,-204875.18999999983,-50041.29999999946,7,8,-168005.17999999996,97.87777777777778,0.4527293724253236,81,0,100.81458333333332,-77261.80999999982,11.98263888888889,0.0197851949605334,57,0,13.796527777777778,-204875.18999999983,100.98333333333332,0.5793708408953419,137,0,107.0125,62.57537364959717,,,,,,,,,,,,,,,,
FACTORY_S3v2,J_age15_recovery__age18.0,S3,J_age15_recovery,J_age15_recovery,"{""state"": {""age"": 18.0, ""mult"": [1, 1, 1, Infinity], ""rec_exit_x"": 5.0, ""recovery_exit"": ""all_ind"", ""recovery_until"": 1, ""t"": [1, 33, 33]}}",{},389639.80000002176,560.0,390199.8000000217,4,-204875.18999999983,2025-04-06,-198221.25,3789.9500000000407,740.6993055555556,6.233326186382647,2996,1.6897913141567964,9036.449999999531,888.9300000000002,12.23138873868447,32.0,32,0.2256829942760442,0.1406011414290557,0.1126005474600822,100.98333333333332,107.0125,100.98333333333332,1108200.0,279026.4345909179,-76210.04999999996,1.904573218455695,1.3984330931658704,664.0,742.8354166666667,0.4060913705583756,1.6897913141567964,125205.63000000316,-168005.18,-50041.299999999406,-77261.80999999976,315090.46000001795,-204875.18999999983,-50041.299999999406,7,8,-168005.18,97.87777777777778,0.4527293724253236,81,0,100.81458333333332,-77261.80999999976,11.98263888888889,0.0197851949605334,57,0,13.796527777777778,-204875.18999999983,100.98333333333332,0.5793708408953419,137,0,107.0125,62.71202826499939,,,,,,,,,,,,,,,,
FACTORY_S3v2,L_armed_bull_hc__g4.0,S3,L_armed_bull_hc,L_armed_bull_hc,"{""add_trigger"": ""armed"", ""grid"": 4.0, ""reversal"": ""bull_hc""}",{},534295.2500000309,788.75,535084.0000000309,6,-207867.6999999999,2025-04-06,-200896.25,21751.33999999968,751.0534722222222,7.229239744596487,3929,2.216018048505358,12320.999999999329,1476.5700000000004,20.5069833380496,32.0,32,0.5945153129123811,0.5246567167524466,0.4989479464643436,753.11875,757.1229166666667,753.11875,1117050.0,458538.4669821893,-58248.66000000032,2.5741565428396576,1.166933722096678,753.11875,753.1194444444444,0.3931190073322053,2.216018048505358,205409.83000000825,-170235.18000000005,-143065.97999999975,-199919.04000000004,472842.0100000224,-207867.6999999999,-143065.97999999975,7,8,-170235.18000000005,146.80972222222223,0.6883844390437286,133,0,146.8625,-199919.04000000004,718.30625,0.9899517108781504,13,0,722.3104166666667,-207867.6999999999,122.97777777777776,0.7017140552530752,225,0,125.79583333333332,24.48676013946533,,,,,,,,,,,,,,,,
FACTORY_S3v2,L_armed_ll_fail__g4.0,S3,L_armed_ll_fail,L_armed_ll_fail,"{""add_trigger"": ""armed"", ""grid"": 4.0, ""reversal"": ""ll_fail""}",{},538106.400000029,992.5,539098.900000029,7,-204927.6899999999,2025-04-06,-198030.0,22593.66999999975,737.2909722222222,6.723652033389319,3742,2.110547095318669,11659.84999999937,1449.1800000000003,19.92323231191216,32.0,32,0.5890855399374091,0.5013756545566106,0.4741973714071181,733.8534722222222,733.9763888888889,733.8534722222222,1110120.0,442884.938316182,-57406.33000000025,2.6306786554810104,1.2172436977641323,733.8534722222222,733.8541666666666,0.4077834179357022,2.110547095318669,190564.40000000712,-167662.0000000001,-124821.30999999947,-184661.2199999997,473446.42000002135,-204927.6899999999,-124821.30999999947,7,8,-167662.0000000001,145.9638888888889,0.6852301911508696,145,0,146.00416666666666,-184661.2199999997,710.1652777777778,0.982691043529406,42,0,710.2881944444445,-204927.6899999999,121.14583333333331,0.690260133091349,203,0,122.15069444444444,24.630908012390137,,,,,,,,,,,,,,,,
FACTORY_S3v2,J_age15_recovery__x4.0,S3,J_age15_recovery,J_age15_recovery,"{""state"": {""age"": 15.0, ""mult"": [1, 1, 1, Infinity], ""rec_exit_x"": 4.0, ""recovery_exit"": ""all_ind"", ""recovery_until"": 1, ""t"": [1, 33, 33]}}",{},392309.7100000217,560.0,392869.7100000217,4,-204875.1899999999,2025-04-06,-198221.25,4688.670000000071,740.9222222222222,6.267659951805834,2988,1.6852791878172588,9016.539999999535,886.4400000000002,11.99404630156253,32.0,32,0.2161977020124901,0.1341627418952653,0.1036391806590253,100.98333333333332,107.00972222222222,100.98333333333332,1108200.0,273421.1568071085,-75311.32999999993,1.9176051038684672,1.4368665343522813,664.0,742.8243055555556,0.4015792442188381,1.6852791878172588,125794.33000000322,-168005.18,-50276.309999999474,-77496.81999999983,317406.680000018,-204875.1899999999,-50276.309999999474,7,8,-168005.18,97.86944444444444,0.452522536497923,79,0,100.81458333333332,-77496.81999999983,11.98263888888889,0.0197851949605334,57,0,13.79513888888889,-204875.1899999999,100.98333333333332,0.5793708408953419,137,0,107.00972222222222,63.44936513900757,,,,,,,,,,,,,,,,
FACTORY_S3v2,L_armed_ll_fail__g4.5,S3,L_armed_ll_fail,L_armed_ll_fail,"{""add_trigger"": ""armed"", ""grid"": 4.5, ""reversal"": ""ll_fail""}",{},515713.0500000285,986.25,516699.30000002845,7,-204433.9399999999,2025-04-06,-197625.0,22384.739999999845,737.2909722222222,6.236626976471952,3672,2.071065989847716,11478.199999999386,1411.8300000000008,19.3943001392465,32.0,32,0.5572031345872056,0.4888840947996896,0.4550572815833195,733.8534722222222,733.9763888888889,733.8534722222222,1109000.0,428840.53603948775,-57615.26000000016,2.527463394776957,1.2048751379054583,733.8534722222222,733.8541666666666,0.416243654822335,2.071065989847716,185778.03000000663,-166049.5000000001,-124715.69999999947,-184661.2199999997,455705.08000002126,-204433.9399999999,-124715.69999999947,7,8,-166049.5000000001,137.99791666666667,0.6441904958891359,164,0,138.98055555555555,-184661.2199999997,710.1652777777778,0.9825081676329434,39,0,710.2881944444445,-204433.9399999999,121.125,0.6896551724137931,190,0,122.12986111111113,20.834484577178955,,,,,,,,,,,,,,,,
FACTORY_S3v2,L_armed_bull_hc__g4.5,S3,L_armed_bull_hc,L_armed_bull_hc,"{""add_trigger"": ""armed"", ""grid"": 4.5, ""reversal"": ""bull_hc""}",{},524891.3500000298,541.25,525432.6000000298,4,-206112.6899999999,2025-04-06,-199291.25,22327.41999999975,751.0534722222222,6.6494573057635495,3806,2.146644106034969,11898.649999999358,1436.7300000000007,19.962042020503137,32.0,32,0.5744660583154255,0.5148492243381588,0.4849392442585334,753.0791666666667,757.0708333333333,753.0791666666667,1116680.0,444853.8808342742,-57672.58000000025,2.5492491510349518,1.1811352505560682,753.0791666666667,753.0798611111111,0.4049633389734912,2.146644106034969,199272.21000000765,-168095.80000000008,-142511.61999999976,-199919.03999999992,468768.8700000219,-206112.6899999999,-142511.61999999976,7,8,-168095.80000000008,145.97916666666666,0.685609390351104,133,0,146.02430555555554,-199919.03999999992,718.2979166666667,0.9898923997765948,11,0,722.2895833333333,-206112.6899999999,121.99791666666668,0.6941318814277072,208,0,122.25138888888888,21.122347116470337,,,,,,,,,,,,,,,,
FACTORY_S3v2,L_armed_ll_fail__g5.5,S3,L_armed_ll_fail,L_armed_ll_fail,"{""add_trigger"": ""armed"", ""grid"": 5.5, ""reversal"": ""ll_fail""}",{},493820.7800000274,676.25,494497.0300000274,5,-203700.1899999999,2025-04-06,-196881.25,24702.259999999776,660.9430555555556,6.022423140641384,3466,1.954878736604625,10896.719999999432,1362.0300000000009,18.19189680629607,32.0,32,0.5093550113330401,0.4541887420465593,0.4244062411570067,732.7902777777778,733.8722222222223,732.7902777777778,1091360.0,403630.50953327207,-55297.74000000022,2.4275727479686084,1.2251230229643109,732.7902777777778,732.7909722222222,0.4337281443880428,1.954878736604625,190099.4200000076,-164445.7500000001,-122183.2199999995,-183999.36,426666.44000001927,-203700.1899999999,-122183.2199999995,7,8,-164445.7500000001,103.075,0.4785666270231139,240,0,104.06736111111113,-183999.36,709.1020833333333,0.9764880908250668,38,0,710.1840277777778,-203700.1899999999,120.99375,0.6858439201451906,169,0,121.80486111111112,22.632965564727783,,,,,,,,,,,,,,,,
FACTORY_S3v2,J_age15_recovery__x6.0,S3,J_age15_recovery,J_age15_recovery,"{""state"": {""age"": 15.0, ""mult"": [1, 1, 1, Infinity], ""rec_exit_x"": 6.0, ""recovery_exit"": ""all_ind"", ""recovery_until"": 1, ""t"": [1, 33, 33]}}",{},395054.75000002206,560.0,395614.7500000221,4,-204875.18999999983,2025-04-06,-198221.25,5382.450000000099,740.6951388888889,6.307577892594333,2991,1.6869712351945854,9023.999999999534,888.9300000000002,12.032920450183656,32.0,32,0.2163097716301366,0.1341823540783534,0.1036784050252016,100.98472222222222,107.01458333333332,100.98472222222222,1108200.0,274182.64005900465,-74617.5499999999,1.931003700350552,1.442887667559423,663.9993055555556,742.8354166666667,0.404399323181049,1.6869712351945854,127144.36000000348,-168005.17999999996,-49981.299999999406,-77201.80999999976,318506.68000001804,-204875.18999999983,-49981.299999999406,7,8,-168005.17999999996,97.88472222222222,0.4529017356981574,80,0,100.81458333333332,-77201.80999999976,11.98263888888889,0.0197851949605334,57,0,13.797916666666667,-204875.18999999983,100.98472222222222,0.5794111716071789,134,0,107.01458333333332,63.785197257995605,,,,,,,,,,,,,,,,
FACTORY_S3v2,L_armed_bull_hc__g5.5,S3,L_armed_bull_hc,L_armed_bull_hc,"{""add_trigger"": ""armed"", ""grid"": 5.5, ""reversal"": ""bull_hc""}",{},509685.7300000276,541.25,510226.9800000276,4,-205766.4399999999,2025-04-06,-198942.5,18786.840000000026,660.9430555555556,6.34449345177356,3512,1.9808234630569657,11030.51999999942,1391.9100000000003,18.956561816200225,32.0,32,0.5424813894391196,0.4815715522482566,0.4575746453697036,732.7423611111111,733.8604166666667,732.7423611111111,1111960.0,419512.3077620818,-61213.15999999997,2.4796413836971074,1.216238404832196,732.7423611111111,732.7430555555555,0.4151156232374506,1.9808234630569657,174069.8500000066,-166794.55000000008,-123504.42999999948,-183999.36,459743.4200000204,-205766.4399999999,-123504.42999999948,7,8,-166794.55000000008,139.86805555555554,0.6549287277866832,134,0,140.85555555555555,-183999.36,709.0541666666667,0.9799380198988744,42,0,710.1722222222222,-205766.4399999999,121.18541666666668,0.6914095583787054,180,0,122.17708333333331,20.554301500320435,,,,,,,,,,,,,,,,
FACTORY_S3v2,L_armed_ll_fail__g6.0,S3,L_armed_ll_fail,L_armed_ll_fail,"{""add_trigger"": ""armed"", ""grid"": 6.0, ""reversal"": ""ll_fail""}",{},492384.8600000269,676.25,493061.1100000269,5,-200434.54999999987,2025-04-06,-193331.25,17582.8400000002,660.9430555555556,5.76950187813306,3388,1.9108855047941344,10705.139999999448,1327.1700000000008,17.668407014437367,32.0,32,0.4938263649378994,0.4325677110621118,0.4010551354501416,729.9354166666667,731.0631944444444,729.9354166666667,1057255.0,388849.3140761541,-62417.1599999998,2.4599606704534085,1.2680004622650909,729.9354166666667,729.9361111111111,0.4472645234066554,1.9108855047941344,185222.35000000708,-163880.74999999994,-122731.99999999952,-183999.36,430627.6300000193,-200434.54999999987,-122731.99999999952,7,8,-163880.74999999994,102.9798611111111,0.4762052501852905,219,0,104.0513888888889,-183999.36,709.0402777777778,0.9760482001551972,34,0,710.1680555555556,-200434.54999999987,118.78194444444443,0.6633595482960274,155,0,120.98194444444444,21.62011027336121,,,,,,,,,,,,,,,,
FACTORY_S3v2,P_eth_gapdown_init__k0.25,S3,P_eth_gapdown_init,P_eth_gapdown_init,"{""eth"": ""gapdown_init"", ""eth_k"": 0.25}",{},421055.1600000221,560.0,421615.1600000221,4,-203938.30999999988,2025-04-06,-197158.75,15095.460000000166,288.84791666666666,5.926504264617796,2975,1.6779469825155104,9257.339999999538,1030.86,12.96036237710866,32.0,32,0.3700132522322867,0.3215683582641537,0.2992552973907391,280.0083333333333,282.23055555555555,280.0083333333333,1004415.0,276467.88039930403,-64904.53999999983,2.067366155971491,1.5250059406216774,280.0083333333333,283.775,0.4416243654822335,1.6779469825155104,121746.20000000286,-166679.55,-6564.6699999962,-113568.30999999988,306455.50000001537,-203938.30999999988,-6564.6699999962,7,8,-166679.55,139.86875,0.6549459641139666,75,0,140.85833333333332,-113568.30999999988,280.0083333333333,0.6353256920864163,582,0,282.23055555555555,-203938.30999999988,121.0736111111111,0.6881629360758217,70,0,122.07916666666668,20.204017400741577,,,,,,,,,,,,,,,,
FACTORY_S3v2,L_armed_bull_hc__g6.0,S3,L_armed_bull_hc,L_armed_bull_hc,"{""add_trigger"": ""armed"", ""grid"": 6.0, ""reversal"": ""bull_hc""}",{},543188.0100000292,541.25,543729.2600000292,4,-205106.4399999999,2025-04-06,-198282.5,17362.8400000002,617.9527777777778,6.171505510118027,3630,2.047377326565144,11378.239999999396,1354.5600000000006,17.598144967653905,32.0,32,0.4983861975058906,0.432761031152552,0.3917295423917337,615.9993055555556,621.0631944444444,615.9993055555556,1110800.0,389502.9109155107,-62637.1599999998,2.650961422761906,1.395956858761378,615.9993055555556,616.0,0.4596728708403835,2.047377326565144,193831.6400000077,-164351.99999999994,-106066.6299999992,-170803.68999999994,456021.1200000207,-205106.4399999999,-106066.6299999992,7,8,-164351.99999999994,102.25972222222222,0.4761707775307237,228,0,104.06736111111113,-170803.68999999994,615.9993055555556,0.9436692812977268,117,0,621.0631944444444,-205106.4399999999,121.16805555555555,0.6909054244807421,167,0,122.16388888888888,23.189500331878666,,,,,,,,,,,,,,,,
FACTORY_S3v2,P_eth_gapdown_init__k0.6,S3,P_eth_gapdown_init,P_eth_gapdown_init,"{""eth"": ""gapdown_init"", ""eth_k"": 0.6}",{},396454.31000002025,560.0,397014.3100000203,4,-203938.30999999988,2025-04-06,-197158.75,13246.540000000154,288.84791666666666,5.891345460042004,2809,1.584320360970107,8710.689999999575,921.3000000000004,12.673049498348377,32.0,32,0.3638270093382009,0.3182581019329207,0.2992552973907391,280.0083333333333,282.23055555555555,280.0083333333333,1004415.0,268616.85349314,-66753.45999999985,1.9467372756007468,1.47799479011528,280.0083333333333,283.775,0.4145516074450084,1.584320360970107,114627.50000000215,-166679.54999999996,-7206.609999996261,-113568.30999999988,289606.5400000144,-203938.30999999988,-7206.609999996261,7,8,-166679.54999999996,139.86875,0.6549459641139666,72,0,140.85833333333332,-113568.30999999988,280.0083333333333,0.6353256920864163,573,0,282.23055555555555,-203938.30999999988,121.0736111111111,0.6881629360758217,65,0,122.07916666666668,17.79282784461975,,,,,,,,,,,,,,,,
FACTORY_S3v2,P_eth_gapdown_init__k0.4,S3,P_eth_gapdown_init,P_eth_gapdown_init,"{""eth"": ""gapdown_init"", ""eth_k"": 0.4}",{},412194.1200000214,560.0,412754.1200000214,4,-203938.30999999988,2025-04-06,-197158.75,13861.570000000123,288.84791666666666,5.991611293292781,2903,1.637337845459673,9025.879999999554,951.1800000000002,12.807733363965696,32.0,32,0.3666273489091423,0.3182581019329207,0.2992552973907391,280.0083333333333,282.23055555555555,280.0083333333333,1004415.0,272515.81364818825,-66138.42999999988,2.023916546136043,1.5146061231253083,280.0083333333333,283.775,0.4286520022560631,1.637337845459673,119287.20000000276,-166679.55,-6757.2099999962375,-113568.30999999988,300246.0000000149,-203938.30999999988,-6757.2099999962375,7,8,-166679.55,139.86875,0.6549459641139666,73,0,140.85833333333332,-113568.30999999988,280.0083333333333,0.6353256920864163,570,0,282.23055555555555,-203938.30999999988,121.0736111111111,0.6881629360758217,66,0,122.07916666666668,19.20765256881714,,,,,,,,,,,,,,,,
FACTORY_S3v2,P_eth_gapdown_init__k0.75,S3,P_eth_gapdown_init,P_eth_gapdown_init,"{""eth"": ""gapdown_init"", ""eth_k"": 0.75}",{},387964.8700000197,560.0,388524.87000001967,4,-203938.30999999988,2025-04-06,-197158.75,12173.960000000108,288.84791666666666,5.895751329621498,2743,1.5470953186689227,8526.379999999588,913.8300000000004,12.575205717791892,32.0,32,0.36319801860916,0.3161021626634465,0.29817242471023,280.0083333333333,282.23055555555555,280.0083333333333,1004415.0,266416.87671606604,-67826.03999999989,1.9051097854053016,1.4583343021999702,280.0083333333333,283.775,0.4077834179357022,1.5470953186689227,111820.42000000208,-166679.55,-7402.259999996284,-113568.30999999988,284128.58000001387,-203938.30999999988,-7402.259999996284,7,8,-166679.55,139.86875,0.6549459641139666,72,0,140.85833333333332,-113568.30999999988,280.0083333333333,0.6315050686278871,570,0,282.23055555555555,-203938.30999999988,121.0736111111111,0.6881629360758217,65,0,122.07916666666668,18.918819427490234,,,,,,,,,,,,,,,,
FACTORY_S3v2,C_tiersT3_E8__es32.0,S3,C_tiersT3_E8,C_tiersT3_E8,"{""core_cap"": 24, ""emerg_cap"": 8, ""emerg_step"": 32.0, ""emerg_tp"": 15.0, ""spacing"": ""tiers"", ""tiers"": [[8, 5.0], [16, 10.0], [24, 20.0]]}",{},395710.39000002266,560.0,396270.3900000227,4,-176230.6499999991,2025-04-06,-176948.75,42221.01000000027,624.2069444444444,6.861570281195081,3069,1.730964467005076,9542.109999999517,1165.3200000000004,16.412028151887952,32.0,32,0.5106732302106068,0.3081466206807668,0.1818203467994318,280.8895833333333,453.1173611111111,280.8895833333333,937896.25,365143.9631931856,-37778.98999999973,2.248589504720233,1.0852442596466236,280.8895833333333,283.95,0.5313028764805414,1.3372814438804286,158566.47000000544,-131415.33999999976,-108139.85999999812,-167780.0999999995,345916.2700000154,-176230.6499999991,-108139.85999999812,7,8,-131415.33999999976,4.195138888888889,0.0492786597031904,401,0,48.72847222222222,-167780.0999999995,280.8895833333333,0.6025217103344652,278,0,453.1173611111111,-176230.6499999991,7.8375,0.1013914095583787,295,0,67.95902777777778,24.07630133628845,,,,,,,,,0.3936830231246475,61936.98,0.0,0.0,0.1818203467994318,280.8895833333333,6.051820991199733,8.0
FACTORY_S3v2,C_tiersT3_E8__es44.0,S3,C_tiersT3_E8,C_tiersT3_E8,"{""core_cap"": 24, ""emerg_cap"": 8, ""emerg_step"": 44.0, ""emerg_tp"": 15.0, ""spacing"": ""tiers"", ""tiers"": [[8, 5.0], [16, 10.0], [24, 20.0]]}",{},393677.69000002265,560.0,394237.69000002265,4,-172860.62999999907,2025-04-06,-174413.75,40419.52000000022,623.9618055555555,6.831328292411102,3055,1.7230682459108857,9492.30999999952,1150.3800000000003,16.239471759857224,32.0,32,0.5106732302106068,0.3026145841796924,0.1461093631363803,78.24027777777778,453.0409722222222,78.24027777777778,873213.75,361249.5652504336,-39580.47999999978,2.280667899914658,1.0913167181992878,78.24027777777778,78.24097222222223,0.5459672870840383,1.3372814438804286,154546.04000000516,-133216.8299999998,-105086.05999999808,-162601.0099999992,344850.20000001555,-172860.62999999907,-105086.05999999808,7,8,-133216.8299999998,4.053472222222222,0.0367650860954547,360,0,48.72847222222222,-162601.0099999992,78.24027777777778,0.4913133949180271,292,0,453.0409722222222,-172860.62999999907,5.777777777777778,0.0556967130469852,322,0,67.18541666666667,24.87163209915161,,,,,,,,,0.3857868020304568,59889.34,0.0,0.0,0.1461093631363803,78.24027777777778,6.224377383230463,8.0
FACTORY_S3v2,C_tiersT3_E8__es36.0,S3,C_tiersT3_E8,C_tiersT3_E8,"{""core_cap"": 24, ""emerg_cap"": 8, ""emerg_step"": 36.0, ""emerg_tp"": 15.0, ""spacing"": ""tiers"", ""tiers"": [[8, 5.0], [16, 10.0], [24, 20.0]]}",{},394016.3300000224,560.0,394576.3300000224,4,-175693.12999999907,2025-04-06,-176301.25,42857.30000000022,624.7222222222222,6.836550383400845,3038,1.7134799774393683,9462.419999999523,1165.3200000000004,16.36206611547093,32.0,32,0.5106732302106068,0.3065132060035694,0.1708319207891942,279.95972222222224,453.0631944444444,279.95972222222224,926260.0,364035.68748056295,-37142.69999999978,2.2458267434818,1.083894638821888,279.95972222222224,280.1118055555556,0.5256627185561196,1.3372814438804286,158500.1700000054,-130779.0499999998,-108755.08999999834,-167387.65999999957,344903.74000001536,-175693.12999999907,-108755.08999999834,7,8,-130779.0499999998,4.193055555555556,0.0437457986452246,396,0,48.72847222222222,-167387.65999999957,279.95972222222224,0.5695002545434775,245,0,453.0631944444444,-175693.12999999907,6.919444444444444,0.0844121798749747,302,0,67.95277777777778,25.427367687225345,,,,,,,,,0.3761985335589397,60242.92,0.0,0.0,0.1708319207891942,279.95972222222224,6.101783027616755,8.0
FACTORY_S3v2,C_tiersT3_E8__es48.0,S3,C_tiersT3_E8,C_tiersT3_E8,"{""core_cap"": 24, ""emerg_cap"": 8, ""emerg_step"": 48.0, ""emerg_tp"": 15.0, ""spacing"": ""tiers"", ""tiers"": [[8, 5.0], [16, 10.0], [24, 20.0]]}",{},396572.8900000228,560.0,397132.8900000228,4,-173046.93999999913,2025-04-06,-172747.5,40460.73000000021,623.7166666666667,6.873940956609442,3079,1.736604624929498,9539.609999999517,1140.4200000000003,16.15153073089003,32.0,32,0.5106732302106068,0.3011618817609499,0.115389680069259,59.02152777777778,452.9479166666667,59.02152777777778,873213.75,359370.79127629084,-39539.269999999786,2.294943152418788,1.1050783748718738,59.02152777777778,59.03055555555556,0.5673998871968415,1.3372814438804286,153978.41000000498,-133175.61999999982,-100578.20999999768,-158808.27999999898,343805.18000001553,-173046.93999999913,-100578.20999999768,7,8,-133175.61999999982,4.026388888888889,0.0319216781288243,347,0,48.727777777777774,-158808.27999999898,59.02152777777778,0.3851020398076343,346,0,452.9479166666667,-173046.93999999913,5.763194444444444,0.0524904214559387,308,0,67.18194444444444,25.962944269180294,,,,,,,,,0.3993231810490694,62774.58,0.0,0.0,0.115389680069259,59.02152777777778,6.312318412197657,8.0
FACTORY_S3v2,B_16_16_newlow0_hi__step4.0,S3,B_16_16_newlow0_hi,B_16_16_newlow0_hi,"{""core_cap"": 16, ""rec_activation"": ""core_full"", ""rec_anchor"": ""runhigh"", ""rec_cap"": 16, ""rec_roll"": ""newlow"", ""rec_roll_x"": 0.0, ""rec_spacing"": ""ladder"", ""rec_step"": 4.0, ""rec_tp"": 3.0}",{},275692.88000035344,560.0,276252.88000035344,4,-213344.30999990087,2022-10-13,-119598.75,61054.0400000021,1051.870138888889,1.300151742658527,53254,30.0360970107163,138427.12000011705,1013.43,15.463721663897614,31.0,32,0.5994323673866205,0.2076706049798134,0.024578268020094,3.7291666666666665,10.999305555555557,3.7291666666666665,1096640.0,347096.6243352871,-17199.719999997993,1.2948687499586082,0.7958961874936005,7.985416666666667,7.985416666666667,0.8990411731528483,1.2583192329385222,157208.05000001175,-120924.07999999764,-166477.50999989893,-213344.30999990087,285594.8300002406,-158672.84999997256,-166477.50999989893,7,8,-120924.07999999764,0.7284722222222222,0.0202009755761242,6796,6729,5.879166666666666,-213344.30999990087,2.781944444444445,0.0520158360641153,21180,21172,10.972916666666666,-158672.84999997256,3.7291666666666665,0.0292196007259528,7372,7241,4.750694444444444,26.89321231842041,28.77777777777778,-30522.270000000084,-899273.0799999998,1692.0,0.024578268020094,3.7291666666666665,12.147536849891152,16.0,,,,,,,,
FACTORY_S3v2,B_16_16_newlow0_hi__step6.0,S3,B_16_16_newlow0_hi,B_16_16_newlow0_hi,"{""core_cap"": 16, ""rec_activation"": ""core_full"", ""rec_anchor"": ""runhigh"", ""rec_cap"": 16, ""rec_roll"": ""newlow"", ""rec_roll_x"": 0.0, ""rec_spacing"": ""ladder"", ""rec_step"": 6.0, ""rec_tp"": 3.0}",{},315495.4900002928,560.0,316055.4900002928,4,-197531.3699999199,2022-10-13,-123112.5,64823.2800000014,992.2375,1.4801216751470467,39387,22.214890016920474,102334.5100000503,1020.9,15.085140689396251,30.0,32,0.5994323673866205,0.1818231485398729,0.0190098088932845,3.7263888888888888,17.815277777777776,3.7263888888888888,1093200.0,338479.90380574414,-15176.719999998604,1.6000268210584525,0.933749644946954,7.985416666666667,7.985416666666667,0.8990411731528483,1.2583192329385222,169840.68000001332,-117660.64999999842,-142120.35999990054,-197531.3699999199,288407.66000018,-154255.93999997893,-142120.35999990054,7,8,-117660.64999999842,2.725,0.0125135736077356,5095,5028,4.889583333333333,-197531.3699999199,2.798611111111111,0.0424618061218942,15274,15266,17.815277777777776,-154255.93999997893,3.7263888888888888,0.0213954426295624,5612,5481,5.841666666666667,26.911582231521606,20.956570783981952,9287.81000000007,-636623.95,855.0,0.0190098088932845,3.7263888888888888,12.526117824392513,16.0,,,,,,,,
FACTORY_S4v2,X_cap20+add,X,N_cap20|L_armed_ll_fail,BASE,"{""add_trigger"": ""armed"", ""cap_total"": 20, ""reversal"": ""ll_fail""}",{},388888.2300000207,986.25,389874.4800000207,7,-131469.11999999994,2025-04-06,-127102.5,70653.87000000011,751.0534722222222,10.966869709185437,2746,1.5487873660462492,8564.269999999588,961.14,13.928040098509197,20.0,20,0.5819383000720048,0.0,0.0,0.0,0.0,756.1326388888889,716575.0,313660.6685635617,20653.87000000011,2.9655213330706167,1.2429817285842286,756.1326388888889,756.1333333333333,0.3542019176536943,1.5487873660462492,152852.34000000526,-107414.06,-89484.66999999981,-124949.39999999997,326601.17000001523,-131469.11999999994,-89484.66999999981,7,8,-107414.06,0.0,0.0,119,0,0.0,-124949.39999999997,0.0,0.0,10,0,0.0,-131469.11999999994,0.0,0.0,168,0,0.0,21.27689528465271,,,,,,,,,,,,,,,,
FACTORY_S4v2,X_cap24+gov,X,N_cap24|M_atr_spike1.5_core,BASE,"{""cap_total"": 24, ""gov"": ""atr_spike"", ""gov_action"": ""core"", ""gov_x"": 1.5}",{},374096.15000001935,560.0,374656.15000001935,4,-155404.04999999993,2025-04-06,-150170.0,108788.5700000001,758.8194444444445,5.627945786835957,2609,1.4715172024816694,8272.599999999617,943.71,13.94039857559516,24.0,24,0.4709599603273554,0.0,0.0,0.0,0.0,756.1402777777778,835110.0,318968.039895383,48788.570000000094,2.4108519050823936,1.1745883698031354,756.1402777777778,756.1409722222222,0.3998871968415116,1.4715172024816694,167398.09000000614,-68901.68,-108260.74999999988,-149992.31999999995,315591.3000000131,-155404.04999999993,-108260.74999999988,7,8,-68901.68,0.0,0.0,341,0,0.0,-149992.31999999995,0.0,0.0,8,0,0.0,-155404.04999999993,0.0,0.0,124,0,0.0,22.15861654281616,,,,,,,,,,,,,,,,
FACTORY_S4v2,X_gov+S6,X,M_atr_spike1.5_core|I_S6_recovexit,BASE,"{""gov"": ""atr_spike"", ""gov_action"": ""core"", ""gov_x"": 1.5, ""state"": {""mult"": [1.0, 1.5, 3.0, Infinity], ""rec_exit_x"": 5.0, ""recovery_exit"": ""all_ind"", ""t"": [8, 16, 24]}}",{},320127.1800000161,560.0,320687.1800000161,4,-123528.45999999996,2025-04-06,-118082.5,111573.33000000005,757.9298611111111,6.087259824365278,2278,1.2848279751833052,7176.56999999969,779.3699999999999,11.388027042398738,21.0,24,0.4127636087537578,0.0,0.0,0.0,0.0,0.0,794580.0,259886.59048150716,59306.46000000002,2.596059078207696,1.2339504681863738,663.7486111111111,750.7951388888889,0.4032712915961647,1.2848279751833052,151877.000000005,-62097.95999999999,-81387.17999999988,-114818.14,250269.85000001095,-123528.45999999996,-81387.17999999988,7,8,-62097.95999999999,0.0,0.0,312,0,0.0,-114818.14,0.0,0.0,14,0,0.0,-123528.45999999996,0.0,0.0,84,0,0.0,52.066195249557495,,,,,,,,,,,,,,,,
FACTORY_S4v2,X_gov+age,X,M_atr_spike1.5_core|J_age15_recovery,BASE,"{""gov"": ""atr_spike"", ""gov_action"": ""core"", ""gov_x"": 1.5, ""state"": {""age"": 15.0, ""mult"": [1, 1, 1, Infinity], ""rec_exit_x"": 5.0, ""recovery_exit"": ""all_ind"", ""recovery_until"": 1, ""t"": [1, 33, 33]}}",{},282606.0800000136,560.0,283166.0800000136,4,-77265.57999999978,2022-10-13,-77721.25,102413.5499999999,740.6993055555556,9.351734472104177,2099,1.1838691483361534,6477.669999999729,639.9300000000002,9.168110029950606,19.0,32,0.0916043045940138,0.0293594380829371,0.0153157141216123,20.725,25.93958333333333,20.725,1108200.0,210495.75675884855,74913.5499999999,3.664841188016894,1.345234147994815,664.0,742.8208333333333,0.3446136491821771,1.1838691483361534,88135.9000000006,-64137.37,-49653.809999999416,-77265.57999999978,244756.4800000124,-72378.12,-49653.809999999416,7,8,-64137.37,0.0,0.0,51,0,0.0,-77265.57999999978,11.001388888888888,0.0179168952615372,59,0,12.997222222222222,-20741.22000000003,0.0,0.0,73,0,0.0,54.17493104934693,,,,,,,,,,,,,,,,
FACTORY_S4v2,X_S6+age,X,I_S6_recovexit|J_age15_recovery,BASE,"{""state"": {""age"": 15.0, ""mult"": [1.0, 1.5, 3.0, Infinity], ""rec_exit_x"": 5.0, ""recovery_exit"": ""all_ind"", ""t"": [8, 16, 24]}}",{},285303.0600000139,560.0,285863.0600000139,4,-114759.40000000002,2022-10-13,-112765.0,68227.82,763.6520833333333,12.142974928192398,2106,1.1878172588832487,6681.939999999728,804.2700000000001,11.363787784972024,19.0,24,0.4092600323320847,0.0,0.0,0.0,0.0,0.0,788280.0,254216.76141394037,20727.820000000007,2.4909772968490063,1.1244854918694522,663.7472222222223,752.0145833333333,0.3513818386914834,1.1878172588832487,115660.61000000278,-103407.19999999998,-81258.43999999989,-114759.40000000002,251533.380000011,-54102.739999999874,-81258.43999999989,7,8,-103407.19999999998,0.0,0.0,73,0,0.0,-114759.40000000002,0.0,0.0,13,0,0.0,-54102.739999999874,0.0,0.0,86,0,0.0,65.22055721282959,,,,,,,,,,,,,,,,
FACTORY_S4v2,X_cap20+gov,X,N_cap20|M_atr_spike1.5_core,BASE,"{""cap_total"": 20, ""gov"": ""atr_spike"", ""gov_action"": ""core"", ""gov_x"": 1.5}",{},343172.5900000176,560.0,343732.5900000176,4,-131999.11999999994,2025-04-06,-127797.5,106970.92000000004,758.8604166666667,6.463384655749537,2427,1.3688663282571911,7581.159999999657,821.6999999999998,12.468018132864136,20.0,20,0.4851871982875762,0.0,0.0,0.0,0.0,756.9840277777778,746750.0,284773.0689651912,56970.92000000004,2.604052133074961,1.2070403681397035,756.9840277777778,756.9847222222222,0.3795826283135928,1.3688663282571911,149468.1600000047,-68100.45000000001,-91097.17999999982,-126213.70999999985,285434.1000000127,-131999.11999999994,-91097.17999999982,7,8,-68100.45000000001,0.0,0.0,269,0,0.0,-126213.70999999985,0.0,0.0,8,0,0.0,-131999.11999999994,0.0,0.0,133,0,0.0,18.83543348312378,,,,,,,,,,,,,,,,
FACTORY_S4v2,X_tiers+float,X,C_tiersT3|D_16_16al_low60_float,BASE,"{""core_cap"": 24, ""rec_activation"": ""always"", ""rec_anchor"": ""low60"", ""rec_cap"": 8, ""rec_spacing"": ""float"", ""rec_step"": 5.0, ""rec_tp"": 3.0, ""spacing"": ""tiers"", ""tiers"": [[8, 5.0], [16, 10.0], [24, 20.0]]}",{},415054.3600000483,560.0,415614.3600000483,4,-200096.9799999992,2025-04-06,-194453.75,42513.16000000035,737.2652777777778,7.148956755952832,6545,3.691483361534123,18658.13999999876,1279.8600000000006,18.341362654480964,32.0,32,0.545271922918517,0.4262049585202327,0.2293742873072752,453.9013888888889,739.9611111111111,453.9013888888889,1023968.75,409872.0480810179,-24986.839999999647,2.077064631360503,1.014010011041044,453.9013888888889,453.9604166666667,0.763677382966723,1.3372814438804286,176905.72000001412,-139921.04999999993,-130250.17999999784,-186182.78999999823,369020.650000032,-200096.9799999992,-130250.17999999784,7,8,-139921.04999999993,0.0,0.0,572,372,97.06111111111112,-186182.78999999823,453.9013888888889,0.7329814207974378,433,425,709.04375,-200096.9799999992,46.91944444444445,0.3113127646702964,430,311,120.98402777777778,26.14730334281921,2.354201917653694,81395.49,0.0,0.0,0.2359261573289327,453.9013888888889,4.1224864886067225,8.0,,,,,,,,
FACTORY_S4v2,X_tiers+add,X,C_tiersT3|L_armed_ll_fail,BASE,"{""add_trigger"": ""armed"", ""reversal"": ""ll_fail"", ""spacing"": ""tiers"", ""tiers"": [[8, 5.0], [16, 10.0], [24, 20.0]]}",{},356380.26000001817,986.25,357366.51000001817,7,-152074.6799999999,2025-04-06,-147057.5,54863.770000000106,741.9152777777778,6.655831660694747,2536,1.4303440496333897,8097.239999999633,1055.76,14.778096553579084,24.0,24,0.5257297833414117,0.0,0.0,0.0,0.0,0.0,827700.0,331672.39112961973,-5136.229999999894,2.349940897459185,1.0774683680570718,733.7770833333333,733.7777777777778,0.3886068809926677,1.4303440496333897,150073.88000000472,-121815.24999999996,-101343.23999999987,-144621.13,308743.3600000133,-152074.6799999999,-101343.23999999987,7,8,-121815.24999999996,0.0,0.0,216,0,0.0,-144621.13,0.0,0.0,10,0,0.0,-152074.6799999999,0.0,0.0,112,0,0.0,21.628403186798096,,,,,,,,,,,,,,,,
FACTORY_S4v2,X_S1+gov,X,I_S1|M_atr_spike1.5_core,BASE,"{""gov"": ""atr_spike"", ""gov_action"": ""core"", ""gov_x"": 1.5, ""state"": {""mult"": [1.0, 1.5, 3.0, Infinity], ""t"": [8, 16, 24]}}",{},336654.96000001696,560.0,337214.96000001696,4,-149840.29999999993,2025-04-06,-145908.75,111573.33000000005,747.2166666666667,5.18301655642638,2371,1.3372814438804286,7576.28999999967,928.77,13.41537763258536,24.0,24,0.4467291081219653,0.0,0.0,0.0,0.0,0.0,826470.0,305635.3418981371,59306.46000000002,2.2504957611538225,1.1033244974411525,741.0402777777778,741.0409722222222,0.4027072758037225,1.3372814438804286,151877.000000005,-62097.95999999999,-104794.49999999988,-148148.02000000002,290204.9500000118,-149840.29999999993,-104794.49999999988,7,8,-62097.95999999999,0.0,0.0,312,0,0.0,-148148.02000000002,0.0,0.0,8,0,0.0,-149840.29999999993,0.0,0.0,121,0,0.0,20.302937746047974,,,,,,,,,,,,,,,,
FACTORY_S4v2,X_cap24+age,X,N_cap24|J_age15_recovery,BASE,"{""cap_total"": 24, ""state"": {""age"": 15.0, ""mult"": [1, 1, 1, Infinity], ""rec_exit_x"": 5.0, ""recovery_exit"": ""all_ind"", ""recovery_until"": 1, ""t"": [1, 33, 33]}}",{},306508.38000001584,560.0,307068.38000001584,4,-149949.8199999999,2022-10-13,-149332.5,40404.74000000002,765.6958333333333,10.434843867483004,2342,1.3209249858996053,7356.619999999676,918.81,13.220688891939671,24.0,24,0.437525390772748,0.0,0.0,0.0,0.0,745.9902777777778,835110.0,292622.0828383592,-19595.25999999998,2.0478075932336304,1.0493684448607954,745.9902777777778,764.0291666666667,0.347433728144388,1.3209249858996053,115519.07000000264,-129931.54999999996,-108415.12999999984,-149949.8199999999,300028.18000001303,-69109.13,-108415.12999999984,7,8,-129931.54999999996,0.0,0.0,72,0,0.0,-149949.8199999999,0.0,0.0,7,0,0.0,-20741.22000000003,0.0,0.0,74,0,0.0,71.5652060508728,,,,,,,,,,,,,,,,
FACTORY_S4v2,X_Q16+gov,X,Q_16_16_rec_layer|M_atr_spike1.5_core,BASE,"{""core_cap"": 16, ""gov"": ""atr_spike"", ""gov_action"": ""core"", ""gov_x"": 1.5, ""rec_activation"": ""core_full"", ""rec_anchor"": ""runhigh"", ""rec_cap"": 16, ""rec_spacing"": ""ladder"", ""rec_step"": 5.0, ""rec_tp"": 3.0, ""recovery"": {""h"": 16, ""layer_x"": 5.0, ""rec_step"": 10.0, ""rec_tp"": 2.0}}",{},260762.06000002509,560.0,261322.06000002509,4,-198247.7899999965,2025-04-06,-194663.75,102962.70999999996,763.7756944444444,13.418280754094049,3538,1.9954878736604624,10035.439999999417,724.5899999999999,10.234065801676,20.0,32,0.0576514130577915,0.0427727704450004,0.0332594607770346,68.93055555555556,94.88888888888889,68.93055555555556,961240.0,237920.0161870554,44244.49000001152,1.3181587547585258,1.0983609710019977,751.0555555555555,764.7763888888888,0.3728144388042865,1.1291596164692612,96035.4100000016,-65164.70999999996,-55364.99999999988,-77251.44999999995,220724.14000002336,-198247.7899999965,-55364.99999999988,7,8,-65164.70999999996,0.0,0.0,89,19,0.0,-77251.44999999995,0.0,0.0,12,0,0.0,-198247.7899999965,68.93055555555556,0.4787658802177858,1016,911,94.88888888888889,46.03591322898865,0.8663282571912013,16701.61,0.0,0.0,0.0332594607770346,68.93055555555556,15.297631688805083,16.0,,,,,,,,
FACTORY_S4v2,X_QC24+gov,X,Q_24_8_rec_confirm|M_atr_spike1.5_core,BASE,"{""core_cap"": 24, ""gov"": ""atr_spike"", ""gov_action"": ""core"", ""gov_x"": 1.5, ""rec_activation"": ""core_full"", ""rec_anchor"": ""runhigh"", ""rec_cap"": 8, ""rec_spacing"": ""ladder"", ""rec_step"": 5.0, ""rec_tp"": 3.0, ""recovery"": {""confirm"": ""vwap"", ""h"": 24, ""layer_x"": 5.0, ""rec_step"": 10.0, ""rec_tp"": 2.0}}",{},291383.25000001694,560.0,291943.25000001694,4,-112561.48999999976,2025-04-06,-107792.5,107184.22000000012,758.8604166666667,11.74432131761326,2444,1.3784545967287083,7315.499999999653,632.46,9.797600869660233,19.0,32,0.113851524567061,0.0018841704466814,1.400870220581025e-06,0.0006944444444444,3.811111111111111,0.0006944444444444,930880.0,224373.09016736195,42443.59000000011,2.593633488682653,1.301150907991033,477.0798611111111,484.0104166666667,0.3919909757473209,1.2662154540327129,111853.92000000249,-68940.99999999997,-53808.25999999943,-75767.8399999995,233970.08000001387,-112561.48999999976,-53808.25999999943,7,8,-68940.99999999997,0.0,0.0,84,16,0.0083333333333333,-75767.8399999995,0.0,0.0,61,0,0.0,-112561.48999999976,0.0,0.0,117,4,0.0048611111111111,42.40602946281433,0.1122391426959954,2578.24,0.0,0.0,1.400870220581025e-06,0.0006944444444444,7.9942228112103235,8.0,,,,,,,,
FACTORY_S4v2,X_Q16+add,X,Q_16_16_rec_layer|L_armed_ll_fail,BASE,"{""add_trigger"": ""armed"", ""core_cap"": 16, ""rec_activation"": ""core_full"", ""rec_anchor"": ""runhigh"", ""rec_cap"": 16, ""rec_spacing"": ""ladder"", ""rec_step"": 5.0, ""rec_tp"": 3.0, ""recovery"": {""h"": 16, ""layer_x"": 5.0, ""rec_step"": 10.0, ""rec_tp"": 2.0}, ""reversal"": ""ll_fail""}",{},292222.0500000256,986.25,293208.3000000256,7,-100067.30999999994,2025-04-06,-96746.25,89900.61000000002,758.81875,23.63489393983873,3454,1.9481105470953184,9996.699999999431,771.9000000000003,10.973637023318886,15.0,32,0.020816931477834,0.0025159629161635,2.3814793749877423e-05,0.0041666666666666,4.066666666666666,0.0041666666666666,799920.0,248794.84065451456,52400.610000000015,2.930110742459508,1.1785143905262294,740.7506944444444,747.9881944444444,0.3699943598420755,1.2763677382966725,117066.5200000056,-82524.71999999997,-67156.70999999985,-94312.56999999996,243392.85000001983,-100067.30999999994,-67156.70999999985,7,8,-82524.71999999997,0.0,0.0,151,54,0.0,-94312.56999999996,0.0,0.0,16,0,0.0,-100067.30999999994,0.0,0.0,136,1,0.0,56.1692259311676,0.6717428087986463,14275.660000000003,0.0,0.0,2.3814793749877423e-05,0.0041666666666666,15.912760807013315,16.0,,,,,,,,
FACTORY_S4v2,X_float+gov,X,D_16_16al_low60_float|M_atr_spike1.5_core,BASE,"{""core_cap"": 16, ""gov"": ""atr_spike"", ""gov_action"": ""core"", ""gov_x"": 1.5, ""rec_activation"": ""always"", ""rec_anchor"": ""low60"", ""rec_cap"": 16, ""rec_spacing"": ""float"", ""rec_step"": 5.0, ""rec_tp"": 3.0}",{},395436.42000005295,560.0,395996.420000053,4,-168726.57999999524,2022-10-13,-175455.0,97220.59000000036,713.7666666666667,10.391729074156846,7212,4.067681895093062,20082.32999999972,1065.7200000000005,15.87489108234035,32.0,32,0.5508249724729002,0.2046111044180645,0.0739981676617514,58.80625,453.0944444444444,58.80625,796320.0,355537.48238405696,49720.590000000346,2.3469711766816124,1.113796546413893,58.80625,58.85833333333333,0.9120135363790186,1.2177100958826848,162464.6900000119,-84361.21999999988,-111609.47999999474,-168726.57999999524,345203.0400000358,-161449.75999999885,-111609.47999999474,7,8,-84361.21999999988,0.0,0.0,547,372,0.0,-168726.57999999524,58.80625,0.2610825264552225,1099,1091,453.0944444444444,-161449.75999999885,0.0,0.0,600,478,6.0125,25.31101679801941,2.849971799210378,97070.53,0.0,0.0,0.0739981676617514,58.80625,11.071483605615809,16.0,,,,,,,,
FACTORY_S4v2,X_atr+float,X,C_atr1.5|D_16_16al_low60_float,BASE,"{""atr_k"": 1.5, ""core_cap"": 16, ""rec_activation"": ""always"", ""rec_anchor"": ""low60"", ""rec_cap"": 16, ""rec_spacing"": ""float"", ""rec_step"": 5.0, ""rec_tp"": 3.0, ""spacing"": ""atr""}",{},302972.370000045,278.75,303251.120000045,2,-155320.35999999882,2025-04-06,-157530.0,76784.27000000031,469.9770833333333,7.583410914658377,6572,3.706711787930062,18225.129999998757,1030.86,14.42834548821728,32.0,32,0.4655147777799569,0.2026302739261629,0.0739981676617514,58.80625,453.0944444444444,58.80625,796320.0,314876.14609745576,29284.27000000031,1.952423494254374,0.9630806390338228,58.80625,58.85833333333333,0.9120135363790186,0.8567399887196842,123622.67000000743,-103156.7299999999,-90600.42999999452,-151702.6699999972,270231.34000003204,-155320.35999999882,-90600.42999999452,7,8,-103156.7299999999,0.0,0.0,434,372,0.0,-151702.6699999972,58.80625,0.2610825264552225,1160,1091,453.0944444444444,-155320.35999999882,0.0,0.0,559,478,6.0125,26.344794511795044,2.849971799210378,97070.53,0.0,0.0,0.0739981676617514,58.80625,11.071483605615809,16.0,,,,,,,,
FACTORY_S4v2,X_float+Q,X,D_16_16al_low60_float|Q_16_16_rec_layer,BASE,"{""core_cap"": 16, ""rec_activation"": ""always"", ""rec_anchor"": ""low60"", ""rec_cap"": 16, ""rec_spacing"": ""float"", ""rec_step"": 5.0, ""rec_tp"": 3.0, ""recovery"": {""h"": 16, ""layer_x"": 5.0, ""rec_step"": 10.0, ""rec_tp"": 2.0}}",{},291465.74000004947,560.0,292025.74000004947,4,-128924.23999999464,2022-10-13,-134065.0,99742.87000000004,712.8104166666667,53.69162580396355,7077,3.991539763113367,19389.259999999504,921.3,12.91460014961294,24.0,28,0.3274169914350794,0.0481661207942373,0.0,0.0,42.975,0.0,619740.0,289700.1596309127,67242.87000000005,2.2650956872040635,1.008027542587825,5.1819444444444445,5.764583333333333,0.9655950366610264,1.003948110547095,116868.76000000758,-76282.4899999999,-84564.99999999325,-128924.23999999464,259783.8100000351,-100879.98999999894,-84564.99999999325,7,8,-76282.4899999999,0.0,0.0,413,352,0.0,-128924.23999999464,0.0,0.0,1451,1442,42.975,-100879.98999999894,0.0,0.0,525,451,0.0,57.28593993186951,2.987591652566272,84372.97,0.0,0.0,0.0017006564477853,4.820833333333334,11.77309684776183,16.0,,,,,,,,
FACTORY_S4v2,X_convex+roll,X,C_convex0.2|B_16_16_newlow0_hi,BASE,"{""convex_a"": 0.2, ""core_cap"": 16, ""rec_activation"": ""core_full"", ""rec_anchor"": ""runhigh"", ""rec_cap"": 16, ""rec_roll"": ""newlow"", ""rec_roll_x"": 0.0, ""rec_spacing"": ""ladder"", ""rec_step"": 5.0, ""rec_tp"": 3.0, ""spacing"": ""convex""}",{},232708.14000017,397.5,233105.64000017,3,-207227.81999994811,2022-10-13,-115903.75,58184.139999999,1027.7430555555557,1.340520314322597,37866,21.357021996615902,98486.86000004236,956.16,13.699156115779122,30.0,32,0.4774277781357779,0.1686003345278086,0.0185335130182869,3.7291666666666665,12.180555555555555,3.7291666666666665,1086280.0,305926.97270719573,-21815.860000001005,1.1248761869918251,0.7619649811763298,30.80208333333333,30.802777777777777,0.8076706147772138,1.0203045685279188,132782.63999999664,-110551.14000000096,-150512.91999995886,-207227.81999994811,250866.5400001322,-148858.94999997708,-150512.91999995886,7,8,-110551.14000000096,2.725,0.0152713859730768,5683,5629,4.877777777777778,-207227.81999994811,2.792361111111111,0.045377935281703,17590,17585,12.180555555555555,-148858.94999997708,3.7291666666666665,0.0248840492034684,6172,6064,5.846527777777778,23.98813199996948,20.336717428087987,-20829.42999999996,-647497.5199999998,998.0,0.0185335130182869,3.7291666666666665,12.95228636028701,16.0,,,,,,,,
FACTORY_S4v2,X_reserve+roll,X,H_res8_E_step80|B_16_16_newlow0_hi,BASE,"{""core_cap"": 20, ""emerg_cap"": 8, ""emerg_step"": 80.0, ""emerg_tp"": 20.0, ""rec_activation"": ""core_full"", ""rec_anchor"": ""runhigh"", ""rec_cap"": 4, ""rec_roll"": ""newlow"", ""rec_roll_x"": 0.0, ""rec_spacing"": ""ladder"", ""rec_step"": 5.0, ""rec_tp"": 3.0}",{},261755.93000029723,560.0,262315.93000029726,4,-170443.0199999179,2022-10-13,-130468.75,57176.22000000335,968.9847222222222,1.415031078418557,37576,21.19345741680767,100699.07000004084,971.1,14.519511320432253,24.0,25,0.577420493610631,0.0012019466492585,0.0,0.0,0.0513888888888888,0.0,831240.0,327102.9056727539,-2823.779999996652,1.5390241853284672,0.8019370218090572,7.985416666666667,7.985416666666667,0.8860688099266779,1.4275239706711789,127505.9700000264,-122546.42999999617,-136130.0599998996,-170443.0199999179,271003.76000017044,-157114.50999998057,-136130.0599998996,7,8,-122546.42999999617,0.0,0.0,4851,4771,0.0284722222222222,-170443.0199999179,0.0,0.0,15654,15645,0.0229166666666666,-157114.50999998057,0.0,0.0,5235,5090,0.0513888888888888,27.257878303527832,19.76029328821207,-90983.39999999998,-594592.12,3788.0,0.0746187531694688,3.733333333333333,3.117472774087263,4.0,0.0056401579244218,1028.85,0.0,0.0,0.0,0.0,7.994507187865102,1.0
FACTORY_S4v2,X_fixed10+add,X,C_fixed10.0|L_armed_ll_fail,BASE,"{""add_trigger"": ""armed"", ""grid"": 10.0, ""reversal"": ""ll_fail""}",{},391957.08000002056,411.25,392368.33000002056,3,-194639.68,2025-04-06,-187816.25,13747.040000000035,420.2451388888889,4.603113739758752,2717,1.532430908065426,8542.919999999594,1063.2300000000005,13.987665337707783,32.0,32,0.3769139389388688,0.310266137324506,0.282336987736782,429.99375,433.9875,429.99375,982760.0,303698.22791317967,-66252.95999999996,2.015870196662985,1.291967795453155,429.99375,429.99444444444447,0.5002820078962211,1.532430908065426,131163.22000000364,-156516.39999999997,-61295.55999999819,-137957.84999999974,322540.0400000151,-194639.68,-61295.55999999819,7,8,-156516.39999999997,91.00416666666666,0.4379406036161815,169,0,98.96736111111112,-137957.84999999974,429.99375,0.6736060655486524,333,0,433.9875,-194639.68,115.84930555555556,0.6408146803791087,119,0,116.78958333333334,21.46684503555298,,,,,,,,,,,,,,,,
FACTORY_S4v2,X_float+invtp,X,D_16_16al_low60_float|E_rec_tp_inv,BASE,"{""core_cap"": 16, ""rec_activation"": ""always"", ""rec_anchor"": ""low60"", ""rec_cap"": 16, ""rec_spacing"": ""float"", ""rec_step"": 5.0, ""rec_tp"": 3.0, ""rec_tp_mode"": ""inv""}",{},413001.7900000502,613.75,413615.5400000502,5,-173556.60999999533,2022-10-13,-179422.5,78066.71999999965,744.8777777777777,19.30772192324268,7017,3.957698815566836,19706.95999999941,1175.2800000000002,17.01258121545104,32.0,32,0.621164067118494,0.2184124778312287,0.0987879670851532,160.01041666666666,453.9013888888889,160.01041666666666,796320.0,379172.371883414,30566.71999999965,2.383173651525352,1.0908377578924096,160.01041666666666,160.05555555555554,0.8804286520022561,1.2583192329385222,165380.65000001004,-107246.17000000027,-117931.75999999524,-173556.60999999533,366222.2300000354,-158495.36999999883,-117931.75999999524,7,8,-107246.17000000027,0.0,0.0,434,367,0.0,-173556.60999999533,160.01041666666666,0.3485466308823021,1007,999,453.9013888888889,-158495.36999999883,0.0,0.0,607,476,5.934027777777778,26.05821204185486,2.6993795826283136,106949.11,0.0,0.0,0.0987879670851532,160.01041666666666,10.598677298337728,16.0,,,,,,,,
FACTORY_S4v2,X_S6+add,X,I_S6_recovexit|L_armed_ll_fail,BASE,"{""add_trigger"": ""armed"", ""reversal"": ""ll_fail"", ""state"": {""mult"": [1.0, 1.5, 3.0, Infinity], ""rec_exit_x"": 5.0, ""recovery_exit"": ""all_ind"", ""t"": [8, 16, 24]}}",{},338765.4900000179,986.25,339751.7400000179,7,-118257.02999999974,2025-04-06,-114590.0,75456.95000000013,757.8666666666667,8.693118917693411,2499,1.4094754653130288,7837.009999999642,893.9100000000003,12.766021052277674,21.0,24,0.5254916354039129,0.0,0.0,0.0,0.0,0.0,792720.0,287518.0741151403,27956.950000000128,2.872994019890561,1.181670895110267,664.0,750.7659722222222,0.3908629441624365,1.4094754653130288,136652.09000000427,-101449.64999999997,-81054.67999999982,-114300.0199999999,284261.82000001345,-118257.02999999974,-81054.67999999982,7,8,-101449.64999999997,0.0,0.0,136,0,0.0,-114300.0199999999,0.0,0.0,16,0,0.0,-118257.02999999974,0.0,0.0,104,0,0.0,57.534422397613525,,,,,,,,,,,,,,,,
FACTORY_S4v2,X_S1+convex,X,I_S1|C_convex0.1,BASE,"{""convex_a"": 0.1, ""spacing"": ""convex"", ""state"": {""mult"": [1.0, 1.5, 3.0, Infinity], ""t"": [8, 16, 24]}}",{},306441.8300000146,397.5,306839.3300000146,3,-145022.7799999999,2025-04-06,-140085.0,58780.850000000006,660.9430555555556,5.608381287997214,2102,1.18556119571348,6810.669999999728,976.08,13.509462878340026,24.0,24,0.4464797532227019,0.0,0.0,0.0,0.0,0.0,753032.5,301264.1261756803,-1219.1499999999942,2.1158009107259894,1.0185060328792124,725.0909722222223,725.0916666666667,0.3998871968415116,1.18556119571348,125065.4500000032,-112307.8,-95164.50999999983,-137999.51999999996,276987.13000001124,-145022.7799999999,-95164.50999999983,7,8,-112307.8,0.0,0.0,170,0,0.0,-137999.51999999996,0.0,0.0,6,0,0.0,-145022.7799999999,0.0,0.0,113,0,0.0,21.287193775177,,,,,,,,,,,,,,,,
FACTORY_S4v2,X3_S6age+gov+add,X,I_S6_recovexit|J_age15_recovery|M_atr_spike1.5_core|L_armed_ll_fail,BASE,"{""add_trigger"": ""armed"", ""gov"": ""atr_spike"", ""gov_action"": ""core"", ""gov_x"": 1.5, ""reversal"": ""ll_fail"", ""state"": {""age"": 15.0, ""mult"": [1.0, 1.5, 3.0, Infinity], ""rec_exit_x"": 5.0, ""recovery_exit"": ""all_ind"", ""t"": [8, 16, 24]}}",{},253478.2500000116,986.25,254464.5000000116,7,-107241.93999999994,2022-10-13,-106476.25,117408.63999999996,757.9291666666667,16.755097740260066,1845,1.0406091370558377,5874.249999999784,719.6099999999998,10.359761683958077,18.0,22,0.3421541461555918,0.0,0.0,0.0,0.0,0.0,753665.0,235490.7189143396,94908.63999999996,2.372807690722601,1.0805712478739928,664.0152777777778,751.8979166666667,0.3440496333897349,1.0406091370558377,94307.84000000096,-52436.75,-76432.24999999983,-107241.93999999994,236687.65000001044,-53042.27999999997,-76432.24999999983,7,8,-52436.75,0.0,0.0,55,0,0.0,-107241.93999999994,0.0,0.0,13,0,0.0,-51254.14999999979,0.0,0.0,78,0,0.0,57.554662227630615,,,,,,,,,,,,,,,,
FACTORY_S4v2,X3_QC24+gov+age,X,Q_24_8_rec_confirm|M_atr_spike1.5_core|J_age15_recovery,BASE,"{""core_cap"": 24, ""gov"": ""atr_spike"", ""gov_action"": ""core"", ""gov_x"": 1.5, ""rec_activation"": ""core_full"", ""rec_anchor"": ""runhigh"", ""rec_cap"": 8, ""rec_spacing"": ""ladder"", ""rec_step"": 5.0, ""rec_tp"": 3.0, ""recovery"": {""confirm"": ""vwap"", ""h"": 24, ""layer_x"": 5.0, ""rec_step"": 10.0, ""rec_tp"": 2.0}, ""state"": {""age"": 15.0, ""mult"": [1, 1, 1, Infinity], ""rec_exit_x"": 5.0, ""recovery_exit"": ""all_ind"", ""recovery_until"": 1, ""t"": [1, 33, 33]}}",{},236399.55000001125,560.0,236959.5500000112,4,-76911.33999999985,2022-10-13,-76826.25,102413.5499999999,765.4854166666667,17.40211087930693,1853,1.045121263395375,5716.699999999782,560.2500000000001,8.326930889468537,15.0,27,0.0396348211508989,1.821131286755333e-05,0.0,0.0,0.0069444444444444,0.0,920227.5,188318.7513238224,74913.5499999999,3.080944240472363,1.258289725979273,744.8597222222222,751.8451388888889,0.3231810490693739,1.0400451212633954,88135.9000000006,-64137.37,-55024.88999999978,-76911.33999999985,203921.0300000104,-34451.519999999786,-55024.88999999978,7,8,-64137.37,0.0,0.0,51,0,0.0,-76911.33999999985,0.0,0.0,23,0,0.0,-20741.21999999997,0.0,0.0,73,0,0.0,57.85090374946594,0.0050761421319796,78.84000000000002,0.0,0.0,0.0,0.0,7.99997478433603,3.0,,,,,,,,
FACTORY_S4v2,X3_cap24+gov+age,X,N_cap24|M_atr_spike1.5_core|J_age15_recovery,BASE,"{""cap_total"": 24, ""gov"": ""atr_spike"", ""gov_action"": ""core"", ""gov_x"": 1.5, ""state"": {""age"": 15.0, ""mult"": [1, 1, 1, Infinity], ""rec_exit_x"": 5.0, ""recovery_exit"": ""all_ind"", ""recovery_until"": 1, ""t"": [1, 33, 33]}}",{},257245.18000001207,560.0,257805.18000001204,4,-149992.3199999999,2022-10-13,-149375.0,90112.4200000008,765.6958333333333,13.698775326637792,1933,1.09024252679075,6244.819999999765,829.1700000000001,12.131101840463296,24.0,24,0.3584252537676404,0.0,0.0,0.0,0.0,746.9520833333333,835110.0,272469.18796631467,30112.4200000008,1.7187892020072244,0.946181041328917,746.9520833333333,763.00625,0.326565143824027,1.09024252679075,88135.9000000006,-64137.37,-108260.74999999984,-149992.3199999999,278002.52000001125,-69109.13,-108260.74999999984,7,8,-64137.37,0.0,0.0,51,0,0.0,-149992.3199999999,0.0,0.0,8,0,0.0,-20741.21999999997,0.0,0.0,73,0,0.0,66.64922666549683,,,,,,,,,,,,,,,,
FACTORY_S4v2,X3_cap20+gov+age+add,X,N_cap20|M_atr_spike1.5_core|J_age15_recovery|L_armed_ll_fail,BASE,"{""add_trigger"": ""armed"", ""cap_total"": 20, ""gov"": ""atr_spike"", ""gov_action"": ""core"", ""gov_x"": 1.5, ""reversal"": ""ll_fail"", ""state"": {""age"": 15.0, ""mult"": [1, 1, 1, Infinity], ""rec_exit_x"": 5.0, ""recovery_exit"": ""all_ind"", ""recovery_until"": 1, ""t"": [1, 33, 33]}}",{},256025.27000001183,986.25,257011.52000001183,7,-124949.4,2022-10-13,-124387.5,111352.13000000044,761.0486111111111,17.557374078566646,1919,1.0823463056965594,6033.479999999768,727.08,10.665857430635912,20.0,20,0.3529142303198747,0.0,0.0,0.0,0.0,744.9458333333333,716575.0,239817.4954174033,61352.13000000044,2.056924803160414,1.0716962895166688,744.9458333333333,762.9986111111111,0.3276931754089114,1.0823463056965594,83759.48000000027,-52436.75,-89229.03999999986,-124949.4,262584.1900000114,-59449.79999999999,-89229.03999999986,7,8,-52436.75,0.0,0.0,46,0,0.0,-124949.4,0.0,0.0,11,0,0.0,-7364.919999999925,0.0,0.0,62,0,0.0,60.40399765968323,,,,,,,,,,,,,,,,
FACTORY_S4v2,X3_Q16+gov+age,X,Q_16_16_rec_layer|M_atr_spike1.5_core|J_age15_recovery,BASE,"{""core_cap"": 16, ""gov"": ""atr_spike"", ""gov_action"": ""core"", ""gov_x"": 1.5, ""rec_activation"": ""core_full"", ""rec_anchor"": ""runhigh"", ""rec_cap"": 16, ""rec_spacing"": ""ladder"", ""rec_step"": 5.0, ""rec_tp"": 3.0, ""recovery"": {""h"": 16, ""layer_x"": 5.0, ""rec_step"": 10.0, ""rec_tp"": 2.0}, ""state"": {""age"": 15.0, ""mult"": [1, 1, 1, Infinity], ""rec_exit_x"": 5.0, ""recovery_exit"": ""all_ind"", ""recovery_until"": 1, ""t"": [1, 33, 33]}}",{},207075.450000013,560.0,207635.450000013,4,-77251.44999999995,2022-10-13,-76826.25,100494.59999999992,768.8194444444445,27.283447004794954,2068,1.1663846587704456,6133.299999999736,560.25,8.190655635280637,13.0,24,0.0044379568588006,0.0,0.0,0.0,0.0,0.0,817980.0,184677.97557442685,72994.59999999992,2.6877870900806795,1.1243108408253808,751.0555555555555,764.8201388888889,0.3107727016356458,0.958262831359278,81388.12000000005,-64137.37000000002,-55364.99999999988,-77251.44999999995,181684.8200000128,-33745.52000000002,-55364.99999999988,7,8,-64137.37000000002,0.0,0.0,51,0,0.0,-77251.44999999995,0.0,0.0,12,0,0.0,-21484.76999999996,0.0,0.0,73,0,0.0,56.76331615447998,0.2081218274111675,3541.1900000000014,0.0,0.0,0.0,0.0,15.98922310539307,8.0,,,,,,,,
FACTORY_S4v2,X3_S6age+gov,X,I_S6_recovexit|J_age15_recovery|M_atr_spike1.5_core,BASE,"{""gov"": ""atr_spike"", ""gov_action"": ""core"", ""gov_x"": 1.5, ""state"": {""age"": 15.0, ""mult"": [1.0, 1.5, 3.0, Infinity], ""rec_exit_x"": 5.0, ""recovery_exit"": ""all_ind"", ""t"": [8, 16, 24]}}",{},239693.3100000108,560.0,240253.3100000108,4,-114745.64999999997,2022-10-13,-112835.0,109156.69999999995,763.2625,16.637518811955886,1780,1.003948110547095,5730.439999999799,744.5099999999999,10.514594265958014,18.0,23,0.331377251548662,0.0,0.0,0.0,0.0,0.0,753665.0,237298.2961513192,82017.0700000007,2.0937901349638164,1.0124527394280456,663.7486111111111,751.975,0.329385222786238,1.003948110547095,88171.93000000052,-58404.25999999998,-81314.68999999983,-114745.64999999997,233468.56000001007,-52203.92999999982,-81314.68999999983,7,8,-58404.25999999998,0.0,0.0,50,0,0.0,-114745.64999999997,0.0,0.0,13,0,0.0,-52203.92999999982,0.0,0.0,97,0,0.0,55.88145589828491,,,,,,,,,,,,,,,,
FACTORY_S4b,Y_fl12_12_Q,Y,D_float|Q_recovery,BASE,"{""core_cap"": 12, ""rec_activation"": ""always"", ""rec_anchor"": ""low60"", ""rec_cap"": 12, ""rec_spacing"": ""float"", ""rec_step"": 5.0, ""rec_tp"": 3.0, ""recovery"": {""h"": 12, ""layer_x"": 5.0, ""rec_step"": 10.0, ""rec_tp"": 2.0}}",{},249234.75000004147,560.0,249794.75000004144,4,-117350.91999999556,2022-10-13,-121521.25,103093.14000000004,744.8659722222222,129.75821782382135,6266,3.5341229554427525,17282.74999999882,826.68,11.70317661331219,22.0,22,0.212115566189717,0.0,0.0,0.0,0.0,0.0,508743.75,262386.76806982496,73093.14000000004,2.1286134782756787,0.952009706272869,160.01041666666666,160.05555555555554,0.8776085730400451,0.8606880992667795,110622.99000000652,-69743.06999999989,-78495.54999999545,-117350.91999999556,217729.14000003037,-94026.24999999897,-78495.54999999545,7,8,-69743.06999999989,0.0,0.0,406,346,0.0,-117350.91999999556,0.0,0.0,962,954,0.0,-94026.24999999897,0.0,0.0,508,450,0.0,50.56122946739197,2.673434856175973,76677.40000000002,0.0,0.0,0.0981141485090538,160.01041666666666,7.887082855870067,12.0,,,,,,,,
FACTORY_S4b,Y_fl12_20_Q,Y,D_float|Q_recovery,BASE,"{""core_cap"": 12, ""rec_activation"": ""always"", ""rec_anchor"": ""low60"", ""rec_cap"": 20, ""rec_spacing"": ""float"", ""rec_step"": 5.0, ""rec_tp"": 3.0, ""recovery"": {""h"": 12, ""layer_x"": 5.0, ""rec_step"": 10.0, ""rec_tp"": 2.0}}",{},255181.0300000461,560.0,255741.03000004613,4,-116428.05999999464,2022-10-13,-121560.0,103093.14000000004,708.0944444444444,132.82509319712477,6765,3.815566835871405,18555.219999999004,836.64,11.77931671154121,22.0,27,0.212115566189717,0.0056567139507061,0.0,0.0,6.913888888888889,0.0,535795.0,263904.3368718148,73093.14000000004,2.196558372612736,0.9690671742324044,5.1819444444444445,5.764583333333333,0.9655950366610264,0.8606880992667795,110622.99000000652,-69743.06999999989,-75376.33999999327,-116428.05999999464,220556.21000003285,-94026.24999999897,-75376.33999999327,7,8,-69743.06999999989,0.0,0.0,406,346,0.0,-116428.05999999464,0.0,0.0,1461,1453,6.913888888888889,-94026.24999999897,0.0,0.0,508,450,0.0,51.08051013946533,2.9548787366046247,82633.64000000001,0.0,0.0,0.0,0.0,15.810942757641046,17.0,,,,,,,,
FACTORY_S4b,Y_fl20_12_Q,Y,D_float|Q_recovery,BASE,"{""core_cap"": 20, ""rec_activation"": ""always"", ""rec_anchor"": ""low60"", ""rec_cap"": 12, ""rec_spacing"": ""float"", ""rec_step"": 5.0, ""rec_tp"": 3.0, ""recovery"": {""h"": 20, ""layer_x"": 5.0, ""rec_step"": 10.0, ""rec_tp"": 2.0}}",{},318998.7000000475,560.0,319558.7000000475,4,-129698.27999999547,2022-10-13,-134026.25,76628.81000000011,744.9069444444444,33.10526146794514,6857,3.867456288776086,18911.29999999915,961.14,13.306092944937395,24.0,24,0.4037392027927748,0.0,0.0,0.0,0.0,0.0,743610.0,296865.72202602256,31628.810000000118,2.463862280980585,1.0764418937260656,160.01041666666666,160.05555555555554,0.8804286520022561,1.1505922165820643,131502.50000000867,-102328.0499999999,-87929.14999999537,-129698.27999999547,276029.68000003416,-100591.21999999892,-87929.14999999537,7,8,-102328.0499999999,0.0,0.0,421,352,0.0,-129698.27999999547,0.0,0.0,967,956,0.0,-100591.21999999892,0.0,0.0,535,452,0.0,57.471458435058594,2.7168640721940216,79200.67000000001,0.0,0.0,0.0981141485090538,160.01041666666666,7.844626682094917,12.0,,,,,,,,
FACTORY_S4b,Y_fl16_16_Q,Y,D_float|Q_recovery,BASE,"{""core_cap"": 16, ""rec_activation"": ""always"", ""rec_anchor"": ""low60"", ""rec_cap"": 16, ""rec_spacing"": ""float"", ""rec_step"": 5.0, ""rec_tp"": 3.0, ""recovery"": {""h"": 16, ""layer_x"": 5.0, ""rec_step"": 10.0, ""rec_tp"": 2.0}}",{},291465.74000004947,560.0,292025.74000004947,4,-128924.23999999464,2022-10-13,-134065.0,99742.87000000004,712.8104166666667,53.69162580396355,7077,3.991539763113367,19389.259999999504,921.3,12.91460014961294,24.0,28,0.3274169914350794,0.0481661207942373,0.0,0.0,42.975,0.0,619740.0,289700.1596309127,67242.87000000005,2.2650956872040635,1.008027542587825,5.1819444444444445,5.764583333333333,0.9655950366610264,1.003948110547095,116868.76000000758,-76282.4899999999,-84564.99999999325,-128924.23999999464,259783.8100000351,-100879.98999999894,-84564.99999999325,7,8,-76282.4899999999,0.0,0.0,413,352,0.0,-128924.23999999464,0.0,0.0,1451,1442,42.975,-100879.98999999894,0.0,0.0,525,451,0.0,59.38407850265503,2.987591652566272,84372.97,0.0,0.0,0.0017006564477853,4.820833333333334,11.77309684776183,16.0,,,,,,,,
FACTORY_S4b,Y_fl16_16_low30_Q,Y,D_float_anchor|Q_recovery,BASE,"{""core_cap"": 16, ""rec_activation"": ""always"", ""rec_anchor"": ""low30"", ""rec_cap"": 16, ""rec_spacing"": ""float"", ""rec_step"": 5.0, ""rec_tp"": 3.0, ""recovery"": {""h"": 16, ""layer_x"": 5.0, ""rec_step"": 10.0, ""rec_tp"": 2.0}}",{},300117.42000005906,586.25,300703.67000005906,5,-140234.41999999312,2022-10-13,-146870.0,100137.34,708.1173611111111,67.25753361353784,8286,4.673434856175973,22602.58000000144,973.59,13.719122719033065,27.0,28,0.3513676695963532,0.1187741825221827,0.0,0.0,279.9590277777778,0.0,603096.25,306480.7731963096,64303.15000001679,2.1442928918597435,0.9811501937429852,24.867361111111112,25.00208333333333,0.970107163000564,0.9486745628877608,121911.1000000097,-76221.1699999999,-90419.69999999128,-140234.41999999312,269269.0900000406,-100712.24999999872,-90419.69999999128,7,8,-76221.1699999999,0.0,0.0,523,462,0.0,-140234.41999999312,0.0,0.0,1754,1745,279.9590277777778,-100712.24999999872,0.0,0.0,650,575,0.0,58.58743500709534,3.724760293288212,102454.79,0.0,0.0,0.0272020979432423,24.867361111111112,10.84748305647468,16.0,,,,,,,,
FACTORY_S4b,Y_fl24_8_Q,Y,D_float|Q_recovery,BASE,"{""core_cap"": 24, ""rec_activation"": ""always"", ""rec_anchor"": ""low60"", ""rec_cap"": 8, ""rec_spacing"": ""float"", ""rec_step"": 5.0, ""rec_tp"": 3.0, ""recovery"": {""h"": 24, ""layer_x"": 5.0, ""rec_step"": 10.0, ""rec_tp"": 2.0}}",{},343353.54000004585,560.0,343913.54000004585,4,-156335.16999999917,2025-04-06,-152232.5,59680.580000000016,747.7513888888889,15.958494385439066,6577,3.7095318668922728,18336.45999999875,996.0,13.78006337536878,22.0,26,0.494278846019147,0.0037837504657893,0.0,0.0,4.04375,0.0,826500.0,310127.75588645664,7180.580000000016,2.199847545501423,1.1089415038554589,298.73819444444445,298.83680555555554,0.8082346305696559,1.2526790750141004,137603.89000000956,-117558.61999999992,-81310.58999999659,-116464.67999999672,287664.57000003284,-156335.16999999917,-81310.58999999659,7,8,-117558.61999999992,0.0,0.0,425,352,0.0006944444444444,-116464.67999999672,0.0,0.0,671,656,0.0,-156335.16999999917,0.0,0.0,430,310,0.0,63.41516613960266,2.4568527918781724,73758.56000000003,0.0,0.0,0.1786964062075361,298.73819444444445,4.305419126361295,8.0,,,,,,,,
FACTORY_S4b,Y_fl16_16_vwap_Q,Y,D_float_anchor|Q_recovery,BASE,"{""core_cap"": 16, ""rec_activation"": ""always"", ""rec_anchor"": ""vwap"", ""rec_cap"": 16, ""rec_spacing"": ""float"", ""rec_step"": 5.0, ""rec_tp"": 3.0, ""recovery"": {""h"": 16, ""layer_x"": 5.0, ""rec_step"": 10.0, ""rec_tp"": 2.0}}",{},330832.6500000822,560.0,331392.6500000822,4,-164088.81999999448,2022-10-13,-169800.0,68968.09000000049,749.11875,118.5230295884804,12322,6.949802594472645,32828.6000000079,1098.0900000000004,15.737308816236649,28.0,28,0.4828211284850149,0.2621826678732828,0.0,0.0,617.8284722222222,0.0,824906.25,349438.7389418807,3968.0900000004913,2.019593108172107,0.948356930898838,461.9173611111111,462.075,0.7163000564015792,0.8386914833615341,140869.8300000144,-107882.31999999942,-114933.85999999417,-164088.81999999448,305448.4900000619,-139885.11999999563,-114933.85999999417,7,8,-107882.31999999942,0.0,0.0,1466,1408,5.733333333333333,-164088.81999999448,0.0,0.0,723,715,617.8284722222222,-139885.11999999563,0.0,0.0,1025,971,0.0,55.99043846130371,6.111111111111111,161038.35000000003,0.0,0.0,0.2547370426508947,461.9173611111111,8.671742486432573,16.0,,,,,,,,
FACTORY_S4b,Y_fl16_16_Q_gov,Y,D_float|Q_recovery|M_gov,BASE,"{""core_cap"": 16, ""gov"": ""atr_spike"", ""gov_action"": ""core"", ""gov_x"": 1.5, ""rec_activation"": ""always"", ""rec_anchor"": ""low60"", ""rec_cap"": 16, ""rec_spacing"": ""float"", ""rec_step"": 5.0, ""rec_tp"": 3.0, ""recovery"": {""h"": 16, ""layer_x"": 5.0, ""rec_step"": 10.0, ""rec_tp"": 2.0}}",{},284653.1600000484,560.0,285213.1600000484,4,-128924.23999999464,2022-10-13,-134065.0,92221.96000000002,712.8104166666667,56.40396461839044,6952,3.9210377890580936,19058.0899999993,901.38,12.731273867326385,24.0,28,0.3187091821439478,0.0481661207942373,0.0,0.0,42.975,0.0,627533.75,284134.0909437943,57221.96000000002,2.2122539562774253,1.003797745820186,5.1819444444444445,5.764583333333333,0.9633389734912576,0.9294980259447264,110730.31000000678,-81516.86999999991,-84564.99999999322,-128924.23999999464,259109.6800000348,-100879.98999999894,-84564.99999999322,7,8,-81516.86999999991,0.0,0.0,404,353,0.0,-128924.23999999464,0.0,0.0,1451,1442,42.975,-100879.98999999894,0.0,0.0,523,450,0.0,56.059680461883545,2.991539763113367,85709.29000000001,0.0,0.0,0.0017006564477853,4.820833333333334,11.764471689813712,16.0,,,,,,,,
FACTORY_S4b,Y_fl16_16_tiers,Y,D_float|C_tiers,BASE,"{""core_cap"": 16, ""rec_activation"": ""always"", ""rec_anchor"": ""low60"", ""rec_cap"": 16, ""rec_spacing"": ""float"", ""rec_step"": 5.0, ""rec_tp"": 3.0, ""spacing"": ""tiers"", ""tiers"": [[8, 5.0], [16, 10.0]]}",{},389568.2100000506,560.0,390128.2100000506,4,-167900.3299999953,2022-10-13,-174628.75,77185.78999999992,713.64375,14.47601624936574,7124,4.01804850535815,19936.78999999957,1108.05,16.25957424752256,32.0,32,0.5782750244451853,0.2046069018074027,0.0739981676617514,58.80625,453.0944444444444,58.80625,796320.0,362120.8990925163,29685.78999999992,2.3235702395585616,1.077342431706431,58.80625,58.85833333333333,0.9114495205865764,1.168076706147772,152454.12000000977,-105928.67000000027,-111176.9899999948,-167900.3299999953,348895.4100000356,-160778.50999999885,-111176.9899999948,7,8,-105928.67000000027,0.0,0.0,442,372,0.0,-167900.3299999953,58.80625,0.2610825264552225,1097,1091,453.0944444444444,-160778.50999999885,0.0,0.0,594,478,6.0125,28.65346574783325,2.849971799210378,97070.53,0.0,0.0,0.0739981676617514,58.80625,11.071483605615809,16.0,,,,,,,,
FACTORY_S4b,Y_fl16_16_cap24,Y,D_float|N_cap24,BASE,"{""cap_total"": 24, ""core_cap"": 16, ""rec_activation"": ""always"", ""rec_anchor"": ""low60"", ""rec_cap"": 16, ""rec_spacing"": ""float"", ""rec_step"": 5.0, ""rec_tp"": 3.0}",{},387678.39000004414,560.0,388238.39000004414,4,-156053.9899999993,2025-04-06,-152232.5,75604.31000000006,749.4458333333333,18.18305857911661,6413,3.617033276931754,18010.359999998785,1055.76,15.489430434185715,24.0,24,0.612985786770742,0.0,0.0,0.0,0.0,453.9013888888889,759718.75,347380.0808039454,28104.310000000056,2.4878466100100733,1.1176184572861514,453.9013888888889,453.9604166666667,0.76029328821207,1.2583192329385222,157995.84000001033,-107261.17000000022,-101408.03999999794,-143570.92999999807,331712.4200000317,-156053.9899999993,-101408.03999999794,7,8,-107261.17000000022,0.0,0.0,439,372,0.0,-143570.92999999807,0.0,0.0,433,425,0.0,-156053.9899999993,0.0,0.0,442,311,0.0,24.33359980583191,2.358714043993232,81505.57,0.0,0.0,0.0,0.0,12.12182807960305,10.0,,,,,,,,
FACTORY_S4b,Y_fl16_16_S1,Y,D_float|I_S1,BASE,"{""core_cap"": 16, ""rec_activation"": ""always"", ""rec_anchor"": ""low60"", ""rec_cap"": 16, ""rec_spacing"": ""float"", ""rec_step"": 5.0, ""rec_tp"": 3.0, ""state"": {""mult"": [1.0, 1.5, 3.0, Infinity], ""t"": [8, 12, 16]}}",{},341702.2100000477,560.0,342262.2100000477,4,-149787.30999999528,2022-10-13,-156540.0,90901.18000000024,708.2333333333333,20.96852121493916,6814,3.843203609701072,18932.78999999908,1008.4500000000004,14.563977742973936,29.0,29,0.5562155210816959,0.1332157536261525,0.0,0.0,297.2270833333333,0.0,693656.25,325506.343143861,50901.18000000023,2.284988027357314,1.0514763143917638,58.80625,58.85833333333333,0.9120135363790186,0.9932318104906938,137978.0800000088,-89854.2699999999,-98025.24999999482,-149787.30999999528,302353.71000003366,-130946.73999999888,-98025.24999999482,7,8,-89854.2699999999,0.0,0.0,432,372,0.0,-149787.30999999528,0.0,0.0,1097,1091,297.2270833333333,-130946.73999999888,0.0,0.0,534,478,0.0,26.13434648513794,2.849971799210378,97070.53,0.0,0.0,0.0739981676617514,58.80625,11.071483605615809,16.0,,,,,,,,
FACTORY_S4b,Y_fl16_16_cap24_Q,Y,D_float|N_cap24|Q_recovery,BASE,"{""cap_total"": 24, ""core_cap"": 16, ""rec_activation"": ""always"", ""rec_anchor"": ""low60"", ""rec_cap"": 16, ""rec_spacing"": ""float"", ""rec_step"": 5.0, ""rec_tp"": 3.0, ""recovery"": {""h"": 16, ""layer_x"": 5.0, ""rec_step"": 10.0, ""rec_tp"": 2.0}}",{},285624.5800000449,560.0,286184.5800000449,4,-129829.57999999552,2022-10-13,-134026.25,99742.87000000004,744.9118055555556,52.63719325941104,6590,3.7168640721940216,18146.66999999875,911.34,12.838544103597156,24.0,24,0.3274169914350794,0.0,0.0,0.0,0.0,160.01041666666666,619740.0,288184.2168960358,67242.87000000005,2.2043095263810817,0.9930612546463212,160.01041666666666,160.05555555555554,0.8787366046249295,1.003948110547095,116868.76000000758,-76282.4899999999,-87666.6899999954,-129829.57999999552,257044.34000003268,-100879.98999999894,-87666.6899999954,7,8,-76282.4899999999,0.0,0.0,413,352,0.0,-129829.57999999552,0.0,0.0,964,955,0.0,-100879.98999999894,0.0,0.0,525,451,0.0,56.50540518760681,2.7129159616469263,78521.85,0.0,0.0,0.0,0.0,11.849152893777614,12.0,,,,,,,,
FACTORY_S4b,Y_fl16_16_cap24_Q_gov,Y,D_float|N_cap24|Q_recovery|M_gov,BASE,"{""cap_total"": 24, ""core_cap"": 16, ""gov"": ""atr_spike"", ""gov_action"": ""core"", ""gov_x"": 1.5, ""rec_activation"": ""always"", ""rec_anchor"": ""low60"", ""rec_cap"": 16, ""rec_spacing"": ""float"", ""rec_step"": 5.0, ""rec_tp"": 3.0, ""recovery"": {""h"": 16, ""layer_x"": 5.0, ""rec_step"": 10.0, ""rec_tp"": 2.0}}",{},278812.0000000439,560.0,279372.0000000439,4,-129829.57999999552,2022-10-13,-134026.25,92221.96000000002,744.9118055555556,55.2687263901096,6465,3.646362098138748,17815.499999998778,891.4200000000001,12.6552178213106,24.0,24,0.3187091821439478,0.0,0.0,0.0,0.0,160.01041666666666,627533.75,282618.1482089173,57221.96000000002,2.1518362764483525,0.9885140135923832,160.01041666666666,160.05555555555554,0.8764805414551607,0.9294980259447264,110730.31000000678,-81516.86999999991,-87666.68999999537,-129829.57999999552,256370.21000003244,-100879.98999999894,-87666.68999999537,7,8,-81516.86999999991,0.0,0.0,404,353,0.0,-129829.57999999552,0.0,0.0,964,955,0.0,-100879.98999999894,0.0,0.0,523,450,0.0,55.17287707328797,2.7168640721940216,79858.17000000001,0.0,0.0,0.0,0.0,11.840527735829497,12.0,,,,,,,,
FACTORY_S4b,Y_fl16_16_Q_add,Y,D_float|Q_recovery|L_armed,BASE,"{""add_trigger"": ""armed"", ""core_cap"": 16, ""rec_activation"": ""always"", ""rec_anchor"": ""low60"", ""rec_cap"": 16, ""rec_spacing"": ""float"", ""rec_step"": 5.0, ""rec_tp"": 3.0, ""recovery"": {""h"": 16, ""layer_x"": 5.0, ""rec_step"": 10.0, ""rec_tp"": 2.0}, ""reversal"": ""ll_fail""}",{},305478.59000005067,986.25,306464.84000005067,7,-122339.25999999464,2022-10-13,-127555.0,102681.76000000013,708.1444444444444,52.18712919755468,7186,4.053017484489565,19758.90999999968,888.9300000000001,12.62320513502988,23.0,27,0.2688508101232486,0.020532554823056,0.0,0.0,24.867361111111112,0.0,592240.0,282606.3974888701,70181.76000000013,2.5050408184589643,1.0844228677169994,5.1819444444444445,5.764583333333333,0.9655950366610264,1.0671178793006204,122211.72000000824,-74621.75999999986,-79128.76999999327,-122339.25999999464,263474.34000003565,-100879.98999999894,-79128.76999999327,7,8,-74621.75999999986,0.0,0.0,434,361,0.0,-122339.25999999464,0.0,0.0,1455,1443,24.867361111111112,-100879.98999999894,0.0,0.0,526,452,0.0,55.26477313041687,2.985899605188945,84352.94000000002,0.0,0.0,0.0017006564477853,4.820833333333334,11.778175002311436,16.0,,,,,,,,
FACTORY_S4b,Y_fl16_16_Q_invtp,Y,D_float|Q_recovery|E_inv_tp,BASE,"{""core_cap"": 16, ""rec_activation"": ""always"", ""rec_anchor"": ""low60"", ""rec_cap"": 16, ""rec_spacing"": ""float"", ""rec_step"": 5.0, ""rec_tp"": 3.0, ""rec_tp_mode"": ""inv"", ""recovery"": {""h"": 16, ""layer_x"": 5.0, ""rec_step"": 10.0, ""rec_tp"": 2.0}}",{},291025.71000004787,613.75,291639.46000004787,5,-135323.6299999947,2022-10-13,-140437.5,100974.90000000002,713.7520833333333,81.37065164135228,6747,3.805414551607445,18683.03999999897,956.1600000000002,13.349931777620258,25.0,28,0.3414369006026543,0.0981141485090538,0.0,0.0,160.01041666666666,0.0,603096.25,298285.12828469044,68474.90000000002,2.15512590077623,0.9777204169619218,6.913888888888889,7.779861111111111,0.9616469261139312,0.9385222786238014,119602.8000000075,-76267.4899999999,-89078.7499999933,-135323.6299999947,261170.99000003363,-100061.86999999896,-89078.7499999933,7,8,-76267.4899999999,0.0,0.0,408,347,0.0,-135323.6299999947,0.0,0.0,1425,1416,160.01041666666666,-100061.86999999896,0.0,0.0,519,446,0.0,55.28220796585083,2.866892272983644,99054.58,0.0,0.0,0.0056567139507061,6.913888888888889,11.138526452632377,16.0,,,,,,,,
FACTORY_S4b,Y_fl16_16_Q_tp4,Y,D_float|Q_recovery|E_tp4,BASE,"{""core_cap"": 16, ""rec_activation"": ""always"", ""rec_anchor"": ""low60"", ""rec_cap"": 16, ""rec_spacing"": ""float"", ""rec_step"": 5.0, ""rec_tp"": 4.0, ""recovery"": {""h"": 16, ""layer_x"": 5.0, ""rec_step"": 10.0, ""rec_tp"": 2.0}}",{},289455.0300000481,613.75,290068.7800000481,5,-135323.6299999947,2022-10-13,-140437.5,100379.99,713.7520833333333,81.74328626279983,6805,3.838127467569092,18817.46999999907,953.6700000000002,13.308452010388852,25.0,28,0.3404632957993505,0.0981141485090538,0.0,0.0,160.01041666666666,0.0,603096.25,297350.4765445295,67879.98999999999,2.1435190587191566,0.9755114011280526,6.913888888888889,7.779861111111111,0.9622109419063734,0.946418499717992,116951.89000000752,-76267.48999999987,-89093.7499999933,-135323.6299999947,262266.22000003385,-100061.86999999896,-89093.7499999933,7,8,-76267.48999999987,0.0,0.0,411,350,0.0,-135323.6299999947,0.0,0.0,1425,1416,160.01041666666666,-100061.86999999896,0.0,0.0,518,445,0.0,56.47066903114319,2.8917089678511,95015.02,0.0,0.0,0.0056567139507061,6.913888888888889,11.195202860016645,16.0,,,,,,,,
FACTORY_S4b,Y_fl12_12_E8_Q,Y,D_float|H_emerg|Q_recovery,BASE,"{""core_cap"": 12, ""emerg_cap"": 8, ""emerg_step"": 80.0, ""emerg_tp"": 20.0, ""rec_activation"": ""always"", ""rec_anchor"": ""low60"", ""rec_cap"": 12, ""rec_spacing"": ""float"", ""rec_step"": 5.0, ""rec_tp"": 3.0, ""recovery"": {""h"": 12, ""layer_x"": 5.0, ""rec_step"": 10.0, ""rec_tp"": 2.0}}",{},249234.75000004147,560.0,249794.75000004144,4,-117350.91999999556,2022-10-13,-121521.25,103093.14000000004,744.8659722222222,129.75821782382135,6266,3.5341229554427525,17282.74999999882,826.68,11.70317661331219,22.0,22,0.212115566189717,0.0,0.0,0.0,0.0,0.0,508743.75,262386.76806982496,73093.14000000004,2.1286134782756787,0.952009706272869,160.01041666666666,160.05555555555554,0.8776085730400451,0.8606880992667795,110622.99000000652,-69743.06999999989,-78495.54999999545,-117350.91999999556,217729.14000003037,-94026.24999999897,-78495.54999999545,7,8,-69743.06999999989,0.0,0.0,406,346,0.0,-117350.91999999556,0.0,0.0,962,954,0.0,-94026.24999999897,0.0,0.0,508,450,0.0,52.439125299453735,2.673434856175973,76677.40000000002,0.0,0.0,0.0981141485090538,160.01041666666666,7.887082855870067,12.0,0.0,0.0,0.0,0.0,0.0,0.0,8.0,0.0
FACTORY_S4b,Y_fl16_16_Q_step7.5,Y,D_float|Q_recovery|rec_step,BASE,"{""core_cap"": 16, ""rec_activation"": ""always"", ""rec_anchor"": ""low60"", ""rec_cap"": 16, ""rec_spacing"": ""float"", ""rec_step"": 7.5, ""rec_tp"": 3.0, ""recovery"": {""h"": 16, ""layer_x"": 5.0, ""rec_step"": 10.0, ""rec_tp"": 2.0}}",{},282002.67000004754,560.0,282562.67000004754,4,-128924.23999999464,2022-10-13,-134065.0,105075.48000000008,712.8104166666667,67.18978009971434,6777,3.822335025380711,18601.079999999023,903.87,12.741264873739569,24.0,28,0.3076058847756226,0.0481661207942373,0.0,0.0,42.975,0.0,590820.0,285432.6867902841,74106.19000001252,2.191695448428157,0.989945031094686,5.1819444444444445,5.764583333333333,0.9633389734912576,0.9785673998871968,113157.130000007,-70309.9899999999,-84588.75999999326,-128924.23999999464,254069.89000003377,-93942.48999999894,-84588.75999999326,7,8,-70309.9899999999,0.0,0.0,407,343,0.0,-128924.23999999464,0.0,0.0,1450,1441,42.975,-93942.48999999894,0.0,0.0,515,439,0.0,54.66685891151428,2.843767625493514,80079.17000000001,0.0,0.0,0.0017006564477853,4.820833333333334,12.053580484196782,16.0,,,,,,,,
FACTORY_S4b,Y_fl16_16_Q_roll,Y,D_float|Q_recovery|B_roll,BASE,"{""core_cap"": 16, ""rec_activation"": ""always"", ""rec_anchor"": ""low60"", ""rec_cap"": 16, ""rec_roll"": ""newlow"", ""rec_roll_x"": 0.0, ""rec_spacing"": ""float"", ""rec_step"": 5.0, ""rec_tp"": 3.0, ""recovery"": {""h"": 16, ""layer_x"": 5.0, ""rec_step"": 10.0, ""rec_tp"": 2.0}}",{},284274.5700000496,560.0,284834.5700000496,4,-124606.71999999462,2022-10-13,-121207.5,99742.87000000004,747.1597222222222,20.647739502248164,7097,4.002820078962211,19411.67999999953,891.42,12.512351472734863,23.0,28,0.2888412281709397,0.0085298987731178,0.0,0.0,10.80486111111111,0.0,619740.0,281173.5710668467,67242.87000000005,2.2858684507549984,1.0130204233609583,5.1819444444444445,5.764583333333333,0.9667230682459108,1.0078962210941906,116868.76000000758,-76282.4899999999,-83554.99999999325,-124606.71999999462,251582.64000003523,-100879.98999999894,-83554.99999999325,7,8,-76282.4899999999,0.0,0.0,413,352,0.0,-124606.71999999462,0.0,0.0,1466,1457,10.80486111111111,-100879.98999999894,0.0,0.0,525,451,0.0,54.64454507827759,2.99492385786802,75886.85,-8572.48,2.0,1.4008702205810249e-05,0.0069444444444444,12.176212663306446,16.0,,,,,,,,
FACTORY_S3b,Y_fl16_16_Q_add__step4.0,S3b,Y_fl16_16_Q_add,Y_fl16_16_Q_add,"{""add_trigger"": ""armed"", ""core_cap"": 16, ""rec_activation"": ""always"", ""rec_anchor"": ""low60"", ""rec_cap"": 16, ""rec_spacing"": ""float"", ""rec_step"": 4.0, ""rec_tp"": 3.0, ""recovery"": {""h"": 16, ""layer_x"": 5.0, ""rec_step"": 10.0, ""rec_tp"": 2.0}, ""reversal"": ""ll_fail""}",{},308148.87000005174,986.25,309135.12000005174,7,-122339.2599999946,2022-10-13,-127555.0,102195.8000000001,708.1444444444444,54.65760919580146,7347,4.143824027072758,20159.879999999936,869.01,12.614368445678457,23.0,27,0.2661849540934828,0.020532554823056,0.0,0.0,24.867361111111112,0.0,592240.0,282032.23249332485,69695.8000000001,2.5268676629241127,1.0960985461382269,5.1819444444444445,5.764583333333333,0.9661590524534688,1.0733220530174843,122368.75000000856,-74621.75999999986,-79128.76999999321,-122339.2599999946,265973.83000003634,-97869.87999999884,-79128.76999999321,7,8,-74621.75999999986,0.0,0.0,450,376,0.0,-122339.2599999946,0.0,0.0,1455,1443,24.867361111111112,-97869.87999999884,0.0,0.0,562,474,0.0,52.453874588012695,3.070501974055273,87913.19,0.0,0.0,0.0017006564477853,4.820833333333334,11.712617077728686,16.0,,,,,,,,
FACTORY_S3b,Y_fl16_16_Q_add__step4.5,S3b,Y_fl16_16_Q_add,Y_fl16_16_Q_add,"{""add_trigger"": ""armed"", ""core_cap"": 16, ""rec_activation"": ""always"", ""rec_anchor"": ""low60"", ""rec_cap"": 16, ""rec_spacing"": ""float"", ""rec_step"": 4.5, ""rec_tp"": 3.0, ""recovery"": {""h"": 16, ""layer_x"": 5.0, ""rec_step"": 10.0, ""rec_tp"": 2.0}, ""reversal"": ""ll_fail""}",{},307550.6700000515,986.25,308536.9200000515,7,-122339.25999999464,2022-10-13,-127555.0,101801.87000000013,708.1444444444444,53.394588736131645,7276,4.103778905809363,19976.829999999823,871.5,12.592590517229302,23.0,27,0.2660588757736306,0.020532554823056,0.0,0.0,24.867361111111112,0.0,592240.0,281375.4293632204,69301.87000000011,2.521977981557719,1.0965311388357546,5.1819444444444445,5.764583333333333,0.9661590524534688,1.0755781161872533,121658.29000000854,-74621.75999999986,-79128.76999999327,-122339.25999999464,266086.0900000362,-97869.87999999884,-79128.76999999327,7,8,-74621.75999999986,0.0,0.0,445,371,0.0,-122339.25999999464,0.0,0.0,1455,1443,24.867361111111112,-97869.87999999884,0.0,0.0,555,467,0.0,52.70636177062988,3.028200789622109,86433.69,0.0,0.0,0.0017006564477853,4.820833333333334,11.74368697835095,16.0,,,,,,,,
FACTORY_S3b,Y_fl16_16_Q_add__step5.5,S3b,Y_fl16_16_Q_add,Y_fl16_16_Q_add,"{""add_trigger"": ""armed"", ""core_cap"": 16, ""rec_activation"": ""always"", ""rec_anchor"": ""low60"", ""rec_cap"": 16, ""rec_spacing"": ""float"", ""rec_step"": 5.5, ""rec_tp"": 3.0, ""recovery"": {""h"": 16, ""layer_x"": 5.0, ""rec_step"": 10.0, ""rec_tp"": 2.0}, ""reversal"": ""ll_fail""}",{},306188.13000005065,986.25,307174.38000005065,7,-122339.25999999464,2022-10-13,-127555.0,102366.61000000007,708.1444444444444,53.022319802535385,7141,4.027636773829667,19621.86999999961,886.4399999999999,12.538451085814508,23.0,27,0.2631534709361455,0.020532554823056,0.0,0.0,24.867361111111112,0.0,592240.0,280523.48651557346,69866.61000000007,2.5108405919740244,1.0950041432020974,5.1819444444444445,5.764583333333333,0.9650310208685844,1.078398195149464,122307.63000000828,-74635.51999999987,-79128.76999999321,-122339.25999999464,264087.97000003554,-93942.48999999894,-79128.76999999321,7,8,-74635.51999999987,0.0,0.0,432,358,0.0,-122339.25999999464,0.0,0.0,1455,1443,24.867361111111112,-93942.48999999894,0.0,0.0,523,448,0.0,53.57890701293945,2.949238578680203,83329.79000000001,0.0,0.0,0.0017006564477853,4.820833333333334,11.84986733759011,16.0,,,,,,,,
FACTORY_S3b,Y_fl16_16_Q_add__step6.0,S3b,Y_fl16_16_Q_add,Y_fl16_16_Q_add,"{""add_trigger"": ""armed"", ""core_cap"": 16, ""rec_activation"": ""always"", ""rec_anchor"": ""low60"", ""rec_cap"": 16, ""rec_spacing"": ""float"", ""rec_step"": 6.0, ""rec_tp"": 3.0, ""recovery"": {""h"": 16, ""layer_x"": 5.0, ""rec_step"": 10.0, ""rec_tp"": 2.0}, ""reversal"": ""ll_fail""}",{},307772.90000005055,986.25,308759.15000005055,7,-122339.25999999464,2022-10-13,-127555.0,102315.34000000008,708.1444444444444,53.32403696847644,7118,4.014664410603497,19562.09999999957,886.4399999999999,12.541563819444638,23.0,27,0.2630400004482784,0.020532554823056,0.0,0.0,24.867361111111112,0.0,592240.0,280684.5117914749,69815.34000000008,2.523794487559137,1.1000220426463458,5.1819444444444445,5.764583333333333,0.9650310208685844,1.0851663846587705,122141.1800000082,-74635.51999999987,-79128.76999999321,-122339.25999999464,265839.1900000355,-93942.48999999894,-79128.76999999321,7,8,-74635.51999999987,0.0,0.0,431,357,0.0,-122339.25999999464,0.0,0.0,1455,1443,24.867361111111112,-93942.48999999894,0.0,0.0,521,446,0.0,53.526795864105225,2.9294980259447265,82940.69,0.0,0.0,0.0017006564477853,4.820833333333334,11.858942174879036,16.0,,,,,,,,
FACTORY_S3b,Y_fl16_16_Q_add__tp2.75,S3b,Y_fl16_16_Q_add,Y_fl16_16_Q_add,"{""add_trigger"": ""armed"", ""core_cap"": 16, ""rec_activation"": ""always"", ""rec_anchor"": ""low60"", ""rec_cap"": 16, ""rec_spacing"": ""float"", ""rec_step"": 5.0, ""rec_tp"": 2.75, ""recovery"": {""h"": 16, ""layer_x"": 5.0, ""rec_step"": 10.0, ""rec_tp"": 2.0}, ""reversal"": ""ll_fail""}",{},301807.4600000506,986.25,302793.7100000506,7,-122349.2599999946,2022-10-13,-127555.0,102330.65000000008,708.1527777777778,50.99888340133132,7199,4.060349689791314,19767.5399999997,886.44,12.609195031953847,23.0,27,0.2678449853048714,0.020532554823056,0.0,0.0,24.867361111111112,0.0,592240.0,282485.37703546445,69830.65000000008,2.4748307427446963,1.071891625604523,5.1819444444444445,5.764583333333333,0.9655950366610264,1.0462492949802595,120494.3700000082,-74633.00999999986,-79146.26999999321,-122349.2599999946,261529.30000003555,-100896.23999999894,-79146.26999999321,7,8,-74633.00999999986,0.0,0.0,439,365,0.0,-122349.2599999946,0.0,0.0,1455,1443,24.867361111111112,-100896.23999999894,0.0,0.0,529,455,0.0,55.08420014381409,3.0141003948110545,80707.19,0.0,0.0,0.0017006564477853,4.820833333333334,11.831413674174398,16.0,,,,,,,,
FACTORY_S3b,Y_fl16_16_Q_add__tp2.5,S3b,Y_fl16_16_Q_add,Y_fl16_16_Q_add,"{""add_trigger"": ""armed"", ""core_cap"": 16, ""rec_activation"": ""always"", ""rec_anchor"": ""low60"", ""rec_cap"": 16, ""rec_spacing"": ""float"", ""rec_step"": 5.0, ""rec_tp"": 2.5, ""recovery"": {""h"": 16, ""layer_x"": 5.0, ""rec_step"": 10.0, ""rec_tp"": 2.0}, ""reversal"": ""ll_fail""}",{},298812.03000005137,986.25,299798.28000005137,7,-122359.25999999464,2022-10-13,-127555.0,102407.06000000008,708.1527777777778,40.24513524414134,7283,4.107727016356458,19957.969999999837,881.4599999999999,12.52664034898479,23.0,27,0.2621000165302686,0.020532554823056,0.0,0.0,24.867361111111112,0.0,592240.0,280288.9836616506,69907.06000000008,2.450147867844775,1.0696042209134815,5.1819444444444445,5.764583333333333,0.964467005076142,1.065425831923294,119059.77000000858,-73977.99999999985,-79163.76999999327,-122359.25999999464,259990.970000036,-98145.48999999884,-79163.76999999327,7,8,-73977.99999999985,0.0,0.0,444,366,0.0,-122359.25999999464,0.0,0.0,1455,1443,24.867361111111112,-98145.48999999884,0.0,0.0,556,467,0.0,56.71006917953491,3.042301184433164,78280.19,0.0,0.0,0.0017006564477853,4.820833333333334,12.02358365016348,16.0,,,,,,,,
FACTORY_S3b,Y_fl16_16_Q_add__tp3.25,S3b,Y_fl16_16_Q_add,Y_fl16_16_Q_add,"{""add_trigger"": ""armed"", ""core_cap"": 16, ""rec_activation"": ""always"", ""rec_anchor"": ""low60"", ""rec_cap"": 16, ""rec_spacing"": ""float"", ""rec_step"": 5.0, ""rec_tp"": 3.25, ""recovery"": {""h"": 16, ""layer_x"": 5.0, ""rec_step"": 10.0, ""rec_tp"": 2.0}, ""reversal"": ""ll_fail""}",{},303862.8800000499,986.25,304849.1300000499,7,-128774.90999999468,2022-10-13,-133927.5,100949.07,712.8104166666667,49.89874776386403,7106,4.007896221094191,19569.61999999955,911.34,12.91783195721182,24.0,27,0.3069867001381258,0.0481661207942373,0.0,0.0,42.975,0.0,589160.0,288907.1838673684,68449.07,2.3673022174899017,1.0551801651979693,6.913888888888889,7.779861111111111,0.9639029892837,1.0564015792442187,120428.88000000786,-74610.50999999986,-83903.15999999328,-128774.90999999468,268412.11000003526,-100863.73999999894,-83903.15999999328,7,8,-74610.50999999986,0.0,0.0,433,361,0.0,-128774.90999999468,0.0,0.0,1427,1415,42.975,-100863.73999999894,0.0,0.0,525,451,0.0,55.318121910095215,2.951494641849972,87059.83,0.0,0.0,0.0056567139507061,6.913888888888889,11.424972192726122,16.0,,,,,,,,
FACTORY_S3b,Y_fl16_16_Q_add__tp3.5,S3b,Y_fl16_16_Q_add,Y_fl16_16_Q_add,"{""add_trigger"": ""armed"", ""core_cap"": 16, ""rec_activation"": ""always"", ""rec_anchor"": ""low60"", ""rec_cap"": 16, ""rec_spacing"": ""float"", ""rec_step"": 5.0, ""rec_tp"": 3.5, ""recovery"": {""h"": 16, ""layer_x"": 5.0, ""rec_step"": 10.0, ""rec_tp"": 2.0}, ""reversal"": ""ll_fail""}",{},298369.82000004925,1040.0,299409.82000004925,8,-128767.40999999468,2022-10-13,-133927.5,101448.98000000004,712.8104166666667,52.80986788350482,6985,3.9396503102086857,19280.17999999936,916.32,12.989280541072114,24.0,27,0.3060677292734246,0.0481661207942373,0.0,0.0,42.975,0.0,589751.25,291190.8956603842,68948.98000000004,2.325198743999445,1.0282252105479657,6.913888888888889,7.779861111111111,0.9639029892837,1.0101522842639594,120349.71000000794,-74599.2599999999,-83888.15999999328,-128767.40999999468,263033.22000003455,-100847.48999999894,-83888.15999999328,7,8,-74599.2599999999,0.0,0.0,432,360,0.0,-128767.40999999468,0.0,0.0,1427,1415,42.975,-100847.48999999894,0.0,0.0,522,449,0.0,55.385746717453,2.9294980259447265,89980.69,0.0,0.0,0.0056567139507061,6.913888888888889,11.378635608439962,16.0,,,,,,,,
FACTORY_S3b,Y_fl16_16_Q_add__lx4.0,S3b,Y_fl16_16_Q_add,Y_fl16_16_Q_add,"{""add_trigger"": ""armed"", ""core_cap"": 16, ""rec_activation"": ""always"", ""rec_anchor"": ""low60"", ""rec_cap"": 16, ""rec_spacing"": ""float"", ""rec_step"": 5.0, ""rec_tp"": 3.0, ""recovery"": {""h"": 16, ""layer_x"": 4.0, ""rec_step"": 10.0, ""rec_tp"": 2.0}, ""reversal"": ""ll_fail""}",{},301297.26000005065,986.25,302283.51000005065,7,-122344.2599999946,2022-10-13,-127555.0,107586.13000000006,708.1444444444444,53.89433406092517,7182,4.050761421319797,19745.239999999674,878.97,12.532158376783658,23.0,27,0.2611011960629943,0.020532554823056,0.0,0.0,24.867361111111112,0.0,592240.0,280359.74786262226,77586.13000000006,2.470761685101238,1.078198679748318,5.1819444444444445,5.764583333333333,0.9655950366610264,1.065425831923294,120001.72000000824,-69592.3899999999,-79133.76999999321,-122344.2599999946,261508.0100000356,-93944.98999999894,-79133.76999999321,7,8,-69592.3899999999,0.0,0.0,434,361,0.0,-122344.2599999946,0.0,0.0,1455,1443,24.867361111111112,-93944.98999999894,0.0,0.0,527,452,0.0,55.79216885566712,2.9853355893965032,84579.18000000002,0.0,0.0,0.0017006564477853,4.820833333333334,11.775841152523949,16.0,,,,,,,,
FACTORY_S3b,Y_fl16_16_Q_add__lx5.5,S3b,Y_fl16_16_Q_add,Y_fl16_16_Q_add,"{""add_trigger"": ""armed"", ""core_cap"": 16, ""rec_activation"": ""always"", ""rec_anchor"": ""low60"", ""rec_cap"": 16, ""rec_spacing"": ""float"", ""rec_step"": 5.0, ""rec_tp"": 3.0, ""recovery"": {""h"": 16, ""layer_x"": 5.5, ""rec_step"": 10.0, ""rec_tp"": 2.0}, ""reversal"": ""ll_fail""}",{},306852.3500000507,986.25,307838.6000000507,7,-122336.75999999464,2022-10-13,-127555.0,102761.76000000013,708.1444444444444,52.41706639399999,7186,4.053017484489565,19766.39999999968,891.4200000000001,12.631968979129836,23.0,27,0.2707293770890477,0.020532554823056,0.0,0.0,24.867361111111112,0.0,592240.0,282863.0746929993,70261.76000000013,2.516321341190204,1.0882954600354189,5.1819444444444445,5.764583333333333,0.9655950366610264,1.0671178793006204,122442.97000000824,-74604.25999999986,-79126.26999999327,-122336.75999999464,264614.35000003566,-100877.48999999894,-79126.26999999327,7,8,-74604.25999999986,0.0,0.0,435,361,0.0,-122336.75999999464,0.0,0.0,1455,1443,24.867361111111112,-100877.48999999894,0.0,0.0,526,452,0.0,54.56717133522034,2.985899605188945,84352.94000000002,0.0,0.0,0.0017006564477853,4.820833333333334,11.778175002311436,16.0,,,,,,,,
FACTORY_S3b,Y_fl16_16_Q_add__lx4.5,S3b,Y_fl16_16_Q_add,Y_fl16_16_Q_add,"{""add_trigger"": ""armed"", ""core_cap"": 16, ""rec_activation"": ""always"", ""rec_anchor"": ""low60"", ""rec_cap"": 16, ""rec_spacing"": ""float"", ""rec_step"": 5.0, ""rec_tp"": 3.0, ""recovery"": {""h"": 16, ""layer_x"": 4.5, ""rec_step"": 10.0, ""rec_tp"": 2.0}, ""reversal"": ""ll_fail""}",{},300253.36000005045,986.25,301239.61000005045,7,-122341.75999999464,2022-10-13,-127555.0,107668.63000000008,708.1444444444444,53.7124792793865,7165,4.04117315284828,19699.139999999647,883.95,12.58848736835322,23.0,27,0.2682218193942077,0.020532554823056,0.0,0.0,24.867361111111112,0.0,592240.0,282055.93998041586,77668.63000000009,2.4622795192750506,1.0680137068588826,5.1819444444444445,5.764583333333333,0.9655950366610264,1.0558375634517767,119670.3300000081,-69572.38999999987,-79131.26999999321,-122341.75999999464,260793.0000000355,-100882.48999999894,-79131.26999999321,7,8,-69572.38999999987,0.0,0.0,434,361,0.0,-122341.75999999464,0.0,0.0,1455,1443,24.867361111111112,-100882.48999999894,0.0,0.0,526,452,0.0,54.63081216812134,2.9853355893965032,84304.18000000002,0.0,0.0,0.0017006564477853,4.820833333333334,11.7782338388607,16.0,,,,,,,,
FACTORY_S3b,Y_fl16_16_Q_add__lx6.0,S3b,Y_fl16_16_Q_add,Y_fl16_16_Q_add,"{""add_trigger"": ""armed"", ""core_cap"": 16, ""rec_activation"": ""always"", ""rec_anchor"": ""low60"", ""rec_cap"": 16, ""rec_spacing"": ""float"", ""rec_step"": 5.0, ""rec_tp"": 3.0, ""recovery"": {""h"": 16, ""layer_x"": 6.0, ""rec_step"": 10.0, ""rec_tp"": 2.0}, ""reversal"": ""ll_fail""}",{},308112.3500000507,986.25,309098.6000000507,7,-122334.25999999464,2022-10-13,-127555.0,102844.26000000013,708.1444444444444,52.60611207417725,7186,4.053017484489565,19747.64999999968,891.4200000000001,12.636580643895988,23.0,27,0.2720447942261733,0.020532554823056,0.0,0.0,24.867361111111112,0.0,592240.0,282985.3945848661,70344.26000000013,2.526672413762622,1.0922775730298453,5.1819444444444445,5.764583333333333,0.9650310208685844,1.0671178793006204,123598.0300000083,-74586.7599999999,-79123.76999999327,-122334.25999999464,264716.7900000356,-100874.98999999894,-79123.76999999327,7,8,-74586.7599999999,0.0,0.0,436,361,0.0,-122334.25999999464,0.0,0.0,1455,1443,24.867361111111112,-100874.98999999894,0.0,0.0,526,452,0.0,54.3826949596405,2.985899605188945,84332.94000000002,0.0,0.0,0.0017006564477853,4.820833333333334,11.778275864967318,16.0,,,,,,,,
FACTORY_S3b,Y_fl16_16_Q_add__core13,S3b,Y_fl16_16_Q_add,Y_fl16_16_Q_add,"{""add_trigger"": ""armed"", ""core_cap"": 13, ""rec_activation"": ""always"", ""rec_anchor"": ""low60"", ""rec_cap"": 19, ""rec_spacing"": ""float"", ""rec_step"": 5.0, ""rec_tp"": 3.0, ""recovery"": {""h"": 13, ""layer_x"": 5.0, ""rec_step"": 10.0, ""rec_tp"": 2.0}, ""reversal"": ""ll_fail""}",{},282466.89000004914,986.25,283453.14000004914,7,-116374.28999999462,2022-10-13,-121636.25,104768.33999999995,707.9680555555556,42.6075416225488,7031,3.965595036661026,19295.609999999437,851.58,11.883604495112364,22.0,27,0.2125204176834649,0.0056567139507061,0.0,0.0,6.913888888888889,0.0,535795.0,265747.00311308383,74768.33999999997,2.4357024219014547,1.06662779515685,5.1819444444444445,5.764583333333333,0.9655950366610264,0.9847715736040608,119331.33000000782,-69566.1699999999,-74978.80999999325,-116374.28999999462,239173.6900000345,-94021.24999999897,-74978.80999999325,7,8,-69566.1699999999,0.0,0.0,420,355,0.0,-116374.28999999462,0.0,0.0,1465,1454,6.913888888888889,-94021.24999999897,0.0,0.0,513,452,0.0,50.360111474990845,2.9808234630569657,83804.10000000002,0.0,0.0,0.0,0.0,14.777517994177984,17.0,,,,,,,,
FACTORY_S3b,Y_fl16_16_Q_add__core18,S3b,Y_fl16_16_Q_add,Y_fl16_16_Q_add,"{""add_trigger"": ""armed"", ""core_cap"": 18, ""rec_activation"": ""always"", ""rec_anchor"": ""low60"", ""rec_cap"": 14, ""rec_spacing"": ""float"", ""rec_step"": 5.0, ""rec_tp"": 3.0, ""recovery"": {""h"": 18, ""layer_x"": 5.0, ""rec_step"": 10.0, ""rec_tp"": 2.0}, ""reversal"": ""ll_fail""}",{},321047.4400000512,986.25,322033.6900000512,7,-122343.10999999467,2022-10-13,-127555.0,81548.10000000012,708.7180555555556,43.60551922916592,7193,4.056965595036661,19803.80999999969,896.4000000000001,12.854092362175384,23.0,25,0.3295421115597008,0.020532554823056,0.0,0.0,24.867361111111112,0.0,663187.5,286136.62553128,39048.10000000012,2.632217621409699,1.1254542804582246,24.867361111111112,25.010416666666668,0.954878736604625,1.1269035532994924,119957.91000000852,-95936.7599999999,-79081.38999999332,-122343.10999999467,281249.6200000359,-100854.98999999894,-79081.38999999332,7,8,-95936.7599999999,0.0,0.0,430,357,0.0,-122343.10999999467,0.0,0.0,1350,1336,24.867361111111112,-100854.98999999894,0.0,0.0,527,451,0.0,51.75938105583191,2.9300620417371688,84221.95000000001,0.0,0.0,0.020532554823056,24.867361111111112,9.767926235777663,14.0,,,,,,,,
FACTORY_S3b,Y_fl16_16_Q_add__core14,S3b,Y_fl16_16_Q_add,Y_fl16_16_Q_add,"{""add_trigger"": ""armed"", ""core_cap"": 14, ""rec_activation"": ""always"", ""rec_anchor"": ""low60"", ""rec_cap"": 18, ""rec_spacing"": ""float"", ""rec_step"": 5.0, ""rec_tp"": 3.0, ""recovery"": {""h"": 14, ""layer_x"": 5.0, ""rec_step"": 10.0, ""rec_tp"": 2.0}, ""reversal"": ""ll_fail""}",{},282649.1600000493,986.25,283635.4100000493,7,-122359.2599999946,2022-10-13,-127555.0,100482.82,708.1444444444444,95.44734326230268,6998,3.946982515510434,19247.089999999374,876.48,12.53050254818293,23.0,28,0.2532142967211231,0.020532554823056,0.0,0.0,24.867361111111112,0.0,556402.5,280608.91266905004,67982.82,2.31805430990725,1.0107854640189875,5.1819444444444445,5.764583333333333,0.9661590524534688,0.9639029892837,116502.22000000796,-74935.53999999989,-79080.01999999321,-122359.2599999946,246305.6600000345,-100934.98999999894,-79080.01999999321,7,8,-74935.53999999989,0.0,0.0,430,360,0.0,-122359.2599999946,0.0,0.0,1465,1454,24.867361111111112,-100934.98999999894,0.0,0.0,514,453,0.0,52.81830883026123,2.9830795262267342,83467.89000000001,0.0,0.0,0.0,0.0,13.78811978000734,17.0,,,,,,,,
FACTORY_S3b,Y_fl16_16_Q_add__core19,S3b,Y_fl16_16_Q_add,Y_fl16_16_Q_add,"{""add_trigger"": ""armed"", ""core_cap"": 19, ""rec_activation"": ""always"", ""rec_anchor"": ""low60"", ""rec_cap"": 13, ""rec_spacing"": ""float"", ""rec_step"": 5.0, ""rec_tp"": 3.0, ""recovery"": {""h"": 19, ""layer_x"": 5.0, ""rec_step"": 10.0, ""rec_tp"": 2.0}, ""reversal"": ""ll_fail""}",{},333282.9800000512,986.25,334269.2300000512,7,-139158.68999999895,2025-04-06,-135622.5,76326.27000000008,713.7534722222222,30.09078066655641,7107,4.008460236886632,19637.019999999557,933.75,13.26755500516921,23.0,24,0.388267992076678,0.0,0.0,0.0,0.0,0.0,711350.0,296947.94898591004,31326.27000000008,2.402072267280281,1.1256829055112014,42.975,45.800694444444446,0.934010152284264,1.1641285956006768,128920.6900000096,-101057.37999999987,-79541.93999999389,-122532.10999999498,284982.93000003544,-139158.68999999895,-79541.93999999389,7,8,-101057.37999999987,0.0,0.0,431,356,0.0,-122532.10999999498,0.0,0.0,1198,1182,0.0,-139158.68999999895,0.0,0.0,552,453,0.0,52.87017822265625,2.844331641285956,82696.68000000002,0.0,0.0,0.0481661207942373,42.975,8.788485407134912,13.0,,,,,,,,
FACTORY_S3b,Y_fl16_16_Q_add__rtp1.5,S3b,Y_fl16_16_Q_add,Y_fl16_16_Q_add,"{""add_trigger"": ""armed"", ""core_cap"": 16, ""rec_activation"": ""always"", ""rec_anchor"": ""low60"", ""rec_cap"": 16, ""rec_spacing"": ""float"", ""rec_step"": 5.0, ""rec_tp"": 3.0, ""recovery"": {""h"": 16, ""layer_x"": 5.0, ""rec_step"": 10.0, ""rec_tp"": 1.5}, ""reversal"": ""ll_fail""}",{},297641.01000005164,986.25,298627.26000005164,7,-118424.72999999444,2022-10-13,-122332.5,102370.58000000007,714.8784722222222,50.8743360850613,7311,4.123519458544839,20036.48999999988,869.0100000000001,12.332210769329908,22.0,27,0.246176324732924,0.004142373242258,0.0,0.0,6.913888888888889,0.0,592240.0,276553.6388654632,69870.58000000007,2.5216630006255083,1.0798167806619487,5.182638888888889,5.764583333333333,0.9667230682459108,1.0671178793006204,120948.26000000827,-74715.49999999985,-77499.229999993,-118424.72999999444,255270.68000003631,-98103.10999999894,-77499.229999993,7,8,-74715.49999999985,0.0,0.0,445,372,0.0,-118424.72999999444,0.0,0.0,1522,1510,6.913888888888889,-98103.10999999894,0.0,0.0,533,459,0.0,53.92638659477234,3.056401579244219,76495.44,0.0,0.0,5.183219816149792e-05,0.0243055555555555,12.069169368011408,16.0,,,,,,,,
FACTORY_S3b,Y_fl16_16_Q_add__rtp2.5,S3b,Y_fl16_16_Q_add,Y_fl16_16_Q_add,"{""add_trigger"": ""armed"", ""core_cap"": 16, ""rec_activation"": ""always"", ""rec_anchor"": ""low60"", ""rec_cap"": 16, ""rec_spacing"": ""float"", ""rec_step"": 5.0, ""rec_tp"": 3.0, ""recovery"": {""h"": 16, ""layer_x"": 5.0, ""rec_step"": 10.0, ""rec_tp"": 2.5}, ""reversal"": ""ll_fail""}",{},312086.0300000495,986.25,313072.2800000495,7,-129194.43999999482,2022-10-13,-135538.75,103166.73000000016,707.9527777777778,53.29398044886413,7048,3.975183305132544,19448.96999999946,906.36,12.939997926712074,25.0,27,0.2961201498370788,0.0685767999081029,0.0,0.0,58.80625,0.0,605245.0,289191.46723994944,70666.73000000016,2.4232643448128424,1.0825778609169183,12.159027777777778,12.927083333333334,0.9650310208685844,1.0671178793006204,124097.8000000082,-74521.75999999986,-81694.6399999935,-129194.43999999482,270761.5700000348,-100607.51999999896,-81694.6399999935,7,8,-74521.75999999986,0.0,0.0,428,355,0.0,-129194.43999999482,0.0,0.0,1360,1348,58.80625,-100607.51999999896,0.0,0.0,517,443,0.0,53.69402933120728,2.908065425831923,90977.81,0.0,0.0,0.0080648098598849,12.159027777777778,11.461382210629242,16.0,,,,,,,,
FACTORY_S3b,Y_fl16_16_Q_add__rstep8,S3b,Y_fl16_16_Q_add,Y_fl16_16_Q_add,"{""add_trigger"": ""armed"", ""core_cap"": 16, ""rec_activation"": ""always"", ""rec_anchor"": ""low60"", ""rec_cap"": 16, ""rec_spacing"": ""float"", ""rec_step"": 5.0, ""rec_tp"": 3.0, ""recovery"": {""h"": 16, ""layer_x"": 5.0, ""rec_step"": 8.0, ""rec_tp"": 2.0}, ""reversal"": ""ll_fail""}",{},305946.24000005063,986.25,306932.49000005063,7,-127281.03999999457,2022-10-13,-132552.5,102725.56000000011,708.2236111111112,52.26692596732343,7197,4.05922165820643,19805.009999999696,898.8900000000001,12.82047007601122,24.0,27,0.2689558753897921,0.0486886453865141,0.0,0.0,45.79375,0.0,592240.0,286606.9238343359,70225.56000000011,2.411454918973507,1.070917917452208,24.867361111111112,25.010416666666668,0.9554427523970672,1.0671178793006204,122684.46000000834,-74612.99999999988,-82381.74999999313,-127281.03999999457,266722.2300000354,-100827.42999999889,-82381.74999999313,7,8,-74612.99999999988,0.0,0.0,442,369,0.0,-127281.03999999457,0.0,0.0,1411,1399,45.79375,-100827.42999999889,0.0,0.0,541,467,0.0,52.829922914505005,2.9921037789058094,84830.55000000002,0.0,0.0,0.0150313374668343,24.867361111111112,11.580910061330098,16.0,,,,,,,,
FACTORY_S3b,Y_fl16_16_Q_add__rstep12,S3b,Y_fl16_16_Q_add,Y_fl16_16_Q_add,"{""add_trigger"": ""armed"", ""core_cap"": 16, ""rec_activation"": ""always"", ""rec_anchor"": ""low60"", ""rec_cap"": 16, ""rec_spacing"": ""float"", ""rec_step"": 5.0, ""rec_tp"": 3.0, ""recovery"": {""h"": 16, ""layer_x"": 5.0, ""rec_step"": 12.0, ""rec_tp"": 2.0}, ""reversal"": ""ll_fail""}",{},304413.89000005,986.25,305400.14000005,7,-122429.38999999478,2022-10-13,-127531.25,102620.44000000008,708.7034722222222,52.00924426890413,7091,3.9994359842075577,19516.109999999528,888.9300000000001,12.61368061840015,23.0,27,0.2667298926092888,0.0191330854726956,0.0,0.0,24.867361111111112,0.0,592240.0,282387.5752529972,70120.44000000009,2.494500217636165,1.081492837375849,5.1819444444444445,5.764583333333333,0.9655950366610264,1.0671178793006204,122021.48000000812,-74621.75999999986,-79227.65999999334,-122429.38999999478,262698.7700000351,-100879.98999999894,-79227.65999999334,7,8,-74621.75999999986,0.0,0.0,429,356,0.0,-122429.38999999478,0.0,0.0,1408,1396,24.867361111111112,-100879.98999999894,0.0,0.0,517,443,0.0,52.736374378204346,2.9323181049069373,83288.24,0.0,0.0,0.0016278111963151,4.820833333333334,11.787699518941166,16.0,,,,,,,,
FACTORY_S3b,Y_fl12_20_Q__step4.0,S3b,Y_fl12_20_Q,Y_fl12_20_Q,"{""core_cap"": 12, ""rec_activation"": ""always"", ""rec_anchor"": ""low60"", ""rec_cap"": 20, ""rec_spacing"": ""float"", ""rec_step"": 4.0, ""rec_tp"": 3.0, ""recovery"": {""h"": 12, ""layer_x"": 5.0, ""rec_step"": 10.0, ""rec_tp"": 2.0}}",{},255423.40000004653,560.0,255983.40000004653,4,-116428.0599999947,2022-10-13,-121560.0,102749.64,708.0944444444444,138.52771054594632,6876,3.878172588832488,18855.34999999918,839.13,11.827799429005298,22.0,27,0.2203821013613656,0.0056567139507061,0.0,0.0,6.913888888888889,0.0,535795.0,265374.8946580616,72749.64000000001,2.198640087278429,0.964610462982506,5.1819444444444445,5.764583333333333,0.9661590524534688,0.8550479413423576,111421.88000000664,-69743.06999999989,-75346.33999999327,-116428.0599999947,219931.56000003312,-100628.10999999894,-75346.33999999327,7,8,-69743.06999999989,0.0,0.0,413,353,0.0,-116428.0599999947,0.0,0.0,1461,1453,6.913888888888889,-100628.10999999894,0.0,0.0,513,454,0.0,51.458155155181885,3.0231246474901297,84834.85,0.0,0.0,0.0,0.0,15.7543153807145,17.0,,,,,,,,
FACTORY_S3b,Y_fl12_20_Q__step6.0,S3b,Y_fl12_20_Q,Y_fl12_20_Q,"{""core_cap"": 12, ""rec_activation"": ""always"", ""rec_anchor"": ""low60"", ""rec_cap"": 20, ""rec_spacing"": ""float"", ""rec_step"": 6.0, ""rec_tp"": 3.0, ""recovery"": {""h"": 12, ""layer_x"": 5.0, ""rec_step"": 10.0, ""rec_tp"": 2.0}}",{},255137.7500000456,560.0,255697.7500000456,4,-116428.0599999947,2022-10-13,-121560.0,102857.99000000003,708.0944444444444,132.04626875604723,6685,3.770445572476029,18357.24999999888,841.62,11.817910686118216,22.0,27,0.2203821013613656,0.0056567139507061,0.0,0.0,6.913888888888889,0.0,535795.0,265178.4468306712,72857.99000000005,2.196186640918497,0.9642478604730668,5.1819444444444445,5.764583333333333,0.9655950366610264,0.8640721940214326,111930.05000000632,-69756.8299999999,-75376.33999999327,-116428.0599999947,219205.87000003248,-100628.10999999894,-75376.33999999327,7,8,-69756.8299999999,0.0,0.0,405,345,0.0,-116428.0599999947,0.0,0.0,1461,1453,6.913888888888889,-100628.10999999894,0.0,0.0,505,445,0.0,51.44637060165405,2.906373378454597,81224.03000000001,0.0,0.0,0.0,0.0,15.881637673322668,17.0,,,,,,,,
FACTORY_S3b,Y_fl16_16_Q_add__grid5.5,S3b,Y_fl16_16_Q_add,Y_fl16_16_Q_add,"{""add_trigger"": ""armed"", ""core_cap"": 16, ""grid"": 5.5, ""rec_activation"": ""always"", ""rec_anchor"": ""low60"", ""rec_cap"": 16, ""rec_spacing"": ""float"", ""rec_step"": 5.0, ""rec_tp"": 3.0, ""recovery"": {""h"": 16, ""layer_x"": 5.0, ""rec_step"": 10.0, ""rec_tp"": 2.0}, ""reversal"": ""ll_fail""}",{},288310.4500000491,676.25,288986.7000000491,5,-115923.6499999946,2022-10-13,-121201.25,101739.15000000004,707.9666666666667,54.16503497789177,7010,3.9537507050197407,19224.549999999395,859.0500000000001,12.30405607963667,22.0,26,0.2415996817222858,0.0056567139507061,0.0,0.0,6.913888888888889,0.0,589000.0,276171.1387201229,69239.15000000005,2.492905459757888,1.0464044191558832,5.1819444444444445,5.764583333333333,0.9655950366610264,0.9717992103778906,117523.10000000783,-74621.75999999986,-74532.54999999324,-115923.6499999946,246079.85000003444,-100879.98999999894,-74532.54999999324,7,8,-74621.75999999986,0.0,0.0,431,359,0.0,-115923.6499999946,0.0,0.0,1456,1443,6.913888888888889,-100879.98999999894,0.0,0.0,528,452,0.0,51.63460421562195,2.98195149464185,84030.37000000002,0.0,0.0,0.0017006564477853,4.820833333333334,11.77417831957212,16.0,,,,,,,,
FACTORY_S3b,Y_fl16_16_Q_add__grid4.5,S3b,Y_fl16_16_Q_add,Y_fl16_16_Q_add,"{""add_trigger"": ""armed"", ""core_cap"": 16, ""grid"": 4.5, ""rec_activation"": ""always"", ""rec_anchor"": ""low60"", ""rec_cap"": 16, ""rec_spacing"": ""float"", ""rec_step"": 5.0, ""rec_tp"": 3.0, ""recovery"": {""h"": 16, ""layer_x"": 5.0, ""rec_step"": 10.0, ""rec_tp"": 2.0}, ""reversal"": ""ll_fail""}",{},278556.9000000488,986.25,279543.1500000488,7,-128895.48999999464,2022-10-13,-133986.25,104767.36999999997,712.8104166666667,71.45526159896143,7000,3.948110547095319,19260.59999999938,931.26,13.1242137615887,24.0,28,0.3112663586620008,0.0481661207942373,0.0,0.0,42.975,0.0,613848.75,295092.38217455684,74767.36999999997,2.168758193169213,0.9473072396517842,5.1819444444444445,5.764583333333333,0.9661590524534688,0.9751833051325436,120138.64000000805,-70548.6799999999,-84124.98999999318,-128895.48999999464,243613.2000000339,-93937.48999999894,-84124.98999999318,7,8,-70548.6799999999,0.0,0.0,419,350,0.0,-128895.48999999464,0.0,0.0,1453,1442,42.975,-93937.48999999894,0.0,0.0,520,451,0.0,54.30892491340637,2.972927241962775,82827.71000000002,0.0,0.0,0.0017006564477853,4.820833333333334,11.78778217028418,16.0,,,,,,,,
FACTORY_S3b,Y_fl12_20_Q__core10,S3b,Y_fl12_20_Q,Y_fl12_20_Q,"{""core_cap"": 10, ""rec_activation"": ""always"", ""rec_anchor"": ""low60"", ""rec_cap"": 22, ""rec_spacing"": ""float"", ""rec_step"": 5.0, ""rec_tp"": 3.0, ""recovery"": {""h"": 10, ""layer_x"": 5.0, ""rec_step"": 10.0, ""rec_tp"": 2.0}}",{},217664.58000004292,576.25,218240.8300000429,6,-103718.11999999464,2022-10-13,-108918.75,112465.45999999996,707.9270833333334,226.50076915929333,6529,3.682459108855048,17790.419999998765,749.49,10.46180667430608,20.0,25,0.153599816205827,8.405221323486149e-05,0.0,0.0,0.0243055555555555,0.0,494580.0,234572.2833571715,87465.45999999996,2.104172636373029,0.9303777363489212,5.1819444444444445,5.764583333333333,0.9655950366610264,0.739424703891709,94846.21000000456,-58144.2999999999,-66094.54999999324,-103718.11999999464,189507.25000003155,-87117.50999999896,-66094.54999999324,7,8,-58144.2999999999,0.0,0.0,400,344,0.0,-103718.11999999464,0.0,0.0,1461,1453,0.0243055555555555,-87117.50999999896,0.0,0.0,504,449,0.0,48.63467788696289,2.943034404963339,81042.18000000001,0.0,0.0,0.0,0.0,17.823767724510464,17.0,,,,,,,,
FACTORY_S3b,Y_fl12_20_Q__tp2.5,S3b,Y_fl12_20_Q,Y_fl12_20_Q,"{""core_cap"": 12, ""rec_activation"": ""always"", ""rec_anchor"": ""low60"", ""rec_cap"": 20, ""rec_spacing"": ""float"", ""rec_step"": 5.0, ""rec_tp"": 2.5, ""recovery"": {""h"": 12, ""layer_x"": 5.0, ""rec_step"": 10.0, ""rec_tp"": 2.0}}",{},253771.2700000463,560.0,254331.2700000463,4,-116440.55999999469,2022-10-13,-121560.0,102723.34999999998,708.0965277777777,133.19823665025854,6919,3.9024252679075015,18911.22999999925,824.1899999999999,11.606454929802393,22.0,27,0.2116378694444989,0.0056567139507061,0.0,0.0,6.913888888888889,0.0,535795.0,259392.32103707825,72723.34999999998,2.184215448637983,0.9804888170289802,5.1819444444444445,5.764583333333333,0.9655950366610264,0.8888888888888888,105295.80000000556,-69088.06999999986,-75403.83999999324,-116440.55999999469,224497.38000003397,-81633.3699999986,-75403.83999999324,7,8,-69088.06999999986,0.0,0.0,408,354,0.0,-116440.55999999469,0.0,0.0,1461,1453,6.913888888888889,-81633.3699999986,0.0,0.0,565,465,0.0,48.84253239631653,3.0135363790186127,77188.43,0.0,0.0,0.0,0.0,16.042160590158606,17.0,,,,,,,,
FACTORY_S3b,Y_fl12_20_Q__tp3.5,S3b,Y_fl12_20_Q,Y_fl12_20_Q,"{""core_cap"": 12, ""rec_activation"": ""always"", ""rec_anchor"": ""low60"", ""rec_cap"": 20, ""rec_spacing"": ""float"", ""rec_step"": 5.0, ""rec_tp"": 3.5, ""recovery"": {""h"": 12, ""layer_x"": 5.0, ""rec_step"": 10.0, ""rec_tp"": 2.0}}",{},256292.98000004573,613.75,256906.73000004573,5,-116500.56999999464,2022-10-13,-121628.75,103847.97000000004,708.1055555555556,219.42686759883784,6649,3.7501410039481113,18294.519999998814,831.66,11.765966418339072,22.0,27,0.2122682610437603,0.0056567139507061,0.0,0.0,6.913888888888889,0.0,535795.0,262859.745722793,73847.97000000003,2.2051971934562853,0.9773528818329408,5.1819444444444445,5.764583333333333,0.964467005076142,0.8341793570219966,109757.83000000648,-69728.06999999986,-75403.84999999328,-116500.56999999464,222582.7100000325,-92993.08999999892,-75403.84999999328,7,8,-69728.06999999986,0.0,0.0,404,344,0.0,-116500.56999999464,0.0,0.0,1460,1452,6.913888888888889,-92993.08999999892,0.0,0.0,506,443,0.0,48.839794397354126,2.915961646926114,89525.44999999998,0.0,0.0,0.0,0.0,15.376282146469388,18.0,,,,,,,,
FACTORY_S3b,Y_fl12_20_Q__core14,S3b,Y_fl12_20_Q,Y_fl12_20_Q,"{""core_cap"": 14, ""rec_activation"": ""always"", ""rec_anchor"": ""low60"", ""rec_cap"": 18, ""rec_spacing"": ""float"", ""rec_step"": 5.0, ""rec_tp"": 3.0, ""recovery"": {""h"": 14, ""layer_x"": 5.0, ""rec_step"": 10.0, ""rec_tp"": 2.0}}",{},275272.57000004814,560.0,275832.57000004814,4,-116390.53999999468,2022-10-13,-121560.0,103877.10000000006,707.9680555555556,98.38103701822877,6909,3.89678510998308,18941.17999999924,861.5399999999998,12.089072932105424,22.0,27,0.2180132298183631,0.0056567139507061,0.0,0.0,6.913888888888889,0.0,550880.0,271165.5365543076,73877.10000000006,2.3698882228749927,1.0172110125241005,5.1819444444444445,5.764583333333333,0.9667230682459108,0.9182177100958828,113049.29000000726,-70599.39999999988,-75338.81999999325,-116390.53999999468,238183.9300000341,-93962.48999999894,-75338.81999999325,7,8,-70599.39999999988,0.0,0.0,409,352,0.0,-116390.53999999468,0.0,0.0,1463,1454,6.913888888888889,-93962.48999999894,0.0,0.0,508,452,0.0,51.454622983932495,2.9785673998871967,83489.06000000001,0.0,0.0,0.0,0.0,13.780300122436056,17.0,,,,,,,,
