dt,equity,qty,realized,unrealized
2019-05-05,150000.0,0,0.0,0.0
2019-05-06,149900.03,4,121.27999999999997,-221.25
2019-05-07,149343.89,16,247.63999999999987,-903.75
2019-05-08,148280.79,12,299.53999999999985,-2018.75
2019-05-09,147774.6,16,412.0999999999998,-2637.5
2019-05-10,149911.53,14,480.27999999999975,-568.75
2019-05-12,148111.53,12,480.27999999999975,-2368.75
2019-05-13,146055.95,16,559.6999999999997,-4503.75
2019-05-14,147425.36,13,635.3599999999997,-3210.0
2019-05-15,147529.13,12,662.8799999999997,-3133.75
2019-05-16,148820.41,13,712.9099999999996,-1892.5
2019-05-17,148420.44,13,754.1899999999996,-2333.75
2019-05-19,148975.44,12,754.1899999999996,-1778.75
2019-05-20,148191.72,13,795.4699999999996,-2603.75
2019-05-21,148841.11,13,808.6099999999996,-1967.5
2019-05-22,147499.25,14,821.7499999999995,-3322.5
2019-05-23,146246.14,15,834.8899999999995,-4588.75
2019-05-24,146482.4,16,941.1499999999995,-4458.75
2019-05-26,146388.65,15,941.1499999999995,-4552.5
2019-05-27,147007.4,15,941.1499999999995,-3933.75
2019-05-28,144036.2,16,1004.9499999999995,-6968.75
2019-05-29,143264.99,16,1039.9899999999998,-7775.0
2019-05-30,142281.88,17,1048.13,-8766.25
2019-05-31,140582.53,17,1065.0300000000007,-10482.5
2019-06-02,139392.53,17,1065.0300000000007,-11672.5
2019-06-03,140740.72,18,1126.970000000002,-10386.25
2019-06-04,145405.1,16,1136.3500000000022,-5731.25
2019-06-05,146453.24,15,1174.4900000000025,-4721.25
2019-06-06,147982.62,14,1191.3700000000026,-3208.75
2019-06-07,149655.78,13,1247.0300000000034,-1591.25
2019-06-09,149985.78,12,1247.0300000000034,-1261.25
2019-06-10,150673.93,12,1401.430000000004,-727.5
2019-06-11,150420.2,11,1516.4500000000044,-1096.25
2019-06-12,150027.1,10,1543.350000000005,-1516.25
2019-06-13,151007.74,10,1608.9900000000052,-601.25
2019-06-14,150824.02000000002,10,1650.270000000006,-826.25
2019-06-16,151082.86000000002,9,1627.8600000000058,-545.0
2019-06-17,150806.63,10,1655.3800000000062,-848.75
2019-06-18,152256.01,10,1654.7600000000064,601.25
2019-06-19,153025.39,10,1669.1400000000065,1356.25
2019-06-20,153797.35,9,3727.350000000008,70.0
2019-06-21,153661.75,7,3754.2500000000086,-92.5
2019-06-23,154099.25,7,3754.2500000000086,345.0
2019-06-24,153543.63,8,3753.6300000000087,-210.0
2019-06-25,152528.07,13,3805.57000000001,-1277.5
2019-06-26,152888.1,15,3859.350000000011,-971.25
2019-06-27,153258.75,15,3921.2500000000114,-662.5
2019-06-28,154653.15000000002,14,4004.400000000012,648.75
2019-06-30,155519.40000000002,11,4004.400000000012,1515.0
2019-07-01,156097.62000000002,11,6045.1200000000135,52.5
2019-07-02,156323.92,8,6113.920000000015,210.0
2019-07-03,156885.83000000002,6,6859.580000000015,26.25
2019-07-04,156904.58000000002,1,6859.580000000015,45.0
2019-07-05,157089.00000000003,7,6899.000000000016,190.0
2019-07-07,156949.00000000003,4,6899.000000000016,50.0
2019-07-08,156606.52000000002,5,6926.520000000017,-320.0
2019-07-09,157003.41,6,6939.660000000017,63.75
2019-07-10,157789.73,5,7587.230000000019,202.5
2019-07-11,157926.63,5,7644.130000000019,282.5
2019-07-12,158000.39,5,7657.890000000019,342.5
2019-07-14,158075.39,4,7657.890000000019,417.5
2019-07-15,158151.67,5,7699.17000000002,452.5
2019-07-16,157935.46000000002,6,7739.210000000021,196.25
2019-07-17,156771.10000000003,9,7737.350000000021,-966.25
2019-07-18,158202.38000000003,12,7778.630000000022,423.75
2019-07-19,156438.05000000002,12,7836.800000000023,-1398.75
2019-07-21,156768.05000000002,12,7836.800000000023,-1068.75
2019-07-22,157658.07000000004,12,7884.320000000023,-226.25
2019-07-23,158405.59000000003,10,7941.840000000024,463.75
2019-07-24,158758.77000000002,8,8730.02000000002,28.75
2019-07-25,158866.95,6,8783.200000000012,83.75
2019-07-26,159000.71000000002,4,8796.96000000001,203.75
2019-07-28,158965.71000000002,4,8796.96000000001,168.75
2019-07-29,159075.1,6,8810.100000000008,265.0
2019-07-30,158970.75,6,8837.000000000004,133.75
2019-07-31,157983.97,12,8947.719999999988,-963.75
2019-08-01,155685.94999999998,16,9064.699999999972,-3378.75
2019-08-02,154985.98999999996,15,9099.739999999965,-4113.75
2019-08-04,152483.48999999996,14,9099.739999999965,-6616.25
2019-08-05,148186.65999999995,16,9134.159999999958,-10947.5
2019-08-06,149799.15999999995,15,9134.159999999958,-9335.0
2019-08-07,152203.56999999995,16,9169.819999999952,-6966.25
2019-08-08,154583.58999999994,15,9187.33999999995,-4603.75
2019-08-09,154362.99999999994,17,9212.999999999944,-4850.0
2019-08-11,154456.74999999994,15,9212.999999999944,-4756.25
2019-08-12,151464.27999999994,16,9239.279999999939,-7775.0
2019-08-13,154627.42999999993,16,9266.179999999935,-4638.75
2019-08-14,149010.57999999993,16,9283.07999999993,-10272.5
2019-08-15,150453.09999999992,16,9300.599999999928,-8847.5
2019-08-16,152194.98999999993,15,9318.739999999925,-7123.75
2019-08-18,153192.48999999993,14,9318.739999999925,-6126.25
2019-08-19,154689.38999999993,15,9335.639999999921,-4646.25
2019-08-20,153210.04999999993,16,9361.299999999916,-6151.25
2019-08-21,154841.3299999999,16,9515.07999999991,-4673.75
2019-08-22,155294.4899999999,16,9540.739999999905,-4246.25
2019-08-23,149454.5499999999,16,9593.299999999896,-10138.75
2019-08-25,148629.5499999999,15,9593.299999999896,-10963.75
2019-08-26,151779.5499999999,15,9593.299999999896,-7813.75
2019-08-27,151298.33999999988,16,9628.33999999989,-8330.0
2019-08-28,151644.5999999999,16,9637.099999999888,-7992.5
2019-08-29,155588.99999999988,15,9790.249999999884,-4201.25
2019-08-30,154950.27999999988,15,9816.529999999879,-4866.25
2019-09-01,154110.27999999988,14,9816.529999999879,-5706.25
2019-09-02,153847.77999999988,14,9816.529999999879,-5968.75
2019-09-03,154329.05999999988,15,9842.809999999874,-5513.75
2019-09-04,158030.31999999986,15,9851.569999999872,-1821.25
2019-09-05,158720.96999999986,14,9940.969999999868,-1220.0
2019-09-06,158979.74999999985,12,9983.499999999864,-1003.75
2019-09-08,159130.99999999985,11,9983.499999999864,-852.5
2019-09-09,158692.27999999985,13,10042.279999999859,-1350.0
2019-09-10,158871.06999999986,13,10097.319999999852,-1226.25
2019-09-11,160745.45999999985,11,10125.45999999985,620.0
2019-09-12,160882.39999999985,10,10929.89999999984,-47.5
2019-09-13,160618.66999999984,8,10957.419999999836,-338.75
2019-09-15,160014.98999999985,7,10939.989999999836,-925.0
2019-09-16,160320.03999999983,10,10993.789999999828,-673.75
2019-09-17,160525.0499999998,10,11007.549999999826,-482.5
2019-09-18,160583.86999999982,14,11073.869999999815,-490.0
2019-09-19,161449.5399999998,13,11143.289999999808,306.25
2019-09-20,160225.1899999998,13,11170.189999999804,-945.0
2019-09-22,161005.1899999998,13,11170.189999999804,-165.0
2019-09-23,161240.2099999998,13,11197.7099999998,42.5
2019-09-24,159619.63999999978,17,11313.389999999792,-1693.75
2019-09-25,160140.28999999978,15,11385.289999999788,-1245.0
2019-09-26,159850.99999999977,16,11514.749999999774,-1663.75
2019-09-27,159756.66999999978,15,11579.169999999767,-1822.5
2019-09-29,160394.16999999978,15,11579.169999999767,-1185.0
2019-09-30,161293.55999999976,15,11608.559999999765,-315.0
2019-10-01,158241.09999999974,16,11811.099999999758,-3570.0
2019-10-02,154170.49999999977,16,11827.999999999754,-7657.5
2019-10-03,155650.51999999976,16,11845.519999999751,-6195.0
2019-10-04,158689.28999999975,15,11880.539999999748,-3191.25
2019-10-06,157828.03999999975,13,11880.539999999748,-4052.5
2019-10-07,158527.45999999973,14,11914.95999999974,-3387.5
2019-10-08,155307.49999999974,16,11949.999999999734,-6642.5
2019-10-09,156161.87999999974,15,11949.379999999734,-5787.5
2019-10-10,158799.40999999974,15,12006.909999999729,-3207.5
2019-10-11,160076.95999999973,14,12110.70999999972,-2033.75
2019-10-13,160580.70999999973,13,12110.70999999972,-1530.0
2019-10-14,160228.84999999971,14,12123.849999999718,-1895.0
2019-10-15,161195.7499999997,14,12219.499999999714,-1023.75
2019-10-16,161333.2799999997,12,12260.77999999971,-927.5
2019-10-17,161592.0499999997,12,12288.299999999706,-696.25
2019-10-18,161347.6999999997,14,12315.199999999702,-967.5
2019-10-20,161722.6999999997,12,12315.199999999702,-592.5
2019-10-21,162615.2199999997,12,12368.9699999997,246.25
2019-10-22,161119.62999999968,13,12394.629999999694,-1275.0
2019-10-23,162321.5199999997,13,12422.769999999691,-101.25
2019-10-24,162343.42999999967,12,12495.929999999686,-152.5
2019-10-25,163144.68999999968,11,12509.689999999684,635.0
2019-10-27,163447.18999999968,11,12509.689999999684,937.5
2019-10-28,163872.87999999968,11,13865.379999999674,7.5
2019-10-29,163886.65999999968,3,13906.659999999669,-20.0
2019-10-30,164158.56999999966,5,13947.319999999663,211.25
2019-10-31,164227.35999999967,7,13987.359999999657,240.0
2019-11-01,164592.39999999964,5,14557.39999999965,35.0
2019-11-03,164627.39999999964,1,14557.39999999965,70.0
2019-11-04,164734.29999999964,4,14680.549999999646,53.75
2019-11-05,164543.05999999965,4,14694.309999999645,-151.25
2019-11-06,164659.33999999965,7,14720.58999999964,-61.25
2019-11-07,164864.35999999964,6,14795.609999999637,68.75
2019-11-08,165263.74999999962,7,14823.749999999634,440.0
2019-11-10,165032.49999999962,5,14823.749999999634,208.75
2019-11-11,165100.63999999964,6,14836.889999999632,263.75
2019-11-12,165173.2099999996,7,15489.45999999962,-316.25
2019-11-13,165534.49999999962,7,15544.499999999614,-10.0
2019-11-14,166027.0199999996,7,15572.019999999611,455.0
2019-11-15,166306.4499999996,6,16295.199999999602,11.25
2019-11-17,166295.1999999996,1,16295.199999999602,0.0
2019-11-18,166437.73999999958,3,16335.239999999596,102.5
2019-11-19,166340.26999999958,4,16389.019999999593,-48.75
2019-11-20,166135.9499999996,9,16427.199999999604,-291.25
2019-11-21,166450.33999999962,9,16440.339999999607,10.0
2019-11-22,166632.8599999996,9,16500.35999999961,132.5
2019-11-24,166842.8599999996,7,16500.35999999961,342.5
2019-11-25,167201.65999999963,7,17176.65999999962,25.0
2019-11-26,167271.66999999963,2,17190.419999999624,81.25
2019-11-27,167231.05999999962,2,17313.559999999627,-82.5
2019-11-28,167231.05999999962,2,17313.559999999627,-82.5
2019-11-29,167192.95999999964,6,17325.45999999963,-132.5
2019-12-01,167430.45999999964,5,17325.45999999963,105.0
2019-12-02,166566.77999999965,12,17376.779999999646,-810.0
2019-12-03,165378.70999999967,15,17429.959999999657,-2051.25
2019-12-04,166555.58999999965,15,17429.339999999658,-873.75
2019-12-05,167346.23999999967,15,17489.989999999663,-143.75
2019-12-06,168913.1999999997,14,18909.44999999968,3.75
2019-12-08,168838.1999999997,3,18909.44999999968,-71.25
2019-12-09,168765.0999999997,6,18921.349999999686,-156.25
2019-12-10,168762.62999999968,8,18962.62999999969,-200.0
2019-12-11,169158.2799999997,7,19004.529999999697,153.75
2019-12-12,169760.8299999997,5,19420.829999999707,340.0
2019-12-13,169823.38999999972,7,19805.88999999972,17.5
2019-12-15,170112.20999999973,7,19788.45999999972,323.75
2019-12-16,170632.8799999997,7,20657.879999999728,-25.0
2019-12-17,170571.63999999972,4,20656.63999999973,-85.0
2019-12-18,170633.51999999973,4,20676.01999999973,-42.5
2019-12-19,170815.40999999974,3,20704.159999999734,111.25
2019-12-20,170935.42999999973,2,20952.92999999974,-17.5
2019-12-22,170972.92999999973,2,20952.92999999974,20.0
2019-12-23,170980.43999999974,2,20969.18999999974,11.25
2019-12-24,170967.93999999974,2,20969.18999999974,-1.25
2019-12-25,170997.93999999974,2,20969.18999999974,28.75
2019-12-26,171127.33999999973,2,21011.089999999745,116.25
2019-12-27,171029.24999999977,5,21146.749999999753,-117.5
2019-12-29,171174.24999999977,4,21146.749999999753,27.5
2019-12-30,170868.65999999977,9,21157.40999999976,-288.75
2019-12-31,171321.81999999977,11,21213.069999999767,108.75
2020-01-01,171471.81999999977,8,21213.069999999767,258.75
2020-01-02,172031.25999999978,8,22130.00999999978,-98.75
2020-01-03,172075.03999999978,3,22156.289999999786,-81.25
2020-01-05,171962.53999999978,3,22156.289999999786,-193.75
2020-01-06,172428.79999999978,4,22170.04999999979,258.75
2020-01-07,171980.7199999998,4,22224.469999999797,-243.75
2020-01-08,172687.64999999982,4,22637.64999999981,50.0
2020-01-09,172929.5299999998,3,22692.02999999981,237.5
2020-01-10,172608.92999999982,5,22703.929999999815,-95.0
2020-01-12,172858.92999999982,5,22703.929999999815,155.0
2020-01-13,173057.71999999983,5,23031.469999999823,26.25
2020-01-14,173069.63999999984,3,23085.889999999832,-16.25
2020-01-15,173269.65999999983,3,23113.409999999836,156.25
2020-01-16,173429.05999999985,2,23376.55999999984,52.5
2020-01-17,173485.32999999984,2,23404.079999999845,81.25
2020-01-19,173499.07999999984,1,23404.079999999845,95.0
2020-01-20,173425.32999999984,1,23404.079999999845,21.25
2020-01-21,173598.45999999985,2,23403.459999999846,195.0
2020-01-22,173343.48999999985,4,23562.239999999852,-218.75
2020-01-23,173765.38999999987,6,23589.139999999858,176.25
2020-01-24,172668.56999999986,12,23643.56999999987,-975.0
2020-01-26,171206.06999999986,10,23643.56999999987,-2437.5
2020-01-27,170979.82999999987,12,23642.32999999987,-2662.5
2020-01-28,172833.58999999988,12,23677.339999999873,-843.75
2020-01-29,170869.8799999999,12,23773.62999999988,-2903.75
2020-01-30,173283.02999999988,14,23815.529999999886,-532.5
2020-01-31,169472.4899999999,16,23944.989999999903,-4472.5
2020-02-02,170567.4899999999,12,23944.989999999903,-3377.5
2020-02-03,171706.8899999999,13,23971.88999999991,-2265.0
2020-02-04,173630.66999999993,13,24425.669999999915,-795.0
2020-02-05,175830.12999999995,11,25638.879999999932,191.25
2020-02-06,175715.12999999995,2,25638.879999999932,76.25
2020-02-07,175551.42999999993,5,25692.679999999942,-141.25
2020-02-09,175611.42999999993,4,25692.679999999942,-81.25
2020-02-10,176358.33999999994,5,26313.33999999995,45.0
2020-02-11,176405.23999999996,3,26340.239999999954,65.0
2020-02-12,176485.89999999997,2,26540.89999999996,-55.0
2020-02-13,176820.30999999997,5,26566.55999999997,253.75
2020-02-14,176759.06999999998,5,26580.31999999997,178.75
2020-02-16,176894.06999999998,4,26580.31999999997,313.75
2020-02-17,176599.06999999998,4,26580.31999999997,18.75
2020-02-18,176889.08999999997,6,26592.839999999975,296.25
2020-02-19,177086.02,6,27174.769999999986,-88.75
2020-02-20,176410.45,9,27212.949999999997,-802.5
2020-02-21,175713.61000000002,12,27238.610000000004,-1525.0
2020-02-23,173334.86000000002,11,27238.610000000004,-3903.75
2020-02-24,171116.17,16,27371.170000000016,-6255.0
2020-02-25,165041.25000000003,16,27476.250000000033,-12435.0
2020-02-26,159322.52000000005,14,27493.770000000037,-18171.25
2020-02-27,158650.05000000005,14,27520.050000000043,-18870.0
2020-03-01,150151.30000000005,13,27520.050000000043,-27368.75
2020-03-03,157473.83000000005,14,27546.33000000005,-20072.5
2020-03-04,161195.08000000005,13,27546.33000000005,-16351.25
2020-03-05,154102.59000000005,14,27555.09000000005,-23452.5
2020-03-06,153113.88000000006,14,27590.13000000006,-24476.25
2020-03-08,143705.13000000006,13,27590.13000000006,-33885.0
2020-03-09,143723.92000000007,13,27625.170000000067,-33901.25
2020-03-10,143317.67000000007,13,27625.170000000067,-34307.5
2020-03-11,130798.95000000007,14,27651.450000000073,-46852.5
2020-03-12,116500.22000000009,13,27668.970000000078,-61168.75
2020-03-13,133775.24000000008,13,27686.49000000008,-43911.25
2020-03-15,127453.99000000008,13,27686.49000000008,-50232.5
2020-03-16,122824.14000000007,14,27671.640000000087,-54847.5
2020-03-17,117470.40000000008,14,27680.40000000009,-60210.0
2020-03-18,109907.93000000011,14,27706.680000000095,-67798.75
2020-03-19,115596.7000000001,13,27724.2000000001,-62127.5
2020-03-20,108743.01000000013,13,27776.76000000011,-69033.75
2020-03-22,104323.01000000013,13,27776.76000000011,-73453.75
2020-03-23,109466.7700000001,13,27785.520000000113,-68318.75
2020-03-24,117689.2700000001,13,27785.520000000113,-60096.25
2020-03-25,120912.43000000011,15,27811.18000000012,-56898.75
2020-03-26,129125.59000000014,14,27846.840000000127,-48721.25
2020-03-27,125234.99000000014,14,27863.740000000133,-52628.75
2020-03-29,124762.49000000014,14,27863.740000000133,-53101.25
2020-03-30,131770.64000000013,14,28021.890000000138,-46251.25
2020-03-31,125986.91000000015,13,28039.41000000014,-52052.5
2020-04-01,122958.19000000015,14,28065.690000000148,-55107.5
2020-04-02,123591.94000000015,13,28065.690000000148,-54473.75
2020-04-03,122885.70000000016,13,28074.45000000015,-55188.75
2020-04-05,128491.95000000016,13,28074.45000000015,-49582.5
2020-04-06,132391.95000000016,13,28074.45000000015,-45682.5
2020-04-07,133700.71000000014,13,28083.210000000152,-44382.5
2020-04-08,139331.97000000015,14,28091.970000000154,-38760.0
2020-04-09,142877.01000000015,14,28127.010000000162,-35250.0
2020-04-12,139773.26000000015,13,28127.010000000162,-38353.75
2020-04-13,143455.79000000015,14,28153.29000000017,-34697.5
2020-04-14,145562.07000000018,14,28179.570000000174,-32617.5
2020-04-15,141184.60000000018,14,28205.85000000018,-37021.25
2020-04-16,148570.8600000002,14,28214.610000000182,-29643.75
2020-04-17,148294.6100000002,13,28214.610000000182,-29920.0
2020-04-19,148440.8600000002,13,28214.610000000182,-29773.75
2020-04-20,142806.50000000017,14,28222.750000000186,-35416.25
2020-04-21,139394.04000000018,15,28257.790000000194,-38863.75
2020-04-22,142010.3000000002,15,28266.550000000196,-36256.25
2020-04-23,141275.3000000002,14,28266.550000000196,-36991.25
2020-04-24,145632.8000000002,14,28266.550000000196,-32633.75
2020-04-26,146682.8000000002,14,28266.550000000196,-31583.75
2020-04-27,147520.3100000002,14,28320.310000000198,-30800.0
2020-04-28,150711.6000000002,15,28536.600000000206,-27825.0
2020-04-29,154602.2500000002,14,28786.00000000021,-24183.75
2020-04-30,148298.52000000022,14,28803.520000000215,-30505.0
2020-05-01,145538.56000000023,14,28838.560000000223,-33300.0
2020-05-03,144807.31000000023,13,28838.560000000223,-34031.25
2020-05-04,147164.83000000022,14,28856.080000000227,-31691.25
2020-05-05,148360.47000000023,15,28864.22000000023,-30503.75
2020-05-06,147834.89000000025,15,28898.64000000024,-31063.75
2020-05-07,152209.95000000024,15,29237.45000000025,-27027.5
2020-05-08,153323.71000000025,14,29246.210000000254,-25922.5
2020-05-10,154071.21000000025,13,29246.210000000254,-25175.0
2020-05-11,151409.37000000026,15,29271.87000000026,-27862.5
2020-05-12,148120.04000000027,15,29320.04000000027,-31200.0
2020-05-13,145061.33000000028,16,29355.08000000028,-34293.75
2020-05-14,147741.35000000027,16,29372.600000000282,-31631.25
2020-05-15,148265.1200000003,16,29390.120000000286,-31125.0
2020-05-17,150102.6200000003,15,29390.120000000286,-29287.5
2020-05-18,154495.77000000028,15,29857.02000000029,-25361.25
2020-05-19,154363.3100000003,15,29892.0600000003,-25528.75
2020-05-20,155447.7100000003,14,30053.960000000305,-24606.25
2020-05-21,153426.4900000003,14,30080.24000000031,-26653.75
2020-05-22,155849.0100000003,14,30097.760000000315,-24248.75
2020-05-24,156222.7600000003,13,30097.760000000315,-23875.0
2020-05-25,158692.7600000003,13,30097.760000000315,-21405.0
2020-05-26,159670.30000000034,14,30132.800000000323,-20462.5
2020-05-27,160890.32000000033,14,30150.320000000327,-19260.0
2020-05-28,160364.71000000034,14,30158.46000000033,-19793.75
2020-05-29,162519.13000000035,15,30202.88000000034,-17683.75
2020-05-31,161154.13000000035,13,30202.88000000034,-19048.75
2020-06-01,161406.04000000036,14,30228.540000000346,-18822.5
2020-06-02,164397.95000000036,14,30294.200000000354,-15896.25
2020-06-03,166080.46000000037,14,30302.960000000356,-14222.5
2020-06-04,167099.88000000035,15,30337.380000000365,-13237.5
2020-06-05,171341.7900000004,14,30676.790000000372,-9335.0
2020-06-07,171809.2900000004,11,30676.790000000372,-8867.5
2020-06-08,173404.30000000037,12,30690.550000000374,-7286.25
2020-06-09,173390.57000000039,12,30718.070000000378,-7327.5
2020-06-10,169760.6200000004,13,30786.87000000039,-11026.25
2020-06-11,162511.3200000004,17,30832.570000000404,-18321.25
2020-06-12,162091.9900000004,16,30891.990000000413,-18800.0
2020-06-14,159241.9900000004,15,30891.990000000413,-21650.0
2020-06-15,168232.15000000043,15,30863.400000000416,-12631.25
2020-06-16,168978.4400000004,15,31915.940000000424,-12937.5
2020-06-17,167699.11000000042,13,31970.360000000434,-14271.25
2020-06-18,168865.39000000045,13,32011.64000000044,-13146.25
2020-06-19,166512.34000000046,12,32254.840000000455,-15742.5
2020-06-21,167694.84000000046,11,32254.840000000455,-14560.0
2020-06-22,169468.60000000044,12,32268.600000000457,-12800.0
2020-06-23,169839.87000000046,14,32281.12000000046,-12441.25
2020-06-24,163899.28000000046,16,32306.780000000468,-18407.5
2020-06-25,166899.95000000048,17,32396.200000000477,-15496.25
2020-06-26,162121.86000000048,15,32421.860000000484,-20300.0
2020-06-28,162209.36000000048,14,32421.860000000484,-20212.5
2020-06-29,165621.8800000005,15,32439.38000000049,-16817.5
2020-06-30,167732.51000000047,14,32448.76000000049,-14716.25
2020-07-01,169113.76000000047,13,32448.76000000049,-13335.0
2020-07-02,170593.2000000005,14,32626.950000000503,-12033.75
2020-07-03,169963.2000000005,12,32626.950000000503,-12663.75
2020-07-05,172993.2000000005,12,32626.950000000503,-9633.75
2020-07-06,172978.8400000005,12,32781.340000000506,-9802.5
2020-07-07,171686.38000000047,14,32821.380000000485,-11135.0
2020-07-08,172992.66000000047,13,32877.66000000047,-9885.0
2020-07-09,171493.98000000045,14,32973.98000000043,-11480.0
2020-07-10,173927.73000000045,11,32973.98000000043,-9046.25
2020-07-12,174615.23000000045,11,32973.98000000043,-8358.75
2020-07-13,172374.6500000004,13,33028.40000000041,-10653.75
2020-07-14,175577.8000000004,12,33070.300000000396,-7492.5
2020-07-15,175412.82000000039,12,33097.820000000385,-7685.0
2020-07-16,175438.48000000036,12,33138.48000000037,-7700.0
2020-07-17,176099.13000000035,12,33261.630000000354,-7162.5
2020-07-19,175617.88000000035,11,33261.630000000354,-7643.75
2020-07-20,178106.64000000036,12,33275.39000000035,-5168.75
2020-07-21,178877.93000000034,14,33315.43000000033,-4437.5
2020-07-22,179110.47000000032,13,33385.47000000031,-4275.0
2020-07-23,176106.7600000003,13,33425.510000000286,-7318.75
2020-07-24,175275.52000000028,14,33439.27000000028,-8163.75
2020-07-26,176364.27000000028,13,33439.27000000028,-7075.0
2020-07-27,177318.04000000027,14,33466.79000000027,-6148.75
2020-07-28,175720.58000000025,16,33506.83000000025,-7786.25
2020-07-29,178234.98000000024,15,33558.730000000236,-5323.75
2020-07-30,178882.50000000023,14,33576.250000000226,-4693.75
2020-07-31,179503.14000000022,13,33599.39000000022,-4096.25
2020-08-02,179076.89000000022,11,33599.39000000022,-4522.5
2020-08-03,180415.0300000002,13,33612.53000000021,-3197.5
2020-08-04,181331.9300000002,12,33654.4300000002,-2322.5
2020-08-05,182170.7000000002,12,33681.950000000186,-1511.25
2020-08-06,182734.47000000018,12,33709.470000000176,-975.0
2020-08-07,183903.23000000016,12,33723.23000000017,180.0
2020-08-09,184054.48000000016,11,33723.23000000017,331.25
2020-08-10,184672.62000000017,11,33751.37000000016,921.25
2020-08-11,183932.15000000008,15,35017.15000000008,-1085.0
2020-08-12,186568.50000000003,15,36611.00000000003,-42.5
2020-08-13,186773.54,6,36651.04000000001,122.5
2020-08-14,186554.19,7,36677.939999999995,-123.75
2020-08-16,186786.69,6,36677.939999999995,108.75
2020-08-17,187030.44999999998,6,36744.19999999999,286.25
2020-08-18,187331.09999999998,6,36771.09999999998,560.0
2020-08-19,186082.42999999993,10,37292.429999999935,-1210.0
2020-08-20,187739.94999999992,10,37319.949999999924,420.0
2020-08-21,187863.7199999999,10,37362.469999999914,501.25
2020-08-23,188204.9699999999,7,37362.469999999914,842.5
2020-08-24,189286.28999999986,7,38891.28999999988,395.0
2020-08-25,189280.06999999986,4,39278.81999999986,1.25
2020-08-26,189508.21999999986,3,39415.71999999985,92.5
2020-08-27,190220.75999999983,5,39675.75999999983,545.0
2020-08-28,190208.92999999982,5,40200.179999999804,8.75
2020-08-30,190291.42999999982,1,40200.179999999804,91.25
2020-08-31,190310.86999999976,5,40267.11999999977,43.75
2020-09-01,190741.53999999975,4,40689.039999999746,52.5
2020-09-02,191359.1099999997,5,41336.60999999971,22.5
2020-09-03,185859.28999999963,16,41479.289999999615,-5620.0
2020-09-04,184658.6999999996,15,41559.9499999996,-6901.25
2020-09-06,184613.6999999996,12,41559.9499999996,-6946.25
2020-09-07,185438.6999999996,12,41559.9499999996,-6121.25
2020-09-08,180181.25999999957,14,41612.509999999565,-11431.25
2020-09-09,183205.01999999955,13,41621.26999999956,-8416.25
2020-09-10,181364.44999999955,13,41664.44999999953,-10300.0
2020-09-11,180107.57999999952,13,41673.82999999953,-11566.25
2020-09-13,182297.69999999955,12,41643.94999999953,-9346.25
2020-09-14,183161.45999999953,13,41652.709999999526,-8491.25
2020-09-15,184609.60999999952,14,41669.60999999951,-7060.0
2020-09-16,180902.15999999948,13,41719.65999999949,-10817.5
2020-09-17,180870.92999999947,14,41737.17999999948,-10866.25
2020-09-18,179182.19999999946,14,41754.699999999466,-12572.5
2020-09-20,178629.69999999946,13,41754.699999999466,-13125.0
2020-09-21,176274.71999999945,14,41772.219999999455,-15497.5
2020-09-22,177989.72999999946,14,41780.97999999945,-13791.25
2020-09-23,173517.88999999943,15,41806.63999999943,-18288.75
2020-09-24,174964.8199999994,15,41859.8199999994,-16895.0
2020-09-25,177223.5699999994,13,41859.8199999994,-14636.25
2020-09-27,178182.3199999994,13,41859.8199999994,-13677.5
2020-09-28,181734.8499999994,14,41886.09999999939,-10151.25
2020-09-29,179218.63999999937,14,41921.13999999937,-12702.5
2020-09-30,182641.16999999934,14,41947.41999999935,-9306.25
2020-10-01,182302.45999999932,14,41982.45999999933,-9680.0
2020-10-02,181254.96999999933,14,41991.219999999325,-10736.25
2020-10-04,182051.21999999933,13,41991.219999999325,-9940.0
2020-10-05,184497.4799999993,14,41999.97999999932,-7502.5
2020-10-06,181715.6799999993,15,42060.67999999928,-10345.0
2020-10-07,185921.94999999925,14,42088.19999999927,-6166.25
2020-10-08,188315.70999999926,13,42096.959999999264,-3781.25
2020-10-09,189526.98999999923,13,42123.23999999925,-2596.25
2020-10-11,189571.98999999923,12,42123.23999999925,-2551.25
2020-10-12,191659.50999999925,12,42294.50999999924,-635.0
2020-10-13,191546.41999999923,12,42335.16999999922,-788.75
2020-10-14,188722.0799999992,13,42375.8299999992,-3653.75
2020-10-15,189503.9599999992,13,42375.2099999992,-2871.25
2020-10-16,188630.25999999917,16,42612.75999999917,-3982.5
2020-10-18,190130.25999999917,15,42612.75999999917,-2482.5
2020-10-19,187892.19999999914,15,42792.19999999914,-4900.0
2020-10-20,188820.99999999913,16,43032.24999999911,-4211.25
2020-10-21,185961.0399999991,13,43067.28999999909,-7106.25
2020-10-22,188753.55999999907,13,43084.80999999908,-4331.25
2020-10-23,188830.45999999906,12,43139.20999999907,-4308.75
2020-10-25,187744.20999999906,11,43139.20999999907,-5395.0
2020-10-26,185607.99999999904,17,43169.24999999905,-7561.25
2020-10-27,183169.26999999903,16,43186.76999999904,-10017.5
2020-10-28,178170.54999999903,16,43213.04999999902,-15042.5
2020-10-29,176364.96999999898,16,43247.469999999,-16882.5
2020-10-30,176740.00999999896,18,43282.509999998976,-16542.5
2020-11-01,176000.00999999896,16,43282.509999998976,-17282.5
2020-11-02,179378.14999999898,16,43314.39999999897,-13936.25
2020-11-03,185548.78999999896,16,43322.53999999896,-7773.75
2020-11-04,190141.99999999892,16,43804.499999998916,-3662.5
2020-11-05,190925.7599999989,12,43818.25999999891,-2892.5
2020-11-06,192699.5399999989,12,43859.539999998895,-1160.0
2020-11-08,195532.0399999989,11,43859.539999998895,1672.5
2020-11-09,194542.1899999988,13,49889.689999998816,-5347.5
2020-11-10,196693.4699999988,16,49960.9699999988,-3267.5
2020-11-11,196489.12999999878,14,50069.12999999878,-3580.0
2020-11-12,196358.57999999874,15,50149.82999999874,-3791.25
2020-11-13,199479.2399999987,16,50624.239999998725,-1145.0
2020-11-15,200904.2399999987,10,50624.239999998725,280.0
2020-11-16,200859.2799999987,12,50679.279999998704,180.0
2020-11-17,200418.67999999868,12,50706.17999999869,-287.5
2020-11-18,198093.10999999865,15,50759.35999999866,-2666.25
2020-11-19,198312.49999999866,15,50787.499999998654,-2475.0
2020-11-20,197520.67999999863,15,50855.679999998625,-3335.0
2020-11-22,198378.17999999863,14,50855.679999998625,-2477.5
2020-11-23,200995.70999999862,14,51036.95999999861,-41.25
2020-11-24,202512.66999999856,12,52326.419999998565,186.25
2020-11-25,202465.84999999852,6,52394.599999998536,71.25
2020-11-26,202340.84999999852,4,52394.599999998536,-53.75
2020-11-27,202613.98999999854,6,52407.73999999853,206.25
2020-11-29,202176.48999999854,5,52407.73999999853,-231.25
2020-11-30,203989.0499999985,9,52460.2999999985,1528.75
2020-12-01,203974.74999999846,9,54129.74999999846,-155.0
2020-12-02,204277.27999999846,6,54171.02999999844,106.25
2020-12-03,204705.4899999984,7,54595.4899999984,110.0
2020-12-04,205362.41999999835,7,55374.91999999837,-12.5
2020-12-06,205354.91999999835,2,55374.91999999837,-20.0
2020-12-07,205319.97999999835,6,55442.47999999834,-122.5
2020-12-08,205986.86999999834,5,55455.61999999833,531.25
2020-12-09,205296.96999999828,11,55583.21999999828,-286.25
2020-12-10,205022.00999999826,13,55623.259999998256,-601.25
2020-12-11,204891.45999999822,16,55783.95999999822,-892.5
2020-12-13,205866.55999999822,10,55759.059999998215,107.5
2020-12-14,204388.4699999982,11,55799.7199999982,-1411.25
2020-12-15,206677.2399999982,11,55930.989999998186,746.25
2020-12-16,207369.83999999813,9,57092.339999998134,277.5
2020-12-17,207609.2899999981,5,57713.039999998095,-103.75
2020-12-18,208700.62999999805,12,57791.87999999805,908.75
2020-12-20,207950.62999999805,10,57791.87999999805,158.75
2020-12-21,207396.28999999803,15,57802.53999999803,-406.25
2020-12-22,207058.839999998,16,58430.089999998,-1371.25
2020-12-23,207936.359999998,13,58480.10999999799,-543.75
2020-12-24,208230.12999999797,13,58531.37999999798,-301.25
2020-12-27,209563.87999999797,11,58531.37999999798,1032.5
2020-12-28,210192.69999999795,11,59907.699999997945,285.0
2020-12-29,210417.13999999792,7,60259.63999999791,157.5
2020-12-30,210153.4099999979,7,60287.1599999979,-133.75
2020-12-31,210860.31999999788,7,60342.81999999788,517.5
2021-01-03,210847.81999999788,5,60342.81999999788,505.0
2021-01-04,209399.2299999978,16,61232.9799999978,-1833.75
2021-01-05,209654.2499999978,11,61275.49999999779,-1621.25
2021-01-06,212668.13999999771,10,62380.639999997715,287.5
2021-01-07,213300.0599999977,5,63125.05999999769,175.0
2021-01-08,213957.01999999763,7,63910.76999999765,46.25
2021-01-10,213813.26999999763,1,63910.76999999765,-97.5
2021-01-11,213888.31999999762,4,63964.56999999762,-76.25
2021-01-12,214251.4799999976,6,64005.2299999976,246.25
2021-01-13,214531.51999999757,5,64060.26999999758,471.25
2021-01-14,213302.85999999754,10,64580.359999997534,-1277.5
2021-01-15,211624.8099999975,16,64889.809999997495,-3265.0
2021-01-17,212144.8099999975,13,64889.809999997495,-2745.0
2021-01-18,214436.0599999975,13,64889.809999997495,-453.75
2021-01-19,214686.71999999747,13,65204.21999999748,-517.5
2021-01-20,216485.5399999975,10,66284.2899999975,201.25
2021-01-21,216345.58999999755,3,66369.33999999755,-23.75
2021-01-22,216345.61999999758,4,66395.61999999758,-50.0
2021-01-24,216725.61999999758,4,66395.61999999758,330.0
2021-01-25,217002.59999999768,8,67113.84999999768,-111.25
2021-01-26,217064.5099999977,3,67154.50999999771,-90.0
2021-01-27,214640.91999999786,14,67284.66999999786,-2643.75
2021-01-28,216442.96999999802,14,69224.21999999802,-2781.25
2021-01-29,213554.3099999981,17,69323.0599999981,-5768.75
2021-01-31,215541.8099999981,15,69323.0599999981,-3781.25
2021-02-01,219588.71999999814,15,69624.96999999814,-36.25
2021-02-02,221345.09999999826,12,71240.09999999826,105.0
2021-02-03,220915.7799999983,10,71278.27999999831,-362.5
2021-02-04,222452.71999999837,9,72195.21999999837,257.5
2021-02-05,222745.2599999984,5,72612.75999999841,132.5
2021-02-07,222995.2599999984,4,72612.75999999841,382.5
2021-02-08,223148.41999999844,5,73125.91999999844,22.5
2021-02-09,223432.2199999985,3,73179.71999999849,252.5
2021-02-10,223509.81999999858,8,73574.81999999858,-65.0
2021-02-11,223419.8499999986,8,73616.09999999861,-196.25
2021-02-12,224511.14999999866,8,74504.89999999866,6.25
2021-02-14,224564.89999999866,1,74504.89999999866,60.0
2021-02-15,224623.64999999866,1,74504.89999999866,118.75
2021-02-16,224508.72999999873,6,74584.97999999873,-76.25
2021-02-17,224600.64999999877,9,74624.39999999877,-23.75
2021-02-18,223783.82999999882,13,74662.57999999882,-878.75
2021-02-19,223965.73999999886,14,74748.23999999886,-782.5
2021-02-21,223755.73999999886,14,74748.23999999886,-992.5
2021-02-22,223710.17999999892,16,74870.17999999892,-1160.0
2021-02-23,222399.58999999895,14,74905.83999999895,-2506.25
2021-02-24,225591.49999999898,12,74976.49999999898,615.0
2021-02-25,219772.2499999991,16,75150.9999999991,-5378.75
2021-02-26,219327.28999999914,13,75186.03999999914,-5858.75
2021-02-28,221127.28999999914,12,75186.03999999914,-4058.75
2021-03-01,223785.43999999916,12,75237.93999999916,-1452.5
2021-03-02,223869.25999999922,13,75319.25999999922,-1450.0
2021-03-03,218051.2099999993,16,75429.9599999993,-7378.75
2021-03-04,215562.53999999937,15,75500.03999999937,-9937.5
2021-03-05,221366.92999999938,14,75563.17999999938,-4196.25
2021-03-07,220570.67999999938,13,75563.17999999938,-4992.5
2021-03-08,222612.60999999943,14,75641.35999999943,-3028.75
2021-03-09,223837.00999999946,15,75668.25999999946,-1831.25
2021-03-10,227035.1699999995,15,75930.16999999949,1105.0
2021-03-11,227885.8999999996,12,77812.14999999959,73.75
2021-03-12,228172.81999999963,8,77866.56999999963,306.25
2021-03-14,228322.87999999963,6,77851.62999999963,471.25
2021-03-15,228704.8199999997,7,78644.81999999969,60.0
2021-03-16,228646.73999999973,4,78699.23999999973,-52.5
2021-03-17,229416.8299999998,7,79373.07999999981,43.75
2021-03-18,228115.6599999999,13,79408.15999999989,-1292.5
2021-03-19,227611.98999999996,16,79548.23999999996,-1936.25
2021-03-21,227656.98999999996,12,79548.23999999996,-1891.25
2021-03-22,229083.87999999998,12,79576.37999999998,-492.5
2021-03-23,228023.32000000004,14,79643.32000000004,-1620.0
2021-03-24,227412.10000000006,16,79689.60000000006,-2277.5
2021-03-25,228822.1500000001,17,79833.40000000011,-1011.25
2021-03-26,231149.1200000002,11,81132.8700000002,16.25
2021-03-28,231069.1200000002,1,81132.8700000002,-63.75
2021-03-29,232131.7300000003,9,82151.7300000003,-20.0
2021-03-30,232074.91000000035,8,82204.91000000035,-130.0
2021-03-31,232780.00000000044,8,82978.75000000044,-198.75
2021-04-01,233899.42000000048,8,83808.17000000048,91.25
2021-04-02,233953.17000000048,1,83808.17000000048,145.0
2021-04-04,233956.92000000048,1,83808.17000000048,148.75
2021-04-05,234111.9500000005,2,84143.2000000005,-31.25
2021-04-06,234186.38000000056,4,84196.38000000056,-10.0
2021-04-07,234565.7900000006,5,84252.04000000059,313.75
2021-04-08,234613.33000000063,3,84583.33000000063,30.0
2021-04-09,234717.10000000065,2,84720.85000000065,-3.75
2021-04-11,234688.35000000065,1,84720.85000000065,-32.5
2021-04-12,234827.75000000067,3,84747.75000000067,80.0
2021-04-13,234953.4000000007,3,84994.65000000069,-41.25
2021-04-14,234824.07000000073,7,85034.07000000073,-210.0
2021-04-15,235717.2500000008,6,85704.75000000079,12.5
2021-04-16,235814.7800000008,5,85826.03000000081,-11.25
2021-04-18,235758.5300000008,5,85826.03000000081,-67.5
2021-04-19,235984.23000000088,13,85876.73000000088,107.5
2021-04-20,232954.28000000093,17,85905.53000000093,-2951.25
2021-04-21,235793.08000000098,17,86049.33000000098,-256.25
2021-04-22,234874.39000000103,13,86116.89000000103,-1242.5
2021-04-23,237226.9700000011,12,87395.7200000011,-168.75
2021-04-25,237396.9700000011,4,87395.7200000011,1.25
2021-04-26,237547.61000000112,4,87430.11000000112,117.5
2021-04-27,237631.41000000117,4,87498.91000000117,132.5
2021-04-28,237897.6900000012,4,87540.1900000012,357.5
2021-04-29,238077.16000000128,12,88054.66000000128,22.5
2021-04-30,237531.57000000132,11,88095.32000000132,-563.75
2021-05-02,237957.82000000132,11,88095.32000000132,-137.5
2021-05-03,237217.22000000134,12,88195.97000000134,-978.75
2021-05-04,237069.7800000014,17,88248.5300000014,-1178.75
2021-05-05,236391.08000000144,15,88423.58000000144,-2032.5
2021-05-06,238806.79000000152,17,88608.04000000152,198.75
2021-05-07,239784.35000000158,9,89748.10000000158,36.25
2021-05-09,239816.85000000158,1,89748.10000000158,68.75
2021-05-10,237038.8500000017,14,89822.6000000017,-2783.75
2021-05-11,234032.65000000174,16,89896.40000000174,-5863.75
2021-05-12,230803.93000000177,15,89922.68000000177,-9118.75
2021-05-13,234531.43000000177,14,89922.68000000177,-5391.25
2021-05-14,237935.19000000178,14,89931.44000000178,-1996.25
2021-05-16,236832.69000000178,14,89931.44000000178,-3098.75
2021-05-17,237672.73000000181,15,89966.48000000181,-2293.75
2021-05-18,233241.52000000185,17,89991.52000000185,-6750.0
2021-05-19,233147.80000000188,17,90017.80000000188,-6870.0
2021-05-20,237028.47000000192,16,90062.22000000192,-3033.75
2021-05-21,237216.01000000196,15,90189.76000000196,-2973.75
2021-05-23,237573.51000000196,13,90189.76000000196,-2616.25
2021-05-24,239991.66000000198,13,90256.66000000198,-265.0
2021-05-25,239908.59000000203,10,90361.09000000203,-452.5
2021-05-26,239544.87000000206,10,90402.37000000206,-857.5
2021-05-27,240700.5500000021,10,90509.30000000211,191.25
2021-05-28,240248.07000000213,10,90521.82000000213,-273.75
2021-05-30,240423.07000000213,10,90521.82000000213,-98.75
2021-05-31,240160.57000000213,10,90521.82000000213,-361.25
2021-06-01,240622.48000000216,10,90847.48000000216,-225.0
2021-06-02,240990.00000000218,8,90875.00000000218,115.0
2021-06-03,240458.17000000222,10,90929.42000000222,-471.25
2021-06-04,241765.10000000228,8,91778.85000000228,-13.75
2021-06-06,241693.85000000228,3,91778.85000000228,-85.0
2021-06-07,241893.28000000233,8,91832.03000000233,61.25
2021-06-08,242026.45000000237,8,91902.70000000237,123.75
2021-06-09,241997.1000000024,8,91949.60000000239,47.5
2021-06-10,242968.4500000025,8,92794.70000000249,173.75
2021-06-11,243127.8500000025,6,92854.10000000251,273.75
2021-06-13,243234.15000000253,5,92841.65000000251,392.5
2021-06-14,243547.91000000254,6,92855.41000000252,692.5
2021-06-15,243187.93000000255,6,92882.93000000254,305.0
2021-06-16,241929.8400000026,10,92893.59000000257,-963.75
2021-06-17,243113.6100000026,13,92906.11000000259,207.5
2021-06-18,237988.66000000265,16,92949.91000000264,-4961.25
2021-06-20,237188.66000000265,16,92949.91000000264,-5761.25
2021-06-21,243370.5900000027,16,93135.59000000269,235.0
2021-06-22,244398.1800000028,12,94314.43000000277,83.75
2021-06-23,244480.09000000282,4,94355.0900000028,125.0
2021-06-24,244883.86000000284,4,94455.11000000282,428.75
2021-06-25,245028.2900000029,4,94917.04000000287,111.25
2021-06-27,245009.5400000029,3,94917.04000000287,92.5
2021-06-28,245055.1900000029,3,94970.1900000029,85.0
2021-06-29,245299.61000000295,6,95229.61000000294,70.0
2021-06-30,245489.00000000297,5,95257.75000000295,231.25
2021-07-01,245797.170000003,5,95783.420000003,13.75
2021-07-02,245942.19000000303,2,95920.94000000301,21.25
2021-07-04,245932.19000000303,1,95920.94000000301,11.25
2021-07-05,245959.69000000303,1,95920.94000000301,38.75
2021-07-06,246302.8900000031,9,95986.64000000308,316.25
2021-07-07,246746.09000000317,6,96652.34000000315,93.75
2021-07-08,245948.64000000322,8,96706.1400000032,-757.5
2021-07-09,247564.31000000326,7,97468.06000000324,96.25
2021-07-11,247464.31000000326,2,97468.06000000324,-3.75
2021-07-12,247641.21000000328,2,97619.96000000327,21.25
2021-07-13,247396.88000000332,6,97644.38000000331,-247.5
2021-07-14,247808.80000000336,8,97781.30000000335,27.5
2021-07-15,247523.25000000343,15,97832.00000000342,-308.75
2021-07-16,245174.54000000347,16,97867.04000000346,-2692.5
2021-07-18,244054.54000000347,16,97867.04000000346,-3812.5
2021-07-19,240430.23000000353,18,97918.98000000352,-7488.75
2021-07-20,244815.25000000355,17,97936.50000000354,-3121.25
2021-07-21,247786.5400000036,17,98099.04000000357,-312.5
2021-07-22,248749.07000000362,13,98140.3200000036,608.75
2021-07-23,249520.39000000368,11,99451.64000000367,68.75
2021-07-25,249472.89000000368,1,99451.64000000367,21.25
2021-07-26,249592.3000000037,3,99602.3000000037,-10.0
2021-07-27,249771.1400000038,11,99709.89000000378,61.25
2021-07-28,249600.5300000038,11,99723.0300000038,-122.5
2021-07-29,250337.48000000388,11,101008.73000000387,-671.25
2021-07-30,250754.3900000039,7,101049.3900000039,-295.0
2021-08-01,251160.6400000039,5,101049.3900000039,111.25
2021-08-02,250747.55000000395,7,101090.05000000393,-342.5
2021-08-03,251843.870000004,8,101876.370000004,-32.5
2021-08-04,251876.41000000405,6,101901.41000000403,-25.0
2021-08-05,252318.92000000406,6,101958.92000000404,360.0
2021-08-06,252492.0900000041,4,102468.34000000409,23.75
2021-08-08,252345.8400000041,3,102468.34000000409,-122.5
2021-08-09,252335.24000000412,5,102495.24000000411,-160.0
2021-08-10,252556.54000000417,4,102564.04000000416,-7.5
2021-08-11,252895.9400000042,4,102649.69000000418,246.25
2021-08-12,253052.22000000422,4,103038.4700000042,13.75
2021-08-13,253095.98000000423,2,103052.23000000422,43.75
2021-08-15,253053.48000000423,1,103052.23000000422,1.25
2021-08-16,253703.5700000043,8,103726.0700000043,-22.5
2021-08-17,254276.7800000044,8,103790.53000000438,486.25
2021-08-18,251794.35000000446,14,103841.85000000444,-2047.5
2021-08-19,252283.17000000452,16,104008.17000000451,-1725.0
2021-08-20,254319.44000000454,10,104035.69000000453,283.75
2021-08-22,255081.94000000454,10,104035.69000000453,1046.25
2021-08-23,255421.40000000462,10,105401.4000000046,20.0
2021-08-24,255347.66000000463,3,105415.16000000462,-67.5
2021-08-25,255487.05000000464,3,105443.30000000463,43.75
2021-08-26,255456.52000000473,10,105521.52000000472,-65.0
2021-08-27,256522.8300000048,9,106422.83000000477,100.0
2021-08-29,256545.3300000048,3,106422.83000000477,122.5
2021-08-30,256772.86000000482,3,106714.1100000048,58.75
2021-08-31,256975.40000000485,7,106754.15000000484,221.25
2021-09-01,256656.67000000487,5,106784.17000000486,-127.5
2021-09-02,257253.5700000049,5,106863.57000000488,390.0
2021-09-03,257092.35000000492,5,106904.85000000491,187.5
2021-09-05,257082.35000000492,4,106904.85000000491,177.5
2021-09-06,257197.35000000492,4,106904.85000000491,292.5
2021-09-07,256752.38000000495,7,106931.13000000494,-178.75
2021-09-08,256214.310000005,10,106984.31000000499,-770.0
2021-09-09,256305.60000000504,13,107009.35000000503,-703.75
2021-09-10,253783.1700000051,17,107161.92000000509,-3378.75
2021-09-12,254080.8400000051,17,107119.59000000509,-3038.75
2021-09-13,255510.28000000515,17,107462.78000000515,-1952.5
2021-09-14,253826.56000000518,13,107489.06000000518,-3662.5
2021-09-15,255491.56000000518,12,107489.06000000518,-1997.5
2021-09-16,255304.12000000523,14,107541.62000000523,-2237.5
2021-09-17,252020.4400000053,13,107602.9400000053,-5582.5
2021-09-19,250820.4400000053,12,107602.9400000053,-6782.5
2021-09-20,249916.72000000533,13,107629.22000000533,-7712.5
2021-09-21,248290.48000000534,12,107637.98000000534,-9347.5
2021-09-22,251218.00000000536,13,107655.50000000536,-6437.5
2021-09-23,253989.89000000537,13,107663.64000000537,-3673.75
2021-09-24,254355.52000000537,13,107673.02000000537,-3317.5
2021-09-26,255285.52000000537,12,107673.02000000537,-2387.5
2021-09-27,253466.1600000054,13,107681.16000000539,-4215.0
2021-09-28,248958.72000000544,16,107723.72000000544,-8765.0
2021-09-29,249579.36000000546,17,107731.86000000546,-8152.5
2021-09-30,241786.9000000055,16,107790.6500000055,-16003.75
2021-10-01,247983.80000000552,16,107855.05000000552,-9871.25
2021-10-03,246427.55000000552,15,107855.05000000552,-11427.5
2021-10-04,244071.35000000556,16,107898.85000000556,-13827.5
2021-10-05,245389.49000000558,16,107906.99000000558,-12517.5
2021-10-06,249920.12000000558,16,107916.37000000558,-7996.25
2021-10-07,251196.43000000564,15,107978.93000000564,-6782.5
2021-10-08,250482.70000000566,14,107996.45000000566,-7513.75
2021-10-10,249946.45000000566,13,107996.45000000566,-8050.0
2021-10-11,246651.4800000057,15,108012.73000000569,-11361.25
2021-10-12,247146.5100000057,16,108039.01000000571,-10892.5
2021-10-13,249761.52000000572,16,108047.77000000572,-8286.25
2021-10-14,254817.79000000574,15,108252.79000000574,-3435.0
2021-10-15,256179.67000000575,13,108342.17000000575,-2162.5
2021-10-17,255864.67000000575,12,108342.17000000575,-2477.5
2021-10-18,256923.43000000576,13,108350.93000000576,-1427.5
2021-10-19,258698.46000000578,12,108524.71000000578,173.75
2021-10-20,259326.04000000586,8,109342.29000000586,-16.25
2021-10-21,259523.56000000588,3,109369.81000000588,153.75
2021-10-22,259549.25000000594,8,109658.00000000594,-108.75
2021-10-24,259786.75000000594,5,109658.00000000594,128.75
2021-10-25,260433.690000006,6,110323.690000006,110.0
2021-10-26,260284.99000000604,8,110567.49000000604,-282.5
2021-10-27,259833.1700000061,11,110620.6700000061,-787.5
2021-10-28,261038.8100000061,11,110648.81000000611,390.0
2021-10-29,262120.75000000617,10,111893.25000000617,227.5
2021-10-31,262180.75000000617,3,111893.25000000617,287.5
2021-11-01,262064.5300000062,5,111934.5300000062,130.0
2021-11-02,262352.0600000062,3,112323.31000000623,28.75
2021-11-03,262532.09000000625,2,112474.59000000625,57.5
2021-11-04,262736.5000000063,3,112625.25000000629,111.25
2021-11-05,262975.9200000063,5,113005.92000000633,-30.0
2021-11-07,262885.9200000063,3,113005.92000000633,-120.0
2021-11-08,262887.82000000635,4,113032.82000000635,-145.0
2021-11-09,262424.7600000064,8,113111.01000000641,-686.25
2021-11-10,261298.6000000065,17,113179.8500000065,-1881.25
2021-11-11,261876.75000000652,15,113291.75000000652,-1415.0
2021-11-12,263629.2600000065,12,113330.51000000653,298.75
2021-11-14,263591.7600000065,10,113330.51000000653,261.25
2021-11-15,263603.67000000656,10,113386.17000000656,217.5
2021-11-16,264470.6100000066,9,114521.86000000662,-51.25
2021-11-17,264525.65000000666,6,114561.90000000666,-36.25
2021-11-18,265475.0600000067,7,114602.56000000669,872.5
2021-11-19,265162.02000000677,7,115265.77000000677,-103.75
2021-11-21,265439.52000000677,6,115265.77000000677,173.75
2021-11-22,265006.49000000686,8,115920.24000000686,-913.75
2021-11-23,265262.1600000069,11,115959.6600000069,-697.5
2021-11-24,266961.57000000693,12,116015.32000000693,946.25
2021-11-25,264317.82000000693,9,116015.32000000693,-1697.5
2021-11-26,260160.400000007,16,116124.15000000701,-5963.75
2021-11-28,263556.650000007,13,116124.15000000701,-2567.5
2021-11-29,265077.32000000705,13,116609.82000000705,-1532.5
2021-11-30,262789.2700000071,16,116745.52000000712,-3956.25
2021-12-01,258179.95000000717,17,116778.70000000717,-8598.75
2021-12-02,261045.6100000072,16,116899.3600000072,-5853.75
2021-12-03,259295.7200000073,16,117085.7200000073,-7790.0
2021-12-05,261050.7200000073,13,117085.7200000073,-6035.0
2021-12-06,264051.9900000073,14,117113.24000000732,-3061.25
2021-12-07,268730.8500000074,13,118583.35000000743,147.5
2021-12-08,268819.02000000747,7,118842.77000000747,-23.75
2021-12-09,268108.46000000753,10,118909.71000000753,-801.25
2021-12-10,269776.6600000076,10,119851.6600000076,-75.0
2021-12-12,269929.1800000076,2,119846.6800000076,82.5
2021-12-13,269061.7700000077,12,119895.52000000769,-833.75
2021-12-14,267239.33000000776,17,120008.08000000774,-2768.75
2021-12-15,270953.18000000785,13,120988.18000000784,-35.0
2021-12-16,268888.2600000079,15,121008.26000000791,-2120.0
2021-12-17,266820.810000008,16,121112.06000000796,-4291.25
2021-12-19,263790.810000008,12,121112.06000000796,-7321.25
2021-12-20,264942.090000008,12,121138.34000000799,-6196.25
2021-12-21,267755.850000008,13,121147.100000008,-3391.25
2021-12-22,270931.480000008,12,121171.480000008,-240.0
2021-12-23,272377.1800000081,11,122330.93000000807,46.25
2021-12-26,272447.1800000081,4,122330.93000000807,116.25
2021-12-27,272956.6000000081,4,122894.10000000811,62.5
2021-12-28,272964.7800000082,7,123042.28000000816,-77.5
2021-12-29,272972.9200000082,7,123055.42000000818,-82.5
2021-12-30,272222.97000000824,9,123109.22000000822,-886.25
2021-12-31,272119.2700000083,13,123148.02000000827,-1028.75
2022-01-02,273159.2700000083,13,123148.02000000827,11.25
2022-01-03,274331.1900000083,13,123246.19000000831,1085.0
2022-01-04,274158.81000000844,12,124721.31000000842,-562.5
2022-01-05,267927.68000000855,16,124846.43000000853,-6918.75
2022-01-06,269983.9600000086,15,124872.71000000856,-4888.75
2022-01-07,267892.7400000086,15,124898.99000000859,-7006.25
2022-01-09,268365.2400000086,14,124898.99000000859,-6533.75
2022-01-10,267499.02000000863,15,124925.27000000862,-7426.25
2022-01-11,270780.28000000864,14,124934.03000000863,-4153.75
2022-01-12,270969.67000000866,14,124957.17000000864,-3987.5
2022-01-13,267289.13000000874,15,125026.63000000872,-7737.5
2022-01-14,268059.1700000088,14,125061.67000000876,-7002.5
2022-01-16,266659.1700000088,14,125061.67000000876,-8402.5
2022-01-17,265941.6700000088,14,125061.67000000876,-9120.0
2022-01-18,259825.51000000886,15,125140.51000000884,-15315.0
2022-01-19,259738.03000000888,14,125158.03000000886,-15420.0
2022-01-20,252221.22000000894,16,125209.97000000892,-22988.75
2022-01-21,247654.98000000895,15,125218.73000000893,-27563.75
2022-01-23,250617.48000000895,15,125218.73000000893,-24601.25
2022-01-24,244860.00000000896,15,125236.25000000895,-30376.25
2022-01-25,246078.75000000896,15,125236.25000000895,-29157.5
2022-01-26,239689.46000000904,17,125305.71000000903,-35616.25
2022-01-27,244076.34000000905,16,125315.09000000903,-31238.75
2022-01-28,250618.86000000907,15,125332.61000000905,-24713.75
2022-01-30,251575.11000000907,15,125332.61000000905,-23757.5
2022-01-31,256027.62000000908,16,125341.37000000906,-19313.75
2022-02-01,260849.5100000091,15,125359.51000000908,-14510.0
2022-02-02,259183.2800000091,16,125367.0300000091,-16183.75
2022-02-03,258013.97000000917,18,125418.97000000915,-17405.0
2022-02-04,255270.8800000092,17,125454.63000000919,-20183.75
2022-02-06,255930.8800000092,16,125454.63000000919,-19523.75
2022-02-07,254654.02000000922,18,125462.7700000092,-20808.75
2022-02-08,259225.92000000924,17,125489.67000000922,-16263.75
2022-02-09,261909.69000000926,16,125562.19000000924,-13652.5
2022-02-10,254690.9900000093,15,125605.99000000929,-20915.0
2022-02-11,251020.40000000934,16,125631.65000000932,-24611.25
2022-02-13,251301.65000000934,15,125631.65000000932,-24330.0
2022-02-14,249499.19000000937,17,125666.69000000936,-26167.5
2022-02-15,253810.4600000094,16,125684.21000000938,-21873.75
2022-02-16,252933.64000000944,16,125727.39000000943,-22793.75
2022-02-17,249838.72000000952,19,125787.4700000095,-25948.75
2022-02-18,244473.76000000956,18,125822.51000000954,-31348.75
2022-02-20,246498.76000000956,18,125822.51000000954,-29323.75
2022-02-21,238331.26000000956,18,125822.51000000954,-37491.25
2022-02-22,242758.78000000957,19,125840.03000000956,-33081.25
2022-02-23,225820.6700000096,19,125848.17000000957,-50027.5
2022-02-24,237196.3000000096,19,125857.55000000958,-38661.25
2022-02-25,247771.3000000096,18,125857.55000000958,-28086.25
2022-02-27,238388.8000000096,18,125857.55000000958,-37468.75
2022-02-28,246781.3000000096,18,125857.55000000958,-29076.25
2022-03-01,242285.08000000962,19,125883.8300000096,-33598.75
2022-03-02,248026.35000000964,18,125901.35000000962,-27875.0
2022-03-03,243818.9000000097,18,126072.65000000967,-32253.75
2022-03-04,243413.94000000972,17,126107.69000000971,-32693.75
2022-03-06,239853.94000000972,16,126107.69000000971,-36253.75
2022-03-07,233052.13000000978,18,126159.63000000977,-43107.5
2022-03-08,233339.06000000983,17,126212.81000000982,-42873.75
2022-03-09,239327.82000000984,16,126221.57000000983,-36893.75
2022-03-10,237027.82000000984,16,126221.57000000983,-39193.75
2022-03-11,234197.8700000099,18,126255.37000000988,-42057.5
2022-03-13,235368.05000000988,18,126210.55000000987,-40842.5
2022-03-14,232650.60000000993,18,126264.35000000992,-43613.75
2022-03-15,238499.36000000994,17,126273.11000000992,-37773.75
2022-03-16,246040.68000001,18,126334.43000000999,-30293.75
2022-03-17,248480.68000001,16,126334.43000000999,-27853.75
2022-03-18,255949.44000001,16,126343.19000001,-20393.75
2022-03-20,254189.44000001,16,126343.19000001,-22153.75
2022-03-21,254363.86000001006,17,126387.61000001004,-22023.75
2022-03-22,259270.75000001007,15,126405.75000001006,-17135.0
2022-03-23,255766.4100000101,15,126431.41000001009,-20665.0
2022-03-24,259472.05000001012,15,126502.0500000101,-17030.0
2022-03-25,261178.33000001014,15,126528.33000001013,-15350.0
2022-03-27,260163.33000001014,14,126528.33000001013,-16365.0
2022-03-28,263558.35000001016,16,126545.85000001015,-12987.5
2022-03-29,266970.85000001016,14,126545.85000001015,-9575.0
2022-03-30,266113.3700000102,15,126563.37000001017,-10450.0
2022-03-31,261692.18000001024,16,126605.93000001022,-14913.75
2022-04-01,261115.98000001028,17,126649.73000001027,-15533.75
2022-04-03,261215.98000001028,16,126649.73000001027,-15433.75
2022-04-04,263815.3700000103,16,126667.87000001028,-12852.5
2022-04-05,259770.41000001034,15,126702.91000001032,-16932.5
2022-04-06,255511.70000001037,17,126737.95000001036,-21226.25
2022-04-07,258380.45000001037,15,126737.95000001036,-18357.5
2022-04-08,257534.2400000104,16,126772.9900000104,-19238.75
2022-04-10,255434.2400000104,15,126772.9900000104,-21338.75
2022-04-11,250208.66000001045,17,126807.41000001044,-26598.75
2022-04-12,252629.3300000105,16,126986.83000001048,-24357.5
2022-04-13,254916.8300000105,15,126986.83000001048,-22070.0
2022-04-14,250410.61000001052,17,127003.1100000105,-26592.5
2022-04-17,248540.61000001052,17,127003.1100000105,-28462.5
2022-04-18,251676.26000001054,17,127030.01000001053,-25353.75
2022-04-19,254903.15000001056,16,127048.15000001054,-22145.0
2022-04-20,256871.90000001056,15,127048.15000001054,-20176.25
2022-04-21,248270.09000001062,19,127090.0900000106,-28820.0
2022-04-22,237086.99000001064,19,127106.99000001063,-40020.0
2022-04-24,236564.49000001064,19,127106.99000001063,-40542.5
2022-04-25,241743.89000001067,20,127133.89000001065,-35390.0
2022-04-26,231973.91000001068,19,127151.41000001067,-45177.5
2022-04-27,233462.6900000107,19,127177.6900000107,-43715.0
2022-04-28,238327.11000001075,20,127212.11000001074,-38885.0
2022-04-29,226106.5400000108,20,127255.29000001079,-51148.75
2022-05-01,227356.5400000108,20,127255.29000001079,-49898.75
2022-05-02,228866.58000001084,21,127290.33000001083,-48423.75
2022-05-03,229635.97000001086,20,127308.47000001084,-47672.5
2022-05-04,241107.8900000109,20,127352.89000001088,-36245.0
2022-05-05,227935.43000001094,18,127387.93000001092,-49452.5
2022-05-06,224865.47000001097,19,127422.97000001096,-52557.5
2022-05-08,222142.97000001097,18,127422.97000001096,-55280.0
2022-05-09,215734.250000011,19,127449.25000001099,-61715.0
2022-05-10,216016.79000001104,19,127484.29000001102,-61467.5
2022-05-11,209563.07000001107,19,127510.57000001105,-67947.5
2022-05-12,211996.8500000111,18,127536.85000001108,-65540.0
2022-05-13,216226.8500000111,18,127536.85000001108,-61310.0
2022-05-15,214336.8500000111,18,127536.85000001108,-63200.0
2022-05-16,216520.01000001113,20,127562.51000001111,-61042.5
2022-05-17,221838.16000001115,19,127793.16000001114,-55955.0
2022-05-18,208989.4600000112,19,127836.96000001118,-68847.5
2022-05-19,208368.2200000112,19,127845.72000001119,-69477.5
2022-05-20,206549.50000001123,19,127872.00000001122,-71322.5
2022-05-22,209114.50000001123,18,127872.00000001122,-68757.5
2022-05-23,210077.02000001125,19,127889.52000001124,-67812.5
2022-05-24,212403.28000001126,18,127898.28000001125,-65495.0
2022-05-25,213194.5600000113,19,127924.56000001128,-64730.0
2022-05-26,219768.34000001132,19,127950.8400000113,-58182.5
2022-05-27,230554.60000001133,19,127959.60000001131,-47405.0
2022-05-29,231027.10000001133,18,127959.60000001131,-46932.5
2022-05-30,230262.10000001133,18,127959.60000001131,-47697.5
2022-05-31,228600.88000001136,20,127985.88000001134,-49385.0
2022-06-01,224431.5400000114,19,128011.54000001137,-53580.0
2022-06-02,231407.20000001142,20,128047.2000000114,-46640.0
2022-06-03,225403.48000001145,19,128073.48000001143,-52670.0
2022-06-05,227000.98000001145,18,128073.48000001143,-51072.5
2022-06-06,224782.24000001146,19,128082.24000001144,-53300.0
2022-06-07,228436.00000001147,18,128091.00000001145,-49655.0
2022-06-08,225672.2800000115,18,128117.28000001148,-52445.0
2022-06-09,217619.22000001156,20,128169.22000001154,-60550.0
2022-06-10,206351.79000001162,21,128230.5400000116,-71878.75
2022-06-12,200960.54000001162,19,128230.5400000116,-77270.0
2022-06-13,194093.28000001167,20,128227.03000001165,-84133.75
2022-06-14,191617.0500000117,19,128244.55000001167,-86627.5
2022-06-15,196957.10000001173,20,128288.35000001172,-81331.25
2022-06-16,185652.10000001173,19,128288.35000001172,-92636.25
2022-06-17,185043.36000001174,19,128297.11000001173,-93253.75
2022-06-19,185708.36000001174,19,128297.11000001173,-92588.75
2022-06-20,189935.86000001174,19,128297.11000001173,-88361.25
2022-06-21,189550.25000001176,20,128305.25000001174,-88755.0
2022-06-22,191642.1600000118,20,128340.91000001178,-86698.75
2022-06-23,197659.6700000118,20,128349.67000001179,-80690.0
2022-06-24,207064.6700000118,19,128349.67000001179,-71285.0
2022-06-26,208157.1700000118,19,128349.67000001179,-70192.5
2022-06-27,205668.48000001186,20,128402.23000001184,-72733.75
2022-06-28,199219.7700000119,20,128437.27000001188,-79217.5
2022-06-29,197283.56000001193,20,128472.31000001192,-81188.75
2022-06-30,192132.34000001196,19,128498.59000001194,-86366.25
2022-07-01,198734.84000001196,19,128498.59000001194,-79763.75
2022-07-03,196811.09000001196,19,128498.59000001194,-81687.5
2022-07-04,199732.34000001196,19,128498.59000001194,-78766.25
2022-07-05,199529.880000012,20,128533.63000001198,-79003.75
2022-07-06,201108.67000001203,20,128568.67000001202,-77460.0
2022-07-07,204798.68000001204,20,128577.43000001203,-73778.75
2022-07-08,206501.28000001214,20,128665.03000001212,-72163.75
2022-07-10,203841.28000001214,19,128665.03000001212,-74823.75
2022-07-11,199914.45000001218,21,128699.45000001216,-78785.0
2022-07-12,199284.4900000122,21,128734.4900000122,-79450.0
2022-07-13,196410.77000001224,21,128760.77000001223,-82350.0
2022-07-14,197094.53000001225,21,128769.53000001224,-81675.0
2022-07-15,202951.43000001227,20,128796.43000001226,-75845.0
2022-07-17,204305.18000001227,19,128796.43000001226,-74491.25
2022-07-18,200257.0900000123,21,128822.0900000123,-78565.0
2022-07-19,211845.2200000123,20,128831.4700000123,-66986.25
2022-07-20,211515.25000001234,20,128857.75000001233,-67342.5
2022-07-21,214311.52000001236,19,128875.27000001234,-64563.75
2022-07-22,212206.53000001237,19,128884.03000001235,-66677.5
2022-07-24,212016.53000001237,19,128884.03000001235,-66867.5
2022-07-25,211835.29000001238,19,128892.79000001236,-67057.5
2022-07-26,211237.84000001242,20,128936.59000001241,-67698.75
2022-07-27,217192.86000001244,20,128954.11000001243,-61761.25
2022-07-28,224794.75000001246,19,128972.25000001244,-54177.5
2022-07-29,228111.01000001247,19,128981.01000001245,-50870.0
2022-07-31,226446.01000001247,18,128981.01000001245,-52535.0
2022-08-01,225608.53000001248,19,128998.53000001247,-53390.0
2022-08-02,225216.07000001252,19,129033.5700000125,-53817.5
2022-08-03,229797.95000001253,19,129032.95000001251,-49235.0
2022-08-04,230943.61000001256,19,129068.61000001254,-48125.0
2022-08-05,229039.87000001257,19,129077.37000001255,-50037.5
2022-08-07,228814.87000001257,18,129077.37000001255,-50262.5
2022-08-08,230024.8900000126,19,129094.89000001257,-49070.0
2022-08-09,227337.43000001262,19,129129.93000001261,-51792.5
2022-08-10,236368.69000001263,19,129138.69000001262,-42770.0
2022-08-11,235808.10000001267,19,129164.35000001265,-43356.25
2022-08-12,241708.73000001267,19,129236.23000001266,-37527.5
2022-08-14,240831.23000001267,18,129236.23000001266,-38405.0
2022-08-15,242830.61000001268,19,129235.61000001266,-36405.0
2022-08-16,244115.03000001272,20,129280.0300000127,-35165.0
2022-08-17,240996.29000001273,19,129288.79000001271,-38292.5
2022-08-18,241581.95000001276,19,129314.45000001274,-37732.5
2022-08-19,236555.7500000128,22,129348.25000001279,-42792.5
2022-08-21,235138.2500000128,21,129348.25000001279,-44210.0
2022-08-22,227922.66000001284,23,129373.91000001282,-51451.25
2022-08-23,224472.05000001285,23,129382.05000001284,-54910.0
2022-08-24,228718.94000001287,23,129400.19000001285,-50681.25
2022-08-25,233440.82000001287,22,129409.57000001286,-45968.75
2022-08-26,215975.28000001295,24,129469.03000001294,-63493.75
2022-08-28,214325.28000001295,24,129469.03000001294,-65143.75
2022-08-29,215722.80000001297,25,129486.55000001295,-63763.75
2022-08-30,211989.700000013,25,129503.45000001298,-67513.75
2022-08-31,202185.36000001302,25,129539.11000001301,-77353.75
2022-09-01,206724.12000001303,25,129547.87000001302,-72823.75
2022-09-02,202643.53000001307,26,129573.53000001305,-76930.0
2022-09-04,202549.78000001307,25,129573.53000001305,-77023.75
2022-09-05,203456.03000001307,25,129573.53000001305,-76117.5
2022-09-06,197593.5800000131,27,129617.3300000131,-82023.75
2022-09-07,208656.71000001312,26,129616.7100000131,-70960.0
2022-09-08,213288.00000001315,27,129661.75000001314,-66373.75
2022-09-09,219027.38000001316,24,129671.13000001315,-60643.75
2022-09-11,219027.38000001316,23,129671.13000001315,-60643.75
2022-09-12,224441.37000001315,24,129622.62000001315,-55181.25
2022-09-13,204170.1800000132,26,129665.1800000132,-75495.0
2022-09-14,205726.47000001324,25,129710.22000001324,-73983.75
2022-09-15,196782.75000001327,24,129736.50000001327,-82953.75
2022-09-16,198122.7700000133,24,129754.02000001329,-81631.25
2022-09-18,195650.2700000133,23,129754.02000001329,-84103.75
2022-09-19,200805.2800000133,24,129762.7800000133,-78957.5
2022-09-20,195435.32000001334,25,129797.82000001334,-84362.5
2022-09-21,184355.34000001336,24,129815.34000001336,-95460.0
2022-09-22,182561.61000001337,25,129832.86000001337,-97271.25
2022-09-23,176166.0200000134,25,129858.5200000134,-103692.5
2022-09-25,173496.0200000134,24,129858.5200000134,-106362.5
2022-09-26,174382.91000001342,24,129876.66000001342,-105493.75
2022-09-27,167989.18000001344,24,129894.18000001344,-111905.0
2022-09-28,178367.93000001344,23,129894.18000001344,-101526.25
2022-09-29,168401.09000001347,25,129919.84000001347,-111518.75
2022-09-30,163999.90000001353,25,129972.40000001353,-115972.5
2022-10-02,163369.90000001353,24,129972.40000001353,-116602.5
2022-10-03,177676.79000001354,24,130094.29000001354,-102417.5
2022-10-04,185074.30000001355,24,130103.05000001355,-95028.75
2022-10-05,188176.83000001358,24,130129.33000001358,-91952.5
2022-10-06,181216.8600000136,24,130155.6100000136,-98938.75
2022-10-07,169616.91000001365,24,130199.41000001365,-110582.5
2022-10-09,167949.41000001365,23,130199.41000001365,-112250.0
2022-10-10,164514.4600000137,24,130243.2100000137,-115728.75
2022-10-11,164330.14000001375,25,130286.39000001375,-115956.25
2022-10-12,163175.79000001377,24,130313.29000001377,-117137.5
2022-10-13,176562.0600000138,24,130330.8100000138,-103768.75
2022-10-14,163537.74000001384,24,130373.99000001384,-116836.25
2022-10-16,165457.74000001384,24,130373.99000001384,-114916.25
2022-10-17,180663.38000001386,24,130694.63000001386,-100031.25
2022-10-18,182894.65000001388,24,130712.15000001388,-97817.5
2022-10-19,174019.6600000139,24,130720.91000001389,-106701.25
2022-10-20,171650.36000001396,25,130781.61000001396,-109131.25
2022-10-21,184169.76000001398,24,130808.51000001398,-96638.75
2022-10-23,183451.01000001398,23,130808.51000001398,-97357.5
2022-10-24,188479.790000014,24,130834.790000014,-92355.0
2022-10-25,191564.80000001402,23,130843.55000001402,-89278.75
2022-10-26,194494.83000001404,24,130869.83000001404,-86375.0
2022-10-27,187954.8800000141,24,130913.63000001409,-92958.75
2022-10-28,201639.8800000141,23,130913.63000001409,-79273.75
2022-10-30,200029.8800000141,23,130913.63000001409,-80883.75
2022-10-31,198664.93000001414,24,130957.43000001414,-82292.5
2022-11-01,196229.94000001415,24,130966.19000001415,-84736.25
2022-11-02,185003.7400000142,24,131009.9900000142,-96006.25
2022-11-03,179357.5100000142,24,131027.51000001421,-101670.0
2022-11-04,184475.0100000142,23,131027.51000001421,-96552.5
2022-11-06,184532.5100000142,23,131027.51000001421,-96495.0
2022-11-07,189046.2600000142,23,131027.51000001421,-91981.25
2022-11-08,192091.29000001424,25,131053.79000001424,-88962.5
2022-11-09,183416.95000001427,25,131079.45000001427,-97662.5
2022-11-10,207552.58000001428,24,131565.08000001428,-74012.5
2022-11-11,211106.3500000143,24,131582.6000000143,-70476.25
2022-11-13,209956.3500000143,23,131582.6000000143,-71626.25
2022-11-14,209169.50000001432,24,131599.50000001432,-72430.0
2022-11-15,210125.15000001434,24,131837.65000001434,-71712.5
2022-11-16,208052.68000001437,24,131863.93000001437,-73811.25
2022-11-17,206267.7100000144,24,131890.2100000144,-75622.5
2022-11-18,208202.7200000144,24,131898.9700000144,-73696.25
2022-11-20,207225.2200000144,23,131898.9700000144,-74673.75
2022-11-21,207165.25000001444,25,131925.25000001444,-74760.0
2022-11-22,212397.75000001444,23,131925.25000001444,-69527.5
2022-11-23,216354.02000001445,25,131942.77000001445,-65588.75
2022-11-24,216440.27000001445,23,131942.77000001445,-65502.5
2022-11-25,215479.66000001447,24,131950.91000001447,-66471.25
2022-11-27,212179.66000001447,24,131950.91000001447,-69771.25
2022-11-28,209385.9400000145,25,131977.1900000145,-72591.25
2022-11-29,207513.46000001451,26,131994.71000001451,-74481.25
2022-11-30,221789.12000001455,25,132030.37000001455,-60241.25
2022-12-01,220092.87000001455,23,132030.37000001455,-61937.5
2022-12-02,219296.63000001456,24,132039.13000001456,-62742.5
2022-12-04,219727.88000001456,23,132039.13000001456,-62311.25
2022-12-05,212431.6700000146,24,132074.1700000146,-69642.5
2022-12-06,206179.22000001464,24,132117.97000001464,-75938.75
2022-12-07,203954.24000001466,24,132135.49000001466,-78181.25
2022-12-08,208773.01000001468,24,132153.01000001468,-73380.0
2022-12-09,203690.5400000147,25,132169.2900000147,-78478.75
2022-12-11,203909.2900000147,25,132169.2900000147,-78260.0
2022-12-12,210455.7800000147,25,132139.53000001473,-71683.75
2022-12-13,215717.0300000147,23,132139.53000001473,-66422.5
2022-12-14,211554.57000001473,23,132174.57000001476,-70620.0
2022-12-15,199143.33000001474,24,132183.33000001477,-83040.0
2022-12-16,193267.10000001476,24,132200.8500000148,-88933.75
2022-12-18,194704.60000001476,23,132200.8500000148,-87496.25
2022-12-19,186187.75000001478,25,132217.7500000148,-96030.0
2022-12-20,192264.67000001483,25,132262.17000001486,-89997.5
2022-12-21,198635.94000001485,24,132279.69000001487,-83643.75
2022-12-22,191100.34000001487,26,132296.5900000149,-91196.25
2022-12-23,192958.4900000149,24,132323.49000001492,-89365.0
2022-12-26,195977.2400000149,23,132323.49000001492,-86346.25
2022-12-27,191861.05000001495,24,132376.05000001498,-90515.0
2022-12-28,186502.32000001497,24,132393.570000015,-95891.25
2022-12-29,192925.46000001498,24,132401.710000015,-89476.25
2022-12-30,192990.50000001502,25,132436.75000001505,-89446.25
2023-01-02,192570.50000001502,24,132436.75000001505,-89866.25
2023-01-03,191402.43000001507,25,132521.1800000151,-91118.75
2023-01-04,193737.4700000151,24,132556.22000001514,-88818.75
2023-01-05,190917.50000001513,25,132582.50000001516,-91665.0
2023-01-06,198430.63000001514,24,132581.88000001517,-84151.25
2023-01-08,200350.63000001514,24,132581.88000001517,-82231.25
2023-01-09,197002.55000001518,25,132715.0500000152,-85712.5
2023-01-10,201925.0800000152,26,132751.33000001524,-80826.25
2023-01-11,207893.85000001523,24,132768.85000001526,-74875.0
2023-01-12,207853.87000001525,24,132786.37000001527,-74932.5
2023-01-13,210766.38000001526,23,132795.13000001528,-72028.75
2023-01-15,211255.13000001526,23,132795.13000001528,-71540.0
2023-01-16,209213.88000001526,23,132795.13000001528,-73581.25
2023-01-17,210266.40000001527,24,132812.6500000153,-72546.25
2023-01-18,201453.9400000153,25,132837.69000001534,-81383.75
2023-01-19,199349.60000001534,26,132863.35000001537,-83513.75
2023-01-20,207179.64000001538,27,132908.3900000154,-75728.75
2023-01-22,206819.64000001538,24,132908.3900000154,-76088.75
2023-01-23,212930.9200000154,26,132934.67000001544,-70003.75
2023-01-24,210257.20000001544,25,132960.95000001547,-72703.75
2023-01-25,212962.24000001547,25,132995.9900000155,-70033.75
2023-01-26,216234.12000001548,24,133059.1200000155,-66825.0
2023-01-27,218440.3900000155,25,133066.64000001553,-64626.25
2023-01-29,216940.3900000155,25,133066.64000001553,-66126.25
2023-01-30,211725.43000001553,26,133101.68000001556,-71376.25
2023-01-31,218063.58000001556,26,133128.5800000156,-65065.0
2023-02-01,225864.2500000156,25,133173.00000001563,-57308.75
2023-02-02,228688.67000001564,24,133217.42000001567,-54528.75
2023-02-03,226029.93000001565,23,133226.18000001568,-57196.25
2023-02-05,224572.43000001565,22,133226.18000001568,-58653.75
2023-02-06,223938.71000001568,23,133252.4600000157,-59313.75
2023-02-07,229272.4900000157,23,133278.74000001574,-54006.25
2023-02-08,225266.25000001572,23,133287.50000001575,-58021.25
2023-02-09,219261.91000001575,23,133313.16000001578,-64051.25
2023-02-10,220995.67000001576,24,133321.9200000158,-62326.25
2023-02-12,219126.92000001576,23,133321.9200000158,-64195.0
2023-02-13,225825.06000001577,23,133351.3100000158,-57526.25
2023-02-14,224228.8400000158,23,133377.59000001583,-59148.75
2023-02-15,228416.38000001584,23,133412.63000001587,-54996.25
2023-02-16,219042.66000001587,24,133428.9100000159,-64386.25
2023-02-17,219338.9400000159,25,133455.19000001592,-64116.25
2023-02-19,219368.9400000159,24,133455.19000001592,-64086.25
2023-02-20,217418.9400000159,24,133455.19000001592,-66036.25
2023-02-21,210692.74000001594,26,133488.99000001597,-72796.25
2023-02-22,211339.70000001602,26,133568.45000001605,-72228.75
2023-02-23,210950.34000001603,25,133586.59000001606,-72636.25
2023-02-24,206137.86000001605,25,133604.11000001608,-77466.25
2023-02-26,206947.86000001605,24,133604.11000001608,-76656.25
2023-02-27,208179.75000001607,25,133612.2500000161,-75432.5
2023-02-28,206278.5500000161,26,133656.05000001614,-77377.5
2023-03-01,202157.34000001615,26,133691.09000001618,-81533.75
2023-03-02,206572.98000001616,26,133709.2300000162,-77136.25
2023-03-03,215611.74000001617,25,133717.9900000162,-68106.25
2023-03-05,215911.74000001617,24,133717.9900000162,-67806.25
2023-03-06,216629.9000000162,26,133743.65000001623,-67113.75
2023-03-07,207807.46000001626,27,133796.2100000163,-75988.75
2023-03-08,207864.9900000163,26,133822.49000001632,-75957.5
2023-03-09,194721.28000001633,27,133847.53000001636,-89126.25
2023-03-10,193371.28000001633,27,133847.53000001636,-90476.25
2023-03-12,200290.03000001633,27,133847.53000001636,-83557.5
2023-03-13,192966.55000001634,27,133780.30000001634,-90813.75
2023-03-14,199788.46000001638,27,133815.96000001638,-84027.5
2023-03-15,196945.9800000164,26,133833.4800000164,-86887.5
2023-03-16,204322.8600000164,26,133842.8600000164,-79520.0
2023-03-17,198679.16000001645,27,133886.66000001645,-85207.5
2023-03-19,199241.66000001645,25,133886.66000001645,-84645.0
2023-03-20,203625.42000001646,25,133895.42000001646,-80270.0
2023-03-21,209844.17000001646,25,133895.42000001646,-74051.25
2023-03-22,203771.7300000165,26,133947.9800000165,-80176.25
2023-03-23,202773.63000001654,27,133964.88000001654,-81191.25
2023-03-24,206561.15000001655,26,133982.40000001655,-77421.25
2023-03-26,208056.15000001655,26,133982.40000001655,-75926.25
2023-03-27,207033.09000001661,26,134084.34000001661,-77051.25
2023-03-28,207635.60000001662,26,134093.10000001662,-76457.5
2023-03-29,212363.11000001663,26,134101.86000001663,-71738.75
2023-03-30,216849.38000001665,27,134119.38000001665,-67270.0
2023-03-31,222631.90000001667,25,134146.90000001667,-61515.0
2023-04-02,220906.90000001667,23,134146.90000001667,-63240.0
2023-04-03,224086.9200000167,24,134164.4200000167,-60077.5
2023-04-04,221643.85000001674,25,134207.60000001674,-62563.75
2023-04-05,218721.37000001676,25,134225.12000001676,-65503.75
2023-04-06,221387.6500000168,25,134251.4000000168,-62863.75
2023-04-07,223007.6500000168,24,134251.4000000168,-61243.75
2023-04-09,221747.6500000168,24,134251.4000000168,-62503.75
2023-04-10,222806.4100000168,25,134260.1600000168,-61453.75
2023-04-11,222552.68000001682,25,134277.68000001682,-61725.0
2023-04-12,220804.6400000169,25,134429.6400000169,-63625.0
2023-04-13,226568.42000001692,25,134490.92000001692,-57922.5
2023-04-14,226714.130000017,23,134570.380000017,-57856.25
2023-04-16,226549.130000017,22,134570.380000017,-58021.25
2023-04-17,227025.390000017,23,134579.140000017,-57553.75
2023-04-18,227031.05000001704,23,134604.80000001704,-57573.75
2023-04-19,226629.19000001706,23,134622.94000001706,-57993.75
2023-04-20,224904.84000001708,24,134639.84000001708,-59735.0
2023-04-21,224721.1100000171,24,134657.3600000171,-59936.25
2023-04-23,223686.1100000171,23,134657.3600000171,-60971.25
2023-04-24,224201.14000001713,24,134683.64000001713,-60482.5
2023-04-25,219698.0900000172,25,134744.3400000172,-65046.25
2023-04-26,216675.64000001724,27,134778.14000001724,-68102.5
2023-04-27,224493.18000001728,26,134906.93000001728,-60413.75
2023-04-28,229121.9400000173,23,134915.6900000173,-55793.75
2023-04-30,229176.9400000173,22,134915.6900000173,-55738.75
2023-05-01,228337.60000001732,24,134941.35000001732,-56603.75
2023-05-02,223543.91000001738,27,134983.91000001738,-61440.0
2023-05-03,220044.6700000175,25,135107.1700000175,-65062.5
2023-05-04,217614.6700000175,24,135107.1700000175,-67492.5
2023-05-05,224376.5500000175,25,135106.5500000175,-60730.0
2023-05-07,224064.0500000175,25,135106.5500000175,-61042.5
2023-05-08,224755.99000001757,25,135168.49000001757,-60412.5
2023-05-09,223102.2700000176,25,135194.7700000176,-62092.5
2023-05-10,225858.55000001763,25,135221.05000001763,-59362.5
2023-05-11,224517.31000001763,25,135229.81000001763,-60712.5
2023-05-12,222512.35000001767,25,135264.85000001767,-62752.5
2023-05-14,223142.35000001767,24,135264.85000001767,-62122.5
2023-05-15,223781.11000001768,25,135273.61000001768,-61492.5
2023-05-16,222340.5000000177,25,135281.7500000177,-62941.25
2023-05-17,227153.03000001772,25,135395.53000001772,-58242.5
2023-05-18,232744.94000001776,24,135431.19000001776,-52686.25
2023-05-19,230416.8500000178,24,135456.8500000178,-55040.0
2023-05-21,231020.6000000178,23,135456.8500000178,-54436.25
2023-05-22,232240.6200000178,23,135474.3700000178,-53233.75
2023-05-23,226468.16000001784,24,135509.41000001784,-59041.25
2023-05-24,223955.68000001786,24,135526.93000001786,-61571.25
2023-05-25,225171.94000001787,24,135535.69000001787,-60363.75
2023-05-26,232931.3400000179,23,135562.5900000179,-52631.25
2023-05-28,233261.3400000179,22,135562.5900000179,-52301.25
2023-05-29,233288.8400000179,22,135562.5900000179,-52273.75
2023-05-30,231443.90000001795,23,135615.15000001795,-54171.25
2023-05-31,230122.68000001798,24,135641.43000001798,-55518.75
2023-06-01,234796.460000018,23,135667.710000018,-50871.25
2023-06-02,240497.72000001802,22,135742.72000001802,-45245.0
2023-06-04,239975.22000001802,22,135742.72000001802,-45767.5
2023-06-05,239684.00000001804,23,135769.00000001804,-46085.0
2023-06-06,241112.78000001807,23,135795.28000001807,-44682.5
2023-06-07,238637.2000000181,22,135839.7000000181,-47202.5
2023-06-08,241305.97000001813,22,135857.22000001813,-44551.25
2023-06-09,242338.51000001817,22,135892.26000001817,-43553.75
2023-06-11,242863.51000001817,21,135892.26000001817,-43028.75
2023-06-12,247120.6000000182,22,135860.6000000182,-38740.0
2023-06-13,248996.89000001823,20,135961.89000001823,-36965.0
2023-06-14,249274.4500000183,19,136014.4500000183,-36740.0
2023-06-15,253441.3300000183,19,136013.8300000183,-32572.5
2023-06-16,252973.86000001832,20,136126.36000001832,-33152.5
2023-06-18,252071.36000001832,19,136126.36000001832,-34055.0
2023-06-19,251525.11000001832,19,136126.36000001832,-34601.25
2023-06-20,250670.78000001836,21,136160.78000001836,-35490.0
2023-06-21,248123.34000001842,21,136213.34000001842,-38090.0
2023-06-22,247915.86000001844,21,136230.86000001844,-38315.0
2023-06-23,246127.76000001846,22,136247.76000001846,-40120.0
2023-06-25,247335.26000001846,21,136247.76000001846,-38912.5
2023-06-26,245256.5600000185,21,136291.5600000185,-41035.0
2023-06-27,248496.57000001852,21,136300.32000001852,-37803.75
2023-06-28,249454.74000001856,22,136344.74000001856,-36890.0
2023-06-29,251129.14000001858,20,136371.64000001858,-35242.5
2023-06-30,255449.80000001861,19,136407.30000001861,-30957.5
2023-07-02,256012.30000001861,18,136407.30000001861,-30395.0
2023-07-03,256246.06000001862,19,136416.06000001862,-30170.0
2023-07-04,256066.06000001862,18,136416.06000001862,-30350.0
2023-07-05,254247.96000001865,19,136432.96000001865,-32185.0
2023-07-06,251985.48000001867,21,136450.48000001867,-34465.0
2023-07-07,250978.62000001868,22,136448.62000001868,-35470.0
2023-07-09,249466.12000001868,22,136448.62000001868,-36982.5
2023-07-10,251975.5100000187,23,136466.7600000187,-34491.25
2023-07-11,254793.04000001872,21,136503.04000001872,-31710.0
2023-07-12,258988.70000001875,19,136661.20000001875,-27672.5
2023-07-13,261058.70000001875,18,136661.20000001875,-25602.5
2023-07-14,260430.60000001878,19,136678.10000001878,-26247.5
2023-07-16,260169.35000001878,19,136678.10000001878,-26508.75
2023-07-17,261733.1100000188,19,136686.8600000188,-24953.75
2023-07-18,265081.8700000188,19,136705.6200000188,-21623.75
2023-07-19,265425.05000001885,17,136758.80000001885,-21333.75
2023-07-20,263810.7200000189,18,136793.2200000189,-22982.5
2023-07-21,263380.1200000189,18,136811.3700000189,-23431.25
2023-07-23,263312.6200000189,18,136811.3700000189,-23498.75
2023-07-24,265013.90000001894,18,136887.65000001894,-21873.75
2023-07-25,266071.42000001896,17,136905.17000001896,-20833.75
2023-07-26,267015.220000019,17,136948.970000019,-19933.75
2023-07-27,264324.0400000191,17,137034.04000001907,-22710.0
2023-07-28,267203.4400000191,16,137060.9400000191,-19857.5
2023-07-30,266565.9400000191,15,137060.9400000191,-20495.0
2023-07-31,268017.2200000191,16,137087.22000001912,-19070.0
2023-08-01,265240.99000001914,16,137104.74000001914,-21863.75
2023-08-02,262407.2800000192,16,137139.78000001918,-24732.5
2023-08-03,261992.32000001922,16,137174.82000001922,-25182.5
2023-08-04,258903.60000001924,18,137191.10000001924,-28287.5
2023-08-06,260412.35000001924,17,137191.10000001924,-26778.75
2023-08-07,261398.62000001926,17,137218.62000001926,-25820.0
2023-08-08,260919.88000001927,16,137227.38000001927,-26307.5
2023-08-09,259629.94000001933,18,137269.94000001933,-27640.0
2023-08-10,258441.25000001938,17,137430.00000001938,-28988.75
2023-08-11,258366.25000001938,15,137430.00000001938,-29063.75
2023-08-13,257316.25000001938,15,137430.00000001938,-30113.75
2023-08-14,260661.2800000194,16,137456.2800000194,-26795.0
2023-08-15,256169.46000001946,18,137499.46000001946,-31330.0
2023-08-16,253544.5000000195,18,137534.5000000195,-33990.0
2023-08-17,250403.8900000195,18,137542.6400000195,-37138.75
2023-08-18,250030.15000001952,18,137551.40000001952,-37521.25
2023-08-20,250455.15000001952,17,137551.40000001952,-37096.25
2023-08-21,252568.30000001955,17,137578.30000001955,-35010.0
2023-08-22,252608.30000001955,16,137578.30000001955,-34970.0
2023-08-23,257937.06000001956,17,137587.06000001956,-29650.0
2023-08-24,250445.8700000196,19,137629.6200000196,-37183.75
2023-08-25,252761.52000001963,18,137656.52000001963,-34895.0
2023-08-27,253016.52000001963,17,137656.52000001963,-34640.0
2023-08-28,255413.42000001966,17,137683.42000001966,-32270.0
2023-08-29,260887.81000001967,16,137701.56000001967,-26813.75
2023-08-30,261935.3500000197,16,137736.6000000197,-25801.25
2023-08-31,261391.00000001973,16,137753.50000001973,-26362.5
2023-09-01,261425.40000001976,16,137882.90000001976,-26457.5
2023-09-03,261631.65000001976,15,137882.90000001976,-26251.25
2023-09-04,261069.15000001976,15,137882.90000001976,-26813.75
2023-09-05,259806.10000001983,17,137943.60000001983,-28137.5
2023-09-06,257484.26000001986,18,137969.26000001986,-30485.0
2023-09-07,256545.53000001988,18,137986.78000001988,-31441.25
2023-09-08,257064.2900000199,18,137995.5400000199,-30931.25
2023-09-10,257170.5400000199,17,137995.5400000199,-30825.0
2023-09-11,259035.09000001987,17,137992.5900000199,-28957.5
2023-09-12,256535.7500000199,18,138018.25000001994,-31482.5
2023-09-13,258719.54000001994,17,138053.29000001997,-29333.75
2023-09-14,261418.32000001997,17,138175.82000002,-26757.5
2023-09-15,256424.00000002002,17,138219.00000002005,-31795.0
2023-09-17,257004.00000002002,16,138219.00000002005,-31215.0
2023-09-18,256621.52000002004,17,138236.52000002007,-31615.0
2023-09-19,255376.56000002008,17,138271.5600000201,-32895.0
2023-09-20,251262.2200000201,18,138297.22000002014,-37035.0
2023-09-21,246354.12000002014,20,138304.12000002016,-41950.0
2023-09-22,244967.91000002017,20,138382.9100000202,-43415.0
2023-09-24,245845.41000002017,18,138382.9100000202,-42537.5
2023-09-25,245102.91000002017,18,138382.9100000202,-43280.0
2023-09-26,241202.3200000202,20,138408.57000002023,-47206.25
2023-09-27,240507.34000002022,20,138426.09000002025,-47918.75
2023-09-28,243094.23000002024,19,138444.23000002027,-45350.0
2023-09-29,242031.75000002026,19,138461.75000002029,-46430.0
2023-10-01,243831.75000002026,18,138461.75000002029,-44630.0
2023-10-02,241491.75000002026,18,138461.75000002029,-46970.0
2023-10-03,234754.2900000203,19,138496.79000002032,-53742.5
2023-10-04,239420.5500000203,19,138505.55000002033,-49085.0
2023-10-05,238434.33000002033,19,138531.83000002036,-50097.5
2023-10-06,243568.11000002036,19,138558.1100000204,-44990.0
2023-10-08,239900.61000002036,18,138558.1100000204,-48657.5
2023-10-09,246074.37000002037,18,138566.8700000204,-42492.5
2023-10-10,247911.8900000204,19,138584.39000002042,-40672.5
2023-10-11,250395.05000002042,18,138620.05000002045,-38225.0
2023-10-12,247265.70000002044,19,138636.95000002047,-41371.25
2023-10-13,244308.22000002046,19,138654.4700000205,-44346.25
2023-10-15,245680.72000002046,18,138654.4700000205,-42973.75
2023-10-16,248276.3800000205,18,138690.13000002052,-40413.75
2023-10-17,248336.4000000205,18,138707.65000002054,-40371.25
2023-10-18,242922.68000002054,18,138733.93000002057,-45811.25
2023-10-19,239742.08000002056,19,138750.8300000206,-49008.75
2023-10-20,234803.97000002058,19,138758.9700000206,-53955.0
2023-10-22,235848.97000002058,19,138758.9700000206,-52910.0
2023-10-23,235471.5000000206,20,138785.25000002063,-53313.75
2023-10-24,236486.52000002062,20,138802.77000002065,-52316.25
2023-10-25,229055.30000002065,21,138829.05000002068,-59773.75
2023-10-26,228712.87000002072,21,138890.37000002075,-60177.5
2023-10-27,224623.52000002074,21,138907.27000002077,-64283.75
2023-10-29,226248.52000002074,20,138907.27000002077,-62658.75
2023-10-30,228048.54000002076,20,138991.0400000208,-60942.5
2023-10-31,231384.18000002077,20,139020.4300000208,-57636.25
2023-11-01,237270.48000002082,20,139064.23000002085,-51793.75
2023-11-02,243271.74000002083,19,139082.99000002086,-45811.25
2023-11-03,247194.88000002084,18,139091.13000002087,-41896.25
2023-11-05,247059.88000002084,18,139091.13000002087,-42031.25
2023-11-06,246864.29000002088,19,139126.7900000209,-42262.5
2023-11-07,248523.09000002092,18,139170.59000002095,-40647.5
2023-11-08,248864.39000002097,18,139214.390000021,-40350.0
2023-11-09,246280.08000002103,19,139266.33000002106,-42986.25
2023-11-10,251348.22000002104,18,139318.22000002107,-37970.0
2023-11-12,250094.47000002104,17,139318.22000002107,-39223.75
2023-11-13,251623.87000002107,18,139335.1200000211,-37711.25
2023-11-14,259698.89000002109,18,139733.8900000211,-30035.0
2023-11-15,259025.80000002112,17,139759.55000002115,-30733.75
2023-11-16,260312.71000002115,17,139795.21000002118,-29482.5
2023-11-17,260008.36000002117,17,139822.1100000212,-29813.75
2023-11-19,259952.11000002117,15,139822.1100000212,-29870.0
2023-11-20,263006.4900000212,16,139821.4900000212,-26815.0
2023-11-21,261992.7700000212,17,139847.77000002124,-27855.0
2023-11-22,263222.1600000212,16,139867.16000002125,-26645.0
2023-11-23,263503.4100000212,15,139867.16000002125,-26363.75
2023-11-24,263417.19000002125,16,139893.44000002128,-26476.25
2023-11-26,262423.44000002125,15,139893.44000002128,-27470.0
2023-11-27,262854.08000002126,16,139901.5800000213,-27047.5
2023-11-28,263592.2400000213,17,139937.24000002132,-26345.0
2023-11-29,263242.8900000213,17,139954.14000002135,-26711.25
2023-11-30,263953.56000002136,17,139998.5600000214,-26045.0
2023-12-01,266203.56000002136,15,139998.5600000214,-23795.0
2023-12-03,265547.31000002136,15,139998.5600000214,-24451.25
2023-12-04,263437.32000002137,16,140007.3200000214,-26570.0
2023-12-05,265077.3300000214,16,140016.0800000214,-24938.75
2023-12-06,262506.1200000214,16,140051.12000002144,-27545.0
2023-12-07,265196.1300000214,16,140059.88000002145,-24863.75
2023-12-08,266534.91000002145,16,140086.16000002148,-23551.25
2023-12-10,266347.41000002145,15,140086.16000002148,-23738.75
2023-12-11,268042.5900000215,16,140075.0900000215,-22032.5
2023-12-12,269832.6000000215,16,140083.8500000215,-20251.25
2023-12-13,275504.4900000215,16,140101.99000002153,-14597.5
2023-12-14,275390.75000002154,14,140110.75000002154,-14720.0
2023-12-15,274760.77000002156,15,140128.27000002156,-15367.5
2023-12-17,275583.27000002156,14,140128.27000002156,-14545.0
2023-12-18,276430.16000002157,15,140136.41000002157,-13706.25
2023-12-19,278488.3100000216,15,140163.3100000216,-11675.0
2023-12-20,273839.63000002166,18,140204.63000002166,-16365.0
2023-12-21,276044.01000002166,18,140287.76000002166,-14243.75
2023-12-22,276966.5700000217,17,140381.57000002172,-13415.0
2023-12-25,277885.3200000217,15,140381.57000002172,-12496.25
2023-12-26,278954.0800000217,15,140390.33000002173,-11436.25
2023-12-27,279888.47000002174,15,140408.47000002174,-10520.0
2023-12-28,279687.25000002177,15,140434.75000002177,-10747.5
2023-12-29,278070.44000002183,16,140486.69000002183,-12416.25
2024-01-01,278670.44000002183,15,140486.69000002183,-11816.25
2024-01-02,275902.97000002186,17,140512.97000002186,-14610.0
2024-01-03,273406.7600000219,16,140548.0100000219,-17141.25
2024-01-04,272013.0300000219,17,140555.5300000219,-18542.5
2024-01-05,272311.19000002195,17,140591.19000002195,-18280.0
2024-01-07,272051.19000002195,16,140591.19000002195,-18540.0
2024-01-08,276928.07000002195,16,140600.57000002195,-13672.5
2024-01-09,276428.120000022,16,140644.370000022,-14216.25
2024-01-10,279435.650000022,16,140670.65000002203,-11235.0
2024-01-11,278007.55000002205,15,140697.55000002205,-12690.0
2024-01-12,278270.07000002207,15,140715.07000002207,-12445.0
2024-01-14,278742.57000002207,14,140715.07000002207,-11972.5
2024-01-15,277517.57000002207,14,140715.07000002207,-13197.5
2024-01-16,276773.8700000221,16,140758.8700000221,-13985.0
2024-01-17,275128.89000002213,15,140776.39000002213,-15647.5
2024-01-18,278558.91000002215,15,140793.91000002215,-12235.0
2024-01-19,282443.91000002215,14,140793.91000002215,-8350.0
2024-01-21,283301.41000002215,14,140793.91000002215,-7492.5
2024-01-22,283238.29000002216,15,140793.29000002216,-7555.0
2024-01-23,284963.93000002217,15,140811.43000002217,-5847.5
2024-01-24,284583.3500000222,14,140910.8500000222,-6327.5
2024-01-25,284893.37000002223,14,140928.37000002223,-6035.0
2024-01-26,285541.52000002225,15,140945.27000002225,-5403.75
2024-01-28,285471.52000002225,14,140945.27000002225,-5473.75
2024-01-29,288218.40000002226,14,140954.65000002226,-2736.25
2024-01-30,286806.5600000223,14,140980.3100000223,-4173.75
2024-01-31,283507.88000002236,16,141041.63000002236,-7533.75
2024-02-01,288442.88000002236,14,141041.63000002236,-2598.75
2024-02-02,289646.6700000224,14,141141.6700000224,-1495.0
2024-02-04,289384.1700000224,10,141141.6700000224,-1757.5
2024-02-05,289507.34000002244,13,141196.09000002244,-1688.75
2024-02-06,290029.86000002245,12,141223.61000002245,-1193.75
2024-02-07,292383.6800000225,11,142468.68000002252,-85.0
2024-02-08,292509.98000002257,7,142537.48000002257,-27.5
2024-02-09,293078.7700000226,5,143066.2700000226,12.5
2024-02-11,293076.2700000226,1,143066.2700000226,10.0
2024-02-12,292456.9700000227,8,143226.97000002267,-770.0
2024-02-13,290147.68000002275,16,143356.43000002275,-3208.75
2024-02-14,292691.45000002277,12,143383.95000002277,-692.5
2024-02-15,294395.2600000228,12,144517.76000002283,-122.5
2024-02-16,293725.3200000229,9,144555.32000002288,-830.0
2024-02-18,294152.8200000229,9,144555.32000002288,-402.5
2024-02-19,293297.8200000229,9,144555.32000002288,-1257.5
2024-02-20,292283.52000002295,16,144661.02000002295,-2377.5
2024-02-21,295042.930000023,13,144711.68000002299,331.25
2024-02-22,296899.27000002307,11,146863.02000002307,36.25
2024-02-23,296706.1600000231,5,146876.16000002308,-170.0
2024-02-25,296636.1600000231,4,146876.16000002308,-240.0
2024-02-26,296196.22000002314,9,146928.72000002314,-732.5
2024-02-27,296828.1400000232,13,146968.14000002318,-140.0
2024-02-28,296775.0600000232,12,147022.56000002322,-247.5
2024-02-29,298342.0300000233,12,148213.2800000233,128.75
2024-03-01,298828.33000002336,5,148634.58000002336,193.75
2024-03-03,298858.33000002336,3,148634.58000002336,223.75
2024-03-04,298769.0200000234,4,149049.02000002342,-280.0
2024-03-05,297563.52000002353,17,149163.52000002353,-1600.0
2024-03-06,298496.0600000236,13,149351.06000002357,-855.0
2024-03-07,301086.79000002367,11,151053.04000002367,33.75
2024-03-08,299638.1900000238,15,151390.6900000238,-1752.5
2024-03-10,298763.1900000238,14,151390.6900000238,-2627.5
2024-03-11,300001.49000002386,16,151437.74000002386,-1436.25
2024-03-12,302204.6500000239,13,151567.1500000239,637.5
2024-03-13,302220.9300000239,11,151608.43000002392,612.5
2024-03-14,301238.47000002395,12,151663.47000002395,-425.0
2024-03-15,299688.500000024,13,151689.75000002398,-2001.25
2024-03-17,300288.500000024,12,151689.75000002398,-1401.25
2024-03-18,301132.890000024,13,151702.890000024,-570.0
2024-03-19,303214.2300000241,14,153245.48000002408,-31.25
2024-03-20,304279.93000002415,4,154004.93000002415,275.0
2024-03-21,304184.9900000242,7,154384.9900000242,-200.0
2024-03-22,303650.68000002427,11,154436.93000002427,-786.25
2024-03-24,303650.68000002427,11,154436.93000002427,-786.25
2024-03-25,303309.4600000243,15,154448.2100000243,-1138.75
2024-03-26,303095.1200000243,16,154525.12000002433,-1430.0
2024-03-27,305005.1700000244,16,154863.92000002437,141.25
2024-03-28,305090.8200000244,10,154905.8200000244,185.0
2024-03-31,306170.8200000244,9,154905.8200000244,1265.0
2024-04-01,304465.8400000244,10,154947.09000002441,-481.25
2024-04-02,303163.38000002445,14,154972.13000002445,-1808.75
2024-04-03,304425.3100000245,16,155284.0600000245,-858.75
2024-04-04,299417.2800000246,16,155516.0300000246,-6098.75
2024-04-05,303260.4300000246,15,155567.93000002461,-2307.5
2024-04-07,302660.4300000246,12,155567.93000002461,-2907.5
2024-04-08,303220.47000002465,13,155602.97000002465,-2382.5
2024-04-09,303849.2700000247,13,155646.7700000247,-1797.5
2024-04-10,300384.2700000247,12,155646.7700000247,-5262.5
2024-04-11,302637.4000000247,13,155646.1500000247,-3008.75
2024-04-12,297611.20000002475,14,155689.95000002475,-8078.75
2024-04-14,298586.20000002475,13,155689.95000002475,-7103.75
2024-04-15,292843.7300000248,14,155716.23000002478,-12872.5
2024-04-16,293635.0300000248,14,155760.03000002482,-12125.0
2024-04-17,291823.79000002483,14,155768.79000002483,-13945.0
2024-04-18,286631.95000002487,15,155794.45000002487,-19162.5
2024-04-19,286690.7400000249,16,155819.4900000249,-19128.75
2024-04-21,287690.7400000249,16,155819.4900000249,-18128.75
2024-04-22,290104.52000002493,16,155959.52000002493,-15855.0
2024-04-23,295266.42000002495,14,156026.42000002495,-10760.0
2024-04-24,291900.840000025,15,156060.840000025,-14160.0
2024-04-25,295271.50000002503,15,156096.50000002503,-10825.0
2024-04-26,295773.39000002504,14,156104.64000002504,-10331.25
2024-04-28,296613.39000002504,14,156104.64000002504,-9491.25
2024-04-29,296597.79000002507,15,156204.04000002507,-9606.25
2024-04-30,291562.8300000251,14,156239.0800000251,-14676.25
2024-05-01,292095.99000002514,14,156264.74000002514,-14168.75
2024-05-02,294434.13000002515,14,156380.38000002515,-11946.25
2024-05-03,298002.9100000252,14,156406.66000002518,-8403.75
2024-05-05,297889.1600000252,13,156406.66000002518,-8517.5
2024-05-06,301067.9400000252,14,156432.9400000252,-5365.0
2024-05-07,301352.34000002523,15,156449.84000002523,-5097.5
2024-05-08,301028.60000002524,14,156458.60000002524,-5430.0
2024-05-09,303265.50000002526,15,156485.50000002526,-3220.0
2024-05-10,303384.9200000253,13,156547.4200000253,-3162.5
2024-05-12,303834.9200000253,12,156547.4200000253,-2712.5
2024-05-13,303351.8100000253,14,156555.56000002532,-3203.75
2024-05-14,305436.20000002533,13,156573.70000002533,-1137.5
2024-05-15,307975.0200000254,12,157786.2700000254,188.75
2024-05-16,307430.09000002546,8,158058.84000002546,-628.75
2024-05-17,308087.0300000255,13,158125.78000002552,-38.75
2024-05-19,308444.5300000255,11,158125.78000002552,318.75
2024-05-20,308377.05000002554,12,158153.30000002554,223.75
2024-05-21,309103.94000002556,12,158181.44000002556,922.5
2024-05-22,309947.7400000256,13,158250.2400000256,1697.5
2024-05-23,308372.29000002577,16,159831.04000002577,-1458.75
2024-05-24,309859.8200000258,13,160068.5700000258,-208.75
2024-05-26,309691.0700000258,9,160068.5700000258,-377.5
2024-05-27,310253.5700000258,9,160068.5700000258,185.0
2024-05-28,309359.89000002586,13,160164.89000002586,-805.0
2024-05-29,307024.3000000259,10,160205.5500000259,-3181.25
2024-05-30,306334.420000026,16,160380.670000026,-4046.25
2024-05-31,309476.98000002606,17,160513.23000002606,-1036.25
2024-06-02,309901.98000002606,10,160513.23000002606,-611.25
2024-06-03,309504.5000000261,11,160540.75000002608,-1036.25
2024-06-04,310218.2600000261,11,160554.5100000261,-336.25
2024-06-05,311933.95000002615,10,161812.70000002615,121.25
2024-06-06,312197.7700000262,8,161974.0200000262,223.75
2024-06-07,312591.0100000263,10,163024.76000002632,-433.75
2024-06-09,312658.5100000263,6,163024.76000002632,-366.25
2024-06-10,313107.92000002635,7,163080.42000002635,27.5
2024-06-11,313889.2500000264,7,163883.00000002643,6.25
2024-06-12,314473.1100000265,10,164288.11000002653,185.0
2024-06-13,315020.65000002657,14,164313.15000002657,707.5
2024-06-14,314715.7000000266,14,164381.9500000266,333.75
2024-06-16,314715.7000000266,13,164381.9500000266,333.75
2024-06-17,316119.58000002673,14,166135.8300000267,-16.25
2024-06-18,316333.99000002677,3,166191.49000002674,142.5
2024-06-19,316433.99000002677,2,166191.49000002674,242.5
2024-06-20,316257.84000002686,9,166504.09000002683,-246.25
2024-06-21,316037.8800000269,11,166544.13000002687,-506.25
2024-06-23,315550.3800000269,10,166544.13000002687,-993.75
2024-06-24,315379.82000002696,15,166596.07000002693,-1216.25
2024-06-25,316309.240000027,16,166725.49000002697,-416.25
2024-06-26,315576.140000027,11,166767.390000027,-1191.25
2024-06-27,317333.65000002703,10,166781.150000027,552.5
2024-06-28,317044.41000002716,14,167935.66000002713,-891.25
2024-06-30,317284.41000002716,12,167935.66000002713,-651.25
2024-07-01,316478.8200000272,14,167976.32000002716,-1497.5
2024-07-02,319453.89000002726,13,169496.39000002723,-42.5
2024-07-03,319575.78000002727,2,169619.53000002724,-43.75
2024-07-04,319620.78000002727,2,169619.53000002724,1.25
2024-07-05,319992.6900000273,3,170006.44000002727,-13.75
2024-07-07,319988.9400000273,1,170006.44000002727,-17.5
2024-07-08,320135.2100000273,3,170033.9600000273,101.25
2024-07-09,320120.86000002734,4,170155.8600000273,-35.0
2024-07-10,320695.2800000274,4,170706.53000002736,-11.25
2024-07-11,319923.5100000275,11,170783.51000002745,-860.0
2024-07-12,321436.80000002764,10,172343.0500000276,-906.25
2024-07-14,321774.30000002764,9,172343.0500000276,-568.75
2024-07-15,323338.79000002774,9,173211.29000002771,127.5
2024-07-16,324203.2200000278,9,174226.97000002777,-23.75
2024-07-17,324055.78000002785,10,174249.53000002782,-193.75
2024-07-18,322174.660000028,16,174448.41000002794,-2273.75
2024-07-19,318847.840000028,16,174526.590000028,-5678.75
2024-07-21,319600.340000028,14,174526.590000028,-4926.25
2024-07-22,321977.24000002805,14,174667.24000002802,-2690.0
2024-07-23,320698.5300000281,12,174722.28000002805,-4023.75
2024-07-24,314634.2000000281,16,174751.7000000281,-10117.5
2024-07-25,313257.37000002817,16,174811.12000002814,-11553.75
2024-07-26,316045.5500000282,15,174945.5500000282,-8900.0
2024-07-28,317760.5500000282,14,174945.5500000282,-7185.0
2024-07-29,315293.6800000282,15,174944.9300000282,-9651.25
2024-07-30,315880.58000002825,15,175025.58000002822,-9145.0
2024-07-31,322037.5100000283,14,175153.76000002827,-3116.25
2024-08-01,312618.81000002834,16,175192.56000002832,-12573.75
2024-08-02,306307.5900000284,16,175218.84000002834,-18911.25
2024-08-04,301413.8400000284,15,175218.84000002834,-23805.0
2024-08-05,301731.3600000284,16,175236.36000002836,-23505.0
2024-08-06,302960.7600000284,16,175253.2600000284,-22292.5
2024-08-07,296555.79000002844,17,175535.7900000284,-28980.0
2024-08-08,306461.44000002847,16,175616.44000002844,-19155.0
2024-08-09,307256.4700000285,16,175642.72000002846,-18386.25
2024-08-11,307518.9700000285,15,175642.72000002846,-18123.75
2024-08-12,308079.01000002853,16,175677.7600000285,-17598.75
2024-08-13,314237.77000002854,15,175686.5200000285,-11448.75
2024-08-14,316747.8100000286,16,175721.56000002855,-8973.75
2024-08-15,322409.0900000286,15,176364.09000002858,-3955.0
2024-08-16,322642.87000002863,12,176405.3700000286,-3762.5
2024-08-18,322945.37000002863,11,176405.3700000286,-3460.0
2024-08-19,325379.14000002865,12,176432.89000002862,-1053.75
2024-08-20,325241.6700000287,12,176474.17000002865,-1232.5
2024-08-21,325667.9600000287,13,176529.2100000287,-861.25
2024-08-22,324458.00000002875,12,176584.25000002873,-2126.25
2024-08-23,326726.7700000288,12,176611.77000002874,115.0
2024-08-25,326451.7700000288,11,176611.77000002874,-160.0
2024-08-26,325814.9400000288,13,176666.1900000288,-851.25
2024-08-27,326306.85000002885,13,176706.85000002882,-400.0
2024-08-28,322653.7900000289,16,176798.79000002888,-4145.0
2024-08-29,325333.860000029,14,176956.36000002894,-1622.5
2024-08-30,327074.510000029,10,176998.26000002897,76.25
2024-09-01,326917.010000029,9,176998.26000002897,-81.25
2024-09-02,326883.260000029,9,176998.26000002897,-115.0
2024-09-03,318517.71000002907,15,177063.96000002904,-8546.25
2024-09-04,319194.6100000291,14,177105.86000002906,-7911.25
2024-09-05,318165.8800000291,14,177133.38000002908,-8967.5
2024-09-06,311663.43000002916,17,177212.18000002913,-15548.75
2024-09-08,313694.68000002916,13,177212.18000002913,-13517.5
2024-09-09,316434.7100000292,14,177238.46000002915,-10803.75
2024-09-10,316515.9600000292,13,177238.46000002915,-10722.5
2024-09-11,322411.03000002925,14,177299.78000002922,-4888.75
2024-09-12,324809.17000002926,13,177322.92000002923,-2513.75
2024-09-13,326117.3200000293,12,177379.82000002926,-1262.5
2024-09-15,326387.3200000293,9,177379.82000002926,-992.5
2024-09-16,326356.17000002926,10,177371.17000002926,-1015.0
2024-09-17,326824.9500000293,9,177412.4500000293,-587.5
2024-09-18,329251.9600000294,10,178619.46000002942,632.5
2024-09-19,330752.6900000295,6,181022.6900000295,-270.0
2024-09-20,330714.0200000296,12,181087.7700000296,-373.75
2024-09-22,331855.2700000296,11,181087.7700000296,767.5
2024-09-23,331277.7900000296,12,181115.2900000296,162.5
2024-09-24,332478.5200000297,12,182533.5200000297,-55.0
2024-09-25,333597.94000002975,9,182557.94000002975,1040.0
2024-09-26,334509.32000002987,11,184463.07000002987,46.25
2024-09-27,333542.4900000299,12,184502.4900000299,-960.0
2024-09-29,334127.4900000299,12,184502.4900000299,-375.0
2024-09-30,335008.19000003,16,184673.19000002998,335.0
2024-10-01,332996.4500000301,16,184886.4500000301,-1890.0
2024-10-02,332678.37000003015,12,184940.87000003015,-2262.5
2024-10-03,332982.8000000302,12,185009.0500000302,-2026.25
2024-10-04,335549.6900000302,12,185064.6900000302,485.0
2024-10-06,335590.9400000302,11,185064.6900000302,526.25
2024-10-07,332459.7700000303,14,185159.7700000303,-2700.0
2024-10-08,335414.7900000303,13,185246.0400000303,168.75
2024-10-09,336987.4000000304,12,186766.1500000304,221.25
2024-10-10,337059.3600000305,10,186860.6100000305,198.75
2024-10-11,337912.56000003056,8,187890.06000003056,22.5
2024-10-13,337946.31000003056,3,187890.06000003056,56.25
2024-10-14,338704.5000000306,4,188412.00000003062,292.5
2024-10-15,337660.8600000307,14,188488.36000003072,-827.5
2024-10-16,338037.7400000307,14,188502.74000003072,-465.0
2024-10-17,340599.12000003085,13,191220.37000003085,-621.25
2024-10-18,341619.77000003087,9,191269.77000003087,350.0
2024-10-20,341639.77000003087,8,191269.77000003087,370.0
2024-10-21,340986.10000003094,14,191364.85000003094,-378.75
2024-10-22,341196.74000003096,12,191377.99000003096,-181.25
2024-10-23,339187.430000031,16,191429.93000003102,-2242.5
2024-10-24,339048.07000003103,16,191549.32000003103,-2501.25
2024-10-25,339466.2700000311,13,191960.0200000311,-2493.75
2024-10-27,341028.7700000311,10,191960.0200000311,-931.25
2024-10-28,339919.4100000311,11,191973.16000003112,-2053.75
2024-10-29,341521.31000003114,12,192015.06000003114,-493.75
2024-10-30,338719.5200000312,12,192124.52000003122,-3405.0
2024-10-31,333492.7100000313,17,192161.46000003128,-8668.75
2024-11-01,334916.5000000313,16,192276.50000003132,-7360.0
2024-11-03,335726.5000000313,12,192276.50000003132,-6550.0
2024-11-04,333952.78000003134,13,192302.78000003134,-8350.0
2024-11-05,342290.92000003136,12,192340.92000003136,-50.0
2024-11-06,345587.90000003146,11,195542.90000003146,45.0
2024-11-07,345855.4600000315,4,195940.4600000315,-85.0
2024-11-08,346328.64000003156,6,196448.64000003156,-120.0
2024-11-10,346653.64000003156,5,196448.64000003156,205.0
2024-11-11,346582.4300000316,6,196547.4300000316,35.0
2024-11-12,345964.37000003166,11,196599.37000003166,-635.0
2024-11-13,346498.7900000317,11,196668.7900000317,-170.0
2024-11-14,343600.7700000318,16,196795.7700000318,-3195.0
2024-11-15,339409.5500000318,15,196822.05000003183,-7412.5
2024-11-17,340389.5500000318,14,196822.05000003183,-6432.5
2024-11-18,341544.57000003185,15,196839.57000003185,-5295.0
2024-11-19,342778.3500000319,15,196865.85000003187,-4087.5
2024-11-20,341142.1100000319,15,196874.61000003188,-5732.5
2024-11-21,344287.7500000319,15,196892.7500000319,-2605.0
2024-11-22,345959.68000003195,13,196995.93000003195,-1036.25
2024-11-24,347324.68000003195,12,196995.93000003195,328.75
2024-11-25,348568.53000003204,12,198463.53000003204,105.0
2024-11-26,349342.9500000321,6,199207.95000003208,135.0
2024-11-27,349394.29000003217,12,199271.79000003217,122.5
2024-11-28,350068.04000003217,11,199271.79000003217,796.25
2024-11-29,350454.9800000322,11,200421.23000003223,33.75
2024-12-01,350342.4800000322,2,200421.23000003223,-78.75
2024-12-02,350566.88000003225,2,200463.13000003225,103.75
2024-12-03,350669.4300000323,2,200531.9300000323,137.5
2024-12-04,350803.2100000323,2,200735.71000003233,67.5
2024-12-05,350723.8900000324,4,200898.89000003238,-175.0
2024-12-06,350935.1600000324,5,200945.1600000324,-10.0
2024-12-08,350885.1600000324,4,200945.1600000324,-60.0
2024-12-09,349740.85000003246,13,200967.10000003246,-1226.25
2024-12-10,349031.5100000325,16,201009.0100000325,-1977.5
2024-12-11,351305.31000003254,16,201510.31000003254,-205.0
2024-12-12,350475.3700000326,12,201592.8700000326,-1117.5
2024-12-13,349817.29000003263,14,201632.29000003263,-1815.0
2024-12-15,350288.54000003263,13,201632.29000003263,-1343.75
2024-12-16,351386.8400000327,15,201638.09000003268,-251.25
2024-12-17,350363.77000003273,16,201766.27000003273,-1402.5
2024-12-18,336120.1700000329,18,201897.67000003287,-15777.5
2024-12-19,333251.4200000329,17,201897.67000003287,-18646.25
2024-12-20,340577.0800000329,17,201933.3300000329,-11356.25
2024-12-22,343137.0800000329,16,201933.3300000329,-8796.25
2024-12-23,343740.88000003295,17,201977.13000003295,-8236.25
2024-12-24,348603.40000003297,16,202074.65000003297,-3471.25
2024-12-25,348753.40000003297,12,202074.65000003297,-3321.25
2024-12-26,347723.440000033,12,202124.690000033,-4401.25
2024-12-27,344222.24000003305,17,202153.49000003305,-7931.25
2024-12-29,343302.24000003305,16,202153.49000003305,-8851.25
2024-12-30,338319.7600000331,17,202171.01000003307,-13851.25
2024-12-31,336994.8000000331,17,202206.0500000331,-15211.25
2025-01-01,338354.8000000331,16,202206.0500000331,-13851.25
2025-01-02,336132.3200000331,17,202223.57000003313,-16091.25
2025-01-03,340789.84000003315,17,202241.09000003315,-11451.25
2025-01-05,340989.84000003315,16,202241.09000003315,-11251.25
2025-01-06,343751.18000003323,16,202379.93000003323,-8628.75
2025-01-07,340521.2600000333,14,202471.2600000333,-11950.0
2025-01-08,339223.17000003334,15,202506.92000003334,-13283.75
2025-01-09,339190.67000003334,13,202506.92000003334,-13316.25
2025-01-10,333898.2500000334,14,202577.0000000334,-18678.75
2025-01-12,332598.2500000334,13,202577.0000000334,-19978.75
2025-01-13,335897.0000000334,13,202577.0000000334,-16680.0
2025-01-14,335378.27000003343,14,202594.52000003343,-17216.25
2025-01-15,342267.65000003343,14,202593.90000003343,-10326.25
2025-01-16,342113.9400000335,14,202666.44000003347,-10552.5
2025-01-17,345348.9700000335,14,202936.4700000335,-7587.5
2025-01-19,345313.9700000335,14,202936.4700000335,-7622.5
2025-01-20,345996.4700000335,14,202936.4700000335,-6940.0
2025-01-21,349973.9900000335,14,203085.24000003352,-3111.25
2025-01-22,350605.88000003353,13,203193.38000003353,-2587.5
2025-01-23,352410.91000003356,14,203249.66000003356,-838.75
2025-01-24,351744.1000000336,13,203331.60000003362,-1587.5
2025-01-26,348369.1000000336,12,203331.60000003362,-4962.5
2025-01-27,346752.90000003367,16,203425.40000003367,-6672.5
2025-01-28,349763.5400000337,13,203433.54000003368,-3670.0
2025-01-29,349377.35000003374,14,203486.10000003374,-4108.75
2025-01-30,350728.0200000338,13,203530.52000003378,-2802.5
2025-01-31,347970.6200000339,14,203653.12000003387,-5682.5
2025-02-02,339430.6200000339,14,203653.12000003387,-14222.5
2025-02-03,345541.9200000339,16,203726.92000003392,-8185.0
2025-02-04,346110.70000003395,15,203753.20000003395,-7642.5
2025-02-05,350240.10000003397,14,203785.10000003397,-3545.0
2025-02-06,350435.770000034,13,203847.020000034,-3411.25
2025-02-07,347432.05000003404,12,203873.30000003404,-6441.25
2025-02-09,348287.05000003404,12,203873.30000003404,-5586.25
2025-02-10,348958.33000003407,13,203899.58000003407,-4941.25
2025-02-11,349710.8500000341,13,203917.1000000341,-4206.25
2025-02-12,349722.1300000341,13,203943.3800000341,-4221.25
2025-02-13,353045.29000003415,13,203984.04000003415,-938.75
2025-02-14,352572.2000000342,12,204024.70000003418,-1452.5
2025-02-16,353202.2000000342,12,204024.70000003418,-822.5
2025-02-17,353277.2000000342,12,204024.70000003418,-747.5
2025-02-18,353693.51000003424,12,204161.01000003424,-467.5
2025-02-19,353346.03000003425,11,204188.53000003425,-842.5
2025-02-20,352665.4300000343,13,204215.43000003428,-1550.0
2025-02-21,346341.74000003433,14,204282.99000003433,-7941.25
2025-02-23,348145.49000003433,13,204282.99000003433,-6137.5
2025-02-24,345018.02000003436,14,204324.27000003436,-9306.25
2025-02-25,343864.9600000344,17,204396.21000003442,-10531.25
2025-02-26,342905.6400000345,14,204454.39000003447,-11548.75
2025-02-27,336693.8200000345,14,204497.57000003452,-17803.75
2025-02-28,341911.98000003456,14,204533.23000003456,-12621.25
2025-03-02,342838.23000003456,13,204533.23000003456,-11695.0
2025-03-03,336274.5000000346,14,204550.75000003458,-18276.25
2025-03-04,333433.2900000346,13,204585.7900000346,-21152.5
2025-03-05,334904.5500000346,13,204594.55000003462,-19690.0
2025-03-06,329373.33000003465,13,204620.83000003465,-25247.5
2025-03-07,329910.85000003467,14,204638.35000003467,-24727.5
2025-03-09,328529.60000003467,13,204638.35000003467,-26108.75
2025-03-10,320357.1200000347,13,204655.8700000347,-34298.75
2025-03-11,318099.6400000347,14,204673.3900000347,-36573.75
2025-03-12,318100.9100000347,14,204690.91000003472,-36590.0
2025-03-13,316885.9700000348,15,204743.47000003478,-37857.5
2025-03-14,320720.9700000348,13,204743.47000003478,-34022.5
2025-03-16,319469.7200000348,13,204743.47000003478,-35273.75
2025-03-17,322663.0100000348,14,204725.51000003482,-32062.5
2025-03-18,320374.93000003486,16,204759.93000003486,-34385.0
2025-03-19,325706.2200000349,15,204804.9700000349,-29098.75
2025-03-20,323076.26000003493,14,204840.01000003493,-31763.75
2025-03-21,323436.300000035,14,204875.05000003497,-31438.75
2025-03-23,325646.300000035,13,204875.05000003497,-29228.75
2025-03-24,329108.820000035,14,204892.570000035,-25783.75
2025-03-25,330321.350000035,14,204918.85000003502,-24597.5
2025-03-26,326138.89000003505,16,204943.89000003505,-28805.0
2025-03-27,324515.1700000351,16,204970.17000003508,-30455.0
2025-03-28,313504.5800000351,17,204995.83000003512,-41491.25
2025-03-30,311564.5800000351,16,204995.83000003512,-43431.25
2025-03-31,316110.86000003514,17,205022.11000003514,-38911.25
2025-04-01,318705.2800000352,17,205066.53000003519,-36361.25
2025-04-02,310284.0700000352,17,205101.57000003522,-44817.5
2025-04-03,298713.48000003526,16,205127.23000003526,-56413.75
2025-04-04,274417.2800000353,17,205171.0300000353,-80753.75
2025-04-06,261157.2800000353,16,205171.0300000353,-94013.75
2025-04-07,280281.08000003535,16,205214.83000003535,-74933.75
2025-04-08,260664.8800000354,18,205258.6300000354,-94593.75
2025-04-09,303053.0200000354,16,205276.7700000354,-52223.75
2025-04-10,291473.05000003544,17,205303.05000003544,-63830.0
2025-04-11,298690.57000003546,16,205320.57000003546,-56630.0
2025-04-13,301784.32000003546,15,205320.57000003546,-53536.25
2025-04-14,301696.2200000355,16,205337.47000003548,-53641.25
2025-04-15,297543.1300000355,16,205373.1300000355,-57830.0
2025-04-16,294942.6100000356,17,205460.1100000356,-60517.5
2025-04-17,293663.26000003563,16,205487.01000003563,-61823.75
2025-04-20,289219.51000003563,15,205487.01000003563,-66267.5
2025-04-21,284206.40000003565,17,205495.15000003565,-71288.75
2025-04-22,298862.0800000357,17,205548.3300000357,-56686.25
2025-04-23,298729.6000000357,15,205565.85000003572,-56836.25
2025-04-24,309848.3500000357,15,205565.85000003572,-45717.5
2025-04-25,310744.6600000358,17,205618.41000003577,-44873.75
2025-04-27,308194.6600000358,15,205618.41000003577,-47423.75
2025-04-28,311502.1900000358,16,205644.6900000358,-44142.5
2025-04-29,311163.4600000358,16,205662.21000003582,-44498.75
2025-04-30,317984.7700000359,16,205714.77000003587,-37730.0
2025-05-01,319961.0700000359,17,205748.57000003592,-35787.5
2025-05-02,323368.60000003595,17,206392.35000003595,-33023.75
2025-05-04,320293.60000003595,15,206392.35000003595,-36098.75
2025-05-05,319736.800000036,17,206453.05000003602,-36716.25
2025-05-06,319556.19000003603,17,206461.19000003603,-36905.0
2025-05-07,322500.60000003607,17,206496.85000003607,-33996.25
2025-05-08,321923.7500000361,18,206521.2500000361,-34597.5
2025-05-09,321458.19000003615,17,206589.44000003615,-35131.25
2025-05-11,327558.19000003615,16,206589.44000003615,-29031.25
2025-05-12,334265.08000003616,16,207725.08000003616,-23460.0
2025-05-13,338328.8600000362,15,207741.3600000362,-19412.5
2025-05-14,337992.69000003627,15,207861.44000003627,-19868.75
2025-05-15,340318.9800000363,14,207896.4800000363,-17577.5
2025-05-16,341318.9900000363,13,207905.2400000363,-16586.25
2025-05-18,338913.9900000363,13,207905.2400000363,-18991.25
2025-05-19,342441.51000003633,14,207922.76000003633,-15481.25
2025-05-20,341031.5700000364,15,207975.3200000364,-16943.75
2025-05-21,335186.03000003647,18,208034.78000003647,-22848.75
2025-05-22,334923.5500000365,17,208052.30000003648,-23128.75
2025-05-23,331169.8300000365,17,208078.5800000365,-26908.75
2025-05-25,335989.8300000365,16,208078.5800000365,-22088.75
2025-05-26,335129.8300000365,16,208078.5800000365,-22948.75
2025-05-27,340335.49000003655,17,208124.24000003655,-17788.75
2025-05-28,345003.6600000366,14,208158.6600000366,-13155.0
2025-05-29,339289.3200000366,14,208426.82000003662,-19137.5
2025-05-30,339634.3800000367,15,208479.38000003668,-18845.0
2025-06-01,337960.6300000367,13,208479.38000003668,-20518.75
2025-06-02,340390.6400000367,14,208488.14000003668,-18097.5
2025-06-03,343780.6700000367,14,208514.4200000367,-14733.75
2025-06-04,343697.57000003674,15,208531.32000003674,-14833.75
2025-06-05,342777.0200000368,15,208615.7700000368,-15838.75
2025-06-06,346044.5400000368,14,208633.29000003682,-12588.75
2025-06-08,345150.7900000368,13,208633.29000003682,-13482.5
2025-06-09,347808.94000003685,14,208650.19000003685,-10841.25
2025-06-10,347349.6000000369,15,208703.35000003688,-11353.75
2025-06-11,345922.80000003695,16,208764.05000003695,-12841.25
2025-06-12,343025.960000037,14,208799.71000003698,-15773.75
2025-06-13,344234.8100000371,14,208887.31000003708,-14652.5
2025-06-15,344836.0600000371,13,208887.31000003708,-14051.25
2025-06-16,346633.7200000371,14,208881.2200000371,-12247.5
2025-06-17,344657.52000003716,16,208915.02000003716,-14257.5
2025-06-18,343895.0900000372,15,208986.34000003722,-15091.25
2025-06-19,343618.8400000372,13,208986.34000003722,-15367.5
2025-06-20,343912.61000003724,14,209003.86000003724,-15091.25
2025-06-22,342352.61000003724,13,209003.86000003724,-16651.25
2025-06-23,349601.38000003726,15,209021.38000003726,-9420.0
2025-06-24,351612.01000003726,14,209020.76000003726,-7408.75
2025-06-25,352280.7800000373,15,209064.53000003728,-6783.75
2025-06-26,355546.4300000373,14,209165.1800000373,-3618.75
2025-06-27,356799.6400000374,15,209289.64000003738,-2490.0
2025-06-29,358419.6400000374,12,209289.64000003738,-870.0
2025-06-30,358423.4200000374,12,209415.9200000374,-992.5
2025-07-01,359052.20000003744,11,209457.20000003744,-405.0
2025-07-02,360050.34000003745,11,209485.34000003745,565.0
2025-07-03,360643.5400000375,9,210799.79000003752,-156.25
2025-07-04,360398.5400000375,2,210799.79000003752,-401.25
2025-07-06,360576.0400000375,2,210799.79000003752,-223.75
2025-07-07,359710.54000003764,16,210944.29000003764,-1233.75
2025-07-08,359223.69000003766,11,210986.19000003766,-1762.5
2025-07-09,360650.6000000377,11,211049.3500000377,-398.75
2025-07-10,361969.4400000378,10,212214.44000003778,-245.0
2025-07-11,361895.75000003783,7,212282.00000003783,-386.25
2025-07-13,361383.25000003783,5,212282.00000003783,-898.75
2025-07-14,362528.90000003786,7,212308.90000003786,220.0
2025-07-15,360602.77000003797,14,213166.52000003797,-2563.75
2025-07-16,362112.87000003806,16,213440.37000003806,-1327.5
2025-07-17,364661.6900000381,10,214589.19000003813,72.5
2025-07-18,364629.2600000382,8,214655.5100000382,-26.25
2025-07-20,364756.7600000382,6,214655.5100000382,101.25
2025-07-21,365019.9700000383,7,215428.72000003827,-408.75
2025-07-22,365816.8900000383,10,215483.14000003831,333.75
2025-07-23,366785.0900000384,8,216726.34000003838,58.75
2025-07-24,367220.77000003844,6,216874.52000003844,346.25
2025-07-25,367420.17000003846,6,216916.42000003846,503.75
2025-07-27,367995.17000003846,5,216916.42000003846,1078.75
2025-07-28,367824.00000003853,8,217565.25000003853,258.75
2025-07-29,367516.5500000386,10,217672.80000003858,-156.25
2025-07-30,369534.2100000387,15,219396.71000003873,137.5
2025-07-31,367807.4300000388,10,219459.93000003882,-1652.5
2025-08-01,362824.3800000389,16,219595.6300000389,-6771.25
2025-08-03,364281.8800000389,11,219595.6300000389,-5313.75
2025-08-04,368147.5100000389,11,219637.5100000389,-1490.0
2025-08-05,366873.81000003894,13,219691.31000003894,-2817.5
2025-08-06,369414.45000003895,12,219719.45000003895,-305.0
2025-08-07,369283.240000039,12,219940.740000039,-657.5
2025-08-08,371250.81000003906,11,221230.81000003906,20.0
2025-08-10,371249.56000003906,1,221230.81000003906,18.75
2025-08-11,371195.2500000391,7,221282.75000003912,-87.5
2025-08-12,372565.9500000392,6,222402.20000003919,163.75
2025-08-13,373086.01000003924,7,222929.76000003924,156.25
2025-08-14,373657.9200000393,6,222970.42000003927,687.5
2025-08-15,372688.61000003933,9,223073.61000003933,-385.0
2025-08-17,373329.86000003933,9,223073.61000003933,256.25
2025-08-18,372440.51000003936,11,223100.51000003936,-660.0
2025-08-19,368958.0800000394,17,223141.83000003942,-4183.75
2025-08-20,369253.7600000395,18,223185.01000003947,-3931.25
2025-08-21,366870.0300000395,18,223202.5300000395,-6332.5
2025-08-22,373656.9900000396,17,223466.99000003957,190.0
2025-08-24,373439.4900000396,6,223466.99000003957,-27.5
2025-08-25,372372.0200000396,8,223493.2700000396,-1121.25
2025-08-26,373863.33000003966,9,223590.83000003966,272.5
2025-08-27,374169.0200000397,6,224252.77000003972,-83.75
2025-08-28,374682.82000003976,5,224762.82000003976,-80.0
2025-08-29,373780.43000003987,14,224839.18000003987,-1058.75
2025-08-31,373569.18000003987,13,224839.18000003987,-1270.0
2025-09-01,373471.68000003987,13,224839.18000003987,-1367.5
2025-09-02,371005.4700000399,16,224924.2200000399,-3918.75
2025-09-03,372986.1000000399,13,224948.6000000399,-1962.5
2025-09-04,376070.50000003993,12,225015.50000003993,1055.0
2025-09-05,376585.01000004006,14,226695.01000004006,-110.0
2025-09-07,377245.01000004006,12,226695.01000004006,550.0
2025-09-08,378440.12000004016,12,228150.12000004016,290.0
2025-09-09,379128.88000004017,7,228163.88000004017,965.0
2025-09-10,379945.21000004024,7,229621.46000004024,323.75
2025-09-11,380685.2700000403,6,230616.5200000403,68.75
2025-09-12,380706.5500000403,3,230657.80000004033,48.75
2025-09-14,380744.0500000403,2,230657.80000004033,86.25
2025-09-15,381166.0000000404,4,230928.50000004037,237.5
2025-09-16,380905.4100000404,5,230969.1600000404,-63.75
2025-09-17,382855.53000004054,10,231089.2800000405,1766.25
2025-09-18,383013.77000004065,10,233020.02000004062,-6.25
2025-09-19,383770.0700000407,7,233781.32000004067,-11.25
2025-09-21,383760.0700000407,1,233781.32000004067,-21.25
2025-09-22,384095.1000000407,2,234043.8500000407,51.25
2025-09-23,383847.6600000408,8,234081.41000004075,-233.75
2025-09-24,383855.8300000408,12,234147.0800000408,-291.25
2025-09-25,381893.3900000409,15,234199.64000004085,-2306.25
2025-09-26,384693.3900000409,14,234199.64000004085,493.75
2025-09-28,385953.3900000409,14,234199.64000004085,1753.75
2025-09-29,386378.500000041,14,236458.50000004095,-80.0
2025-09-30,387380.47000004107,9,237510.47000004104,-130.0
2025-10-01,388401.19000004116,6,238268.69000004113,132.5
2025-10-02,389104.9800000412,7,238477.48000004116,627.5
2025-10-03,389067.6100000413,7,239321.36000004128,-253.75
2025-10-05,389682.6100000413,6,239321.36000004128,361.25
2025-10-06,389548.2500000413,7,239433.2500000413,115.0
2025-10-07,389820.25000004144,13,240149.00000004141,-328.75
2025-10-08,391336.5900000415,12,241346.5900000415,-10.0
2025-10-09,391559.20000004163,13,241422.9500000416,136.25
2025-10-10,379764.45000004186,16,242871.95000004183,-13107.5
2025-10-12,388059.45000004186,14,242871.95000004183,-4812.5
2025-10-13,389443.2200000419,14,243089.47000004185,-3646.25
2025-10-14,390763.92000004195,14,243170.17000004192,-2406.25
2025-10-15,394059.7000000421,13,244624.70000004207,-565.0
2025-10-16,391490.50000004226,16,245898.00000004223,-4407.5
2025-10-17,395908.0200000423,14,245910.52000004225,-2.5
2025-10-19,396704.2700000423,13,245910.52000004225,793.75
2025-10-20,397754.99000004237,13,247652.49000004234,102.5
2025-10-21,397977.5500000424,5,247720.0500000424,257.5
2025-10-22,398728.3400000426,15,247900.84000004255,827.5
2025-10-23,400533.4900000427,15,250400.9900000427,132.5
2025-10-24,400855.42000004277,6,251142.92000004274,-287.5
2025-10-26,402437.92000004277,6,251142.92000004274,1295.0
2025-10-27,402819.8500000428,6,252824.8500000428,-5.0
2025-10-28,403311.15000004286,5,253083.65000004284,227.5
2025-10-29,404171.88000004296,7,253949.38000004293,222.5
2025-10-30,404499.420000043,8,253959.42000004297,540.0
2025-10-31,403803.22000004305,13,253998.22000004302,-195.0
2025-11-02,404658.22000004305,12,253998.22000004302,660.0
2025-11-03,405149.58000004315,12,255964.58000004312,-815.0
2025-11-04,402919.60000004317,10,255962.10000004314,-3042.5
2025-11-05,404785.2600000432,13,255987.76000004317,-1202.5
2025-11-06,399359.08000004326,16,256049.08000004324,-6690.0
2025-11-07,400492.8400000433,15,256057.84000004324,-5565.0
2025-11-09,403267.8400000433,15,256057.84000004324,-2790.0
2025-11-10,406137.8900000433,15,256606.6400000433,-468.75
2025-11-11,407195.44000004337,8,256675.44000004334,520.0
2025-11-12,408077.41000004346,9,257581.16000004343,496.25
2025-11-13,400796.25000004354,17,257635.0000000435,-6838.75
2025-11-14,402132.53000004357,16,257701.28000004354,-5568.75
2025-11-16,403585.03000004357,14,257701.28000004354,-4116.25
2025-11-17,394922.5500000436,15,257718.80000004356,-12796.25
2025-11-18,392533.8100000436,14,257727.56000004357,-15193.75
2025-11-19,401003.8100000436,14,257727.56000004357,-6723.75
2025-11-20,388332.61000004364,16,257761.3600000436,-19428.75
2025-11-21,392449.50000004366,16,257870.75000004363,-15421.25
2025-11-23,393743.25000004366,15,257870.75000004363,-14127.5
2025-11-24,399117.64000004367,16,257888.89000004364,-8771.25
2025-11-25,404586.4200000437,15,257915.17000004367,-3328.75
2025-11-26,406458.34000004374,14,258188.3400000437,-1730.0
2025-11-27,406747.09000004374,11,258188.3400000437,-1441.25
2025-11-28,407870.22000004374,11,258202.72000004372,-332.5
2025-11-30,405432.72000004374,10,258202.72000004372,-2770.0
2025-12-01,405729.6400000438,14,258242.14000004376,-2512.5
2025-12-02,407957.20000004384,13,258364.7000000438,-407.5
2025-12-03,408349.10000004387,11,258406.60000004384,-57.5
2025-12-04,409294.1600000439,12,258489.1600000439,805.0
2025-12-05,409801.79000004404,10,259788.040000044,13.75
2025-12-07,410251.79000004404,8,259788.040000044,463.75
2025-12-08,409441.2300000441,15,259824.98000004407,-383.75
2025-12-09,408856.92000004416,16,260189.42000004413,-1332.5
2025-12-10,410537.7100000443,16,261397.7100000443,-860.0
2025-12-11,412407.1600000443,7,262285.9100000443,121.25
2025-12-12,410630.43000004446,15,262387.93000004446,-1757.5
2025-12-14,411792.93000004446,15,262387.93000004446,-595.0
2025-12-15,408348.1000000445,16,262579.3500000445,-4231.25
2025-12-16,408283.1900000446,16,262748.1900000446,-4465.0
2025-12-17,404803.9200000447,16,262880.1700000447,-8076.25
2025-12-18,408147.0700000447,14,263299.5700000447,-5152.5
2025-12-19,411443.9600000447,13,263312.7100000447,-1868.75
2025-12-21,412133.9600000447,12,263312.7100000447,-1178.75
2025-12-22,413418.99000004475,12,263518.99000004475,-100.0
2025-12-23,414627.8000000448,10,264657.8000000448,-30.0
2025-12-24,414796.5700000448,2,264795.3200000448,1.25
2025-12-25,414811.5700000448,2,264795.3200000448,16.25
2025-12-26,414838.47000004485,3,264822.22000004485,16.25
2025-12-28,414842.22000004485,3,264822.22000004485,20.0
2025-12-29,414765.3800000449,8,264832.8800000449,-67.5
2025-12-30,413943.5500000449,9,264887.3000000449,-943.75
2025-12-31,411220.480000045,16,264910.480000045,-3690.0
2026-01-01,413500.480000045,16,264910.480000045,-1410.0
2026-01-02,413074.29000004503,16,265348.04000004503,-2273.75
2026-01-04,413844.29000004503,14,265348.04000004503,-1503.75
2026-01-05,416734.40000004513,14,266790.65000004513,-56.25
2026-01-06,417895.7500000452,8,267940.7500000452,-45.0
2026-01-07,416845.86000004533,10,268032.11000004533,-1186.25
2026-01-08,417432.1600000454,15,268085.9100000454,-653.75
2026-01-09,419504.7700000455,13,269619.7700000455,-115.0
2026-01-11,418759.7700000455,4,269619.7700000455,-860.0
2026-01-12,419774.1700000455,5,269661.6700000455,112.5
2026-01-13,419398.0000000456,7,269756.7500000456,-358.75
2026-01-14,418752.45000004565,14,269792.45000004565,-1040.0
2026-01-15,422835.7200000458,14,272414.4700000458,421.25
2026-01-16,421562.0000000458,14,272440.7500000458,-878.75
2026-01-18,417450.7500000458,13,272440.7500000458,-4990.0
2026-01-19,416654.5000000458,13,272440.7500000458,-5786.25
2026-01-20,413348.3200000459,16,272547.0700000459,-9198.75
2026-01-21,418549.5900000459,15,272564.5900000459,-4015.0
2026-01-22,420443.3500000459,14,272573.3500000459,-2130.0
2026-01-23,418852.1200000459,14,272590.8700000459,-3738.75
2026-01-25,418445.8700000459,13,272590.8700000459,-4145.0
2026-01-26,423118.40000004595,13,272652.15000004595,466.25
2026-01-27,424268.50000004604,13,273883.50000004604,385.0
2026-01-28,424269.2000000461,7,274012.9500000461,256.25
2026-01-29,425397.5000000463,14,275832.5000000463,-435.0
2026-01-30,425463.83000004635,11,275882.58000004635,-418.75
2026-02-01,422012.58000004635,11,275882.58000004635,-3870.0
2026-02-02,427447.68000004644,11,277312.68000004644,135.0
2026-02-03,426432.8400000466,17,277502.8400000466,-1070.0
2026-02-04,424627.90000004665,15,277555.40000004665,-2927.5
2026-02-05,416789.1900000467,16,277676.6900000467,-10887.5
2026-02-06,426784.8300000467,13,277739.8300000467,-955.0
2026-02-08,427434.8300000467,10,277739.8300000467,-305.0
2026-02-09,428921.8200000468,10,278949.3200000468,-27.5
2026-02-10,429085.63000004686,10,278986.88000004686,98.75
2026-02-11,430470.750000047,9,280210.750000047,260.0
2026-02-12,424015.82000004704,16,280293.32000004704,-6277.5
2026-02-13,423749.60000004707,14,280319.60000004707,-6570.0
2026-02-15,424822.10000004707,13,280319.60000004707,-5497.5
2026-02-16,422270.85000004707,13,280319.60000004707,-8048.75
2026-02-17,425719.6600000471,14,280372.1600000471,-4652.5
2026-02-18,427191.5900000472,13,280465.3400000472,-3273.75
2026-02-19,427000.3900000472,16,280574.1400000472,-3573.75
2026-02-20,428894.15000004723,12,280612.90000004723,-1718.75
2026-02-22,426194.15000004723,10,280612.90000004723,-4418.75
2026-02-23,426175.4700000473,16,280719.2200000473,-4543.75
2026-02-24,428081.1200000473,12,280756.1200000473,-2675.0
2026-02-25,430342.39000004734,11,280886.14000004734,-543.75
2026-02-26,427521.8600000474,13,280994.3600000474,-3472.5
2026-02-27,426257.51000004745,14,281021.26000004745,-4763.75
2026-03-01,423381.26000004745,13,281021.26000004745,-7640.0
2026-03-02,423806.9100000475,15,281048.1600000475,-7241.25
2026-03-03,421091.36000004754,16,281168.86000004754,-10077.5
2026-03-04,425863.26000004756,13,281210.76000004756,-5347.5
2026-03-05,424664.58000004763,14,281272.08000004763,-6607.5
2026-03-06,418300.86000004766,13,281298.36000004766,-12997.5
2026-03-08,410500.86000004766,12,281298.36000004766,-20797.5
2026-03-09,420259.62000004767,12,281307.12000004767,-11047.5
2026-03-10,423252.1800000477,13,281359.6800000477,-8107.5
2026-03-11,416720.94000004773,13,281368.44000004773,-14647.5
2026-03-12,416110.98000004777,13,281403.48000004777,-15292.5
2026-03-13,411184.1100000478,13,281402.8600000478,-20218.75
2026-03-15,414287.8600000478,13,281402.8600000478,-17115.0
2026-03-16,414786.7800000478,13,281418.0300000478,-16631.25
2026-03-17,419080.56000004784,13,281588.06000004784,-12507.5
2026-03-18,411780.6300000479,14,281649.3800000479,-19868.75
2026-03-19,410886.8800000479,13,281649.3800000479,-20762.5
2026-03-20,405626.28000004793,15,281666.28000004793,-26040.0
2026-03-22,401163.78000004793,14,281666.28000004793,-30502.5
2026-03-23,406890.67000004795,14,282040.67000004795,-25150.0
2026-03-24,409833.19000004797,14,282058.19000004797,-22225.0
2026-03-25,409296.94000004797,13,282058.19000004797,-22761.25
2026-03-26,403669.490000048,14,282101.990000048,-28432.5
2026-03-27,393668.250000048,14,282110.750000048,-38442.5
2026-03-29,394399.500000048,13,282110.750000048,-37711.25
2026-03-30,396658.250000048,13,282110.750000048,-35452.5
2026-03-31,405498.250000048,13,282110.750000048,-26612.5
2026-04-01,402754.54000004806,14,282145.79000004806,-29391.25
2026-04-02,407704.5700000481,14,282172.0700000481,-24467.5
2026-04-03,407103.3200000481,13,282172.0700000481,-25068.75
2026-04-05,407655.8200000481,13,282172.0700000481,-24516.25
2026-04-06,408364.6000000481,14,282198.3500000481,-23833.75
2026-04-07,420912.14000004815,14,282233.39000004815,-11321.25
2026-04-08,420686.5600000482,13,282529.0600000482,-11842.5
2026-04-09,424115.3200000482,12,282537.8200000482,-8422.5
2026-04-10,423961.60000004823,13,282564.10000004823,-8602.5
2026-04-12,420256.60000004823,12,282564.10000004823,-12307.5
2026-04-13,427615.36000004824,13,282572.86000004824,-4957.5
2026-04-14,432391.01000004826,12,282639.76000004826,-248.75
2026-04-15,433861.0800000483,9,283711.0800000483,150.0
2026-04-16,434926.20000004844,7,284629.95000004844,296.25
2026-04-17,436709.43000004854,8,286674.43000004854,35.0
2026-04-19,434909.43000004854,8,286674.43000004854,-1765.0
2026-04-20,436891.3700000486,14,286726.3700000486,165.0
2026-04-21,435455.17000004865,16,286805.17000004865,-1350.0
2026-04-22,435318.9600000487,13,286910.2100000487,-1591.25
2026-04-23,435936.5900000488,16,287094.0900000488,-1157.5
2026-04-24,438411.66000004887,11,288306.66000004887,105.0
2026-04-26,438520.41000004887,3,288306.66000004887,213.75
2026-04-27,438762.3100000489,5,288333.5600000489,428.75
2026-04-28,438946.76000004896,9,288399.26000004896,547.5
2026-04-29,440052.5600000491,15,290131.3100000491,-78.75
2026-04-30,441220.7600000492,4,291125.7600000492,95.0
2026-05-01,440047.1000000493,11,291394.6000000493,-1347.5
2026-05-03,441078.3500000493,11,291394.6000000493,-316.25
2026-05-04,439703.44000004936,16,291518.44000004936,-1815.0
2026-05-05,443350.3400000494,13,291821.5900000494,1528.75
2026-05-06,444822.3100000495,10,294768.5600000495,53.75
2026-05-07,445061.1800000496,14,294953.6800000496,107.5
2026-05-08,446668.77000004967,13,296626.27000004967,42.5
2026-05-10,446533.77000004967,3,296626.27000004967,-92.5
2026-05-11,446796.96000004973,4,297039.46000004973,-242.5
2026-05-12,448627.7700000499,14,298519.0200000499,108.75
2026-05-13,449419.72000005,5,299405.97000005,13.75
2026-05-14,449822.94000005006,5,300004.19000005006,-181.25
2026-05-15,448261.15000005014,8,300083.65000005014,-1822.5
2026-05-17,446991.15000005014,8,300083.65000005014,-3092.5
2026-05-18,449099.9500000502,12,300122.4500000502,-1022.5
2026-05-19,447385.0500000503,16,301128.8000000503,-3743.75
2026-05-20,450873.8100000503,10,301231.3100000503,-357.5
2026-05-21,452963.9200000504,9,302280.1700000504,683.75
2026-05-22,452917.8100000505,10,303725.3100000505,-807.5
2026-05-24,456517.8100000505,10,303725.3100000505,2792.5
2026-05-25,455742.8100000505,10,303725.3100000505,2017.5
2026-05-26,455689.18000005063,10,305437.93000005063,251.25
2026-05-27,456464.84000005067,8,305478.59000005067,986.25
