dt,equity,qty,realized,unrealized
2019-05-05,150000.0,0,0.0,0.0
2019-05-06,150042.52,2,122.51999999999998,-80.0
2019-05-07,150158.19,11,116.93999999999994,41.25
2019-05-08,149030.69,11,116.93999999999994,-1086.25
2019-05-09,148648.21,15,114.45999999999992,-1466.25
2019-05-10,151278.22,17,113.21999999999991,1165.0
2019-05-12,148728.22,17,113.21999999999991,-1385.0
2019-05-13,145792.6,18,112.59999999999991,-4320.0
2019-05-14,147795.1,18,112.59999999999991,-2317.5
2019-05-15,148020.1,18,112.59999999999991,-2092.5
2019-05-16,150067.6,18,112.59999999999991,-45.0
2019-05-17,149347.6,18,112.59999999999991,-765.0
2019-05-19,150180.1,18,112.59999999999991,67.5
2019-05-20,148942.6,18,112.59999999999991,-1170.0
2019-05-21,149887.6,18,112.59999999999991,-225.0
2019-05-22,148087.6,18,112.59999999999991,-2025.0
2019-05-23,146332.6,18,112.59999999999991,-3780.0
2019-05-24,146625.1,18,112.59999999999991,-3487.5
2019-05-26,146512.6,18,112.59999999999991,-3600.0
2019-05-27,147255.1,18,112.59999999999991,-2857.5
2019-05-28,143475.1,18,112.59999999999991,-6637.5
2019-05-29,142650.12,22,110.11999999999989,-7460.0
2019-05-30,141357.62,22,110.11999999999989,-8752.5
2019-05-31,138980.76,25,108.25999999999988,-11127.5
2019-06-02,137230.76,25,108.25999999999988,-12877.5
2019-06-03,139241.4,28,106.39999999999986,-10865.0
2019-06-04,147536.4,28,106.39999999999986,-2570.0
2019-06-05,149531.4,28,106.39999999999986,-575.0
2019-06-06,152786.4,28,106.39999999999986,2680.0
2019-06-07,153799.06,28,3801.5600000000018,-2.5
2019-06-09,153854.06,2,3801.5600000000018,52.5
2019-06-10,154006.59,4,4047.8400000000024,-41.25
2019-06-11,153842.22,5,4047.2200000000025,-205.0
2019-06-12,153606.6,6,4046.6000000000026,-440.0
2019-06-13,154206.6,6,4046.6000000000026,160.0
2019-06-14,154056.6,6,4046.6000000000026,10.0
2019-06-16,154229.16,6,4031.6600000000026,197.5
2019-06-17,154026.66,6,4031.6600000000026,-5.0
2019-06-18,154813.57,6,4779.820000000003,33.75
2019-06-19,154898.57,1,4779.820000000003,118.75
2019-06-20,154996.08000000002,1,4974.830000000004,21.25
2019-06-21,154977.33000000002,1,4974.830000000004,2.5
2019-06-23,155039.83000000002,1,4974.830000000004,65.0
2019-06-24,154964.83000000002,1,4974.830000000004,-10.0
2019-06-25,154614.23,6,4971.730000000004,-357.5
2019-06-26,154768.61000000002,7,4971.110000000004,-202.5
2019-06-27,154952.36000000002,7,4971.110000000004,-18.75
2019-06-28,155696.11000000002,7,4971.110000000004,725.0
2019-06-30,156247.36000000002,7,4971.110000000004,1276.25
2019-07-01,156578.03,7,6574.280000000005,3.75
2019-07-02,156630.53,2,6574.280000000005,56.25
2019-07-03,156839.92,2,6823.6700000000055,16.25
2019-07-04,156858.67,1,6823.6700000000055,35.0
2019-07-05,156958.06,4,6821.810000000006,136.25
2019-07-07,156818.06,4,6821.810000000006,-3.75
2019-07-08,156448.06,4,6821.810000000006,-373.75
2019-07-09,156836.19,5,6821.190000000006,15.0
2019-07-10,157498.73,5,7443.730000000007,55.0
2019-07-11,157588.73,3,7443.730000000007,145.0
2019-07-12,157633.73,3,7443.730000000007,190.0
2019-07-14,157689.98,3,7443.730000000007,246.25
2019-07-15,157716.23,3,7443.730000000007,272.5
2019-07-16,157543.73,3,7443.730000000007,100.0
2019-07-17,156982.49000000002,5,7442.490000000007,-460.0
2019-07-18,157804.37,6,7441.870000000007,362.5
2019-07-19,156746.87,6,7441.870000000007,-695.0
2019-07-21,156911.87,6,7441.870000000007,-530.0
2019-07-22,157369.37,6,7441.870000000007,-72.5
2019-07-23,157849.37,6,7441.870000000007,407.5
2019-07-24,158203.78,6,8190.030000000008,13.75
2019-07-25,158180.04,3,8188.790000000008,-8.75
2019-07-26,158315.04,3,8188.790000000008,126.25
2019-07-28,158288.79,3,8188.790000000008,100.0
2019-07-29,158348.79,3,8188.790000000008,160.0
2019-07-30,158323.17,4,8188.170000000008,135.0
2019-07-31,157541.93000000002,6,8186.9300000000085,-645.0
2019-08-01,156349.43000000002,6,8186.9300000000085,-1837.5
2019-08-02,156034.43000000002,6,8186.9300000000085,-2152.5
2019-08-04,154961.93000000002,6,8186.9300000000085,-3225.0
2019-08-05,153199.43000000002,6,8186.9300000000085,-4987.5
2019-08-06,153844.43000000002,6,8186.9300000000085,-4342.5
2019-08-07,154811.93000000002,6,8186.9300000000085,-3375.0
2019-08-08,155832.56,7,8186.310000000009,-2353.75
2019-08-09,155701.31,7,8186.310000000009,-2485.0
2019-08-11,155745.06,7,8186.310000000009,-2441.25
2019-08-12,154336.31,7,8186.310000000009,-3850.0
2019-08-13,156054.44,8,8185.690000000009,-2131.25
2019-08-14,152894.44,8,8185.690000000009,-5291.25
2019-08-15,153772.57,9,8185.070000000009,-4412.5
2019-08-16,154875.07,9,8185.070000000009,-3310.0
2019-08-18,155516.32,9,8185.070000000009,-2668.75
2019-08-19,156461.32,9,8185.070000000009,-1723.75
2019-08-20,155538.82,9,8185.070000000009,-2646.25
2019-08-21,156450.07,9,8185.070000000009,-1735.0
2019-08-22,156697.57,9,8185.070000000009,-1487.5
2019-08-23,153138.2,10,8184.450000000009,-5046.25
2019-08-25,152588.2,10,8184.450000000009,-5596.25
2019-08-26,154688.2,10,8184.450000000009,-3496.25
2019-08-27,154325.7,10,8184.450000000009,-3858.75
2019-08-28,154550.7,10,8184.450000000009,-3633.75
2019-08-29,157225.7,10,8184.450000000009,-958.75
2019-08-30,156750.7,10,8184.450000000009,-1433.75
2019-09-01,156150.7,10,8184.450000000009,-2033.75
2019-09-02,155963.2,10,8184.450000000009,-2221.25
2019-09-03,156288.2,10,8184.450000000009,-1896.25
2019-09-04,158925.7,10,8184.450000000009,741.25
2019-09-05,159442.63,10,9431.380000000008,11.25
2019-09-06,159465.13,1,9431.380000000008,33.75
2019-09-08,159478.88,1,9431.380000000008,47.5
2019-09-09,159463.26,2,9430.760000000007,32.5
2019-09-10,159645.77000000002,4,9429.520000000006,216.25
2019-09-11,160036.42,4,9927.670000000002,108.75
2019-09-12,160093.94,3,10050.189999999999,43.75
2019-09-13,159966.44,3,10050.189999999999,-83.75
2019-09-15,159707.72,3,10042.72,-335.0
2019-09-16,159825.85,4,10042.099999999999,-216.25
2019-09-17,159910.85,4,10042.099999999999,-131.25
2019-09-18,159929.61,6,10040.859999999997,-111.25
2019-09-19,160274.61,6,10040.859999999997,233.75
2019-09-20,159629.61,6,10040.859999999997,-411.25
2019-09-22,159989.61,6,10040.859999999997,-51.25
2019-09-23,160087.11,6,10040.859999999997,46.25
2019-09-24,159254.61,6,10040.859999999997,-786.25
2019-09-25,159476.49,7,10040.239999999996,-563.75
2019-09-26,159277.75,9,10038.999999999995,-761.25
2019-09-27,158940.25,9,10038.999999999995,-1098.75
2019-09-29,159322.75,9,10038.999999999995,-716.25
2019-09-30,159919.0,9,10038.999999999995,-120.0
2019-10-01,157899.00999999998,11,10037.759999999993,-2138.75
2019-10-02,154791.50999999998,11,10037.759999999993,-5246.25
2019-10-03,155920.27,13,10036.519999999991,-4116.25
2019-10-04,158715.27,13,10036.519999999991,-1321.25
2019-10-06,157854.02,13,10036.519999999991,-2182.5
2019-10-07,158471.52,13,10036.519999999991,-1565.0
2019-10-08,155449.02,13,10036.519999999991,-4587.5
2019-10-09,156294.02,13,10036.519999999991,-3742.5
2019-10-10,158699.02,13,10036.519999999991,-1337.5
2019-10-11,159982.77,13,10036.519999999991,-53.75
2019-10-13,160486.52,13,10036.519999999991,450.0
2019-10-14,160096.52,13,10036.519999999991,60.0
2019-10-15,161617.83999999997,13,11664.08999999998,-46.25
2019-10-16,161627.21999999997,2,11663.46999999998,-36.25
2019-10-17,161669.71999999997,2,11663.46999999998,6.25
2019-10-18,161713.47999999998,4,11662.229999999978,51.25
2019-10-20,161838.47999999998,4,11662.229999999978,176.25
2019-10-21,162168.47999999998,4,11662.229999999978,506.25
2019-10-22,161759.14999999997,5,12157.89999999997,-398.75
2019-10-23,162227.89999999997,5,12157.89999999997,70.0
2019-10-24,162190.39999999997,5,12157.89999999997,32.5
2019-10-25,162577.89999999997,5,12157.89999999997,420.0
2019-10-27,162715.39999999997,5,12157.89999999997,557.5
2019-10-28,162915.42999999996,5,12905.429999999966,10.0
2019-10-29,162892.92999999996,1,12905.429999999966,-12.5
2019-10-30,163146.68999999997,3,12904.189999999964,242.5
2019-10-31,163176.06999999995,4,12903.569999999963,272.5
2019-11-01,163427.96999999997,4,13402.96999999996,25.0
2019-11-03,163462.96999999997,1,13402.96999999996,60.0
2019-11-04,163517.96999999997,1,13402.96999999996,115.0
2019-11-05,163465.46999999997,1,13402.96999999996,62.5
2019-11-06,163475.46999999997,1,13402.96999999996,72.5
2019-11-07,163474.85999999996,2,13549.859999999957,-75.0
2019-11-08,163697.98999999996,3,13549.239999999956,148.75
2019-11-10,163559.23999999996,3,13549.239999999956,10.0
2019-11-11,163592.98999999996,3,13549.239999999956,43.75
2019-11-12,163562.98999999996,3,13549.239999999956,13.75
2019-11-13,163701.73999999996,3,13549.239999999956,152.5
2019-11-14,163934.23999999996,3,13549.239999999956,385.0
2019-11-15,164087.38999999996,3,13972.389999999952,115.0
2019-11-17,164064.88999999996,2,13972.389999999952,92.5
2019-11-18,164137.38999999996,2,13972.389999999952,165.0
2019-11-19,164034.88999999996,2,13972.389999999952,62.5
2019-11-20,163920.51999999996,3,13971.769999999951,-51.25
2019-11-21,164025.51999999996,3,13971.769999999951,53.75
2019-11-22,164085.51999999996,3,13971.769999999951,113.75
2019-11-24,164175.51999999996,3,13971.769999999951,203.75
2019-11-25,164370.53999999995,3,14345.539999999948,25.0
2019-11-26,164426.78999999995,1,14345.539999999948,81.25
2019-11-27,164423.04999999996,1,14469.299999999947,-46.25
2019-11-28,164423.04999999996,1,14469.299999999947,-46.25
2019-11-29,164404.30999999994,3,14468.059999999945,-63.75
2019-12-01,164546.80999999994,3,14468.059999999945,78.75
2019-12-02,163901.81999999995,5,14466.819999999943,-565.0
2019-12-03,163283.69999999995,6,14466.199999999943,-1182.5
2019-12-04,163793.69999999995,6,14466.199999999943,-672.5
2019-12-05,164101.19999999995,6,14466.199999999943,-365.0
2019-12-06,164866.19999999995,6,14466.199999999943,400.0
2019-12-08,164716.19999999995,6,14466.199999999943,250.0
2019-12-09,164551.19999999995,6,14466.199999999943,85.0
2019-12-10,164483.69999999995,6,14466.199999999943,17.5
2019-12-11,164866.19999999995,6,14466.199999999943,400.0
2019-12-12,165316.85999999993,6,15214.359999999937,102.5
2019-12-13,165275.60999999993,1,15214.359999999937,61.25
2019-12-15,165316.86999999994,1,15211.869999999937,105.0
2019-12-16,165369.37999999995,1,15353.129999999936,16.25
2019-12-17,165353.12999999995,1,15353.129999999936,0.0
2019-12-18,165365.62999999995,1,15353.129999999936,12.5
2019-12-19,165434.37999999995,1,15353.129999999936,81.25
2019-12-20,165493.13999999993,1,15481.889999999934,11.25
2019-12-22,165511.88999999993,1,15481.889999999934,30.0
2019-12-23,165509.38999999993,1,15481.889999999934,27.5
2019-12-24,165503.13999999993,1,15481.889999999934,21.25
2019-12-25,165518.13999999993,1,15481.889999999934,36.25
2019-12-26,165615.63999999993,1,15481.889999999934,133.75
2019-12-27,165504.40999999992,3,15619.40999999993,-115.0
2019-12-29,165613.15999999992,3,15619.40999999993,-6.25
2019-12-30,165358.79999999993,6,15617.549999999928,-258.75
2019-12-31,165729.42999999993,7,15616.929999999928,112.5
2020-01-01,165860.67999999993,7,15616.929999999928,243.75
2020-01-02,166386.9699999999,7,16494.469999999925,-107.5
2020-01-03,166423.84999999992,2,16493.849999999926,-70.0
2020-01-05,166348.84999999992,2,16493.849999999926,-145.0
2020-01-06,166596.34999999992,2,16493.849999999926,102.5
2020-01-07,166308.84999999992,2,16493.849999999926,-185.0
2020-01-08,166780.74999999994,3,16740.74999999993,40.0
2020-01-09,167084.49999999994,3,16740.74999999993,343.75
2020-01-10,166791.99999999994,3,16740.74999999993,51.25
2020-01-12,166941.99999999994,3,16740.74999999993,201.25
2020-01-13,167134.51999999993,3,17115.769999999935,18.75
2020-01-14,167090.14999999994,2,17115.149999999936,-25.0
2020-01-15,167262.64999999994,2,17115.149999999936,147.5
2020-01-16,167415.78999999995,2,17363.28999999994,52.5
2020-01-17,167444.53999999995,1,17363.28999999994,81.25
2020-01-19,167458.28999999995,1,17363.28999999994,95.0
2020-01-20,167384.53999999995,1,17363.28999999994,21.25
2020-01-21,167499.53999999995,1,17363.28999999994,136.25
2020-01-22,167312.05999999994,3,17485.809999999943,-173.75
2020-01-23,167712.06999999995,5,17484.569999999945,227.5
2020-01-24,166743.31999999995,5,17484.569999999945,-741.25
2020-01-26,166012.06999999995,5,17484.569999999945,-1472.5
2020-01-27,165849.56999999995,5,17484.569999999945,-1635.0
2020-01-28,166731.44999999995,6,17483.949999999946,-752.5
2020-01-29,165602.07999999996,7,17483.329999999947,-1881.25
2020-01-30,167045.82999999996,7,17483.329999999947,-437.5
2020-01-31,164683.32999999996,7,17483.329999999947,-2800.0
2020-02-02,165322.07999999996,7,17483.329999999947,-2161.25
2020-02-03,165952.07999999996,7,17483.329999999947,-1531.25
2020-02-04,167072.07999999996,7,17483.329999999947,-411.25
2020-02-05,168453.36999999997,7,18353.369999999955,100.0
2020-02-06,168395.86999999997,1,18353.369999999955,42.5
2020-02-07,168285.87999999995,3,18352.129999999957,-66.25
2020-02-09,168330.87999999995,3,18352.129999999957,-21.25
2020-02-10,168773.39999999997,3,18725.89999999996,47.5
2020-02-11,168783.39999999997,1,18725.89999999996,57.5
2020-02-12,168798.40999999997,1,18849.659999999963,-51.25
2020-02-13,169001.53999999998,2,18849.039999999964,152.5
2020-02-14,168964.03999999998,2,18849.039999999964,115.0
2020-02-16,169031.53999999998,2,18849.039999999964,182.5
2020-02-17,168884.03999999998,2,18849.039999999964,35.0
2020-02-18,168946.53999999998,2,18849.039999999964,97.5
2020-02-19,168984.03999999998,2,18849.039999999964,135.0
2020-02-20,168809.04999999996,4,18847.799999999967,-38.75
2020-02-21,168500.93999999997,7,18845.93999999997,-345.0
2020-02-23,166987.18999999997,7,18845.93999999997,-1858.75
2020-02-24,165576.56999999998,8,18845.31999999997,-3268.75
2020-02-25,161446.56999999998,8,18845.31999999997,-7398.75
2020-02-26,157916.56999999998,8,18845.31999999997,-10928.75
2020-02-27,157486.56999999998,8,18845.31999999997,-11358.75
2020-03-01,152256.56999999998,8,18845.31999999997,-16588.75
2020-03-03,156746.56999999998,8,18845.31999999997,-12098.75
2020-03-04,159036.56999999998,8,18845.31999999997,-9808.75
2020-03-05,154666.56999999998,8,18845.31999999997,-14178.75
2020-03-06,154036.56999999998,8,18845.31999999997,-14808.75
2020-03-08,148246.56999999998,8,18845.31999999997,-20598.75
2020-03-09,148236.56999999998,8,18845.31999999997,-20608.75
2020-03-10,147986.56999999998,8,18845.31999999997,-20858.75
2020-03-11,140266.56999999998,8,18845.31999999997,-28578.75
2020-03-12,131456.56999999998,8,18845.31999999997,-37388.75
2020-03-13,142076.56999999998,8,18845.31999999997,-26768.75
2020-03-15,138186.56999999998,8,18845.31999999997,-30658.75
2020-03-16,135326.64999999997,8,18825.399999999972,-33498.75
2020-03-17,132026.64999999997,8,18825.399999999972,-36798.75
2020-03-18,127356.64999999997,8,18825.399999999972,-41468.75
2020-03-19,129966.04999999999,13,18822.299999999977,-38856.25
2020-03-20,118054.25,28,18812.999999999993,-50758.75
2020-03-22,108534.25,28,18812.999999999993,-60278.75
2020-03-23,120218.01999999999,32,18810.519999999997,-48592.5
2020-03-24,140458.02,32,18810.519999999997,-28352.5
2020-03-25,148898.02,32,18810.519999999997,-19912.5
2020-03-26,172670.06,32,22797.56000000001,-127.5
2020-03-27,171577.08000000005,10,24030.830000000038,-2453.75
2020-03-29,171239.58000000005,10,24030.830000000038,-2791.25
2020-03-30,176028.44000000006,10,25779.69000000006,248.75
2020-03-31,172892.9100000001,11,26524.16000000008,-3631.25
2020-04-01,171176.0700000001,18,26519.820000000087,-5343.75
2020-04-02,172053.5700000001,18,26519.820000000087,-4466.25
2020-04-03,171063.5700000001,18,26519.820000000087,-5456.25
2020-04-05,178826.0700000001,18,26519.820000000087,2306.25
2020-04-06,179878.10000000012,18,30196.85000000012,-318.75
2020-04-07,179178.29000000015,17,32683.290000000157,-3505.0
2020-04-08,185210.29000000012,17,35171.540000000125,38.75
2020-04-09,186593.53000000006,9,36346.030000000064,247.5
2020-04-12,184444.78000000006,9,36346.030000000064,-1901.25
2020-04-13,188899.81000000006,15,36342.31000000005,2557.5
2020-04-14,190513.71999999997,15,40636.219999999965,-122.5
2020-04-15,189398.11999999994,8,40633.11999999995,-1235.0
2020-04-16,193938.11999999994,8,40633.11999999995,3305.0
2020-04-17,193658.2199999999,8,43624.4699999999,33.75
2020-04-19,193680.7199999999,2,43624.4699999999,56.25
2020-04-20,192445.1099999999,5,43622.60999999989,-1177.5
2020-04-21,191048.89999999988,13,43617.64999999987,-2568.75
2020-04-22,194884.6099999998,13,45247.109999999826,-362.5
2020-04-23,194664.6599999998,6,45743.4099999998,-1078.75
2020-04-24,196494.06999999977,6,46490.31999999978,3.75
2020-04-26,196569.06999999977,1,46490.31999999978,78.75
2020-04-27,196707.22999999975,2,46862.22999999976,-155.0
2020-04-28,198058.53999999975,10,47217.28999999973,841.25
2020-04-29,199291.1199999997,10,49011.11999999969,280.0
2020-04-30,197348.01999999967,7,49008.01999999968,-1660.0
2020-05-01,195217.42999999964,14,49003.67999999966,-3786.25
2020-05-03,194429.92999999964,14,49003.67999999966,-4573.75
2020-05-04,197414.93999999965,16,49002.43999999965,-1587.5
2020-05-05,200630.04999999958,16,51001.299999999595,-371.25
2020-05-06,200410.6899999996,9,50999.43999999959,-588.75
2020-05-07,202949.50999999954,9,52123.25999999955,826.25
2020-05-08,203065.80999999953,5,53050.809999999525,15.0
2020-05-10,203123.30999999953,1,53050.809999999525,72.5
2020-05-11,202948.93999999954,2,53050.18999999952,-101.25
2020-05-12,200020.89999999947,15,53290.89999999948,-3270.0
2020-05-13,196475.28999999946,18,53289.03999999947,-6813.75
2020-05-14,199670.28999999946,18,53289.03999999947,-3618.75
2020-05-15,200277.78999999946,18,53289.03999999947,-3011.25
2020-05-17,202482.78999999946,18,53289.03999999947,-806.25
2020-05-18,206753.52999999942,18,56891.02999999941,-137.5
2020-05-19,206868.5499999994,7,56888.5499999994,-20.0
2020-05-20,207675.4699999994,7,57764.219999999375,-88.75
2020-05-21,206976.10999999937,5,57762.35999999937,-786.25
2020-05-22,208016.73999999935,6,57761.739999999365,255.0
2020-05-24,208189.23999999935,6,57761.739999999365,427.5
2020-05-25,209329.23999999935,6,57761.739999999365,1567.5
2020-05-26,210166.79999999935,6,59801.79999999933,365.0
2020-05-27,210848.7299999993,8,60797.479999999305,51.25
2020-05-28,210694.3899999993,6,60918.13999999929,-223.75
2020-05-29,211914.43999999925,8,61914.43999999926,0.0
2020-05-31,211914.43999999925,0,61914.43999999926,0.0
2020-06-01,211883.81999999925,1,61913.81999999926,-30.0
2020-06-02,212101.32999999926,1,62037.57999999925,63.75
2020-06-03,212165.72999999922,2,62291.97999999924,-126.25
2020-06-04,212844.49999999924,6,62289.49999999923,555.0
2020-06-05,214193.30999999918,6,64289.5599999992,-96.25
2020-06-07,214363.30999999918,4,64289.5599999992,73.75
2020-06-08,214822.70999999918,4,64790.209999999184,32.5
2020-06-09,215095.2199999992,3,64788.96999999918,306.25
2020-06-10,214318.39999999915,5,65409.64999999915,-1091.25
2020-06-11,212118.39999999915,4,65409.64999999915,-3291.25
2020-06-12,211943.39999999915,4,65409.64999999915,-3466.25
2020-06-14,211183.39999999915,4,65409.64999999915,-4226.25
2020-06-15,213578.43999999916,4,65399.68999999915,-1821.25
2020-06-16,213613.43999999916,4,65399.68999999915,-1786.25
2020-06-17,212442.21999999913,10,65395.969999999135,-2953.75
2020-06-18,213484.09999999913,11,65395.34999999913,-1911.25
2020-06-19,210857.84999999913,11,65395.34999999913,-4537.5
2020-06-21,212040.34999999913,11,65395.34999999913,-3355.0
2020-06-22,213800.34999999913,11,65395.34999999913,-1595.0
2020-06-23,214267.84999999913,11,65395.34999999913,-1127.5
2020-06-24,208919.12999999913,17,65391.62999999912,-6472.5
2020-06-25,212868.51999999912,20,65389.76999999911,-2521.25
2020-06-26,205894.7899999991,24,65387.2899999991,-9492.5
2020-06-28,206044.7899999991,24,65387.2899999991,-9342.5
2020-06-29,211864.7899999991,24,65387.2899999991,-3522.5
2020-06-30,215704.7899999991,24,65387.2899999991,317.5
2020-07-01,218474.2999999991,24,68388.04999999909,86.25
2020-07-02,218856.83999999912,5,69005.58999999912,-148.75
2020-07-03,218594.33999999912,5,69005.58999999912,-411.25
2020-07-05,219856.83999999912,5,69005.58999999912,851.25
2020-07-06,219813.74999999916,5,69783.74999999916,30.0
2020-07-07,219543.76999999917,6,69781.26999999917,-237.5
2020-07-08,220361.89999999918,7,69780.64999999918,581.25
2020-07-09,219729.4199999992,11,69778.1699999992,-48.75
2020-07-10,221241.97999999925,11,71151.97999999925,90.0
2020-07-12,221304.47999999925,1,71151.97999999925,152.5
2020-07-13,219234.58999999936,15,71709.58999999936,-2475.0
2020-07-14,223547.08999999936,15,71709.58999999936,1837.5
2020-07-15,224605.29999999944,15,74661.54999999944,-56.25
2020-07-16,224666.55999999944,4,74660.30999999944,6.25
2020-07-17,224871.55999999944,4,74660.30999999944,211.25
2020-07-19,224696.55999999944,4,74660.30999999944,36.25
2020-07-20,225399.08999999947,4,75157.83999999947,241.25
2020-07-21,225745.3699999995,4,75530.3699999995,215.0
2020-07-22,225815.3699999995,4,75530.3699999995,285.0
2020-07-23,224607.88999999952,8,75527.88999999952,-920.0
2020-07-24,224139.76999999952,9,75527.26999999952,-1387.5
2020-07-26,224893.51999999952,9,75527.26999999952,-633.75
2020-07-27,225534.76999999952,9,75527.26999999952,7.5
2020-07-28,224466.01999999952,9,75527.26999999952,-1061.25
2020-07-29,226153.51999999952,9,75527.26999999952,626.25
2020-07-30,226626.01999999952,9,75527.26999999952,1098.75
2020-07-31,227543.63999999964,9,77521.13999999964,22.5
2020-08-02,227504.88999999964,1,77521.13999999964,-16.25
2020-08-03,227652.40999999965,3,77643.65999999965,8.75
2020-08-04,227884.90999999965,3,77643.65999999965,241.25
2020-08-05,228084.92999999967,3,78066.17999999967,18.75
2020-08-06,228131.18999999968,1,78189.93999999968,-58.75
2020-08-07,228421.1999999997,3,78188.69999999969,232.5
2020-08-09,228462.4499999997,3,78188.69999999969,273.75
2020-08-10,228631.84999999971,3,78560.59999999971,71.25
2020-08-11,228318.11999999973,6,78558.11999999973,-240.0
2020-08-12,229275.03999999978,6,79302.53999999978,-27.5
2020-08-13,229405.66999999978,4,79301.91999999978,103.75
2020-08-14,229225.66999999978,4,79301.91999999978,-76.25
2020-08-16,229380.66999999978,4,79301.91999999978,78.75
2020-08-17,229555.66999999978,4,79301.91999999978,253.75
2020-08-18,229800.66999999978,4,79301.91999999978,498.75
2020-08-19,229141.33999999982,5,79800.08999999982,-658.75
2020-08-20,230163.21999999983,6,79799.46999999983,363.75
2020-08-21,230238.21999999983,6,79799.46999999983,438.75
2020-08-23,230530.71999999983,6,79799.46999999983,731.25
2020-08-24,231502.63999999987,6,81095.13999999987,407.5
2020-08-25,231481.4099999999,3,81470.15999999989,11.25
2020-08-26,231637.6699999999,1,81593.9199999999,43.75
2020-08-27,231718.2999999999,1,81718.2999999999,0.0
2020-08-28,231792.6799999999,1,81717.6799999999,75.0
2020-08-30,231875.1799999999,1,81717.6799999999,157.5
2020-08-31,231767.6799999999,1,81717.6799999999,50.0
2020-09-01,231937.68999999992,1,81841.43999999992,96.25
2020-09-02,232449.61999999997,2,82483.36999999997,-33.75
2020-09-03,229945.87999999998,4,82482.12999999998,-2536.25
2020-09-04,229395.87999999998,4,82482.12999999998,-3086.25
2020-09-06,229380.87999999998,4,82482.12999999998,-3101.25
2020-09-07,229655.87999999998,4,82482.12999999998,-2826.25
2020-09-08,227765.88999999998,6,82480.88999999998,-4715.0
2020-09-09,229273.38999999998,6,82480.88999999998,-3207.5
2020-09-10,228335.88999999998,6,82480.88999999998,-4145.0
2020-09-11,227698.38999999998,6,82480.88999999998,-4782.5
2020-09-13,228793.44999999998,6,82465.94999999998,-3672.5
2020-09-14,229220.94999999998,6,82465.94999999998,-3245.0
2020-09-15,229933.44999999998,6,82465.94999999998,-2532.5
2020-09-16,228200.94999999998,6,82465.94999999998,-4265.0
2020-09-17,228178.44999999998,6,82465.94999999998,-4287.5
2020-09-18,227452.21,8,82464.70999999999,-5012.5
2020-09-20,227112.21,8,82464.70999999999,-5352.5
2020-09-21,226565.99000000002,14,82460.99000000002,-5895.0
2020-09-22,228403.49000000002,14,82460.99000000002,-4057.5
2020-09-23,223608.49000000002,14,82460.99000000002,-8852.5
2020-09-24,225672.88000000003,17,82459.13000000003,-6786.25
2020-09-25,228626.63000000003,17,82459.13000000003,-3832.5
2020-09-27,229880.38000000003,17,82459.13000000003,-2578.75
2020-09-28,234491.63000000003,17,82459.13000000003,2032.5
2020-09-29,231155.38000000003,17,82459.13000000003,-1303.75
2020-09-30,235152.39000000016,17,84706.14000000016,446.25
2020-10-01,235541.83000000022,8,85704.33000000022,-162.5
2020-10-02,235256.21000000022,6,85703.71000000022,-447.5
2020-10-04,235623.71000000022,6,85703.71000000022,-80.0
2020-10-05,236573.75000000026,6,86451.25000000026,122.5
2020-10-06,235756.9300000003,9,86694.43000000031,-937.5
2020-10-07,237880.73000000036,9,87820.73000000036,60.0
2020-10-08,238247.62000000037,2,87943.87000000037,303.75
2020-10-09,238455.1400000004,2,88237.64000000039,217.5
2020-10-11,238462.6400000004,2,88237.64000000039,225.0
2020-10-12,238774.54000000042,2,88777.04000000042,-2.5
2020-10-13,239082.69000000044,6,88773.94000000044,308.75
2020-10-14,237318.33000000045,9,88772.08000000045,-1453.75
2020-10-15,237967.71000000046,10,88771.46000000046,-803.75
2020-10-16,237405.21000000046,10,88771.46000000046,-1366.25
2020-10-18,238405.21000000046,10,88771.46000000046,-366.25
2020-10-19,236367.73000000048,14,88768.98000000048,-2401.25
2020-10-20,237557.73000000048,14,88768.98000000048,-1211.25
2020-10-21,234180.23000000048,14,88768.98000000048,-4588.75
2020-10-22,237640.86000000048,15,88768.36000000048,-1127.5
2020-10-23,237659.61000000048,15,88768.36000000048,-1108.75
2020-10-25,236178.36000000048,15,88768.36000000048,-2590.0
2020-10-26,234159.65000000052,23,88763.40000000052,-4603.75
2020-10-27,230393.40000000052,23,88763.40000000052,-8370.0
2020-10-28,222565.28000000052,24,88762.78000000052,-16197.5
2020-10-29,219644.66000000053,25,88762.16000000053,-19117.5
2020-10-30,220175.91000000053,25,88762.16000000053,-18586.25
2020-11-01,219019.66000000053,25,88762.16000000053,-19742.5
2020-11-02,224688.42000000054,27,88760.92000000054,-14072.5
2020-11-03,235454.67000000054,27,88760.92000000054,-3306.25
2020-11-04,242544.8300000007,27,92117.33000000069,427.5
2020-11-05,242971.13000000073,5,93351.13000000073,-380.0
2020-11-06,243816.77000000075,6,93349.27000000075,467.5
2020-11-08,245361.77000000075,6,93349.27000000075,2012.5
2020-11-09,242945.61000000083,12,97713.11000000083,-4767.5
2020-11-10,244938.12000000084,14,97711.87000000084,-2773.75
2020-11-11,244588.12000000084,14,97711.87000000084,-3123.75
2020-11-12,244247.51000000085,17,97710.01000000085,-3462.5
2020-11-13,248327.51000000085,17,97710.01000000085,617.5
2020-11-15,250750.01000000085,17,97710.01000000085,3040.0
2020-11-16,250805.11000000095,17,100758.86000000095,46.25
2020-11-17,250762.62000000096,5,100757.62000000096,5.0
2020-11-18,249607.64000000097,9,100755.14000000097,-1147.5
2020-11-19,249866.40000000098,11,100753.90000000098,-887.5
2020-11-20,249110.15000000098,11,100753.90000000098,-1643.75
2020-11-22,249783.90000000098,11,100753.90000000098,-970.0
2020-11-23,252025.15000000098,11,100753.90000000098,1271.25
2020-11-24,252358.35000000105,11,102250.85000000105,107.5
2020-11-25,252364.61000000106,4,102249.61000000106,115.0
2020-11-26,252239.61000000106,4,102249.61000000106,-10.0
2020-11-27,252494.61000000106,4,102249.61000000106,245.0
2020-11-29,252144.61000000106,4,102249.61000000106,-105.0
2020-11-30,253534.00000000108,7,102247.75000000108,1286.25
2020-12-01,253619.67000000112,7,103633.42000000112,-13.75
2020-12-02,253786.55000000112,3,103632.80000000112,153.75
2020-12-03,254052.21000000116,4,104003.46000000116,48.75
2020-12-04,254477.86000000118,4,104504.11000000118,-26.25
2020-12-06,254474.11000000118,1,104504.11000000118,-30.0
2020-12-07,254374.1200000012,3,104502.87000000119,-128.75
2020-12-08,254993.5000000012,4,104502.2500000012,491.25
2020-12-09,254253.5000000012,4,104502.2500000012,-248.75
2020-12-10,254027.8900000012,7,104500.3900000012,-472.5
2020-12-11,254102.28000000122,10,104498.53000000122,-396.25
2020-12-13,255077.38000000123,10,104473.63000000123,603.75
2020-12-14,255099.9600000013,10,105717.4600000013,-617.5
2020-12-15,256478.75000000134,6,106467.50000000134,11.25
2020-12-16,256651.25000000134,2,106467.50000000134,183.75
2020-12-17,256679.40000000136,3,106733.15000000136,-53.75
2020-12-18,257553.80000000139,8,106730.05000000139,823.75
2020-12-20,256953.80000000139,8,106730.05000000139,223.75
2020-12-21,255874.4300000014,9,106729.43000000139,-855.0
2020-12-22,255739.4300000014,9,106729.43000000139,-990.0
2020-12-23,256470.6800000014,9,106729.43000000139,-258.75
2020-12-24,256695.6800000014,9,106729.43000000139,-33.75
2020-12-27,257786.9300000014,9,106729.43000000139,1057.5
2020-12-28,258133.23000000144,9,108028.23000000144,105.0
2020-12-29,258173.26000000146,5,108149.51000000146,23.75
2020-12-30,257942.01000000146,5,108149.51000000146,-207.5
2020-12-31,258567.01000000146,5,108149.51000000146,417.5
2021-01-03,258554.51000000146,5,108149.51000000146,405.0
2021-01-04,257638.9300000015,5,108798.9300000015,-1160.0
2021-01-05,257563.3100000015,5,108798.31000000151,-1235.0
2021-01-06,259672.13000000158,7,109672.13000000158,0.0
2021-01-07,260389.6600000016,5,110293.4100000016,96.25
2021-01-08,260541.55000000162,2,110541.55000000162,0.0
2021-01-10,260541.55000000162,0,110541.55000000162,0.0
2021-01-11,260367.20000000164,5,110538.45000000164,-171.25
2021-01-12,260737.83000000165,6,110537.83000000165,200.0
2021-01-13,261075.33000000165,6,110537.83000000165,537.5
2021-01-14,260032.83000000165,6,110537.83000000165,-505.0
2021-01-15,258765.35000000166,10,110535.35000000166,-1770.0
2021-01-17,259165.35000000166,10,110535.35000000166,-1370.0
2021-01-18,260927.85000000166,10,110535.35000000166,392.5
2021-01-19,261140.35000000166,10,110535.35000000166,605.0
2021-01-20,262431.0400000017,10,112332.29000000173,98.75
2021-01-21,262328.5400000017,1,112332.29000000173,-3.75
2021-01-22,262312.92000000173,2,112331.67000000173,-18.75
2021-01-24,262502.92000000173,2,112331.67000000173,171.25
2021-01-25,262271.05000000173,3,112331.05000000173,-60.0
2021-01-26,262442.96000000177,4,112769.21000000177,-326.25
2021-01-27,259230.4800000018,8,112766.73000000179,-3536.25
2021-01-28,259540.4800000018,8,112766.73000000179,-3226.25
2021-01-29,257910.4800000018,8,112766.73000000179,-4856.25
2021-01-31,258970.4800000018,8,112766.73000000179,-3796.25
2021-02-01,261772.9900000018,10,112765.4900000018,-992.5
2021-02-02,264165.56000000186,10,114014.31000000186,151.25
2021-02-03,263850.56000000186,4,114014.31000000186,-163.75
2021-02-04,264617.4600000019,4,114512.46000000188,105.0
2021-02-05,264839.3600000019,4,114689.3600000019,150.0
2021-02-07,265089.3600000019,4,114689.3600000019,400.0
2021-02-08,265342.52000000194,4,115185.02000000194,157.5
2021-02-09,265522.52000000194,3,115185.02000000194,337.5
2021-02-10,265639.450000002,8,115583.20000000199,56.25
2021-02-11,265489.450000002,8,115583.20000000199,-93.75
2021-02-12,266605.12000000203,8,116583.87000000203,21.25
2021-02-14,266658.87000000203,1,116583.87000000203,75.0
2021-02-15,266717.62000000203,1,116583.87000000203,133.75
2021-02-16,266583.88000000204,3,116582.63000000204,1.25
2021-02-17,266645.14000000205,5,116581.39000000205,63.75
2021-02-18,266171.40000000206,7,116580.15000000206,-408.75
2021-02-19,266232.65000000206,7,116580.15000000206,-347.5
2021-02-21,266127.65000000206,7,116580.15000000206,-452.5
2021-02-22,266243.91000000207,9,116578.91000000207,-335.0
2021-02-23,265971.4300000021,13,116576.43000000209,-605.0
2021-02-24,268309.63000000216,13,118204.63000000216,105.0
2021-02-25,265844.0200000022,5,118202.77000000217,-2358.75
2021-02-26,265644.0200000022,5,118202.77000000217,-2558.75
2021-02-28,266394.0200000022,5,118202.77000000217,-1808.75
2021-03-01,267572.1500000022,6,118202.15000000218,-630.0
2021-03-02,267589.0400000022,9,118200.29000000219,-611.25
2021-03-03,263606.5400000022,9,118200.29000000219,-4593.75
2021-03-04,261851.5400000022,9,118200.29000000219,-6348.75
2021-03-05,265687.7900000022,9,118200.29000000219,-2512.5
2021-03-07,265136.5400000022,9,118200.29000000219,-3063.75
2021-03-08,266160.2900000022,9,118200.29000000219,-2040.0
2021-03-09,266981.5400000022,9,118200.29000000219,-1218.75
2021-03-10,269029.0400000022,9,118200.29000000219,828.75
2021-03-11,269608.49000000226,9,119549.74000000226,58.75
2021-03-12,269746.00000000227,6,119548.50000000227,197.5
2021-03-14,269896.06000000227,6,119533.56000000227,362.5
2021-03-15,270315.4700000023,6,120281.7200000023,33.75
2021-03-16,270287.3500000023,2,120281.1000000023,6.25
2021-03-17,270791.14000000234,4,120777.39000000234,13.75
2021-03-18,269701.8000000024,9,120773.05000000237,-1071.25
2021-03-19,269236.1900000024,12,120771.19000000239,-1535.0
2021-03-21,269281.1900000024,12,120771.19000000239,-1490.0
2021-03-22,270901.1900000024,12,120771.19000000239,130.0
2021-03-23,269566.1900000024,12,120771.19000000239,-1205.0
2021-03-24,268850.5700000024,13,120770.5700000024,-1920.0
2021-03-25,270935.5800000024,15,120769.3300000024,166.25
2021-03-26,272769.4200000025,15,122774.42000000249,-5.0
2021-03-28,272689.4200000025,1,122774.42000000249,-85.0
2021-03-29,273050.0600000025,4,122772.5600000025,277.5
2021-03-30,272816.9400000025,5,122771.9400000025,45.0
2021-03-31,273368.85000000254,5,123393.85000000254,-25.0
2021-04-01,273745.74000000255,2,123641.99000000255,103.75
2021-04-02,273799.49000000255,1,123641.99000000255,157.5
2021-04-04,273803.24000000255,1,123641.99000000255,161.25
2021-04-05,273944.51000000257,1,123975.76000000257,-31.25
2021-04-06,273996.3900000026,2,123975.14000000258,21.25
2021-04-07,274218.8900000026,2,123975.14000000258,243.75
2021-04-08,274257.0300000026,2,124224.53000000259,32.5
2021-04-09,274344.5400000026,1,124348.2900000026,-3.75
2021-04-11,274315.7900000026,1,124348.2900000026,-32.5
2021-04-12,274436.4200000026,2,124347.6700000026,88.75
2021-04-13,274571.4400000026,2,124596.44000000262,-25.0
2021-04-14,274512.08000000264,5,124594.58000000264,-82.5
2021-04-15,275246.49000000267,5,125220.24000000267,26.25
2021-04-16,275495.8900000027,3,125468.39000000269,27.5
2021-04-18,275462.1400000027,3,125468.39000000269,-6.25
2021-04-19,275559.0300000027,6,125466.5300000027,92.5
2021-04-20,274012.1800000027,11,125463.43000000273,-1451.25
2021-04-21,276198.4300000027,11,125463.43000000273,735.0
2021-04-22,276351.6300000028,11,126835.3800000028,-483.75
2021-04-23,277112.92000000284,4,127331.67000000284,-218.75
2021-04-25,277282.92000000284,4,127331.67000000284,-48.75
2021-04-26,277442.92000000284,4,127331.67000000284,111.25
2021-04-27,277462.92000000284,4,127331.67000000284,131.25
2021-04-28,277762.92000000284,4,127331.67000000284,431.25
2021-04-29,277869.82000000286,4,127924.82000000286,-55.0
2021-04-30,277857.33000000287,3,127923.58000000287,-66.25
2021-05-02,277973.58000000287,3,127923.58000000287,50.0
2021-05-03,277771.08000000287,3,127923.58000000287,-152.5
2021-05-04,278202.3600000029,9,127919.8600000029,282.5
2021-05-05,277594.8600000029,9,127919.8600000029,-325.0
2021-05-06,279040.53000000294,9,129040.53000000294,0.0
2021-05-07,279059.91000000294,1,129039.91000000294,20.0
2021-05-09,279092.41000000294,1,129039.91000000294,52.5
2021-05-10,277455.570000003,8,129035.57000000298,-1580.0
2021-05-11,275574.330000003,10,129034.33000000298,-3460.0
2021-05-12,273249.330000003,10,129034.33000000298,-5785.0
2021-05-13,275911.830000003,10,129034.33000000298,-3122.5
2021-05-14,278336.830000003,10,129034.33000000298,-697.5
2021-05-16,277549.330000003,10,129034.33000000298,-1485.0
2021-05-17,278124.330000003,10,129034.33000000298,-910.0
2021-05-18,275112.460000003,11,129033.71000000299,-3921.25
2021-05-19,275457.470000003,13,129032.470000003,-3575.0
2021-05-20,278691.220000003,13,129032.470000003,-341.25
2021-05-21,278658.720000003,13,129032.470000003,-373.75
2021-05-23,279016.220000003,13,129032.470000003,-16.25
2021-05-24,280715.04000000306,13,130648.79000000306,66.25
2021-05-25,280764.42000000307,2,130648.17000000307,116.25
2021-05-26,280674.42000000307,2,130648.17000000307,26.25
2021-05-27,280926.92000000307,2,130648.17000000307,278.75
2021-05-28,280850.6900000031,2,130906.94000000309,-56.25
2021-05-30,280885.6900000031,2,130906.94000000309,-21.25
2021-05-31,280833.1900000031,2,130906.94000000309,-73.75
2021-06-01,280815.7000000031,4,130905.7000000031,-90.0
2021-06-02,281015.7000000031,4,130905.7000000031,110.0
2021-06-03,280935.0900000031,7,130903.84000000311,31.25
2021-06-04,281907.01000000315,7,131778.26000000315,128.75
2021-06-06,281859.51000000315,2,131778.26000000315,81.25
2021-06-07,281902.01000000315,2,131778.26000000315,123.75
2021-06-08,281894.51000000315,2,131778.26000000315,116.25
2021-06-09,281874.51000000315,2,131778.26000000315,96.25
2021-06-10,282217.0400000032,4,132025.79000000318,191.25
2021-06-11,282307.0400000032,4,132025.79000000318,281.25
2021-06-13,282392.0800000032,4,132015.8300000032,376.25
2021-06-14,282540.23000000324,4,132513.9800000032,26.25
2021-06-15,282454.62000000325,4,132512.12000000323,-57.5
2021-06-16,281435.26000000327,7,132510.26000000324,-1075.0
2021-06-17,282074.01000000327,7,132510.26000000324,-436.25
2021-06-18,279422.76000000327,7,132510.26000000324,-3087.5
2021-06-20,279072.76000000327,7,132510.26000000324,-3437.5
2021-06-21,282179.01000000327,7,132510.26000000324,-331.25
2021-06-22,282957.76000000327,7,132510.26000000324,447.5
2021-06-23,282957.76000000327,7,132510.26000000324,447.5
2021-06-24,283429.0500000033,7,133381.55000000328,47.5
2021-06-25,283484.0500000033,1,133381.55000000328,102.5
2021-06-27,283477.8000000033,1,133381.55000000328,96.25
2021-06-28,283476.5600000033,1,133505.3100000033,-28.75
2021-06-29,283547.8100000033,1,133505.3100000033,42.5
2021-06-30,283590.3100000033,1,133505.3100000033,85.0
2021-07-01,283667.8200000033,1,133629.0700000033,38.75
2021-07-02,283796.58000000333,1,133752.8300000033,43.75
2021-07-04,283786.58000000333,1,133752.8300000033,33.75
2021-07-05,283814.08000000333,1,133752.8300000033,61.25
2021-07-06,283952.22000000335,4,133750.97000000332,201.25
2021-07-07,284199.1200000034,4,134249.12000000334,-50.0
2021-07-08,284102.8800000034,3,134247.88000000335,-145.0
2021-07-09,284670.4000000034,3,134621.65000000337,48.75
2021-07-11,284620.4000000034,1,134621.65000000337,-1.25
2021-07-12,284744.1600000034,1,134745.41000000338,-1.25
2021-07-13,284575.4200000034,3,134744.1700000034,-168.75
2021-07-14,284676.6700000034,3,134744.1700000034,-67.5
2021-07-15,284442.9300000034,5,134742.9300000034,-300.0
2021-07-16,283636.6800000034,5,134742.9300000034,-1106.25
2021-07-18,283286.6800000034,5,134742.9300000034,-1456.25
2021-07-19,282155.4300000034,5,134742.9300000034,-2587.5
2021-07-20,283450.44000000344,7,134741.6900000034,-1291.25
2021-07-21,284850.44000000344,7,134741.6900000034,108.75
2021-07-22,285436.69000000344,7,134741.6900000034,695.0
2021-07-23,285983.6300000035,7,136002.38000000347,-18.75
2021-07-25,285888.6300000035,2,136002.38000000347,-113.75
2021-07-26,286068.6300000035,2,136002.38000000347,66.25
2021-07-27,285867.3900000035,4,136001.14000000348,-133.75
2021-07-28,285812.3900000035,4,136001.14000000348,-188.75
2021-07-29,285999.30000000354,4,136498.0500000035,-498.75
2021-07-30,286297.43000000354,4,136497.43000000351,-200.0
2021-08-01,286622.43000000354,4,136497.43000000351,125.0
2021-08-02,286163.06000000355,5,136496.81000000352,-333.75
2021-08-03,287133.07000000356,7,136495.57000000353,637.5
2021-08-04,286844.32000000356,7,136495.57000000353,348.75
2021-08-05,287381.8600000036,7,137373.11000000357,8.75
2021-08-06,287434.3600000036,1,137373.11000000357,61.25
2021-08-08,287385.6100000036,1,137373.11000000357,12.5
2021-08-09,287376.8600000036,1,137373.11000000357,3.75
2021-08-10,287414.3600000036,1,137373.11000000357,41.25
2021-08-11,287493.1100000036,1,137373.11000000357,120.0
2021-08-12,287550.6200000036,1,137496.87000000358,53.75
2021-08-13,287580.6200000036,1,137496.87000000358,83.75
2021-08-15,287538.1200000036,1,137496.87000000358,41.25
2021-08-16,287734.3900000036,2,137744.3900000036,-10.0
2021-08-17,287666.2700000036,2,137743.7700000036,-77.5
2021-08-18,286555.66000000364,5,137741.9100000036,-1186.25
2021-08-19,286661.91000000364,5,137741.9100000036,-1080.0
2021-08-20,287705.66000000364,5,137741.9100000036,-36.25
2021-08-22,288086.91000000364,5,137741.9100000036,345.0
2021-08-23,288463.19000000367,5,138364.44000000364,98.75
2021-08-24,288412.5800000037,2,138487.58000000365,-75.0
2021-08-25,288487.5800000037,2,138487.58000000365,0.0
2021-08-26,288411.9700000037,5,138485.72000000367,-73.75
2021-08-27,289109.5000000037,5,139108.2500000037,1.25
2021-08-29,289117.0000000037,1,139108.2500000037,8.75
2021-08-30,289238.89000000374,2,139231.3900000037,7.5
2021-08-31,289373.90000000375,4,139230.15000000372,143.75
2021-09-01,289108.90000000375,4,139230.15000000372,-121.25
2021-09-02,289593.90000000375,4,139230.15000000372,363.75
2021-09-03,289403.90000000375,4,139230.15000000372,173.75
2021-09-05,289393.90000000375,4,139230.15000000372,163.75
2021-09-06,289508.90000000375,4,139230.15000000372,278.75
2021-09-07,289129.53000000375,5,139229.53000000372,-100.0
2021-09-08,288636.42000000377,8,139227.67000000374,-591.25
2021-09-09,288656.42000000377,8,139227.67000000374,-571.25
2021-09-10,286783.9500000038,14,139223.95000000377,-2440.0
2021-09-12,287029.0900000038,14,139189.09000000378,-2160.0
2021-09-13,287921.5900000038,14,139189.09000000378,-1267.5
2021-09-14,286020.9800000038,17,139187.2300000038,-3166.25
2021-09-15,288379.7300000038,17,139187.2300000038,-807.5
2021-09-16,288039.7300000038,17,139187.2300000038,-1147.5
2021-09-17,283300.9800000038,17,139187.2300000038,-5886.25
2021-09-19,281600.9800000038,17,139187.2300000038,-7586.25
2021-09-20,280283.4800000038,17,139187.2300000038,-8903.75
2021-09-21,277967.2300000038,17,139187.2300000038,-11220.0
2021-09-22,282129.1100000038,18,139186.6100000038,-7057.5
2021-09-23,286291.6100000038,18,139186.6100000038,-2895.0
2021-09-24,286809.1100000038,18,139186.6100000038,-2377.5
2021-09-26,288204.1100000038,18,139186.6100000038,-982.5
2021-09-27,285481.6100000038,18,139186.6100000038,-3705.0
2021-09-28,279492.24000000383,19,139185.9900000038,-9693.75
2021-09-29,280292.87000000384,20,139185.3700000038,-8892.5
2021-09-30,270142.87000000384,20,139185.3700000038,-19042.5
2021-10-01,278119.75000000384,21,139184.7500000038,-11065.0
2021-10-03,275941.00000000384,21,139184.7500000038,-13243.75
2021-10-04,272124.14000000386,24,139182.89000000383,-17058.75
2021-10-05,274434.14000000386,24,139182.89000000383,-14748.75
2021-10-06,282709.78000000387,27,139181.03000000384,-6471.25
2021-10-07,284869.78000000387,27,139181.03000000384,-4311.25
2021-10-08,283351.03000000387,27,139181.03000000384,-5830.0
2021-10-10,282237.28000000387,27,139181.03000000384,-6943.75
2021-10-11,276331.03000000387,27,139181.03000000384,-12850.0
2021-10-12,277174.78000000387,27,139181.03000000384,-12006.25
2021-10-13,281866.03000000387,27,139181.03000000384,-7315.0
2021-10-14,291822.28000000387,27,139181.03000000384,2641.25
2021-10-15,293028.670000004,27,142952.42000000397,76.25
2021-10-17,293002.420000004,1,142952.42000000397,50.0
2021-10-18,293227.440000004,2,143201.190000004,26.25
2021-10-19,293393.700000004,1,143324.950000004,68.75
2021-10-20,293451.84000000404,2,143448.090000004,3.75
2021-10-21,293621.84000000404,2,143448.090000004,173.75
2021-10-22,293652.5000000041,5,143695.00000000405,-42.5
2021-10-24,293890.0000000041,5,143695.00000000405,195.0
2021-10-25,294378.7800000041,5,144317.53000000407,61.25
2021-10-26,294286.31000000413,5,144438.8100000041,-152.5
2021-10-27,293979.45000000414,8,144436.95000000412,-457.5
2021-10-28,295307.0000000042,8,145433.25000000416,-126.25
2021-10-29,295778.8800000042,3,145432.63000000417,346.25
2021-10-31,295838.8800000042,3,145432.63000000417,406.25
2021-11-01,295842.0400000042,4,145853.2900000042,-11.25
2021-11-02,296343.94000000425,4,146353.94000000422,-10.0
2021-11-03,296636.46000000427,2,146602.71000000424,33.75
2021-11-04,296866.4800000043,3,146725.23000000426,141.25
2021-11-05,297194.6400000043,4,147229.6400000043,-35.0
2021-11-07,297074.6400000043,4,147229.6400000043,-155.0
2021-11-08,297114.6400000043,4,147229.6400000043,-115.0
2021-11-09,296654.0200000043,5,147229.0200000043,-575.0
2021-11-10,296015.92000000435,10,147225.92000000432,-1210.0
2021-11-11,296340.92000000435,10,147225.92000000432,-885.0
2021-11-12,297928.42000000435,10,147225.92000000432,702.5
2021-11-14,297890.92000000435,10,147225.92000000432,665.0
2021-11-15,298430.3600000044,10,148470.36000000438,-40.0
2021-11-16,298744.14000000444,3,148842.8900000044,-98.75
2021-11-17,298776.03000000445,6,148841.03000000442,-65.0
2021-11-18,299857.91000000446,7,148840.41000000443,1017.5
2021-11-19,299087.91000000446,7,148840.41000000443,247.5
2021-11-21,299411.66000000446,7,148840.41000000443,571.25
2021-11-22,299179.8500000045,7,149709.8500000045,-530.0
2021-11-23,299052.3500000045,6,149709.8500000045,-657.5
2021-11-24,300087.3500000045,6,149709.8500000045,377.5
2021-11-25,298324.8500000045,6,149709.8500000045,-1385.0
2021-11-26,295601.1100000045,8,149708.6100000045,-4107.5
2021-11-28,297691.1100000045,8,149708.6100000045,-2017.5
2021-11-29,298721.1100000045,8,149708.6100000045,-987.5
2021-11-30,296647.99000000453,9,149707.9900000045,-3060.0
2021-12-01,293362.99000000453,9,149707.9900000045,-6345.0
2021-12-02,295219.24000000453,9,149707.9900000045,-4488.75
2021-12-03,293351.74000000453,9,149707.9900000045,-6356.25
2021-12-05,294566.74000000453,9,149707.9900000045,-5141.25
2021-12-06,296756.75000000454,11,149706.7500000045,-2950.0
2021-12-07,301612.4500000046,11,151078.70000000458,533.75
2021-12-08,301534.35000000463,4,151579.3500000046,-45.0
2021-12-09,301312.50000000466,6,151576.25000000463,-263.75
2021-12-10,302543.1700000047,6,152326.92000000467,216.25
2021-12-12,302771.95000000467,3,152319.45000000467,452.5
2021-12-13,301917.6000000047,8,152316.3500000047,-398.75
2021-12-14,300935.7400000047,11,152314.4900000047,-1378.75
2021-12-15,303692.67000000476,11,153692.67000000476,0.0
2021-12-16,303307.0800000048,7,153688.3300000048,-381.25
2021-12-17,302093.3600000048,13,153684.61000000482,-1591.25
2021-12-19,298810.8600000048,13,153684.61000000482,-4873.75
2021-12-20,300892.13000000484,17,153682.13000000484,-2790.0
2021-12-21,304865.88000000484,17,153682.13000000484,1183.75
2021-12-22,306286.62000000494,17,156059.12000000494,227.5
2021-12-23,306447.900000005,2,156480.40000000497,-32.5
2021-12-26,306482.900000005,2,156480.40000000497,2.5
2021-12-27,307023.560000005,2,156976.060000005,47.5
2021-12-28,307067.34000000503,5,157097.34000000503,-30.0
2021-12-29,307073.59000000503,5,157097.34000000503,-23.75
2021-12-30,306586.09000000503,5,157097.34000000503,-511.25
2021-12-31,306507.35000000504,7,157096.10000000504,-588.75
2022-01-02,307067.35000000504,7,157096.10000000504,-28.75
2022-01-03,307880.48000000505,8,157095.48000000505,785.0
2022-01-04,307664.9300000051,8,158121.18000000512,-456.25
2022-01-05,301375.59000000515,14,158116.84000000515,-6741.25
2022-01-06,303566.2400000052,19,158113.74000000517,-4547.5
2022-01-07,300638.7500000052,21,158112.50000000518,-7473.75
2022-01-09,301347.5000000052,21,158112.50000000518,-6765.0
2022-01-10,300747.5200000052,25,158110.0200000052,-7362.5
2022-01-11,306591.2700000052,25,158110.0200000052,-1518.75
2022-01-12,306685.0200000052,25,158110.0200000052,-1425.0
2022-01-13,299778.7700000052,25,158110.0200000052,-8331.25
2022-01-14,301091.2700000052,25,158110.0200000052,-7018.75
2022-01-16,298591.2700000052,25,158110.0200000052,-9518.75
2022-01-17,297310.0200000052,25,158110.0200000052,-10800.0
2022-01-18,285342.5400000052,29,158107.54000000522,-22765.0
2022-01-19,285125.0400000052,29,158107.54000000522,-22982.5
2022-01-20,268613.18000000523,32,158105.68000000523,-39492.5
2022-01-21,258853.18000000523,32,158105.68000000523,-49252.5
2022-01-23,265173.18000000523,32,158105.68000000523,-42932.5
2022-01-24,252853.18000000523,32,158105.68000000523,-55252.5
2022-01-25,255453.18000000523,32,158105.68000000523,-52652.5
2022-01-26,242893.18000000523,32,158105.68000000523,-65212.5
2022-01-27,251013.18000000523,32,158105.68000000523,-57092.5
2022-01-28,264933.18000000523,32,158105.68000000523,-43172.5
2022-01-30,266973.18000000523,32,158105.68000000523,-41132.5
2022-01-31,276453.18000000523,32,158105.68000000523,-31652.5
2022-02-01,286933.18000000523,32,158105.68000000523,-21172.5
2022-02-02,283493.18000000523,32,158105.68000000523,-24612.5
2022-02-03,281053.18000000523,32,158105.68000000523,-27052.5
2022-02-04,275493.18000000523,32,158105.68000000523,-32612.5
2022-02-06,276813.18000000523,32,158105.68000000523,-31292.5
2022-02-07,274413.18000000523,32,158105.68000000523,-33692.5
2022-02-08,283333.18000000523,32,158105.68000000523,-24772.5
2022-02-09,288893.18000000523,32,158105.68000000523,-19212.5
2022-02-10,272293.18000000523,32,158105.68000000523,-35812.5
2022-02-11,264693.18000000523,32,158105.68000000523,-43412.5
2022-02-13,265293.18000000523,32,158105.68000000523,-42812.5
2022-02-14,261373.18000000523,32,158105.68000000523,-46732.5
2022-02-15,270533.18000000523,32,158105.68000000523,-37572.5
2022-02-16,268853.18000000523,32,158105.68000000523,-39252.5
2022-02-17,262493.18000000523,32,158105.68000000523,-45612.5
2022-02-18,252893.18000000523,32,158105.68000000523,-55212.5
2022-02-20,256493.18000000523,32,158105.68000000523,-51612.5
2022-02-21,241973.18000000523,32,158105.68000000523,-66132.5
2022-02-22,249813.18000000523,32,158105.68000000523,-58292.5
2022-02-23,220453.18000000523,32,158105.68000000523,-87652.5
2022-02-24,239893.18000000523,32,158105.68000000523,-68212.5
2022-02-25,258693.18000000523,32,158105.68000000523,-49412.5
2022-02-27,242013.18000000523,32,158105.68000000523,-66092.5
2022-02-28,256933.18000000523,32,158105.68000000523,-51172.5
2022-03-01,248893.18000000523,32,158105.68000000523,-59212.5
2022-03-02,258973.18000000523,32,158105.68000000523,-49132.5
2022-03-03,249933.18000000523,32,158105.68000000523,-58172.5
2022-03-04,249053.18000000523,32,158105.68000000523,-59052.5
2022-03-06,241933.18000000523,32,158105.68000000523,-66172.5
2022-03-07,228413.18000000523,32,158105.68000000523,-79692.5
2022-03-08,228693.18000000523,32,158105.68000000523,-79412.5
2022-03-09,240653.18000000523,32,158105.68000000523,-67452.5
2022-03-10,236053.18000000523,32,158105.68000000523,-72052.5
2022-03-11,230733.18000000523,32,158105.68000000523,-77372.5
2022-03-13,232813.50000000524,32,158026.00000000524,-75212.5
2022-03-14,227133.50000000524,32,158026.00000000524,-80892.5
2022-03-15,238813.50000000524,32,158026.00000000524,-69212.5
2022-03-16,253773.50000000524,32,158026.00000000524,-54252.5
2022-03-17,258653.50000000524,32,158026.00000000524,-49372.5
2022-03-18,273573.50000000524,32,158026.00000000524,-34452.5
2022-03-20,270053.50000000524,32,158026.00000000524,-37972.5
2022-03-21,270133.50000000524,32,158026.00000000524,-37892.5
2022-03-22,280853.50000000524,32,158026.00000000524,-27172.5
2022-03-23,272733.50000000524,32,158026.00000000524,-35292.5
2022-03-24,281093.50000000524,32,158026.00000000524,-26932.5
2022-03-25,284933.50000000524,32,158026.00000000524,-23092.5
2022-03-27,282613.50000000524,32,158026.00000000524,-25412.5
2022-03-28,290333.50000000524,32,158026.00000000524,-17692.5
2022-03-29,298133.50000000524,32,158026.00000000524,-9892.5
2022-03-30,296133.50000000524,32,158026.00000000524,-11892.5
2022-03-31,286573.50000000524,32,158026.00000000524,-21452.5
2022-04-01,285333.50000000524,32,158026.00000000524,-22692.5
2022-04-03,285533.50000000524,32,158026.00000000524,-22492.5
2022-04-04,290773.50000000524,32,158026.00000000524,-17252.5
2022-04-05,281453.50000000524,32,158026.00000000524,-26572.5
2022-04-06,272293.50000000524,32,158026.00000000524,-35732.5
2022-04-07,278413.50000000524,32,158026.00000000524,-29612.5
2022-04-08,276533.50000000524,32,158026.00000000524,-31492.5
2022-04-10,272053.50000000524,32,158026.00000000524,-35972.5
2022-04-11,261093.50000000524,32,158026.00000000524,-46932.5
2022-04-12,265613.50000000524,32,158026.00000000524,-42412.5
2022-04-13,270493.50000000524,32,158026.00000000524,-37532.5
2022-04-14,261413.50000000524,32,158026.00000000524,-46612.5
2022-04-17,257893.50000000524,32,158026.00000000524,-50132.5
2022-04-18,263853.50000000524,32,158026.00000000524,-44172.5
2022-04-19,270333.50000000524,32,158026.00000000524,-37692.5
2022-04-20,274533.50000000524,32,158026.00000000524,-33492.5
2022-04-21,259093.50000000524,32,158026.00000000524,-48932.5
2022-04-22,239373.50000000524,32,158026.00000000524,-68652.5
2022-04-24,238493.50000000524,32,158026.00000000524,-69532.5
2022-04-25,247413.50000000524,32,158026.00000000524,-60612.5
2022-04-26,230013.50000000524,32,158026.00000000524,-78012.5
2022-04-27,232613.50000000524,32,158026.00000000524,-75412.5
2022-04-28,241413.50000000524,32,158026.00000000524,-66612.5
2022-04-29,221093.50000000524,32,158026.00000000524,-86932.5
2022-05-01,223093.50000000524,32,158026.00000000524,-84932.5
2022-05-02,225453.50000000524,32,158026.00000000524,-82572.5
2022-05-03,226613.50000000524,32,158026.00000000524,-81412.5
2022-05-04,245893.50000000524,32,158026.00000000524,-62132.5
2022-05-05,222413.50000000524,32,158026.00000000524,-85612.5
2022-05-06,216893.50000000524,32,158026.00000000524,-91132.5
2022-05-08,212053.50000000524,32,158026.00000000524,-95972.5
2022-05-09,200613.50000000524,32,158026.00000000524,-107412.5
2022-05-10,201053.50000000524,32,158026.00000000524,-106972.5
2022-05-11,189533.50000000524,32,158026.00000000524,-118492.5
2022-05-12,193813.50000000524,32,158026.00000000524,-114212.5
2022-05-13,201333.50000000524,32,158026.00000000524,-106692.5
2022-05-15,197973.50000000524,32,158026.00000000524,-110052.5
2022-05-16,201893.50000000524,32,158026.00000000524,-106132.5
2022-05-17,210853.50000000524,32,158026.00000000524,-97172.5
2022-05-18,187933.50000000524,32,158026.00000000524,-120092.5
2022-05-19,186813.50000000524,32,158026.00000000524,-121212.5
2022-05-20,183533.50000000524,32,158026.00000000524,-124492.5
2022-05-22,188093.50000000524,32,158026.00000000524,-119932.5
2022-05-23,189773.50000000524,32,158026.00000000524,-118252.5
2022-05-24,193893.50000000524,32,158026.00000000524,-114132.5
2022-05-25,195253.50000000524,32,158026.00000000524,-112772.5
2022-05-26,206893.50000000524,32,158026.00000000524,-101132.5
2022-05-27,226053.50000000524,32,158026.00000000524,-81972.5
2022-05-29,226893.50000000524,32,158026.00000000524,-81132.5
2022-05-30,225533.50000000524,32,158026.00000000524,-82492.5
2022-05-31,222533.50000000524,32,158026.00000000524,-85492.5
2022-06-01,215093.50000000524,32,158026.00000000524,-92932.5
2022-06-02,227413.50000000524,32,158026.00000000524,-80612.5
2022-06-03,216693.50000000524,32,158026.00000000524,-91332.5
2022-06-05,219533.50000000524,32,158026.00000000524,-88492.5
2022-06-06,215573.50000000524,32,158026.00000000524,-92452.5
2022-06-07,222053.50000000524,32,158026.00000000524,-85972.5
2022-06-08,217093.50000000524,32,158026.00000000524,-90932.5
2022-06-09,203133.50000000524,32,158026.00000000524,-104892.5
2022-06-10,184053.50000000524,32,158026.00000000524,-123972.5
2022-06-12,174973.50000000524,32,158026.00000000524,-133052.5
2022-06-13,163333.82000000525,32,157946.32000000525,-144612.5
2022-06-14,159133.82000000525,32,157946.32000000525,-148812.5
2022-06-15,168053.82000000525,32,157946.32000000525,-139892.5
2022-06-16,149013.82000000525,32,157946.32000000525,-158932.5
2022-06-17,147973.82000000525,32,157946.32000000525,-159972.5
2022-06-19,149093.82000000525,32,157946.32000000525,-158852.5
2022-06-20,156213.82000000525,32,157946.32000000525,-151732.5
2022-06-21,155853.82000000525,32,157946.32000000525,-152092.5
2022-06-22,159013.82000000525,32,157946.32000000525,-148932.5
2022-06-23,169133.82000000525,32,157946.32000000525,-138812.5
2022-06-24,184973.82000000525,32,157946.32000000525,-122972.5
2022-06-26,186813.82000000525,32,157946.32000000525,-121132.5
2022-06-27,182533.82000000525,32,157946.32000000525,-125412.5
2022-06-28,171613.82000000525,32,157946.32000000525,-136332.5
2022-06-29,168293.82000000525,32,157946.32000000525,-139652.5
2022-06-30,159573.82000000525,32,157946.32000000525,-148372.5
2022-07-01,170693.82000000525,32,157946.32000000525,-137252.5
2022-07-03,167453.82000000525,32,157946.32000000525,-140492.5
2022-07-04,172373.82000000525,32,157946.32000000525,-135572.5
2022-07-05,171973.82000000525,32,157946.32000000525,-135972.5
2022-07-06,174573.82000000525,32,157946.32000000525,-133372.5
2022-07-07,180773.82000000525,32,157946.32000000525,-127172.5
2022-07-08,183493.82000000525,32,157946.32000000525,-124452.5
2022-07-10,179013.82000000525,32,157946.32000000525,-128932.5
2022-07-11,172573.82000000525,32,157946.32000000525,-135372.5
2022-07-12,171373.82000000525,32,157946.32000000525,-136572.5
2022-07-13,166733.82000000525,32,157946.32000000525,-141212.5
2022-07-14,167813.82000000525,32,157946.32000000525,-140132.5
2022-07-15,177293.82000000525,32,157946.32000000525,-130652.5
2022-07-17,179573.82000000525,32,157946.32000000525,-128372.5
2022-07-18,173053.82000000525,32,157946.32000000525,-134892.5
2022-07-19,192213.82000000525,32,157946.32000000525,-115732.5
2022-07-20,191613.82000000525,32,157946.32000000525,-116332.5
2022-07-21,196293.82000000525,32,157946.32000000525,-111652.5
2022-07-22,192733.82000000525,32,157946.32000000525,-115212.5
2022-07-24,192413.82000000525,32,157946.32000000525,-115532.5
2022-07-25,192093.82000000525,32,157946.32000000525,-115852.5
2022-07-26,191013.82000000525,32,157946.32000000525,-116932.5
2022-07-27,201013.82000000525,32,157946.32000000525,-106932.5
2022-07-28,213933.82000000525,32,157946.32000000525,-94012.5
2022-07-29,219813.82000000525,32,157946.32000000525,-88132.5
2022-07-31,216853.82000000525,32,157946.32000000525,-91092.5
2022-08-01,215333.82000000525,32,157946.32000000525,-92612.5
2022-08-02,214573.82000000525,32,157946.32000000525,-93372.5
2022-08-03,222773.82000000525,32,157946.32000000525,-85172.5
2022-08-04,224693.82000000525,32,157946.32000000525,-83252.5
2022-08-05,221293.82000000525,32,157946.32000000525,-86652.5
2022-08-07,220893.82000000525,32,157946.32000000525,-87052.5
2022-08-08,223013.82000000525,32,157946.32000000525,-84932.5
2022-08-09,218173.82000000525,32,157946.32000000525,-89772.5
2022-08-10,234213.82000000525,32,157946.32000000525,-73732.5
2022-08-11,233173.82000000525,32,157946.32000000525,-74772.5
2022-08-12,243533.82000000525,32,157946.32000000525,-64412.5
2022-08-14,241973.82000000525,32,157946.32000000525,-65972.5
2022-08-15,245573.82000000525,32,157946.32000000525,-62372.5
2022-08-16,247733.82000000525,32,157946.32000000525,-60212.5
2022-08-17,242173.82000000525,32,157946.32000000525,-65772.5
2022-08-18,243253.82000000525,32,157946.32000000525,-64692.5
2022-08-19,235173.82000000525,32,157946.32000000525,-72772.5
2022-08-21,233013.82000000525,32,157946.32000000525,-74932.5
2022-08-22,222133.82000000525,32,157946.32000000525,-85812.5
2022-08-23,217213.82000000525,32,157946.32000000525,-90732.5
2022-08-24,223253.82000000525,32,157946.32000000525,-84692.5
2022-08-25,230333.82000000525,32,157946.32000000525,-77612.5
2022-08-26,205453.82000000525,32,157946.32000000525,-102492.5
2022-08-28,203253.82000000525,32,157946.32000000525,-104692.5
2022-08-29,205093.82000000525,32,157946.32000000525,-102852.5
2022-08-30,200093.82000000525,32,157946.32000000525,-107852.5
2022-08-31,186973.82000000525,32,157946.32000000525,-120972.5
2022-09-01,193013.82000000525,32,157946.32000000525,-114932.5
2022-09-02,187933.82000000525,32,157946.32000000525,-120012.5
2022-09-04,187813.82000000525,32,157946.32000000525,-120132.5
2022-09-05,188973.82000000525,32,157946.32000000525,-118972.5
2022-09-06,181413.82000000525,32,157946.32000000525,-126532.5
2022-09-07,195573.82000000525,32,157946.32000000525,-112372.5
2022-09-08,201613.82000000525,32,157946.32000000525,-106332.5
2022-09-09,209213.82000000525,32,157946.32000000525,-98732.5
2022-09-11,209213.82000000525,32,157946.32000000525,-98732.5
2022-09-12,216734.14000000525,32,157866.64000000525,-91132.5
2022-09-13,188694.14000000525,32,157866.64000000525,-119172.5
2022-09-14,190574.14000000525,32,157866.64000000525,-117292.5
2022-09-15,178094.14000000525,32,157866.64000000525,-129772.5
2022-09-16,179934.14000000525,32,157866.64000000525,-127932.5
2022-09-18,176494.14000000525,32,157866.64000000525,-131372.5
2022-09-19,183654.14000000525,32,157866.64000000525,-124212.5
2022-09-20,176134.14000000525,32,157866.64000000525,-131732.5
2022-09-21,160694.14000000525,32,157866.64000000525,-147172.5
2022-09-22,158174.14000000525,32,157866.64000000525,-149692.5
2022-09-23,149334.14000000525,32,157866.64000000525,-158532.5
2022-09-25,145774.14000000525,32,157866.64000000525,-162092.5
2022-09-26,146734.14000000525,32,157866.64000000525,-161132.5
2022-09-27,137814.14000000525,32,157866.64000000525,-170052.5
2022-09-28,152254.14000000525,32,157866.64000000525,-155612.5
2022-09-29,138614.14000000525,32,157866.64000000525,-169252.5
2022-09-30,132214.14000000525,32,157866.64000000525,-175652.5
2022-10-02,131374.14000000525,32,157866.64000000525,-176492.5
2022-10-03,151014.14000000525,32,157866.64000000525,-156852.5
2022-10-04,161294.14000000525,32,157866.64000000525,-146572.5
2022-10-05,165574.14000000525,32,157866.64000000525,-142292.5
2022-10-06,155854.14000000525,32,157866.64000000525,-152012.5
2022-10-07,139654.14000000525,32,157866.64000000525,-168212.5
2022-10-09,137334.14000000525,32,157866.64000000525,-170532.5
2022-10-10,132494.14000000525,32,157866.64000000525,-175372.5
2022-10-11,132254.14000000525,32,157866.64000000525,-175612.5
2022-10-12,130534.14000000525,32,157866.64000000525,-177332.5
2022-10-13,149134.14000000525,32,157866.64000000525,-158732.5
2022-10-14,130974.14000000525,32,157866.64000000525,-176892.5
2022-10-16,133534.14000000525,32,157866.64000000525,-174332.5
2022-10-17,154334.14000000525,32,157866.64000000525,-153532.5
2022-10-18,157414.14000000525,32,157866.64000000525,-150452.5
2022-10-19,145054.14000000525,32,157866.64000000525,-162812.5
2022-10-20,141974.14000000525,32,157866.64000000525,-165892.5
2022-10-21,159054.14000000525,32,157866.64000000525,-148812.5
2022-10-23,158054.14000000525,32,157866.64000000525,-149812.5
2022-10-24,165014.14000000525,32,157866.64000000525,-142852.5
2022-10-25,169294.14000000525,32,157866.64000000525,-138572.5
2022-10-26,173334.14000000525,32,157866.64000000525,-134532.5
2022-10-27,164174.14000000525,32,157866.64000000525,-143692.5
2022-10-28,183214.14000000525,32,157866.64000000525,-124652.5
2022-10-30,180974.14000000525,32,157866.64000000525,-126892.5
2022-10-31,179014.14000000525,32,157866.64000000525,-128852.5
2022-11-01,175614.14000000525,32,157866.64000000525,-132252.5
2022-11-02,159934.14000000525,32,157866.64000000525,-147932.5
2022-11-03,152054.14000000525,32,157866.64000000525,-155812.5
2022-11-04,159174.14000000525,32,157866.64000000525,-148692.5
2022-11-06,159254.14000000525,32,157866.64000000525,-148612.5
2022-11-07,165534.14000000525,32,157866.64000000525,-142332.5
2022-11-08,169734.14000000525,32,157866.64000000525,-138132.5
2022-11-09,157854.14000000525,32,157866.64000000525,-150012.5
2022-11-10,190534.14000000525,32,157866.64000000525,-117332.5
2022-11-11,195454.14000000525,32,157866.64000000525,-112412.5
2022-11-13,193854.14000000525,32,157866.64000000525,-114012.5
2022-11-14,192734.14000000525,32,157866.64000000525,-115132.5
2022-11-15,193734.14000000525,32,157866.64000000525,-114132.5
2022-11-16,190814.14000000525,32,157866.64000000525,-117052.5
2022-11-17,188294.14000000525,32,157866.64000000525,-119572.5
2022-11-18,190974.14000000525,32,157866.64000000525,-116892.5
2022-11-20,189614.14000000525,32,157866.64000000525,-118252.5
2022-11-21,189494.14000000525,32,157866.64000000525,-118372.5
2022-11-22,196774.14000000525,32,157866.64000000525,-111092.5
2022-11-23,202254.14000000525,32,157866.64000000525,-105612.5
2022-11-24,202374.14000000525,32,157866.64000000525,-105492.5
2022-11-25,201014.14000000525,32,157866.64000000525,-106852.5
2022-11-27,196614.14000000525,32,157866.64000000525,-111252.5
2022-11-28,192854.14000000525,32,157866.64000000525,-115012.5
2022-11-29,190334.14000000525,32,157866.64000000525,-117532.5
2022-11-30,209694.14000000525,32,157866.64000000525,-98172.5
2022-12-01,207334.14000000525,32,157866.64000000525,-100532.5
2022-12-02,206214.14000000525,32,157866.64000000525,-101652.5
2022-12-04,206814.14000000525,32,157866.64000000525,-101052.5
2022-12-05,196614.14000000525,32,157866.64000000525,-111252.5
2022-12-06,187854.14000000525,32,157866.64000000525,-120012.5
2022-12-07,184734.14000000525,32,157866.64000000525,-123132.5
2022-12-08,191414.14000000525,32,157866.64000000525,-116452.5
2022-12-09,184614.14000000525,32,157866.64000000525,-123252.5
2022-12-11,184894.14000000525,32,157866.64000000525,-122972.5
2022-12-12,193694.46000000526,32,157786.96000000526,-114092.5
2022-12-13,201014.46000000526,32,157786.96000000526,-106772.5
2022-12-14,195174.46000000526,32,157786.96000000526,-112612.5
2022-12-15,177894.46000000526,32,157786.96000000526,-129892.5
2022-12-16,169694.46000000526,32,157786.96000000526,-138092.5
2022-12-18,171694.46000000526,32,157786.96000000526,-136092.5
2022-12-19,160094.46000000526,32,157786.96000000526,-147692.5
2022-12-20,168214.46000000526,32,157786.96000000526,-139572.5
2022-12-21,177054.46000000526,32,157786.96000000526,-130732.5
2022-12-22,166614.46000000526,32,157786.96000000526,-141172.5
2022-12-23,169094.46000000526,32,157786.96000000526,-138692.5
2022-12-26,173294.46000000526,32,157786.96000000526,-134492.5
2022-12-27,167494.46000000526,32,157786.96000000526,-140292.5
2022-12-28,160014.46000000526,32,157786.96000000526,-147772.5
2022-12-29,168974.46000000526,32,157786.96000000526,-138812.5
2022-12-30,169014.46000000526,32,157786.96000000526,-138772.5
2023-01-02,168454.46000000526,32,157786.96000000526,-139332.5
2023-01-03,166654.46000000526,32,157786.96000000526,-141132.5
2023-01-04,169854.46000000526,32,157786.96000000526,-137932.5
2023-01-05,165894.46000000526,32,157786.96000000526,-141892.5
2023-01-06,176374.46000000526,32,157786.96000000526,-131412.5
2023-01-08,178934.46000000526,32,157786.96000000526,-128852.5
2023-01-09,174574.46000000526,32,157786.96000000526,-133212.5
2023-01-10,180974.46000000526,32,157786.96000000526,-126812.5
2023-01-11,189254.46000000526,32,157786.96000000526,-118532.5
2023-01-12,189174.46000000526,32,157786.96000000526,-118612.5
2023-01-13,193214.46000000526,32,157786.96000000526,-114572.5
2023-01-15,193894.46000000526,32,157786.96000000526,-113892.5
2023-01-16,191054.46000000526,32,157786.96000000526,-116732.5
2023-01-17,192494.46000000526,32,157786.96000000526,-115292.5
2023-01-18,180774.46000000526,32,157786.96000000526,-127012.5
2023-01-19,178094.46000000526,32,157786.96000000526,-129692.5
2023-01-20,188254.46000000526,32,157786.96000000526,-119532.5
2023-01-22,187774.46000000526,32,157786.96000000526,-120012.5
2023-01-23,196094.46000000526,32,157786.96000000526,-111692.5
2023-01-24,192494.46000000526,32,157786.96000000526,-115292.5
2023-01-25,196054.46000000526,32,157786.96000000526,-111732.5
2023-01-26,200454.46000000526,32,157786.96000000526,-107332.5
2023-01-27,203614.46000000526,32,157786.96000000526,-104172.5
2023-01-29,201694.46000000526,32,157786.96000000526,-106092.5
2023-01-30,194974.46000000526,32,157786.96000000526,-112812.5
2023-01-31,203014.46000000526,32,157786.96000000526,-104772.5
2023-02-01,213694.46000000526,32,157786.96000000526,-94092.5
2023-02-02,217414.46000000526,32,157786.96000000526,-90372.5
2023-02-03,213534.46000000526,32,157786.96000000526,-94252.5
2023-02-05,211414.46000000526,32,157786.96000000526,-96372.5
2023-02-06,210454.46000000526,32,157786.96000000526,-97332.5
2023-02-07,218174.46000000526,32,157786.96000000526,-89612.5
2023-02-08,212334.46000000526,32,157786.96000000526,-95452.5
2023-02-09,203694.46000000526,32,157786.96000000526,-104092.5
2023-02-10,206094.46000000526,32,157786.96000000526,-101692.5
2023-02-12,203494.46000000526,32,157786.96000000526,-104292.5
2023-02-13,213054.46000000526,32,157786.96000000526,-94732.5
2023-02-14,210694.46000000526,32,157786.96000000526,-97092.5
2023-02-15,216734.46000000526,32,157786.96000000526,-91052.5
2023-02-16,203534.46000000526,32,157786.96000000526,-104252.5
2023-02-17,203894.46000000526,32,157786.96000000526,-103892.5
2023-02-19,203934.46000000526,32,157786.96000000526,-103852.5
2023-02-20,201334.46000000526,32,157786.96000000526,-106452.5
2023-02-21,192414.46000000526,32,157786.96000000526,-115372.5
2023-02-22,193134.46000000526,32,157786.96000000526,-114652.5
2023-02-23,192534.46000000526,32,157786.96000000526,-115252.5
2023-02-24,186094.46000000526,32,157786.96000000526,-121692.5
2023-02-26,187174.46000000526,32,157786.96000000526,-120612.5
2023-02-27,188814.46000000526,32,157786.96000000526,-118972.5
2023-02-28,186294.46000000526,32,157786.96000000526,-121492.5
2023-03-01,180974.46000000526,32,157786.96000000526,-126812.5
2023-03-02,186534.46000000526,32,157786.96000000526,-121252.5
2023-03-03,198574.46000000526,32,157786.96000000526,-109212.5
2023-03-05,198974.46000000526,32,157786.96000000526,-108812.5
2023-03-06,199934.46000000526,32,157786.96000000526,-107852.5
2023-03-07,188574.46000000526,32,157786.96000000526,-119212.5
2023-03-08,188614.46000000526,32,157786.96000000526,-119172.5
2023-03-09,172414.46000000526,32,157786.96000000526,-135372.5
2023-03-10,170814.46000000526,32,157786.96000000526,-136972.5
2023-03-12,179014.46000000526,32,157786.96000000526,-128772.5
2023-03-13,170334.78000000527,32,157707.28000000527,-137372.5
2023-03-14,178334.78000000527,32,157707.28000000527,-129372.5
2023-03-15,174814.78000000527,32,157707.28000000527,-132892.5
2023-03-16,183974.78000000527,32,157707.28000000527,-123732.5
2023-03-17,176694.78000000527,32,157707.28000000527,-131012.5
2023-03-19,177414.78000000527,32,157707.28000000527,-130292.5
2023-03-20,183014.78000000527,32,157707.28000000527,-124692.5
2023-03-21,190974.78000000527,32,157707.28000000527,-116732.5
2023-03-22,183134.78000000527,32,157707.28000000527,-124572.5
2023-03-23,182054.78000000527,32,157707.28000000527,-125652.5
2023-03-24,186694.78000000527,32,157707.28000000527,-121012.5
2023-03-26,188534.78000000527,32,157707.28000000527,-119172.5
2023-03-27,187134.78000000527,32,157707.28000000527,-120572.5
2023-03-28,187894.78000000527,32,157707.28000000527,-119812.5
2023-03-29,193934.78000000527,32,157707.28000000527,-113772.5
2023-03-30,199654.78000000527,32,157707.28000000527,-108052.5
2023-03-31,207334.78000000527,32,157707.28000000527,-100372.5
2023-04-02,204934.78000000527,32,157707.28000000527,-102772.5
2023-04-03,209334.78000000527,32,157707.28000000527,-98372.5
2023-04-04,205974.78000000527,32,157707.28000000527,-101732.5
2023-04-05,202054.78000000527,32,157707.28000000527,-105652.5
2023-04-06,205574.78000000527,32,157707.28000000527,-102132.5
2023-04-07,207734.78000000527,32,157707.28000000527,-99972.5
2023-04-09,206054.78000000527,32,157707.28000000527,-101652.5
2023-04-10,207454.78000000527,32,157707.28000000527,-100252.5
2023-04-11,207054.78000000527,32,157707.28000000527,-100652.5
2023-04-12,204534.78000000527,32,157707.28000000527,-103172.5
2023-04-13,212414.78000000527,32,157707.28000000527,-95292.5
2023-04-14,212494.78000000527,32,157707.28000000527,-95212.5
2023-04-16,212254.78000000527,32,157707.28000000527,-95452.5
2023-04-17,212934.78000000527,32,157707.28000000527,-94772.5
2023-04-18,212934.78000000527,32,157707.28000000527,-94772.5
2023-04-19,212294.78000000527,32,157707.28000000527,-95412.5
2023-04-20,209814.78000000527,32,157707.28000000527,-97892.5
2023-04-21,209534.78000000527,32,157707.28000000527,-98172.5
2023-04-23,208094.78000000527,32,157707.28000000527,-99612.5
2023-04-24,208774.78000000527,32,157707.28000000527,-98932.5
2023-04-25,202534.78000000527,32,157707.28000000527,-105172.5
2023-04-26,198534.78000000527,32,157707.28000000527,-109172.5
2023-04-27,208774.78000000527,32,157707.28000000527,-98932.5
2023-04-28,215494.78000000527,32,157707.28000000527,-92212.5
2023-04-30,215574.78000000527,32,157707.28000000527,-92132.5
2023-05-01,214414.78000000527,32,157707.28000000527,-93292.5
2023-05-02,207934.78000000527,32,157707.28000000527,-99772.5
2023-05-03,203054.78000000527,32,157707.28000000527,-104652.5
2023-05-04,199814.78000000527,32,157707.28000000527,-107892.5
2023-05-05,208854.78000000527,32,157707.28000000527,-98852.5
2023-05-07,208454.78000000527,32,157707.28000000527,-99252.5
2023-05-08,209254.78000000527,32,157707.28000000527,-98452.5
2023-05-09,207014.78000000527,32,157707.28000000527,-100692.5
2023-05-10,210654.78000000527,32,157707.28000000527,-97052.5
2023-05-11,208854.78000000527,32,157707.28000000527,-98852.5
2023-05-12,206134.78000000527,32,157707.28000000527,-101572.5
2023-05-14,206974.78000000527,32,157707.28000000527,-100732.5
2023-05-15,207814.78000000527,32,157707.28000000527,-99892.5
2023-05-16,205854.78000000527,32,157707.28000000527,-101852.5
2023-05-17,212134.78000000527,32,157707.28000000527,-95572.5
2023-05-18,220014.78000000527,32,157707.28000000527,-87692.5
2023-05-19,216734.78000000527,32,157707.28000000527,-90972.5
2023-05-21,217574.78000000527,32,157707.28000000527,-90132.5
2023-05-22,219174.78000000527,32,157707.28000000527,-88532.5
2023-05-23,211094.78000000527,32,157707.28000000527,-96612.5
2023-05-24,207574.78000000527,32,157707.28000000527,-100132.5
2023-05-25,209254.78000000527,32,157707.28000000527,-98452.5
2023-05-26,220094.78000000527,32,157707.28000000527,-87612.5
2023-05-28,220574.78000000527,32,157707.28000000527,-87132.5
2023-05-29,220614.78000000527,32,157707.28000000527,-87092.5
2023-05-30,217854.78000000527,32,157707.28000000527,-89852.5
2023-05-31,215894.78000000527,32,157707.28000000527,-91812.5
2023-06-01,222654.78000000527,32,157707.28000000527,-85052.5
2023-06-02,231214.78000000527,32,157707.28000000527,-76492.5
2023-06-04,230454.78000000527,32,157707.28000000527,-77252.5
2023-06-05,230014.78000000527,32,157707.28000000527,-77692.5
2023-06-06,232054.78000000527,32,157707.28000000527,-75652.5
2023-06-07,228214.78000000527,32,157707.28000000527,-79492.5
2023-06-08,232254.78000000527,32,157707.28000000527,-75452.5
2023-06-09,233774.78000000527,32,157707.28000000527,-73932.5
2023-06-11,234574.78000000527,32,157707.28000000527,-73132.5
2023-06-12,241175.10000000527,32,157627.60000000527,-66452.5
2023-06-13,244215.10000000527,32,157627.60000000527,-63412.5
2023-06-14,244615.10000000527,32,157627.60000000527,-63012.5
2023-06-15,252095.10000000527,32,157627.60000000527,-55532.5
2023-06-16,251135.10000000527,32,157627.60000000527,-56492.5
2023-06-18,249615.10000000527,32,157627.60000000527,-58012.5
2023-06-19,248695.10000000527,32,157627.60000000527,-58932.5
2023-06-20,247175.10000000527,32,157627.60000000527,-60452.5
2023-06-21,243015.10000000527,32,157627.60000000527,-64612.5
2023-06-22,242655.10000000527,32,157627.60000000527,-64972.5
2023-06-23,239855.10000000527,32,157627.60000000527,-67772.5
2023-06-25,241695.10000000527,32,157627.60000000527,-65932.5
2023-06-26,238295.10000000527,32,157627.60000000527,-69332.5
2023-06-27,243535.10000000527,32,157627.60000000527,-64092.5
2023-06-28,244935.10000000527,32,157627.60000000527,-62692.5
2023-06-29,247615.10000000527,32,157627.60000000527,-60012.5
2023-06-30,254895.10000000527,32,157627.60000000527,-52732.5
2023-07-02,255895.10000000527,32,157627.60000000527,-51732.5
2023-07-03,256295.10000000527,32,157627.60000000527,-51332.5
2023-07-04,255975.10000000527,32,157627.60000000527,-51652.5
2023-07-05,252855.10000000527,32,157627.60000000527,-54772.5
2023-07-06,249015.10000000527,32,157627.60000000527,-58612.5
2023-07-07,247775.10000000527,32,157627.60000000527,-59852.5
2023-07-09,245575.10000000527,32,157627.60000000527,-62052.5
2023-07-10,249215.10000000527,32,157627.60000000527,-58412.5
2023-07-11,253655.10000000527,32,157627.60000000527,-53972.5
2023-07-12,260735.10000000527,32,157627.60000000527,-46892.5
2023-07-13,264415.1000000053,32,157627.60000000527,-43212.5
2023-07-14,263335.1000000053,32,157627.60000000527,-44292.5
2023-07-16,262895.1000000053,32,157627.60000000527,-44732.5
2023-07-17,265615.1000000053,32,157627.60000000527,-42012.5
2023-07-18,271535.1000000053,32,157627.60000000527,-36092.5
2023-07-19,272015.1000000053,32,157627.60000000527,-35612.5
2023-07-20,268815.1000000053,32,157627.60000000527,-38812.5
2023-07-21,267935.1000000053,32,157627.60000000527,-39692.5
2023-07-23,267815.1000000053,32,157627.60000000527,-39812.5
2023-07-24,270935.1000000053,32,157627.60000000527,-36692.5
2023-07-25,273015.1000000053,32,157627.60000000527,-34612.5
2023-07-26,274815.1000000053,32,157627.60000000527,-32812.5
2023-07-27,269055.1000000053,32,157627.60000000527,-38572.5
2023-07-28,274815.1000000053,32,157627.60000000527,-32812.5
2023-07-30,273455.1000000053,32,157627.60000000527,-34172.5
2023-07-31,276495.1000000053,32,157627.60000000527,-31132.5
2023-08-01,270535.1000000053,32,157627.60000000527,-37092.5
2023-08-02,264415.1000000053,32,157627.60000000527,-43212.5
2023-08-03,263455.1000000053,32,157627.60000000527,-44172.5
2023-08-04,257375.10000000527,32,157627.60000000527,-50252.5
2023-08-06,260215.10000000527,32,157627.60000000527,-47412.5
2023-08-07,262095.10000000527,32,157627.60000000527,-45532.5
2023-08-08,261055.10000000527,32,157627.60000000527,-46572.5
2023-08-09,258095.10000000527,32,157627.60000000527,-49532.5
2023-08-10,255335.10000000527,32,157627.60000000527,-52292.5
2023-08-11,255175.10000000527,32,157627.60000000527,-52452.5
2023-08-13,252935.10000000527,32,157627.60000000527,-54692.5
2023-08-14,260015.10000000527,32,157627.60000000527,-47612.5
2023-08-15,250695.10000000527,32,157627.60000000527,-56932.5
2023-08-16,245375.10000000527,32,157627.60000000527,-62252.5
2023-08-17,239215.10000000527,32,157627.60000000527,-68412.5
2023-08-18,238495.10000000527,32,157627.60000000527,-69132.5
2023-08-20,239295.10000000527,32,157627.60000000527,-68332.5
2023-08-21,243335.10000000527,32,157627.60000000527,-64292.5
2023-08-22,243415.10000000527,32,157627.60000000527,-64212.5
2023-08-23,254055.10000000527,32,157627.60000000527,-53572.5
2023-08-24,239655.10000000527,32,157627.60000000527,-67972.5
2023-08-25,243815.10000000527,32,157627.60000000527,-63812.5
2023-08-27,244295.10000000527,32,157627.60000000527,-63332.5
2023-08-28,248815.10000000527,32,157627.60000000527,-58812.5
2023-08-29,259975.10000000527,32,157627.60000000527,-47652.5
2023-08-30,262135.10000000527,32,157627.60000000527,-45492.5
2023-08-31,260935.10000000527,32,157627.60000000527,-46692.5
2023-09-01,260735.10000000527,32,157627.60000000527,-46892.5
2023-09-03,261175.10000000527,32,157627.60000000527,-46452.5
2023-09-04,259975.10000000527,32,157627.60000000527,-47652.5
2023-09-05,257255.10000000527,32,157627.60000000527,-50372.5
2023-09-06,252695.10000000527,32,157627.60000000527,-54932.5
2023-09-07,250895.10000000527,32,157627.60000000527,-56732.5
2023-09-08,251855.10000000527,32,157627.60000000527,-55772.5
2023-09-10,252055.10000000527,32,157627.60000000527,-55572.5
2023-09-11,255535.42000000528,32,157547.92000000528,-52012.5
2023-09-12,250655.42000000528,32,157547.92000000528,-56892.5
2023-09-13,254695.42000000528,32,157547.92000000528,-52852.5
2023-09-14,260015.42000000528,32,157547.92000000528,-47532.5
2023-09-15,249535.42000000528,32,157547.92000000528,-58012.5
2023-09-17,250695.42000000528,32,157547.92000000528,-56852.5
2023-09-18,249895.42000000528,32,157547.92000000528,-57652.5
2023-09-19,247335.42000000528,32,157547.92000000528,-60212.5
2023-09-20,239375.42000000528,32,157547.92000000528,-68172.5
2023-09-21,230375.42000000528,32,157547.92000000528,-77172.5
2023-09-22,227735.42000000528,32,157547.92000000528,-79812.5
2023-09-24,229295.42000000528,32,157547.92000000528,-78252.5
2023-09-25,227975.42000000528,32,157547.92000000528,-79572.5
2023-09-26,221175.42000000528,32,157547.92000000528,-86372.5
2023-09-27,219975.42000000528,32,157547.92000000528,-87572.5
2023-09-28,224295.42000000528,32,157547.92000000528,-83252.5
2023-09-29,222375.42000000528,32,157547.92000000528,-85172.5
2023-10-01,225575.42000000528,32,157547.92000000528,-81972.5
2023-10-02,221415.42000000528,32,157547.92000000528,-86132.5
2023-10-03,209375.42000000528,32,157547.92000000528,-98172.5
2023-10-04,217655.42000000528,32,157547.92000000528,-89892.5
2023-10-05,215855.42000000528,32,157547.92000000528,-91692.5
2023-10-06,224935.42000000528,32,157547.92000000528,-82612.5
2023-10-08,218415.42000000528,32,157547.92000000528,-89132.5
2023-10-09,229375.42000000528,32,157547.92000000528,-78172.5
2023-10-10,232615.42000000528,32,157547.92000000528,-74932.5
2023-10-11,237135.42000000528,32,157547.92000000528,-70412.5
2023-10-12,231335.42000000528,32,157547.92000000528,-76212.5
2023-10-13,225935.42000000528,32,157547.92000000528,-81612.5
2023-10-15,228375.42000000528,32,157547.92000000528,-79172.5
2023-10-16,233015.42000000528,32,157547.92000000528,-74532.5
2023-10-17,233095.42000000528,32,157547.92000000528,-74452.5
2023-10-18,222855.42000000528,32,157547.92000000528,-84692.5
2023-10-19,217175.42000000528,32,157547.92000000528,-90372.5
2023-10-20,208815.42000000528,32,157547.92000000528,-98732.5
2023-10-22,210575.42000000528,32,157547.92000000528,-96972.5
2023-10-23,209895.42000000528,32,157547.92000000528,-97652.5
2023-10-24,211575.42000000528,32,157547.92000000528,-95972.5
2023-10-25,199015.42000000528,32,157547.92000000528,-108532.5
2023-10-26,198335.42000000528,32,157547.92000000528,-109212.5
2023-10-27,191535.42000000528,32,157547.92000000528,-116012.5
2023-10-29,194135.42000000528,32,157547.92000000528,-113412.5
2023-10-30,197175.42000000528,32,157547.92000000528,-110372.5
2023-10-31,202615.42000000528,32,157547.92000000528,-104932.5
2023-11-01,212455.42000000528,32,157547.92000000528,-95092.5
2023-11-02,222855.42000000528,32,157547.92000000528,-84692.5
2023-11-03,230255.42000000528,32,157547.92000000528,-77292.5
2023-11-05,230015.42000000528,32,157547.92000000528,-77532.5
2023-11-06,229535.42000000528,32,157547.92000000528,-78012.5
2023-11-07,232575.42000000528,32,157547.92000000528,-74972.5
2023-11-08,233135.42000000528,32,157547.92000000528,-74412.5
2023-11-09,228255.42000000528,32,157547.92000000528,-79292.5
2023-11-10,237615.42000000528,32,157547.92000000528,-69932.5
2023-11-12,235255.42000000528,32,157547.92000000528,-72292.5
2023-11-13,238095.42000000528,32,157547.92000000528,-69452.5
2023-11-14,253055.42000000528,32,157547.92000000528,-54492.5
2023-11-15,251735.42000000528,32,157547.92000000528,-55812.5
2023-11-16,254215.42000000528,32,157547.92000000528,-53332.5
2023-11-17,253495.42000000528,32,157547.92000000528,-54052.5
2023-11-19,253375.42000000528,32,157547.92000000528,-54172.5
2023-11-20,259895.42000000528,32,157547.92000000528,-47652.5
2023-11-21,257815.42000000528,32,157547.92000000528,-49732.5
2023-11-22,260255.42000000528,32,157547.92000000528,-47292.5
2023-11-23,260855.42000000528,32,157547.92000000528,-46692.5
2023-11-24,260615.42000000528,32,157547.92000000528,-46932.5
2023-11-26,258495.42000000528,32,157547.92000000528,-49052.5
2023-11-27,259455.42000000528,32,157547.92000000528,-48092.5
2023-11-28,260895.42000000528,32,157547.92000000528,-46652.5
2023-11-29,260175.42000000528,32,157547.92000000528,-47372.5
2023-11-30,261535.42000000528,32,157547.92000000528,-46012.5
2023-12-01,266335.4200000053,32,157547.92000000528,-41212.5
2023-12-03,264935.4200000053,32,157547.92000000528,-42612.5
2023-12-04,260415.42000000528,32,157547.92000000528,-47132.5
2023-12-05,263895.4200000053,32,157547.92000000528,-43652.5
2023-12-06,258335.42000000528,32,157547.92000000528,-49212.5
2023-12-07,264055.4200000053,32,157547.92000000528,-43492.5
2023-12-08,266855.4200000053,32,157547.92000000528,-40692.5
2023-12-10,266455.4200000053,32,157547.92000000528,-41092.5
2023-12-11,270015.7400000053,32,157468.2400000053,-37452.5
2023-12-12,273815.7400000053,32,157468.2400000053,-33652.5
2023-12-13,286095.7400000053,32,157468.2400000053,-21372.5
2023-12-14,285815.7400000053,32,157468.2400000053,-21652.5
2023-12-15,284335.7400000053,32,157468.2400000053,-23132.5
2023-12-17,286215.7400000053,32,157468.2400000053,-21252.5
2023-12-18,288175.7400000053,32,157468.2400000053,-19292.5
2023-12-19,292775.7400000053,32,157468.2400000053,-14692.5
2023-12-20,283615.7400000053,32,157468.2400000053,-23852.5
2023-12-21,287615.7400000053,32,157468.2400000053,-19852.5
2023-12-22,289095.7400000053,32,157468.2400000053,-18372.5
2023-12-25,291055.7400000053,32,157468.2400000053,-16412.5
2023-12-26,293335.7400000053,32,157468.2400000053,-14132.5
2023-12-27,295415.7400000053,32,157468.2400000053,-12052.5
2023-12-28,294895.7400000053,32,157468.2400000053,-12572.5
2023-12-29,291255.7400000053,32,157468.2400000053,-16212.5
2024-01-01,292535.7400000053,32,157468.2400000053,-14932.5
2024-01-02,286575.7400000053,32,157468.2400000053,-20892.5
2024-01-03,281175.7400000053,32,157468.2400000053,-26292.5
2024-01-04,278375.7400000053,32,157468.2400000053,-29092.5
2024-01-05,278895.7400000053,32,157468.2400000053,-28572.5
2024-01-07,278375.7400000053,32,157468.2400000053,-29092.5
2024-01-08,288575.7400000053,32,157468.2400000053,-18892.5
2024-01-09,287415.7400000053,32,157468.2400000053,-20052.5
2024-01-10,293775.7400000053,32,157468.2400000053,-13692.5
2024-01-11,290455.7400000053,32,157468.2400000053,-17012.5
2024-01-12,291015.7400000053,32,157468.2400000053,-16452.5
2024-01-14,292095.7400000053,32,157468.2400000053,-15372.5
2024-01-15,289295.7400000053,32,157468.2400000053,-18172.5
2024-01-16,287495.7400000053,32,157468.2400000053,-19972.5
2024-01-17,283695.7400000053,32,157468.2400000053,-23772.5
2024-01-18,291495.7400000053,32,157468.2400000053,-15972.5
2024-01-19,300375.7400000053,32,157468.2400000053,-7092.5
2024-01-21,302335.7400000053,32,157468.2400000053,-5132.5
2024-01-22,302255.7400000053,32,157468.2400000053,-5212.5
2024-01-23,306095.7400000053,32,157468.2400000053,-1372.5
2024-01-24,304855.7400000053,32,157468.2400000053,-2612.5
2024-01-25,305575.7400000053,32,157468.2400000053,-1892.5
2024-01-26,307255.7400000053,32,157468.2400000053,-212.5
2024-01-28,307095.7400000053,32,157468.2400000053,-372.5
2024-01-29,311531.53000000544,32,161475.28000000544,56.25
2024-01-30,311427.78000000544,1,161475.28000000544,-47.5
2024-01-31,310341.56000000547,7,161471.56000000547,-1130.0
2024-02-01,312410.3500000055,7,162349.1000000055,61.25
2024-02-02,312473.4800000055,1,162473.4800000055,0.0
2024-02-04,312473.4800000055,0,162473.4800000055,0.0
2024-02-05,312510.3700000055,3,162471.62000000553,38.75
2024-02-06,312645.3700000055,3,162471.62000000553,173.75
2024-02-07,313183.54000000557,3,163219.79000000557,-36.25
2024-02-08,313220.4200000056,3,163219.17000000557,1.25
2024-02-09,313605.4400000056,3,163592.9400000056,12.5
2024-02-11,313602.9400000056,1,163592.9400000056,10.0
2024-02-12,313232.3500000056,6,163713.60000000562,-481.25
2024-02-13,311903.01000000566,13,163709.26000000566,-1806.25
2024-02-14,314876.76000000566,13,163709.26000000566,1167.5
2024-02-15,315584.98000000574,13,165586.23000000574,-1.25
2024-02-16,315016.25000000576,6,165583.75000000576,-567.5
2024-02-18,315301.25000000576,6,165583.75000000576,-282.5
2024-02-19,314731.25000000576,6,165583.75000000576,-852.5
2024-02-20,314008.1600000058,13,165579.4100000058,-1571.25
2024-02-21,317843.1700000058,15,165578.1700000058,2265.0
2024-02-22,320083.2500000059,15,169989.50000000588,93.75
2024-02-23,319910.1500000059,4,170137.6500000059,-227.5
2024-02-25,319840.1500000059,4,170137.6500000059,-297.5
2024-02-26,319457.0400000059,7,170135.79000000592,-678.75
2024-02-27,319934.5500000059,9,170134.55000000593,-200.0
2024-02-28,319799.5500000059,9,170134.55000000593,-335.0
2024-02-29,320935.8000000059,9,170134.55000000593,801.25
2024-03-01,321529.620000006,9,171503.370000006,26.25
2024-03-03,321539.620000006,1,171503.370000006,36.25
2024-03-04,321485.870000006,1,171503.370000006,-17.5
2024-03-05,321271.530000006,8,171499.03000000602,-227.5
2024-03-06,322354.08000000607,8,172495.33000000607,-141.25
2024-03-07,322789.7200000061,2,172767.22000000608,22.5
2024-03-08,322202.2400000061,3,172889.7400000061,-687.5
2024-03-10,322014.7400000061,3,172889.7400000061,-875.0
2024-03-11,322357.9100000061,4,172879.16000000612,-521.25
2024-03-12,323112.9100000061,4,172879.16000000612,233.75
2024-03-13,323102.9100000061,4,172879.16000000612,223.75
2024-03-14,322687.9100000061,4,172879.16000000612,-191.25
2024-03-15,322053.5400000061,5,172878.54000000612,-825.0
2024-03-17,322303.5400000061,5,172878.54000000612,-575.0
2024-03-18,322672.2900000061,5,172878.54000000612,-206.25
2024-03-19,323468.5700000061,5,173499.82000000615,-31.25
2024-03-20,324121.74000000616,3,174121.7400000062,0.0
2024-03-21,323910.5100000062,4,174119.2600000062,-208.75
2024-03-22,323557.4000000062,7,174117.40000000622,-560.0
2024-03-24,323557.4000000062,7,174117.40000000622,-560.0
2024-03-25,323331.7800000062,8,174116.78000000623,-785.0
2024-03-26,323283.0400000062,10,174115.54000000624,-832.5
2024-03-27,324608.0400000062,10,174115.54000000624,492.5
2024-03-28,325223.73000000627,10,175362.4800000063,-138.75
2024-03-31,325583.73000000627,3,175362.4800000063,221.25
2024-04-01,324923.7500000063,7,175360.00000000632,-436.25
2024-04-02,323895.0200000063,11,175357.52000000633,-1462.5
2024-04-03,325270.0200000063,11,175357.52000000633,-87.5
2024-04-04,322873.8900000064,13,176726.39000000645,-3852.5
2024-04-05,326156.3900000064,13,176726.39000000645,-570.0
2024-04-07,325506.3900000064,13,176726.39000000645,-1220.0
2024-04-08,326075.1400000064,13,176726.39000000645,-651.25
2024-04-09,326953.2700000064,14,176725.77000000645,227.5
2024-04-10,322910.7700000064,14,176725.77000000645,-3815.0
2024-04-11,325570.7700000064,14,176725.77000000645,-1155.0
2024-04-12,320110.7700000064,14,176725.77000000645,-6615.0
2024-04-14,321160.7700000064,14,176725.77000000645,-5565.0
2024-04-15,314948.2700000064,14,176725.77000000645,-11777.5
2024-04-16,315753.2700000064,14,176725.77000000645,-10972.5
2024-04-17,313793.2700000064,14,176725.77000000645,-12932.5
2024-04-18,307792.66000000644,17,176723.91000000646,-18931.25
2024-04-19,308005.16000000644,17,176723.91000000646,-18718.75
2024-04-21,309067.66000000644,17,176723.91000000646,-17656.25
2024-04-22,311923.29000000644,18,176723.29000000647,-14800.0
2024-04-23,318898.29000000644,18,176723.29000000647,-7825.0
2024-04-24,314308.29000000644,18,176723.29000000647,-12415.0
2024-04-25,318808.29000000644,18,176723.29000000647,-7915.0
2024-04-26,319483.29000000644,18,176723.29000000647,-7240.0
2024-04-28,320563.29000000644,18,176723.29000000647,-6160.0
2024-04-29,320495.79000000644,18,176723.29000000647,-6227.5
2024-04-30,313475.79000000644,18,176723.29000000647,-13247.5
2024-05-01,314105.79000000644,18,176723.29000000647,-12617.5
2024-05-02,317255.79000000644,18,176723.29000000647,-9467.5
2024-05-03,322160.79000000644,18,176723.29000000647,-4562.5
2024-05-05,322003.29000000644,18,176723.29000000647,-4720.0
2024-05-06,326368.29000000644,18,176723.29000000647,-355.0
2024-05-07,326773.29000000644,18,176723.29000000647,50.0
2024-05-08,326345.79000000644,18,176723.29000000647,-377.5
2024-05-09,328984.0100000065,18,178966.51000000656,17.5
2024-05-10,328862.17000000656,6,179087.1700000066,-225.0
2024-05-12,329087.17000000656,6,179087.1700000066,0.0
2024-05-13,328862.17000000656,6,179087.1700000066,-225.0
2024-05-14,329870.9600000066,6,179832.21000000663,38.75
2024-05-15,330454.12000000663,2,180329.12000000666,125.0
2024-05-16,330131.65000000666,5,180450.4000000067,-318.75
2024-05-17,330532.91000000667,7,180449.1600000067,83.75
2024-05-19,330760.41000000667,7,180449.1600000067,311.25
2024-05-20,330690.41000000667,7,180449.1600000067,241.25
2024-05-21,331162.91000000667,7,180449.1600000067,713.75
2024-05-22,331705.41000000667,7,180449.1600000067,1256.25
2024-05-23,331561.0700000067,7,181561.07000000673,0.0
2024-05-24,331596.0800000067,2,181559.83000000674,36.25
2024-05-26,331558.5800000067,2,181559.83000000674,-1.25
2024-05-27,331683.5800000067,2,181559.83000000674,123.75
2024-05-28,331487.3400000067,4,181558.59000000675,-71.25
2024-05-29,329909.86000000674,8,181556.11000000677,-1646.25
2024-05-30,329112.39000000677,14,181552.3900000068,-2440.0
2024-05-31,333432.47000000684,15,183432.47000000687,0.0
2024-06-02,333432.47000000684,0,183432.47000000687,0.0
2024-06-03,333432.47000000684,0,183432.47000000687,0.0
2024-06-04,333432.47000000684,0,183432.47000000687,0.0
2024-06-05,333671.23000000685,2,183431.23000000688,240.0
2024-06-06,333866.8900000069,5,183676.8900000069,190.0
2024-06-07,334427.5500000069,6,184427.55000000694,0.0
2024-06-09,334427.5500000069,0,184427.55000000694,0.0
2024-06-10,334491.9300000069,1,184426.93000000695,65.0
2024-06-11,334803.83000000694,2,184673.83000000697,130.0
2024-06-12,335480.120000007,4,185348.870000007,131.25
2024-06-13,335490.120000007,4,185348.870000007,141.25
2024-06-14,335568.880000007,6,185347.63000000702,221.25
2024-06-16,335568.880000007,6,185347.63000000702,221.25
2024-06-17,336210.20000000705,6,186215.20000000705,-5.0
2024-06-18,336357.70000000705,2,186215.20000000705,142.5
2024-06-19,336457.70000000705,2,186215.20000000705,242.5
2024-06-20,336170.8800000071,9,186458.3800000071,-287.5
2024-06-21,335765.8800000071,9,186458.3800000071,-692.5
2024-06-23,335327.1300000071,9,186458.3800000071,-1131.25
2024-06-24,335222.1400000071,11,186457.14000000712,-1235.0
2024-06-25,336115.8900000071,11,186457.14000000712,-341.25
2024-06-26,335167.1400000071,11,186457.14000000712,-1290.0
2024-06-27,337298.3900000071,11,186457.14000000712,841.25
2024-06-28,337600.3500000072,11,187824.1000000072,-223.75
2024-06-30,337720.3500000072,6,187824.1000000072,-103.75
2024-07-01,337270.3500000072,6,187824.1000000072,-553.75
2024-07-02,338544.7600000072,6,188571.01000000723,-26.25
2024-07-03,338678.52000000724,1,188694.77000000724,-16.25
2024-07-04,338701.02000000724,1,188694.77000000724,6.25
2024-07-05,338942.29000000726,2,188943.54000000726,-1.25
2024-07-07,338938.54000000726,1,188943.54000000726,-5.0
2024-07-08,339057.29000000726,1,188943.54000000726,113.75
2024-07-09,339055.43000000727,2,189066.68000000727,-11.25
2024-07-10,339436.0800000073,2,189439.8300000073,-3.75
2024-07-11,338622.3500000073,5,189437.3500000073,-815.0
2024-07-12,339689.90000000736,5,190059.90000000736,-370.0
2024-07-14,339877.40000000736,5,190059.90000000736,-182.5
2024-07-15,340686.8000000074,5,190686.80000000738,0.0
2024-07-16,340723.6800000074,1,190686.18000000739,37.5
2024-07-17,340484.3200000074,4,190684.3200000074,-200.0
2024-07-18,339544.3200000074,4,190684.3200000074,-1140.0
2024-07-19,338529.3200000074,4,190684.3200000074,-2155.0
2024-07-21,338744.3200000074,4,190684.3200000074,-1940.0
2024-07-22,339421.2000000074,5,190683.7000000074,-1262.5
2024-07-23,338567.4600000074,7,190682.4600000074,-2115.0
2024-07-24,334768.76000000746,17,190676.26000000746,-5907.5
2024-07-25,332750.01000000746,17,190676.26000000746,-7926.25
2024-07-26,335980.01000000746,17,190676.26000000746,-4696.25
2024-07-28,338062.51000000746,17,190676.26000000746,-2613.75
2024-07-29,335151.26000000746,17,190676.26000000746,-5525.0
2024-07-30,335682.51000000746,17,190676.26000000746,-4993.75
2024-07-31,342855.10000000754,17,192790.10000000754,65.0
2024-08-01,342107.60000000754,1,192790.10000000754,-682.5
2024-08-02,341685.10000000754,1,192790.10000000754,-1105.0
2024-08-04,341358.85000000754,1,192790.10000000754,-1431.25
2024-08-05,341378.85000000754,1,192790.10000000754,-1411.25
2024-08-06,341516.99000000756,4,192788.24000000756,-1271.25
2024-08-07,339836.99000000756,4,192788.24000000756,-2951.25
2024-08-08,342401.99000000756,4,192788.24000000756,-386.25
2024-08-09,342606.99000000756,4,192788.24000000756,-181.25
2024-08-11,342676.99000000756,4,192788.24000000756,-111.25
2024-08-12,342816.99000000756,4,192788.24000000756,28.75
2024-08-13,343634.5400000076,4,193615.7900000076,18.75
2024-08-14,344461.46000000765,4,194112.71000000765,348.75
2024-08-15,345547.1300000077,3,195333.3800000077,213.75
2024-08-16,345602.1500000077,2,195582.1500000077,20.0
2024-08-18,345657.1500000077,2,195582.1500000077,75.0
2024-08-19,346097.81000000774,2,196077.81000000774,20.0
2024-08-20,346253.45000000775,4,196075.95000000775,177.5
2024-08-21,346700.9900000078,4,196573.4900000078,127.5
2024-08-22,346328.57000000787,12,197201.07000000787,-872.5
2024-08-23,349040.53000000794,12,198703.03000000794,337.5
2024-08-25,348915.53000000794,5,198703.03000000794,212.5
2024-08-26,348912.470000008,8,199319.970000008,-407.5
2024-08-27,349462.480000008,10,199318.730000008,143.75
2024-08-28,346558.13000000804,15,199315.63000000804,-2757.5
2024-08-29,350950.11000000814,15,201195.11000000814,-245.0
2024-08-30,352059.5300000082,7,202064.53000000818,-5.0
2024-09-01,352042.0300000082,1,202064.53000000818,-22.5
2024-09-02,352038.2800000082,1,202064.53000000818,-26.25
2024-09-03,346070.87000000826,19,202053.37000000826,-5982.5
2024-09-04,346706.50000000827,20,202052.75000000827,-5346.25
2024-09-05,345077.13000000827,21,202052.13000000827,-6975.0
2024-09-06,334318.3900000083,23,202050.89000000828,-17732.5
2024-09-08,337912.1400000083,23,202050.89000000828,-14138.75
2024-09-09,342713.3900000083,23,202050.89000000828,-9337.5
2024-09-10,342857.1400000083,23,202050.89000000828,-9193.75
2024-09-11,353178.3900000083,23,202050.89000000828,1127.5
2024-09-12,355092.8900000084,23,204916.6400000084,176.25
2024-09-13,355247.3000000084,3,205288.55000000843,-41.25
2024-09-15,355337.3000000084,3,205288.55000000843,48.75
2024-09-16,355481.1100000084,5,205274.86000000843,206.25
2024-09-17,356184.3000000085,8,206185.5500000085,-1.25
2024-09-18,357581.87000000855,8,207185.62000000855,396.25
2024-09-19,358727.5400000086,6,208843.7900000086,-116.25
2024-09-20,358756.9400000086,8,208840.69000000862,-83.75
2024-09-22,359586.9400000086,8,208840.69000000862,746.25
2024-09-23,359146.9400000086,8,208840.69000000862,306.25
2024-09-24,359816.99000000866,8,209840.74000000866,-23.75
2024-09-25,360367.0000000087,4,209839.50000000867,527.5
2024-09-26,360778.9300000087,7,210725.18000000872,53.75
2024-09-27,360210.1800000087,7,210725.18000000872,-515.0
2024-09-29,360551.4300000087,7,210725.18000000872,-173.75
2024-09-30,361988.3800000088,10,211973.3800000088,15.0
2024-10-01,360756.5300000088,7,211970.28000000882,-1213.75
2024-10-02,360650.92000000883,10,211968.42000000883,-1317.5
2024-10-03,360763.42000000883,10,211968.42000000883,-1205.0
2024-10-04,363181.6000000089,10,213219.10000000888,-37.5
2024-10-06,363185.3500000089,1,213219.10000000888,-33.75
2024-10-07,362164.1400000089,9,213214.14000000892,-1050.0
2024-10-08,364446.080000009,9,214338.58000000898,107.5
2024-10-09,365069.870000009,4,214961.12000000902,108.75
2024-10-10,365131.130000009,4,214959.88000000903,171.25
2024-10-11,365478.03000000905,4,215458.03000000905,20.0
2024-10-13,365489.28000000905,1,215458.03000000905,31.25
2024-10-14,365889.9300000091,2,215714.93000000907,175.0
2024-10-15,365308.7200000091,10,215709.9700000091,-401.25
2024-10-16,365583.7200000091,10,215709.9700000091,-126.25
2024-10-17,367470.0500000092,10,218011.30000000919,-541.25
2024-10-18,368167.5500000092,6,218011.30000000919,156.25
2024-10-20,368182.5500000092,6,218011.30000000919,171.25
2024-10-21,367659.4400000092,9,218009.4400000092,-350.0
2024-10-22,367853.8200000092,10,218008.8200000092,-155.0
2024-10-23,366055.7100000092,13,218006.96000000922,-1951.25
2024-10-24,365973.8400000092,14,218006.34000000922,-2032.5
2024-10-25,365606.3400000092,14,218006.34000000922,-2400.0
2024-10-27,367793.8400000092,14,218006.34000000922,-212.5
2024-10-28,366341.3400000092,14,218006.34000000922,-1665.0
2024-10-29,368406.3400000092,14,218006.34000000922,400.0
2024-10-30,364626.3400000092,14,218006.34000000922,-3380.0
2024-10-31,358460.12000000925,20,218002.62000000925,-9542.5
2024-11-01,359585.12000000925,20,218002.62000000925,-8417.5
2024-11-03,360935.12000000925,20,218002.62000000925,-7067.5
2024-11-04,357935.12000000925,20,218002.62000000925,-10067.5
2024-11-05,372510.12000000925,20,218002.62000000925,4507.5
2024-11-06,377717.11000000936,20,227645.86000000936,71.25
2024-11-07,377879.0100000094,2,227894.01000000938,-15.0
2024-11-08,378115.2800000094,2,228141.5300000094,-26.25
2024-11-10,378245.2800000094,2,228141.5300000094,103.75
2024-11-11,378197.1600000094,3,228140.9100000094,56.25
2024-11-12,377902.8100000094,8,228137.81000000943,-235.0
2024-11-13,378874.7500000095,8,229134.7500000095,-260.0
2024-11-14,376728.5300000095,11,229131.03000000952,-2402.5
2024-11-15,373597.92000000953,14,229129.17000000953,-5531.25
2024-11-17,374577.92000000953,14,229129.17000000953,-4551.25
2024-11-18,375715.42000000953,14,229129.17000000953,-3413.75
2024-11-19,376922.92000000953,14,229129.17000000953,-2206.25
2024-11-20,375277.92000000953,14,229129.17000000953,-3851.25
2024-11-21,378410.42000000953,14,229129.17000000953,-718.75
2024-11-22,379967.92000000953,14,229129.17000000953,838.75
2024-11-24,381560.42000000953,14,229129.17000000953,2431.25
2024-11-25,382398.0000000096,14,232443.0000000096,-45.0
2024-11-26,382683.6400000096,2,232691.14000000962,-7.5
2024-11-27,382822.42000000965,7,232687.42000000965,135.0
2024-11-28,383251.17000000965,7,232687.42000000965,563.75
2024-11-29,383597.4600000097,7,233561.21000000968,36.25
2024-12-01,383541.2100000097,1,233561.21000000968,-20.0
2024-12-02,383664.9600000097,1,233561.21000000968,103.75
2024-12-03,383698.7100000097,1,233561.21000000968,137.5
2024-12-04,383903.1000000097,2,233736.8500000097,166.25
2024-12-05,383775.6300000097,4,233984.38000000973,-208.75
2024-12-06,384015.6300000097,4,233984.38000000973,31.25
2024-12-08,383965.6300000097,4,233984.38000000973,-18.75
2024-12-09,383067.53000000975,9,233981.28000000975,-913.75
2024-12-10,382565.67000000976,12,233979.42000000976,-1413.75
2024-12-11,385345.12000000983,12,235481.37000000983,-136.25
2024-12-12,384947.02000000986,8,235478.27000000986,-531.25
2024-12-13,384320.78000000987,10,235477.03000000987,-1156.25
2024-12-15,384683.28000000987,10,235477.03000000987,-793.75
2024-12-16,385533.3800000099,10,235452.13000000987,81.25
2024-12-17,384972.7600000099,11,235451.51000000988,-478.75
2024-12-18,371539.0300000099,15,235449.0300000099,-13910.0
2024-12-19,369007.7800000099,15,235449.0300000099,-16441.25
2024-12-20,375232.7800000099,15,235449.0300000099,-10216.25
2024-12-22,377632.7800000099,15,235449.0300000099,-7816.25
2024-12-23,378157.7800000099,15,235449.0300000099,-7291.25
2024-12-24,382920.2800000099,15,235449.0300000099,-2528.75
2024-12-25,383107.7800000099,15,235449.0300000099,-2341.25
2024-12-26,381701.5300000099,15,235449.0300000099,-3747.5
2024-12-27,377472.79000000993,17,235447.7900000099,-7975.0
2024-12-29,376495.29000000993,17,235447.7900000099,-8952.5
2024-12-30,371182.79000000993,17,235447.7900000099,-14265.0
2024-12-31,369737.79000000993,17,235447.7900000099,-15710.0
2025-01-01,371182.79000000993,17,235447.7900000099,-14265.0
2025-01-02,368802.79000000993,17,235447.7900000099,-16645.0
2025-01-03,373737.17000000994,18,235447.1700000099,-11710.0
2025-01-05,373962.17000000994,18,235447.1700000099,-11485.0
2025-01-06,376639.67000000994,18,235447.1700000099,-8807.5
2025-01-07,372275.31000000995,21,235445.31000000992,-13170.0
2025-01-08,370122.81000000995,21,235445.31000000992,-15322.5
2025-01-09,370070.31000000995,21,235445.31000000992,-15375.0
2025-01-10,361407.81000000995,21,235445.31000000992,-24037.5
2025-01-12,359307.81000000995,21,235445.31000000992,-26137.5
2025-01-13,365004.07000000996,23,235444.07000000993,-20440.0
2025-01-14,364055.32000000996,23,235444.07000000993,-21388.75
2025-01-15,376274.07000000996,23,235444.07000000993,-9170.0
2025-01-16,375756.57000000996,23,235444.07000000993,-9687.5
2025-01-17,381132.82000000996,23,235444.07000000993,-4311.25
2025-01-19,381075.32000000996,23,235444.07000000993,-4368.75
2025-01-20,382196.57000000996,23,235444.07000000993,-3247.5
2025-01-21,389384.07000000996,23,235444.07000000993,3940.0
2025-01-22,390736.6900000101,23,240720.44000001004,16.25
2025-01-23,390956.0800000101,2,240843.58000001006,112.5
2025-01-24,390736.7500000101,7,241088.0000000101,-351.25
2025-01-26,388768.0000000101,7,241088.0000000101,-2320.0
2025-01-27,387927.38000001013,8,241087.3800000101,-3160.0
2025-01-28,389917.38000001013,8,241087.3800000101,-1170.0
2025-01-29,389647.38000001013,8,241087.3800000101,-1440.0
2025-01-30,390507.38000001013,8,241087.3800000101,-580.0
2025-01-31,388657.38000001013,8,241087.3800000101,-2430.0
2025-02-02,383777.38000001013,8,241087.3800000101,-7310.0
2025-02-03,387227.38000001013,8,241087.3800000101,-3860.0
2025-02-04,387537.38000001013,8,241087.3800000101,-3550.0
2025-02-05,389967.38000001013,8,241087.3800000101,-1120.0
2025-02-06,390057.38000001013,8,241087.3800000101,-1030.0
2025-02-07,388037.38000001013,8,241087.3800000101,-3050.0
2025-02-09,388607.38000001013,8,241087.3800000101,-2480.0
2025-02-10,389037.38000001013,8,241087.3800000101,-2050.0
2025-02-11,389527.38000001013,8,241087.3800000101,-1560.0
2025-02-12,389517.38000001013,8,241087.3800000101,-1570.0
2025-02-13,391777.38000001013,8,241087.3800000101,690.0
2025-02-14,391397.38000001013,8,241087.3800000101,310.0
2025-02-16,391817.38000001013,8,241087.3800000101,730.0
2025-02-17,391867.38000001013,8,241087.3800000101,780.0
2025-02-18,392147.38000001013,8,241087.3800000101,1060.0
2025-02-19,392052.4300000102,8,242081.18000001015,-28.75
2025-02-20,392079.3300000102,7,242078.08000001017,1.25
2025-02-21,386665.00000001024,16,242072.50000001022,-5407.5
2025-02-23,388885.00000001024,16,242072.50000001022,-3187.5
2025-02-24,384815.0300000103,22,242068.78000001024,-7253.75
2025-02-25,382885.0500000103,26,242066.30000001026,-9181.25
2025-02-26,380805.0500000103,26,242066.30000001026,-11261.25
2025-02-27,368292.5500000103,26,242066.30000001026,-23773.75
2025-02-28,378660.0500000103,26,242066.30000001026,-13406.25
2025-03-02,380512.5500000103,26,242066.30000001026,-11553.75
2025-03-03,367350.0500000103,26,242066.30000001026,-24716.25
2025-03-04,361597.5500000103,26,242066.30000001026,-30468.75
2025-03-05,364522.5500000103,26,242066.30000001026,-27543.75
2025-03-06,353407.5500000103,26,242066.30000001026,-38658.75
2025-03-07,354447.5500000103,26,242066.30000001026,-37618.75
2025-03-09,351685.0500000103,26,242066.30000001026,-40381.25
2025-03-10,335769.4500000103,31,242063.20000001029,-56293.75
2025-03-11,330344.4500000103,31,242063.20000001029,-61718.75
2025-03-12,330305.7000000103,31,242063.20000001029,-61757.5
2025-03-13,327193.8300000103,32,242062.5800000103,-64868.75
2025-03-14,336633.8300000103,32,242062.5800000103,-55428.75
2025-03-16,333553.8300000103,32,242062.5800000103,-58508.75
2025-03-17,341754.15000001027,32,241982.9000000103,-50228.75
2025-03-18,336594.15000001027,32,241982.9000000103,-55388.75
2025-03-19,348674.15000001027,32,241982.9000000103,-43308.75
2025-03-20,342114.15000001027,32,241982.9000000103,-49868.75
2025-03-21,342914.15000001027,32,241982.9000000103,-49068.75
2025-03-23,348354.15000001027,32,241982.9000000103,-43628.75
2025-03-24,356834.15000001027,32,241982.9000000103,-35148.75
2025-03-25,359754.15000001027,32,241982.9000000103,-32228.75
2025-03-26,350394.15000001027,32,241982.9000000103,-41588.75
2025-03-27,346874.15000001027,32,241982.9000000103,-45108.75
2025-03-28,324114.15000001027,32,241982.9000000103,-67868.75
2025-03-30,320234.15000001027,32,241982.9000000103,-71748.75
2025-03-31,329274.15000001027,32,241982.9000000103,-62708.75
2025-04-01,334274.15000001027,32,241982.9000000103,-57708.75
2025-04-02,316234.15000001027,32,241982.9000000103,-75748.75
2025-04-03,291874.15000001027,32,241982.9000000103,-100108.75
2025-04-04,243194.15000001027,32,241982.9000000103,-148788.75
2025-04-06,216674.15000001027,32,241982.9000000103,-175308.75
2025-04-07,254834.15000001027,32,241982.9000000103,-137148.75
2025-04-08,215514.15000001027,32,241982.9000000103,-176468.75
2025-04-09,300434.15000001027,32,241982.9000000103,-91548.75
2025-04-10,275674.15000001027,32,241982.9000000103,-116308.75
2025-04-11,291034.15000001027,32,241982.9000000103,-100948.75
2025-04-13,297634.15000001027,32,241982.9000000103,-94348.75
2025-04-14,297674.15000001027,32,241982.9000000103,-94308.75
2025-04-15,288474.15000001027,32,241982.9000000103,-103508.75
2025-04-16,282834.15000001027,32,241982.9000000103,-109148.75
2025-04-17,279954.15000001027,32,241982.9000000103,-112028.75
2025-04-20,270474.15000001027,32,241982.9000000103,-121508.75
2025-04-21,260274.15000001027,32,241982.9000000103,-131708.75
2025-04-22,290914.15000001027,32,241982.9000000103,-101068.75
2025-04-23,290594.15000001027,32,241982.9000000103,-101388.75
2025-04-24,314314.15000001027,32,241982.9000000103,-77668.75
2025-04-25,316114.15000001027,32,241982.9000000103,-75868.75
2025-04-27,310674.15000001027,32,241982.9000000103,-81308.75
2025-04-28,317674.15000001027,32,241982.9000000103,-74308.75
2025-04-29,316914.15000001027,32,241982.9000000103,-75068.75
2025-04-30,331354.15000001027,32,241982.9000000103,-60628.75
2025-05-01,334554.15000001027,32,241982.9000000103,-57428.75
2025-05-02,341394.15000001027,32,241982.9000000103,-50588.75
2025-05-04,334834.15000001027,32,241982.9000000103,-57148.75
2025-05-05,333754.15000001027,32,241982.9000000103,-58228.75
2025-05-06,333154.15000001027,32,241982.9000000103,-58828.75
2025-05-07,339194.15000001027,32,241982.9000000103,-52788.75
2025-05-08,338274.15000001027,32,241982.9000000103,-53708.75
2025-05-09,337154.15000001027,32,241982.9000000103,-54828.75
2025-05-11,349354.15000001027,32,241982.9000000103,-42628.75
2025-05-12,362554.15000001027,32,241982.9000000103,-29428.75
2025-05-13,372594.15000001027,32,241982.9000000103,-19388.75
2025-05-14,371394.15000001027,32,241982.9000000103,-20588.75
2025-05-15,377034.15000001027,32,241982.9000000103,-14948.75
2025-05-16,379474.15000001027,32,241982.9000000103,-12508.75
2025-05-18,373554.15000001027,32,241982.9000000103,-18428.75
2025-05-19,382194.15000001027,32,241982.9000000103,-9788.75
2025-05-20,378594.15000001027,32,241982.9000000103,-13388.75
2025-05-21,366194.15000001027,32,241982.9000000103,-25788.75
2025-05-22,365634.15000001027,32,241982.9000000103,-26348.75
2025-05-23,358074.15000001027,32,241982.9000000103,-33908.75
2025-05-25,367714.15000001027,32,241982.9000000103,-24268.75
2025-05-26,365994.15000001027,32,241982.9000000103,-25988.75
2025-05-27,376514.15000001027,32,241982.9000000103,-15468.75
2025-05-28,386834.15000001027,32,241982.9000000103,-5148.75
2025-05-29,373194.15000001027,32,241982.9000000103,-18788.75
2025-05-30,373914.15000001027,32,241982.9000000103,-18068.75
2025-06-01,369794.15000001027,32,241982.9000000103,-22188.75
2025-06-02,375754.15000001027,32,241982.9000000103,-16228.75
2025-06-03,384034.15000001027,32,241982.9000000103,-7948.75
2025-06-04,383954.15000001027,32,241982.9000000103,-8028.75
2025-06-05,381314.15000001027,32,241982.9000000103,-10668.75
2025-06-06,389314.15000001027,32,241982.9000000103,-2668.75
2025-06-08,387114.15000001027,32,241982.9000000103,-4868.75
2025-06-09,393314.15000001027,32,241982.9000000103,1331.25
2025-06-10,392354.15000001027,32,241982.9000000103,371.25
2025-06-11,395748.72000001045,32,246529.97000001048,-781.25
2025-06-12,394068.72000001045,7,246529.97000001048,-2461.25
2025-06-13,394333.7500000105,13,246526.2500000105,-2192.5
2025-06-15,394935.0000000105,13,246526.2500000105,-1591.25
2025-06-16,397665.7500000106,13,248132.0000000106,-466.25
2025-06-17,396687.6600000106,11,248127.66000001063,-1440.0
2025-06-18,395800.79000001063,12,248127.04000001063,-2326.25
2025-06-19,395545.79000001063,12,248127.04000001063,-2581.25
2025-06-20,395920.80000001064,14,248125.80000001064,-2205.0
2025-06-22,394240.80000001064,14,248125.80000001064,-3885.0
2025-06-23,402028.30000001064,14,248125.80000001064,3902.5
2025-06-24,402569.0100000107,14,252562.76000001072,6.25
2025-06-25,402698.3900000107,2,252562.14000001072,136.25
2025-06-26,403132.80000001076,2,253072.80000001076,60.0
2025-06-27,403923.5000000108,6,253939.75000001083,-16.25
2025-06-29,404193.5000000108,2,253939.75000001083,253.75
2025-06-30,404595.4400000109,4,254690.4400000109,-95.0
2025-07-01,405010.4500000109,5,254689.2000000109,321.25
2025-07-02,405352.9800000109,5,255312.98000001092,40.0
2025-07-03,405483.00000001094,1,255560.50000001094,-77.5
2025-07-04,405360.50000001094,1,255560.50000001094,-200.0
2025-07-06,405449.25000001094,1,255560.50000001094,-111.25
2025-07-07,405096.800000011,11,255554.300000011,-457.5
2025-07-08,404491.800000011,11,255554.300000011,-1062.5
2025-07-09,406928.76000001107,11,256928.76000001107,0.0
2025-07-10,407630.6700000111,6,257674.4200000111,-43.75
2025-07-11,407622.5600000111,4,257672.56000001112,-50.0
2025-07-13,407212.5600000111,4,257672.56000001112,-460.0
2025-07-14,408082.5600000111,4,257672.56000001112,410.0
2025-07-15,406350.7600000112,11,258488.26000001119,-2137.5
2025-07-16,407409.5100000112,11,258488.26000001119,-1078.75
2025-07-17,409918.32000001124,11,259863.32000001124,55.0
2025-07-18,409890.83000001125,3,259862.08000001125,28.75
2025-07-20,409954.58000001125,3,259862.08000001125,92.5
2025-07-21,410157.7400000113,4,260235.24000001128,-77.5
2025-07-22,410887.1300000113,7,260233.3800000113,653.75
2025-07-23,411660.94000001135,7,261602.19000001135,58.75
2025-07-24,411875.9600000114,3,261724.71000001137,151.25
2025-07-25,412010.9600000114,3,261724.71000001137,286.25
2025-07-27,412355.9600000114,3,261724.71000001137,631.25
2025-07-28,412055.9600000114,3,261724.71000001137,331.25
2025-07-29,411919.1400000114,8,262127.89000001142,-208.75
2025-07-30,413927.2700000114,9,262127.27000001143,1800.0
2025-07-31,413505.44000001147,9,263505.44000001147,0.0
2025-08-01,413505.44000001147,0,263505.44000001147,0.0
2025-08-03,413505.44000001147,0,263505.44000001147,0.0
2025-08-04,413792.3300000115,3,263503.5800000115,288.75
2025-08-05,413544.89000001154,9,263871.14000001154,-326.25
2025-08-06,415091.1900000116,9,264989.9400000116,101.25
2025-08-07,415021.8300000116,2,265185.5800000116,-163.75
2025-08-08,415435.5900000116,2,265435.5900000116,0.0
2025-08-10,415435.5900000116,0,265435.5900000116,0.0
2025-08-11,415461.24000001163,5,265432.49000001163,28.75
2025-08-12,416225.03000001167,5,266181.28000001167,43.75
2025-08-13,416459.4300000117,4,266335.6800000117,123.75
2025-08-14,416824.4300000117,4,266335.6800000117,488.75
2025-08-15,416165.0600000117,5,266335.0600000117,-170.0
2025-08-17,416521.3100000117,5,266335.0600000117,186.25
2025-08-18,415999.4400000117,6,266334.4400000117,-335.0
2025-08-19,413688.22000001173,12,266330.72000001173,-2642.5
2025-08-20,414597.01000001177,20,266325.76000001177,-1728.75
2025-08-21,411772.01000001177,20,266325.76000001177,-4553.75
2025-08-22,418799.6300000119,20,268832.1300000119,-32.5
2025-08-24,418654.6300000119,4,268832.1300000119,-177.5
2025-08-25,417780.2700000119,7,268830.2700000119,-1050.0
2025-08-26,419385.9000000119,8,268829.6500000119,556.25
2025-08-27,419820.95000001194,8,269829.70000001194,-8.75
2025-08-28,420187.85000001197,3,270204.10000001197,-16.25
2025-08-29,419758.510000012,8,270199.760000012,-441.25
2025-08-31,419628.510000012,8,270199.760000012,-571.25
2025-09-01,419568.510000012,8,270199.760000012,-631.25
2025-09-02,418204.140000012,9,270199.140000012,-1995.0
2025-09-03,419565.390000012,9,270199.140000012,-633.75
2025-09-04,421429.19000001205,9,271325.44000001205,103.75
2025-09-05,420508.6200000121,10,271488.6200000121,-980.0
2025-09-07,421058.6200000121,10,271488.6200000121,-430.0
2025-09-08,421808.6200000121,10,271488.6200000121,320.0
2025-09-09,422933.6200000121,10,271488.6200000121,1445.0
2025-09-10,423991.8200000122,10,273711.8200000122,280.0
2025-09-11,424611.2500000122,5,274585.0000000122,26.25
2025-09-12,424591.2500000122,2,274585.0000000122,6.25
2025-09-14,424628.7500000122,2,274585.0000000122,43.75
2025-09-15,425006.29000001226,2,274828.79000001226,177.5
2025-09-16,424803.79000001226,2,274828.79000001226,-25.0
2025-09-17,425614.4300000123,5,274826.9300000123,787.5
2025-09-18,425525.0900000123,5,275503.8400000123,21.25
2025-09-19,425876.99000001233,3,275875.74000001233,1.25
2025-09-21,425866.99000001233,1,275875.74000001233,-8.75
2025-09-22,426183.26000001235,2,276124.51000001235,58.75
2025-09-23,425905.7900000124,7,276120.7900000124,-215.0
2025-09-24,425828.9400000124,12,276117.6900000124,-288.75
2025-09-25,423241.4600000124,16,276115.2100000124,-2873.75
2025-09-26,426441.4600000124,16,276115.2100000124,326.25
2025-09-28,427881.4600000124,16,276115.2100000124,1766.25
2025-09-29,428465.9400000125,16,278368.4400000125,97.5
2025-09-30,428644.73000001255,5,278992.23000001255,-347.5
2025-10-01,429562.2600000126,4,279488.5100000126,73.75
2025-10-02,430221.6700000126,6,279614.1700000126,607.5
2025-10-03,430136.73000001267,6,280356.73000001267,-220.0
2025-10-05,430751.73000001267,6,280356.73000001267,395.0
2025-10-06,430984.2700000127,6,281106.7700000127,-122.5
2025-10-07,431058.68000001274,9,281102.43000001274,-43.75
2025-10-08,432233.1100000128,9,282221.8600000128,11.25
2025-10-09,432322.5100000128,7,282218.7600000128,103.75
2025-10-10,424141.2600000128,7,282218.7600000128,-8077.5
2025-10-12,428288.7600000128,7,282218.7600000128,-3930.0
2025-10-13,429111.2600000128,7,282218.7600000128,-3107.5
2025-10-14,431558.79000001284,13,282215.04000001284,-656.25
2025-10-15,433906.9800000129,13,283906.9800000129,0.0
2025-10-16,433906.9800000129,0,283906.9800000129,0.0
2025-10-17,433906.9800000129,0,283906.9800000129,0.0
2025-10-19,433906.9800000129,0,283906.9800000129,0.0
2025-10-20,434019.4900000129,2,283905.7400000129,113.75
2025-10-21,434041.9900000129,2,283905.7400000129,136.25
2025-10-22,433635.14000001294,7,283902.64000001294,-267.5
2025-10-23,434878.310000013,7,284775.810000013,102.5
2025-10-24,435264.590000013,2,285327.090000013,-62.5
2025-10-26,435792.090000013,2,285327.090000013,465.0
2025-10-27,436086.50000001304,2,286086.50000001304,0.0
2025-10-28,436295.89000001305,2,286209.64000001305,86.25
2025-10-29,436829.6800000131,5,286829.6800000131,0.0
2025-10-30,437714.7100000131,6,286825.9600000131,888.75
2025-10-31,437541.01000001316,6,287753.51000001316,-212.5
2025-11-02,437826.01000001316,4,287753.51000001316,72.5
2025-11-03,436991.0700000132,8,288248.5700000132,-1257.5
2025-11-04,434139.21000001323,11,288246.71000001323,-4107.5
2025-11-05,436518.59000001324,12,288246.09000001324,-1727.5
2025-11-06,431374.2500000133,19,288241.7500000133,-6867.5
2025-11-07,433757.3900000133,22,288239.8900000133,-4482.5
2025-11-09,437827.3900000133,22,288239.8900000133,-412.5
2025-11-10,441031.8800000134,22,290975.6300000134,56.25
2025-11-11,441303.1500000134,2,291224.4000000134,78.75
2025-11-12,441842.56000001344,6,291351.31000001344,491.25
2025-11-13,436173.83000001346,10,291348.83000001346,-5175.0
2025-11-14,436823.83000001346,10,291348.83000001346,-4525.0
2025-11-16,437861.33000001346,10,291348.83000001346,-3487.5
2025-11-17,431661.33000001346,10,291348.83000001346,-9687.5
2025-11-18,429948.83000001346,10,291348.83000001346,-11400.0
2025-11-19,435998.83000001346,10,291348.83000001346,-5350.0
2025-11-20,427411.33000001346,10,291348.83000001346,-13937.5
2025-11-21,430136.33000001346,10,291348.83000001346,-11212.5
2025-11-23,430998.83000001346,10,291348.83000001346,-10350.0
2025-11-24,434566.96000001347,11,291348.21000001347,-6781.25
2025-11-25,440914.4800000135,15,291345.7300000135,-431.25
2025-11-26,443214.56000001356,15,293210.81000001356,3.75
2025-11-27,443240.81000001356,1,293210.81000001356,30.0
2025-11-28,443453.3300000136,3,293333.3300000136,120.0
2025-11-30,442722.0800000136,3,293333.3300000136,-611.25
2025-12-01,442905.2100000136,4,293332.7100000136,-427.5
2025-12-02,443590.2100000136,4,293332.7100000136,257.5
2025-12-03,443812.7400000136,4,293831.4900000136,-18.75
2025-12-04,444490.8800000136,5,293829.6300000136,661.25
2025-12-05,444541.55000001367,5,294454.05000001367,87.5
2025-12-07,444766.55000001367,4,294454.05000001367,312.5
2025-12-08,444454.7000000137,9,294450.9500000137,3.75
2025-12-09,444004.7000000137,9,294450.9500000137,-446.25
2025-12-10,445788.5400000138,9,296069.7900000138,-281.25
2025-12-11,446123.5400000138,1,296069.7900000138,53.75
2025-12-12,444769.2200000138,12,296062.9700000138,-1293.75
2025-12-14,445699.2200000138,12,296062.9700000138,-363.75
2025-12-15,442354.3400000138,12,296033.0900000138,-3678.75
2025-12-16,441989.37000001385,18,296029.37000001385,-4040.0
2025-12-17,436653.14000001387,22,296026.89000001387,-9373.75
2025-12-18,441658.14000001387,22,296026.89000001387,-4368.75
2025-12-19,448175.64000001387,22,296026.89000001387,2148.75
2025-12-21,449440.64000001387,22,296026.89000001387,3413.75
2025-12-22,451319.510000014,22,301240.760000014,78.75
2025-12-23,451960.19000001403,4,301986.44000001403,-26.25
2025-12-24,452085.83000001404,2,302109.58000001404,-23.75
2025-12-25,452100.83000001404,2,302109.58000001404,-8.75
2025-12-26,452071.46000001405,3,302108.96000001405,-37.5
2025-12-28,452075.21000001405,3,302108.96000001405,-33.75
2025-12-29,451908.35000001406,6,302107.10000001406,-198.75
2025-12-30,451270.85000001406,6,302107.10000001406,-836.25
2025-12-31,449090.2700000141,15,302101.5200000141,-3011.25
2026-01-01,451227.7700000141,15,302101.5200000141,-873.75
2026-01-02,449596.5200000141,15,302101.5200000141,-2505.0
2026-01-04,450421.5200000141,15,302101.5200000141,-1680.0
2026-01-05,454010.9900000142,15,303972.2400000142,38.75
2026-01-06,454504.1400000142,4,304472.8900000142,31.25
2026-01-07,453357.94000001426,9,304591.69000001426,-1233.75
2026-01-08,453789.2000000143,11,304590.4500000143,-801.25
2026-01-09,455931.14000001433,11,305967.39000001433,-36.25
2026-01-11,455558.64000001433,2,305967.39000001433,-408.75
2026-01-12,456236.17000001436,3,306341.17000001436,-105.0
2026-01-13,455995.5700000144,7,306338.0700000144,-342.5
2026-01-14,454693.7100000144,10,306336.2100000144,-1642.5
2026-01-15,457811.2900000145,10,307583.7900000145,227.5
2026-01-16,457085.6700000145,7,307583.1700000145,-497.5
2026-01-18,454871.9200000145,7,307583.1700000145,-2711.25
2026-01-19,454443.1700000145,7,307583.1700000145,-3140.0
2026-01-20,452605.6700000145,7,307583.1700000145,-4977.5
2026-01-21,455396.9200000145,7,307583.1700000145,-2186.25
2026-01-22,456643.8200000145,12,307580.0700000145,-936.25
2026-01-23,455198.8300000145,14,307578.8300000145,-2380.0
2026-01-25,454761.3300000145,14,307578.8300000145,-2817.5
2026-01-26,459535.7900000146,14,309318.2900000146,217.5
2026-01-27,459871.4400000146,3,309690.1900000146,181.25
2026-01-28,460089.5800000146,5,309688.3300000146,401.25
2026-01-29,458820.8300000146,5,309688.3300000146,-867.5
2026-01-30,458733.3300000146,5,309688.3300000146,-955.0
2026-02-01,457164.5800000146,5,309688.3300000146,-2523.75
2026-02-02,460245.8300000146,5,309688.3300000146,557.5
2026-02-03,457888.35000001465,9,309685.85000001465,-1797.5
2026-02-04,456020.85000001465,9,309685.85000001465,-3665.0
2026-02-05,450733.35000001465,9,309685.85000001465,-8952.5
2026-02-06,457990.23000001465,10,309685.23000001465,-1695.0
2026-02-08,458640.23000001465,10,309685.23000001465,-1045.0
2026-02-09,459902.73000001465,10,309685.23000001465,217.5
2026-02-10,460965.9400000147,10,310929.6900000147,36.25
2026-02-11,462328.5400000148,13,311793.5400000148,535.0
2026-02-12,452496.06000001484,17,311791.06000001484,-9295.0
2026-02-13,452377.96000001486,22,311787.96000001486,-9410.0
2026-02-15,454192.96000001486,22,311787.96000001486,-7595.0
2026-02-16,449875.46000001486,22,311787.96000001486,-11912.5
2026-02-17,457097.9800000149,26,311785.4800000149,-4687.5
2026-02-18,459567.9800000149,26,311785.4800000149,-2217.5
2026-02-19,458917.9800000149,26,311785.4800000149,-2867.5
2026-02-20,463597.9800000149,26,311785.4800000149,1812.5
2026-02-22,456577.9800000149,26,311785.4800000149,-5207.5
2026-02-23,456805.4800000149,26,311785.4800000149,-4980.0
2026-02-24,461160.4800000149,26,311785.4800000149,-625.0
2026-02-25,465230.010000015,26,315292.510000015,-62.5
2026-02-26,464049.4500000151,14,315284.4500000151,-1235.0
2026-02-27,462879.4700000151,18,315281.9700000151,-2402.5
2026-03-01,458896.9700000151,18,315281.9700000151,-6385.0
2026-03-02,459466.3500000151,19,315281.3500000151,-5815.0
2026-03-03,455726.9900000151,22,315279.4900000151,-9552.5
2026-03-04,463866.9900000151,22,315279.4900000151,-1412.5
2026-03-05,461556.9900000151,22,315279.4900000151,-3722.5
2026-03-06,449865.13000001514,25,315277.63000001514,-15412.5
2026-03-08,433615.13000001514,25,315277.63000001514,-31662.5
2026-03-09,456846.41000001517,31,315273.91000001517,-8427.5
2026-03-10,464441.41000001517,31,315273.91000001517,-832.5
2026-03-11,447546.41000001517,31,315273.91000001517,-17727.5
2026-03-12,445880.16000001517,31,315273.91000001517,-19393.75
2026-03-13,433887.0400000152,32,315273.2900000152,-31386.25
2026-03-15,441527.0400000152,32,315273.2900000152,-23746.25
2026-03-16,442807.3600000152,32,315193.6100000152,-22386.25
2026-03-17,453207.3600000152,32,315193.6100000152,-11986.25
2026-03-18,435087.3600000152,32,315193.6100000152,-30106.25
2026-03-19,432887.3600000152,32,315193.6100000152,-32306.25
2026-03-20,419847.3600000152,32,315193.6100000152,-45346.25
2026-03-22,409647.3600000152,32,315193.6100000152,-55546.25
2026-03-23,422087.3600000152,32,315193.6100000152,-43106.25
2026-03-24,429287.3600000152,32,315193.6100000152,-35906.25
2026-03-25,427967.3600000152,32,315193.6100000152,-37226.25
2026-03-26,414007.3600000152,32,315193.6100000152,-51186.25
2026-03-27,389367.3600000152,32,315193.6100000152,-75826.25
2026-03-29,391167.3600000152,32,315193.6100000152,-74026.25
2026-03-30,396727.3600000152,32,315193.6100000152,-68466.25
2026-03-31,418487.3600000152,32,315193.6100000152,-46706.25
2026-04-01,411647.3600000152,32,315193.6100000152,-53546.25
2026-04-02,423767.3600000152,32,315193.6100000152,-41426.25
2026-04-03,422287.3600000152,32,315193.6100000152,-42906.25
2026-04-05,423647.3600000152,32,315193.6100000152,-41546.25
2026-04-06,425327.3600000152,32,315193.6100000152,-39866.25
2026-04-07,456127.3600000152,32,315193.6100000152,-9066.25
2026-04-08,455247.3600000152,32,315193.6100000152,-9946.25
2026-04-09,464367.3600000152,32,315193.6100000152,-826.25
2026-04-10,463887.3600000152,32,315193.6100000152,-1306.25
2026-04-12,454007.3600000152,32,315193.6100000152,-11186.25
2026-04-13,469463.17000001535,32,319434.42000001535,28.75
2026-04-14,469908.2000000154,1,319805.7000000154,102.5
2026-04-15,470624.51000001543,3,320549.51000001543,75.0
2026-04-16,471003.92000001547,4,320796.42000001547,207.5
2026-04-17,472162.7300000155,4,322101.4800000155,61.25
2026-04-19,471262.7300000155,4,322101.4800000155,-838.75
2026-04-20,472564.63000001555,9,322098.38000001555,466.25
2026-04-21,473525.37000001565,14,323214.12000001565,311.25
2026-04-22,474849.8200000157,14,324968.5700000157,-118.75
2026-04-23,475878.6500000158,15,325083.6500000158,795.0
2026-04-24,477684.3600000159,15,327593.1100000159,91.25
2026-04-26,477756.8600000159,2,327593.1100000159,163.75
2026-04-27,477974.3900000159,3,327965.6400000159,8.75
2026-04-28,478112.5300000159,5,327963.7800000159,148.75
2026-04-29,477996.9100000159,6,327963.1600000159,33.75
2026-04-30,479055.08000001597,6,328933.83000001597,121.25
2026-05-01,478461.380000016,7,329191.380000016,-730.0
2026-05-03,479117.630000016,7,329191.380000016,-73.75
2026-05-04,478530.78000001604,12,329188.28000001604,-657.5
2026-05-05,481190.2500000161,12,330929.0000000161,261.25
2026-05-06,481834.04000001616,3,331780.29000001616,53.75
2026-05-07,481737.8400000162,9,331899.0900000162,-161.25
2026-05-08,483102.90000001626,9,333024.15000001626,78.75
2026-05-10,482967.90000001626,3,333024.15000001626,-56.25
2026-05-11,483242.3100000163,4,333394.8100000163,-152.5
2026-05-12,484116.0800000163,8,333392.3300000163,723.75
2026-05-13,484536.76000001637,8,334514.26000001637,22.5
2026-05-14,484813.6700000164,2,334884.9200000164,-71.25
2026-05-15,483495.58000001643,9,334880.58000001643,-1385.0
2026-05-17,482066.83000001643,9,334880.58000001643,-2813.75
2026-05-18,483236.83000001643,9,334880.58000001643,-1643.75
2026-05-19,480949.97000001644,12,334878.72000001644,-3928.75
2026-05-20,486394.4100000165,12,336371.9100000165,22.5
2026-05-21,487465.71000001655,5,336741.96000001655,723.75
2026-05-22,487294.5100000166,5,337665.7600000166,-371.25
2026-05-24,489094.5100000166,5,337665.7600000166,1428.75
2026-05-25,488707.0100000166,5,337665.7600000166,1041.25
2026-05-26,488786.43000001664,5,338526.43000001664,260.0
2026-05-27,489086.43000001664,4,338526.43000001664,560.0
