dt,equity,qty,realized,unrealized
2019-05-05,150000.0,0,0.0,0.0
2019-05-06,149935.65,3,121.89999999999998,-186.25
2019-05-07,149915.11,15,156.3599999999999,-241.25
2019-05-08,148526.38,15,183.87999999999988,-1657.5
2019-05-09,147893.92,16,278.91999999999985,-2385.0
2019-05-10,149560.22,13,352.7199999999998,-792.5
2019-05-12,148060.22,10,352.7199999999998,-2292.5
2019-05-13,146263.39,16,412.13999999999976,-4148.75
2019-05-14,147611.55,13,487.7999999999997,-2876.25
2019-05-15,147715.32,12,515.3199999999997,-2800.0
2019-05-16,149006.6,13,565.3499999999997,-1558.75
2019-05-17,148606.63,13,606.6299999999997,-2000.0
2019-05-19,149161.63,12,606.6299999999997,-1445.0
2019-05-20,148377.91,13,647.9099999999996,-2270.0
2019-05-21,149027.3,13,661.0499999999996,-1633.75
2019-05-22,147685.44,14,674.1899999999996,-2988.75
2019-05-23,146436.08,15,687.3299999999996,-4251.25
2019-05-24,146672.34,16,797.3399999999996,-4125.0
2019-05-26,146578.59,15,797.3399999999996,-4218.75
2019-05-27,147197.34,15,797.3399999999996,-3600.0
2019-05-28,144216.14,16,861.1399999999995,-6645.0
2019-05-29,143444.93,16,896.1799999999995,-7451.25
2019-05-30,142461.82,17,904.3199999999995,-8442.5
2019-05-31,140762.47,17,921.2199999999995,-10158.75
2019-06-02,139572.47,17,921.2199999999995,-11348.75
2019-06-03,140920.66,18,983.1599999999994,-10062.5
2019-06-04,145585.04,16,992.5399999999994,-5407.5
2019-06-05,146633.18,15,1030.6799999999994,-4397.5
2019-06-06,148162.56,14,1047.5599999999995,-2885.0
2019-06-07,149835.72,13,1103.2200000000003,-1267.5
2019-06-09,150165.72,12,1103.2200000000003,-937.5
2019-06-10,150853.87,12,1257.6200000000008,-403.75
2019-06-11,150600.14,11,1372.6400000000012,-772.5
2019-06-12,150207.04,10,1399.5400000000018,-1192.5
2019-06-13,151187.68,10,1465.180000000002,-277.5
2019-06-14,151003.96,10,1506.4600000000028,-502.5
2019-06-16,151262.8,9,1484.0500000000027,-221.25
2019-06-17,150986.57,10,1511.5700000000031,-525.0
2019-06-18,152487.25,9,2511.000000000004,-23.75
2019-06-19,152746.63,4,2525.380000000004,221.25
2019-06-20,153051.68,6,2987.9300000000053,63.75
2019-06-21,152934.83000000002,6,3014.830000000006,-80.0
2019-06-23,153309.83000000002,6,3014.830000000006,295.0
2019-06-24,152829.21,7,3014.210000000006,-185.0
2019-06-25,151934.9,12,3066.1500000000074,-1131.25
2019-06-26,152277.43000000002,14,3119.930000000008,-842.5
2019-06-27,152621.83000000002,14,3181.8300000000086,-560.0
2019-06-28,153909.98,13,3264.980000000009,645.0
2019-06-30,154697.48,10,3264.980000000009,1432.5
2019-07-01,155181.94,10,5176.9400000000105,5.0
2019-07-02,155381.99000000002,7,5245.740000000012,136.25
2019-07-03,155888.27000000002,5,5872.020000000012,16.25
2019-07-04,155907.02000000002,1,5872.020000000012,35.0
2019-07-05,156047.69,7,5911.440000000013,136.25
2019-07-07,155907.69,4,5911.440000000013,-3.75
2019-07-08,155565.21000000002,5,5938.960000000014,-373.75
2019-07-09,155967.1,6,5952.100000000014,15.0
2019-07-10,156770.92,5,6600.9200000000155,170.0
2019-07-11,156907.82,5,6657.820000000016,250.0
2019-07-12,156981.58000000002,5,6671.580000000016,310.0
2019-07-14,157056.58000000002,4,6671.580000000016,385.0
2019-07-15,157132.86000000002,5,6712.860000000017,420.0
2019-07-16,156916.65000000002,6,6752.900000000018,163.75
2019-07-17,155714.17,10,6750.420000000018,-1036.25
2019-07-18,157149.82,12,6792.320000000019,357.5
2019-07-19,155385.49000000002,12,6850.49000000002,-1465.0
2019-07-21,155715.49000000002,12,6850.49000000002,-1135.0
2019-07-22,156605.51,12,6898.01000000002,-292.5
2019-07-23,157353.03000000003,10,6955.530000000021,397.5
2019-07-24,157763.71000000002,8,7744.960000000022,18.75
2019-07-25,157873.77000000002,7,7797.520000000023,76.25
2019-07-26,158052.53000000003,5,7811.280000000023,241.25
2019-07-28,158008.78000000003,5,7811.280000000023,197.5
2019-07-29,158138.17,7,7824.420000000024,313.75
2019-07-30,158001.32000000004,7,7851.320000000024,150.0
2019-07-31,156793.31000000003,17,8019.560000000027,-1226.25
2019-08-01,154699.67000000004,16,8185.920000000029,-3486.25
2019-08-02,154104.71000000002,13,8220.960000000025,-4116.25
2019-08-04,151959.71000000002,12,8220.960000000025,-6261.25
2019-08-05,148250.38,14,8255.380000000017,-10005.0
2019-08-06,149647.88,13,8255.380000000017,-8607.5
2019-08-07,151729.79,14,8291.040000000012,-6561.25
2019-08-08,153772.31,13,8308.560000000009,-4536.25
2019-08-09,153589.22,15,8334.220000000003,-4745.0
2019-08-11,153670.47,13,8334.220000000003,-4663.75
2019-08-12,151080.5,14,8360.499999999998,-7280.0
2019-08-13,153821.15,14,8387.399999999994,-4566.25
2019-08-14,148994.3,14,8404.29999999999,-9410.0
2019-08-15,150246.81999999998,14,8421.819999999987,-8175.0
2019-08-16,151743.71,13,8439.959999999985,-6696.25
2019-08-18,152598.71,12,8439.959999999985,-5841.25
2019-08-19,153885.61,13,8456.85999999998,-4571.25
2019-08-20,152611.26999999996,14,8482.519999999975,-5871.25
2019-08-21,154040.04999999996,14,8636.29999999997,-4596.25
2019-08-22,154438.20999999996,14,8661.959999999965,-4223.75
2019-08-23,149403.26999999996,14,8714.519999999955,-9311.25
2019-08-25,148688.26999999996,13,8714.519999999955,-10026.25
2019-08-26,151418.26999999996,13,8714.519999999955,-7296.25
2019-08-27,151009.55999999994,14,8749.559999999949,-7740.0
2019-08-28,151310.81999999995,14,8758.319999999947,-7447.5
2019-08-29,154720.21999999994,13,8911.469999999943,-4191.25
2019-08-30,154176.49999999994,13,8937.749999999938,-4761.25
2019-09-01,153456.49999999994,12,8937.749999999938,-5481.25
2019-09-02,153231.49999999994,12,8937.749999999938,-5706.25
2019-09-03,153647.77999999994,13,8964.029999999933,-5316.25
2019-09-04,156821.53999999992,13,8972.789999999932,-2151.25
2019-09-05,157478.42999999993,12,9010.92999999993,-1532.5
2019-09-06,157737.20999999993,12,9053.459999999925,-1316.25
2019-09-08,157888.45999999993,11,9053.459999999925,-1165.0
2019-09-09,157449.73999999993,13,9112.23999999992,-1662.5
2019-09-10,157628.5299999999,13,9167.279999999913,-1538.75
2019-09-11,159502.91999999993,11,9195.419999999911,307.5
2019-09-12,159491.68999999992,10,9249.189999999908,242.5
2019-09-13,159100.4599999999,11,9276.709999999905,-176.25
2019-09-15,158238.0599999999,10,9251.809999999905,-1013.75
2019-09-16,158643.0999999999,11,9306.849999999899,-663.75
2019-09-17,158869.3599999999,11,9320.609999999897,-451.25
2019-09-18,158700.6599999999,11,9389.409999999889,-688.75
2019-09-19,159393.82999999987,10,9458.829999999882,-65.0
2019-09-20,158491.97999999986,10,9485.729999999878,-993.75
2019-09-22,159091.97999999986,10,9485.729999999878,-393.75
2019-09-23,159278.24999999988,10,9513.249999999874,-235.0
2019-09-24,158054.53999999986,12,9610.789999999868,-1556.25
2019-09-25,158430.17999999988,11,9638.929999999866,-1208.75
2019-09-26,158165.86999999985,12,9720.869999999855,-1555.0
2019-09-27,157929.64999999985,10,9787.14999999985,-1857.5
2019-09-29,158354.64999999985,10,9787.14999999985,-1432.5
2019-09-30,158922.78999999986,10,9816.539999999848,-893.75
2019-10-01,156692.81999999983,13,9827.819999999843,-3135.0
2019-10-02,152607.22999999984,17,9843.479999999838,-7236.25
2019-10-03,154184.74999999983,17,9860.999999999834,-5676.25
2019-10-04,157144.15999999983,16,9974.159999999829,-2830.0
2019-10-06,156415.40999999983,11,9974.159999999829,-3558.75
2019-10-07,157030.44999999984,13,10014.199999999822,-2983.75
2019-10-08,154085.5099999998,17,10091.759999999813,-6006.25
2019-10-09,154874.8899999998,14,10091.139999999812,-5216.25
2019-10-10,157327.4199999998,14,10148.669999999807,-2821.25
2019-10-11,158496.8499999998,12,10364.349999999798,-1867.5
2019-10-13,158923.0999999998,11,10364.349999999798,-1441.25
2019-10-14,158631.2399999998,12,10377.489999999796,-1746.25
2019-10-15,159440.63999999978,12,10473.139999999792,-1032.5
2019-10-16,159560.66999999978,10,10514.419999999787,-953.75
2019-10-17,159776.93999999977,10,10541.939999999784,-765.0
2019-10-18,159577.5899999998,12,10568.83999999978,-991.25
2019-10-20,159890.0899999998,10,10568.83999999978,-678.75
2019-10-21,160617.60999999978,10,10622.609999999777,-5.0
2019-10-22,159372.0199999998,11,10648.269999999771,-1276.25
2019-10-23,160386.40999999977,11,10676.409999999769,-290.0
2019-10-24,160423.31999999977,10,10749.569999999763,-326.25
2019-10-25,161069.57999999975,9,10763.329999999762,306.25
2019-10-27,161317.07999999975,9,10763.329999999762,553.75
2019-10-28,161666.50999999975,9,11659.009999999753,7.5
2019-10-29,161680.28999999975,3,11700.289999999748,-20.0
2019-10-30,161983.44999999975,4,11740.949999999742,242.5
2019-10-31,162065.98999999973,7,11780.989999999736,285.0
2019-11-01,162392.27999999974,5,12351.02999999973,41.25
2019-11-03,162427.27999999974,1,12351.02999999973,76.25
2019-11-04,162544.17999999973,4,12480.429999999726,63.75
2019-11-05,162352.9399999997,4,12494.189999999724,-141.25
2019-11-06,162439.83999999973,6,12521.08999999972,-81.25
2019-11-07,162614.85999999972,5,12596.109999999717,18.75
2019-11-08,162946.7499999997,6,12624.249999999714,322.5
2019-11-10,162761.7499999997,4,12624.249999999714,137.5
2019-11-11,162818.63999999972,5,12637.389999999712,181.25
2019-11-12,162844.3299999997,7,13165.579999999702,-321.25
2019-11-13,163233.1199999997,8,13220.619999999695,12.5
2019-11-14,163725.6399999997,7,13248.139999999692,477.5
2019-11-15,163983.8199999997,6,13968.819999999683,15.0
2019-11-17,163972.5699999997,1,13968.819999999683,3.75
2019-11-18,164060.7299999997,2,14009.479999999678,51.25
2019-11-19,164014.50999999966,3,14063.259999999673,-48.75
2019-11-20,163805.81999999966,9,14100.819999999663,-295.0
2019-11-21,164120.20999999967,9,14113.95999999966,6.25
2019-11-22,164302.72999999966,9,14173.979999999658,128.75
2019-11-24,164512.72999999966,7,14173.979999999658,338.75
2019-11-25,164871.52999999965,7,14846.52999999965,25.0
2019-11-26,164941.53999999966,2,14860.289999999648,81.25
2019-11-27,164900.92999999964,2,14983.429999999646,-82.5
2019-11-28,164900.92999999964,2,14983.429999999646,-82.5
2019-11-29,164871.57999999964,6,14995.329999999642,-123.75
2019-12-01,165109.07999999964,5,14995.329999999642,113.75
2019-12-02,164111.64999999962,12,15046.64999999963,-935.0
2019-12-03,162881.69999999963,14,15100.449999999622,-2218.75
2019-12-04,163973.5799999996,14,15099.829999999622,-1126.25
2019-12-05,164712.97999999963,14,15160.479999999618,-447.5
2019-12-06,166424.30999999962,13,16458.059999999616,-33.75
2019-12-08,166349.30999999962,3,16458.059999999616,-108.75
2019-12-09,166229.96999999962,8,16468.719999999623,-238.75
2019-12-10,166211.24999999962,10,16509.99999999963,-298.75
2019-12-11,166734.39999999964,9,16551.899999999634,182.5
2019-12-12,167578.20999999964,7,17215.709999999646,362.5
2019-12-13,167687.00999999966,5,17602.009999999656,85.0
2019-12-15,167893.30999999965,5,17589.559999999656,303.75
2019-12-16,168208.96999999965,5,18213.969999999663,-5.0
2019-12-17,168170.84999999966,3,18213.349999999664,-42.5
2019-12-18,168220.22999999966,3,18232.729999999665,-12.5
2019-12-19,168333.36999999968,2,18260.869999999668,72.5
2019-12-20,168384.00999999966,2,18384.00999999967,0.0
2019-12-22,168421.50999999966,2,18384.00999999967,37.5
2019-12-23,168429.01999999967,2,18400.269999999673,28.75
2019-12-24,168416.51999999967,2,18400.269999999673,16.25
2019-12-25,168446.51999999967,2,18400.269999999673,46.25
2019-12-26,168575.9199999997,2,18442.169999999678,133.75
2019-12-27,168445.3299999997,5,18592.829999999685,-147.5
2019-12-29,168590.3299999997,4,18592.829999999685,-2.5
2019-12-30,168265.9899999997,9,18603.489999999692,-337.5
2019-12-31,168736.6499999997,11,18659.1499999997,77.5
2020-01-01,168886.6499999997,8,18659.1499999997,227.5
2020-01-02,169472.3399999997,8,19579.839999999713,-107.5
2020-01-03,169536.1199999997,3,19606.11999999972,-70.0
2020-01-05,169423.6199999997,3,19606.11999999972,-182.5
2020-01-06,169907.3799999997,4,19619.87999999972,287.5
2020-01-07,169459.29999999973,4,19674.29999999973,-215.0
2020-01-08,170166.22999999975,4,20089.97999999974,76.25
2020-01-09,170408.10999999975,3,20144.359999999742,263.75
2020-01-10,170065.66999999975,8,20403.169999999755,-337.5
2020-01-12,170465.66999999975,8,20403.169999999755,62.5
2020-01-13,170932.56999999977,8,20482.56999999976,450.0
2020-01-14,170768.85999999975,6,20537.609999999768,231.25
2020-01-15,171308.91999999978,5,21185.16999999978,123.75
2020-01-16,171580.19999999978,4,21571.449999999786,8.75
2020-01-17,171636.4699999998,2,21598.96999999979,37.5
2020-01-19,171650.2199999998,1,21598.96999999979,51.25
2020-01-20,171576.4699999998,1,21598.96999999979,-22.5
2020-01-21,171749.5999999998,2,21598.34999999979,151.25
2020-01-22,171592.10999999978,2,21634.609999999793,-42.5
2020-01-23,171969.6399999998,5,21660.8899999998,308.75
2020-01-24,171058.4499999998,12,21714.69999999981,-656.25
2020-01-26,169595.9499999998,10,21714.69999999981,-2118.75
2020-01-27,169394.70999999982,12,21713.459999999814,-2318.75
2020-01-28,171248.46999999983,12,21748.469999999816,-500.0
2020-01-29,169284.75999999983,12,21844.759999999824,-2560.0
2020-01-30,171697.90999999983,14,21886.65999999983,-188.75
2020-01-31,167797.98999999985,16,21996.739999999845,-4198.75
2020-02-02,168984.23999999985,13,21996.739999999845,-3012.5
2020-02-03,170111.76999999984,13,22058.01999999985,-1946.25
2020-02-04,172035.54999999987,13,22511.799999999857,-476.25
2020-02-05,174480.01999999987,11,23841.269999999877,638.75
2020-02-06,174325.04999999987,4,24341.299999999883,-16.25
2020-02-07,174145.0999999999,5,24395.099999999893,-250.0
2020-02-09,174205.0999999999,4,24395.099999999893,-190.0
2020-02-10,175150.7299999999,5,24394.479999999894,756.25
2020-02-11,175328.9199999999,5,25266.419999999907,62.5
2020-02-12,175444.56999999992,4,25343.319999999912,101.25
2020-02-13,175746.4699999999,5,25370.219999999917,376.25
2020-02-14,175685.22999999992,5,25383.97999999992,301.25
2020-02-16,175820.22999999992,4,25383.97999999992,436.25
2020-02-17,175525.22999999992,4,25383.97999999992,141.25
2020-02-18,175710.86999999994,5,25397.119999999923,313.75
2020-02-19,175805.28999999992,5,25852.78999999993,-47.5
2020-02-20,175187.85999999996,11,25889.109999999946,-701.25
2020-02-21,174274.76999999996,14,25914.769999999953,-1640.0
2020-02-23,171463.51999999996,13,25914.769999999953,-4451.25
2020-02-24,168769.80999999997,16,25999.80999999996,-7230.0
2020-02-25,162102.36,14,26043.60999999997,-13941.25
2020-02-26,156383.62999999998,14,26061.129999999976,-19677.5
2020-02-27,155711.15999999997,14,26087.40999999998,-20376.25
2020-03-01,147212.40999999997,13,26087.40999999998,-28875.0
2020-03-03,154534.94,14,26113.689999999988,-21578.75
2020-03-04,158256.19,13,26113.689999999988,-17857.5
2020-03-05,151163.69999999998,14,26122.44999999999,-24958.75
2020-03-06,150174.99,14,26157.489999999998,-25982.5
2020-03-08,140766.24,13,26157.489999999998,-35391.25
2020-03-09,140785.03,13,26192.530000000006,-35407.5
2020-03-10,140378.78,13,26192.530000000006,-35813.75
2020-03-11,127860.06,14,26218.810000000012,-48358.75
2020-03-12,113561.33000000002,13,26236.330000000016,-62675.0
2020-03-13,130836.35000000003,13,26253.85000000002,-45417.5
2020-03-15,124515.10000000003,13,26253.85000000002,-51738.75
2020-03-16,119885.25000000003,14,26239.000000000025,-56353.75
2020-03-17,114531.51000000004,14,26247.760000000028,-61716.25
2020-03-18,106969.04000000004,14,26274.040000000034,-69305.0
2020-03-19,112657.81000000003,13,26291.560000000038,-63633.75
2020-03-20,105804.12000000005,13,26344.12000000005,-70540.0
2020-03-22,101384.12000000005,13,26344.12000000005,-74960.0
2020-03-23,106527.88000000006,13,26352.880000000052,-69825.0
2020-03-24,114750.38000000006,13,26352.880000000052,-61602.5
2020-03-25,117973.54000000007,15,26378.54000000006,-58405.0
2020-03-26,126186.70000000007,14,26414.200000000066,-50227.5
2020-03-27,122296.10000000006,14,26431.10000000007,-54135.0
2020-03-29,121823.60000000006,14,26431.10000000007,-54607.5
2020-03-30,128831.75000000009,14,26589.250000000076,-47757.5
2020-03-31,123048.02000000008,13,26606.77000000008,-53558.75
2020-04-01,120019.30000000008,14,26633.050000000087,-56613.75
2020-04-02,120653.05000000008,13,26633.050000000087,-55980.0
2020-04-03,119946.81000000008,13,26641.81000000009,-56695.0
2020-04-05,125553.06000000008,13,26641.81000000009,-51088.75
2020-04-06,129453.06000000008,13,26641.81000000009,-47188.75
2020-04-07,130761.8200000001,13,26650.57000000009,-45888.75
2020-04-08,136393.0800000001,14,26659.330000000093,-40266.25
2020-04-09,139938.1200000001,14,26694.3700000001,-36756.25
2020-04-12,136834.3700000001,13,26694.3700000001,-39860.0
2020-04-13,140516.9000000001,14,26720.650000000107,-36203.75
2020-04-14,142623.1800000001,14,26746.930000000113,-34123.75
2020-04-15,138245.7100000001,14,26773.21000000012,-38527.5
2020-04-16,145631.97000000012,14,26781.97000000012,-31150.0
2020-04-17,145355.72000000012,13,26781.97000000012,-31426.25
2020-04-19,145501.97000000012,13,26781.97000000012,-31280.0
2020-04-20,139867.61000000013,14,26790.110000000124,-36922.5
2020-04-21,136455.15000000014,15,26825.150000000132,-40370.0
2020-04-22,139071.41000000015,15,26833.910000000134,-37762.5
2020-04-23,138336.41000000015,14,26833.910000000134,-38497.5
2020-04-24,142693.91000000015,14,26833.910000000134,-34140.0
2020-04-26,143743.91000000015,14,26833.910000000134,-33090.0
2020-04-27,144581.42000000013,14,26887.670000000136,-32306.25
2020-04-28,147772.71000000014,15,27103.960000000145,-29331.25
2020-04-29,151663.36000000016,14,27353.36000000015,-25690.0
2020-04-30,145359.63000000015,14,27370.880000000154,-32011.25
2020-05-01,142599.67000000016,14,27405.920000000162,-34806.25
2020-05-03,141868.42000000016,13,27405.920000000162,-35537.5
2020-05-04,144225.94000000018,14,27423.440000000166,-33197.5
2020-05-05,145421.58000000016,15,27431.58000000017,-32010.0
2020-05-06,144896.00000000017,15,27466.00000000018,-32570.0
2020-05-07,149271.0600000002,15,27804.81000000019,-28533.75
2020-05-08,150384.82000000018,14,27813.570000000193,-27428.75
2020-05-10,151132.32000000018,13,27813.570000000193,-26681.25
2020-05-11,148470.4800000002,15,27839.2300000002,-29368.75
2020-05-12,145181.1500000002,15,27887.40000000021,-32706.25
2020-05-13,142122.4400000002,16,27922.440000000217,-35800.0
2020-05-14,144802.46000000022,16,27939.96000000022,-33137.5
2020-05-15,145326.2300000002,16,27957.480000000225,-32631.25
2020-05-17,147163.7300000002,15,27957.480000000225,-30793.75
2020-05-18,151556.88000000024,15,28424.38000000023,-26867.5
2020-05-19,151424.42000000025,15,28459.42000000024,-27035.0
2020-05-20,152508.82000000024,14,28621.320000000243,-26112.5
2020-05-21,150487.60000000024,14,28647.60000000025,-28160.0
2020-05-22,152910.12000000026,14,28665.120000000254,-25755.0
2020-05-24,153283.87000000026,13,28665.120000000254,-25381.25
2020-05-25,155753.87000000026,13,28665.120000000254,-22911.25
2020-05-26,156731.41000000027,14,28700.16000000026,-21968.75
2020-05-27,157951.43000000025,14,28717.680000000266,-20766.25
2020-05-28,157425.82000000027,14,28725.82000000027,-21300.0
2020-05-29,159580.24000000028,15,28770.240000000278,-19190.0
2020-05-31,158215.24000000028,13,28770.240000000278,-20555.0
2020-06-01,158467.15000000029,14,28795.900000000285,-20328.75
2020-06-02,161459.0600000003,14,28861.560000000292,-17402.5
2020-06-03,163141.5700000003,14,28870.320000000294,-15728.75
2020-06-04,164160.9900000003,15,28904.740000000304,-14743.75
2020-06-05,168315.3900000003,14,29185.39000000031,-10870.0
2020-06-07,168867.8900000003,13,29185.39000000031,-10317.5
2020-06-08,170745.4000000003,14,29194.15000000031,-8448.75
2020-06-09,170714.1700000003,14,29211.670000000315,-8497.5
2020-06-10,166377.9600000003,15,29246.710000000323,-12868.75
2020-06-11,159271.76000000033,14,29290.510000000333,-20018.75
2020-06-12,158738.05000000034,14,29325.55000000034,-20587.5
2020-06-14,156268.05000000034,13,29325.55000000034,-23057.5
2020-06-15,164060.69000000035,13,29301.940000000344,-15241.25
2020-06-16,164191.96000000034,13,29319.46000000035,-15127.5
2020-06-17,162663.87000000034,14,29345.120000000356,-16681.25
2020-06-18,164002.65000000037,15,29371.40000000036,-15368.75
2020-06-19,161128.34000000037,14,29570.840000000375,-18442.5
2020-06-21,162525.84000000037,13,29570.840000000375,-17045.0
2020-06-22,164614.60000000038,14,29579.600000000377,-14965.0
2020-06-23,165141.50000000038,14,29596.500000000382,-14455.0
2020-06-24,159235.28000000038,15,29622.780000000388,-20387.5
2020-06-25,161904.0600000004,15,29649.060000000394,-17745.0
2020-06-26,156777.2200000004,16,29674.7200000004,-22897.5
2020-06-28,156870.9700000004,15,29674.7200000004,-22803.75
2020-06-29,160525.9900000004,16,29692.240000000405,-19166.25
2020-06-30,162796.6200000004,15,29701.620000000406,-16905.0
2020-07-01,164284.1200000004,14,29701.620000000406,-15417.5
2020-07-02,165742.9100000004,15,29794.160000000415,-14051.25
2020-07-03,165007.9100000004,14,29794.160000000415,-14786.25
2020-07-05,168542.9100000004,14,29794.160000000415,-11251.25
2020-07-06,168521.05000000042,14,29943.550000000418,-11422.5
2020-07-07,167031.73000000042,15,29986.73000000043,-12955.0
2020-07-08,168493.63000000044,14,30013.630000000434,-11520.0
2020-07-09,166661.19000000044,14,30066.190000000446,-13405.0
2020-07-10,169537.44000000044,13,30066.190000000446,-10528.75
2020-07-12,170349.94000000044,13,30066.190000000446,-9716.25
2020-07-13,167663.10000000044,14,30091.850000000453,-12428.75
2020-07-14,171426.25000000047,14,30118.75000000046,-8692.5
2020-07-15,171216.27000000046,14,30136.270000000462,-8920.0
2020-07-16,171219.43000000046,14,30161.93000000047,-8942.5
2020-07-17,171972.58000000048,14,30275.080000000475,-8302.5
2020-07-19,171403.83000000048,13,30275.080000000475,-8871.25
2020-07-20,174337.5900000005,13,30283.840000000477,-5946.25
2020-07-21,175212.6200000005,15,30300.120000000483,-5087.5
2020-07-22,175455.1600000005,15,30345.16000000049,-4890.0
2020-07-23,171921.4300000005,15,30352.680000000495,-8431.25
2020-07-24,170955.1900000005,16,30361.440000000497,-9406.25
2020-07-26,172211.4400000005,15,30361.440000000497,-8150.0
2020-07-27,173297.7100000005,16,30378.9600000005,-7081.25
2020-07-28,171494.6300000005,17,30413.38000000051,-8918.75
2020-07-29,174322.15000000052,16,30440.900000000514,-6118.75
2020-07-30,175074.6700000005,16,30458.42000000052,-5383.75
2020-07-31,175797.81000000052,15,30476.56000000052,-4678.75
2020-08-02,175294.06000000052,13,30476.56000000052,-5182.5
2020-08-03,176904.08000000054,14,30494.080000000526,-3590.0
2020-08-04,177929.10000000053,14,30511.60000000053,-2582.5
2020-08-05,178920.38000000053,13,30587.880000000536,-1667.5
2020-08-06,179484.15000000055,12,30615.40000000054,-1131.25
2020-08-07,180652.91000000056,12,30629.160000000542,23.75
2020-08-09,180804.16000000056,11,30629.160000000542,175.0
2020-08-10,181422.30000000054,11,30657.300000000545,765.0
2020-08-11,180809.94000000058,12,31768.690000000573,-958.75
2020-08-12,182926.90000000058,12,32989.40000000057,-62.5
2020-08-13,183131.94000000056,6,33029.44000000055,102.5
2020-08-14,182912.59000000055,7,33056.340000000535,-143.75
2020-08-16,183145.09000000055,6,33056.340000000535,88.75
2020-08-17,183388.85000000053,6,33122.60000000053,266.25
2020-08-18,183689.50000000052,6,33149.50000000052,540.0
2020-08-19,182573.95000000048,9,33671.45000000048,-1097.5
2020-08-20,184073.97000000047,9,33698.97000000047,375.0
2020-08-21,184185.24000000046,9,33741.490000000456,443.75
2020-08-23,184477.74000000046,6,33741.490000000456,736.25
2020-08-24,185477.18000000043,6,35069.68000000042,407.5
2020-08-25,185469.7100000004,4,35458.46000000041,11.25
2020-08-26,185639.7300000004,2,35595.980000000396,43.75
2020-08-27,186389.77000000037,6,35731.020000000375,658.75
2020-08-28,186386.07000000036,6,36382.32000000035,3.75
2020-08-30,186468.57000000036,1,36382.32000000035,86.25
2020-08-31,186481.7600000003,5,36449.260000000315,32.5
2020-09-01,186923.68000000028,4,36871.18000000029,52.5
2020-09-02,187555.00000000026,5,37518.750000000255,36.25
2020-09-03,181003.95000000016,16,37663.95000000015,-6660.0
2020-09-04,178958.97000000015,15,37681.47000000014,-8722.5
2020-09-06,178902.72000000015,15,37681.47000000014,-8778.75
2020-09-07,179933.97000000015,15,37681.47000000014,-7747.5
2020-09-08,173349.03000000012,17,37734.03000000011,-14385.0
2020-09-09,177126.5400000001,16,37742.7900000001,-10616.25
2020-09-10,174817.2200000001,16,37785.970000000074,-12968.75
2020-09-11,173241.60000000006,16,37795.35000000007,-14553.75
2020-09-13,175979.25000000006,15,37758.00000000007,-11778.75
2020-09-14,177056.76000000007,16,37766.76000000007,-10710.0
2020-09-15,178861.16000000006,17,37783.660000000054,-8922.5
2020-09-16,174287.46000000002,16,37833.71000000003,-13546.25
2020-09-17,174244.98,17,37851.23000000002,-13606.25
2020-09-18,172162.5,17,37868.75000000001,-15706.25
2020-09-20,171482.5,16,37868.75000000001,-16386.25
2020-09-21,168580.02,17,37886.27,-19306.25
2020-09-22,170688.78,17,37895.02999999999,-17206.25
2020-09-23,165189.43999999997,18,37920.68999999997,-22731.25
2020-09-24,166947.61999999994,18,37973.869999999944,-21026.25
2020-09-25,169727.61999999994,16,37973.869999999944,-18246.25
2020-09-27,170907.61999999994,16,37973.869999999944,-17066.25
2020-09-28,175273.89999999994,17,38000.14999999993,-12726.25
2020-09-29,172168.93999999992,17,38035.18999999991,-15866.25
2020-09-30,176375.21999999988,17,38061.46999999989,-11686.25
2020-10-01,175950.25999999986,17,38096.50999999987,-12146.25
2020-10-02,174659.01999999987,17,38105.269999999866,-13446.25
2020-10-04,175639.01999999987,16,38105.269999999866,-12466.25
2020-10-05,178647.77999999985,17,38114.02999999986,-9466.25
2020-10-06,175254.7299999998,18,38174.72999999982,-12920.0
2020-10-07,180398.49999999983,17,38202.24999999981,-7803.75
2020-10-08,183388.5099999998,16,38211.009999999806,-4822.5
2020-10-09,184896.0399999998,16,38237.28999999979,-3341.25
2020-10-11,184952.2899999998,15,38237.28999999979,-3285.0
2020-10-12,187575.43999999977,15,38366.68999999978,-791.25
2020-10-13,187437.34999999974,14,38407.34999999976,-970.0
2020-10-14,184105.50999999975,15,38448.00999999974,-4342.5
2020-10-15,185004.88999999972,15,38447.38999999974,-3442.5
2020-10-16,184141.8099999997,16,38755.559999999714,-4613.75
2020-10-18,185741.8099999997,16,38755.559999999714,-3013.75
2020-10-19,182759.9799999997,16,38881.22999999969,-6121.25
2020-10-20,183908.77999999968,14,38925.029999999664,-5016.25
2020-10-21,180807.56999999966,14,38960.06999999964,-8152.5
2020-10-22,183831.33999999962,14,38977.58999999963,-5146.25
2020-10-23,183865.10999999964,13,38995.10999999962,-5130.0
2020-10-25,182581.35999999964,13,38995.10999999962,-6413.75
2020-10-26,180171.99999999962,15,39003.249999999614,-8831.25
2020-10-27,177897.0199999996,15,39020.769999999604,-11123.75
2020-10-28,173233.29999999958,15,39047.04999999959,-15813.75
2020-10-29,171542.71999999956,15,39081.469999999565,-17538.75
2020-10-30,171896.50999999954,17,39116.509999999544,-17220.0
2020-11-01,171202.75999999954,15,39116.509999999544,-17913.75
2020-11-02,174367.14999999953,15,39148.399999999536,-14781.25
2020-11-03,180139.0399999995,15,39156.53999999953,-9017.5
2020-11-04,185119.1099999995,15,39485.35999999949,-4366.25
2020-11-05,186356.62999999948,13,39547.87999999948,-3191.25
2020-11-06,188130.40999999945,12,39589.159999999465,-1458.75
2020-11-08,190962.90999999945,11,39589.159999999465,1373.75
2020-11-09,189214.32999999938,16,45338.079999999376,-6123.75
2020-11-10,191614.32999999938,15,45338.079999999376,-3723.75
2020-11-11,191658.74999999936,15,45462.49999999935,-3803.75
2020-11-12,191286.3399999993,17,45576.339999999305,-4290.0
2020-11-13,194405.1199999993,14,45773.86999999929,-1368.75
2020-11-15,195830.1199999993,10,45773.86999999929,56.25
2020-11-16,195785.15999999928,12,45828.90999999927,-43.75
2020-11-17,195344.55999999924,12,45855.809999999256,-511.25
2020-11-18,193018.98999999923,15,45908.98999999923,-2890.0
2020-11-19,193238.37999999922,15,45937.12999999922,-2698.75
2020-11-20,192446.55999999918,15,46005.30999999919,-3558.75
2020-11-22,193304.05999999918,14,46005.30999999919,-2701.25
2020-11-23,195921.58999999918,14,46186.589999999174,-265.0
2020-11-24,197652.29999999912,12,47477.29999999913,175.0
2020-11-25,197617.9799999991,6,47545.4799999991,72.5
2020-11-26,197492.9799999991,4,47545.4799999991,-52.5
2020-11-27,197766.1199999991,6,47558.61999999909,207.5
2020-11-29,197328.6199999991,5,47558.61999999909,-230.0
2020-11-30,199188.67999999906,10,47611.17999999906,1577.5
2020-12-01,199183.12999999902,9,49329.37999999902,-146.25
2020-12-02,199484.409999999,6,49370.65999999901,113.75
2020-12-03,199836.35999999897,6,49796.35999999897,40.0
2020-12-04,200298.89999999895,5,50325.14999999895,-26.25
2020-12-06,200295.14999999895,1,50325.14999999895,-30.0
2020-12-07,200263.95999999892,5,50392.709999998915,-128.75
2020-12-08,200945.2299999989,5,50405.229999998905,540.0
2020-12-09,200249.06999999884,9,50534.06999999886,-285.0
2020-12-10,200090.35999999882,11,50574.10999999884,-483.75
2020-12-11,200162.8999999988,12,50614.149999998815,-451.25
2020-12-13,201235.50999999882,11,50586.759999998816,648.75
2020-12-14,200775.63999999873,11,51866.88999999875,-1091.25
2020-12-15,203133.83999999872,11,53125.08999999871,8.75
2020-12-16,203385.7499999987,3,53165.74999999869,220.0
2020-12-17,203497.05999999866,4,53550.80999999866,-53.75
2020-12-18,204454.01999999862,10,53630.269999998614,823.75
2020-12-20,203854.01999999862,8,53630.269999998614,223.75
2020-12-21,203607.1799999986,13,53640.929999998596,-33.75
2020-12-22,203409.0799999986,14,53667.82999999858,-258.75
2020-12-23,205315.43999999852,14,55346.689999998525,-31.25
2020-12-24,205484.2099999985,8,55397.959999998515,86.25
2020-12-27,206211.7099999985,6,55397.959999998515,813.75
2020-12-28,206545.4999999985,6,56371.749999998494,173.75
2020-12-29,206655.55999999846,7,56598.05999999846,57.5
2020-12-30,206391.82999999844,7,56625.57999999845,-233.75
2020-12-31,207098.73999999842,7,56681.23999999843,417.5
2021-01-03,207086.23999999842,5,56681.23999999843,405.0
2021-01-04,205028.26999999836,16,57412.01999999835,-2383.75
2021-01-05,205430.79999999833,14,57503.29999999834,-2072.5
2021-01-06,209049.69999999827,11,58730.94999999826,318.75
2021-01-07,209785.99999999822,6,59603.49999999823,182.5
2021-01-08,210190.4399999982,5,60144.1899999982,46.25
2021-01-10,210046.6899999982,1,60144.1899999982,-97.5
2021-01-11,210131.10999999818,3,60198.609999998174,-67.5
2021-01-12,210564.89999999816,6,60238.64999999815,326.25
2021-01-13,210859.9699999981,5,60791.21999999812,68.75
2021-01-14,210024.3899999981,8,60815.63999999809,-791.25
2021-01-15,208523.82999999807,14,60852.57999999806,-2328.75
2021-01-17,209083.82999999807,14,60852.57999999806,-1768.75
2021-01-18,211551.32999999807,14,60852.57999999806,698.75
2021-01-19,211815.10999999804,14,61168.85999999804,646.25
2021-01-20,213402.699999998,12,63233.949999997996,168.75
2021-01-21,213262.74999999796,3,63318.99999999797,-56.25
2021-01-22,213243.39999999796,4,63345.89999999796,-102.5
2021-01-24,213528.39999999796,3,63345.89999999796,182.5
2021-01-25,214143.53999999788,10,64308.53999999788,-165.0
2021-01-26,214391.72999999786,5,64720.47999999785,-328.75
2021-01-27,210774.40999999776,16,64948.159999997755,-4173.75
2021-01-28,211225.7299999977,12,65166.97999999772,-3941.25
2021-01-29,209037.07999999766,16,65314.579999997666,-6277.5
2021-01-31,210892.07999999766,14,65314.579999997666,-4422.5
2021-02-01,215037.72999999765,14,65516.47999999765,-478.75
2021-02-02,217075.3299999977,13,67011.5799999977,63.75
2021-02-03,216869.74999999773,5,67050.99999999774,-181.25
2021-02-04,217482.91999999777,4,67466.66999999779,16.25
2021-02-05,217569.17999999778,2,67480.4299999978,88.75
2021-02-07,217631.67999999778,1,67480.4299999978,151.25
2021-02-08,217767.3299999978,3,67636.07999999782,131.25
2021-02-09,218001.74999999785,3,67690.49999999786,311.25
2021-02-10,218187.47999999794,9,68131.22999999796,56.25
2021-02-11,218078.75999999797,9,68172.50999999799,-93.75
2021-02-12,219208.18999999802,9,69186.93999999804,21.25
2021-02-14,219261.93999999802,1,69186.93999999804,75.0
2021-02-15,219320.68999999802,1,69186.93999999804,133.75
2021-02-16,219269.5099999981,4,69268.2599999981,1.25
2021-02-17,219372.04999999813,6,69308.29999999814,63.75
2021-02-18,218949.59999999817,9,69347.09999999819,-397.5
2021-02-19,219096.5099999982,10,69432.75999999822,-336.25
2021-02-21,218946.5099999982,10,69432.75999999822,-486.25
2021-02-22,219149.03999999823,14,69444.03999999825,-295.0
2021-02-23,217899.1099999983,17,69585.35999999831,-1686.25
2021-02-24,220664.13999999833,11,69641.63999999834,1022.5
2021-02-25,215753.61999999842,13,69748.61999999844,-3995.0
2021-02-26,215486.8199999985,16,69889.31999999851,-4402.5
2021-02-28,217286.8199999985,12,69889.31999999851,-2602.5
2021-03-01,220966.90999999858,12,71284.40999999859,-317.5
2021-03-02,221223.87999999867,11,71362.62999999868,-138.75
2021-03-03,215458.35999999876,16,71504.60999999878,-6046.25
2021-03-04,213404.69999999885,16,71628.44999999886,-8223.75
2021-03-05,219267.84999999887,14,71730.34999999889,-2462.5
2021-03-07,218594.09999999887,11,71730.34999999889,-3136.25
2021-03-08,220166.6399999989,12,71785.38999999892,-1618.75
2021-03-09,221117.28999999893,12,71812.28999999895,-695.0
2021-03-10,223572.38999999902,12,73197.38999999904,375.0
2021-03-11,223977.44999999908,6,73869.9499999991,107.5
2021-03-12,224122.48999999912,8,73924.98999999913,197.5
2021-03-14,224272.54999999912,6,73910.04999999913,362.5
2021-03-15,224733.23999999918,7,74699.48999999919,33.75
2021-03-16,224692.03999999922,5,74753.28999999924,-61.25
2021-03-17,225318.9899999993,6,75305.2399999993,13.75
2021-03-18,224240.30999999936,11,75341.55999999937,-1101.25
2021-03-19,223859.75999999943,15,75407.25999999944,-1547.5
2021-03-21,223916.00999999943,15,75407.25999999944,-1491.25
2021-03-22,226806.72999999952,15,77065.47999999953,-258.75
2021-03-23,226253.6899999996,11,77129.93999999961,-876.25
2021-03-24,225871.84999999963,14,77175.59999999964,-1303.75
2021-03-25,227091.2899999997,16,77342.5399999997,-251.25
2021-03-26,228596.37999999977,10,78523.87999999979,72.5
2021-03-28,228516.37999999977,1,78523.87999999979,-7.5
2021-03-29,228947.68999999983,5,78921.43999999984,26.25
2021-03-30,228882.74999999988,9,78973.9999999999,-91.25
2021-03-31,229723.45999999996,7,79873.45999999998,-150.0
2021-04-01,230545.37,6,80454.12000000001,91.25
2021-04-02,230599.12,1,80454.12000000001,145.0
2021-04-04,230602.87,1,80454.12000000001,148.75
2021-04-05,230757.90000000002,2,80789.15000000004,-31.25
2021-04-06,230842.33000000007,4,80842.33000000009,0.0
2021-04-07,231221.7400000001,5,80897.99000000012,323.75
2021-04-08,231261.78000000014,3,81229.28000000016,32.5
2021-04-09,231363.05000000016,2,81366.80000000018,-3.75
2021-04-11,231334.30000000016,1,81366.80000000018,-32.5
2021-04-12,231482.4500000002,3,81393.7000000002,88.75
2021-04-13,231614.3500000002,3,81641.85000000022,-27.5
2021-04-14,231526.27000000025,7,81681.27000000027,-155.0
2021-04-15,232378.2000000003,6,82356.95000000032,21.25
2021-04-16,232482.60000000033,4,82481.35000000034,1.25
2021-04-18,232437.60000000033,4,82481.35000000034,-43.75
2021-04-19,232547.0400000004,10,82533.2900000004,13.75
2021-04-20,230310.87000000046,16,82628.37000000048,-2317.5
2021-04-21,232707.7800000005,14,82699.03000000051,8.75
2021-04-22,231685.33000000054,11,82767.83000000055,-1082.5
2021-04-23,233631.6500000006,10,83797.90000000062,-166.25
2021-04-25,233801.6500000006,4,83797.90000000062,3.75
2021-04-26,233952.29000000062,4,83832.29000000063,120.0
2021-04-27,234036.09000000067,4,83901.09000000068,135.0
2021-04-28,234302.3700000007,4,83942.37000000071,360.0
2021-04-29,234575.58000000077,10,84460.58000000079,115.0
2021-04-30,234147.4900000008,9,84501.24000000082,-353.75
2021-05-02,234496.2400000008,9,84501.24000000082,-5.0
2021-05-03,233890.64000000083,10,84601.89000000084,-711.25
2021-05-04,233849.4700000009,17,84701.97000000092,-852.5
2021-05-05,233119.50000000093,13,84795.75000000095,-1676.25
2021-05-06,235713.320000001,14,84907.07000000101,806.25
2021-05-07,236262.76000000106,10,86170.26000000107,92.5
2021-05-09,236295.26000000106,1,86170.26000000107,125.0
2021-05-10,234016.00000000116,12,86246.00000000118,-2230.0
2021-05-11,231478.56000000122,16,86348.56000000123,-4870.0
2021-05-12,228714.84000000125,13,86374.84000000126,-7660.0
2021-05-13,231909.84000000125,12,86374.84000000126,-4465.0
2021-05-14,234828.60000000126,12,86383.60000000127,-1555.0
2021-05-16,233883.60000000126,12,86383.60000000127,-2500.0
2021-05-17,234608.6400000013,13,86418.64000000131,-1810.0
2021-05-18,230767.43000000133,15,86443.68000000135,-5676.25
2021-05-19,230688.71000000136,15,86469.96000000137,-5781.25
2021-05-20,234071.8800000014,14,86514.38000000142,-2442.5
2021-05-21,234132.54000000143,13,86617.54000000145,-2485.0
2021-05-23,234462.54000000143,12,86617.54000000145,-2155.0
2021-05-24,236644.44000000146,12,86684.44000000147,-40.0
2021-05-25,236585.1200000015,9,86788.87000000152,-203.75
2021-05-26,236266.40000000154,9,86830.15000000155,-563.75
2021-05-27,237295.8300000016,9,86937.0800000016,358.75
2021-05-28,236897.1000000016,9,86949.60000000162,-52.5
2021-05-30,237054.6000000016,9,86949.60000000162,105.0
2021-05-31,236818.3500000016,9,86949.60000000162,-131.25
2021-06-01,237519.0700000017,9,88036.57000000171,-517.5
2021-06-02,237936.5900000017,9,88064.09000000173,-127.5
2021-06-03,237571.65000000177,14,88116.65000000178,-545.0
2021-06-04,239457.97000000183,12,89460.47000000185,-2.5
2021-06-06,239410.47000000183,2,89460.47000000185,-50.0
2021-06-07,239571.77000000188,6,89514.2700000019,57.5
2021-06-08,239784.32000000193,7,89584.32000000194,200.0
2021-06-09,239764.97000000195,7,89631.22000000197,133.75
2021-06-10,240540.69000000204,7,90355.69000000205,185.0
2021-06-11,240700.09000000206,6,90415.09000000208,285.0
2021-06-13,240806.39000000208,5,90402.64000000208,403.75
2021-06-14,241120.1500000021,6,90416.40000000209,703.75
2021-06-15,240760.1700000021,6,90443.92000000211,316.25
2021-06-16,239542.70000000214,9,90455.20000000214,-912.5
2021-06-17,240514.59000000215,11,90468.34000000215,46.25
2021-06-18,236135.9000000022,16,90505.9000000022,-4370.0
2021-06-20,235335.9000000022,16,90505.9000000022,-5170.0
2021-06-21,241345.33000000226,16,90911.58000000226,433.75
2021-06-22,242161.04000000234,12,92087.29000000234,73.75
2021-06-23,242201.07000000236,2,92128.57000000236,72.5
2021-06-24,242435.4800000024,3,92351.7300000024,83.75
2021-06-25,242588.01000000242,3,92404.26000000242,183.75
2021-06-27,242569.26000000242,3,92404.26000000242,165.0
2021-06-28,242614.91000000245,3,92457.41000000245,157.5
2021-06-29,242812.4500000025,5,92732.45000000249,80.0
2021-06-30,242959.3400000025,4,92760.5900000025,198.75
2021-07-01,243180.63000000254,4,93160.63000000254,20.0
2021-07-02,243324.40000000256,2,93298.15000000256,26.25
2021-07-04,243314.40000000256,1,93298.15000000256,16.25
2021-07-05,243341.90000000256,1,93298.15000000256,43.75
2021-07-06,243704.48000000263,10,93363.23000000263,341.25
2021-07-07,244260.1900000027,7,94153.94000000271,106.25
2021-07-08,243352.12000000276,10,94207.12000000276,-855.0
2021-07-09,245320.3000000028,9,95217.80000000281,102.5
2021-07-11,245220.3000000028,2,95217.80000000281,2.5
2021-07-12,245393.45000000283,2,95369.70000000283,23.75
2021-07-13,245205.36000000287,4,95395.36000000287,-190.0
2021-07-14,245519.1500000029,5,95532.9000000029,-13.75
2021-07-15,245486.71000000296,9,95585.46000000296,-98.75
2021-07-16,244079.890000003,13,95623.64000000301,-1543.75
2021-07-18,243169.890000003,13,95623.64000000301,-2453.75
2021-07-19,240281.8500000031,16,95733.10000000309,-5451.25
2021-07-20,244037.51000000312,14,95823.76000000312,-1786.25
2021-07-21,246032.53000000314,11,95893.78000000314,138.75
2021-07-22,246827.56000000317,11,95935.06000000317,892.5
2021-07-23,247488.89000000324,9,97498.89000000324,-10.0
2021-07-25,247441.39000000324,1,97498.89000000324,-57.5
2021-07-26,247558.91000000326,2,97526.41000000326,32.5
2021-07-27,247773.99000000334,8,97635.24000000334,138.75
2021-07-28,247644.63000000335,8,97648.38000000335,-3.75
2021-07-29,248074.0600000034,8,98557.8100000034,-483.75
2021-07-30,248413.47000000344,6,98598.47000000344,-185.0
2021-08-01,248738.47000000344,4,98598.47000000344,140.0
2021-08-02,248437.88000000347,6,98639.13000000347,-201.25
2021-08-03,249291.07000000353,8,99306.07000000353,-15.0
2021-08-04,249307.98000000356,5,99331.73000000356,-23.75
2021-08-05,249662.99000000357,5,99389.24000000357,273.75
2021-08-06,249798.0300000036,4,99774.28000000361,23.75
2021-08-08,249651.7800000036,3,99774.28000000361,-122.5
2021-08-09,249649.93000000363,5,99801.18000000363,-151.25
2021-08-10,249871.23000000368,4,99869.98000000368,1.25
2021-08-11,250210.6300000037,4,99955.6300000037,255.0
2021-08-12,250360.66000000373,4,100341.91000000373,18.75
2021-08-13,250404.42000000374,2,100355.67000000374,48.75
2021-08-15,250361.92000000374,1,100355.67000000374,6.25
2021-08-16,250884.5000000038,7,100907.00000000381,-22.5
2021-08-17,251365.8300000039,7,100972.08000000389,393.75
2021-08-18,248995.91000000396,15,101022.16000000396,-2026.25
2021-08-19,249539.10000000402,16,101191.60000000402,-1652.5
2021-08-20,251575.37000000404,10,101219.12000000404,356.25
2021-08-22,252337.87000000404,10,101219.12000000404,1118.75
2021-08-23,252604.83000000412,10,102578.58000000412,26.25
2021-08-24,252531.09000000413,3,102592.34000000413,-61.25
2021-08-25,252670.48000000414,3,102620.48000000414,50.0
2021-08-26,252629.31000000422,7,102700.56000000422,-71.25
2021-08-27,253331.23000000426,6,103227.48000000426,103.75
2021-08-29,253353.73000000426,3,103227.48000000426,126.25
2021-08-30,253576.2600000043,3,103517.51000000429,58.75
2021-08-31,253783.80000000432,7,103557.55000000432,226.25
2021-09-01,253465.07000000434,5,103587.57000000434,-122.5
2021-09-02,254061.97000000437,5,103666.97000000437,395.0
2021-09-03,253900.7500000044,5,103708.2500000044,192.5
2021-09-05,253890.7500000044,4,103708.2500000044,182.5
2021-09-06,254005.7500000044,4,103708.2500000044,297.5
2021-09-07,253560.78000000442,7,103734.53000000442,-173.75
2021-09-08,253011.46000000447,11,103787.71000000447,-776.25
2021-09-09,253073.3700000045,12,103813.3700000045,-740.0
2021-09-10,250847.19000000457,16,103965.94000000457,-3118.75
2021-09-12,251127.35000000458,16,103926.10000000458,-2798.75
2021-09-13,252981.19000000466,16,104403.69000000466,-1422.5
2021-09-14,251050.6000000047,16,104444.35000000469,-3393.75
2021-09-15,252736.8700000047,15,104546.87000000471,-1810.0
2021-09-16,252599.43000000477,13,104629.43000000477,-2030.0
2021-09-17,249298.89000000485,16,104708.89000000485,-5410.0
2021-09-19,247698.89000000485,16,104708.89000000485,-7010.0
2021-09-20,246485.17000000487,17,104735.17000000487,-8250.0
2021-09-21,244313.93000000488,16,104743.93000000488,-10430.0
2021-09-22,248211.4500000049,17,104761.4500000049,-6550.0
2021-09-23,251535.24000000494,16,104886.49000000494,-3351.25
2021-09-24,251880.87000000494,12,104900.87000000494,-3020.0
2021-09-26,252733.37000000494,11,104900.87000000494,-2167.5
2021-09-27,251084.02000000497,12,104927.77000000497,-3843.75
2021-09-28,246428.47000000504,18,104968.47000000504,-8540.0
2021-09-29,247121.61000000505,19,104976.61000000505,-7855.0
2021-09-30,238314.1500000051,18,105035.40000000509,-16721.25
2021-10-01,245306.0500000051,18,105099.80000000511,-9793.75
2021-10-03,243542.3000000051,17,105099.80000000511,-11557.5
2021-10-04,240866.10000000516,18,105143.60000000516,-14277.5
2021-10-05,242376.74000000517,18,105151.74000000517,-12775.0
2021-10-06,247492.37000000518,18,105161.12000000518,-7668.75
2021-10-07,249088.07000000525,17,105301.82000000525,-6213.75
2021-10-08,248430.59000000526,13,105319.34000000526,-6888.75
2021-10-10,247935.59000000526,12,105319.34000000526,-7383.75
2021-10-11,244859.3700000053,14,105335.62000000529,-10476.25
2021-10-12,245323.15000000532,15,105361.90000000532,-10038.75
2021-10-13,247764.41000000533,15,105370.66000000533,-7606.25
2021-10-14,252451.93000000535,14,105575.68000000535,-3123.75
2021-10-15,253703.81000000535,12,105665.06000000535,-1961.25
2021-10-17,253415.06000000535,11,105665.06000000535,-2250.0
2021-10-18,254391.32000000536,12,105678.82000000536,-1287.5
2021-10-19,256296.96000000538,12,105706.96000000538,590.0
2021-10-20,256797.67000000546,10,106772.67000000546,25.0
2021-10-21,256901.45000000548,2,106923.95000000548,-22.5
2021-10-22,256941.50000000553,8,106962.75000000553,-21.25
2021-10-24,257179.00000000553,5,106962.75000000553,216.25
2021-10-25,257697.8100000056,6,107629.06000000559,68.75
2021-10-26,257568.47000000562,6,107749.72000000562,-181.25
2021-10-27,257285.40000000567,9,107802.90000000567,-517.5
2021-10-28,258716.09000000573,9,108827.34000000573,-111.25
2021-10-29,259187.97000000573,3,108826.72000000573,361.25
2021-10-31,259247.97000000573,3,108826.72000000573,421.25
2021-11-01,259292.4100000058,6,109303.6600000058,-11.25
2021-11-02,259808.07000000583,4,109818.07000000583,-10.0
2021-11-03,260128.11000000587,3,110094.36000000587,33.75
2021-11-04,260385.6500000059,4,110244.4000000059,141.25
2021-11-05,260741.33000000595,6,110776.33000000595,-35.0
2021-11-07,260621.33000000595,4,110776.33000000595,-155.0
2021-11-08,260633.23000000598,5,110803.23000000598,-170.0
2021-11-09,260139.54000000603,8,110882.04000000603,-742.5
2021-11-10,259249.63000000612,16,110980.88000000612,-1731.25
2021-11-11,259757.78000000614,13,111115.28000000614,-1357.5
2021-11-12,261312.16000000614,10,111129.66000000614,182.5
2021-11-14,261278.41000000614,9,111129.66000000614,148.75
2021-11-15,261300.32000000618,9,111185.32000000618,115.0
2021-11-16,262140.38000000623,8,112197.88000000623,-57.5
2021-11-17,262202.3000000063,7,112237.30000000627,-35.0
2021-11-18,263309.2100000063,8,112277.96000000631,1031.25
2021-11-19,262959.3000000064,7,113065.55000000639,-106.25
2021-11-21,263236.8000000064,6,113065.55000000639,171.25
2021-11-22,262262.5500000065,14,113718.80000000651,-1456.25
2021-11-23,262157.61000000656,16,113856.36000000656,-1698.75
2021-11-24,264029.5200000066,13,113912.0200000066,117.5
2021-11-25,261092.0200000066,10,113912.0200000066,-2820.0
2021-11-26,256713.96000000666,16,113988.96000000666,-7275.0
2021-11-28,260110.21000000666,13,113988.96000000666,-3878.75
2021-11-29,261672.7500000067,13,114310.2500000067,-2637.5
2021-11-30,259032.81000000675,16,114392.81000000675,-5360.0
2021-12-01,253959.13000000681,18,114579.13000000681,-10620.0
2021-12-02,257324.79000000685,17,114694.79000000685,-7370.0
2021-12-03,254878.5900000069,12,114738.5900000069,-9860.0
2021-12-05,256498.5900000069,12,114738.5900000069,-8240.0
2021-12-06,259261.1100000069,13,114756.11000000691,-5495.0
2021-12-07,264584.91000000696,13,114979.91000000696,-395.0
2021-12-08,264073.67000000697,11,114993.67000000697,-920.0
2021-12-09,262928.100000007,13,115061.85000000702,-2133.75
2021-12-10,265251.26000000705,12,115133.76000000705,117.5
2021-12-12,266013.8600000071,10,115108.86000000706,905.0
2021-12-13,263190.79000000714,13,115162.04000000711,-1971.25
2021-12-14,261122.06000000716,14,115189.56000000713,-4067.5
2021-12-15,265681.5000000072,15,115301.50000000719,380.0
2021-12-16,262729.65000000724,12,115328.40000000721,-2598.75
2021-12-17,260859.69000000728,13,115383.44000000725,-4523.75
2021-12-19,258082.19000000728,11,115383.44000000725,-7301.25
2021-12-20,259249.76000000734,16,115519.76000000731,-6270.0
2021-12-21,261834.77000000735,12,115533.52000000732,-3698.75
2021-12-22,264846.02000000735,11,115533.52000000732,-687.5
2021-12-23,266617.9700000074,11,116684.2200000074,-66.25
2021-12-26,266687.9700000074,4,116684.2200000074,3.75
2021-12-27,267418.6500000075,4,117371.15000000744,47.5
2021-12-28,267489.9500000075,6,117519.95000000749,-30.0
2021-12-29,267496.84000000753,6,117533.0900000075,-36.25
2021-12-30,266877.5100000076,8,117587.51000000755,-710.0
2021-12-31,266806.9300000076,10,117626.93000000759,-820.0
2022-01-02,267606.9300000076,10,117626.93000000759,-20.0
2022-01-03,268552.60000000766,10,117725.10000000763,827.5
2022-01-04,268215.21000000776,9,118850.21000000773,-635.0
2022-01-05,261083.44000000786,17,118937.19000000783,-7853.75
2022-01-06,263429.7200000079,17,118963.47000000786,-5533.75
2022-01-07,261036.00000000792,17,118989.75000000789,-7953.75
2022-01-09,261576.00000000792,16,118989.75000000789,-7413.75
2022-01-10,260582.28000000794,17,119016.03000000792,-8433.75
2022-01-11,264331.04000000795,16,119024.79000000792,-4693.75
2022-01-12,264666.060000008,16,119072.31000000794,-4406.25
2022-01-13,260709.27000000805,16,119141.77000000802,-8432.5
2022-01-14,261531.8100000081,15,119176.81000000806,-7645.0
2022-01-16,260031.8100000081,15,119176.81000000806,-9145.0
2022-01-17,259263.0600000081,15,119176.81000000806,-9913.75
2022-01-18,252704.40000000817,16,119255.65000000814,-16551.25
2022-01-19,252609.4200000082,15,119273.17000000816,-16663.75
2022-01-20,244585.11000000825,17,119325.11000000822,-24740.0
2022-01-21,239713.87000000826,16,119333.87000000823,-29620.0
2022-01-23,242873.87000000826,16,119333.87000000823,-26460.0
2022-01-24,236731.39000000828,16,119351.39000000825,-32620.0
2022-01-25,238031.39000000828,16,119351.39000000825,-31320.0
2022-01-26,231249.60000000836,18,119420.85000000833,-38171.25
2022-01-27,235890.23000000836,17,119430.23000000833,-33540.0
2022-01-28,242867.75000000838,16,119447.75000000835,-26580.0
2022-01-30,243887.75000000838,16,119447.75000000835,-25560.0
2022-01-31,248636.5100000084,17,119456.51000000836,-20820.0
2022-02-01,253785.9000000084,16,119474.65000000838,-15688.75
2022-02-02,252012.17000000842,17,119482.1700000084,-17470.0
2022-02-03,250766.61000000848,19,119534.11000000846,-18767.5
2022-02-04,247849.77000000852,18,119569.77000000849,-21720.0
2022-02-06,248551.02000000852,17,119569.77000000849,-21018.75
2022-02-07,247199.16000000853,19,119577.9100000085,-22378.75
2022-02-08,252049.81000000855,18,119604.81000000853,-17555.0
2022-02-09,254907.33000000857,17,119677.33000000854,-14770.0
2022-02-10,247169.88000000862,16,119721.13000000859,-22551.25
2022-02-11,243261.79000000865,17,119746.79000000862,-26485.0
2022-02-13,243561.79000000865,16,119746.79000000862,-26185.0
2022-02-14,241636.8300000087,18,119781.83000000866,-28145.0
2022-02-15,246234.3500000087,17,119799.35000000868,-23565.0
2022-02-16,245305.03000000876,17,119842.53000000873,-24537.5
2022-02-17,242011.36000000883,20,119902.6100000088,-27891.25
2022-02-18,236346.40000000887,19,119937.65000000884,-33591.25
2022-02-20,238483.90000000887,19,119937.65000000884,-31453.75
2022-02-21,229862.65000000887,19,119937.65000000884,-40075.0
2022-02-22,234535.1700000089,20,119955.17000000886,-35420.0
2022-02-23,216679.5600000089,20,119963.31000000887,-53283.75
2022-02-24,228662.6900000089,20,119972.69000000888,-41310.0
2022-02-25,239825.1900000089,19,119972.69000000888,-30147.5
2022-02-27,229921.4400000089,19,119972.69000000888,-40051.25
2022-02-28,238780.1900000089,19,119972.69000000888,-31192.5
2022-03-01,234032.72000000894,20,119998.9700000089,-35966.25
2022-03-02,240088.99000000895,19,120016.49000000893,-29927.5
2022-03-03,235599.040000009,19,120187.79000000897,-34588.75
2022-03-04,235166.58000000904,18,120222.83000000901,-35056.25
2022-03-06,231384.08000000904,17,120222.83000000901,-38838.75
2022-03-07,224159.7700000091,19,120274.77000000907,-46115.0
2022-03-08,224455.45000000915,18,120327.95000000912,-45872.5
2022-03-09,230817.96000000916,17,120336.71000000913,-39518.75
2022-03-10,228374.21000000916,17,120336.71000000913,-41962.5
2022-03-11,225378.0100000092,19,120370.51000000918,-44992.5
2022-03-13,226613.20000000915,19,120323.20000000918,-43710.0
2022-03-14,223718.2500000092,19,120377.00000000923,-46658.75
2022-03-15,229932.0100000092,18,120385.76000000924,-40453.75
2022-03-16,237940.83000000927,19,120447.0800000093,-32506.25
2022-03-17,240533.33000000927,17,120447.0800000093,-29913.75
2022-03-18,248468.34000000928,17,120455.84000000931,-21987.5
2022-03-20,246598.34000000928,17,120455.84000000931,-23857.5
2022-03-21,246775.26000000932,18,120500.26000000935,-23725.0
2022-03-22,252017.15000000934,16,120518.40000000937,-18501.25
2022-03-23,248259.06000000937,16,120544.0600000094,-22285.0
2022-03-24,252225.95000000938,16,120614.70000000941,-18388.75
2022-03-25,254052.2300000094,16,120640.98000000944,-16588.75
2022-03-27,252964.7300000094,15,120640.98000000944,-17676.25
2022-03-28,256601.00000000943,17,120658.50000000946,-14057.5
2022-03-29,260257.25000000943,15,120658.50000000946,-10401.25
2022-03-30,259337.27000000945,16,120676.02000000948,-11338.75
2022-03-31,254617.3300000095,17,120718.58000000953,-16101.25
2022-04-01,254002.38000000955,18,120762.38000000958,-16760.0
2022-04-03,254108.63000000955,17,120762.38000000958,-16653.75
2022-04-04,256871.77000000956,17,120780.5200000096,-13908.75
2022-04-05,252535.5600000096,16,120815.56000000963,-18280.0
2022-04-06,247990.60000000964,18,120850.60000000967,-22860.0
2022-04-07,251050.60000000964,16,120850.60000000967,-19800.0
2022-04-08,250145.64000000968,17,120885.6400000097,-20740.0
2022-04-10,247905.64000000968,16,120885.6400000097,-22980.0
2022-04-11,242337.56000000972,18,120920.06000000975,-28582.5
2022-04-12,244899.48000000976,17,121099.48000000979,-26200.0
2022-04-13,247339.48000000976,16,121099.48000000979,-23760.0
2022-04-14,242549.5100000098,18,121115.76000000982,-28566.25
2022-04-17,240569.5100000098,18,121115.76000000982,-30546.25
2022-04-18,243891.4100000098,18,121142.66000000984,-27251.25
2022-04-19,247320.80000000983,17,121160.80000000985,-23840.0
2022-04-20,249420.80000000983,16,121160.80000000985,-21740.0
2022-04-21,240336.4900000099,20,121202.74000000992,-30866.25
2022-04-22,228537.1400000099,20,121219.64000000994,-42682.5
2022-04-24,227987.1400000099,20,121219.64000000994,-43232.5
2022-04-25,233445.29000000993,21,121246.54000000996,-37801.25
2022-04-26,223131.56000000995,20,121264.06000000998,-48132.5
2022-04-27,224701.59000000998,20,121290.34000001001,-46588.75
2022-04-28,229841.01000001002,21,121324.76000001005,-41483.75
2022-04-29,216985.44000001007,21,121367.9400000101,-54382.5
2022-05-01,218297.94000001007,21,121367.9400000101,-53070.0
2022-05-02,219881.7300000101,22,121402.98000001014,-51521.25
2022-05-03,220687.37000001012,21,121421.12000001015,-50733.75
2022-05-04,232761.79000001017,21,121465.5400000102,-38703.75
2022-05-05,218855.5800000102,19,121500.58000001023,-52645.0
2022-05-06,215613.12000001024,20,121535.62000001027,-55922.5
2022-05-08,212739.37000001024,19,121535.62000001027,-58796.25
2022-05-09,205973.15000001027,20,121561.9000000103,-65588.75
2022-05-10,206269.4400000103,20,121596.94000001033,-65327.5
2022-05-11,199455.72000001033,20,121623.22000001036,-72167.5
2022-05-12,202023.25000001036,19,121649.50000001039,-69626.25
2022-05-13,206488.25000001036,19,121649.50000001039,-65161.25
2022-05-15,204493.25000001036,19,121649.50000001039,-67156.25
2022-05-16,206798.9100000104,21,121675.16000001042,-64876.25
2022-05-17,212397.06000001042,20,121905.81000001045,-59508.75
2022-05-18,198832.11000001046,20,121949.61000001049,-73117.5
2022-05-19,198175.87000001047,20,121958.3700000105,-73782.5
2022-05-20,196254.6500000105,20,121984.65000001053,-75730.0
2022-05-22,198962.1500000105,19,121984.65000001053,-73022.5
2022-05-23,199977.17000001052,20,122002.17000001055,-72025.0
2022-05-24,202432.18000001053,19,122010.93000001056,-69578.75
2022-05-25,203265.96000001056,20,122037.21000001059,-68771.25
2022-05-26,210203.49000001058,20,122063.49000001061,-61860.0
2022-05-27,221588.5000000106,20,122072.25000001062,-50483.75
2022-05-29,222087.2500000106,19,122072.25000001062,-49985.0
2022-05-30,221279.7500000106,19,122072.25000001062,-50792.5
2022-05-31,219524.78000001062,21,122098.53000001065,-52573.75
2022-06-01,215122.94000001065,20,122124.19000001068,-57001.25
2022-06-02,222483.6000000107,21,122159.85000001072,-49676.25
2022-06-03,216144.88000001071,20,122186.13000001074,-56041.25
2022-06-05,217831.13000001071,19,122186.13000001074,-54355.0
2022-06-06,215488.64000001072,20,122194.89000001075,-56706.25
2022-06-07,219344.90000001073,19,122203.65000001076,-52858.75
2022-06-08,216426.18000001076,19,122229.93000001079,-55803.75
2022-06-09,207936.87000001082,21,122281.87000001085,-64345.0
2022-06-10,196073.1900000109,22,122343.19000001092,-76270.0
2022-06-12,190398.1900000109,20,122343.19000001092,-81945.0
2022-06-13,183167.19000001095,21,122337.19000001096,-89170.0
2022-06-14,180559.71000001096,20,122354.71000001098,-91795.0
2022-06-15,186178.510000011,21,122398.51000001103,-86220.0
2022-06-16,174278.510000011,20,122398.51000001103,-98120.0
2022-06-17,173637.27000001102,20,122407.27000001103,-98770.0
2022-06-19,174337.27000001102,20,122407.27000001103,-98070.0
2022-06-20,178787.27000001102,20,122407.27000001103,-93620.0
2022-06-21,178390.41000001103,21,122415.41000001105,-94025.0
2022-06-22,180581.07000001107,21,122451.07000001108,-91870.0
2022-06-23,186914.83000001108,21,122459.83000001109,-85545.0
2022-06-24,196814.83000001108,20,122459.83000001109,-75645.0
2022-06-26,197964.83000001108,20,122459.83000001109,-74495.0
2022-06-27,195342.39000001113,21,122512.39000001115,-77170.0
2022-06-28,188552.43000001117,21,122547.43000001118,-83995.0
2022-06-29,186512.4700000112,21,122582.47000001122,-86070.0
2022-06-30,181088.75000001123,20,122608.75000001125,-91520.0
2022-07-01,188038.75000001123,20,122608.75000001125,-84570.0
2022-07-03,186013.75000001123,20,122608.75000001125,-86595.0
2022-07-04,189088.75000001123,20,122608.75000001125,-83520.0
2022-07-05,188873.79000001127,21,122643.79000001129,-83770.0
2022-07-06,190533.8300000113,21,122678.83000001132,-82145.0
2022-07-07,194417.59000001132,21,122687.59000001133,-78270.0
2022-07-08,196205.1900000114,21,122775.19000001143,-76570.0
2022-07-10,193405.1900000114,20,122775.19000001143,-79370.0
2022-07-11,189277.11000001145,22,122809.61000001147,-83532.5
2022-07-12,188609.6500000115,22,122844.6500000115,-84235.0
2022-07-13,185590.93000001152,22,122870.93000001153,-87280.0
2022-07-14,186308.44000001153,22,122879.69000001154,-86571.25
2022-07-15,192461.59000001155,21,122906.59000001157,-80445.0
2022-07-17,193886.59000001155,20,122906.59000001157,-79020.0
2022-07-18,189634.75000001158,22,122932.2500000116,-83297.5
2022-07-19,201821.6300000116,21,122941.6300000116,-71120.0
2022-07-20,201472.91000001162,21,122967.91000001163,-71495.0
2022-07-21,204415.43000001163,20,122985.43000001165,-68570.0
2022-07-22,202199.19000001164,20,122994.19000001166,-70795.0
2022-07-24,201999.19000001164,20,122994.19000001166,-70995.0
2022-07-25,201807.95000001165,20,123002.95000001167,-71195.0
2022-07-26,201176.7500000117,21,123046.75000001171,-71870.0
2022-07-27,207444.27000001172,21,123064.27000001173,-65620.0
2022-07-28,215449.91000001173,20,123082.41000001175,-57632.5
2022-07-29,218949.92000001174,20,123091.17000001176,-54141.25
2022-07-31,217192.42000001174,19,123091.17000001176,-55898.75
2022-08-01,216307.44000001176,20,123108.69000001177,-56801.25
2022-08-02,215891.2300000118,20,123143.73000001181,-57252.5
2022-08-03,220729.3600000118,20,123143.11000001182,-52413.75
2022-08-04,221935.02000001183,20,123178.77000001185,-51243.75
2022-08-05,219925.03000001184,20,123187.53000001186,-53262.5
2022-08-07,219687.53000001184,19,123187.53000001186,-53500.0
2022-08-08,220963.80000001186,20,123205.05000001188,-52241.25
2022-08-09,218125.0900000119,20,123240.09000001191,-55115.0
2022-08-10,227657.6000000119,20,123248.85000001192,-45591.25
2022-08-11,227064.51000001194,20,123274.51000001196,-46210.0
2022-08-12,233288.89000001195,20,123346.39000001196,-40057.5
2022-08-14,232362.64000001195,19,123346.39000001196,-40983.75
2022-08-15,234474.52000001195,20,123345.77000001197,-38871.25
2022-08-16,235826.440000012,21,123390.19000001201,-37563.75
2022-08-17,232533.950000012,20,123398.95000001202,-40865.0
2022-08-18,233153.36000001204,20,123424.61000001205,-40271.25
2022-08-19,227874.66000001208,23,123458.4100000121,-45583.75
2022-08-21,226389.66000001208,22,123458.4100000121,-47068.75
2022-08-22,218834.0700000121,24,123484.07000001213,-54650.0
2022-08-23,215229.71000001213,24,123492.21000001214,-58262.5
2022-08-24,219665.35000001214,24,123510.35000001216,-53845.0
2022-08-25,224608.48000001215,23,123519.73000001216,-48911.25
2022-08-26,206365.44000001223,25,123579.19000001224,-67213.75
2022-08-28,204646.69000001223,25,123579.19000001224,-68932.5
2022-08-29,206101.71000001224,26,123596.71000001226,-67495.0
2022-08-30,202212.36000001227,26,123613.61000001228,-71401.25
2022-08-31,191998.0200000123,26,123649.27000001231,-81651.25
2022-09-01,196725.5300000123,26,123658.03000001232,-76932.5
2022-09-02,192486.19000001234,27,123683.69000001236,-81197.5
2022-09-04,192388.69000001234,26,123683.69000001236,-81295.0
2022-09-05,193331.19000001234,26,123683.69000001236,-80352.5
2022-09-06,187232.4900000124,28,123727.4900000124,-86495.0
2022-09-07,198738.1200000124,27,123726.87000001241,-74988.75
2022-09-08,203558.16000001243,28,123771.91000001245,-70213.75
2022-09-09,209535.04000001244,25,123781.29000001245,-64246.25
2022-09-11,209535.04000001244,24,123781.29000001245,-64246.25
2022-09-12,215184.0400000125,25,123730.29000001246,-58546.25
2022-09-13,194036.60000001255,27,123772.85000001252,-79736.25
2022-09-14,195651.6400000126,26,123817.89000001256,-78166.25
2022-09-15,186317.92000001261,25,123844.17000001259,-87526.25
2022-09-16,187715.44000001263,25,123861.6900000126,-86146.25
2022-09-18,185135.44000001263,24,123861.6900000126,-88726.25
2022-09-19,190514.20000001264,25,123870.45000001261,-83356.25
2022-09-20,184909.24000001268,26,123905.49000001265,-88996.25
2022-09-21,173346.7600000127,25,123923.01000001267,-100576.25
2022-09-22,171474.28000001272,26,123940.53000001269,-102466.25
2022-09-23,164802.44000001275,26,123966.19000001272,-109163.75
2022-09-25,162021.19000001275,25,123966.19000001272,-111945.0
2022-09-26,162938.08000001276,25,123984.33000001273,-111046.25
2022-09-27,156265.60000001278,25,124001.85000001275,-117736.25
2022-09-28,167095.60000001278,24,124001.85000001275,-106906.25
2022-09-29,156702.51000001281,26,124027.51000001279,-117325.0
2022-09-30,152101.32000001287,26,124080.07000001284,-121978.75
2022-10-02,151445.07000001287,25,124080.07000001284,-122635.0
2022-10-03,166365.71000001288,25,124201.96000001286,-107836.25
2022-10-04,174084.4700000129,25,124210.72000001287,-100126.25
2022-10-05,177320.75000001292,25,124237.0000000129,-96916.25
2022-10-06,170057.03000001295,25,124263.28000001292,-104206.25
2022-10-07,157950.830000013,25,124307.08000001297,-116356.25
2022-10-09,156210.830000013,24,124307.08000001297,-118096.25
2022-10-10,152624.63000001304,25,124350.88000001301,-121726.25
2022-10-11,152432.8100000131,26,124394.06000001307,-121961.25
2022-10-12,151224.71000001312,25,124420.96000001309,-123196.25
2022-10-13,165192.23000001314,25,124438.4800000131,-109246.25
2022-10-14,151600.4100000132,25,124481.66000001316,-122881.25
2022-10-16,153600.4100000132,25,124481.66000001316,-120881.25
2022-10-17,169456.0500000132,25,124802.30000001317,-105346.25
2022-10-18,171783.57000001322,25,124819.82000001319,-103036.25
2022-10-19,162522.33000001323,25,124828.5800000132,-112306.25
2022-10-20,160056.7800000133,26,124889.28000001327,-114832.5
2022-10-21,173109.93000001332,25,124916.1800000133,-101806.25
2022-10-23,172359.93000001332,24,124916.1800000133,-102556.25
2022-10-24,177606.21000001335,25,124942.46000001332,-97336.25
2022-10-25,180824.97000001336,24,124951.22000001333,-94126.25
2022-10-26,183881.2500000134,25,124977.50000001336,-91096.25
2022-10-27,177055.05000001343,25,125021.3000000134,-97966.25
2022-10-28,191335.05000001343,24,125021.3000000134,-83686.25
2022-10-30,189655.05000001343,24,125021.3000000134,-85366.25
2022-10-31,188228.85000001348,25,125065.10000001345,-86836.25
2022-11-01,185687.6100000135,25,125073.86000001346,-89386.25
2022-11-02,173971.41000001354,25,125117.66000001351,-101146.25
2022-11-03,168078.93000001356,25,125135.18000001353,-107056.25
2022-11-04,173418.93000001356,24,125135.18000001353,-101716.25
2022-11-06,173478.93000001356,24,125135.18000001353,-101656.25
2022-11-07,178188.93000001356,24,125135.18000001353,-96946.25
2022-11-08,181365.21000001358,26,125161.46000001355,-93796.25
2022-11-09,172319.62000001362,26,125187.12000001359,-102867.5
2022-11-10,197476.50000001362,25,125672.75000001359,-78196.25
2022-11-11,201184.02000001364,25,125690.27000001361,-74506.25
2022-11-13,199984.02000001364,24,125690.27000001361,-75706.25
2022-11-14,199162.17000001366,25,125707.17000001363,-76545.0
2022-11-15,200149.0700000137,25,125945.32000001366,-75796.25
2022-11-16,197985.3500000137,25,125971.60000001368,-77986.25
2022-11-17,196121.63000001374,25,125997.88000001371,-79876.25
2022-11-18,198140.39000001375,25,126006.64000001372,-77866.25
2022-11-20,197120.39000001375,24,126006.64000001372,-78886.25
2022-11-21,197056.67000001378,26,126032.92000001375,-78976.25
2022-11-22,202516.67000001378,24,126032.92000001375,-73516.25
2022-11-23,206644.1900000138,26,126050.44000001377,-69406.25
2022-11-24,206734.1900000138,24,126050.44000001377,-69316.25
2022-11-25,205731.0800000138,25,126058.58000001378,-70327.5
2022-11-27,202293.5800000138,25,126058.58000001378,-73765.0
2022-11-28,199382.36000001384,26,126084.86000001381,-76702.5
2022-11-29,197431.13000001386,27,126102.38000001383,-78671.25
2022-11-30,212311.7900000139,26,126138.04000001386,-63826.25
2022-12-01,210541.7900000139,24,126138.04000001386,-65596.25
2022-12-02,209710.5500000139,25,126146.80000001387,-66436.25
2022-12-04,210160.5500000139,24,126146.80000001387,-65986.25
2022-12-05,202545.59000001394,25,126181.84000001391,-73636.25
2022-12-06,196019.39000001398,25,126225.64000001395,-80206.25
2022-12-07,193696.910000014,25,126243.16000001397,-82546.25
2022-12-08,198724.43000001402,25,126260.68000001399,-77536.25
2022-12-09,193429.46000001405,26,126276.96000001402,-82847.5
2022-12-11,193656.96000001405,26,126276.96000001402,-82620.0
2022-12-12,200478.46000001405,26,126244.71000001403,-75766.25
2022-12-13,205968.46000001405,24,126244.71000001403,-70276.25
2022-12-14,201623.5000000141,24,126279.75000001407,-74656.25
2022-12-15,188672.2600000141,25,126288.51000001408,-87616.25
2022-12-16,182539.7800000141,25,126306.0300000141,-93766.25
2022-12-18,184039.7800000141,24,126306.0300000141,-92266.25
2022-12-19,175160.43000001414,26,126322.93000001412,-101162.5
2022-12-20,181491.10000001418,26,126367.35000001416,-94876.25
2022-12-21,188138.6200000142,25,126384.87000001418,-88246.25
2022-12-22,180276.77000001422,27,126401.7700000142,-96125.0
2022-12-23,182212.42000001424,25,126428.67000001423,-94216.25
2022-12-26,185362.42000001424,24,126428.67000001423,-91066.25
2022-12-27,181064.9800000143,25,126481.23000001429,-95416.25
2022-12-28,175472.50000001432,25,126498.7500000143,-101026.25
2022-12-29,182175.64000001433,25,126506.89000001432,-94331.25
2022-12-30,182241.93000001437,26,126541.93000001436,-94300.0
2023-01-02,181804.43000001437,25,126541.93000001436,-94737.5
2023-01-03,180580.11000001442,26,126626.3600000144,-96046.25
2023-01-04,183015.15000001446,25,126661.40000001444,-93646.25
2023-01-05,180071.4300000145,26,126687.68000001447,-96616.25
2023-01-06,187912.0600000145,25,126687.06000001448,-88775.0
2023-01-08,189912.0600000145,25,126687.06000001448,-86775.0
2023-01-09,186427.73000001453,26,126820.23000001452,-90392.5
2023-01-10,191550.26000001456,27,126856.51000001455,-85306.25
2023-01-11,197777.78000001458,25,126874.03000001457,-79096.25
2023-01-12,197735.3000000146,25,126891.55000001458,-79156.25
2023-01-13,200774.0600000146,24,126900.3100000146,-76126.25
2023-01-15,201284.0600000146,24,126900.3100000146,-75616.25
2023-01-16,199154.0600000146,24,126900.3100000146,-77746.25
2023-01-17,200251.58000001463,25,126917.83000001461,-76666.25
2023-01-18,191072.87000001466,26,126942.87000001465,-85870.0
2023-01-19,188884.7800000147,27,126968.53000001468,-88083.75
2023-01-20,197032.32000001473,28,127013.57000001472,-79981.25
2023-01-22,196657.32000001473,25,127013.57000001472,-80356.25
2023-01-23,203028.60000001476,27,127039.85000001475,-74011.25
2023-01-24,200242.3800000148,26,127066.13000001477,-76823.75
2023-01-25,203058.67000001483,26,127101.17000001481,-74042.5
2023-01-26,206468.05000001483,25,127164.30000001482,-70696.25
2023-01-27,208773.07000001485,26,127171.82000001484,-68398.75
2023-01-29,207213.07000001485,26,127171.82000001484,-69958.75
2023-01-30,201788.1100000149,27,127206.86000001487,-75418.75
2023-01-31,208377.5100000149,27,127233.7600000149,-68856.25
2023-02-01,216511.93000001495,26,127278.18000001494,-60766.25
2023-02-02,219452.600000015,25,127322.60000001498,-57870.0
2023-02-03,216672.610000015,24,127331.36000001499,-60658.75
2023-02-05,215148.860000015,23,127331.36000001499,-62182.5
2023-02-06,214485.14000001503,24,127357.64000001502,-62872.5
2023-02-07,220060.17000001506,24,127383.92000001504,-57323.75
2023-02-08,215871.43000001507,24,127392.68000001505,-61521.25
2023-02-09,209597.0900000151,24,127418.34000001509,-67821.25
2023-02-10,211405.8500000151,25,127427.1000000151,-66021.25
2023-02-12,209455.8500000151,24,127427.1000000151,-67971.25
2023-02-13,216452.74000001512,24,127456.49000001511,-61003.75
2023-02-14,214782.77000001515,24,127482.77000001514,-62700.0
2023-02-15,219159.0600000152,24,127517.81000001518,-58358.75
2023-02-16,209372.84000001522,25,127534.0900000152,-68161.25
2023-02-17,209680.37000001525,26,127560.37000001523,-67880.0
2023-02-19,209711.62000001525,25,127560.37000001523,-67848.75
2023-02-20,207680.37000001525,25,127560.37000001523,-69880.0
2023-02-21,200675.4200000153,27,127594.17000001528,-76918.75
2023-02-22,201344.88000001537,27,127673.63000001536,-76328.75
2023-02-23,200936.7700000154,26,127691.77000001537,-76755.0
2023-02-24,195923.0400000154,26,127709.29000001539,-81786.25
2023-02-26,196766.7900000154,25,127709.29000001539,-80942.5
2023-02-27,198049.93000001542,26,127717.4300000154,-79667.5
2023-02-28,196069.98000001546,27,127761.23000001545,-81691.25
2023-03-01,191782.5200000155,27,127796.27000001549,-86013.75
2023-03-02,196371.91000001552,27,127814.4100000155,-81442.5
2023-03-03,205786.92000001553,26,127823.17000001551,-72036.25
2023-03-05,206099.42000001553,25,127823.17000001551,-71723.75
2023-03-06,206847.58000001556,27,127848.83000001554,-71001.25
2023-03-07,197670.1400000156,28,127901.3900000156,-80231.25
2023-03-08,197728.92000001564,27,127927.67000001563,-80198.75
2023-03-09,184078.96000001568,28,127952.71000001566,-93873.75
2023-03-10,182678.96000001568,28,127952.71000001566,-95273.75
2023-03-12,189853.96000001568,28,127952.71000001566,-88098.75
2023-03-13,182259.24000001565,28,127882.99000001566,-95623.75
2023-03-14,189331.15000001568,28,127918.6500000157,-88587.5
2023-03-15,186378.6700000157,27,127936.17000001571,-91557.5
2023-03-16,194041.8000000157,27,127945.55000001572,-83903.75
2023-03-17,188170.60000001575,28,127989.35000001577,-89818.75
2023-03-19,188755.60000001575,26,127989.35000001577,-89233.75
2023-03-20,193314.36000001576,26,127998.11000001577,-84683.75
2023-03-21,199781.86000001576,26,127998.11000001577,-78216.25
2023-03-22,193464.42000001582,27,128050.67000001583,-84586.25
2023-03-23,192432.57000001584,28,128067.57000001585,-85635.0
2023-03-24,196365.09000001586,27,128085.09000001587,-81720.0
2023-03-26,197917.59000001586,27,128085.09000001587,-80167.5
2023-03-27,196850.78000001592,27,128187.03000001593,-81336.25
2023-03-28,197477.04000001593,27,128195.79000001594,-80718.75
2023-03-29,202393.30000001594,27,128204.55000001595,-75811.25
2023-03-30,207058.32000001596,28,128222.07000001597,-71163.75
2023-03-31,213080.84000001597,26,128249.59000001599,-65168.75
2023-04-02,211280.84000001597,24,128249.59000001599,-66968.75
2023-04-03,214598.360000016,25,128267.11000001601,-63668.75
2023-04-04,212050.29000001604,26,128310.29000001606,-66260.0
2023-04-05,209005.31000001606,26,128327.81000001608,-69322.5
2023-04-06,211781.5900000161,26,128354.0900000161,-66572.5
2023-04-07,213469.0900000161,25,128354.0900000161,-64885.0
2023-04-09,212156.5900000161,25,128354.0900000161,-66197.5
2023-04-10,213259.1000000161,26,128362.85000001611,-65103.75
2023-04-11,212992.87000001612,26,128380.37000001613,-65387.5
2023-04-12,211166.0800000162,26,128532.33000001621,-67366.25
2023-04-13,217176.11000001623,26,128593.61000001624,-61417.5
2023-04-14,217324.3200000163,24,128673.07000001632,-61348.75
2023-04-16,217151.8200000163,23,128673.07000001632,-61521.25
2023-04-17,217649.3300000163,24,128681.83000001633,-61032.5
2023-04-18,217654.99000001635,24,128707.49000001636,-61052.5
2023-04-19,217233.13000001636,24,128725.63000001638,-61492.5
2023-04-20,215431.28000001638,25,128742.5300000164,-63311.25
2023-04-21,215238.8000000164,25,128760.05000001642,-63521.25
2023-04-23,214158.8000000164,24,128760.05000001642,-64601.25
2023-04-24,214695.08000001643,25,128786.33000001645,-64091.25
2023-04-25,209997.0300000165,26,128847.03000001652,-68850.0
2023-04-26,206849.58000001655,28,128880.83000001656,-72031.25
2023-04-27,214987.12000001658,27,129009.6200000166,-64022.5
2023-04-28,219825.8800000166,24,129018.38000001661,-59192.5
2023-04-30,219883.3800000166,23,129018.38000001661,-59135.0
2023-05-01,219007.79000001663,25,129044.04000001664,-60036.25
2023-05-02,214011.60000001668,28,129086.6000000167,-65075.0
2023-05-03,210359.8600000168,26,129209.86000001682,-68850.0
2023-05-04,207828.6100000168,25,129209.86000001682,-71381.25
2023-05-05,214872.9900000168,26,129209.24000001683,-64336.25
2023-05-07,214547.9900000168,26,129209.24000001683,-64661.25
2023-05-08,215264.93000001687,26,129271.18000001689,-64006.25
2023-05-09,213541.2100000169,26,129297.46000001692,-65756.25
2023-05-10,216411.24000001693,26,129323.74000001694,-62912.5
2023-05-11,215013.75000001694,26,129332.50000001695,-64318.75
2023-05-12,212923.79000001698,26,129367.54000001699,-66443.75
2023-05-14,213580.04000001698,25,129367.54000001699,-65787.5
2023-05-15,214245.05000001698,26,129376.300000017,-65131.25
2023-05-16,212743.190000017,26,129384.44000001701,-66641.25
2023-05-17,217751.97000001703,26,129498.22000001704,-61746.25
2023-05-18,223590.13000001706,25,129533.88000001707,-55943.75
2023-05-19,221159.5400000171,25,129559.5400000171,-58400.0
2023-05-21,221789.5400000171,24,129559.5400000171,-57770.0
2023-05-22,223059.5600000171,24,129577.06000001713,-56517.5
2023-05-23,217034.60000001715,25,129612.10000001716,-62577.5
2023-05-24,214412.12000001717,25,129629.62000001718,-65217.5
2023-05-25,215680.88000001718,25,129638.38000001719,-63957.5
2023-05-26,223779.0300000172,24,129665.28000001721,-55886.25
2023-05-28,224124.0300000172,23,129665.28000001721,-55541.25
2023-05-29,224152.7800000172,23,129665.28000001721,-55512.5
2023-05-30,222221.59000001726,24,129717.84000001727,-57496.25
2023-05-31,220839.12000001728,25,129744.1200000173,-58905.0
2023-06-01,225724.1500000173,24,129770.40000001733,-54046.25
2023-06-02,231692.91000001732,23,129845.41000001733,-48152.5
2023-06-04,231146.66000001732,23,129845.41000001733,-48698.75
2023-06-05,230841.69000001735,24,129871.69000001736,-49030.0
2023-06-06,232334.22000001738,24,129897.97000001739,-47563.75
2023-06-07,229738.64000001742,23,129942.39000001743,-50203.75
2023-06-08,232533.66000001744,23,129959.91000001745,-47426.25
2023-06-09,233613.70000001747,23,129994.95000001749,-46381.25
2023-06-11,234163.70000001747,22,129994.95000001749,-45831.25
2023-06-12,238627.0500000175,23,129960.80000001751,-41333.75
2023-06-13,240598.34000001755,21,130062.09000001755,-39463.75
2023-06-14,240888.4000000176,20,130114.6500000176,-39226.25
2023-06-15,245289.0300000176,20,130114.0300000176,-34825.0
2023-06-16,244791.56000001763,21,130226.56000001763,-35435.0
2023-06-18,243841.56000001763,20,130226.56000001763,-36385.0
2023-06-19,243266.56000001763,20,130226.56000001763,-36960.0
2023-06-20,242364.73000001768,22,130260.98000001768,-37896.25
2023-06-21,239687.29000001773,22,130313.54000001773,-40626.25
2023-06-22,239468.56000001775,22,130331.06000001775,-40862.5
2023-06-23,237592.96000001777,23,130347.96000001777,-42755.0
2023-06-25,238857.96000001777,22,130347.96000001777,-41490.0
2023-06-26,236673.01000001782,22,130391.76000001782,-43718.75
2023-06-27,240076.77000001783,22,130400.52000001783,-40323.75
2023-06-28,241078.69000001787,23,130444.94000001787,-39366.25
2023-06-29,242836.8400000179,21,130471.8400000179,-37635.0
2023-06-30,247385.00000001793,20,130507.50000001793,-33122.5
2023-07-02,247978.75000001793,19,130507.50000001793,-32528.75
2023-07-03,248225.01000001794,20,130516.26000001794,-32291.25
2023-07-04,248035.01000001794,19,130516.26000001794,-32481.25
2023-07-05,246119.41000001796,20,130533.16000001796,-34413.75
2023-07-06,243736.93000001798,22,130550.68000001798,-36813.75
2023-07-07,242691.320000018,23,130548.820000018,-37857.5
2023-07-09,241110.070000018,23,130548.820000018,-39438.75
2023-07-10,243733.210000018,24,130566.960000018,-36833.75
2023-07-11,246689.49000001804,22,130603.24000001804,-33913.75
2023-07-12,251106.40000001807,20,130761.40000001807,-29655.0
2023-07-13,253291.40000001807,19,130761.40000001807,-27470.0
2023-07-14,252629.5500000181,20,130778.30000001809,-28148.75
2023-07-16,252354.5500000181,20,130778.30000001809,-28423.75
2023-07-17,254003.3100000181,20,130787.0600000181,-26783.75
2023-07-18,257537.0700000181,20,130805.82000001811,-23268.75
2023-07-19,257895.25000001816,18,130859.00000001816,-22963.75
2023-07-20,256180.9200000182,19,130893.4200000182,-24712.5
2023-07-21,255722.82000001823,19,130911.57000001823,-25188.75
2023-07-23,255651.57000001823,19,130911.57000001823,-25260.0
2023-07-24,257450.35000001825,19,130987.85000001825,-23537.5
2023-07-25,258572.87000001827,18,131005.37000001827,-22432.5
2023-07-26,259572.92000001832,18,131049.17000001832,-21476.25
2023-07-27,256701.74000001838,18,131134.24000001838,-24432.5
2023-07-28,259761.1400000184,17,131161.1400000184,-21400.0
2023-07-30,259081.1400000184,16,131161.1400000184,-22080.0
2023-07-31,260627.42000001844,17,131187.42000001844,-20560.0
2023-08-01,257664.94000001845,17,131204.94000001845,-23540.0
2023-08-02,254639.9800000185,17,131239.9800000185,-26600.0
2023-08-03,254195.02000001853,17,131275.02000001853,-27080.0
2023-08-04,250916.30000001856,19,131291.30000001856,-30375.0
2023-08-06,252513.80000001856,18,131291.30000001856,-28777.5
2023-08-07,253558.82000001858,18,131318.82000001858,-27760.0
2023-08-08,253047.58000001858,17,131327.58000001858,-28280.0
2023-08-09,251665.14000001864,19,131370.14000001864,-29705.0
2023-08-10,250390.2000000187,18,131530.2000000187,-31140.0
2023-08-11,250310.2000000187,16,131530.2000000187,-31220.0
2023-08-13,249190.2000000187,16,131530.2000000187,-32340.0
2023-08-14,252756.48000001872,17,131556.48000001872,-28800.0
2023-08-15,247973.41000001878,19,131599.66000001878,-33626.25
2023-08-16,245182.2000000188,19,131634.7000000188,-36452.5
2023-08-17,241849.09000001883,19,131642.84000001883,-39793.75
2023-08-18,241452.85000001884,19,131651.60000001884,-40198.75
2023-08-20,241902.85000001884,18,131651.60000001884,-39748.75
2023-08-21,244142.25000001886,18,131678.50000001886,-37536.25
2023-08-22,244184.75000001886,17,131678.50000001886,-37493.75
2023-08-23,249846.01000001887,18,131687.26000001887,-31841.25
2023-08-24,241904.82000001892,20,131729.82000001892,-39825.0
2023-08-25,244350.47000001895,19,131756.72000001895,-37406.25
2023-08-27,244620.47000001895,18,131756.72000001895,-37136.25
2023-08-28,247158.62000001897,18,131783.62000001897,-34625.0
2023-08-29,252981.76000001899,17,131801.76000001899,-28820.0
2023-08-30,254096.80000001902,17,131836.80000001902,-27740.0
2023-08-31,253514.95000001905,17,131853.70000001905,-28338.75
2023-09-01,253543.10000001907,17,131983.10000001907,-28440.0
2023-09-03,253763.10000001907,16,131983.10000001907,-28220.0
2023-09-04,253163.10000001907,16,131983.10000001907,-28820.0
2023-09-05,251815.05000001914,18,132043.80000001914,-30228.75
2023-09-06,249350.71000001917,19,132069.46000001917,-32718.75
2023-09-07,248355.7300000192,19,132086.9800000192,-33731.25
2023-09-08,248904.4900000192,19,132095.7400000192,-33191.25
2023-09-10,249016.9900000192,18,132095.7400000192,-33078.75
2023-09-11,250990.30000001926,18,132090.30000001923,-31100.0
2023-09-12,248338.4600000193,19,132115.96000001926,-33777.5
2023-09-13,250648.50000001932,18,132151.0000000193,-31502.5
2023-09-14,253513.53000001935,18,132273.53000001932,-28760.0
2023-09-15,248191.7100000194,18,132316.71000001938,-34125.0
2023-09-17,248807.9600000194,17,132316.71000001938,-33508.75
2023-09-18,248400.48000001942,18,132334.2300000194,-33933.75
2023-09-19,247075.52000001946,18,132369.27000001943,-35293.75
2023-09-20,242712.4300000195,19,132394.93000001946,-39682.5
2023-09-21,237523.08000001952,21,132401.8300000195,-44878.75
2023-09-22,236054.37000001955,21,132480.62000001952,-46426.25
2023-09-24,236980.62000001955,19,132480.62000001952,-45500.0
2023-09-25,236196.87000001955,19,132480.62000001952,-46283.75
2023-09-26,232083.7800000196,21,132506.28000001956,-50422.5
2023-09-27,231351.3000000196,21,132523.80000001958,-51172.5
2023-09-28,234073.19000001962,20,132541.9400000196,-48468.75
2023-09-29,232950.71000001964,20,132559.4600000196,-49608.75
2023-10-01,234850.71000001964,19,132559.4600000196,-47708.75
2023-10-02,232380.71000001964,19,132559.4600000196,-50178.75
2023-10-03,225267.00000001967,20,132594.50000001965,-57327.5
2023-10-04,230192.01000001968,20,132603.26000001965,-52411.25
2023-10-05,229149.5400000197,20,132629.54000001968,-53480.0
2023-10-06,234567.07000001974,20,132655.8200000197,-48088.75
2023-10-08,230695.82000001974,19,132655.8200000197,-51960.0
2023-10-09,237212.08000001975,19,132664.58000001972,-45452.5
2023-10-10,239150.85000001977,20,132682.10000001974,-43531.25
2023-10-11,241775.2600000198,19,132717.76000001977,-40942.5
2023-10-12,238464.66000001982,20,132734.6600000198,-44270.0
2023-10-13,235338.43000001984,20,132752.1800000198,-47413.75
2023-10-15,236787.18000001984,19,132752.1800000198,-45965.0
2023-10-16,239527.84000001987,19,132787.84000001985,-43260.0
2023-10-17,239590.3600000199,19,132805.36000001986,-43215.0
2023-10-18,233856.64000001992,19,132831.6400000199,-48975.0
2023-10-19,230498.54000001994,20,132848.54000001992,-52350.0
2023-10-20,225299.18000001996,20,132856.68000001993,-57557.5
2023-10-22,226399.18000001996,20,132856.68000001993,-56457.5
2023-10-23,226000.46000002,21,132882.96000001996,-56882.5
2023-10-24,227067.98000002,21,132900.48000001998,-55832.5
2023-10-25,219244.26000002003,22,132926.76000002,-63682.5
2023-10-26,218880.5800000201,22,132988.08000002007,-64107.5
2023-10-27,214578.73000002012,22,133004.9800000201,-68426.25
2023-10-29,216284.98000002012,21,133004.9800000201,-66720.0
2023-10-30,218180.00000002014,21,133088.7500000201,-64908.75
2023-10-31,221685.64000002015,21,133118.14000002012,-61432.5
2023-11-01,227879.4400000202,21,133161.94000002017,-55282.5
2023-11-02,234205.7000000202,20,133180.70000002018,-48975.0
2023-11-03,238360.09000002022,19,133188.8400000202,-44828.75
2023-11-05,238217.59000002022,19,133188.8400000202,-44971.25
2023-11-06,238007.00000002026,20,133224.50000002023,-45217.5
2023-11-07,239760.8000000203,19,133268.30000002027,-43507.5
2023-11-08,240119.60000002035,19,133312.10000002032,-43192.5
2023-11-09,237382.7900000204,20,133364.04000002038,-45981.25
2023-11-10,242743.43000002042,19,133415.9300000204,-40672.5
2023-11-12,241415.93000002042,18,133415.9300000204,-42000.0
2023-11-13,243034.08000002045,19,133432.83000002042,-40398.75
2023-11-14,251576.60000002047,19,133831.60000002044,-32255.0
2023-11-15,250862.2600000205,18,133857.26000002047,-32995.0
2023-11-16,252226.67000002053,18,133892.9200000205,-31666.25
2023-11-17,251899.82000002055,18,133919.82000002053,-32020.0
2023-11-19,251839.82000002055,16,133919.82000002053,-32080.0
2023-11-20,255097.95000002056,17,133919.20000002053,-28821.25
2023-11-21,254019.2300000206,18,133945.48000002056,-29926.25
2023-11-22,255324.8700000206,17,133964.87000002057,-28640.0
2023-11-23,255624.8700000206,16,133964.87000002057,-28340.0
2023-11-24,255531.15000002063,17,133991.1500000206,-28460.0
2023-11-26,254471.15000002063,16,133991.1500000206,-29520.0
2023-11-27,254931.79000002064,17,133999.2900000206,-29067.5
2023-11-28,255714.95000002068,18,134034.95000002065,-28320.0
2023-11-29,255343.1000000207,18,134051.85000002067,-28708.75
2023-11-30,256096.27000002074,18,134096.2700000207,-28000.0
2023-12-01,258496.27000002074,16,134096.2700000207,-25600.0
2023-12-03,257796.27000002074,16,134096.2700000207,-26300.0
2023-12-04,255545.03000002075,17,134105.03000002072,-28560.0
2023-12-05,257293.79000002076,17,134113.79000002073,-26820.0
2023-12-06,254548.8300000208,17,134148.83000002077,-29600.0
2023-12-07,257417.5900000208,17,134157.59000002078,-26740.0
2023-12-08,258843.87000002083,17,134183.8700000208,-25340.0
2023-12-10,258643.87000002083,16,134183.8700000208,-25540.0
2023-12-11,260450.31000002084,17,134170.31000002084,-23720.0
2023-12-12,262359.07000002085,17,134179.07000002085,-21820.0
2023-12-13,268414.71000002086,17,134197.21000002086,-15782.5
2023-12-14,268292.22000002087,15,134205.97000002087,-15913.75
2023-12-15,267615.9900000209,16,134223.4900000209,-16607.5
2023-12-17,268497.2400000209,15,134223.4900000209,-15726.25
2023-12-18,269405.3800000209,16,134231.6300000209,-14826.25
2023-12-19,271607.2800000209,16,134258.53000002092,-12651.25
2023-12-20,266672.350000021,19,134299.850000021,-17627.5
2023-12-21,269001.730000021,19,134382.980000021,-15381.25
2023-12-22,269970.54000002105,18,134476.79000002105,-14506.25
2023-12-25,270950.54000002105,16,134476.79000002105,-13526.25
2023-12-26,272090.55000002106,16,134485.55000002106,-12395.0
2023-12-27,273089.9400000211,16,134503.69000002107,-11413.75
2023-12-28,272872.4700000211,16,134529.9700000211,-11657.5
2023-12-29,271141.91000002116,17,134581.91000002116,-13440.0
2024-01-01,271781.91000002116,16,134581.91000002116,-12800.0
2024-01-02,268828.1900000212,18,134608.1900000212,-15780.0
2024-01-03,266163.2300000212,17,134643.23000002123,-18480.0
2024-01-04,264682.00000002125,18,134650.75000002125,-19968.75
2024-01-05,264996.4100000213,18,134686.41000002128,-19690.0
2024-01-07,264720.1600000213,17,134686.41000002128,-19966.25
2024-01-08,269915.7900000213,17,134695.79000002128,-14780.0
2024-01-09,269379.59000002133,17,134739.59000002133,-15360.0
2024-01-10,272585.87000002136,17,134765.87000002136,-12180.0
2024-01-11,271054.0200000214,16,134792.77000002138,-13738.75
2024-01-12,271334.0400000214,16,134810.2900000214,-13476.25
2024-01-14,271840.2900000214,15,134810.2900000214,-12970.0
2024-01-15,270527.7900000214,15,134810.2900000214,-14282.5
2024-01-16,269727.84000002145,17,134854.09000002145,-15126.25
2024-01-17,267964.11000002146,16,134871.61000002146,-16907.5
2024-01-18,271637.8800000215,16,134889.13000002148,-13251.25
2024-01-19,275800.3800000215,15,134889.13000002148,-9088.75
2024-01-21,276719.1300000215,15,134889.13000002148,-8170.0
2024-01-22,276653.5100000215,16,134888.5100000215,-8235.0
2024-01-23,278499.1500000215,16,134906.6500000215,-6407.5
2024-01-24,278079.82000002154,15,135006.07000002154,-6926.25
2024-01-25,278412.34000002156,15,135023.59000002156,-6611.25
2024-01-26,279112.9900000216,16,135040.4900000216,-5927.5
2024-01-28,279037.9900000216,15,135040.4900000216,-6002.5
2024-01-29,281991.1200000216,15,135049.8700000216,-3058.75
2024-01-30,280475.5300000216,15,135075.53000002162,-4600.0
2024-01-31,276936.8500000217,17,135136.8500000217,-8200.0
2024-02-01,282224.3500000217,15,135136.8500000217,-2912.5
2024-02-02,283572.52000002173,15,135261.27000002173,-1688.75
2024-02-04,283310.02000002173,10,135261.27000002173,-1951.25
2024-02-05,283621.9500000218,15,135314.45000002178,-1692.5
2024-02-06,284234.4700000218,14,135341.9700000218,-1107.5
2024-02-07,286832.67000002187,13,136845.17000002187,-12.5
2024-02-08,286923.3400000219,5,136914.5900000219,8.75
2024-02-09,287220.87000002194,3,137190.87000002194,30.0
2024-02-11,287218.37000002194,1,137190.87000002194,27.5
2024-02-12,286690.320000022,8,137351.570000022,-661.25
2024-02-13,284419.1600000221,16,137510.4100000221,-3091.25
2024-02-14,286734.1800000221,11,137537.9300000221,-803.75
2024-02-15,288097.9400000221,11,137551.69000002212,546.25
2024-02-16,287520.5500000222,12,138586.80000002222,-1066.25
2024-02-18,287995.5500000222,10,138586.80000002222,-591.25
2024-02-19,287045.5500000222,10,138586.80000002222,-1541.25
2024-02-20,285824.3600000223,16,138644.36000002228,-2820.0
2024-02-21,289068.7700000223,15,138695.0200000223,373.75
2024-02-22,291210.1200000224,13,141175.1200000224,35.0
2024-02-23,291017.0100000224,5,141188.26000002242,-171.25
2024-02-25,290947.0100000224,4,141188.26000002242,-241.25
2024-02-26,290527.0700000225,8,141240.82000002248,-713.75
2024-02-27,291093.3600000225,12,141280.8600000225,-187.5
2024-02-28,291055.28000002255,11,141335.28000002255,-280.0
2024-02-29,292484.74000002263,11,142404.74000002263,80.0
2024-03-01,292745.40000002267,4,142704.15000002267,41.25
2024-03-03,292755.40000002267,1,142704.15000002267,51.25
2024-03-04,292460.4600000227,5,142866.71000002272,-406.25
2024-03-05,291099.96000002284,17,143006.21000002284,-1906.25
2024-03-06,291977.5000000229,12,143193.75000002288,-1216.25
2024-03-07,294425.70000002295,10,144360.70000002295,65.0
2024-03-08,293488.33000002307,12,144574.58000002307,-1086.25
2024-03-10,292800.83000002307,11,144574.58000002307,-1773.75
2024-03-11,293899.7600000231,16,144683.51000002312,-783.75
2024-03-12,296303.6100000232,11,145972.3600000232,331.25
2024-03-13,296332.39000002324,6,146013.64000002324,318.75
2024-03-14,296221.2000000233,10,146066.2000000233,155.0
2024-03-15,294822.49000002333,14,146091.24000002333,-1268.75
2024-03-17,295472.49000002333,13,146091.24000002333,-618.75
2024-03-18,297354.47000002343,13,147733.22000002343,-378.75
2024-03-19,298623.9200000235,9,148643.9200000235,-20.0
2024-03-20,299557.11000002356,3,149278.36000002356,278.75
2024-03-21,299490.9100000236,5,149663.4100000236,-172.5
2024-03-22,299107.85000002367,9,149715.35000002367,-607.5
2024-03-24,299107.85000002367,9,149715.35000002367,-607.5
2024-03-25,298818.5000000237,12,149727.2500000237,-908.75
2024-03-26,298767.93000002374,16,149826.68000002374,-1058.75
2024-03-27,300466.7200000238,15,150156.72000002378,310.0
2024-03-28,300927.42000002385,9,151073.67000002385,-146.25
2024-03-31,301407.42000002385,4,151073.67000002385,333.75
2024-04-01,300602.4600000239,9,151112.4600000239,-510.0
2024-04-02,299430.0000000239,13,151137.50000002392,-1707.5
2024-04-03,301009.41000002396,15,151178.16000002396,-168.75
2024-04-04,296993.98000002414,17,152776.48000002414,-5782.5
2024-04-05,301419.0300000242,16,152890.28000002418,-1471.25
2024-04-07,300719.0300000242,14,152890.28000002418,-2171.25
2024-04-08,301372.8100000242,15,152931.5600000242,-1558.75
2024-04-09,301904.7600000243,16,153077.26000002428,-1172.5
2024-04-10,298934.1500000243,14,153075.4000000243,-4141.25
2024-04-11,301551.0500000243,16,153827.30000002432,-2276.25
2024-04-12,296524.85000002437,14,153871.10000002437,-7346.25
2024-04-14,297499.85000002437,13,153871.10000002437,-6371.25
2024-04-15,291757.3800000244,14,153897.3800000244,-12140.0
2024-04-16,292548.68000002444,14,153941.18000002444,-11392.5
2024-04-17,290737.44000002445,14,153949.94000002445,-13212.5
2024-04-18,285545.6000000245,15,153975.60000002448,-18430.0
2024-04-19,285604.3900000245,16,154000.64000002452,-18396.25
2024-04-21,286604.3900000245,16,154000.64000002452,-17396.25
2024-04-22,289018.17000002455,16,154140.67000002455,-15122.5
2024-04-23,294180.07000002457,14,154207.57000002457,-10027.5
2024-04-24,290814.4900000246,15,154241.9900000246,-13427.5
2024-04-25,294185.15000002465,15,154277.65000002465,-10092.5
2024-04-26,294687.04000002466,14,154285.79000002466,-9598.75
2024-04-28,295527.04000002466,14,154285.79000002466,-8758.75
2024-04-29,295511.4400000247,15,154385.19000002468,-8873.75
2024-04-30,290476.4800000247,14,154420.23000002472,-13943.75
2024-05-01,291009.64000002475,14,154445.89000002475,-13436.25
2024-05-02,293347.78000002477,14,154561.53000002477,-11213.75
2024-05-03,296916.5600000248,14,154587.8100000248,-7671.25
2024-05-05,296802.8100000248,13,154587.8100000248,-7785.0
2024-05-06,299981.5900000248,14,154614.09000002482,-4632.5
2024-05-07,300265.99000002485,15,154630.99000002485,-4365.0
2024-05-08,299942.25000002485,14,154639.75000002485,-4697.5
2024-05-09,302179.1500000249,15,154666.65000002488,-2487.5
2024-05-10,302386.7000000249,13,154810.45000002492,-2423.75
2024-05-12,302799.2000000249,11,154810.45000002492,-2011.25
2024-05-13,302386.11000002496,13,154851.11000002496,-2465.0
2024-05-14,304311.750000025,12,154879.25000002497,-567.5
2024-05-15,306111.810000025,11,155970.56000002503,141.25
2024-05-16,305754.9900000251,6,156118.74000002508,-363.75
2024-05-17,306184.42000002513,10,156186.92000002513,-2.5
2024-05-19,306411.92000002513,7,156186.92000002513,225.0
2024-05-20,306384.44000002515,8,156214.44000002515,170.0
2024-05-21,306841.33000002516,8,156242.58000002516,598.75
2024-05-22,307375.1300000252,9,156311.3800000252,1063.75
2024-05-23,305826.52000002534,15,157297.77000002534,-1471.25
2024-05-24,307734.66000002535,14,157353.41000002535,381.25
2024-05-26,307490.91000002535,13,157353.41000002535,137.5
2024-05-27,308303.41000002535,13,157353.41000002535,950.0
2024-05-28,307066.63000002544,16,158020.38000002544,-953.75
2024-05-29,304978.5400000255,9,158061.04000002547,-3082.5
2024-05-30,304115.51000002556,17,158159.26000002556,-4043.75
2024-05-31,307258.73000002565,17,158391.23000002565,-1132.5
2024-06-02,307641.23000002565,9,158391.23000002565,-750.0
2024-06-03,307286.25000002567,10,158418.75000002567,-1132.5
2024-06-04,307930.0100000257,10,158432.51000002568,-502.5
2024-06-05,309804.45000002574,9,159568.20000002574,236.25
2024-06-06,310055.7700000258,7,159855.7700000258,200.0
2024-06-07,310127.1300000259,8,160657.1300000259,-530.0
2024-06-09,310217.1300000259,8,160657.1300000259,-440.0
2024-06-10,310883.42000002594,10,160712.17000002594,171.25
2024-06-11,311902.89000002603,10,161887.89000002603,15.0
2024-06-12,312349.2300000261,6,162304.23000002612,45.0
2024-06-13,312650.51000002614,8,162330.51000002614,320.0
2024-06-14,312518.0600000262,8,162399.3100000262,118.75
2024-06-16,312518.0600000262,7,162399.3100000262,118.75
2024-06-17,313385.0200000262,8,163406.27000002624,-21.25
2024-06-18,313525.68000002624,2,163461.93000002627,63.75
2024-06-19,313575.68000002624,1,163461.93000002627,113.75
2024-06-20,313362.03000002634,10,163649.53000002637,-287.5
2024-06-21,313073.94000002637,11,163690.1900000264,-616.25
2024-06-23,312586.44000002637,10,163690.1900000264,-1103.75
2024-06-24,312384.0000000264,15,163742.75000002646,-1358.75
2024-06-25,313327.8100000265,16,163875.3100000265,-547.5
2024-06-26,312594.7100000265,11,163917.21000002653,-1322.5
2024-06-27,314352.2200000265,10,163930.97000002654,421.25
2024-06-28,314131.11000002665,15,165088.61000002667,-957.5
2024-06-30,314391.11000002665,13,165088.61000002667,-697.5
2024-07-01,313524.2700000267,15,165129.2700000267,-1605.0
2024-07-02,316701.85000002675,14,166761.85000002678,-60.0
2024-07-03,316993.74000002677,2,167009.9900000268,-16.25
2024-07-04,317016.24000002677,1,167009.9900000268,6.25
2024-07-05,317271.2700000268,2,167272.52000002682,-1.25
2024-07-07,317267.5200000268,1,167272.52000002682,-5.0
2024-07-08,317413.7900000268,3,167300.04000002684,113.75
2024-07-09,317410.06000002683,3,167422.56000002686,-12.5
2024-07-10,317846.35000002687,3,167850.1000000269,-3.75
2024-07-11,316953.960000027,12,167926.460000027,-972.5
2024-07-12,318503.5000000271,11,169489.75000002715,-986.25
2024-07-14,318878.5000000271,10,169489.75000002715,-611.25
2024-07-15,320604.25000002724,10,170480.50000002727,123.75
2024-07-16,321586.8100000273,10,171613.06000002733,-26.25
2024-07-17,321366.23000002734,7,171637.48000002737,-271.25
2024-07-18,319672.59000002744,16,171768.84000002747,-2096.25
2024-07-19,316653.87000002747,13,171795.1200000275,-5141.25
2024-07-21,317298.87000002747,12,171795.1200000275,-4496.25
2024-07-22,319535.7600000275,12,171833.2600000275,-2297.5
2024-07-23,318257.0500000275,12,171888.30000002755,-3631.25
2024-07-24,312180.22000002756,16,171917.7200000276,-9737.5
2024-07-25,310459.0100000276,16,171952.76000002763,-11493.75
2024-07-26,313437.19000002765,16,172087.19000002768,-8650.0
2024-07-28,315274.69000002765,15,172087.19000002768,-6812.5
2024-07-29,312636.57000002766,16,172086.57000002768,-9450.0
2024-07-30,313254.7200000277,16,172167.2200000277,-8912.5
2024-07-31,319604.78000002773,15,172328.53000002776,-2723.75
2024-08-01,310452.9700000278,16,172415.47000002782,-11962.5
2024-08-02,304564.2500000278,15,172441.75000002785,-17877.5
2024-08-04,299996.7500000278,14,172441.75000002785,-22445.0
2024-08-05,300294.27000002784,15,172459.27000002787,-22165.0
2024-08-06,301454.92000002787,15,172476.1700000279,-21021.25
2024-08-07,295469.9500000279,16,172758.70000002792,-27288.75
2024-08-08,304734.3500000279,15,172839.35000002795,-18105.0
2024-08-09,305478.13000002794,15,172865.63000002797,-17387.5
2024-08-11,305723.13000002794,14,172865.63000002797,-17142.5
2024-08-12,306248.170000028,15,172900.670000028,-16652.5
2024-08-13,311996.930000028,14,172909.43000002802,-10912.5
2024-08-14,314341.970000028,15,172944.47000002806,-8602.5
2024-08-15,319771.37000002805,14,173333.87000002808,-3562.5
2024-08-16,320005.1500000281,12,173375.1500000281,-3370.0
2024-08-18,320307.6500000281,11,173375.1500000281,-3067.5
2024-08-19,322741.4200000281,12,173402.67000002813,-661.25
2024-08-20,322603.9500000281,12,173443.95000002816,-840.0
2024-08-21,323030.24000002816,13,173498.9900000282,-468.75
2024-08-22,321820.2800000282,12,173554.03000002823,-1733.75
2024-08-23,324089.0500000282,12,173581.55000002825,507.5
2024-08-25,323814.0500000282,11,173581.55000002825,232.5
2024-08-26,324481.69000002835,11,175011.69000002838,-530.0
2024-08-27,325097.3600000284,12,175051.11000002842,46.25
2024-08-28,321740.56000002846,16,175166.8100000285,-3426.25
2024-08-29,324321.26000002853,13,175323.76000002856,-1002.5
2024-08-30,326061.91000002855,10,175365.66000002858,696.25
2024-09-01,325904.41000002855,9,175365.66000002858,538.75
2024-09-02,325870.66000002855,9,175365.66000002858,505.0
2024-09-03,317335.13000002864,16,175453.88000002867,-8118.75
2024-09-04,317807.65000002866,15,175471.4000000287,-7663.75
2024-09-05,316687.6700000287,15,175488.9200000287,-8801.25
2024-09-06,309626.4500000287,16,175515.20000002874,-15888.75
2024-09-08,311813.9500000287,14,175515.20000002874,-13701.25
2024-09-09,314762.73000002874,15,175541.48000002877,-10778.75
2024-09-10,314850.23000002874,14,175541.48000002877,-10691.25
2024-09-11,321194.0500000288,15,175602.80000002883,-4408.75
2024-09-12,323756.5700000288,14,175650.32000002885,-1893.75
2024-09-13,324967.85000002885,12,175731.60000002888,-763.75
2024-09-15,325207.85000002885,8,175731.60000002888,-523.75
2024-09-16,325181.6900000289,9,175725.44000002887,-543.75
2024-09-17,326538.060000029,10,176761.81000002899,-223.75
2024-09-18,329213.84000002913,11,178083.84000002913,1130.0
2024-09-19,331445.20000002923,9,181616.45000002923,-171.25
2024-09-20,331543.4000000293,9,181682.1500000293,-138.75
2024-09-22,332373.4000000293,8,181682.1500000293,691.25
2024-09-23,331960.9200000293,9,181709.67000002932,251.25
2024-09-24,332722.2500000294,9,182746.0000000294,-23.75
2024-09-25,333472.29000002943,6,182771.04000002943,701.25
2024-09-26,334120.52000002953,9,184066.77000002953,53.75
2024-09-27,333316.1900000296,10,184106.19000002957,-790.0
2024-09-29,333803.6900000296,10,184106.19000002957,-302.5
2024-09-30,334798.16000002966,17,184289.41000002966,508.75
2024-10-01,333093.87000002974,13,184368.87000002974,-1275.0
2024-10-02,332697.0400000298,15,184423.29000002978,-1726.25
2024-10-03,332912.0900000298,14,184492.09000002983,-1580.0
2024-10-04,336007.1700000299,13,186044.6700000299,-37.5
2024-10-06,336010.9200000299,1,186044.6700000299,-33.75
2024-10-07,334842.29000003,12,186134.79000003,-1292.5
2024-10-08,337453.0000000301,11,187345.5000000301,107.5
2024-10-09,338104.31000003015,5,187995.56000003015,108.75
2024-10-10,338261.8900000302,6,188090.64000003022,171.25
2024-10-11,338636.31000003027,4,188616.31000003027,20.0
2024-10-13,338647.56000003027,1,188616.31000003027,31.25
2024-10-14,339101.3600000303,3,188900.1100000303,201.25
2024-10-15,338268.9700000304,14,188976.47000003041,-707.5
2024-10-16,338618.3500000304,13,188990.85000003042,-372.5
2024-10-17,340863.47000003053,12,191558.47000003053,-695.0
2024-10-18,341767.87000003055,8,191607.87000003055,160.0
2024-10-20,341785.37000003055,7,191607.87000003055,177.5
2024-10-21,341244.83000003063,14,191702.33000003063,-457.5
2024-10-22,341461.72000003065,12,191715.47000003065,-253.75
2024-10-23,339505.5400000307,16,191791.7900000307,-2286.25
2024-10-24,339387.4300000307,15,191913.68000003073,-2526.25
2024-10-25,339649.3700000308,12,192204.3700000308,-2555.0
2024-10-27,341055.6200000308,9,192204.3700000308,-1148.75
2024-10-28,340050.0100000308,10,192217.5100000308,-2167.5
2024-10-29,341504.4100000308,11,192259.41000003082,-755.0
2024-10-30,338972.6200000309,11,192368.8700000309,-3396.25
2024-10-31,333998.320000031,16,192429.57000003097,-8431.25
2024-11-01,335521.500000031,15,192552.75000003102,-7031.25
2024-11-03,336466.500000031,14,192552.75000003102,-6086.25
2024-11-04,334909.7100000311,16,192727.2100000311,-7817.5
2024-11-05,344397.2200000311,14,192740.9700000311,1656.25
2024-11-06,348327.97000003123,13,198275.47000003123,52.5
2024-11-07,348631.1500000313,3,198673.65000003128,-42.5
2024-11-08,348975.5700000313,5,199060.57000003132,-85.0
2024-11-10,349235.5700000313,4,199060.57000003132,175.0
2024-11-11,349224.36000003136,5,199159.36000003136,65.0
2024-11-12,348806.3000000314,10,199211.30000003142,-405.0
2024-11-13,349298.22000003146,10,199280.72000003146,17.5
2024-11-14,346545.19000003155,15,199358.94000003155,-2813.75
2024-11-15,341859.6000000316,17,199384.60000003158,-7525.0
2024-11-17,342979.6000000316,16,199384.60000003158,-6405.0
2024-11-18,344297.1200000316,17,199402.1200000316,-5105.0
2024-11-19,345682.78000003163,16,199452.78000003163,-3770.0
2024-11-20,343929.04000003164,16,199461.54000003164,-5532.5
2024-11-21,347462.8200000317,16,199557.82000003167,-2095.0
2024-11-22,348722.2300000317,11,199613.4800000317,-891.25
2024-11-24,349859.7300000317,10,199613.4800000317,246.25
2024-11-25,350805.4600000318,10,200825.4600000318,-20.0
2024-11-26,352007.39000003185,9,201946.14000003185,61.25
2024-11-27,352096.2200000319,9,202011.22000003193,85.0
2024-11-28,352586.2200000319,8,202011.22000003193,575.0
2024-11-29,352838.770000032,8,202791.27000003197,47.5
2024-12-01,352726.270000032,2,202791.27000003197,-65.0
2024-12-02,352953.180000032,2,202956.930000032,-3.75
2024-12-03,353331.37000003207,5,203023.87000003207,307.5
2024-12-04,353683.9200000321,4,203550.1700000321,133.75
2024-12-05,353552.7400000322,6,203837.74000003218,-285.0
2024-12-06,353884.0100000322,7,203884.0100000322,0.0
2024-12-08,353809.0100000322,6,203884.0100000322,-75.0
2024-12-09,352502.81000003224,12,203907.81000003224,-1405.0
2024-12-10,351836.6000000323,16,203949.10000003228,-2112.5
2024-12-11,354115.4000000323,16,204501.65000003233,-386.25
2024-12-12,353285.4600000324,12,204584.21000003238,-1298.75
2024-12-13,352597.3700000324,12,204624.87000003242,-2027.5
2024-12-15,352996.1200000324,11,204624.87000003242,-1628.75
2024-12-16,353924.40000003244,13,204635.65000003244,-711.25
2024-12-17,353199.4400000325,14,204690.69000003248,-1491.25
2024-12-18,338398.9700000326,18,204821.47000003263,-16422.5
2024-12-19,335530.2200000326,17,204821.47000003263,-19291.25
2024-12-20,342855.88000003266,17,204857.13000003266,-12001.25
2024-12-22,345415.88000003266,16,204857.13000003266,-9441.25
2024-12-23,346019.6800000327,17,204900.9300000327,-8881.25
2024-12-24,351099.6800000327,16,204900.9300000327,-3801.25
2024-12-25,351299.6800000327,16,204900.9300000327,-3601.25
2024-12-26,349977.85000003275,16,204965.35000003275,-4987.5
2024-12-27,345866.0000000328,17,204982.25000003277,-9116.25
2024-12-29,344946.0000000328,16,204982.25000003277,-10036.25
2024-12-30,339963.5200000328,17,204999.7700000328,-15036.25
2024-12-31,338638.5600000328,17,205034.81000003283,-16396.25
2025-01-01,339998.5600000328,16,205034.81000003283,-15036.25
2025-01-02,337776.08000003285,17,205052.33000003285,-17276.25
2025-01-03,342433.60000003286,17,205069.85000003286,-12636.25
2025-01-05,342633.60000003286,16,205069.85000003286,-12436.25
2025-01-06,344936.80000003293,18,205130.55000003293,-10193.75
2025-01-07,340919.380000033,17,205221.880000033,-14302.5
2025-01-08,339313.79000003304,18,205257.54000003304,-15943.75
2025-01-09,339273.79000003304,16,205257.54000003304,-15983.75
2025-01-10,332743.8700000331,17,205327.62000003312,-22583.75
2025-01-12,331143.8700000331,16,205327.62000003312,-24183.75
2025-01-13,335203.8700000331,16,205327.62000003312,-20123.75
2025-01-14,334561.39000003313,17,205345.14000003313,-20783.75
2025-01-15,343044.52000003314,17,205344.52000003314,-12300.0
2025-01-16,342823.3100000332,17,205417.06000003318,-12593.75
2025-01-17,346759.5900000332,17,205687.0900000332,-8927.5
2025-01-19,346717.0900000332,17,205687.0900000332,-8970.0
2025-01-20,347545.8400000332,17,205687.0900000332,-8141.25
2025-01-21,352460.8600000332,17,205835.86000003322,-3375.0
2025-01-22,353269.64000003325,15,206038.39000003325,-2768.75
2025-01-23,355074.6700000333,14,206094.67000003328,-1020.0
2025-01-24,354407.86000003334,13,206176.61000003334,-1768.75
2025-01-26,351032.86000003334,12,206176.61000003334,-5143.75
2025-01-27,349507.26000003336,14,206203.51000003336,-6696.25
2025-01-28,352771.6500000334,14,206216.65000003338,-3445.0
2025-01-29,352309.85000003345,16,206599.85000003345,-4290.0
2025-01-30,353665.5200000335,13,206649.2700000335,-2983.75
2025-01-31,350908.1200000336,14,206771.87000003358,-5863.75
2025-02-02,342368.1200000336,14,206771.87000003358,-14403.75
2025-02-03,348479.4200000336,16,206845.67000003363,-8366.25
2025-02-04,349048.20000003366,15,206871.95000003366,-7823.75
2025-02-05,353177.6000000337,14,206903.85000003368,-3726.25
2025-02-06,353373.2700000337,13,206965.77000003372,-3592.5
2025-02-07,350369.55000003375,12,206992.05000003375,-6622.5
2025-02-09,351224.55000003375,12,206992.05000003375,-5767.5
2025-02-10,351895.8300000338,13,207018.33000003378,-5122.5
2025-02-11,352648.3500000338,13,207035.8500000338,-4387.5
2025-02-12,352659.6300000338,13,207062.13000003382,-4402.5
2025-02-13,355982.79000003386,13,207102.79000003386,-1120.0
2025-02-14,355509.7000000339,12,207143.4500000339,-1633.75
2025-02-16,356139.7000000339,12,207143.4500000339,-1003.75
2025-02-17,356214.7000000339,12,207143.4500000339,-928.75
2025-02-18,356631.01000003394,12,207279.76000003394,-648.75
2025-02-19,356283.53000003396,11,207307.28000003396,-1023.75
2025-02-20,355602.930000034,13,207334.180000034,-1731.25
2025-02-21,349279.24000003404,14,207401.74000003404,-8122.5
2025-02-23,351082.99000003404,13,207401.74000003404,-6318.75
2025-02-24,347955.52000003407,14,207443.02000003407,-9487.5
2025-02-25,346802.46000003413,16,207514.96000003413,-10712.5
2025-02-26,345843.1400000342,14,207573.14000003418,-11730.0
2025-02-27,339631.32000003423,14,207616.32000003423,-17985.0
2025-02-28,344849.48000003427,14,207651.98000003427,-12802.5
2025-03-02,345775.73000003427,13,207651.98000003427,-11876.25
2025-03-03,339212.0000000343,14,207669.50000003428,-18457.5
2025-03-04,336370.7900000343,13,207704.54000003432,-21333.75
2025-03-05,337842.05000003433,13,207713.30000003433,-19871.25
2025-03-06,332310.83000003436,13,207739.58000003436,-25428.75
2025-03-07,332848.3500000344,14,207757.10000003438,-24908.75
2025-03-09,331467.1000000344,13,207757.10000003438,-26290.0
2025-03-10,323294.6200000344,13,207774.6200000344,-34480.0
2025-03-11,321037.1400000344,14,207792.14000003441,-36755.0
2025-03-12,321038.41000003443,14,207809.66000003443,-36771.25
2025-03-13,319823.4700000345,15,207862.2200000345,-38038.75
2025-03-14,323658.4700000345,13,207862.2200000345,-34203.75
2025-03-16,322407.2200000345,13,207862.2200000345,-35455.0
2025-03-17,325600.5100000345,14,207844.26000003453,-32243.75
2025-03-18,323312.43000003457,16,207878.68000003457,-34566.25
2025-03-19,328643.7200000346,15,207923.7200000346,-29280.0
2025-03-20,326013.76000003464,14,207958.76000003464,-31945.0
2025-03-21,326373.8000000347,14,207993.80000003468,-31620.0
2025-03-23,328583.8000000347,13,207993.80000003468,-29410.0
2025-03-24,332046.3200000347,14,208011.3200000347,-25965.0
2025-03-25,333258.8500000347,14,208037.60000003473,-24778.75
2025-03-26,329076.39000003476,16,208062.64000003476,-28986.25
2025-03-27,327452.6700000348,16,208088.9200000348,-30636.25
2025-03-28,316442.0800000348,17,208114.58000003482,-41672.5
2025-03-30,314502.0800000348,16,208114.58000003482,-43612.5
2025-03-31,319048.36000003485,17,208140.86000003485,-39092.5
2025-04-01,321642.7800000349,17,208185.2800000349,-36542.5
2025-04-02,313221.57000003493,17,208220.32000003493,-44998.75
2025-04-03,301650.98000003496,16,208245.98000003496,-56595.0
2025-04-04,277354.780000035,17,208289.780000035,-80935.0
2025-04-06,264094.780000035,16,208289.780000035,-94195.0
2025-04-07,283218.58000003506,16,208333.58000003506,-75115.0
2025-04-08,263602.3800000351,18,208377.3800000351,-94775.0
2025-04-09,305990.5200000351,16,208395.52000003512,-52405.0
2025-04-10,294410.55000003515,17,208421.80000003515,-64011.25
2025-04-11,301628.07000003516,16,208439.32000003516,-56811.25
2025-04-13,304721.82000003516,15,208439.32000003516,-53717.5
2025-04-14,304633.7200000352,16,208456.2200000352,-53822.5
2025-04-15,300480.6300000352,16,208491.88000003522,-58011.25
2025-04-16,297880.1100000353,17,208578.86000003532,-60698.75
2025-04-17,296600.76000003534,16,208605.76000003534,-62005.0
2025-04-20,292157.01000003534,15,208605.76000003534,-66448.75
2025-04-21,287143.90000003536,17,208613.90000003536,-71470.0
2025-04-22,301799.5800000354,17,208667.0800000354,-56867.5
2025-04-23,301667.1000000354,15,208684.60000003543,-57017.5
2025-04-24,312785.8500000354,15,208684.60000003543,-45898.75
2025-04-25,313682.1600000355,17,208737.16000003548,-45055.0
2025-04-27,311132.1600000355,15,208737.16000003548,-47605.0
2025-04-28,314439.6900000355,16,208763.4400000355,-44323.75
2025-04-29,314100.9600000355,16,208780.96000003553,-44680.0
2025-04-30,320922.2700000356,16,208833.52000003558,-37911.25
2025-05-01,322898.57000003563,17,208867.32000003563,-35968.75
2025-05-02,326306.10000003566,17,209511.10000003566,-33205.0
2025-05-04,323231.10000003566,15,209511.10000003566,-36280.0
2025-05-05,322674.3000000357,17,209571.80000003573,-36897.5
2025-05-06,322493.69000003574,17,209579.94000003574,-37086.25
2025-05-07,325438.1000000358,17,209615.60000003577,-34177.5
2025-05-08,324861.2500000358,18,209640.0000000358,-34778.75
2025-05-09,324395.69000003586,17,209708.19000003586,-35312.5
2025-05-11,330495.69000003586,16,209708.19000003586,-29212.5
2025-05-12,337202.5800000359,16,210843.83000003587,-23641.25
2025-05-13,341266.3600000359,15,210860.1100000359,-19593.75
2025-05-14,340930.190000036,15,210980.19000003597,-20050.0
2025-05-15,343256.480000036,14,211015.230000036,-17758.75
2025-05-16,344256.490000036,13,211023.99000003602,-16767.5
2025-05-18,341851.490000036,13,211023.99000003602,-19172.5
2025-05-19,345379.01000003604,14,211041.51000003604,-15662.5
2025-05-20,343969.0700000361,15,211094.0700000361,-17125.0
2025-05-21,338123.5300000362,18,211153.53000003617,-23030.0
2025-05-22,337861.0500000362,17,211171.0500000362,-23310.0
2025-05-23,334107.3300000362,17,211197.33000003622,-27090.0
2025-05-25,338927.3300000362,16,211197.33000003622,-22270.0
2025-05-26,338067.3300000362,16,211197.33000003622,-23130.0
2025-05-27,343272.99000003625,17,211242.99000003625,-17970.0
2025-05-28,347941.1600000363,14,211277.4100000363,-13336.25
2025-05-29,342226.8200000363,14,211545.57000003633,-19318.75
2025-05-30,342571.8800000364,15,211598.13000003638,-19026.25
2025-06-01,340898.1300000364,13,211598.13000003638,-20700.0
2025-06-02,343328.1400000364,14,211606.8900000364,-18278.75
2025-06-03,346718.1700000364,14,211633.17000003642,-14915.0
2025-06-04,346635.07000003644,15,211650.07000003644,-15015.0
2025-06-05,345714.5200000365,15,211734.52000003651,-16020.0
2025-06-06,348982.04000003653,14,211752.04000003653,-12770.0
2025-06-08,348088.29000003653,13,211752.04000003653,-13663.75
2025-06-09,350746.44000003656,14,211768.94000003656,-11022.5
2025-06-10,350287.1000000366,15,211822.1000000366,-11535.0
2025-06-11,348860.30000003666,16,211882.80000003666,-13022.5
2025-06-12,345963.4600000367,14,211918.4600000367,-15955.0
2025-06-13,347172.3100000368,14,212006.06000003678,-14833.75
2025-06-15,347773.5600000368,13,212006.06000003678,-14232.5
2025-06-16,349571.2200000368,14,211999.97000003682,-12428.75
2025-06-17,347595.02000003686,16,212033.77000003686,-14438.75
2025-06-18,346832.59000003693,15,212105.09000003693,-15272.5
2025-06-19,346556.34000003693,13,212105.09000003693,-15548.75
2025-06-20,346850.11000003695,14,212122.61000003695,-15272.5
2025-06-22,345290.11000003695,13,212122.61000003695,-16832.5
2025-06-23,352538.88000003697,15,212140.13000003697,-9601.25
2025-06-24,354549.510000037,14,212139.51000003697,-7590.0
2025-06-25,355218.280000037,15,212183.280000037,-6965.0
2025-06-26,358483.930000037,14,212283.930000037,-3800.0
2025-06-27,359737.1400000371,15,212408.3900000371,-2671.25
2025-06-29,361357.1400000371,12,212408.3900000371,-1051.25
2025-06-30,361360.9200000371,12,212534.67000003712,-1173.75
2025-07-01,361989.70000003715,11,212575.95000003715,-586.25
2025-07-02,362987.84000003716,11,212604.09000003716,383.75
2025-07-03,363686.6600000372,9,213764.16000003723,-77.5
2025-07-04,363564.1600000372,1,213764.16000003723,-200.0
2025-07-06,363652.9100000372,1,213764.16000003723,-111.25
2025-07-07,363261.7600000373,14,213811.76000003732,-550.0
2025-07-08,362664.91000003734,13,213853.66000003734,-1188.75
2025-07-09,365291.28000003746,12,215291.28000003746,0.0
2025-07-10,365937.6000000375,7,216077.60000003752,-140.0
2025-07-11,365924.5400000376,7,216144.54000003758,-220.0
2025-07-13,365412.0400000376,5,216144.54000003758,-732.5
2025-07-14,366557.6900000376,7,216171.4400000376,386.25
2025-07-15,364656.5600000377,14,217195.31000003772,-2538.75
2025-07-16,366196.6500000378,17,217450.4000000378,-1253.75
2025-07-17,368691.72000003787,10,218605.47000003787,86.25
2025-07-18,368665.5300000379,6,218673.03000003792,-7.5
2025-07-20,368750.5300000379,4,218673.03000003792,77.5
2025-07-21,368778.110000038,8,219195.610000038,-417.5
2025-07-22,369754.41000003804,12,219249.41000003804,505.0
2025-07-23,370732.6100000381,10,220673.8600000381,58.75
2025-07-24,371042.03000003815,4,220823.28000003815,218.75
2025-07-25,371151.4300000382,4,220865.18000003818,286.25
2025-07-27,371496.4300000382,3,220865.18000003818,631.25
2025-07-28,371265.8300000382,5,220892.0800000382,373.75
2025-07-29,371195.9200000383,9,221404.67000003828,-208.75
2025-07-30,373100.4500000384,14,222994.20000003843,106.25
2025-07-31,370938.6800000385,12,223056.18000003853,-2117.5
2025-08-01,364531.8600000386,16,223104.36000003858,-8572.5
2025-08-03,366519.3600000386,15,223104.36000003858,-6585.0
2025-08-04,371323.7500000386,15,223246.2500000386,-1922.5
2025-08-05,369931.93000003864,14,223324.43000003864,-3392.5
2025-08-06,372710.07000003866,13,223352.57000003866,-642.5
2025-08-07,372550.1100000387,13,223573.8600000387,-1023.75
2025-08-08,374945.7500000387,12,223610.7500000387,1335.0
2025-08-10,374932.0000000387,11,223610.7500000387,1321.25
2025-08-11,374822.13000003883,11,225030.88000003883,-208.75
2025-08-12,376494.0900000389,7,226397.8400000389,96.25
2025-08-13,376870.39000003895,6,226745.39000003895,125.0
2025-08-14,377351.050000039,5,226786.050000039,565.0
2025-08-15,376564.24000003905,8,226889.24000003905,-325.0
2025-08-17,377134.24000003905,8,226889.24000003905,245.0
2025-08-18,376378.01000003907,9,226916.76000003907,-538.75
2025-08-19,373293.72000003915,16,226971.22000003915,-3677.5
2025-08-20,373570.6500000392,17,227014.4000000392,-3443.75
2025-08-21,371328.1700000392,17,227031.92000003922,-5703.75
2025-08-22,377638.8700000393,16,227247.6200000393,391.25
2025-08-24,377385.1200000393,7,227247.6200000393,137.5
2025-08-25,376165.1500000393,9,227273.9000000393,-1108.75
2025-08-26,377858.96000003937,10,227371.46000003937,487.5
2025-08-27,378164.65000003943,7,228162.15000003943,2.5
2025-08-28,378517.19000003947,4,228549.69000003947,-32.5
2025-08-29,377805.42000003956,12,228626.67000003956,-821.25
2025-08-31,377626.67000003956,11,228626.67000003956,-1000.0
2025-09-01,377544.17000003956,11,228626.67000003956,-1082.5
2025-09-02,376132.3200000396,14,228638.5700000396,-2506.25
2025-09-03,378249.8200000396,14,228638.5700000396,-388.75
2025-09-04,380261.1600000397,15,230178.66000003967,82.5
2025-09-05,379481.2900000398,16,230517.5400000398,-1036.25
2025-09-07,380031.2900000398,10,230517.5400000398,-486.25
2025-09-08,380755.6900000398,10,230606.94000003982,148.75
2025-09-09,381781.9500000398,10,230620.70000003983,1161.25
2025-09-10,382789.5400000399,9,232509.5400000399,280.0
2025-09-11,383463.97000003996,5,233382.72000003996,81.25
2025-09-12,383485.25000004,3,233424.00000004,61.25
2025-09-14,383522.75000004,2,233424.00000004,98.75
2025-09-15,383887.81000004,3,233710.31000004002,177.5
2025-09-16,383726.59000004,3,233751.59000004004,-25.0
2025-09-17,385611.7800000402,9,234993.03000004022,618.75
2025-09-18,385761.85000004026,4,235783.1000000403,-21.25
2025-09-19,386264.3900000403,5,236296.89000004032,-32.5
2025-09-21,386244.3900000403,2,236296.89000004032,-52.5
2025-09-22,386726.3000000403,3,236682.55000004036,43.75
2025-09-23,386366.3700000404,10,236718.87000004042,-352.5
2025-09-24,386295.17000004044,15,236783.92000004047,-488.75
2025-09-25,383327.7300000405,17,236871.48000004052,-3543.75
2025-09-26,385811.4900000405,13,236920.24000004053,-1108.75
2025-09-28,386801.4900000405,11,236920.24000004053,-118.75
2025-09-29,386705.2600000405,12,236947.76000004055,-242.5
2025-09-30,387705.9900000406,12,238245.99000004065,-540.0
2025-10-01,389012.92000004067,6,238879.1700000407,133.75
2025-10-02,389802.36000004073,7,239209.86000004076,592.5
2025-10-03,389815.62000004086,9,240048.1200000409,-232.5
2025-10-05,390533.12000004086,7,240048.1200000409,485.0
2025-10-06,390687.5500000409,7,240910.05000004094,-222.5
2025-10-07,390790.140000041,13,241002.64000004102,-212.5
2025-10-08,392203.9800000411,12,242192.7300000411,11.25
2025-10-09,392285.95000004116,10,242270.9500000412,15.0
2025-10-10,376175.4700000413,17,242397.97000004133,-16222.5
2025-10-12,385655.4700000413,16,242397.97000004133,-6742.5
2025-10-13,387695.4800000413,16,242436.73000004134,-4741.25
2025-10-14,387973.6800000414,15,242522.4300000414,-4548.75
2025-10-15,389534.40000004147,16,242739.4000000415,-3205.0
2025-10-16,385722.5800000415,15,242777.58000004155,-7055.0
2025-10-17,389956.36000004155,16,243121.36000004158,-3165.0
2025-10-19,390630.11000004155,11,243121.36000004158,-2491.25
2025-10-20,393353.88000004156,11,243237.6300000416,116.25
2025-10-21,393579.5600000416,11,243305.81000004165,273.75
2025-10-22,392125.2900000417,10,243494.04000004174,-1368.75
2025-10-23,394118.4300000417,11,243507.18000004176,611.25
2025-10-24,395656.6400000418,10,245870.39000004184,-213.75
2025-10-26,396975.3900000418,5,245870.39000004184,1105.0
2025-10-27,397339.19000004185,5,247339.19000004188,0.0
2025-10-28,397594.2200000419,3,247475.4700000419,118.75
2025-10-29,398686.210000042,8,248212.46000004202,473.75
2025-10-30,398655.000000042,10,248222.50000004206,432.5
2025-10-31,397537.54000004206,13,248262.5400000421,-725.0
2025-11-02,398392.54000004206,12,248262.5400000421,130.0
2025-11-03,396230.0600000421,13,248290.0600000421,-2060.0
2025-11-04,392103.2000000421,15,248288.20000004212,-6185.0
2025-11-05,394877.64000004216,17,248430.14000004219,-3552.5
2025-11-06,389063.9600000422,17,248486.46000004225,-9422.5
2025-11-07,390272.72000004223,16,248495.22000004226,-8222.5
2025-11-09,393232.72000004223,16,248495.22000004226,-5262.5
2025-11-10,396713.37000004225,16,248677.12000004228,-1963.75
2025-11-11,398335.9200000423,12,248745.92000004233,-410.0
2025-11-12,398720.9400000423,12,248773.44000004235,-52.5
2025-11-13,391129.7800000424,16,248902.28000004243,-7772.5
2025-11-14,392301.69000004244,13,248977.94000004246,-6676.25
2025-11-16,393546.69000004244,12,248977.94000004246,-5431.25
2025-11-17,384942.9800000425,17,248992.9800000425,-14050.0
2025-11-18,382211.7400000425,16,249001.7400000425,-16790.0
2025-11-19,391891.7400000425,16,249001.7400000425,-7110.0
2025-11-20,380385.5900000426,16,250021.8400000426,-19636.25
2025-11-21,384502.4800000426,16,250131.23000004262,-15628.75
2025-11-23,385796.2300000426,15,250131.23000004262,-14335.0
2025-11-24,390898.1300000426,15,250213.13000004264,-9315.0
2025-11-25,395275.04000004265,12,250263.79000004267,-4988.75
2025-11-26,397066.94000004267,13,250290.6900000427,-3223.75
2025-11-27,397381.94000004267,12,250290.6900000427,-2908.75
2025-11-28,398616.3200000427,12,250305.0700000427,-1688.75
2025-11-30,395935.0700000427,11,250305.0700000427,-4370.0
2025-12-01,396290.7400000427,15,250344.49000004274,-4053.75
2025-12-02,398689.5500000428,14,250467.0500000428,-1777.5
2025-12-03,399122.7000000428,12,250508.95000004282,-1386.25
2025-12-04,400154.01000004285,13,250591.51000004288,-437.5
2025-12-05,400181.5500000429,13,250646.55000004292,-465.0
2025-12-07,400800.3000000429,11,250646.55000004292,153.75
2025-12-08,399219.0800000429,12,250687.83000004294,-1468.75
2025-12-09,398652.25000004296,14,250727.250000043,-2075.0
2025-12-10,398064.200000043,15,250852.95000004306,-2788.75
2025-12-11,402190.5200000431,12,252236.77000004312,-46.25
2025-12-12,400199.42000004323,15,252338.17000004326,-2138.75
2025-12-14,401361.92000004323,15,252338.17000004326,-976.25
2025-12-15,397927.0900000433,16,252489.5900000433,-4562.5
2025-12-16,397942.2100000434,16,252738.46000004341,-4796.25
2025-12-17,394427.9300000435,17,252821.6800000435,-8393.75
2025-12-18,398322.3400000435,16,253806.09000004354,-5483.75
2025-12-19,401619.2300000435,13,253819.23000004355,-2200.0
2025-12-21,402309.2300000435,12,253819.23000004355,-1510.0
2025-12-22,403594.26000004355,12,254025.51000004358,-431.25
2025-12-23,405095.5700000436,10,255159.32000004363,-63.75
2025-12-24,405254.9700000436,3,255296.22000004366,-41.25
2025-12-25,405277.4700000436,3,255296.22000004366,-18.75
2025-12-26,405279.37000004365,4,255323.12000004368,-43.75
2025-12-28,405284.37000004365,4,255323.12000004368,-38.75
2025-12-29,405031.9000000437,8,255334.4000000437,-302.5
2025-12-30,404210.0700000437,9,255388.82000004375,-1178.75
2025-12-31,401780.1400000438,16,255480.14000004382,-3700.0
2026-01-01,403632.6400000438,13,255480.14000004382,-1847.5
2026-01-02,402801.47000004386,16,255770.2200000439,-2968.75
2026-01-04,403406.47000004386,11,255770.2200000439,-2363.75
2026-01-05,405754.0100000439,11,255840.26000004393,-86.25
2026-01-06,406882.20000004396,10,256867.200000044,15.0
2026-01-07,405416.0800000441,12,257081.0800000441,-1665.0
2026-01-08,405968.64000004414,16,257208.64000004416,-1240.0
2026-01-09,408179.9700000442,11,258248.72000004424,-68.75
2026-01-11,407434.9700000442,4,258248.72000004424,-813.75
2026-01-12,408558.77000004426,5,258663.7700000443,-105.0
2026-01-13,408215.75000004435,10,258755.75000004438,-540.0
2026-01-14,406752.09000004444,16,258914.59000004447,-2162.5
2026-01-15,409322.1300000445,12,258969.6300000445,352.5
2026-01-16,407988.4000000445,12,258997.15000004452,-1008.75
2026-01-18,404509.6500000445,11,258997.15000004452,-4487.5
2026-01-19,403835.9000000445,11,258997.15000004452,-5161.25
2026-01-20,400520.34000004455,17,259044.09000004458,-8523.75
2026-01-21,406354.7700000446,16,259192.27000004463,-2837.5
2026-01-22,408253.5300000446,14,259206.03000004464,-952.5
2026-01-23,406686.06000004464,15,259247.31000004467,-2561.25
2026-01-25,406279.81000004464,13,259247.31000004467,-2967.5
2026-01-26,410922.4000000447,13,260632.40000004476,290.0
2026-01-27,411371.2100000448,7,261118.7100000448,252.5
2026-01-28,411648.79000004486,6,261247.5400000449,401.25
2026-01-29,410852.670000045,16,261431.420000045,-578.75
2026-01-30,410715.210000045,12,261486.46000004504,-771.25
2026-02-01,407263.960000045,11,261486.46000004504,-4222.5
2026-02-02,413299.0700000451,11,262920.3200000451,378.75
2026-02-03,411395.47000004526,17,263111.72000004526,-1716.25
2026-02-04,409286.81000004534,16,263285.56000004534,-3998.75
2026-02-05,402662.5200000454,16,263430.0200000454,-10767.5
2026-02-06,414610.1000000455,14,264947.6000000455,-337.5
2026-02-08,414870.1000000455,4,264947.6000000455,-77.5
2026-02-09,415516.4600000456,5,265651.4600000456,-135.0
2026-02-10,415697.14000004565,10,265689.64000004565,7.5
2026-02-11,417383.5400000458,15,266848.5400000458,535.0
2026-02-12,407416.09000004584,18,266872.34000004584,-9456.25
2026-02-13,407059.87000004586,18,266898.62000004586,-9838.75
2026-02-15,408462.37000004586,17,266898.62000004586,-8436.25
2026-02-16,405126.12000004586,17,266898.62000004586,-11772.5
2026-02-17,409619.9300000459,18,266951.1800000459,-7331.25
2026-02-18,411224.97000004596,17,266986.22000004596,-5761.25
2026-02-19,410808.73000004597,17,266994.98000004597,-6186.25
2026-02-20,413827.490000046,17,267028.740000046,-3201.25
2026-02-22,409777.490000046,15,267028.740000046,-7251.25
2026-02-23,409916.910000046,17,267063.160000046,-7146.25
2026-02-24,412482.56000004604,16,267090.06000004604,-4607.5
2026-02-25,415582.59000004607,15,267210.09000004607,-1627.5
2026-02-26,412302.0800000462,17,267355.8300000462,-5053.75
2026-02-27,410674.6000000462,14,267373.3500000462,-6698.75
2026-03-01,407577.1000000462,14,267373.3500000462,-9796.25
2026-03-02,407953.3600000462,15,267382.1100000462,-9428.75
2026-03-03,405004.66000004625,15,267425.91000004625,-12421.25
2026-03-04,410202.18000004627,15,267443.43000004627,-7241.25
2026-03-05,408793.50000004633,16,267504.75000004633,-8711.25
2026-03-06,401364.78000004636,15,267531.03000004636,-16166.25
2026-03-08,392264.78000004636,14,267531.03000004636,-25266.25
2026-03-09,403648.54000004637,14,267539.79000004637,-13891.25
2026-03-10,407131.1000000464,15,267592.3500000464,-10461.25
2026-03-11,399509.86000004644,15,267601.11000004644,-18091.25
2026-03-12,398792.4000000465,15,267636.1500000465,-18843.75
2026-03-13,393100.5300000465,15,267635.5300000465,-24535.0
2026-03-15,396681.7800000465,15,267635.5300000465,-20953.75
2026-03-16,397260.72000004654,15,267645.72000004654,-20385.0
2026-03-17,402204.50000004657,15,267815.75000004657,-15611.25
2026-03-18,393772.07000004663,16,267877.07000004663,-24105.0
2026-03-19,392740.82000004663,15,267877.07000004663,-25136.25
2026-03-20,386665.22000004665,17,267893.97000004665,-31228.75
2026-03-22,381565.22000004665,16,267893.97000004665,-36328.75
2026-03-23,388069.61000004667,16,268268.36000004667,-30198.75
2026-03-24,391462.1300000467,16,268285.8800000467,-26823.75
2026-03-25,390843.3800000467,15,268285.8800000467,-27442.5
2026-03-26,384343.43000004673,16,268329.68000004673,-33986.25
2026-03-27,372802.19000004674,16,268338.44000004674,-45536.25
2026-03-29,373645.94000004674,15,268338.44000004674,-44692.5
2026-03-30,376252.19000004674,15,268338.44000004674,-42086.25
2026-03-31,386452.19000004674,15,268338.44000004674,-31886.25
2026-04-01,383280.9800000468,16,268373.4800000468,-35092.5
2026-04-02,388988.5100000468,16,268399.7600000468,-29411.25
2026-04-03,388294.7600000468,15,268399.7600000468,-30105.0
2026-04-05,388932.2600000468,15,268399.7600000468,-29467.5
2026-04-06,389746.04000004684,16,268426.04000004684,-28680.0
2026-04-07,404218.5800000469,16,268461.0800000469,-14242.5
2026-04-08,403938.0000000469,15,268756.7500000469,-14818.75
2026-04-09,407936.7600000469,14,268765.5100000469,-10828.75
2026-04-10,407753.04000004695,15,268791.79000004695,-11038.75
2026-04-12,403430.54000004695,14,268791.79000004695,-15361.25
2026-04-13,412014.30000004696,15,268800.55000004696,-6786.25
2026-04-14,417822.450000047,14,268867.450000047,-1045.0
2026-04-15,420261.28000004706,11,270186.28000004706,75.0
2026-04-16,420668.2100000471,4,270460.7100000471,207.5
2026-04-17,421840.7800000472,4,271779.5300000472,61.25
2026-04-19,420940.7800000472,4,271779.5300000472,-838.75
2026-04-20,422297.72000004724,10,271831.47000004724,466.25
2026-04-21,422852.9000000474,16,273074.1500000474,-221.25
2026-04-22,423904.8800000475,13,274506.1300000475,-601.25
2026-04-23,424350.03000004764,16,274697.53000004764,-347.5
2026-04-24,426076.9800000477,10,276030.7300000477,46.25
2026-04-26,426113.2300000477,1,276030.7300000477,82.5
2026-04-27,426307.02000004775,3,276305.77000004775,1.25
2026-04-28,426641.4600000478,5,276372.7100000478,268.75
2026-04-29,427429.10000004794,7,277105.35000004794,323.75
2026-04-30,429644.24000004807,6,279484.24000004807,160.0
2026-05-01,428689.95000004815,9,279878.70000004815,-1188.75
2026-05-03,429533.70000004815,9,279878.70000004815,-345.0
2026-05-04,428771.9100000482,15,279958.1600000482,-1186.25
2026-05-05,432282.0000000483,14,281700.7500000483,581.25
2026-05-06,433067.6900000484,4,283013.9400000484,53.75
2026-05-07,433009.67000004847,11,283200.92000004847,-191.25
2026-05-08,434442.8500000485,10,284382.8500000485,60.0
2026-05-10,434397.8500000485,1,284382.8500000485,15.0
2026-05-11,434370.4300000486,5,284792.9300000486,-422.5
2026-05-12,435741.1900000487,16,284971.1900000487,770.0
2026-05-13,436372.5200000488,10,286358.7700000488,13.75
2026-05-14,436714.4800000489,5,286831.9800000489,-117.5
2026-05-15,434798.960000049,12,286908.960000049,-2110.0
2026-05-17,432893.960000049,12,286908.960000049,-4015.0
2026-05-18,435395.880000049,15,286948.380000049,-1552.5
2026-05-19,432268.4700000491,16,287184.7200000491,-4916.25
2026-05-20,436759.1100000491,13,287311.6100000491,-552.5
2026-05-21,439351.7300000492,11,288616.7300000492,735.0
2026-05-22,439643.74000004935,8,290237.49000004935,-593.75
2026-05-24,442163.74000004935,7,290237.49000004935,1926.25
2026-05-25,441621.24000004935,7,290237.49000004935,1383.75
2026-05-26,441662.59000004944,7,291423.84000004944,238.75
2026-05-27,442025.74000004947,5,291465.74000004947,560.0
