dt,equity,qty,realized,unrealized
2019-05-05,150000.0,0,0.0,0.0
2019-05-06,149935.65,3,121.89999999999998,-186.25
2019-05-07,149915.11,15,156.3599999999999,-241.25
2019-05-08,148526.38,15,183.87999999999988,-1657.5
2019-05-09,148016.43,19,222.67999999999984,-2206.25
2019-05-10,149684.02,20,476.51999999999975,-792.5
2019-05-12,148184.02,10,476.51999999999975,-2292.5
2019-05-13,146538.43,16,487.1799999999997,-3948.75
2019-05-14,148254.08,16,514.0799999999997,-2260.0
2019-05-15,148407.85,16,541.5999999999997,-2133.75
2019-05-16,151314.22,16,2220.4700000000007,-906.25
2019-05-17,151104.88,10,2261.1300000000015,-1156.25
2019-05-19,151521.13,9,2261.1300000000015,-740.0
2019-05-20,151117.42,12,2301.1700000000023,-1183.75
2019-05-21,151714.31,12,2314.3100000000027,-600.0
2019-05-22,150472.45,13,2327.450000000003,-1855.0
2019-05-23,149436.86000000002,18,2338.1100000000038,-2901.25
2019-05-24,149729.99,19,2337.490000000004,-2607.5
2019-05-26,149611.24,19,2337.490000000004,-2726.25
2019-05-27,150394.99,19,2337.490000000004,-1942.5
2019-05-28,146523.79,20,2486.290000000005,-5962.5
2019-05-29,145537.58000000002,20,2521.330000000006,-6983.75
2019-05-30,144319.47,21,2529.470000000006,-8210.0
2019-05-31,142200.12,21,2546.3700000000067,-10346.25
2019-06-02,140730.12,21,2546.3700000000067,-11816.25
2019-06-03,142373.31,22,2608.310000000008,-10235.0
2019-06-04,148222.69,20,2617.6900000000082,-4395.0
2019-06-05,149522.09,19,2720.840000000009,-3198.75
2019-06-06,151051.49000000002,16,2835.2400000000093,-1783.75
2019-06-07,152449.65000000002,11,2890.90000000001,-441.25
2019-06-09,152724.65000000002,10,2890.90000000001,-166.25
2019-06-10,153526.6,10,3789.1000000000117,-262.5
2019-06-11,153458.5,7,3903.5000000000123,-445.0
2019-06-12,153189.78,8,3929.780000000013,-740.0
2019-06-13,153970.42,8,3995.4200000000133,-25.0
2019-06-14,153836.7,8,4036.700000000014,-200.0
2019-06-16,154038.02000000002,7,4019.270000000014,18.75
2019-06-17,153829.29,8,4046.7900000000145,-217.5
2019-06-18,154785.58000000002,7,4793.080000000015,-7.5
2019-06-19,154959.96000000002,3,4807.4600000000155,152.5
2019-06-20,155188.13,6,5124.3800000000165,63.75
2019-06-21,155071.28000000003,6,5151.280000000017,-80.0
2019-06-23,155446.28000000003,6,5151.280000000017,295.0
2019-06-24,154965.66,7,5150.660000000017,-185.0
2019-06-25,154071.35,12,5202.600000000019,-1131.25
2019-06-26,154413.88,14,5256.380000000019,-842.5
2019-06-27,154758.28000000003,14,5318.28000000002,-560.0
2019-06-28,156046.43000000002,13,5401.43000000002,645.0
2019-06-30,156833.93000000002,10,5401.43000000002,1432.5
2019-07-01,157318.39,10,7313.390000000022,5.0
2019-07-02,157518.44000000003,7,7382.190000000023,136.25
2019-07-03,158024.72000000003,5,8008.470000000024,16.25
2019-07-04,158043.47000000003,1,8008.470000000024,35.0
2019-07-05,158184.14,7,8047.890000000025,136.25
2019-07-07,158044.14,4,8047.890000000025,-3.75
2019-07-08,157701.66000000003,5,8075.410000000025,-373.75
2019-07-09,158103.55000000002,6,8088.550000000026,15.0
2019-07-10,158907.37000000002,5,8737.370000000015,170.0
2019-07-11,159044.27000000002,5,8794.270000000011,250.0
2019-07-12,159118.03,5,8808.03000000001,310.0
2019-07-14,159193.03,4,8808.03000000001,385.0
2019-07-15,159269.31,5,8849.310000000005,420.0
2019-07-16,159053.1,6,8889.349999999999,163.75
2019-07-17,157850.62,10,8886.869999999995,-1036.25
2019-07-18,159286.27,12,8928.769999999991,357.5
2019-07-19,157521.93999999997,12,8986.939999999984,-1465.0
2019-07-21,157851.93999999997,12,8986.939999999984,-1135.0
2019-07-22,158741.96,12,9034.459999999981,-292.5
2019-07-23,159489.47999999998,10,9091.979999999978,397.5
2019-07-24,159900.15999999997,8,9881.409999999969,18.75
2019-07-25,160010.21999999997,7,9933.96999999996,76.25
2019-07-26,160188.97999999995,5,9947.729999999958,241.25
2019-07-28,160145.22999999995,5,9947.729999999958,197.5
2019-07-29,160274.61999999997,7,9960.869999999955,313.75
2019-07-30,160137.76999999996,7,9987.769999999951,150.0
2019-07-31,159124.75999999992,17,10096.009999999933,-971.25
2019-08-01,156164.84999999992,19,10189.849999999919,-4025.0
2019-08-02,155274.8899999999,20,10244.889999999912,-4970.0
2019-08-04,152057.3899999999,18,10244.889999999912,-8187.5
2019-08-05,146585.5599999999,20,10279.309999999905,-13693.75
2019-08-06,148628.0599999999,19,10279.309999999905,-11651.25
2019-08-07,151677.4699999999,20,10314.9699999999,-8637.5
2019-08-08,154732.4899999999,19,10332.489999999896,-5600.0
2019-08-09,154436.89999999988,21,10358.14999999989,-5921.25
2019-08-11,154555.64999999988,19,10358.14999999989,-5802.5
2019-08-12,150758.17999999988,20,10384.429999999886,-9626.25
2019-08-13,154766.32999999987,20,10411.329999999882,-5645.0
2019-08-14,147569.47999999986,20,10428.229999999878,-12858.75
2019-08-15,149391.99999999988,20,10445.749999999874,-11053.75
2019-08-16,151623.88999999987,19,10463.889999999872,-8840.0
2019-08-18,152906.38999999987,18,10463.889999999872,-7557.5
2019-08-19,154823.28999999986,19,10480.789999999868,-5657.5
2019-08-20,152933.94999999987,20,10506.449999999862,-7572.5
2019-08-21,154970.22999999986,20,10660.229999999858,-5690.0
2019-08-22,155533.38999999984,20,10685.889999999852,-5152.5
2019-08-23,148083.44999999984,20,10738.449999999842,-12655.0
2019-08-25,147038.44999999984,19,10738.449999999842,-13700.0
2019-08-26,151028.44999999984,19,10738.449999999842,-9710.0
2019-08-27,150402.23999999985,20,10773.489999999836,-10371.25
2019-08-28,150838.49999999983,20,10782.249999999834,-9943.75
2019-08-29,155852.89999999982,19,10935.39999999983,-5082.5
2019-08-30,155024.17999999982,19,10961.679999999826,-5937.5
2019-09-01,153944.17999999982,18,10961.679999999826,-7017.5
2019-09-02,153606.67999999982,18,10961.679999999826,-7355.0
2019-09-03,154217.95999999982,19,10987.95999999982,-6770.0
2019-09-04,158974.21999999983,19,10996.71999999982,-2022.5
2019-09-05,159771.7599999998,18,11321.759999999813,-1550.0
2019-09-06,160053.0399999998,13,11364.289999999808,-1311.25
2019-09-08,160218.0399999998,12,11364.289999999808,-1146.25
2019-09-09,159734.3199999998,14,11423.069999999803,-1688.75
2019-09-10,159924.3599999998,14,11478.109999999797,-1553.75
2019-09-11,161981.2499999998,12,11506.249999999794,475.0
2019-09-12,161970.0199999998,11,11560.019999999791,410.0
2019-09-13,161536.28999999978,12,11587.539999999788,-51.25
2019-09-15,160587.6499999998,11,11560.149999999789,-972.5
2019-09-16,161027.68999999977,12,11615.189999999782,-587.5
2019-09-17,161275.19999999978,12,11628.94999999978,-353.75
2019-09-18,161082.74999999977,12,11697.749999999773,-615.0
2019-09-19,161833.41999999975,11,11767.169999999765,66.25
2019-09-20,160824.06999999977,11,11794.069999999761,-970.0
2019-09-22,161484.06999999977,11,11794.069999999761,-310.0
2019-09-23,161686.58999999976,11,11821.589999999758,-135.0
2019-09-24,160324.12999999974,13,11919.129999999752,-1595.0
2019-09-25,160732.26999999976,12,11947.26999999975,-1215.0
2019-09-26,160431.70999999973,13,12029.209999999739,-1597.5
2019-09-27,160157.98999999973,11,12095.489999999734,-1937.5
2019-09-29,160625.48999999973,11,12095.489999999734,-1470.0
2019-09-30,161259.87999999974,11,12124.879999999732,-865.0
2019-10-01,158789.27999999974,13,12136.779999999728,-3347.5
2019-10-02,154447.45999999973,21,12154.959999999719,-7707.5
2019-10-03,156345.6199999997,21,12245.619999999713,-5900.0
2019-10-04,159382.5299999997,17,12381.279999999708,-2998.75
2019-10-06,158587.5299999997,12,12381.279999999708,-3793.75
2019-10-07,159239.4499999997,13,12415.6999999997,-3176.25
2019-10-08,156251.9899999997,15,12450.739999999694,-6198.75
2019-10-09,157041.3699999997,14,12450.119999999693,-5408.75
2019-10-10,159493.89999999967,14,12507.649999999689,-3013.75
2019-10-11,160672.6999999997,13,12611.44999999968,-1938.75
2019-10-13,161137.6999999997,12,12611.44999999968,-1473.75
2019-10-14,160815.83999999968,13,12624.589999999678,-1808.75
2019-10-15,161703.98999999967,13,12720.239999999674,-1016.25
2019-10-16,161832.76999999967,11,12761.51999999967,-928.75
2019-10-17,162070.28999999966,11,12789.039999999666,-718.75
2019-10-18,161848.43999999965,13,12815.939999999662,-967.5
2019-10-20,162192.18999999965,11,12815.939999999662,-623.75
2019-10-21,163002.20999999967,11,12869.709999999659,132.5
2019-10-22,161631.61999999965,12,12895.369999999653,-1263.75
2019-10-23,162739.75999999966,12,12923.509999999651,-183.75
2019-10-24,162769.16999999963,11,12996.669999999645,-227.5
2019-10-25,163492.92999999964,10,13010.429999999644,482.5
2019-10-27,163767.92999999964,10,13010.429999999644,757.5
2019-10-28,164155.48999999964,10,14147.989999999634,7.5
2019-10-29,164169.26999999964,3,14189.26999999963,-20.0
2019-10-30,164472.42999999961,4,14229.929999999624,242.5
2019-10-31,164554.96999999962,7,14269.969999999617,285.0
2019-11-01,164881.2599999996,5,14840.009999999611,41.25
2019-11-03,164916.2599999996,1,14840.009999999611,76.25
2019-11-04,165033.1599999996,4,14969.409999999607,63.75
2019-11-05,164841.9199999996,4,14983.169999999605,-141.25
2019-11-06,164928.8199999996,6,15010.069999999601,-81.25
2019-11-07,165103.8399999996,5,15085.089999999598,18.75
2019-11-08,165435.7299999996,6,15113.229999999596,322.5
2019-11-10,165250.7299999996,4,15113.229999999596,137.5
2019-11-11,165307.6199999996,5,15126.369999999593,181.25
2019-11-12,165333.3099999996,7,15654.559999999583,-321.25
2019-11-13,165722.09999999957,8,15709.599999999577,12.5
2019-11-14,166214.6199999996,7,15737.119999999573,477.5
2019-11-15,166472.79999999958,6,16457.799999999574,15.0
2019-11-17,166461.54999999958,1,16457.799999999574,3.75
2019-11-18,166549.70999999958,2,16498.45999999958,51.25
2019-11-19,166503.48999999958,3,16552.239999999587,-48.75
2019-11-20,166294.7999999996,9,16589.7999999996,-295.0
2019-11-21,166609.1899999996,9,16602.939999999602,6.25
2019-11-22,166791.7099999996,9,16662.959999999606,128.75
2019-11-24,167001.7099999996,7,16662.959999999606,338.75
2019-11-25,167360.5099999996,7,17335.509999999616,25.0
2019-11-26,167430.5199999996,2,17349.26999999962,81.25
2019-11-27,167389.90999999963,2,17472.40999999962,-82.5
2019-11-28,167389.90999999963,2,17472.40999999962,-82.5
2019-11-29,167360.55999999962,6,17484.309999999627,-123.75
2019-12-01,167598.05999999962,5,17484.309999999627,113.75
2019-12-02,166600.62999999966,12,17535.62999999964,-935.0
2019-12-03,165370.67999999964,14,17589.42999999965,-2218.75
2019-12-04,166462.55999999965,14,17588.809999999652,-1126.25
2019-12-05,167201.95999999967,14,17649.459999999657,-447.5
2019-12-06,168913.2899999997,13,18947.039999999673,-33.75
2019-12-08,168838.2899999997,3,18947.039999999673,-108.75
2019-12-09,168718.9499999997,8,18957.69999999968,-238.75
2019-12-10,168700.2299999997,10,18998.979999999687,-298.75
2019-12-11,169223.37999999968,9,19040.87999999969,182.5
2019-12-12,170067.1899999997,7,19704.689999999704,362.5
2019-12-13,170175.9899999997,5,20090.989999999714,85.0
2019-12-15,170382.28999999972,5,20078.539999999713,303.75
2019-12-16,170697.94999999972,5,20702.94999999972,-5.0
2019-12-17,170659.82999999973,3,20702.32999999972,-42.5
2019-12-18,170709.20999999973,3,20721.709999999723,-12.5
2019-12-19,170822.34999999971,2,20749.849999999726,72.5
2019-12-20,170872.98999999973,2,20872.98999999973,0.0
2019-12-22,170910.48999999973,2,20872.98999999973,37.5
2019-12-23,170917.99999999974,2,20889.24999999973,28.75
2019-12-24,170905.49999999974,2,20889.24999999973,16.25
2019-12-25,170935.49999999974,2,20889.24999999973,46.25
2019-12-26,171064.89999999973,2,20931.149999999736,133.75
2019-12-27,170934.30999999974,5,21081.809999999743,-147.5
2019-12-29,171079.30999999974,4,21081.809999999743,-2.5
2019-12-30,170754.96999999974,9,21092.46999999975,-337.5
2019-12-31,171225.62999999977,11,21148.129999999757,77.5
2020-01-01,171375.62999999977,8,21148.129999999757,227.5
2020-01-02,171961.31999999977,8,22068.81999999977,-107.5
2020-01-03,172025.09999999977,3,22095.099999999777,-70.0
2020-01-05,171912.59999999977,3,22095.099999999777,-182.5
2020-01-06,172396.35999999978,4,22108.85999999978,287.5
2020-01-07,171948.2799999998,4,22163.279999999788,-215.0
2020-01-08,172655.2099999998,4,22578.9599999998,76.25
2020-01-09,172897.0899999998,3,22633.3399999998,263.75
2020-01-10,172554.64999999982,8,22892.149999999812,-337.5
2020-01-12,172954.64999999982,8,22892.149999999812,62.5
2020-01-13,173421.5499999998,8,22971.549999999817,450.0
2020-01-14,173257.83999999982,6,23026.589999999826,231.25
2020-01-15,173797.89999999985,5,23674.149999999838,123.75
2020-01-16,174069.17999999985,4,24060.429999999844,8.75
2020-01-17,174125.44999999984,2,24087.949999999848,37.5
2020-01-19,174139.19999999984,1,24087.949999999848,51.25
2020-01-20,174065.44999999984,1,24087.949999999848,-22.5
2020-01-21,174238.57999999984,2,24087.32999999985,151.25
2020-01-22,174081.08999999985,2,24123.58999999985,-42.5
2020-01-23,174458.61999999985,5,24149.869999999857,308.75
2020-01-24,173547.42999999988,12,24203.67999999987,-656.25
2020-01-26,172084.92999999988,10,24203.67999999987,-2118.75
2020-01-27,171883.6899999999,12,24202.43999999987,-2318.75
2020-01-28,173737.44999999987,12,24237.449999999873,-500.0
2020-01-29,171773.73999999987,12,24333.73999999988,-2560.0
2020-01-30,174186.8899999999,14,24375.639999999887,-188.75
2020-01-31,170287.5899999999,17,24441.339999999902,-4153.75
2020-02-02,171747.5899999999,16,24441.339999999902,-2693.75
2020-02-03,173246.9899999999,17,24468.239999999907,-1221.25
2020-02-04,175938.32999999993,17,26290.829999999925,-352.5
2020-02-05,177411.51999999993,5,26772.76999999994,638.75
2020-02-06,177256.54999999993,4,27272.799999999945,-16.25
2020-02-07,177076.59999999995,5,27326.599999999955,-250.0
2020-02-09,177136.59999999995,4,27326.599999999955,-190.0
2020-02-10,178082.22999999995,5,27325.979999999956,756.25
2020-02-11,178260.41999999998,5,28197.91999999997,62.5
2020-02-12,178376.06999999998,4,28274.819999999974,101.25
2020-02-13,178677.96999999997,5,28301.71999999998,376.25
2020-02-14,178616.72999999998,5,28315.47999999998,301.25
2020-02-16,178751.72999999998,4,28315.47999999998,436.25
2020-02-17,178456.72999999998,4,28315.47999999998,141.25
2020-02-18,178642.37,5,28328.619999999984,313.75
2020-02-19,178736.78999999998,5,28784.289999999994,-47.5
2020-02-20,178119.36000000002,11,28820.610000000008,-701.25
2020-02-21,177206.27000000002,14,28846.270000000015,-1640.0
2020-02-23,174395.02000000002,13,28846.270000000015,-4451.25
2020-02-24,172301.93000000002,18,28856.930000000022,-6555.0
2020-02-25,163100.75000000003,20,28948.250000000036,-15847.5
2020-02-26,155175.77000000005,19,28965.77000000004,-23790.0
2020-02-27,154234.55000000005,19,28992.050000000047,-24757.5
2020-03-01,142467.05000000005,18,28992.050000000047,-36525.0
2020-03-03,152595.83000000005,19,29018.330000000053,-26422.5
2020-03-04,157748.33000000005,18,29018.330000000053,-21270.0
2020-03-05,147924.59000000005,19,29027.090000000055,-31102.5
2020-03-06,146542.13000000006,19,29062.130000000063,-32520.0
2020-03-08,133514.63000000006,18,29062.130000000063,-45547.5
2020-03-09,133527.17000000007,18,29097.17000000007,-45570.0
2020-03-10,132964.67000000007,18,29097.17000000007,-46132.5
2020-03-11,115620.95000000007,19,29123.450000000077,-63502.5
2020-03-12,95815.97000000009,18,29140.97000000008,-83325.0
2020-03-13,119728.49000000008,18,29158.490000000085,-59430.0
2020-03-15,110975.99000000008,18,29158.490000000085,-68182.5
2020-03-16,104558.69000000009,19,29131.19000000009,-74572.5
2020-03-17,97142.4500000001,19,29139.95000000009,-81997.5
2020-03-18,86661.2300000001,19,29166.230000000098,-92505.0
2020-03-19,94531.25000000012,18,29183.750000000102,-84652.5
2020-03-20,85021.31000000011,18,29236.310000000114,-94215.0
2020-03-22,78901.31000000011,18,29236.310000000114,-100335.0
2020-03-23,86020.07000000012,18,29245.070000000116,-93225.0
2020-03-24,97405.07000000012,18,29245.070000000116,-81840.0
2020-03-25,101946.98000000013,20,29270.730000000123,-77323.75
2020-03-26,113216.39000000013,19,29306.39000000013,-66090.0
2020-03-27,107832.04000000012,19,29323.290000000135,-71491.25
2020-03-29,107190.79000000012,19,29323.290000000135,-72132.5
2020-03-30,116811.44000000015,19,29481.44000000014,-62670.0
2020-03-31,108796.46000000014,18,29498.960000000145,-70702.5
2020-04-01,104592.74000000017,19,29525.24000000015,-74932.5
2020-04-02,105470.24000000017,18,29525.24000000015,-74055.0
2020-04-03,104489.00000000015,18,29534.000000000153,-75045.0
2020-04-05,112251.50000000015,18,29534.000000000153,-67282.5
2020-04-06,117651.50000000015,18,29534.000000000153,-61882.5
2020-04-07,119460.26000000015,18,29542.760000000155,-60082.5
2020-04-08,127254.02000000016,19,29551.520000000157,-52297.5
2020-04-09,132149.06000000017,19,29586.560000000165,-47437.5
2020-04-12,127851.56000000017,18,29586.560000000165,-51735.0
2020-04-13,132940.34000000017,19,29612.84000000017,-46672.5
2020-04-14,135846.62000000017,19,29639.120000000177,-43792.5
2020-04-15,129775.4000000002,19,29665.400000000183,-49890.0
2020-04-16,139999.16000000018,19,29674.160000000185,-39675.0
2020-04-17,139616.66000000018,18,29674.160000000185,-40057.5
2020-04-19,139819.16000000018,18,29674.160000000185,-39855.0
2020-04-20,132109.8000000002,19,29682.30000000019,-47572.5
2020-04-21,127466.0900000002,20,29717.340000000197,-52251.25
2020-04-22,131013.60000000021,20,29726.1000000002,-48712.5
2020-04-23,130016.10000000021,19,29726.1000000002,-49710.0
2020-04-24,135929.8500000002,19,29726.1000000002,-43796.25
2020-04-26,137354.8500000002,19,29726.1000000002,-42371.25
2020-04-27,138529.8600000002,19,29779.8600000002,-41250.0
2020-04-28,142777.4000000002,20,29996.15000000021,-37218.75
2020-04-29,148130.55000000022,19,30245.550000000214,-32115.0
2020-04-30,139395.5700000002,19,30263.070000000218,-40867.5
2020-05-01,135560.61000000022,19,30298.110000000226,-44737.5
2020-05-03,134548.11000000022,18,30298.110000000226,-45750.0
2020-05-04,137805.63000000024,19,30315.63000000023,-42510.0
2020-05-05,139488.77000000022,20,30323.770000000233,-40835.0
2020-05-06,138694.44000000024,20,30358.190000000242,-41663.75
2020-05-07,144644.50000000026,20,30697.000000000255,-36052.5
2020-05-08,146183.26000000024,19,30705.760000000257,-34522.5
2020-05-10,147218.26000000024,18,30705.760000000257,-33487.5
2020-05-11,143575.17000000027,20,30731.420000000264,-37156.25
2020-05-12,139054.59000000026,20,30779.590000000273,-41725.0
2020-05-13,134964.6300000003,21,30814.63000000028,-45850.0
2020-05-14,138532.15000000029,21,30832.150000000285,-42300.0
2020-05-15,139224.67000000027,21,30849.67000000029,-41625.0
2020-05-17,141674.67000000027,20,30849.67000000029,-39175.0
2020-05-18,147586.5700000003,20,31316.570000000294,-33730.0
2020-05-19,147354.1100000003,20,31351.610000000303,-33997.5
2020-05-20,148813.5100000003,19,31513.510000000308,-32700.0
2020-05-21,146004.79000000033,19,31539.790000000314,-35535.0
2020-05-22,149352.31000000032,19,31557.310000000318,-32205.0
2020-05-24,149869.81000000032,18,31557.310000000318,-31687.5
2020-05-25,153289.81000000032,18,31557.310000000318,-28267.5
2020-05-26,154629.85000000033,19,31592.350000000326,-26962.5
2020-05-27,156312.37000000034,19,31609.87000000033,-25297.5
2020-05-28,155630.51000000033,19,31618.010000000333,-25987.5
2020-05-29,158547.43000000034,20,31662.430000000342,-23115.0
2020-05-31,156657.43000000034,18,31662.430000000342,-25005.0
2020-06-01,157021.84000000035,19,31688.09000000035,-24666.25
2020-06-02,161113.75000000035,19,31753.750000000357,-20640.0
2020-06-03,163440.01000000036,19,31762.51000000036,-18322.5
2020-06-04,164821.93000000037,20,31796.930000000368,-16975.0
2020-06-05,170601.96000000037,19,32101.960000000374,-11500.0
2020-06-07,171324.46000000037,17,32101.960000000374,-10777.5
2020-06-08,173759.49000000037,17,32208.24000000038,-8448.75
2020-06-09,173728.2600000004,14,32225.760000000384,-8497.5
2020-06-10,169392.0500000004,15,32260.800000000392,-12868.75
2020-06-11,162285.8500000004,14,32304.600000000402,-20018.75
2020-06-12,161752.14000000042,14,32339.64000000041,-20587.5
2020-06-14,159282.14000000042,13,32339.64000000041,-23057.5
2020-06-15,167074.7800000004,13,32316.030000000414,-15241.25
2020-06-16,167206.05000000042,13,32333.550000000418,-15127.5
2020-06-17,165677.96000000043,14,32359.210000000425,-16681.25
2020-06-18,167016.74000000043,15,32385.49000000043,-15368.75
2020-06-19,164142.43000000046,14,32584.930000000444,-18442.5
2020-06-21,165539.93000000046,13,32584.930000000444,-17045.0
2020-06-22,167628.69000000044,14,32593.690000000446,-14965.0
2020-06-23,168155.59000000046,14,32610.59000000045,-14455.0
2020-06-24,162249.37000000046,15,32636.870000000457,-20387.5
2020-06-25,164918.15000000046,15,32663.150000000463,-17745.0
2020-06-26,159791.31000000046,16,32688.81000000047,-22897.5
2020-06-28,159885.06000000046,15,32688.81000000047,-22803.75
2020-06-29,163540.08000000048,16,32706.330000000475,-19166.25
2020-06-30,165810.7100000005,15,32715.710000000476,-16905.0
2020-07-01,167298.2100000005,14,32715.710000000476,-15417.5
2020-07-02,168757.00000000047,15,32808.25000000046,-14051.25
2020-07-03,168022.00000000047,14,32808.25000000046,-14786.25
2020-07-05,171557.00000000047,14,32808.25000000046,-11251.25
2020-07-06,171535.14000000045,14,32957.64000000045,-11422.5
2020-07-07,170045.8200000004,15,33000.82000000042,-12955.0
2020-07-08,171507.7200000004,14,33027.72000000041,-11520.0
2020-07-09,169675.28000000038,14,33080.28000000038,-13405.0
2020-07-10,172551.53000000038,13,33080.28000000038,-10528.75
2020-07-12,173364.03000000038,13,33080.28000000038,-9716.25
2020-07-13,170677.19000000035,14,33105.94000000036,-12428.75
2020-07-14,174440.34000000035,14,33132.840000000346,-8692.5
2020-07-15,174230.36000000034,14,33150.360000000335,-8920.0
2020-07-16,174233.5200000003,14,33176.02000000032,-8942.5
2020-07-17,174986.6700000003,14,33289.170000000304,-8302.5
2020-07-19,174417.9200000003,13,33289.170000000304,-8871.25
2020-07-20,177351.68000000028,13,33297.9300000003,-5946.25
2020-07-21,178226.71000000028,15,33314.21000000028,-5087.5
2020-07-22,178469.25000000026,15,33359.25000000026,-4890.0
2020-07-23,174935.52000000025,15,33366.77000000025,-8431.25
2020-07-24,173969.28000000026,16,33375.530000000246,-9406.25
2020-07-26,175225.53000000026,15,33375.530000000246,-8150.0
2020-07-27,176311.80000000022,16,33393.050000000236,-7081.25
2020-07-28,174508.7200000002,17,33427.47000000021,-8918.75
2020-07-29,177336.2400000002,16,33454.9900000002,-6118.75
2020-07-30,178088.76000000018,16,33472.51000000019,-5383.75
2020-07-31,178811.9000000002,15,33490.65000000018,-4678.75
2020-08-02,178308.1500000002,13,33490.65000000018,-5182.5
2020-08-03,179918.17000000016,14,33508.17000000017,-3590.0
2020-08-04,180943.19000000018,14,33525.69000000016,-2582.5
2020-08-05,181934.47000000015,13,33601.97000000015,-1667.5
2020-08-06,182498.24000000014,12,33629.490000000136,-1131.25
2020-08-07,183667.00000000012,12,33643.25000000013,23.75
2020-08-09,183818.25000000012,11,33643.25000000013,175.0
2020-08-10,184436.39000000013,11,33671.39000000012,765.0
2020-08-11,183824.03000000006,12,34782.78000000005,-958.75
2020-08-12,185940.99,12,36003.490000000005,-62.5
2020-08-13,186146.02999999997,6,36043.529999999984,102.5
2020-08-14,185926.67999999996,7,36070.42999999997,-143.75
2020-08-16,186159.17999999996,6,36070.42999999997,88.75
2020-08-17,186402.93999999997,6,36136.689999999966,266.25
2020-08-18,186703.58999999997,6,36163.58999999995,540.0
2020-08-19,185588.03999999992,9,36685.53999999991,-1097.5
2020-08-20,187088.0599999999,9,36713.0599999999,375.0
2020-08-21,187199.3299999999,9,36755.57999999989,443.75
2020-08-23,187491.8299999999,6,36755.57999999989,736.25
2020-08-24,188491.26999999984,6,38083.76999999986,407.5
2020-08-25,188483.79999999984,4,38472.54999999984,11.25
2020-08-26,188653.81999999983,2,38610.06999999983,43.75
2020-08-27,189403.8599999998,6,38745.10999999981,658.75
2020-08-28,189400.1599999998,6,39396.409999999785,3.75
2020-08-30,189482.6599999998,1,39396.409999999785,86.25
2020-08-31,189495.84999999974,5,39463.34999999975,32.5
2020-09-01,189937.76999999973,4,39885.26999999973,52.5
2020-09-02,190569.08999999968,5,40532.83999999969,36.25
2020-09-03,184118.07999999955,20,40778.079999999565,-6660.0
2020-09-04,182073.09999999957,15,40795.599999999555,-8722.5
2020-09-06,182016.84999999957,15,40795.599999999555,-8778.75
2020-09-07,183048.09999999957,15,40795.599999999555,-7747.5
2020-09-08,176463.1599999995,17,40848.15999999952,-14385.0
2020-09-09,180240.66999999952,16,40856.91999999952,-10616.25
2020-09-10,177931.34999999948,16,40900.09999999949,-12968.75
2020-09-11,176355.7299999995,16,40909.47999999949,-14553.75
2020-09-13,179093.37999999948,15,40872.12999999949,-11778.75
2020-09-14,180170.8899999995,16,40880.88999999948,-10710.0
2020-09-15,181975.28999999946,17,40897.78999999947,-8922.5
2020-09-16,177401.58999999944,16,40947.83999999944,-13546.25
2020-09-17,177359.10999999943,17,40965.35999999943,-13606.25
2020-09-18,175276.62999999942,17,40982.87999999942,-15706.25
2020-09-20,174596.62999999942,16,40982.87999999942,-16386.25
2020-09-21,171694.1499999994,17,41000.39999999941,-19306.25
2020-09-22,173802.9099999994,17,41009.15999999941,-17206.25
2020-09-23,168303.5699999994,18,41034.81999999939,-22731.25
2020-09-24,170061.74999999936,18,41087.99999999936,-21026.25
2020-09-25,172841.74999999936,16,41087.99999999936,-18246.25
2020-09-27,174021.74999999936,16,41087.99999999936,-17066.25
2020-09-28,178388.02999999933,17,41114.279999999344,-12726.25
2020-09-29,175283.0699999993,17,41149.31999999932,-15866.25
2020-09-30,179489.3499999993,17,41175.59999999931,-11686.25
2020-10-01,179064.3899999993,17,41210.63999999929,-12146.25
2020-10-02,177773.14999999927,17,41219.39999999928,-13446.25
2020-10-04,178753.14999999927,16,41219.39999999928,-12466.25
2020-10-05,181761.90999999928,17,41228.159999999276,-9466.25
2020-10-06,178368.85999999923,18,41288.85999999924,-12920.0
2020-10-07,183512.62999999922,17,41316.379999999226,-7803.75
2020-10-08,186502.63999999923,16,41325.13999999922,-4822.5
2020-10-09,188010.1699999992,16,41351.419999999205,-3341.25
2020-10-11,188066.4199999992,15,41351.419999999205,-3285.0
2020-10-12,190689.5699999992,15,41480.81999999919,-791.25
2020-10-13,190551.47999999917,14,41521.479999999174,-970.0
2020-10-14,187219.63999999914,15,41562.139999999155,-4342.5
2020-10-15,188119.01999999915,15,41561.51999999915,-3442.5
2020-10-16,187075.31999999913,19,41630.31999999913,-4555.0
2020-10-18,188975.31999999913,19,41630.31999999913,-2655.0
2020-10-19,186118.5199999991,19,41904.76999999909,-5786.25
2020-10-20,187221.07999999906,20,42236.079999999056,-5015.0
2020-10-21,183878.61999999903,15,42271.119999999035,-8392.5
2020-10-22,187133.63999999902,15,42288.639999999024,-5155.0
2020-10-23,187203.03999999902,14,42333.03999999901,-5130.0
2020-10-25,185919.28999999902,13,42333.03999999901,-6413.75
2020-10-26,183509.929999999,15,42341.179999999,-8831.25
2020-10-27,181234.949999999,15,42358.69999999899,-11123.75
2020-10-28,176571.229999999,15,42384.97999999898,-15813.75
2020-10-29,174880.64999999895,15,42419.399999998954,-17538.75
2020-10-30,175234.43999999893,17,42454.43999999893,-17220.0
2020-11-01,174540.68999999893,15,42454.43999999893,-17913.75
2020-11-02,177705.0799999989,15,42486.329999998925,-14781.25
2020-11-03,183476.96999999892,15,42494.46999999892,-9017.5
2020-11-04,188457.03999999887,15,42823.28999999888,-4366.25
2020-11-05,189694.55999999886,13,42885.80999999887,-3191.25
2020-11-06,191468.33999999886,12,42927.089999998854,-1458.75
2020-11-08,194300.83999999886,11,42927.089999998854,1373.75
2020-11-09,192350.37999999878,17,48656.62999999877,-6306.25
2020-11-10,195005.41999999876,20,48751.66999999875,-3746.25
2020-11-11,195130.46999999872,16,48934.21999999872,-3803.75
2020-11-12,194808.0299999987,13,49016.77999999869,-4208.75
2020-11-13,197690.54999999868,13,49059.29999999868,-1368.75
2020-11-15,199115.54999999868,10,49059.29999999868,56.25
2020-11-16,199070.58999999866,12,49114.33999999866,-43.75
2020-11-17,198629.98999999865,12,49141.239999998645,-511.25
2020-11-18,196304.41999999862,15,49194.419999998616,-2890.0
2020-11-19,196523.8099999986,15,49222.55999999861,-2698.75
2020-11-20,195731.9899999986,15,49290.73999999858,-3558.75
2020-11-22,196589.4899999986,14,49290.73999999858,-2701.25
2020-11-23,199207.01999999856,14,49472.01999999856,-265.0
2020-11-24,200937.72999999853,12,50762.72999999852,175.0
2020-11-25,200903.4099999985,6,50830.90999999849,72.5
2020-11-26,200778.4099999985,4,50830.90999999849,-52.5
2020-11-27,201051.54999999847,6,50844.04999999848,207.5
2020-11-29,200614.04999999847,5,50844.04999999848,-230.0
2020-11-30,202474.10999999844,10,50896.60999999845,1577.5
2020-12-01,202468.55999999843,9,52614.80999999841,-146.25
2020-12-02,202769.8399999984,6,52656.089999998396,113.75
2020-12-03,203121.78999999835,6,53081.78999999836,40.0
2020-12-04,203584.32999999833,5,53610.579999998336,-26.25
2020-12-06,203580.57999999833,1,53610.579999998336,-30.0
2020-12-07,203549.3899999983,5,53678.139999998304,-128.75
2020-12-08,204230.6599999983,5,53690.659999998294,540.0
2020-12-09,203534.49999999825,9,53819.49999999825,-285.0
2020-12-10,203375.78999999823,11,53859.539999998226,-483.75
2020-12-11,203448.3299999982,12,53899.579999998205,-451.25
2020-12-13,204520.9399999982,11,53872.189999998205,648.75
2020-12-14,204061.06999999814,11,55152.31999999814,-1091.25
2020-12-15,206419.2699999981,11,56410.5199999981,8.75
2020-12-16,206671.17999999807,3,56451.17999999808,220.0
2020-12-17,206782.48999999804,4,56836.23999999805,-53.75
2020-12-18,207739.449999998,10,56915.699999998,823.75
2020-12-20,207139.449999998,8,56915.699999998,223.75
2020-12-21,206892.60999999798,13,56926.359999997985,-33.75
2020-12-22,206694.50999999797,14,56953.25999999797,-258.75
2020-12-23,208600.8699999979,14,58632.119999997914,-31.25
2020-12-24,208769.63999999792,8,58683.389999997904,86.25
2020-12-27,209497.13999999792,6,58683.389999997904,813.75
2020-12-28,209830.9299999979,6,59657.17999999788,173.75
2020-12-29,209940.98999999784,7,59883.48999999785,57.5
2020-12-30,209677.25999999786,7,59911.00999999784,-233.75
2020-12-31,210384.16999999783,7,59966.66999999782,417.5
2021-01-03,210371.66999999783,5,59966.66999999782,405.0
2021-01-04,208394.9799999977,20,60778.729999997726,-2383.75
2021-01-05,208797.5099999977,14,60870.00999999771,-2072.5
2021-01-06,212416.40999999765,11,62097.65999999763,318.75
2021-01-07,213152.7099999976,6,62970.209999997605,182.5
2021-01-08,213557.14999999758,5,63510.89999999757,46.25
2021-01-10,213413.39999999758,1,63510.89999999757,-97.5
2021-01-11,213497.81999999756,3,63565.31999999755,-67.5
2021-01-12,213931.60999999754,6,63605.35999999753,326.25
2021-01-13,214226.6799999975,5,64157.92999999749,68.75
2021-01-14,213391.09999999747,8,64182.34999999747,-791.25
2021-01-15,211890.53999999742,14,64219.28999999743,-2328.75
2021-01-17,212450.53999999742,14,64219.28999999743,-1768.75
2021-01-18,214918.03999999742,14,64219.28999999743,698.75
2021-01-19,215181.81999999742,14,64535.56999999742,646.25
2021-01-20,216769.40999999747,12,66600.65999999746,168.75
2021-01-21,216629.45999999752,3,66685.7099999975,-56.25
2021-01-22,216610.10999999754,4,66712.60999999753,-102.5
2021-01-24,216895.10999999754,3,66712.60999999753,182.5
2021-01-25,217510.24999999767,10,67675.24999999766,-165.0
2021-01-26,217758.43999999773,5,68087.18999999772,-328.75
2021-01-27,214009.2399999979,19,68215.48999999788,-4206.25
2021-01-28,217525.05999999808,19,70646.30999999806,-3121.25
2021-01-29,214182.03999999817,20,70768.28999999816,-6586.25
2021-01-31,216434.53999999817,17,70768.28999999816,-4333.75
2021-02-01,220771.45999999822,17,71143.9599999982,-372.5
2021-02-02,222582.1799999983,12,72514.67999999829,67.5
2021-02-03,222311.62999999837,7,72800.37999999836,-488.75
2021-02-04,223407.29999999842,6,73341.0499999984,66.25
2021-02-05,223642.95999999845,5,73492.95999999843,150.0
2021-02-07,223892.95999999845,4,73492.95999999843,400.0
2021-02-08,224159.8799999985,4,74002.37999999848,157.5
2021-02-09,224454.29999999853,4,74056.79999999852,397.5
2021-02-10,224661.90999999864,9,74605.65999999862,56.25
2021-02-11,224553.18999999866,9,74646.93999999865,-93.75
2021-02-12,225682.61999999871,9,75661.3699999987,21.25
2021-02-14,225736.36999999871,1,75661.3699999987,75.0
2021-02-15,225795.11999999871,1,75661.3699999987,133.75
2021-02-16,225743.93999999878,4,75742.68999999877,1.25
2021-02-17,225846.47999999882,6,75782.7299999988,63.75
2021-02-18,225424.02999999886,9,75821.52999999885,-397.5
2021-02-19,225570.9399999989,10,75907.18999999888,-336.25
2021-02-21,225420.9399999989,10,75907.18999999888,-486.25
2021-02-22,225623.46999999892,14,75918.46999999891,-295.0
2021-02-23,224439.81999999902,20,76126.069999999,-1686.25
2021-02-24,227204.84999999905,11,76182.34999999903,1022.5
2021-02-25,222384.31999999913,11,76290.56999999912,-3906.25
2021-02-26,222131.2599999992,16,76357.50999999918,-4226.25
2021-02-28,224231.2599999992,14,76357.50999999918,-2126.25
2021-03-01,227880.72999999928,14,78010.72999999927,-130.0
2021-03-02,228206.43999999936,8,78090.18999999935,116.25
2021-03-03,222242.15999999945,19,78138.40999999944,-5896.25
2021-03-04,220303.49999999953,20,78322.24999999952,-8018.75
2021-03-05,226587.89999999956,15,78424.14999999954,-1836.25
2021-03-07,225852.89999999956,12,78424.14999999954,-2571.25
2021-03-08,227385.4399999996,12,78504.18999999958,-1118.75
2021-03-09,228871.15999999968,10,79522.40999999967,-651.25
2021-03-10,230866.86999999976,9,80533.11999999975,333.75
2021-03-11,231271.92999999982,6,81164.4299999998,107.5
2021-03-12,231416.96999999986,8,81219.46999999984,197.5
2021-03-14,231567.02999999985,6,81204.52999999984,362.5
2021-03-15,232027.7199999999,7,81993.9699999999,33.75
2021-03-16,231986.51999999996,5,82047.76999999995,-61.25
2021-03-17,232613.47000000003,6,82599.72000000002,13.75
2021-03-18,231534.7900000001,11,82636.04000000008,-1101.25
2021-03-19,231154.24000000017,15,82701.74000000015,-1547.5
2021-03-21,231210.49000000017,15,82701.74000000015,-1491.25
2021-03-22,234101.21000000025,15,84359.96000000024,-258.75
2021-03-23,233548.17000000033,11,84424.42000000032,-876.25
2021-03-24,233166.33000000037,14,84470.08000000035,-1303.75
2021-03-25,235913.8800000004,19,84523.8800000004,1390.0
2021-03-26,237195.93000000058,16,87200.93000000056,-5.0
2021-03-28,237115.93000000058,1,87200.93000000056,-85.0
2021-03-29,237644.7200000006,7,87225.9700000006,418.75
2021-03-30,237324.76000000065,7,87281.01000000064,43.75
2021-03-31,237814.83000000071,5,87927.3300000007,-112.5
2021-04-01,238486.11000000074,5,88382.36000000073,103.75
2021-04-02,238539.86000000074,1,88382.36000000073,157.5
2021-04-04,238543.61000000074,1,88382.36000000073,161.25
2021-04-05,238698.64000000077,2,88729.89000000076,-31.25
2021-04-06,238783.07000000082,4,88783.07000000081,0.0
2021-04-07,239162.48000000085,5,88838.73000000084,323.75
2021-04-08,239202.5200000009,3,89170.02000000088,32.5
2021-04-09,239303.7900000009,2,89307.5400000009,-3.75
2021-04-11,239275.0400000009,1,89307.5400000009,-32.5
2021-04-12,239423.19000000093,3,89334.44000000092,88.75
2021-04-13,239555.09000000096,3,89582.59000000094,-27.5
2021-04-14,239467.010000001,7,89622.01000000098,-155.0
2021-04-15,240318.94000000105,6,90297.69000000104,21.25
2021-04-16,240423.34000000107,4,90422.09000000106,1.25
2021-04-18,240378.34000000107,4,90422.09000000106,-43.75
2021-04-19,240487.78000000113,10,90474.03000000112,13.75
2021-04-20,238252.2400000012,18,90538.4900000012,-2286.25
2021-04-21,241364.76000000123,17,90581.01000000122,783.75
2021-04-22,241651.16000000137,15,92146.16000000136,-495.0
2021-04-23,243133.72000000143,10,93174.97000000141,-41.25
2021-04-25,243218.72000000143,2,93174.97000000141,43.75
2021-04-26,243289.36000000144,2,93209.36000000143,80.0
2021-04-27,243363.1600000015,2,93278.16000000147,85.0
2021-04-28,243731.34000000154,5,93441.34000000152,290.0
2021-04-29,244090.18000000162,10,93975.18000000161,115.0
2021-04-30,243662.09000000166,9,94015.84000000164,-353.75
2021-05-02,244010.84000000166,9,94015.84000000164,-5.0
2021-05-03,243405.24000000168,10,94116.49000000166,-711.25
2021-05-04,243482.8700000018,21,94335.37000000179,-852.5
2021-05-05,242752.90000000183,13,94429.15000000181,-1676.25
2021-05-06,245084.8400000019,14,94541.09000000187,543.75
2021-05-07,245769.90000000194,9,95677.40000000193,92.5
2021-05-09,245802.40000000194,1,95677.40000000193,125.0
2021-05-10,243523.14000000205,12,95753.14000000204,-2230.0
2021-05-11,240828.2000000021,17,95805.70000000209,-4977.5
2021-05-12,236839.50000000215,20,95864.50000000214,-9025.0
2021-05-13,241444.52000000217,18,95962.02000000216,-4517.5
2021-05-14,244494.5400000022,14,96049.54000000218,-1555.0
2021-05-16,243549.5400000022,12,96049.54000000218,-2500.0
2021-05-17,244274.58000000223,13,96084.58000000221,-1810.0
2021-05-18,240433.37000000227,15,96109.62000000225,-5676.25
2021-05-19,240354.6500000023,15,96135.90000000228,-5781.25
2021-05-20,243737.82000000234,14,96180.32000000232,-2442.5
2021-05-21,243798.48000000237,13,96283.48000000235,-2485.0
2021-05-23,244128.48000000237,12,96283.48000000235,-2155.0
2021-05-24,246310.3800000024,12,96350.38000000238,-40.0
2021-05-25,246251.06000000244,9,96454.81000000243,-203.75
2021-05-26,245932.34000000247,9,96496.09000000246,-563.75
2021-05-27,246961.77000000252,9,96603.0200000025,358.75
2021-05-28,246563.04000000254,9,96615.54000000253,-52.5
2021-05-30,246720.54000000254,9,96615.54000000253,105.0
2021-05-31,246484.29000000254,9,96615.54000000253,-131.25
2021-06-01,247185.01000000263,9,97702.51000000261,-517.5
2021-06-02,247602.53000000265,9,97730.03000000263,-127.5
2021-06-03,247237.5900000027,14,97782.59000000269,-545.0
2021-06-04,249123.91000000277,12,99126.41000000275,-2.5
2021-06-06,249076.41000000277,2,99126.41000000275,-50.0
2021-06-07,249237.71000000281,6,99180.2100000028,57.5
2021-06-08,249450.26000000286,7,99250.26000000285,200.0
2021-06-09,249430.91000000288,7,99297.16000000287,133.75
2021-06-10,250206.63000000297,7,100021.63000000296,185.0
2021-06-11,250366.030000003,6,100081.03000000298,285.0
2021-06-13,250472.33000000298,5,100068.58000000298,403.75
2021-06-14,250786.090000003,6,100082.340000003,703.75
2021-06-15,250426.110000003,6,100109.86000000301,316.25
2021-06-16,249208.64000000304,9,100121.14000000304,-912.5
2021-06-17,250180.53000000305,11,100134.28000000305,46.25
2021-06-18,245762.47000000312,17,100171.22000000312,-4408.75
2021-06-20,244912.47000000312,17,100171.22000000312,-5258.75
2021-06-21,251897.58000000322,17,101970.08000000322,-72.5
2021-06-22,252346.39000000327,5,102272.64000000327,73.75
2021-06-23,252386.4200000033,3,102313.9200000033,72.5
2021-06-24,252686.44000000332,3,102413.94000000332,272.5
2021-06-25,252775.86000000336,3,102718.36000000336,57.5
2021-06-27,252763.36000000336,2,102718.36000000336,45.0
2021-06-28,252809.01000000339,2,102771.51000000339,37.5
2021-06-29,252948.42000000342,5,102907.17000000342,41.25
2021-06-30,253095.31000000343,4,102935.31000000343,160.0
2021-07-01,253344.10000000347,4,103337.85000000347,6.25
2021-07-02,253487.8700000035,2,103475.37000000349,12.5
2021-07-04,253477.8700000035,1,103475.37000000349,2.5
2021-07-05,253505.3700000035,1,103475.37000000349,30.0
2021-07-06,253807.95000000356,10,103540.45000000356,267.5
2021-07-07,254256.77000000363,7,104326.77000000363,-70.0
2021-07-08,253929.95000000368,7,104379.95000000368,-450.0
2021-07-09,255152.50000000373,6,105141.25000000373,11.25
2021-07-11,255052.50000000373,2,105141.25000000373,-88.75
2021-07-12,255322.52000000374,3,105168.77000000374,153.75
2021-07-13,255081.30000000377,4,105195.05000000377,-113.75
2021-07-14,255363.87000000384,7,105580.12000000384,-216.25
2021-07-15,255182.0600000039,12,105632.0600000039,-450.0
2021-07-16,253291.49000000395,16,105670.24000000395,-2378.75
2021-07-18,252171.49000000395,16,105670.24000000395,-3498.75
2021-07-19,248545.95000000403,21,105754.70000000403,-7208.75
2021-07-20,253192.87000000407,19,105889.12000000407,-2696.25
2021-07-21,255684.7700000041,14,105983.5200000041,-298.75
2021-07-22,256647.30000000412,13,106024.80000000412,622.5
2021-07-23,257416.1200000042,11,107337.37000000419,78.75
2021-07-25,257368.6200000042,1,107337.37000000419,31.25
2021-07-26,257487.4000000042,2,107488.65000000421,-1.25
2021-07-27,257748.1100000043,9,107596.8600000043,151.25
2021-07-28,257605.0000000043,9,107610.00000000431,-5.0
2021-07-29,258153.81000000436,9,108637.56000000436,-483.75
2021-07-30,258493.2200000044,6,108678.2200000044,-185.0
2021-08-01,258818.2200000044,4,108678.2200000044,140.0
2021-08-02,258517.63000000443,6,108718.88000000443,-201.25
2021-08-03,259370.8200000045,8,109385.82000000449,-15.0
2021-08-04,259387.73000000452,5,109411.48000000452,-23.75
2021-08-05,259742.74000000453,5,109468.99000000453,273.75
2021-08-06,259877.78000000457,4,109854.03000000457,23.75
2021-08-08,259731.53000000457,3,109854.03000000457,-122.5
2021-08-09,259729.6800000046,5,109880.93000000459,-151.25
2021-08-10,259950.98000000464,4,109949.73000000464,1.25
2021-08-11,260290.38000000466,4,110035.38000000466,255.0
2021-08-12,260440.4100000047,4,110421.66000000469,18.75
2021-08-13,260484.1700000047,2,110435.4200000047,48.75
2021-08-15,260441.6700000047,1,110435.4200000047,6.25
2021-08-16,260964.25000000477,7,110986.75000000477,-22.5
2021-08-17,261445.58000000485,7,111051.83000000485,393.75
2021-08-18,259075.66000000492,15,111101.91000000492,-2026.25
2021-08-19,259621.33000000496,16,111171.33000000496,-1550.0
2021-08-20,262492.600000005,14,111198.85000000498,1293.75
2021-08-22,263560.100000005,14,111198.85000000498,2361.25
2021-08-23,263853.3300000051,14,113827.08000000508,26.25
2021-08-24,263779.5900000051,3,113840.84000000509,-61.25
2021-08-25,263918.9800000051,3,113868.9800000051,50.0
2021-08-26,263877.8100000052,7,113949.06000000518,-71.25
2021-08-27,264579.7300000052,6,114475.98000000522,103.75
2021-08-29,264602.2300000052,3,114475.98000000522,126.25
2021-08-30,264824.76000000525,3,114766.01000000525,58.75
2021-08-31,265032.3000000053,7,114806.05000000529,226.25
2021-09-01,264713.5700000053,5,114836.0700000053,-122.5
2021-09-02,265310.4700000053,5,114915.47000000533,395.0
2021-09-03,265149.25000000536,5,114956.75000000536,192.5
2021-09-05,265139.25000000536,4,114956.75000000536,182.5
2021-09-06,265254.25000000536,4,114956.75000000536,297.5
2021-09-07,264809.2800000054,7,114983.03000000538,-173.75
2021-09-08,264259.96000000543,11,115036.21000000543,-776.25
2021-09-09,264321.87000000547,12,115061.87000000547,-740.0
2021-09-10,262078.83000000555,19,115212.58000000555,-3133.75
2021-09-12,262411.52000000555,19,115165.27000000555,-2753.75
2021-09-13,264125.9600000056,19,115520.96000000561,-1395.0
2021-09-14,261634.12000000564,20,115561.62000000564,-3927.5
2021-09-15,263865.4100000057,19,115770.41000000568,-1905.0
2021-09-16,263727.97000000573,13,115852.97000000573,-2125.0
2021-09-17,260454.9300000058,16,115932.43000000581,-5477.5
2021-09-19,258854.9300000058,16,115932.43000000581,-7077.5
2021-09-20,257851.87000000587,21,116034.37000000587,-8182.5
2021-09-21,255641.2600000059,17,116138.76000000589,-10497.5
2021-09-22,259538.7800000059,17,116156.2800000059,-6617.5
2021-09-23,262835.07000000594,16,116281.32000000594,-3446.25
2021-09-24,263180.70000000595,12,116295.70000000595,-3115.0
2021-09-26,264033.20000000595,11,116295.70000000595,-2262.5
2021-09-27,262383.850000006,12,116322.60000000597,-3938.75
2021-09-28,258230.16000000603,15,116390.16000000603,-8160.0
2021-09-29,258819.55000000604,16,116403.30000000604,-7583.75
2021-09-30,250728.3700000061,20,116507.1200000061,-15778.75
2021-10-01,257540.29000000615,19,116732.79000000615,-9192.5
2021-10-03,256087.79000000615,14,116732.79000000615,-10645.0
2021-10-04,253891.5900000062,15,116776.5900000062,-12885.0
2021-10-05,255113.4800000062,15,116784.73000000621,-11671.25
2021-10-06,259351.6100000062,15,116794.11000000621,-7442.5
2021-10-07,260557.92000000627,14,116866.67000000627,-6308.75
2021-10-08,259900.4400000063,13,116884.19000000629,-6983.75
2021-10-10,259405.4400000063,12,116884.19000000629,-7478.75
2021-10-11,256329.22000000632,14,116900.47000000632,-10571.25
2021-10-12,256793.00000000634,15,116926.75000000634,-10133.75
2021-10-13,259234.26000000635,15,116935.51000000635,-7701.25
2021-10-14,263921.7800000064,14,117140.53000000637,-3218.75
2021-10-15,265173.6600000064,12,117229.91000000638,-2056.25
2021-10-17,264884.9100000064,11,117229.91000000638,-2345.0
2021-10-18,265861.1700000064,12,117243.67000000639,-1382.5
2021-10-19,267766.8100000064,12,117271.8100000064,495.0
2021-10-20,268359.4000000065,10,118341.90000000648,17.5
2021-10-21,268556.9200000065,3,118369.4200000065,187.5
2021-10-22,268555.74000000657,9,118655.74000000657,-100.0
2021-10-24,268840.74000000657,6,118655.74000000657,185.0
2021-10-25,269502.6800000066,7,119447.68000000663,55.0
2021-10-26,269363.97000000667,7,119567.72000000667,-203.75
2021-10-27,269054.0200000067,9,119621.52000000671,-567.5
2021-10-28,270519.7100000068,9,120645.96000000677,-126.25
2021-10-29,270991.5900000068,3,120645.34000000678,346.25
2021-10-31,271051.5900000068,3,120645.34000000678,406.25
2021-11-01,271096.03000000684,6,121107.28000000684,-11.25
2021-11-02,271611.69000000687,4,121621.69000000687,-10.0
2021-11-03,271931.7300000069,3,121897.98000000691,33.75
2021-11-04,272189.27000000695,4,122048.02000000695,141.25
2021-11-05,272544.950000007,6,122579.950000007,-35.0
2021-11-07,272424.950000007,4,122579.950000007,-155.0
2021-11-08,272436.850000007,5,122606.85000000702,-170.0
2021-11-09,271943.1600000071,8,122685.66000000708,-742.5
2021-11-10,271160.13000000716,18,122748.88000000716,-1588.75
2021-11-11,271729.5200000072,16,122812.02000000718,-1082.5
2021-11-12,274077.6500000072,15,122826.40000000718,1251.25
2021-11-14,274025.1500000072,14,122826.40000000718,1198.75
2021-11-15,274775.8900000073,14,124815.89000000729,-40.0
2021-11-16,275075.31000000733,4,125201.56000000733,-126.25
2021-11-17,275133.4800000074,9,125240.98000000737,-107.5
2021-11-18,276299.7600000074,9,125282.2600000074,1017.5
2021-11-19,275544.80000000744,10,125322.30000000744,222.5
2021-11-21,275961.05000000744,9,125322.30000000744,638.75
2021-11-22,275498.05000000756,11,126349.30000000756,-851.25
2021-11-23,275766.8500000076,15,126388.1000000076,-621.25
2021-11-24,278156.26000000763,16,126443.76000000763,1712.5
2021-11-25,274337.51000000763,13,126443.76000000763,-2106.25
2021-11-26,268678.8400000077,20,126543.84000000771,-7865.0
2021-11-28,273120.0900000077,17,126543.84000000771,-3423.75
2021-11-29,275160.77000000776,17,127075.77000000776,-1915.0
2021-11-30,272505.23000000784,20,127210.23000000784,-4705.0
2021-12-01,267867.1600000079,15,127630.91000000789,-9763.75
2021-12-02,270590.3000000079,14,127649.0500000079,-7058.75
2021-12-03,267936.60000000795,13,127692.85000000795,-9756.25
2021-12-05,269691.60000000795,13,127692.85000000795,-8001.25
2021-12-06,272682.87000000797,14,127710.37000000797,-5027.5
2021-12-07,278486.670000008,14,127934.17000000802,552.5
2021-12-08,277922.930000008,12,127947.93000000803,-25.0
2021-12-09,276666.1100000081,14,128016.11000000808,-1350.0
2021-12-10,279204.2700000081,13,128088.02000000811,1116.25
2021-12-12,280043.1300000081,11,128060.63000000811,1982.5
2021-12-13,276946.31000000815,14,128113.81000000816,-1167.5
2021-12-14,274716.33000000817,15,128141.33000000818,-3425.0
2021-12-15,279437.7000000083,16,129496.45000000829,-58.75
2021-12-16,277717.15000000835,14,129517.15000000836,-1800.0
2021-12-17,276104.75000000844,20,130179.75000000845,-4075.0
2021-12-19,272822.25000000844,13,130179.75000000845,-7357.5
2021-12-20,274067.28000000847,13,130206.03000000848,-6138.75
2021-12-21,277114.7900000085,14,130214.79000000849,-3100.0
2021-12-22,280329.8000000085,13,130263.5500000085,66.25
2021-12-23,281439.24000000855,11,131415.49000000855,23.75
2021-12-26,281474.24000000855,2,131415.49000000855,58.75
2021-12-27,281814.9000000086,2,131728.65000000858,86.25
2021-12-28,281928.6900000086,4,131887.44000000862,41.25
2021-12-29,281933.08000000863,4,131900.58000000863,32.5
2021-12-30,281508.7500000087,6,131955.00000000867,-446.25
2021-12-31,281458.1700000087,8,131994.42000000871,-536.25
2022-01-02,282098.1700000087,8,131994.42000000871,103.75
2022-01-03,282871.34000000876,8,132092.59000000876,778.75
2022-01-04,282472.69000000885,9,133107.69000000885,-635.0
2022-01-05,274400.950000009,21,133205.95000000898,-8805.0
2022-01-06,277401.610000009,20,133256.610000009,-5855.0
2022-01-07,274554.14000000904,20,133282.89000000904,-8728.75
2022-01-09,275195.39000000904,19,133282.89000000904,-8087.5
2022-01-10,274010.42000000906,20,133309.17000000906,-9298.75
2022-01-11,278460.4300000091,19,133317.93000000907,-4857.5
2022-01-12,279054.8400000091,19,133461.0900000091,-4406.25
2022-01-13,275098.0500000092,16,133530.55000000919,-8432.5
2022-01-14,275920.5900000092,15,133565.59000000922,-7645.0
2022-01-16,274420.5900000092,15,133565.59000000922,-9145.0
2022-01-17,273651.8400000092,15,133565.59000000922,-9913.75
2022-01-18,267093.1800000093,16,133644.4300000093,-16551.25
2022-01-19,266998.2000000093,15,133661.95000000932,-16663.75
2022-01-20,258973.89000000939,17,133713.89000000939,-24740.0
2022-01-21,254102.6500000094,16,133722.6500000094,-29620.0
2022-01-23,257262.6500000094,16,133722.6500000094,-26460.0
2022-01-24,251120.1700000094,16,133740.1700000094,-32620.0
2022-01-25,252420.1700000094,16,133740.1700000094,-31320.0
2022-01-26,245638.3800000095,18,133809.6300000095,-38171.25
2022-01-27,250279.0100000095,17,133819.0100000095,-33540.0
2022-01-28,257256.53000000952,16,133836.53000000952,-26580.0
2022-01-30,258276.53000000952,16,133836.53000000952,-25560.0
2022-01-31,263025.2900000095,17,133845.29000000953,-20820.0
2022-02-01,268174.68000000954,16,133863.43000000954,-15688.75
2022-02-02,266400.95000000956,17,133870.95000000956,-17470.0
2022-02-03,265155.3900000096,19,133922.89000000962,-18767.5
2022-02-04,262238.55000000965,18,133958.55000000965,-21720.0
2022-02-06,262939.80000000965,17,133958.55000000965,-21018.75
2022-02-07,261587.94000000966,19,133966.69000000966,-22378.75
2022-02-08,266438.5900000097,18,133993.5900000097,-17555.0
2022-02-09,269296.1100000097,17,134066.1100000097,-14770.0
2022-02-10,261558.66000000975,16,134109.91000000975,-22551.25
2022-02-11,257650.5700000098,17,134135.5700000098,-26485.0
2022-02-13,257950.5700000098,16,134135.5700000098,-26185.0
2022-02-14,256025.61000000982,18,134170.61000000982,-28145.0
2022-02-15,260623.13000000984,17,134188.13000000984,-23565.0
2022-02-16,259693.8100000099,17,134231.3100000099,-24537.5
2022-02-17,256400.14000000997,20,134291.39000000997,-27891.25
2022-02-18,250735.18000001,19,134326.43000001,-33591.25
2022-02-20,252872.68000001,19,134326.43000001,-31453.75
2022-02-21,244251.43000001,19,134326.43000001,-40075.0
2022-02-22,248923.95000001002,20,134343.95000001002,-35420.0
2022-02-23,231068.34000001004,20,134352.09000001004,-53283.75
2022-02-24,243051.47000001004,20,134361.47000001004,-41310.0
2022-02-25,254213.97000001004,19,134361.47000001004,-30147.5
2022-02-27,244310.22000001004,19,134361.47000001004,-40051.25
2022-02-28,253168.97000001004,19,134361.47000001004,-31192.5
2022-03-01,248421.50000001007,20,134387.75000001007,-35966.25
2022-03-02,254477.7700000101,19,134405.2700000101,-29927.5
2022-03-03,249987.82000001014,19,134576.57000001014,-34588.75
2022-03-04,249555.36000001017,18,134611.61000001017,-35056.25
2022-03-06,245772.86000001017,17,134611.61000001017,-38838.75
2022-03-07,238548.55000001023,19,134663.55000001023,-46115.0
2022-03-08,238844.23000001028,18,134716.73000001028,-45872.5
2022-03-09,245206.7400000103,17,134725.4900000103,-39518.75
2022-03-10,242762.9900000103,17,134725.4900000103,-41962.5
2022-03-11,239766.79000001034,19,134759.29000001034,-44992.5
2022-03-13,241001.98000001034,19,134711.98000001034,-43710.0
2022-03-14,238107.0300000104,19,134765.7800000104,-46658.75
2022-03-15,244320.7900000104,18,134774.5400000104,-40453.75
2022-03-16,252329.61000001046,19,134835.86000001046,-32506.25
2022-03-17,254922.11000001046,17,134835.86000001046,-29913.75
2022-03-18,262857.1200000105,17,134844.62000001047,-21987.5
2022-03-20,260987.12000001047,17,134844.62000001047,-23857.5
2022-03-21,261164.04000001051,18,134889.04000001051,-23725.0
2022-03-22,266405.9300000105,16,134907.18000001053,-18501.25
2022-03-23,262647.84000001056,16,134932.84000001056,-22285.0
2022-03-24,266614.7300000106,16,135003.48000001058,-18388.75
2022-03-25,268441.0100000106,16,135029.7600000106,-16588.75
2022-03-27,267353.5100000106,15,135029.7600000106,-17676.25
2022-03-28,270989.7800000106,17,135047.28000001062,-14057.5
2022-03-29,274646.0300000106,15,135047.28000001062,-10401.25
2022-03-30,273726.05000001064,16,135064.80000001064,-11338.75
2022-03-31,269006.1100000107,17,135107.3600000107,-16101.25
2022-04-01,268391.16000001074,18,135151.16000001074,-16760.0
2022-04-03,268497.41000001074,17,135151.16000001074,-16653.75
2022-04-04,271260.55000001076,17,135169.30000001076,-13908.75
2022-04-05,266924.3400000108,16,135204.3400000108,-18280.0
2022-04-06,262379.38000001083,18,135239.38000001083,-22860.0
2022-04-07,265439.38000001083,16,135239.38000001083,-19800.0
2022-04-08,264534.42000001087,17,135274.42000001087,-20740.0
2022-04-10,262294.42000001087,16,135274.42000001087,-22980.0
2022-04-11,256726.3400000109,18,135308.8400000109,-28582.5
2022-04-12,259288.26000001095,17,135488.26000001095,-26200.0
2022-04-13,261728.26000001095,16,135488.26000001095,-23760.0
2022-04-14,256938.29000001098,18,135504.54000001098,-28566.25
2022-04-17,254958.29000001098,18,135504.54000001098,-30546.25
2022-04-18,258280.190000011,18,135531.440000011,-27251.25
2022-04-19,261709.58000001102,17,135549.58000001102,-23840.0
2022-04-20,263809.580000011,16,135549.58000001102,-21740.0
2022-04-21,254725.27000001108,20,135591.52000001108,-30866.25
2022-04-22,242925.9200000111,20,135608.4200000111,-42682.5
2022-04-24,242375.9200000111,20,135608.4200000111,-43232.5
2022-04-25,247834.07000001112,21,135635.32000001112,-37801.25
2022-04-26,237520.34000001114,20,135652.84000001114,-48132.5
2022-04-27,239090.37000001117,20,135679.12000001117,-46588.75
2022-04-28,244229.7900000112,21,135713.5400000112,-41483.75
2022-04-29,231374.22000001126,21,135756.72000001126,-54382.5
2022-05-01,232686.72000001126,21,135756.72000001126,-53070.0
2022-05-02,234270.5100000113,22,135791.7600000113,-51521.25
2022-05-03,235076.15000001132,21,135809.90000001132,-50733.75
2022-05-04,247150.57000001136,21,135854.32000001136,-38703.75
2022-05-05,233244.3600000114,19,135889.3600000114,-52645.0
2022-05-06,230001.90000001143,20,135924.40000001143,-55922.5
2022-05-08,227128.15000001143,19,135924.40000001143,-58796.25
2022-05-09,220361.93000001146,20,135950.68000001146,-65588.75
2022-05-10,220658.2200000115,20,135985.7200000115,-65327.5
2022-05-11,213844.50000001153,20,136012.00000001153,-72167.5
2022-05-12,216412.03000001155,19,136038.28000001155,-69626.25
2022-05-13,220877.03000001155,19,136038.28000001155,-65161.25
2022-05-15,218882.03000001155,19,136038.28000001155,-67156.25
2022-05-16,221187.6900000116,21,136063.9400000116,-64876.25
2022-05-17,226785.8400000116,20,136294.5900000116,-59508.75
2022-05-18,213220.89000001166,20,136338.39000001166,-73117.5
2022-05-19,212564.65000001166,20,136347.15000001166,-73782.5
2022-05-20,210643.4300000117,20,136373.4300000117,-75730.0
2022-05-22,213350.9300000117,19,136373.4300000117,-73022.5
2022-05-23,214365.9500000117,20,136390.9500000117,-72025.0
2022-05-24,216820.96000001172,19,136399.71000001172,-69578.75
2022-05-25,217654.74000001175,20,136425.99000001175,-68771.25
2022-05-26,224592.27000001178,20,136452.27000001178,-61860.0
2022-05-27,235977.2800000118,20,136461.0300000118,-50483.75
2022-05-29,236476.0300000118,19,136461.0300000118,-49985.0
2022-05-30,235668.5300000118,19,136461.0300000118,-50792.5
2022-05-31,233913.5600000118,21,136487.3100000118,-52573.75
2022-06-01,229511.72000001185,20,136512.97000001185,-57001.25
2022-06-02,236872.38000001188,21,136548.63000001188,-49676.25
2022-06-03,230533.6600000119,20,136574.9100000119,-56041.25
2022-06-05,232219.9100000119,19,136574.9100000119,-54355.0
2022-06-06,229877.42000001192,20,136583.67000001192,-56706.25
2022-06-07,233733.68000001193,19,136592.43000001193,-52858.75
2022-06-08,230814.96000001195,19,136618.71000001195,-55803.75
2022-06-09,222325.650000012,21,136670.650000012,-64345.0
2022-06-10,210461.97000001208,22,136731.97000001208,-76270.0
2022-06-12,204786.97000001208,20,136731.97000001208,-81945.0
2022-06-13,197555.97000001214,21,136725.97000001214,-89170.0
2022-06-14,194948.49000001216,20,136743.49000001216,-91795.0
2022-06-15,200567.2900000122,21,136787.2900000122,-86220.0
2022-06-16,188667.2900000122,20,136787.2900000122,-98120.0
2022-06-17,188026.0500000122,20,136796.0500000122,-98770.0
2022-06-19,188726.0500000122,20,136796.0500000122,-98070.0
2022-06-20,193176.0500000122,20,136796.0500000122,-93620.0
2022-06-21,192779.19000001223,21,136804.19000001223,-94025.0
2022-06-22,194969.85000001226,21,136839.85000001226,-91870.0
2022-06-23,201303.61000001227,21,136848.61000001227,-85545.0
2022-06-24,211203.61000001227,20,136848.61000001227,-75645.0
2022-06-26,212353.61000001227,20,136848.61000001227,-74495.0
2022-06-27,209731.17000001232,21,136901.17000001232,-77170.0
2022-06-28,202941.21000001236,21,136936.21000001236,-83995.0
2022-06-29,200901.2500000124,21,136971.2500000124,-86070.0
2022-06-30,195477.53000001243,20,136997.53000001243,-91520.0
2022-07-01,202427.53000001243,20,136997.53000001243,-84570.0
2022-07-03,200402.53000001243,20,136997.53000001243,-86595.0
2022-07-04,203477.53000001243,20,136997.53000001243,-83520.0
2022-07-05,203262.57000001246,21,137032.57000001246,-83770.0
2022-07-06,204922.6100000125,21,137067.6100000125,-82145.0
2022-07-07,208806.3700000125,21,137076.3700000125,-78270.0
2022-07-08,210593.9700000126,21,137163.9700000126,-76570.0
2022-07-10,207793.9700000126,20,137163.9700000126,-79370.0
2022-07-11,203665.89000001265,22,137198.39000001265,-83532.5
2022-07-12,202998.43000001268,22,137233.43000001268,-84235.0
2022-07-13,199979.7100000127,22,137259.7100000127,-87280.0
2022-07-14,200697.22000001272,22,137268.47000001272,-86571.25
2022-07-15,206850.37000001274,21,137295.37000001274,-80445.0
2022-07-17,208275.37000001274,20,137295.37000001274,-79020.0
2022-07-18,204023.53000001278,22,137321.03000001278,-83297.5
2022-07-19,216210.41000001278,21,137330.41000001278,-71120.0
2022-07-20,215861.6900000128,21,137356.6900000128,-71495.0
2022-07-21,218804.21000001283,20,137374.21000001283,-68570.0
2022-07-22,216587.97000001284,20,137382.97000001284,-70795.0
2022-07-24,216387.97000001284,20,137382.97000001284,-70995.0
2022-07-25,216196.73000001285,20,137391.73000001285,-71195.0
2022-07-26,215565.5300000129,21,137435.5300000129,-71870.0
2022-07-27,221833.0500000129,21,137453.0500000129,-65620.0
2022-07-28,229838.69000001292,20,137471.19000001292,-57632.5
2022-07-29,233338.70000001293,20,137479.95000001293,-54141.25
2022-07-31,231581.20000001293,19,137479.95000001293,-55898.75
2022-08-01,230696.22000001295,20,137497.47000001295,-56801.25
2022-08-02,230280.010000013,20,137532.510000013,-57252.5
2022-08-03,235118.140000013,20,137531.890000013,-52413.75
2022-08-04,236323.80000001303,20,137567.55000001303,-51243.75
2022-08-05,234313.81000001304,20,137576.31000001304,-53262.5
2022-08-07,234076.31000001304,19,137576.31000001304,-53500.0
2022-08-08,235352.58000001305,20,137593.83000001305,-52241.25
2022-08-09,232513.8700000131,20,137628.8700000131,-55115.0
2022-08-10,242046.3800000131,20,137637.6300000131,-45591.25
2022-08-11,241453.29000001313,20,137663.29000001313,-46210.0
2022-08-12,247677.67000001314,20,137735.17000001314,-40057.5
2022-08-14,246751.42000001314,19,137735.17000001314,-40983.75
2022-08-15,248863.30000001314,20,137734.55000001314,-38871.25
2022-08-16,250215.22000001319,21,137778.97000001319,-37563.75
2022-08-17,246922.7300000132,20,137787.7300000132,-40865.0
2022-08-18,247542.14000001323,20,137813.39000001323,-40271.25
2022-08-19,242263.44000001327,23,137847.19000001327,-45583.75
2022-08-21,240778.44000001327,22,137847.19000001327,-47068.75
2022-08-22,233222.8500000133,24,137872.8500000133,-54650.0
2022-08-23,229618.49000001332,24,137880.99000001332,-58262.5
2022-08-24,234054.13000001333,24,137899.13000001333,-53845.0
2022-08-25,238997.26000001334,23,137908.51000001334,-48911.25
2022-08-26,220858.54000001337,24,137924.79000001337,-67066.25
2022-08-28,219208.54000001337,24,137924.79000001337,-68716.25
2022-08-29,220588.54000001337,24,137924.79000001337,-67336.25
2022-08-30,216838.54000001337,24,137924.79000001337,-71086.25
2022-08-31,206998.54000001337,24,137924.79000001337,-80926.25
2022-09-01,211528.54000001337,24,137924.79000001337,-76396.25
2022-09-02,207718.54000001337,24,137924.79000001337,-80206.25
2022-09-04,207628.54000001337,24,137924.79000001337,-80296.25
2022-09-05,208498.54000001337,24,137924.79000001337,-79426.25
2022-09-06,202828.54000001337,24,137924.79000001337,-85096.25
2022-09-07,213448.54000001337,24,137924.79000001337,-74476.25
2022-09-08,217978.54000001337,24,137924.79000001337,-69946.25
2022-09-09,223678.54000001337,24,137924.79000001337,-64246.25
2022-09-11,223678.54000001337,24,137924.79000001337,-64246.25
2022-09-12,229318.78000001336,24,137865.03000001336,-58546.25
2022-09-13,208288.78000001336,24,137865.03000001336,-79576.25
2022-09-14,209698.78000001336,24,137865.03000001336,-78166.25
2022-09-15,200338.78000001336,24,137865.03000001336,-87526.25
2022-09-16,201718.78000001336,24,137865.03000001336,-86146.25
2022-09-18,199138.78000001336,24,137865.03000001336,-88726.25
2022-09-19,204508.78000001336,24,137865.03000001336,-83356.25
2022-09-20,198868.78000001336,24,137865.03000001336,-88996.25
2022-09-21,187288.78000001336,24,137865.03000001336,-100576.25
2022-09-22,185398.78000001336,24,137865.03000001336,-102466.25
2022-09-23,178768.78000001336,24,137865.03000001336,-109096.25
2022-09-25,176098.78000001336,24,137865.03000001336,-111766.25
2022-09-26,176818.78000001336,24,137865.03000001336,-111046.25
2022-09-27,170128.78000001336,24,137865.03000001336,-117736.25
2022-09-28,180958.78000001336,24,137865.03000001336,-106906.25
2022-09-29,170728.78000001336,24,137865.03000001336,-117136.25
2022-09-30,165928.78000001336,24,137865.03000001336,-121936.25
2022-10-02,165298.78000001336,24,137865.03000001336,-122566.25
2022-10-03,180028.78000001336,24,137865.03000001336,-107836.25
2022-10-04,187738.78000001336,24,137865.03000001336,-100126.25
2022-10-05,190948.78000001336,24,137865.03000001336,-96916.25
2022-10-06,183658.78000001336,24,137865.03000001336,-104206.25
2022-10-07,171508.78000001336,24,137865.03000001336,-116356.25
2022-10-09,169768.78000001336,24,137865.03000001336,-118096.25
2022-10-10,166138.78000001336,24,137865.03000001336,-121726.25
2022-10-11,165958.78000001336,24,137865.03000001336,-121906.25
2022-10-12,164668.78000001336,24,137865.03000001336,-123196.25
2022-10-13,178618.78000001336,24,137865.03000001336,-109246.25
2022-10-14,164998.78000001336,24,137865.03000001336,-122866.25
2022-10-16,166918.78000001336,24,137865.03000001336,-120946.25
2022-10-17,182518.78000001336,24,137865.03000001336,-105346.25
2022-10-18,184828.78000001336,24,137865.03000001336,-103036.25
2022-10-19,175558.78000001336,24,137865.03000001336,-112306.25
2022-10-20,173248.78000001336,24,137865.03000001336,-114616.25
2022-10-21,186058.78000001336,24,137865.03000001336,-101806.25
2022-10-23,185308.78000001336,24,137865.03000001336,-102556.25
2022-10-24,190528.78000001336,24,137865.03000001336,-97336.25
2022-10-25,193738.78000001336,24,137865.03000001336,-94126.25
2022-10-26,196768.78000001336,24,137865.03000001336,-91096.25
2022-10-27,189898.78000001336,24,137865.03000001336,-97966.25
2022-10-28,204178.78000001336,24,137865.03000001336,-83686.25
2022-10-30,202498.78000001336,24,137865.03000001336,-85366.25
2022-10-31,201028.78000001336,24,137865.03000001336,-86836.25
2022-11-01,198478.78000001336,24,137865.03000001336,-89386.25
2022-11-02,186718.78000001336,24,137865.03000001336,-101146.25
2022-11-03,180808.78000001336,24,137865.03000001336,-107056.25
2022-11-04,186148.78000001336,24,137865.03000001336,-101716.25
2022-11-06,186208.78000001336,24,137865.03000001336,-101656.25
2022-11-07,190918.78000001336,24,137865.03000001336,-96946.25
2022-11-08,194068.78000001336,24,137865.03000001336,-93796.25
2022-11-09,185158.78000001336,24,137865.03000001336,-102706.25
2022-11-10,209668.78000001336,24,137865.03000001336,-78196.25
2022-11-11,213358.78000001336,24,137865.03000001336,-74506.25
2022-11-13,212158.78000001336,24,137865.03000001336,-75706.25
2022-11-14,211318.78000001336,24,137865.03000001336,-76546.25
2022-11-15,212068.78000001336,24,137865.03000001336,-75796.25
2022-11-16,209878.78000001336,24,137865.03000001336,-77986.25
2022-11-17,207988.78000001336,24,137865.03000001336,-79876.25
2022-11-18,209998.78000001336,24,137865.03000001336,-77866.25
2022-11-20,208978.78000001336,24,137865.03000001336,-78886.25
2022-11-21,208888.78000001336,24,137865.03000001336,-78976.25
2022-11-22,214348.78000001336,24,137865.03000001336,-73516.25
2022-11-23,218458.78000001336,24,137865.03000001336,-69406.25
2022-11-24,218548.78000001336,24,137865.03000001336,-69316.25
2022-11-25,217528.78000001336,24,137865.03000001336,-70336.25
2022-11-27,214228.78000001336,24,137865.03000001336,-73636.25
2022-11-28,211408.78000001336,24,137865.03000001336,-76456.25
2022-11-29,209518.78000001336,24,137865.03000001336,-78346.25
2022-11-30,224038.78000001336,24,137865.03000001336,-63826.25
2022-12-01,222268.78000001336,24,137865.03000001336,-65596.25
2022-12-02,221428.78000001336,24,137865.03000001336,-66436.25
2022-12-04,221878.78000001336,24,137865.03000001336,-65986.25
2022-12-05,214228.78000001336,24,137865.03000001336,-73636.25
2022-12-06,207658.78000001336,24,137865.03000001336,-80206.25
2022-12-07,205318.78000001336,24,137865.03000001336,-82546.25
2022-12-08,210328.78000001336,24,137865.03000001336,-77536.25
2022-12-09,205228.78000001336,24,137865.03000001336,-82636.25
2022-12-11,205438.78000001336,24,137865.03000001336,-82426.25
2022-12-12,212039.02000001335,24,137805.27000001335,-75766.25
2022-12-13,217529.02000001335,24,137805.27000001335,-70276.25
2022-12-14,213149.02000001335,24,137805.27000001335,-74656.25
2022-12-15,200189.02000001335,24,137805.27000001335,-87616.25
2022-12-16,194039.02000001335,24,137805.27000001335,-93766.25
2022-12-18,195539.02000001335,24,137805.27000001335,-92266.25
2022-12-19,186839.02000001335,24,137805.27000001335,-100966.25
2022-12-20,192929.02000001335,24,137805.27000001335,-94876.25
2022-12-21,199559.02000001335,24,137805.27000001335,-88246.25
2022-12-22,191729.02000001335,24,137805.27000001335,-96076.25
2022-12-23,193589.02000001335,24,137805.27000001335,-94216.25
2022-12-26,196739.02000001335,24,137805.27000001335,-91066.25
2022-12-27,192389.02000001335,24,137805.27000001335,-95416.25
2022-12-28,186779.02000001335,24,137805.27000001335,-101026.25
2022-12-29,193499.02000001335,24,137805.27000001335,-94306.25
2022-12-30,193529.02000001335,24,137805.27000001335,-94276.25
2023-01-02,193109.02000001335,24,137805.27000001335,-94696.25
2023-01-03,191759.02000001335,24,137805.27000001335,-96046.25
2023-01-04,194159.02000001335,24,137805.27000001335,-93646.25
2023-01-05,191189.02000001335,24,137805.27000001335,-96616.25
2023-01-06,199049.02000001335,24,137805.27000001335,-88756.25
2023-01-08,200969.02000001335,24,137805.27000001335,-86836.25
2023-01-09,197699.02000001335,24,137805.27000001335,-90106.25
2023-01-10,202499.02000001335,24,137805.27000001335,-85306.25
2023-01-11,208709.02000001335,24,137805.27000001335,-79096.25
2023-01-12,208649.02000001335,24,137805.27000001335,-79156.25
2023-01-13,211679.02000001335,24,137805.27000001335,-76126.25
2023-01-15,212189.02000001335,24,137805.27000001335,-75616.25
2023-01-16,210059.02000001335,24,137805.27000001335,-77746.25
2023-01-17,211139.02000001335,24,137805.27000001335,-76666.25
2023-01-18,202349.02000001335,24,137805.27000001335,-85456.25
2023-01-19,200339.02000001335,24,137805.27000001335,-87466.25
2023-01-20,207959.02000001335,24,137805.27000001335,-79846.25
2023-01-22,207599.02000001335,24,137805.27000001335,-80206.25
2023-01-23,213839.02000001335,24,137805.27000001335,-73966.25
2023-01-24,211139.02000001335,24,137805.27000001335,-76666.25
2023-01-25,213809.02000001335,24,137805.27000001335,-73996.25
2023-01-26,217109.02000001335,24,137805.27000001335,-70696.25
2023-01-27,219479.02000001335,24,137805.27000001335,-68326.25
2023-01-29,218039.02000001335,24,137805.27000001335,-69766.25
2023-01-30,212999.02000001335,24,137805.27000001335,-74806.25
2023-01-31,219029.02000001335,24,137805.27000001335,-68776.25
2023-02-01,227039.02000001335,24,137805.27000001335,-60766.25
2023-02-02,229962.17000001337,24,137832.17000001337,-57870.0
2023-02-03,227182.18000001338,24,137840.93000001338,-60658.75
2023-02-05,225658.43000001338,23,137840.93000001338,-62182.5
2023-02-06,224994.7100000134,24,137867.2100000134,-62872.5
2023-02-07,230569.74000001344,24,137893.49000001344,-57323.75
2023-02-08,226381.00000001345,24,137902.25000001345,-61521.25
2023-02-09,220106.66000001348,24,137927.91000001348,-67821.25
2023-02-10,221906.66000001348,24,137927.91000001348,-66021.25
2023-02-12,219956.66000001348,24,137927.91000001348,-67971.25
2023-02-13,226953.5500000135,24,137957.3000000135,-61003.75
2023-02-14,225283.58000001352,24,137983.58000001352,-62700.0
2023-02-15,229659.87000001356,24,138018.62000001356,-58358.75
2023-02-16,219956.77000001358,24,138035.52000001358,-68078.75
2023-02-17,220226.77000001358,24,138035.52000001358,-67808.75
2023-02-19,220256.77000001358,24,138035.52000001358,-67778.75
2023-02-20,218306.77000001358,24,138035.52000001358,-69728.75
2023-02-21,211616.77000001358,24,138035.52000001358,-76418.75
2023-02-22,212156.77000001358,24,138035.52000001358,-75878.75
2023-02-23,211706.77000001358,24,138035.52000001358,-76328.75
2023-02-24,206876.77000001358,24,138035.52000001358,-81158.75
2023-02-26,207686.77000001358,24,138035.52000001358,-80348.75
2023-02-27,208916.77000001358,24,138035.52000001358,-79118.75
2023-02-28,207026.77000001358,24,138035.52000001358,-81008.75
2023-03-01,203036.77000001358,24,138035.52000001358,-84998.75
2023-03-02,207206.77000001358,24,138035.52000001358,-80828.75
2023-03-03,216236.77000001358,24,138035.52000001358,-71798.75
2023-03-05,216536.77000001358,24,138035.52000001358,-71498.75
2023-03-06,217256.77000001358,24,138035.52000001358,-70778.75
2023-03-07,208736.77000001358,24,138035.52000001358,-79298.75
2023-03-08,208766.77000001358,24,138035.52000001358,-79268.75
2023-03-09,196616.77000001358,24,138035.52000001358,-91418.75
2023-03-10,195416.77000001358,24,138035.52000001358,-92618.75
2023-03-12,201566.77000001358,24,138035.52000001358,-86468.75
2023-03-13,195057.01000001357,24,137975.76000001357,-92918.75
2023-03-14,201057.01000001357,24,137975.76000001357,-86918.75
2023-03-15,198417.01000001357,24,137975.76000001357,-89558.75
2023-03-16,205287.01000001357,24,137975.76000001357,-82688.75
2023-03-17,199827.01000001357,24,137975.76000001357,-88148.75
2023-03-19,200367.01000001357,24,137975.76000001357,-87608.75
2023-03-20,204567.01000001357,24,137975.76000001357,-83408.75
2023-03-21,210537.01000001357,24,137975.76000001357,-77438.75
2023-03-22,204657.01000001357,24,137975.76000001357,-83318.75
2023-03-23,203847.01000001357,24,137975.76000001357,-84128.75
2023-03-24,207327.01000001357,24,137975.76000001357,-80648.75
2023-03-26,208707.01000001357,24,137975.76000001357,-79268.75
2023-03-27,207657.01000001357,24,137975.76000001357,-80318.75
2023-03-28,208227.01000001357,24,137975.76000001357,-79748.75
2023-03-29,212757.01000001357,24,137975.76000001357,-75218.75
2023-03-30,217047.01000001357,24,137975.76000001357,-70928.75
2023-03-31,222807.01000001357,24,137975.76000001357,-65168.75
2023-04-02,221007.01000001357,24,137975.76000001357,-66968.75
2023-04-03,224307.01000001357,24,137975.76000001357,-63668.75
2023-04-04,221787.01000001357,24,137975.76000001357,-66188.75
2023-04-05,218847.01000001357,24,137975.76000001357,-69128.75
2023-04-06,221487.01000001357,24,137975.76000001357,-66488.75
2023-04-07,223107.01000001357,24,137975.76000001357,-64868.75
2023-04-09,221847.01000001357,24,137975.76000001357,-66128.75
2023-04-10,222897.01000001357,24,137975.76000001357,-65078.75
2023-04-11,222597.01000001357,24,137975.76000001357,-65378.75
2023-04-12,220707.01000001357,24,137975.76000001357,-67268.75
2023-04-13,226575.7800000136,24,137993.2800000136,-61417.5
2023-04-14,226723.99000001367,24,138072.74000001367,-61348.75
2023-04-16,226551.49000001367,23,138072.74000001367,-61521.25
2023-04-17,227049.00000001368,24,138081.50000001368,-61032.5
2023-04-18,227054.6600000137,24,138107.1600000137,-61052.5
2023-04-19,226632.80000001373,24,138125.30000001373,-61492.5
2023-04-20,224813.43000001373,24,138124.68000001373,-63311.25
2023-04-21,224603.43000001373,24,138124.68000001373,-63521.25
2023-04-23,223523.43000001373,24,138124.68000001373,-64601.25
2023-04-24,224033.43000001373,24,138124.68000001373,-64091.25
2023-04-25,219353.43000001373,24,138124.68000001373,-68771.25
2023-04-26,216353.43000001373,24,138124.68000001373,-71771.25
2023-04-27,224120.32000001374,24,138142.82000001374,-64022.5
2023-04-28,228959.08000001375,24,138151.58000001375,-59192.5
2023-04-30,229016.58000001375,23,138151.58000001375,-59135.0
2023-05-01,228123.47000001377,24,138159.72000001377,-60036.25
2023-05-02,223263.47000001377,24,138159.72000001377,-64896.25
2023-05-03,219603.47000001377,24,138159.72000001377,-68556.25
2023-05-04,217173.47000001377,24,138159.72000001377,-70986.25
2023-05-05,223953.47000001377,24,138159.72000001377,-64206.25
2023-05-07,223653.47000001377,24,138159.72000001377,-64506.25
2023-05-08,224253.47000001377,24,138159.72000001377,-63906.25
2023-05-09,222573.47000001377,24,138159.72000001377,-65586.25
2023-05-10,225303.47000001377,24,138159.72000001377,-62856.25
2023-05-11,223953.47000001377,24,138159.72000001377,-64206.25
2023-05-12,221913.47000001377,24,138159.72000001377,-66246.25
2023-05-14,222543.47000001377,24,138159.72000001377,-65616.25
2023-05-15,223173.47000001377,24,138159.72000001377,-64986.25
2023-05-16,221703.47000001377,24,138159.72000001377,-66456.25
2023-05-17,226413.47000001377,24,138159.72000001377,-61746.25
2023-05-18,232225.35000001377,24,138169.10000001377,-55943.75
2023-05-19,229777.2400000138,24,138177.2400000138,-58400.0
2023-05-21,230407.2400000138,24,138177.2400000138,-57770.0
2023-05-22,231677.2600000138,24,138194.7600000138,-56517.5
2023-05-23,225617.2600000138,24,138194.7600000138,-62577.5
2023-05-24,222977.2600000138,24,138194.7600000138,-65217.5
2023-05-25,224237.2600000138,24,138194.7600000138,-63957.5
2023-05-26,232335.41000001383,24,138221.66000001383,-55886.25
2023-05-28,232680.41000001383,23,138221.66000001383,-55541.25
2023-05-29,232709.16000001383,23,138221.66000001383,-55512.5
2023-05-30,230777.97000001388,24,138274.22000001388,-57496.25
2023-05-31,229386.7400000139,24,138291.7400000139,-58905.0
2023-06-01,234271.77000001393,24,138318.02000001393,-54046.25
2023-06-02,240240.53000001394,23,138393.03000001394,-48152.5
2023-06-04,239694.28000001394,23,138393.03000001394,-48698.75
2023-06-05,239389.31000001397,24,138419.31000001397,-49030.0
2023-06-06,240881.840000014,24,138445.590000014,-47563.75
2023-06-07,238286.26000001404,23,138490.01000001404,-50203.75
2023-06-08,241081.28000001406,23,138507.53000001406,-47426.25
2023-06-09,242161.3200000141,23,138542.5700000141,-46381.25
2023-06-11,242711.3200000141,22,138542.5700000141,-45831.25
2023-06-12,247174.67000001413,23,138508.4200000141,-41333.75
2023-06-13,249145.96000001417,21,138609.71000001414,-39463.75
2023-06-14,249436.02000001422,20,138662.2700000142,-39226.25
2023-06-15,253836.65000001423,20,138661.6500000142,-34825.0
2023-06-16,253339.18000001425,21,138774.18000001422,-35435.0
2023-06-18,252389.18000001425,20,138774.18000001422,-36385.0
2023-06-19,251814.18000001425,20,138774.18000001422,-36960.0
2023-06-20,250912.3500000143,22,138808.60000001427,-37896.25
2023-06-21,248234.91000001435,22,138861.16000001432,-40626.25
2023-06-22,248016.18000001437,22,138878.68000001434,-40862.5
2023-06-23,246140.5800000144,23,138895.58000001436,-42755.0
2023-06-25,247405.5800000144,22,138895.58000001436,-41490.0
2023-06-26,245220.63000001444,22,138939.3800000144,-43718.75
2023-06-27,248624.39000001445,22,138948.14000001442,-40323.75
2023-06-28,249626.3100000145,23,138992.56000001446,-39366.25
2023-06-29,251384.46000001451,21,139019.4600000145,-37635.0
2023-06-30,255932.62000001455,20,139055.12000001452,-33122.5
2023-07-02,256526.37000001455,19,139055.12000001452,-32528.75
2023-07-03,256772.63000001456,20,139063.88000001453,-32291.25
2023-07-04,256582.63000001456,19,139063.88000001453,-32481.25
2023-07-05,254667.03000001458,20,139080.78000001455,-34413.75
2023-07-06,252284.5500000146,22,139098.30000001457,-36813.75
2023-07-07,251238.9400000146,23,139096.44000001458,-37857.5
2023-07-09,249657.6900000146,23,139096.44000001458,-39438.75
2023-07-10,252280.83000001463,24,139114.5800000146,-36833.75
2023-07-11,255237.11000001465,22,139150.86000001463,-33913.75
2023-07-12,259654.0200000147,20,139309.02000001466,-29655.0
2023-07-13,261839.0200000147,19,139309.02000001466,-27470.0
2023-07-14,261177.1700000147,20,139325.92000001468,-28148.75
2023-07-16,260902.1700000147,20,139325.92000001468,-28423.75
2023-07-17,262550.9300000147,20,139334.6800000147,-26783.75
2023-07-18,266084.6900000147,20,139353.4400000147,-23268.75
2023-07-19,266442.8700000148,18,139406.62000001475,-22963.75
2023-07-20,264728.5400000148,19,139441.0400000148,-24712.5
2023-07-21,264270.44000001485,19,139459.19000001482,-25188.75
2023-07-23,264199.19000001485,19,139459.19000001482,-25260.0
2023-07-24,265997.9700000149,19,139535.47000001484,-23537.5
2023-07-25,267120.4900000149,18,139552.99000001486,-22432.5
2023-07-26,268120.54000001494,18,139596.7900000149,-21476.25
2023-07-27,265249.360000015,18,139681.86000001497,-24432.5
2023-07-28,268308.760000015,17,139708.760000015,-21400.0
2023-07-30,267628.760000015,16,139708.760000015,-22080.0
2023-07-31,269175.04000001505,17,139735.04000001503,-20560.0
2023-08-01,266212.5600000151,17,139752.56000001504,-23540.0
2023-08-02,263187.6000000151,17,139787.60000001508,-26600.0
2023-08-03,262742.64000001515,17,139822.64000001512,-27080.0
2023-08-04,259463.92000001518,19,139838.92000001515,-30375.0
2023-08-06,261061.42000001518,18,139838.92000001515,-28777.5
2023-08-07,262106.4400000152,18,139866.44000001517,-27760.0
2023-08-08,261595.2000000152,17,139875.20000001517,-28280.0
2023-08-09,260212.76000001526,19,139917.76000001523,-29705.0
2023-08-10,258937.82000001532,18,140077.8200000153,-31140.0
2023-08-11,258857.82000001532,16,140077.8200000153,-31220.0
2023-08-13,257737.82000001532,16,140077.8200000153,-32340.0
2023-08-14,261304.10000001534,17,140104.1000000153,-28800.0
2023-08-15,256521.0300000154,19,140147.28000001537,-33626.25
2023-08-16,253729.82000001543,19,140182.3200000154,-36452.5
2023-08-17,250396.71000001545,19,140190.46000001542,-39793.75
2023-08-18,250000.47000001546,19,140199.22000001543,-40198.75
2023-08-20,250450.47000001546,18,140199.22000001543,-39748.75
2023-08-21,252689.87000001548,18,140226.12000001545,-37536.25
2023-08-22,252732.37000001548,17,140226.12000001545,-37493.75
2023-08-23,258393.6300000155,18,140234.88000001546,-31841.25
2023-08-24,250452.44000001554,20,140277.44000001551,-39825.0
2023-08-25,252898.09000001557,19,140304.34000001554,-37406.25
2023-08-27,253168.09000001557,18,140304.34000001554,-37136.25
2023-08-28,255706.2400000156,18,140331.24000001556,-34625.0
2023-08-29,261529.3800000156,17,140349.38000001558,-28820.0
2023-08-30,262644.42000001564,17,140384.4200000156,-27740.0
2023-08-31,262062.57000001566,17,140401.32000001564,-28338.75
2023-09-01,262090.7200000157,17,140530.72000001566,-28440.0
2023-09-03,262310.7200000157,16,140530.72000001566,-28220.0
2023-09-04,261710.7200000157,16,140530.72000001566,-28820.0
2023-09-05,260362.67000001576,18,140591.42000001573,-30228.75
2023-09-06,257898.3300000158,19,140617.08000001576,-32718.75
2023-09-07,256903.3500000158,19,140634.60000001578,-33731.25
2023-09-08,257452.11000001582,19,140643.3600000158,-33191.25
2023-09-10,257564.61000001582,18,140643.3600000158,-33078.75
2023-09-11,259537.92000001582,18,140637.92000001582,-31100.0
2023-09-12,256886.08000001585,19,140663.58000001585,-33777.5
2023-09-13,259196.1200000159,18,140698.6200000159,-31502.5
2023-09-14,262061.1500000159,18,140821.1500000159,-28760.0
2023-09-15,256739.33000001597,18,140864.33000001597,-34125.0
2023-09-17,257355.58000001597,17,140864.33000001597,-33508.75
2023-09-18,256948.10000001598,18,140881.85000001598,-33933.75
2023-09-19,255623.14000001602,18,140916.89000001602,-35293.75
2023-09-20,251260.05000001605,19,140942.55000001605,-39682.5
2023-09-21,246070.70000001608,21,140949.45000001608,-44878.75
2023-09-22,244601.9900000161,21,141028.2400000161,-46426.25
2023-09-24,245528.2400000161,19,141028.2400000161,-45500.0
2023-09-25,244744.4900000161,19,141028.2400000161,-46283.75
2023-09-26,240631.40000001615,21,141053.90000001615,-50422.5
2023-09-27,239898.92000001617,21,141071.42000001617,-51172.5
2023-09-28,242620.81000001618,20,141089.56000001618,-48468.75
2023-09-29,241498.3300000162,20,141107.0800000162,-49608.75
2023-10-01,243398.3300000162,19,141107.0800000162,-47708.75
2023-10-02,240928.3300000162,19,141107.0800000162,-50178.75
2023-10-03,233814.62000001624,20,141142.12000001624,-57327.5
2023-10-04,238739.63000001624,20,141150.88000001624,-52411.25
2023-10-05,237697.16000001627,20,141177.16000001627,-53480.0
2023-10-06,243114.6900000163,20,141203.4400000163,-48088.75
2023-10-08,239243.4400000163,19,141203.4400000163,-51960.0
2023-10-09,245759.7000000163,19,141212.2000000163,-45452.5
2023-10-10,247698.47000001633,20,141229.72000001633,-43531.25
2023-10-11,250322.88000001636,19,141265.38000001636,-40942.5
2023-10-12,247012.28000001638,20,141282.28000001638,-44270.0
2023-10-13,243886.0500000164,20,141299.8000000164,-47413.75
2023-10-15,245334.8000000164,19,141299.8000000164,-45965.0
2023-10-16,248075.46000001644,19,141335.46000001644,-43260.0
2023-10-17,248137.98000001645,19,141352.98000001645,-43215.0
2023-10-18,242404.26000001648,19,141379.26000001648,-48975.0
2023-10-19,239046.1600000165,20,141396.1600000165,-52350.0
2023-10-20,233846.80000001652,20,141404.30000001652,-57557.5
2023-10-22,234946.80000001652,20,141404.30000001652,-56457.5
2023-10-23,234548.08000001655,21,141430.58000001655,-56882.5
2023-10-24,235615.60000001657,21,141448.10000001657,-55832.5
2023-10-25,227791.8800000166,22,141474.3800000166,-63682.5
2023-10-26,227428.20000001666,22,141535.70000001666,-64107.5
2023-10-27,223126.35000001668,22,141552.60000001668,-68426.25
2023-10-29,224832.60000001668,21,141552.60000001668,-66720.0
2023-10-30,226727.6200000167,21,141636.3700000167,-64908.75
2023-10-31,230233.26000001671,21,141665.76000001671,-61432.5
2023-11-01,236427.06000001676,21,141709.56000001676,-55282.5
2023-11-02,242753.32000001677,20,141728.32000001677,-48975.0
2023-11-03,246907.71000001678,19,141736.46000001678,-44828.75
2023-11-05,246765.21000001678,19,141736.46000001678,-44971.25
2023-11-06,246554.62000001682,20,141772.12000001682,-45217.5
2023-11-07,248308.42000001686,19,141815.92000001686,-43507.5
2023-11-08,248667.2200000169,19,141859.7200000169,-43192.5
2023-11-09,245930.41000001697,20,141911.66000001697,-45981.25
2023-11-10,251291.05000001698,19,141963.55000001698,-40672.5
2023-11-12,249963.55000001698,18,141963.55000001698,-42000.0
2023-11-13,251581.700000017,19,141980.450000017,-40398.75
2023-11-14,260124.22000001703,19,142379.22000001703,-32255.0
2023-11-15,259409.88000001706,18,142404.88000001706,-32995.0
2023-11-16,260774.2900000171,18,142440.5400000171,-31666.25
2023-11-17,260447.44000001712,18,142467.44000001712,-32020.0
2023-11-19,260387.44000001712,16,142467.44000001712,-32080.0
2023-11-20,263645.5700000171,17,142466.82000001712,-28821.25
2023-11-21,262566.85000001715,18,142493.10000001715,-29926.25
2023-11-22,263872.49000001716,17,142512.49000001716,-28640.0
2023-11-23,264172.49000001716,16,142512.49000001716,-28340.0
2023-11-24,264078.7700000172,17,142538.7700000172,-28460.0
2023-11-26,263018.7700000172,16,142538.7700000172,-29520.0
2023-11-27,263479.4100000172,17,142546.9100000172,-29067.5
2023-11-28,264262.57000001724,18,142582.57000001724,-28320.0
2023-11-29,263890.72000001726,18,142599.47000001726,-28708.75
2023-11-30,264643.8900000173,18,142643.8900000173,-28000.0
2023-12-01,267043.8900000173,16,142643.8900000173,-25600.0
2023-12-03,266343.8900000173,16,142643.8900000173,-26300.0
2023-12-04,264092.6500000173,17,142652.6500000173,-28560.0
2023-12-05,265841.4100000173,17,142661.41000001732,-26820.0
2023-12-06,263096.45000001736,17,142696.45000001736,-29600.0
2023-12-07,265965.21000001737,17,142705.21000001737,-26740.0
2023-12-08,267391.4900000174,17,142731.4900000174,-25340.0
2023-12-10,267191.4900000174,16,142731.4900000174,-25540.0
2023-12-11,268997.9300000174,17,142717.93000001743,-23720.0
2023-12-12,270906.6900000174,17,142726.69000001744,-21820.0
2023-12-13,276962.3300000174,17,142744.83000001745,-15782.5
2023-12-14,276839.84000001743,15,142753.59000001746,-15913.75
2023-12-15,276163.61000001745,16,142771.11000001748,-16607.5
2023-12-17,277044.86000001745,15,142771.11000001748,-15726.25
2023-12-18,277953.00000001746,16,142779.2500000175,-14826.25
2023-12-19,280154.9000000175,16,142806.15000001751,-12651.25
2023-12-20,275219.97000001755,19,142847.47000001758,-17627.5
2023-12-21,277549.35000001756,19,142930.60000001758,-15381.25
2023-12-22,278518.1600000176,18,143024.41000001764,-14506.25
2023-12-25,279498.1600000176,16,143024.41000001764,-13526.25
2023-12-26,280638.1700000176,16,143033.17000001765,-12395.0
2023-12-27,281637.56000001763,16,143051.31000001766,-11413.75
2023-12-28,281420.09000001766,16,143077.5900000177,-11657.5
2023-12-29,279689.5300000177,17,143129.53000001775,-13440.0
2024-01-01,280329.5300000177,16,143129.53000001775,-12800.0
2024-01-02,277375.81000001775,18,143155.81000001778,-15780.0
2024-01-03,274710.8500000178,17,143190.85000001782,-18480.0
2024-01-04,273229.6200000178,18,143198.37000001784,-19968.75
2024-01-05,273544.03000001784,18,143234.03000001787,-19690.0
2024-01-07,273267.78000001784,17,143234.03000001787,-19966.25
2024-01-08,278463.41000001784,17,143243.41000001787,-14780.0
2024-01-09,277927.2100000179,17,143287.21000001792,-15360.0
2024-01-10,281133.4900000179,17,143313.49000001795,-12180.0
2024-01-11,279601.64000001794,16,143340.39000001797,-13738.75
2024-01-12,279881.66000001796,16,143357.910000018,-13476.25
2024-01-14,280387.91000001796,15,143357.910000018,-12970.0
2024-01-15,279075.41000001796,15,143357.910000018,-14282.5
2024-01-16,278275.460000018,17,143401.71000001804,-15126.25
2024-01-17,276511.730000018,16,143419.23000001805,-16907.5
2024-01-18,280185.50000001804,16,143436.75000001807,-13251.25
2024-01-19,284348.00000001804,15,143436.75000001807,-9088.75
2024-01-21,285266.75000001804,15,143436.75000001807,-8170.0
2024-01-22,285201.13000001805,16,143436.13000001808,-8235.0
2024-01-23,287046.77000001806,16,143454.2700000181,-6407.5
2024-01-24,286627.4400000181,15,143553.69000001813,-6926.25
2024-01-25,286959.9600000181,15,143571.21000001815,-6611.25
2024-01-26,287660.61000001815,16,143588.11000001818,-5927.5
2024-01-28,287585.61000001815,15,143588.11000001818,-6002.5
2024-01-29,290538.74000001815,15,143597.49000001818,-3058.75
2024-01-30,289023.1500000182,15,143623.1500000182,-4600.0
2024-01-31,285484.47000001825,17,143684.47000001828,-8200.0
2024-02-01,290771.97000001825,15,143684.47000001828,-2912.5
2024-02-02,292120.1400000183,15,143808.89000001832,-1688.75
2024-02-04,291857.6400000183,10,143808.89000001832,-1951.25
2024-02-05,291850.1800000183,12,143863.93000001836,-2013.75
2024-02-06,292327.70000001835,11,143891.45000001838,-1563.75
2024-02-07,294249.58000001835,11,143890.83000001838,358.75
2024-02-08,294384.0000000184,12,143960.25000001842,423.75
2024-02-09,295177.19000001845,10,145117.19000001848,60.0
2024-02-11,295174.69000001845,1,145117.19000001848,57.5
2024-02-12,294772.2600000185,7,145278.51000001855,-506.25
2024-02-13,293215.4500000186,15,145315.4500000186,-2100.0
2024-02-14,296478.66000001866,15,146834.9100000187,-356.25
2024-02-15,296899.9300000187,4,146972.4300000187,-72.5
2024-02-16,296549.4200000188,10,147631.9200000188,-1082.5
2024-02-18,297024.4200000188,10,147631.9200000188,-607.5
2024-02-19,296074.4200000188,10,147631.9200000188,-1557.5
2024-02-20,294921.99000001885,18,147668.24000001888,-2746.25
2024-02-21,298212.6800000189,20,147855.18000001894,357.5
2024-02-22,300354.030000019,13,150319.03000001903,35.0
2024-02-23,300160.920000019,5,150332.17000001905,-171.25
2024-02-25,300090.920000019,4,150332.17000001905,-241.25
2024-02-26,299670.9800000191,8,150384.7300000191,-713.75
2024-02-27,300237.2700000191,12,150424.77000001914,-187.5
2024-02-28,300199.19000001915,11,150479.19000001918,-280.0
2024-02-29,301628.65000001923,11,151548.65000001926,80.0
2024-03-01,301889.31000001926,4,151848.0600000193,41.25
2024-03-03,301899.31000001926,1,151848.0600000193,51.25
2024-03-04,301604.3700000193,5,152010.62000001935,-406.25
2024-03-05,300560.7300000194,19,152071.98000001945,-1511.25
2024-03-06,303377.12000001955,17,153999.62000001958,-622.5
2024-03-07,305014.7000000196,7,154980.95000001966,33.75
2024-03-08,303833.60000001977,14,155442.3500000198,-1608.75
2024-03-10,303021.10000001977,13,155442.3500000198,-2421.25
2024-03-11,304785.07000001986,18,155438.82000001986,-653.75
2024-03-12,307918.35000002,17,157974.60000002,-56.25
2024-03-13,308047.14000002004,4,158014.64000002004,32.5
2024-03-14,308006.5800000201,10,158066.5800000201,-60.0
2024-03-15,306602.87000002014,14,158091.62000002014,-1488.75
2024-03-17,307252.87000002014,13,158091.62000002014,-838.75
2024-03-18,309346.10000002023,13,159724.85000002023,-378.75
2024-03-19,310615.5500000203,9,160635.5500000203,-20.0
2024-03-20,311548.74000002036,3,161269.99000002036,278.75
2024-03-21,311482.5400000204,5,161655.0400000204,-172.5
2024-03-22,311099.48000002047,9,161706.98000002047,-607.5
2024-03-24,311099.48000002047,9,161706.98000002047,-607.5
2024-03-25,310810.1300000205,12,161718.8800000205,-908.75
2024-03-26,310808.93000002054,16,161793.93000002054,-985.0
2024-03-27,312640.2200000206,16,162123.97000002058,516.25
2024-03-28,313052.80000002065,10,163166.55000002065,-113.75
2024-03-31,313532.80000002065,4,163166.55000002065,366.25
2024-04-01,312715.3400000207,9,163205.3400000207,-490.0
2024-04-02,311542.8800000207,13,163230.38000002073,-1687.5
2024-04-03,313122.29000002076,15,163271.04000002076,-148.75
2024-04-04,308676.88000002096,20,164889.38000002096,-6212.5
2024-04-05,313403.800000021,18,165043.800000021,-1640.0
2024-04-07,312853.800000021,11,165043.800000021,-2190.0
2024-04-08,313376.33000002103,12,165085.08000002103,-1708.75
2024-04-09,314838.9000000211,17,165151.4000000211,-312.5
2024-04-10,310713.2900000211,18,165149.5400000211,-4436.25
2024-04-11,314057.71000002115,20,166333.96000002115,-2276.25
2024-04-12,309031.5100000212,14,166377.7600000212,-7346.25
2024-04-14,310006.5100000212,13,166377.7600000212,-6371.25
2024-04-15,304264.0400000212,14,166404.04000002122,-12140.0
2024-04-16,305055.3400000213,14,166447.84000002127,-11392.5
2024-04-17,303244.1000000213,14,166456.60000002128,-13212.5
2024-04-18,298052.2600000213,15,166482.2600000213,-18430.0
2024-04-19,298111.05000002135,16,166507.30000002135,-18396.25
2024-04-21,299111.05000002135,16,166507.30000002135,-17396.25
2024-04-22,301524.8300000214,16,166647.33000002138,-15122.5
2024-04-23,306686.7300000214,14,166714.2300000214,-10027.5
2024-04-24,303321.15000002144,15,166748.65000002144,-13427.5
2024-04-25,306691.8100000215,15,166784.31000002148,-10092.5
2024-04-26,307193.7000000215,14,166792.4500000215,-9598.75
2024-04-28,308033.7000000215,14,166792.4500000215,-8758.75
2024-04-29,308018.1000000215,15,166891.8500000215,-8873.75
2024-04-30,302983.14000002155,14,166926.89000002155,-13943.75
2024-05-01,303516.3000000216,14,166952.55000002158,-13436.25
2024-05-02,305854.4400000216,14,167068.1900000216,-11213.75
2024-05-03,309423.2200000216,14,167094.47000002163,-7671.25
2024-05-05,309309.4700000216,13,167094.47000002163,-7785.0
2024-05-06,312488.25000002165,14,167120.75000002165,-4632.5
2024-05-07,312772.6500000217,15,167137.65000002168,-4365.0
2024-05-08,312448.9100000217,14,167146.4100000217,-4697.5
2024-05-09,314685.8100000217,15,167173.3100000217,-2487.5
2024-05-10,314893.36000002176,13,167317.11000002176,-2423.75
2024-05-12,315305.86000002176,11,167317.11000002176,-2011.25
2024-05-13,314892.7700000218,13,167357.7700000218,-2465.0
2024-05-14,316818.4100000218,12,167385.9100000218,-567.5
2024-05-15,318618.47000002186,11,168477.22000002186,141.25
2024-05-16,318261.6500000219,6,168625.4000000219,-363.75
2024-05-17,318691.08000002196,10,168693.58000002196,-2.5
2024-05-19,318918.58000002196,7,168693.58000002196,225.0
2024-05-20,318891.100000022,8,168721.10000002198,170.0
2024-05-21,319347.990000022,8,168749.240000022,598.75
2024-05-22,319881.79000002204,9,168818.04000002204,1063.75
2024-05-23,318333.18000002217,15,169804.43000002217,-1471.25
2024-05-24,320241.3200000222,14,169860.07000002218,381.25
2024-05-26,319997.5700000222,13,169860.07000002218,137.5
2024-05-27,320810.0700000222,13,169860.07000002218,950.0
2024-05-28,319476.39000002225,17,169956.39000002225,-480.0
2024-05-29,316150.8000000223,14,169997.05000002228,-3846.25
2024-05-30,314964.01000002236,21,170071.51000002236,-5107.5
2024-05-31,319022.84000002244,19,170325.34000002244,-1302.5
2024-06-02,319405.34000002244,9,170325.34000002244,-920.0
2024-06-03,319305.99000002246,10,170352.24000002246,-1046.25
2024-06-04,320019.75000002247,11,170366.00000002247,-346.25
2024-06-05,321744.1900000225,10,171626.69000002253,117.5
2024-06-06,321988.6300000226,7,171788.6300000226,200.0
2024-06-07,322059.9900000227,8,172589.9900000227,-530.0
2024-06-09,322149.9900000227,8,172589.9900000227,-440.0
2024-06-10,322816.2800000227,10,172645.03000002273,171.25
2024-06-11,323835.7500000228,10,173820.75000002282,15.0
2024-06-12,324282.0900000229,6,174237.0900000229,45.0
2024-06-13,324583.37000002293,8,174263.37000002293,320.0
2024-06-14,324450.920000023,8,174332.17000002298,118.75
2024-06-16,324450.920000023,7,174332.17000002298,118.75
2024-06-17,325317.88000002305,8,175339.13000002303,-21.25
2024-06-18,325458.5400000231,2,175394.79000002306,63.75
2024-06-19,325508.5400000231,1,175394.79000002306,113.75
2024-06-20,325294.8900000232,10,175582.39000002315,-287.5
2024-06-21,325006.8000000232,11,175623.05000002318,-616.25
2024-06-23,324519.3000000232,10,175623.05000002318,-1103.75
2024-06-24,324316.86000002327,15,175675.61000002324,-1358.75
2024-06-25,325425.6600000233,16,175759.4100000233,-333.75
2024-06-26,324520.06000002334,13,175801.3100000233,-1281.25
2024-06-27,326665.07000002335,12,175815.07000002332,850.0
2024-06-28,326490.8400000235,14,177228.34000002345,-737.5
2024-06-30,326730.8400000235,12,177228.34000002345,-497.5
2024-07-01,325939.0000000235,14,177269.0000000235,-1330.0
2024-07-02,328750.3200000236,13,178776.57000002355,-26.25
2024-07-03,328884.0800000236,1,178900.33000002356,-16.25
2024-07-04,328906.5800000236,1,178900.33000002356,6.25
2024-07-05,329161.6100000236,2,179162.8600000236,-1.25
2024-07-07,329157.8600000236,1,179162.8600000236,-5.0
2024-07-08,329304.13000002364,3,179190.3800000236,113.75
2024-07-09,329300.40000002366,3,179312.90000002363,-12.5
2024-07-10,329736.6900000237,3,179740.44000002366,-3.75
2024-07-11,328844.3000000238,12,179816.80000002377,-972.5
2024-07-12,330393.84000002395,11,181380.09000002392,-986.25
2024-07-14,330768.84000002395,10,181380.09000002392,-611.25
2024-07-15,332494.59000002407,10,182370.84000002404,123.75
2024-07-16,333477.1500000241,10,183503.4000000241,-26.25
2024-07-17,333256.57000002416,7,183527.82000002413,-271.25
2024-07-18,331892.31000002427,18,183603.56000002424,-1711.25
2024-07-19,327584.2400000243,20,183681.7400000243,-6097.5
2024-07-21,328551.7400000243,18,183681.7400000243,-5130.0
2024-07-22,331677.41000002436,18,183974.91000002433,-2297.5
2024-07-23,330398.7000000244,12,184029.95000002437,-3631.25
2024-07-24,323756.89000002446,20,184056.89000002443,-10300.0
2024-07-25,322709.4500000245,20,184189.4500000245,-11480.0
2024-07-26,325687.63000002457,16,184323.88000002454,-8636.25
2024-07-28,327525.13000002457,15,184323.88000002454,-6798.75
2024-07-29,324887.0100000246,16,184323.26000002454,-9436.25
2024-07-30,325505.1600000246,16,184403.91000002457,-8898.75
2024-07-31,331841.47000002465,15,184565.22000002462,-2723.75
2024-08-01,322786.56000002474,21,184704.0600000247,-11917.5
2024-08-02,316475.34000002476,16,184730.34000002473,-18255.0
2024-08-04,311581.59000002476,15,184730.34000002473,-23148.75
2024-08-05,311899.1100000248,16,184747.86000002475,-22848.75
2024-08-06,313128.5100000248,16,184764.76000002478,-21636.25
2024-08-07,306723.54000002483,17,185047.2900000248,-28323.75
2024-08-08,316629.19000002486,16,185127.94000002483,-18498.75
2024-08-09,317424.2200000249,16,185154.22000002486,-17730.0
2024-08-11,317686.7200000249,15,185154.22000002486,-17467.5
2024-08-12,318246.7600000249,16,185189.2600000249,-16942.5
2024-08-13,324405.52000002493,15,185198.0200000249,-10792.5
2024-08-14,326915.56000002497,16,185233.06000002494,-8317.5
2024-08-15,332576.840000025,15,186139.34000002497,-3562.5
2024-08-16,332810.620000025,12,186180.620000025,-3370.0
2024-08-18,333113.120000025,11,186180.620000025,-3067.5
2024-08-19,335546.89000002504,12,186208.140000025,-661.25
2024-08-20,335409.4200000251,12,186249.42000002504,-840.0
2024-08-21,335835.7100000251,13,186304.46000002508,-468.75
2024-08-22,334625.75000002515,12,186359.50000002512,-1733.75
2024-08-23,336894.52000002516,12,186387.02000002514,507.5
2024-08-25,336619.52000002516,11,186387.02000002514,232.5
2024-08-26,337287.1600000253,11,187817.16000002527,-530.0
2024-08-27,337902.83000002534,12,187856.5800000253,46.25
2024-08-28,334133.5400000254,19,187921.0400000254,-3787.5
2024-08-29,339627.4600000256,19,189916.21000002555,-288.75
2024-08-30,340823.78000002564,8,190828.7800000256,-5.0
2024-09-01,340806.28000002564,1,190828.7800000256,-22.5
2024-09-02,340802.53000002564,1,190828.7800000256,-26.25
2024-09-03,333150.1800000258,20,190900.18000002575,-7750.0
2024-09-04,334375.8400000258,19,190980.84000002578,-6605.0
2024-09-05,333093.36000002583,17,190998.3600000258,-7905.0
2024-09-06,325019.64000002586,18,191024.64000002583,-16005.0
2024-09-08,327519.64000002586,16,191024.64000002583,-13505.0
2024-09-09,330885.9200000259,17,191050.92000002586,-10165.0
2024-09-10,330985.9200000259,16,191050.92000002586,-10065.0
2024-09-11,338227.24000002595,17,191112.24000002592,-2885.0
2024-09-12,340566.030000026,16,191262.28000002596,-696.25
2024-09-13,341656.680000026,10,191319.18000002598,337.5
2024-09-15,341866.680000026,7,191319.18000002598,547.5
2024-09-16,341845.51000002597,8,191315.510000026,530.0
2024-09-17,342873.74000002607,8,192874.9900000261,-1.25
2024-09-18,345085.7600000262,9,193955.76000002623,1130.0
2024-09-19,347317.1200000263,9,197488.37000002633,-171.25
2024-09-20,347415.3200000264,9,197554.0700000264,-138.75
2024-09-22,348245.3200000264,8,197554.0700000264,691.25
2024-09-23,347832.8400000264,9,197581.59000002642,251.25
2024-09-24,348594.17000002647,9,198617.9200000265,-23.75
2024-09-25,349344.2100000265,6,198642.96000002653,701.25
2024-09-26,349992.4400000266,9,199938.69000002663,53.75
2024-09-27,349188.11000002665,10,199978.11000002667,-790.0
2024-09-29,349675.61000002665,10,199978.11000002667,-302.5
2024-09-30,351353.2500000268,17,201338.2500000268,15.0
2024-10-01,350359.6200000269,15,201413.37000002692,-1053.75
2024-10-02,349870.29000002693,17,201467.79000002696,-1597.5
2024-10-03,350107.840000027,16,201536.590000027,-1428.75
2024-10-04,354081.7400000271,15,204087.99000002714,-6.25
2024-10-06,354085.4900000271,1,204087.99000002714,-2.5
2024-10-07,352916.8600000272,12,204178.11000002726,-1261.25
2024-10-08,355493.8200000273,11,205386.32000002734,107.5
2024-10-09,356145.13000002736,5,206036.3800000274,108.75
2024-10-10,356302.71000002744,6,206131.46000002747,171.25
2024-10-11,356677.1300000275,4,206657.1300000275,20.0
2024-10-13,356688.3800000275,1,206657.1300000275,31.25
2024-10-14,357142.1800000275,3,206940.93000002755,201.25
2024-10-15,356309.7900000276,14,207017.29000002766,-707.5
2024-10-16,356659.17000002763,13,207031.67000002766,-372.5
2024-10-17,358904.29000002774,12,209599.29000002777,-695.0
2024-10-18,359808.69000002777,8,209648.6900000278,160.0
2024-10-20,359826.19000002777,7,209648.6900000278,177.5
2024-10-21,359285.65000002785,14,209743.15000002788,-457.5
2024-10-22,359502.54000002786,12,209756.2900000279,-253.75
2024-10-23,357641.40000002796,20,209927.650000028,-2286.25
2024-10-24,357523.290000028,15,210049.540000028,-2526.25
2024-10-25,357785.23000002804,12,210340.23000002807,-2555.0
2024-10-27,359191.48000002804,9,210340.23000002807,-1148.75
2024-10-28,358185.87000002805,10,210353.37000002808,-2167.5
2024-10-29,359640.2700000281,11,210395.2700000281,-755.0
2024-10-30,357108.48000002815,11,210504.73000002818,-3396.25
2024-10-31,352094.84000002826,20,210636.09000002829,-8541.25
2024-11-01,353759.2600000283,16,210785.51000002833,-7026.25
2024-11-03,354501.7600000283,11,210785.51000002833,-6283.75
2024-11-04,353039.94000002835,16,210838.69000002838,-7798.75
2024-11-05,363256.20000002836,15,210852.4500000284,2403.75
2024-11-06,367437.5800000285,14,217385.0800000285,52.5
2024-11-07,367740.76000002853,3,217783.26000002856,-42.5
2024-11-08,368085.1800000286,5,218170.1800000286,-85.0
2024-11-10,368345.1800000286,4,218170.1800000286,175.0
2024-11-11,368333.9700000286,5,218268.97000002864,65.0
2024-11-12,367915.91000002867,10,218320.9100000287,-405.0
2024-11-13,368407.8300000287,10,218390.33000002874,17.5
2024-11-14,365654.8000000288,15,218468.55000002883,-2813.75
2024-11-15,360496.73000002885,21,218491.73000002888,-7995.0
2024-11-17,361896.73000002885,20,218491.73000002888,-6595.0
2024-11-18,363468.6400000289,20,218582.3900000289,-5113.75
2024-11-19,364887.4300000289,17,218657.43000002895,-3770.0
2024-11-20,363133.69000002893,16,218666.19000002896,-5532.5
2024-11-21,366667.47000002896,16,218762.470000029,-2095.0
2024-11-22,367926.880000029,11,218818.13000002902,-891.25
2024-11-24,369064.380000029,10,218818.13000002902,246.25
2024-11-25,370010.1100000291,10,220030.11000002912,-20.0
2024-11-26,371212.04000002914,9,221150.79000002917,61.25
2024-11-27,371300.8700000292,9,221215.87000002924,85.0
2024-11-28,371790.8700000292,8,221215.87000002924,575.0
2024-11-29,372043.42000002926,8,221995.9200000293,47.5
2024-12-01,371930.92000002926,2,221995.9200000293,-65.0
2024-12-02,372157.8300000293,2,222161.58000002932,-3.75
2024-12-03,372536.02000002936,5,222228.52000002938,307.5
2024-12-04,372888.5700000294,4,222754.82000002943,133.75
2024-12-05,372757.39000002947,6,223042.3900000295,-285.0
2024-12-06,373088.6600000295,7,223088.66000002951,0.0
2024-12-08,373013.6600000295,6,223088.66000002951,-75.0
2024-12-09,371707.46000002953,12,223112.46000002956,-1405.0
2024-12-10,371073.1300000296,17,223153.1300000296,-2080.0
2024-12-11,374653.8600000297,17,225003.8600000297,-350.0
2024-12-12,374064.57000002975,11,225083.32000002978,-1018.75
2024-12-13,373278.9900000298,15,225122.74000002982,-1843.75
2024-12-15,373786.4900000298,14,225122.74000002982,-1336.25
2024-12-16,374969.80000002985,16,225126.05000002985,-156.25
2024-12-17,374049.8400000299,17,225181.0900000299,-1131.25
2024-12-18,356410.61000003,21,225308.11000003002,-18897.5
2024-12-19,353035.61000003,20,225308.11000003002,-22272.5
2024-12-20,361606.27000003005,20,225343.77000003005,-13737.5
2024-12-22,364646.27000003005,19,225343.77000003005,-10697.5
2024-12-23,365355.0700000301,20,225387.5700000301,-10032.5
2024-12-24,371387.5700000301,19,225387.5700000301,-4000.0
2024-12-25,371625.0700000301,19,225387.5700000301,-3762.5
2024-12-26,370021.99000003014,19,225451.99000003014,-5430.0
2024-12-27,365107.64000003017,20,225468.89000003017,-10361.25
2024-12-29,364015.14000003017,19,225468.89000003017,-11453.75
2024-12-30,358095.1600000302,20,225486.41000003018,-17391.25
2024-12-31,356515.2000000302,20,225521.45000003022,-19006.25
2025-01-01,358130.2000000302,19,225521.45000003022,-17391.25
2025-01-02,355487.72000003024,20,225538.97000003024,-20051.25
2025-01-03,361015.24000003026,20,225556.49000003026,-14541.25
2025-01-05,361252.74000003026,19,225556.49000003026,-14303.75
2025-01-06,364002.1900000303,21,225617.19000003033,-11615.0
2025-01-07,359197.2700000304,20,225708.5200000304,-16511.25
2025-01-08,357284.18000003044,21,225744.18000003044,-18460.0
2025-01-09,357236.68000003044,19,225744.18000003044,-18507.5
2025-01-10,349469.2600000305,20,225814.2600000305,-26345.0
2025-01-12,347569.2600000305,19,225814.2600000305,-28245.0
2025-01-13,352390.5100000305,19,225814.2600000305,-23423.75
2025-01-14,351624.2800000305,20,225831.78000003053,-24207.5
2025-01-15,361701.16000003053,20,225831.16000003053,-14130.0
2025-01-16,361412.45000003057,20,225903.70000003057,-14491.25
2025-01-17,366049.9800000306,20,226173.7300000306,-10123.75
2025-01-19,365999.9800000306,20,226173.7300000306,-10173.75
2025-01-20,366974.9800000306,20,226173.7300000306,-9198.75
2025-01-21,372827.5000000306,20,226322.50000003062,-3495.0
2025-01-22,373984.41000003065,18,226574.41000003065,-2590.0
2025-01-23,375858.1900000307,13,226625.69000003068,-767.5
2025-01-24,375191.38000003074,13,226707.63000003074,-1516.25
2025-01-26,371816.38000003074,12,226707.63000003074,-4891.25
2025-01-27,370290.78000003076,14,226734.53000003076,-6443.75
2025-01-28,373555.1700000308,14,226747.67000003078,-3192.5
2025-01-29,373178.99000003084,16,226843.99000003084,-3665.0
2025-01-30,374662.1600000309,15,226913.41000003088,-2251.25
2025-01-31,371673.510000031,15,227036.01000003098,-5362.5
2025-02-02,362523.510000031,15,227036.01000003098,-14512.5
2025-02-03,369096.72000003105,20,227210.47000003105,-8113.75
2025-02-04,369665.5000000311,15,227236.75000003108,-7571.25
2025-02-05,373794.9000000311,14,227268.6500000311,-3473.75
2025-02-06,373990.57000003115,13,227330.57000003115,-3340.0
2025-02-07,370986.8500000312,12,227356.85000003118,-6370.0
2025-02-09,371841.8500000312,12,227356.85000003118,-5515.0
2025-02-10,372513.1300000312,13,227383.1300000312,-4870.0
2025-02-11,373265.6500000312,13,227400.65000003122,-4135.0
2025-02-12,373276.93000003125,13,227426.93000003125,-4150.0
2025-02-13,376600.0900000313,13,227467.59000003128,-867.5
2025-02-14,376127.0000000313,12,227508.25000003132,-1381.25
2025-02-16,376757.0000000313,12,227508.25000003132,-751.25
2025-02-17,376832.0000000313,12,227508.25000003132,-676.25
2025-02-18,377248.3100000314,12,227644.56000003137,-396.25
2025-02-19,376900.8300000314,11,227672.0800000314,-771.25
2025-02-20,376220.2300000314,13,227698.9800000314,-1478.75
2025-02-21,369896.54000003147,14,227766.54000003147,-7870.0
2025-02-23,371700.29000003147,13,227766.54000003147,-6066.25
2025-02-24,368572.8200000315,14,227807.8200000315,-9235.0
2025-02-25,368206.64000003156,19,227874.14000003156,-9667.5
2025-02-26,366646.0800000316,20,228171.08000003162,-11525.0
2025-02-27,360537.3900000317,14,228269.89000003168,-17732.5
2025-02-28,365755.5500000317,14,228305.5500000317,-12550.0
2025-03-02,366681.8000000317,13,228305.5500000317,-11623.75
2025-03-03,360118.07000003173,14,228323.07000003173,-18205.0
2025-03-04,357276.86000003177,13,228358.11000003177,-21081.25
2025-03-05,358748.1200000318,13,228366.87000003178,-19618.75
2025-03-06,353216.9000000318,13,228393.1500000318,-25176.25
2025-03-07,353754.4200000318,14,228410.67000003182,-24656.25
2025-03-09,352373.1700000318,13,228410.67000003182,-26037.5
2025-03-10,344200.69000003184,13,228428.19000003184,-34227.5
2025-03-11,341943.21000003186,14,228445.71000003186,-36502.5
2025-03-12,341944.4800000319,14,228463.23000003188,-36518.75
2025-03-13,340729.54000003194,15,228515.79000003194,-37786.25
2025-03-14,344564.54000003194,13,228515.79000003194,-33951.25
2025-03-16,343313.29000003194,13,228515.79000003194,-35202.5
2025-03-17,346506.580000032,14,228497.83000003197,-31991.25
2025-03-18,344218.500000032,16,228532.250000032,-34313.75
2025-03-19,349549.79000003205,15,228577.29000003205,-29027.5
2025-03-20,346919.8300000321,14,228612.3300000321,-31692.5
2025-03-21,347279.8700000321,14,228647.37000003213,-31367.5
2025-03-23,349489.8700000321,13,228647.37000003213,-29157.5
2025-03-24,352952.39000003214,14,228664.89000003214,-25712.5
2025-03-25,354164.9200000322,14,228691.17000003217,-24526.25
2025-03-26,349982.4600000322,16,228716.2100000322,-28733.75
2025-03-27,348358.74000003224,16,228742.49000003224,-30383.75
2025-03-28,337348.15000003227,17,228768.15000003227,-41420.0
2025-03-30,335408.15000003227,16,228768.15000003227,-43360.0
2025-03-31,339954.4300000323,17,228794.4300000323,-38840.0
2025-04-01,342548.85000003234,17,228838.85000003234,-36290.0
2025-04-02,334127.6400000324,17,228873.89000003238,-44746.25
2025-04-03,322557.0500000324,16,228899.5500000324,-56342.5
2025-04-04,298260.85000003246,17,228943.35000003246,-80682.5
2025-04-06,285000.85000003246,16,228943.35000003246,-93942.5
2025-04-07,304124.6500000325,16,228987.1500000325,-74862.5
2025-04-08,284508.45000003255,18,229030.95000003255,-94522.5
2025-04-09,326896.59000003256,16,229049.09000003256,-52152.5
2025-04-10,315316.6200000326,17,229075.3700000326,-63758.75
2025-04-11,322534.1400000326,16,229092.8900000326,-56558.75
2025-04-13,325627.8900000326,15,229092.8900000326,-53465.0
2025-04-14,325539.79000003263,16,229109.79000003263,-53570.0
2025-04-15,321386.70000003267,16,229145.45000003267,-57758.75
2025-04-16,318786.18000003276,17,229232.43000003276,-60446.25
2025-04-17,317506.8300000328,16,229259.3300000328,-61752.5
2025-04-20,313063.0800000328,15,229259.3300000328,-66196.25
2025-04-21,308049.9700000328,17,229267.4700000328,-71217.5
2025-04-22,322705.65000003285,17,229320.65000003285,-56615.0
2025-04-23,322573.1700000329,15,229338.17000003287,-56765.0
2025-04-24,333691.9200000329,15,229338.17000003287,-45646.25
2025-04-25,334588.2300000329,17,229390.73000003293,-44802.5
2025-04-27,332038.2300000329,15,229390.73000003293,-47352.5
2025-04-28,335345.76000003295,16,229417.01000003295,-44071.25
2025-04-29,335007.030000033,16,229434.53000003297,-44427.5
2025-04-30,341828.34000003303,16,229487.09000003303,-37658.75
2025-05-01,343804.6400000331,17,229520.89000003308,-35716.25
2025-05-02,347212.1700000331,17,230164.6700000331,-32952.5
2025-05-04,344137.1700000331,15,230164.6700000331,-36027.5
2025-05-05,343580.3700000332,17,230225.37000003317,-36645.0
2025-05-06,343399.7600000332,17,230233.5100000332,-36833.75
2025-05-07,346344.1700000332,17,230269.17000003322,-33925.0
2025-05-08,345767.32000003324,18,230293.57000003324,-34526.25
2025-05-09,345301.7600000333,17,230361.7600000333,-35060.0
2025-05-11,351401.7600000333,16,230361.7600000333,-28960.0
2025-05-12,358108.6500000333,16,231497.40000003332,-23388.75
2025-05-13,362172.43000003335,15,231513.68000003335,-19341.25
2025-05-14,361836.2600000334,15,231633.76000003342,-19797.5
2025-05-15,364162.55000003346,14,231668.80000003346,-17506.25
2025-05-16,365162.56000003347,13,231677.56000003347,-16515.0
2025-05-18,362757.56000003347,13,231677.56000003347,-18920.0
2025-05-19,366285.0800000335,14,231695.0800000335,-15410.0
2025-05-20,364875.14000003354,15,231747.64000003354,-16872.5
2025-05-21,359029.6000000336,18,231807.10000003362,-22777.5
2025-05-22,358767.12000003364,17,231824.62000003364,-23057.5
2025-05-23,355013.40000003367,17,231850.90000003367,-26837.5
2025-05-25,359833.40000003367,16,231850.90000003367,-22017.5
2025-05-26,358973.40000003367,16,231850.90000003367,-22877.5
2025-05-27,364179.0600000337,17,231896.5600000337,-17717.5
2025-05-28,368847.23000003374,14,231930.98000003374,-13083.75
2025-05-29,363132.8900000338,14,232199.14000003377,-19066.25
2025-05-30,363477.95000003383,15,232251.70000003383,-18773.75
2025-06-01,361804.20000003383,13,232251.70000003383,-20447.5
2025-06-02,364234.21000003384,14,232260.46000003384,-18026.25
2025-06-03,367624.24000003387,14,232286.74000003387,-14662.5
2025-06-04,367541.1400000339,15,232303.6400000339,-14762.5
2025-06-05,366620.59000003396,15,232388.09000003396,-15767.5
2025-06-06,369888.110000034,14,232405.61000003398,-12517.5
2025-06-08,368994.360000034,13,232405.61000003398,-13411.25
2025-06-09,371652.510000034,14,232422.510000034,-10770.0
2025-06-10,371193.17000003404,15,232475.67000003404,-11282.5
2025-06-11,369766.3700000341,16,232536.3700000341,-12770.0
2025-06-12,366869.53000003414,14,232572.03000003414,-15702.5
2025-06-13,368078.38000003423,14,232659.63000003423,-14581.25
2025-06-15,368679.63000003423,13,232659.63000003423,-13980.0
2025-06-16,370477.29000003426,14,232653.54000003426,-12176.25
2025-06-17,368501.0900000343,16,232687.3400000343,-14186.25
2025-06-18,367738.6600000344,15,232758.66000003438,-15020.0
2025-06-19,367462.4100000344,13,232758.66000003438,-15296.25
2025-06-20,367756.1800000344,14,232776.1800000344,-15020.0
2025-06-22,366196.1800000344,13,232776.1800000344,-16580.0
2025-06-23,373444.9500000344,15,232793.7000000344,-9348.75
2025-06-24,375455.5800000344,14,232793.08000003442,-7337.5
2025-06-25,376124.35000003444,15,232836.85000003444,-6712.5
2025-06-26,379390.00000003446,14,232937.50000003446,-3547.5
2025-06-27,380643.21000003454,15,233061.96000003454,-2418.75
2025-06-29,382263.21000003454,12,233061.96000003454,-798.75
2025-06-30,382266.99000003457,12,233188.24000003457,-921.25
2025-07-01,382895.7700000346,11,233229.5200000346,-333.75
2025-07-02,383893.9100000346,11,233257.6600000346,636.25
2025-07-03,384566.4800000347,9,234643.98000003467,-77.5
2025-07-04,384443.9800000347,1,234643.98000003467,-200.0
2025-07-06,384532.7300000347,1,234643.98000003467,-111.25
2025-07-07,384141.58000003477,14,234691.58000003477,-550.0
2025-07-08,383544.7300000348,13,234733.4800000348,-1188.75
2025-07-09,386171.1000000349,12,236171.1000000349,0.0
2025-07-10,386817.42000003497,7,236957.42000003497,-140.0
2025-07-11,386804.360000035,7,237024.36000003503,-220.0
2025-07-13,386291.860000035,5,237024.36000003503,-732.5
2025-07-14,387437.51000003505,7,237051.26000003505,386.25
2025-07-15,385536.38000003516,14,238075.13000003516,-2538.75
2025-07-16,387171.5100000353,21,238425.26000003528,-1253.75
2025-07-17,389666.58000003535,10,239580.33000003535,86.25
2025-07-18,389640.3900000354,6,239647.8900000354,-7.5
2025-07-20,389725.3900000354,4,239647.8900000354,77.5
2025-07-21,389752.9700000355,8,240170.47000003548,-417.5
2025-07-22,390729.2700000355,12,240224.27000003553,505.0
2025-07-23,391707.4700000356,10,241648.7200000356,58.75
2025-07-24,392016.89000003564,4,241798.14000003564,218.75
2025-07-25,392126.29000003566,4,241840.04000003566,286.25
2025-07-27,392471.29000003566,3,241840.04000003566,631.25
2025-07-28,392240.6900000357,5,241866.94000003568,373.75
2025-07-29,392170.78000003577,9,242379.53000003577,-208.75
2025-07-30,394075.3100000359,14,243969.0600000359,106.25
2025-07-31,391913.540000036,12,244031.040000036,-2117.5
2025-08-01,385601.7600000361,20,244174.2600000361,-8572.5
2025-08-03,387589.2600000361,15,244174.2600000361,-6585.0
2025-08-04,392393.6500000361,15,244316.1500000361,-1922.5
2025-08-05,391001.83000003616,14,244394.33000003616,-3392.5
2025-08-06,393779.9700000362,13,244422.47000003618,-642.5
2025-08-07,393620.0100000362,13,244643.7600000362,-1023.75
2025-08-08,396015.6500000362,12,244680.65000003623,1335.0
2025-08-10,396001.9000000362,11,244680.65000003623,1321.25
2025-08-11,395892.03000003635,11,246100.78000003635,-208.75
2025-08-12,397563.9900000364,7,247467.74000003643,96.25
2025-08-13,397940.2900000365,6,247815.29000003648,125.0
2025-08-14,398420.9500000365,5,247855.9500000365,565.0
2025-08-15,397634.14000003657,8,247959.14000003657,-325.0
2025-08-17,398204.14000003657,8,247959.14000003657,245.0
2025-08-18,397447.9100000366,9,247986.6600000366,-538.75
2025-08-19,394253.6300000367,17,248049.88000003668,-3796.25
2025-08-20,394615.58000003675,21,248140.58000003675,-3525.0
2025-08-21,392090.60000003676,19,248158.10000003676,-6067.5
2025-08-22,398818.81000003684,18,248427.56000003684,391.25
2025-08-24,398565.06000003684,7,248427.56000003684,137.5
2025-08-25,397345.0900000369,9,248453.84000003687,-1108.75
2025-08-26,399038.9000000369,10,248551.40000003693,487.5
2025-08-27,399344.590000037,7,249342.090000037,2.5
2025-08-28,399697.130000037,4,249729.63000003702,-32.5
2025-08-29,398985.3600000371,12,249806.61000003712,-821.25
2025-08-31,398806.6100000371,11,249806.61000003712,-1000.0
2025-09-01,398724.1100000371,11,249806.61000003712,-1082.5
2025-09-02,397312.26000003715,14,249818.51000003715,-2506.25
2025-09-03,399429.76000003715,14,249818.51000003715,-388.75
2025-09-04,401441.10000003723,15,251358.60000003723,82.5
2025-09-05,401058.09000003734,17,251604.34000003734,-546.25
2025-09-07,401883.09000003734,15,251604.34000003734,278.75
2025-09-08,402982.49000003736,15,251693.74000003736,1288.75
2025-09-09,403536.95000003744,15,253459.45000003744,77.5
2025-09-10,403919.5000000375,6,253639.5000000375,280.0
2025-09-11,404593.93000003754,5,254512.68000003754,81.25
2025-09-12,404615.21000003756,3,254553.96000003756,61.25
2025-09-14,404652.71000003756,2,254553.96000003756,98.75
2025-09-15,405017.7700000376,3,254840.2700000376,177.5
2025-09-16,404856.55000003765,3,254881.55000003762,-25.0
2025-09-17,406741.7400000378,9,256122.9900000378,618.75
2025-09-18,406891.8100000379,4,256913.06000003786,-21.25
2025-09-19,407394.3500000379,5,257426.8500000379,-32.5
2025-09-21,407374.3500000379,2,257426.8500000379,-52.5
2025-09-22,407856.26000003796,3,257812.51000003793,43.75
2025-09-23,407496.330000038,10,257848.830000038,-352.5
2025-09-24,407425.1300000381,15,257913.88000003804,-488.75
2025-09-25,404562.73000003817,20,258106.48000003814,-3543.75
2025-09-26,407046.4900000382,13,258155.24000003815,-1108.75
2025-09-28,408036.4900000382,11,258155.24000003815,-118.75
2025-09-29,407940.2600000382,12,258182.76000003816,-242.5
2025-09-30,408940.9900000383,12,259480.99000003826,-540.0
2025-10-01,410247.92000003834,6,260114.1700000383,133.75
2025-10-02,411037.3600000384,7,260444.86000003837,592.5
2025-10-03,411050.6200000385,9,261283.1200000385,-232.5
2025-10-05,411768.1200000385,7,261283.1200000385,485.0
2025-10-06,411922.5500000385,7,262145.0500000385,-222.5
2025-10-07,412025.1400000386,13,262237.6400000386,-212.5
2025-10-08,413438.9800000387,12,263427.7300000387,11.25
2025-10-09,413520.9500000388,10,263505.9500000388,15.0
2025-10-10,397481.75000003894,20,263704.25000003894,-16222.5
2025-10-12,406961.75000003894,16,263704.25000003894,-6742.5
2025-10-13,409001.76000003895,16,263743.01000003895,-4741.25
2025-10-14,409279.960000039,15,263828.710000039,-4548.75
2025-10-15,411498.7900000391,15,263962.5400000391,-2463.75
2025-10-16,406819.46000003914,16,264001.96000003914,-7182.5
2025-10-17,412313.22000003915,17,264015.72000003915,-1702.5
2025-10-19,413293.22000003915,16,264015.72000003915,-722.5
2025-10-20,416002.71000003925,16,265998.96000003925,3.75
2025-10-21,416320.9000000393,7,266065.9000000393,255.0
2025-10-22,416211.04000003944,12,266249.79000003944,-38.75
2025-10-23,417999.2500000395,12,267760.5000000395,238.75
2025-10-24,418395.55000003957,5,268609.30000003957,-213.75
2025-10-26,419714.30000003957,5,268609.30000003957,1105.0
2025-10-27,420078.1000000396,5,270078.1000000396,0.0
2025-10-28,420333.13000003964,3,270214.38000003964,118.75
2025-10-29,421425.12000003975,8,270951.37000003975,473.75
2025-10-30,421393.9100000398,10,270961.4100000398,432.5
2025-10-31,420276.4500000398,13,271001.4500000398,-725.0
2025-11-02,421131.4500000398,12,271001.4500000398,130.0
2025-11-03,418968.97000003984,13,271028.97000003984,-2060.0
2025-11-04,414842.11000003986,15,271027.11000003986,-6185.0
2025-11-05,417879.6500000399,19,271052.1500000399,-3172.5
2025-11-06,411270.98000003997,20,271233.48000003997,-9962.5
2025-11-07,412554.74000004,17,271242.24000004,-8687.5
2025-11-09,415699.74000004,17,271242.24000004,-5542.5
2025-11-10,419442.27000004,17,271406.02000004,-1963.75
2025-11-11,421064.82000004005,12,271474.82000004005,-410.0
2025-11-12,421449.8400000401,12,271502.3400000401,-52.5
2025-11-13,413619.92000004015,18,271567.42000004015,-7947.5
2025-11-14,415437.4700000402,20,272381.2200000402,-6943.75
2025-11-16,416993.7200000402,15,272381.2200000402,-5387.5
2025-11-17,408243.1200000402,15,272423.1200000402,-14180.0
2025-11-18,405854.3800000402,14,272431.8800000402,-16577.5
2025-11-19,414324.3800000402,14,272431.8800000402,-8107.5
2025-11-20,404101.39000004035,20,272700.14000004035,-18598.75
2025-11-21,408263.2900000404,15,272858.2900000404,-14595.0
2025-11-23,409298.2900000404,12,272858.2900000404,-13560.0
2025-11-24,413552.0500000404,13,272867.0500000404,-9315.0
2025-11-25,417928.9600000404,12,272917.7100000404,-4988.75
2025-11-26,419720.86000004044,13,272944.61000004044,-3223.75
2025-11-27,420035.86000004044,12,272944.61000004044,-2908.75
2025-11-28,421270.24000004045,12,272958.99000004045,-1688.75
2025-11-30,418588.99000004045,11,272958.99000004045,-4370.0
2025-12-01,418944.6600000405,15,272998.4100000405,-4053.75
2025-12-02,421343.47000004054,14,273120.97000004054,-1777.5
2025-12-03,421776.62000004057,12,273162.87000004057,-1386.25
2025-12-04,422807.9300000406,13,273245.4300000406,-437.5
2025-12-05,422835.47000004066,13,273300.47000004066,-465.0
2025-12-07,423454.22000004066,11,273300.47000004066,153.75
2025-12-08,421873.0000000407,12,273341.7500000407,-1468.75
2025-12-09,421306.1700000407,14,273381.1700000407,-2075.0
2025-12-10,420718.1200000408,15,273506.8700000408,-2788.75
2025-12-11,424844.44000004086,12,274890.69000004086,-46.25
2025-12-12,422853.340000041,15,274992.090000041,-2138.75
2025-12-14,424015.840000041,15,274992.090000041,-976.25
2025-12-15,419876.02000004106,16,274996.02000004106,-5120.0
2025-12-16,419830.48000004113,20,275159.23000004113,-5328.75
2025-12-17,415831.8000000412,15,275220.5500000412,-9388.75
2025-12-18,419025.5600000412,15,275229.3100000412,-6203.75
2025-12-19,423115.59000004124,14,275315.59000004124,-2200.0
2025-12-21,423805.59000004124,12,275315.59000004124,-1510.0
2025-12-22,425090.62000004126,12,275521.87000004126,-431.25
2025-12-23,426591.9300000413,10,276655.6800000413,-63.75
2025-12-24,426751.33000004134,3,276792.58000004134,-41.25
2025-12-25,426773.83000004134,3,276792.58000004134,-18.75
2025-12-26,426775.73000004137,4,276819.48000004137,-43.75
2025-12-28,426780.73000004137,4,276819.48000004137,-38.75
2025-12-29,426528.2600000414,8,276830.7600000414,-302.5
2025-12-30,425706.43000004144,9,276885.18000004144,-1178.75
2025-12-31,422700.2700000415,20,276944.0200000415,-4243.75
2026-01-01,425407.7700000415,19,276944.0200000415,-1536.25
2026-01-02,425222.2200000416,19,277675.9700000416,-2453.75
2026-01-04,425992.2200000416,14,277675.9700000416,-1683.75
2026-01-05,429062.3300000417,14,279117.3300000417,-55.0
2026-01-06,429972.41000004177,6,280017.41000004177,-45.0
2026-01-07,429026.89000004187,9,280109.39000004187,-1082.5
2026-01-08,429538.8100000419,13,280163.8100000419,-625.0
2026-01-09,431593.310000042,11,281697.060000042,-103.75
2026-01-11,430662.060000042,5,281697.060000042,-1035.0
2026-01-12,431908.96000004205,6,281738.96000004205,170.0
2026-01-13,431441.5400000421,8,281834.0400000421,-392.5
2026-01-14,430942.2300000422,13,281870.9800000422,-928.75
2026-01-15,434645.4800000423,13,284349.2300000423,296.25
2026-01-16,433786.7600000423,11,284375.5100000423,-588.75
2026-01-18,430624.2600000423,10,284375.5100000423,-3751.25
2026-01-19,430011.7600000423,10,284375.5100000423,-4363.75
2026-01-20,427050.6100000424,20,284468.1100000424,-7417.5
2026-01-21,432007.54000004247,18,284772.54000004247,-2765.0
2026-01-22,433616.3000000425,12,284786.3000000425,-1170.0
2026-01-23,432296.3300000425,13,284827.5800000425,-2531.25
2026-01-25,431952.5800000425,11,284827.5800000425,-2875.0
2026-01-26,436135.1000000425,13,284840.1000000425,1295.0
2026-01-27,436283.3100000426,13,286080.8100000426,202.5
2026-01-28,436675.9200000427,9,286330.9200000427,345.0
2026-01-29,438624.2500000429,19,288761.7500000429,-137.5
2026-01-30,439145.580000043,9,288811.830000043,333.75
2026-02-01,436321.830000043,9,288811.830000043,-2490.0
2026-02-02,440744.4600000431,9,290365.7100000431,378.75
2026-02-03,438917.14000004326,20,290633.39000004326,-1716.25
2026-02-04,437227.2000000433,15,290685.9500000433,-3458.75
2026-02-05,428556.0200000434,20,290827.2700000434,-12271.25
2026-02-06,439337.9200000434,15,290939.1700000434,-1601.25
2026-02-08,439987.9200000434,10,290939.1700000434,-951.25
2026-02-09,441341.10000004346,10,291022.35000004346,318.75
2026-02-10,442128.72000004357,10,292181.22000004357,-52.5
2026-02-11,443875.1200000437,15,293340.1200000437,535.0
2026-02-12,433002.05000004376,21,293353.30000004376,-10351.25
2026-02-13,432578.3300000438,21,293379.5800000438,-10801.25
2026-02-15,434228.3300000438,20,293379.5800000438,-9151.25
2026-02-16,430303.3300000438,20,293379.5800000438,-13076.25
2026-02-17,435580.89000004384,21,293432.14000004384,-7851.25
2026-02-18,437774.0700000439,20,293535.3200000439,-5761.25
2026-02-19,437357.8300000439,17,293544.0800000439,-6186.25
2026-02-20,440376.5900000439,17,293577.8400000439,-3201.25
2026-02-22,436326.5900000439,15,293577.8400000439,-7251.25
2026-02-23,436466.01000004396,17,293612.26000004396,-7146.25
2026-02-24,439031.660000044,16,293639.160000044,-4607.5
2026-02-25,442131.690000044,15,293759.190000044,-1627.5
2026-02-26,438942.46000004414,20,293996.21000004414,-5053.75
2026-02-27,437314.98000004416,14,294013.73000004416,-6698.75
2026-03-01,434217.48000004416,14,294013.73000004416,-9796.25
2026-03-02,434593.74000004417,15,294022.49000004417,-9428.75
2026-03-03,431645.0400000442,15,294066.2900000442,-12421.25
2026-03-04,436842.56000004424,15,294083.81000004424,-7241.25
2026-03-05,435433.8800000443,16,294145.1300000443,-8711.25
2026-03-06,428005.1600000443,15,294171.4100000443,-16166.25
2026-03-08,418905.1600000443,14,294171.4100000443,-25266.25
2026-03-09,430288.92000004434,14,294180.17000004434,-13891.25
2026-03-10,433771.4800000444,15,294232.7300000444,-10461.25
2026-03-11,426150.2400000444,15,294241.4900000444,-18091.25
2026-03-12,425432.78000004444,15,294276.53000004444,-18843.75
2026-03-13,419740.91000004445,15,294275.91000004445,-24535.0
2026-03-15,423322.16000004445,15,294275.91000004445,-20953.75
2026-03-16,423901.1000000445,15,294286.1000000445,-20385.0
2026-03-17,428844.88000004453,15,294456.13000004453,-15611.25
2026-03-18,420412.4500000446,16,294517.4500000446,-24105.0
2026-03-19,419381.2000000446,15,294517.4500000446,-25136.25
2026-03-20,413305.6000000446,17,294534.3500000446,-31228.75
2026-03-22,408205.6000000446,16,294534.3500000446,-36328.75
2026-03-23,414709.99000004464,16,294908.74000004464,-30198.75
2026-03-24,418102.51000004465,16,294926.26000004465,-26823.75
2026-03-25,417483.76000004465,15,294926.26000004465,-27442.5
2026-03-26,410983.8100000447,16,294970.0600000447,-33986.25
2026-03-27,399442.5700000447,16,294978.8200000447,-45536.25
2026-03-29,400286.3200000447,15,294978.8200000447,-44692.5
2026-03-30,402892.5700000447,15,294978.8200000447,-42086.25
2026-03-31,413092.5700000447,15,294978.8200000447,-31886.25
2026-04-01,409921.36000004475,16,295013.86000004475,-35092.5
2026-04-02,415628.8900000448,16,295040.1400000448,-29411.25
2026-04-03,414935.1400000448,15,295040.1400000448,-30105.0
2026-04-05,415572.6400000448,15,295040.1400000448,-29467.5
2026-04-06,416386.4200000448,16,295066.4200000448,-28680.0
2026-04-07,430858.96000004484,16,295101.46000004484,-14242.5
2026-04-08,430578.3800000449,15,295397.1300000449,-14818.75
2026-04-09,434577.1400000449,14,295405.8900000449,-10828.75
2026-04-10,434393.4200000449,15,295432.1700000449,-11038.75
2026-04-12,430070.9200000449,14,295432.1700000449,-15361.25
2026-04-13,438654.68000004493,15,295440.93000004493,-6786.25
2026-04-14,444462.83000004495,14,295507.83000004495,-1045.0
2026-04-15,446901.660000045,11,296826.660000045,75.0
2026-04-16,447308.5900000451,4,297101.0900000451,207.5
2026-04-17,448481.16000004514,4,298419.91000004514,61.25
2026-04-19,447581.16000004514,4,298419.91000004514,-838.75
2026-04-20,448938.1000000452,10,298471.8500000452,466.25
2026-04-21,449803.89000004536,17,299641.39000004536,162.5
2026-04-22,451053.38000004546,16,301450.88000004546,-397.5
2026-04-23,451249.2400000457,21,302121.7400000457,-872.5
2026-04-24,453295.55000004574,10,303211.80000004574,83.75
2026-04-26,453368.05000004574,2,303211.80000004574,156.25
2026-04-27,453620.6000000458,4,303611.8500000458,8.75
2026-04-28,453827.54000004585,6,303678.79000004585,148.75
2026-04-29,453822.0000000459,8,303788.2500000459,33.75
2026-04-30,456037.14000004606,6,305877.14000004606,160.0
2026-05-01,455082.85000004614,9,306271.60000004614,-1188.75
2026-05-03,455926.60000004614,9,306271.60000004614,-345.0
2026-05-04,455164.8100000462,15,306351.0600000462,-1186.25
2026-05-05,458674.9000000463,14,308093.6500000463,581.25
2026-05-06,459460.59000004636,4,309406.84000004636,53.75
2026-05-07,459402.57000004646,11,309593.82000004646,-191.25
2026-05-08,460835.7500000465,10,310775.7500000465,60.0
2026-05-10,460790.7500000465,1,310775.7500000465,15.0
2026-05-11,460763.3300000466,5,311185.8300000466,-422.5
2026-05-12,463096.6600000468,16,312912.9100000468,183.75
2026-05-13,463809.23000004684,6,313795.48000004684,13.75
2026-05-14,464151.1900000469,5,314268.6900000469,-117.5
2026-05-15,462235.670000047,12,314345.670000047,-2110.0
2026-05-17,460330.670000047,12,314345.670000047,-4015.0
2026-05-18,462832.59000004706,15,314385.09000004706,-1552.5
2026-05-19,459192.6600000471,20,314497.6600000471,-5305.0
2026-05-20,464292.07000004716,17,314844.57000004716,-552.5
2026-05-21,466884.69000004727,11,316149.69000004727,735.0
2026-05-22,467176.7000000474,8,317770.4500000474,-593.75
2026-05-24,469696.7000000474,7,317770.4500000474,1926.25
2026-05-25,469154.2000000474,7,317770.4500000474,1383.75
2026-05-26,469195.5500000475,7,318956.8000000475,238.75
2026-05-27,469558.7000000475,5,318998.7000000475,560.0
