dt,equity,qty,realized,unrealized
2019-05-05,150000.0,0,0.0,0.0
2019-05-06,150042.52,2,122.51999999999998,-80.0
2019-05-07,149930.68,9,118.17999999999995,-187.5
2019-05-08,149008.18,9,118.17999999999995,-1110.0
2019-05-09,148593.19,11,116.93999999999994,-1523.75
2019-05-10,150372.57,12,116.31999999999994,256.25
2019-05-12,148572.57,12,116.31999999999994,-1543.75
2019-05-13,146574.46,15,114.45999999999992,-3540.0
2019-05-14,148243.21,15,114.45999999999992,-1871.25
2019-05-15,148430.71,15,114.45999999999992,-1683.75
2019-05-16,150136.96,15,114.45999999999992,22.5
2019-05-17,149536.96,15,114.45999999999992,-577.5
2019-05-19,150230.71,15,114.45999999999992,116.25
2019-05-20,149199.46,15,114.45999999999992,-915.0
2019-05-21,149986.96,15,114.45999999999992,-127.5
2019-05-22,148486.96,15,114.45999999999992,-1627.5
2019-05-23,147024.46,15,114.45999999999992,-3090.0
2019-05-24,147268.21,15,114.45999999999992,-2846.25
2019-05-26,147174.46,15,114.45999999999992,-2940.0
2019-05-27,147793.21,15,114.45999999999992,-2321.25
2019-05-28,144643.21,15,114.45999999999992,-5471.25
2019-05-29,143828.84,16,113.83999999999992,-6285.0
2019-05-30,142888.84,16,113.83999999999992,-7225.0
2019-05-31,141159.47,17,113.21999999999991,-8953.75
2019-06-02,139969.47,17,113.21999999999991,-10143.75
2019-06-03,141278.85,18,112.59999999999991,-8833.75
2019-06-04,146611.35,18,112.59999999999991,-3501.25
2019-06-05,147893.85,18,112.59999999999991,-2218.75
2019-06-06,149986.35,18,112.59999999999991,-126.25
2019-06-07,152388.95,18,2358.9500000000003,30.0
2019-06-09,152443.95,2,2358.9500000000003,85.0
2019-06-10,152609.6,3,2605.850000000001,3.75
2019-06-11,152488.98,4,2605.230000000001,-116.25
2019-06-12,152298.36000000002,5,2604.610000000001,-306.25
2019-06-13,152798.36000000002,5,2604.610000000001,193.75
2019-06-14,152673.36000000002,5,2604.610000000001,68.75
2019-06-16,152817.16,5,2592.160000000001,225.0
2019-06-17,152648.41,5,2592.160000000001,56.25
2019-06-18,153247.19,5,3213.440000000002,33.75
2019-06-19,153332.19,1,3213.440000000002,118.75
2019-06-20,153469.72,5,3405.9700000000025,63.75
2019-06-21,153375.97,5,3405.9700000000025,-30.0
2019-06-23,153688.47,5,3405.9700000000025,282.5
2019-06-24,153313.47,5,3405.9700000000025,-92.5
2019-06-25,152686.61000000002,8,3404.110000000003,-717.5
2019-06-26,152836.61000000002,8,3404.110000000003,-567.5
2019-06-27,153046.61000000002,8,3404.110000000003,-357.5
2019-06-28,153896.61000000002,8,3404.110000000003,492.5
2019-06-30,154526.61000000002,8,3404.110000000003,1122.5
2019-07-01,154903.55000000002,8,4898.550000000004,5.0
2019-07-02,155034.80000000002,5,4898.550000000004,136.25
2019-07-03,155541.08000000002,5,5524.8300000000045,16.25
2019-07-04,155559.83000000002,1,5524.8300000000045,35.0
2019-07-05,155659.22,4,5522.970000000005,136.25
2019-07-07,155519.22,4,5522.970000000005,-3.75
2019-07-08,155149.22,4,5522.970000000005,-373.75
2019-07-09,155537.35,5,5522.350000000005,15.0
2019-07-10,156274.27000000002,5,6144.270000000006,130.0
2019-07-11,156394.27000000002,4,6144.270000000006,250.0
2019-07-12,156454.27000000002,4,6144.270000000006,310.0
2019-07-14,156529.27000000002,4,6144.270000000006,385.0
2019-07-15,156564.27000000002,4,6144.270000000006,420.0
2019-07-16,156334.27000000002,4,6144.270000000006,190.0
2019-07-17,155696.15,5,6143.650000000006,-447.5
2019-07-18,156526.78,6,6143.030000000006,383.75
2019-07-19,155469.28,6,6143.030000000006,-673.75
2019-07-21,155634.28,6,6143.030000000006,-508.75
2019-07-22,156091.78,6,6143.030000000006,-51.25
2019-07-23,156571.78,6,6143.030000000006,428.75
2019-07-24,156908.69,6,6889.940000000007,18.75
2019-07-25,156968.08000000002,4,6888.080000000007,80.0
2019-07-26,157148.08000000002,4,6888.080000000007,260.0
2019-07-28,157113.08000000002,4,6888.080000000007,225.0
2019-07-29,157193.08000000002,4,6888.080000000007,305.0
2019-07-30,157063.08000000002,4,6888.080000000007,175.0
2019-07-31,156464.98,9,6884.980000000008,-420.0
2019-08-01,154658.11000000002,10,6884.360000000008,-2226.25
2019-08-02,154260.0,13,6882.500000000008,-2622.5
2019-08-04,151936.25,13,6882.500000000008,-4946.25
2019-08-05,147656.90000000002,18,6879.400000000009,-9222.5
2019-08-06,149591.90000000002,18,6879.400000000009,-7287.5
2019-08-07,152494.40000000002,18,6879.400000000009,-4385.0
2019-08-08,155531.90000000002,18,6879.400000000009,-1347.5
2019-08-09,155194.40000000002,18,6879.400000000009,-1685.0
2019-08-11,155306.90000000002,18,6879.400000000009,-1572.5
2019-08-12,151684.40000000002,18,6879.400000000009,-5195.0
2019-08-13,155486.90000000002,18,6879.400000000009,-1392.5
2019-08-14,148376.90000000002,18,6879.400000000009,-8502.5
2019-08-15,150086.90000000002,18,6879.400000000009,-6792.5
2019-08-16,152291.90000000002,18,6879.400000000009,-4587.5
2019-08-18,153574.40000000002,18,6879.400000000009,-3305.0
2019-08-19,155464.40000000002,18,6879.400000000009,-1415.0
2019-08-20,153619.40000000002,18,6879.400000000009,-3260.0
2019-08-21,155441.90000000002,18,6879.400000000009,-1437.5
2019-08-22,155936.90000000002,18,6879.400000000009,-942.5
2019-08-23,148691.90000000002,18,6879.400000000009,-8187.5
2019-08-25,147701.90000000002,18,6879.400000000009,-9177.5
2019-08-26,151481.90000000002,18,6879.400000000009,-5397.5
2019-08-27,150829.40000000002,18,6879.400000000009,-6050.0
2019-08-28,151234.40000000002,18,6879.400000000009,-5645.0
2019-08-29,156049.40000000002,18,6879.400000000009,-830.0
2019-08-30,155194.40000000002,18,6879.400000000009,-1685.0
2019-09-01,154114.40000000002,18,6879.400000000009,-2765.0
2019-09-02,153776.90000000002,18,6879.400000000009,-3102.5
2019-09-03,154361.90000000002,18,6879.400000000009,-2517.5
2019-09-04,159109.40000000002,18,6879.400000000009,2230.0
2019-09-05,159175.12,18,9120.120000000008,55.0
2019-09-06,159197.62,1,9120.120000000008,77.5
2019-09-08,159211.37,1,9120.120000000008,91.25
2019-09-09,159166.37,1,9120.120000000008,46.25
2019-09-10,159260.75,2,9119.500000000007,141.25
2019-09-11,159492.64,2,9368.890000000005,123.75
2019-09-12,159535.16,3,9491.410000000002,43.75
2019-09-13,159407.66,3,9491.410000000002,-83.75
2019-09-15,159148.94,3,9483.940000000002,-335.0
2019-09-16,159267.07,4,9483.320000000002,-216.25
2019-09-17,159352.07,4,9483.320000000002,-131.25
2019-09-18,159370.83,6,9482.08,-111.25
2019-09-19,159715.83,6,9482.08,233.75
2019-09-20,159070.83,6,9482.08,-411.25
2019-09-22,159430.83,6,9482.08,-51.25
2019-09-23,159528.33,6,9482.08,46.25
2019-09-24,158748.34,8,9480.839999999998,-732.5
2019-09-25,159141.47,9,9480.219999999998,-338.75
2019-09-26,158815.22,9,9480.219999999998,-665.0
2019-09-27,158477.72,9,9480.219999999998,-1002.5
2019-09-29,158860.22,9,9480.219999999998,-620.0
2019-09-30,159456.47,9,9480.219999999998,-23.75
2019-10-01,157399.6,10,9479.599999999997,-2080.0
2019-10-02,154280.25,15,9476.499999999993,-5196.25
2019-10-03,155932.13,16,9475.879999999992,-3543.75
2019-10-04,159372.13,16,9475.879999999992,-103.75
2019-10-06,158312.13,16,9475.879999999992,-1163.75
2019-10-07,159072.13,16,9475.879999999992,-403.75
2019-10-08,155352.13,16,9475.879999999992,-4123.75
2019-10-09,156392.13,16,9475.879999999992,-3083.75
2019-10-10,159352.13,16,9475.879999999992,-123.75
2019-10-11,161449.09999999998,16,11480.349999999977,-31.25
2019-10-13,161565.34999999998,3,11480.349999999977,85.0
2019-10-14,161475.34999999998,3,11480.349999999977,-5.0
2019-10-15,161811.61999999997,3,11855.369999999974,-43.75
2019-10-16,161820.99999999997,2,11854.749999999973,-33.75
2019-10-17,161863.49999999997,2,11854.749999999973,8.75
2019-10-18,161907.25999999998,4,11853.509999999971,53.75
2019-10-20,162032.25999999998,4,11853.509999999971,178.75
2019-10-21,162362.25999999998,4,11853.509999999971,508.75
2019-10-22,161952.92999999996,5,12351.679999999964,-398.75
2019-10-23,162421.67999999996,5,12351.679999999964,70.0
2019-10-24,162384.17999999996,5,12351.679999999964,32.5
2019-10-25,162771.67999999996,5,12351.679999999964,420.0
2019-10-27,162909.17999999996,5,12351.679999999964,557.5
2019-10-28,163109.20999999996,5,13099.20999999996,10.0
2019-10-29,163086.70999999996,1,13099.20999999996,-12.5
2019-10-30,163340.46999999997,3,13097.969999999958,242.5
2019-10-31,163367.34999999995,4,13097.349999999957,270.0
2019-11-01,163635.49999999994,4,13594.249999999953,41.25
2019-11-03,163670.49999999994,1,13594.249999999953,76.25
2019-11-04,163764.26999999996,3,13724.26999999995,40.0
2019-11-05,163606.76999999996,3,13724.26999999995,-117.5
2019-11-06,163656.14999999994,4,13723.649999999949,-67.5
2019-11-07,163776.14999999994,4,13723.649999999949,52.5
2019-11-08,164046.14999999994,4,13723.649999999949,322.5
2019-11-10,163861.14999999994,4,13723.649999999949,137.5
2019-11-11,163906.14999999994,4,13723.649999999949,182.5
2019-11-12,164006.18999999994,4,14221.189999999942,-215.0
2019-11-13,164254.31999999995,5,14220.569999999942,33.75
2019-11-14,164641.81999999995,5,14220.569999999942,421.25
2019-11-15,164859.34999999995,5,14844.349999999937,15.0
2019-11-17,164848.09999999995,1,14844.349999999937,3.75
2019-11-18,164884.34999999995,1,14844.349999999937,40.0
2019-11-19,164833.09999999995,1,14844.349999999937,-11.25
2019-11-20,164754.36999999994,5,14841.869999999933,-87.5
2019-11-21,164929.36999999994,5,14841.869999999933,87.5
2019-11-22,165029.36999999994,5,14841.869999999933,187.5
2019-11-24,165179.36999999994,5,14841.869999999933,337.5
2019-11-25,165488.14999999994,5,15463.149999999929,25.0
2019-11-26,165544.39999999994,1,15463.149999999929,81.25
2019-11-27,165540.65999999992,1,15586.909999999927,-46.25
2019-11-28,165540.65999999992,1,15586.909999999927,-46.25
2019-11-29,165521.91999999993,3,15585.669999999925,-63.75
2019-12-01,165664.41999999993,3,15585.669999999925,78.75
2019-12-02,165016.31999999992,8,15582.569999999921,-566.25
2019-12-03,164019.44999999992,9,15581.94999999992,-1562.5
2019-12-04,164784.44999999992,9,15581.94999999992,-797.5
2019-12-05,165245.69999999992,9,15581.94999999992,-336.25
2019-12-06,166393.19999999992,9,15581.94999999992,811.25
2019-12-08,166168.19999999992,9,15581.94999999992,586.25
2019-12-09,165920.69999999992,9,15581.94999999992,338.75
2019-12-10,165819.44999999992,9,15581.94999999992,237.5
2019-12-11,166393.19999999992,9,15581.94999999992,811.25
2019-12-12,166840.7499999999,9,16701.999999999916,138.75
2019-12-13,166908.2799999999,5,16823.279999999922,85.0
2019-12-15,167114.57999999993,5,16810.82999999992,303.75
2019-12-16,167443.35999999993,5,17435.859999999928,7.5
2019-12-17,167427.10999999993,1,17435.859999999928,-8.75
2019-12-18,167439.60999999993,1,17435.859999999928,3.75
2019-12-19,167508.35999999993,1,17435.859999999928,72.5
2019-12-20,167570.86999999994,1,17559.61999999993,11.25
2019-12-22,167589.61999999994,1,17559.61999999993,30.0
2019-12-23,167587.11999999994,1,17559.61999999993,27.5
2019-12-24,167580.86999999994,1,17559.61999999993,21.25
2019-12-25,167595.86999999994,1,17559.61999999993,36.25
2019-12-26,167693.36999999994,1,17559.61999999993,133.75
2019-12-27,167582.13999999993,3,17697.139999999934,-115.0
2019-12-29,167690.88999999993,3,17697.139999999934,-6.25
2019-12-30,167436.52999999994,6,17695.279999999937,-258.75
2019-12-31,167807.15999999995,7,17694.659999999938,112.5
2020-01-01,167938.40999999995,7,17694.659999999938,243.75
2020-01-02,168464.69999999995,7,18572.199999999946,-107.5
2020-01-03,168501.57999999996,2,18571.579999999947,-70.0
2020-01-05,168426.57999999996,2,18571.579999999947,-145.0
2020-01-06,168858.45999999996,3,18570.95999999995,287.5
2020-01-07,168427.20999999996,3,18570.95999999995,-143.75
2020-01-08,169006.60999999996,3,18945.359999999953,61.25
2020-01-09,169209.10999999996,2,18945.359999999953,263.75
2020-01-10,168992.26999999996,5,19192.26999999996,-200.0
2020-01-12,169242.26999999996,5,19192.26999999996,50.0
2020-01-13,169642.26999999996,5,19192.26999999996,450.0
2020-01-14,169423.51999999996,5,19192.26999999996,231.25
2020-01-15,169936.05999999997,5,19812.30999999997,123.75
2020-01-16,170193.57999999996,3,20184.829999999973,8.75
2020-01-17,170222.32999999996,1,20184.829999999973,37.5
2020-01-19,170236.07999999996,1,20184.829999999973,51.25
2020-01-20,170162.32999999996,1,20184.829999999973,-22.5
2020-01-21,170277.32999999996,1,20184.829999999973,92.5
2020-01-22,170186.07999999996,1,20184.829999999973,1.25
2020-01-23,170468.58999999997,3,20183.589999999975,285.0
2020-01-24,169892.36,7,20181.10999999998,-288.75
2020-01-26,168868.61,7,20181.10999999998,-1312.5
2020-01-27,168736.74,8,20180.48999999998,-1443.75
2020-01-28,170046.74,8,20180.48999999998,-133.75
2020-01-29,168656.74,8,20180.48999999998,-1523.75
2020-01-30,170306.74,8,20180.48999999998,126.25
2020-01-31,167681.74999999997,10,20179.24999999998,-2497.5
2020-02-02,168594.24999999997,10,20179.24999999998,-1585.0
2020-02-03,169494.24999999997,10,20179.24999999998,-685.0
2020-02-04,171380.56,10,21424.309999999994,-43.75
2020-02-05,172340.59,4,21701.84,638.75
2020-02-06,172185.62,4,22201.870000000006,-16.25
2020-02-07,171950.63,4,22200.63000000001,-250.0
2020-02-09,172010.63,4,22200.63000000001,-190.0
2020-02-10,172956.26,5,22200.01000000001,756.25
2020-02-11,173097.55000000002,5,23045.050000000017,52.5
2020-02-12,173146.30000000002,3,23045.050000000017,101.25
2020-02-13,173397.55000000002,3,23045.050000000017,352.5
2020-02-14,173341.30000000002,3,23045.050000000017,296.25
2020-02-16,173442.55000000002,3,23045.050000000017,397.5
2020-02-17,173221.30000000002,3,23045.050000000017,176.25
2020-02-18,173315.05000000002,3,23045.050000000017,270.0
2020-02-19,173398.82,3,23417.57000000002,-18.75
2020-02-20,173050.10000000003,7,23413.850000000028,-363.75
2020-02-21,172391.36000000004,9,23412.61000000003,-1021.25
2020-02-23,170445.11000000004,9,23412.61000000003,-2967.5
2020-02-24,168750.12000000002,11,23411.37000000003,-4661.25
2020-02-25,162219.53000000003,18,23407.03000000004,-11187.5
2020-02-26,154277.03000000003,18,23407.03000000004,-19130.0
2020-02-27,153513.92000000004,21,23405.170000000042,-19891.25
2020-03-01,139785.17000000004,21,23405.170000000042,-33620.0
2020-03-03,151758.30000000005,22,23404.550000000043,-21646.25
2020-03-04,158055.80000000005,22,23404.550000000043,-15348.75
2020-03-05,146038.30000000005,22,23404.550000000043,-27366.25
2020-03-06,144305.80000000005,22,23404.550000000043,-29098.75
2020-03-08,128383.30000000005,22,23404.550000000043,-45021.25
2020-03-09,128355.80000000005,22,23404.550000000043,-45048.75
2020-03-10,127668.30000000005,22,23404.550000000043,-45736.25
2020-03-11,106438.30000000005,22,23404.550000000043,-66966.25
2020-03-12,82210.80000000005,22,23404.550000000043,-91193.75
2020-03-13,111415.80000000005,22,23404.550000000043,-61988.75
2020-03-15,100718.30000000005,22,23404.550000000043,-72686.25
2020-03-16,92853.52000000005,22,23349.770000000044,-80496.25
2020-03-17,83778.52000000005,22,23349.770000000044,-89571.25
2020-03-18,70936.02000000005,22,23349.770000000044,-102413.75
2020-03-19,80533.52000000005,22,23349.770000000044,-92816.25
2020-03-20,68846.02000000005,22,23349.770000000044,-104503.75
2020-03-22,61366.02000000005,22,23349.770000000044,-111983.75
2020-03-23,70056.02000000005,22,23349.770000000044,-103293.75
2020-03-24,83971.02000000005,22,23349.770000000044,-89378.75
2020-03-25,89773.52000000005,22,23349.770000000044,-83576.25
2020-03-26,103221.02000000005,22,23349.770000000044,-70128.75
2020-03-27,96648.52000000005,22,23349.770000000044,-76701.25
2020-03-29,95906.02000000005,22,23349.770000000044,-77443.75
2020-03-30,107401.02000000005,22,23349.770000000044,-65948.75
2020-03-31,97583.52000000005,22,23349.770000000044,-75766.25
2020-04-01,92413.52000000005,22,23349.770000000044,-80936.25
2020-04-02,93486.02000000005,22,23349.770000000044,-79863.75
2020-04-03,92276.02000000005,22,23349.770000000044,-81073.75
2020-04-05,101763.52000000005,22,23349.770000000044,-71586.25
2020-04-06,108363.52000000005,22,23349.770000000044,-64986.25
2020-04-07,110563.52000000005,22,23349.770000000044,-62786.25
2020-04-08,120078.52000000005,22,23349.770000000044,-53271.25
2020-04-09,126018.52000000005,22,23349.770000000044,-47331.25
2020-04-12,120766.02000000005,22,23349.770000000044,-52583.75
2020-04-13,126953.52000000005,22,23349.770000000044,-46396.25
2020-04-14,130473.52000000005,22,23349.770000000044,-42876.25
2020-04-15,123021.02000000005,22,23349.770000000044,-50328.75
2020-04-16,135506.02000000005,22,23349.770000000044,-37843.75
2020-04-17,135038.52000000005,22,23349.770000000044,-38311.25
2020-04-19,135286.02000000005,22,23349.770000000044,-38063.75
2020-04-20,126156.02000000005,22,23349.770000000044,-47193.75
2020-04-21,120738.52000000005,22,23349.770000000044,-52611.25
2020-04-22,124836.02000000005,22,23349.770000000044,-48513.75
2020-04-23,123681.02000000005,22,23349.770000000044,-49668.75
2020-04-24,130528.52000000005,22,23349.770000000044,-42821.25
2020-04-26,132178.52000000005,22,23349.770000000044,-41171.25
2020-04-27,133663.52000000005,22,23349.770000000044,-39686.25
2020-04-28,138311.02000000005,22,23349.770000000044,-35038.75
2020-04-29,144746.02000000005,22,23349.770000000044,-28603.75
2020-04-30,134048.52000000005,22,23349.770000000044,-39301.25
2020-05-01,129318.52000000005,22,23349.770000000044,-44031.25
2020-05-03,128081.02000000005,22,23349.770000000044,-45268.75
2020-05-04,132041.02000000005,22,23349.770000000044,-41308.75
2020-05-05,134186.02000000005,22,23349.770000000044,-39163.75
2020-05-06,133003.52000000005,22,23349.770000000044,-40346.25
2020-05-07,139933.52000000005,22,23349.770000000044,-33416.25
2020-05-08,141803.52000000005,22,23349.770000000044,-31546.25
2020-05-10,143068.52000000005,22,23349.770000000044,-30281.25
2020-05-11,138751.02000000005,22,23349.770000000044,-34598.75
2020-05-12,133333.52000000005,22,23349.770000000044,-40016.25
2020-05-13,128796.02000000005,22,23349.770000000044,-44553.75
2020-05-14,132701.02000000005,22,23349.770000000044,-40648.75
2020-05-15,133443.52000000005,22,23349.770000000044,-39906.25
2020-05-17,136138.52000000005,22,23349.770000000044,-37211.25
2020-05-18,142821.02000000005,22,23349.770000000044,-30528.75
2020-05-19,142381.02000000005,22,23349.770000000044,-30968.75
2020-05-20,144031.02000000005,22,23349.770000000044,-29318.75
2020-05-21,140566.02000000005,22,23349.770000000044,-32783.75
2020-05-22,144636.02000000005,22,23349.770000000044,-28713.75
2020-05-24,145268.52000000005,22,23349.770000000044,-28081.25
2020-05-25,149448.52000000005,22,23349.770000000044,-23901.25
2020-05-26,151043.52000000005,22,23349.770000000044,-22306.25
2020-05-27,153078.52000000005,22,23349.770000000044,-20271.25
2020-05-28,152391.02000000005,22,23349.770000000044,-20958.75
2020-05-29,155746.02000000005,22,23349.770000000044,-17603.75
2020-05-31,153436.02000000005,22,23349.770000000044,-19913.75
2020-06-01,153931.02000000005,22,23349.770000000044,-19418.75
2020-06-02,158771.02000000005,22,23349.770000000044,-14578.75
2020-06-03,161603.52000000005,22,23349.770000000044,-11746.25
2020-06-04,163198.52000000005,22,23349.770000000044,-10151.25
2020-06-05,169826.02000000005,22,23349.770000000044,-3523.75
2020-06-07,170761.02000000005,22,23349.770000000044,-2588.75
2020-06-08,173923.52000000005,22,23349.770000000044,573.75
2020-06-09,173841.02000000005,22,23349.770000000044,491.25
2020-06-10,166443.52000000005,22,23349.770000000044,-6906.25
2020-06-11,154343.52000000005,22,23349.770000000044,-19006.25
2020-06-12,153381.02000000005,22,23349.770000000044,-19968.75
2020-06-14,149201.02000000005,22,23349.770000000044,-24148.75
2020-06-15,162373.74000000005,22,23294.990000000045,-10921.25
2020-06-16,162566.24000000005,22,23294.990000000045,-10728.75
2020-06-17,160146.24000000005,22,23294.990000000045,-13148.75
2020-06-18,162208.74000000005,22,23294.990000000045,-11086.25
2020-06-19,156956.24000000005,22,23294.990000000045,-16338.75
2020-06-21,159321.24000000005,22,23294.990000000045,-13973.75
2020-06-22,162841.24000000005,22,23294.990000000045,-10453.75
2020-06-23,163776.24000000005,22,23294.990000000045,-9518.75
2020-06-24,154453.74000000005,22,23294.990000000045,-18841.25
2020-06-25,158606.24000000005,22,23294.990000000045,-14688.75
2020-06-26,150933.74000000005,22,23294.990000000045,-22361.25
2020-06-28,151071.24000000005,22,23294.990000000045,-22223.75
2020-06-29,156406.24000000005,22,23294.990000000045,-16888.75
2020-06-30,159926.24000000005,22,23294.990000000045,-13368.75
2020-07-01,162263.74000000005,22,23294.990000000045,-11031.25
2020-07-02,164463.74000000005,22,23294.990000000045,-8831.25
2020-07-03,163308.74000000005,22,23294.990000000045,-9986.25
2020-07-05,168863.74000000005,22,23294.990000000045,-4431.25
2020-07-06,168836.24000000005,22,23294.990000000045,-4458.75
2020-07-07,166278.74000000005,22,23294.990000000045,-7016.25
2020-07-08,168671.24000000005,22,23294.990000000045,-4623.75
2020-07-09,165481.24000000005,22,23294.990000000045,-7813.75
2020-07-10,170348.74000000005,22,23294.990000000045,-2946.25
2020-07-12,171723.74000000005,22,23294.990000000045,-1571.25
2020-07-13,167131.24000000005,22,23294.990000000045,-6163.75
2020-07-14,173456.24000000005,22,23294.990000000045,161.25
2020-07-15,173071.24000000005,22,23294.990000000045,-223.75
2020-07-16,172988.74000000005,22,23294.990000000045,-306.25
2020-07-17,174116.24000000005,22,23294.990000000045,821.25
2020-07-19,173153.74000000005,22,23294.990000000045,-141.25
2020-07-20,176146.98000000007,22,26054.48000000007,92.5
2020-07-21,176426.38000000006,4,26211.380000000074,215.0
2020-07-22,176496.38000000006,4,26211.380000000074,285.0
2020-07-23,175288.90000000008,8,26208.900000000078,-920.0
2020-07-24,174788.9100000001,10,26207.66000000008,-1418.75
2020-07-26,175626.4100000001,10,26207.66000000008,-581.25
2020-07-27,176338.9100000001,10,26207.66000000008,131.25
2020-07-28,175151.4100000001,10,26207.66000000008,-1056.25
2020-07-29,177026.4100000001,10,26207.66000000008,818.75
2020-07-30,177551.4100000001,10,26207.66000000008,1343.75
2020-07-31,178515.9200000001,10,28493.420000000107,22.5
2020-08-02,178477.1700000001,1,28493.420000000107,-16.25
2020-08-03,178624.69000000012,3,28615.94000000011,8.75
2020-08-04,178857.19000000012,3,28615.94000000011,241.25
2020-08-05,179057.2100000001,3,29038.460000000116,18.75
2020-08-06,179103.47000000012,1,29162.220000000118,-58.75
2020-08-07,179393.48000000013,3,29160.98000000012,232.5
2020-08-09,179434.73000000013,3,29160.98000000012,273.75
2020-08-10,179604.13000000012,3,29532.880000000125,71.25
2020-08-11,179290.40000000014,6,29530.40000000013,-240.0
2020-08-12,180287.31000000014,6,30276.060000000136,11.25
2020-08-13,180361.69000000015,2,30275.440000000137,86.25
2020-08-14,180271.69000000015,2,30275.440000000137,-3.75
2020-08-16,180349.19000000015,2,30275.440000000137,73.75
2020-08-17,180436.69000000015,2,30275.440000000137,161.25
2020-08-18,180789.22000000015,4,30522.970000000143,266.25
2020-08-19,180044.22000000015,4,30522.970000000143,-478.75
2020-08-20,180897.35000000015,5,30522.350000000144,375.0
2020-08-21,180959.85000000015,5,30522.350000000144,437.5
2020-08-23,181203.60000000015,5,30522.350000000144,681.25
2020-08-24,182081.14000000016,5,31673.640000000152,407.5
2020-08-25,182059.91000000015,3,32048.660000000156,11.25
2020-08-26,182216.17000000016,1,32172.42000000016,43.75
2020-08-27,182952.45000000016,5,32293.700000000164,658.75
2020-08-28,182921.23000000016,5,32917.48000000016,3.75
2020-08-30,183003.73000000016,1,32917.48000000016,86.25
2020-08-31,182924.99000000017,3,32916.24000000016,8.75
2020-09-01,183342.51000000015,3,33290.01000000015,52.5
2020-09-02,183946.3100000001,4,33910.06000000012,36.25
2020-09-03,178648.26000000007,16,33900.76000000008,-5252.5
2020-09-04,176850.15000000008,19,33898.900000000074,-7048.75
2020-09-06,176778.90000000008,19,33898.900000000074,-7120.0
2020-09-07,178085.15000000008,19,33898.900000000074,-5813.75
2020-09-08,169658.2800000001,20,33898.28000000007,-14240.0
2020-09-09,174683.2800000001,20,33898.28000000007,-9215.0
2020-09-10,171558.2800000001,20,33898.28000000007,-12340.0
2020-09-11,169498.91000000006,21,33897.66000000007,-14398.75
2020-09-13,173331.62000000005,21,33845.37000000007,-10513.75
2020-09-14,174827.87000000005,21,33845.37000000007,-9017.5
2020-09-15,177321.62000000005,21,33845.37000000007,-6523.75
2020-09-16,171257.87000000005,21,33845.37000000007,-12587.5
2020-09-17,171179.12000000005,21,33845.37000000007,-12666.25
2020-09-18,168547.25000000006,22,33844.750000000065,-15297.5
2020-09-20,167612.25000000006,22,33844.750000000065,-16232.5
2020-09-21,163597.25000000006,22,33844.750000000065,-20247.5
2020-09-22,166484.75000000006,22,33844.750000000065,-17360.0
2020-09-23,158949.75000000006,22,33844.750000000065,-24895.0
2020-09-24,161232.25000000006,22,33844.750000000065,-22612.5
2020-09-25,165054.75000000006,22,33844.750000000065,-18790.0
2020-09-27,166677.25000000006,22,33844.750000000065,-17167.5
2020-09-28,172644.75000000006,22,33844.750000000065,-11200.0
2020-09-29,168327.25000000006,22,33844.750000000065,-15517.5
2020-09-30,174074.75000000006,22,33844.750000000065,-9770.0
2020-10-01,173442.25000000006,22,33844.750000000065,-10402.5
2020-10-02,171654.75000000006,22,33844.750000000065,-12190.0
2020-10-04,173002.25000000006,22,33844.750000000065,-10842.5
2020-10-05,177127.25000000006,22,33844.750000000065,-6717.5
2020-10-06,172644.75000000006,22,33844.750000000065,-11200.0
2020-10-07,179519.75000000006,22,33844.750000000065,-4325.0
2020-10-08,183892.25000000006,22,33844.750000000065,47.5
2020-10-09,186064.75000000006,22,33844.750000000065,2220.0
2020-10-11,186147.25000000006,22,33844.750000000065,2302.5
2020-10-12,188371.75000000003,22,38374.25000000004,-2.5
2020-10-13,188679.90000000002,6,38371.15000000002,308.75
2020-10-14,186969.91000000003,8,38369.91000000002,-1400.0
2020-10-15,187569.29,9,38369.290000000015,-800.0
2020-10-16,187063.04,9,38369.290000000015,-1306.25
2020-10-18,187963.04,9,38369.290000000015,-406.25
2020-10-19,186004.30000000002,11,38368.05000000001,-2363.75
2020-10-20,186939.30000000002,11,38368.05000000001,-1428.75
2020-10-21,184285.55000000002,11,38368.05000000001,-4082.5
2020-10-22,186829.30000000002,11,38368.05000000001,-1538.75
2020-10-23,186843.05000000002,11,38368.05000000001,-1525.0
2020-10-25,185756.80000000002,11,38368.05000000001,-2611.25
2020-10-26,184186.2,16,38364.95,-4178.75
2020-10-27,181566.2,16,38364.95,-6798.75
2020-10-28,176164.34,19,38363.08999999999,-12198.75
2020-10-29,174082.46999999997,20,38362.46999999999,-14280.0
2020-10-30,174730.59999999998,21,38361.849999999984,-13631.25
2020-11-01,173759.34999999998,21,38361.849999999984,-14602.5
2020-11-02,178248.09999999998,21,38361.849999999984,-10113.75
2020-11-03,186621.84999999998,21,38361.849999999984,-1740.0
2020-11-04,191568.8699999999,21,41112.61999999991,456.25
2020-11-05,191742.6899999999,6,42510.18999999987,-767.5
2020-11-06,192827.06999999986,7,42509.56999999987,317.5
2020-11-08,194629.56999999986,7,42509.56999999987,2120.0
2020-11-09,192480.90999999983,11,47374.65999999982,-4893.75
2020-11-10,194509.0499999998,14,47372.799999999814,-2863.75
2020-11-11,194159.0499999998,14,47372.799999999814,-3213.75
2020-11-12,193686.5499999998,14,47372.799999999814,-3686.25
2020-11-13,197046.5499999998,14,47372.799999999814,-326.25
2020-11-15,199041.5499999998,14,47372.799999999814,1668.75
2020-11-16,199164.75999999978,14,49118.50999999977,46.25
2020-11-17,199122.26999999976,5,49117.269999999764,5.0
2020-11-18,197972.90999999974,8,49115.409999999756,-1142.5
2020-11-19,198133.53999999975,9,49114.78999999975,-981.25
2020-11-20,197514.78999999975,9,49114.78999999975,-1600.0
2020-11-22,198066.03999999975,9,49114.78999999975,-1048.75
2020-11-23,199899.78999999975,9,49114.78999999975,785.0
2020-11-24,200377.33999999973,9,50242.33999999973,135.0
2020-11-25,200323.58999999973,1,50242.33999999973,81.25
2020-11-26,200292.33999999973,1,50242.33999999973,50.0
2020-11-27,200418.60999999972,3,50364.85999999972,53.75
2020-11-29,200156.10999999972,3,50364.85999999972,-208.75
2020-11-30,201656.75999999972,8,50361.759999999704,1295.0
2020-12-01,201756.80999999968,8,51770.55999999968,-13.75
2020-12-02,201923.68999999968,3,51769.939999999675,153.75
2020-12-03,202189.34999999966,4,52140.59999999966,48.75
2020-12-04,202614.99999999965,4,52641.24999999964,-26.25
2020-12-06,202611.24999999965,1,52641.24999999964,-30.0
2020-12-07,202511.25999999963,3,52640.00999999964,-128.75
2020-12-08,203130.63999999964,4,52639.389999999636,491.25
2020-12-09,202448.14999999962,6,52638.14999999963,-190.0
2020-12-10,202296.90999999963,8,52636.909999999625,-340.0
2020-12-11,202248.78999999963,9,52636.28999999962,-387.5
2020-12-13,203126.37999999963,9,52613.87999999962,512.5
2020-12-14,202772.08999999956,9,53734.589999999575,-962.5
2020-12-15,204562.08999999956,8,53734.589999999575,827.5
2020-12-16,204919.63999999955,8,54765.88999999955,153.75
2020-12-17,204960.28999999954,3,55014.039999999535,-53.75
2020-12-18,205834.68999999954,8,55010.93999999952,823.75
2020-12-20,205234.68999999954,8,55010.93999999952,223.75
2020-12-21,204609.07999999952,11,55009.079999999514,-400.0
2020-12-22,204444.07999999952,11,55009.079999999514,-565.0
2020-12-23,205337.82999999952,11,55009.079999999514,328.75
2020-12-24,205612.82999999952,11,55009.079999999514,603.75
2020-12-27,206946.57999999952,11,55009.079999999514,1937.5
2020-12-28,207346.6399999995,11,57241.63999999948,105.0
2020-12-29,207386.66999999946,5,57362.91999999947,23.75
2020-12-30,207155.41999999946,5,57362.91999999947,-207.5
2020-12-31,207780.41999999946,5,57362.91999999947,417.5
2021-01-03,207767.91999999946,5,57362.91999999947,405.0
2021-01-04,206269.87999999942,12,58007.37999999942,-1737.5
2021-01-05,206359.87999999942,12,58007.37999999942,-1647.5
2021-01-06,209848.10999999937,12,59621.85999999937,226.25
2021-01-07,210649.39999999935,7,60499.39999999935,150.0
2021-01-08,211520.7299999993,7,61511.979999999305,8.75
2021-01-10,211376.9799999993,1,61511.979999999305,-135.0
2021-01-11,211406.3599999993,2,61511.3599999993,-105.0
2021-01-12,211798.8699999993,4,61510.1199999993,288.75
2021-01-13,212092.02999999927,4,62009.52999999928,82.5
2021-01-14,211434.53999999928,5,62008.28999999927,-573.75
2021-01-15,210350.80999999927,9,62005.80999999926,-1655.0
2021-01-17,210710.80999999927,9,62005.80999999926,-1295.0
2021-01-18,212297.05999999927,9,62005.80999999926,291.25
2021-01-19,212488.30999999927,9,62005.80999999926,482.5
2021-01-20,213672.11999999924,9,63573.36999999923,98.75
2021-01-21,213569.61999999924,1,63573.36999999923,-3.75
2021-01-22,213553.99999999924,2,63572.74999999923,-18.75
2021-01-24,213743.99999999924,2,63572.74999999923,171.25
2021-01-25,214273.4499999992,7,64438.44999999919,-165.0
2021-01-26,214480.35999999917,4,64809.10999999917,-328.75
2021-01-27,211106.02999999915,13,64803.52999999915,-3697.5
2021-01-28,214418.62999999916,13,66423.62999999916,-2005.0
2021-01-29,212151.1599999992,13,66419.90999999919,-4268.75
2021-01-31,213873.6599999992,13,66419.90999999919,-2546.25
2021-02-01,218033.6599999992,13,66419.90999999919,1613.75
2021-02-02,218998.11999999927,13,68911.86999999927,86.25
2021-02-03,218848.74999999927,3,68911.24999999927,-62.5
2021-02-04,219421.2799999993,3,69408.7799999993,12.5
2021-02-05,219493.7799999993,1,69408.7799999993,85.0
2021-02-07,219556.2799999993,1,69408.7799999993,147.5
2021-02-08,219678.1699999993,2,69546.91999999931,131.25
2021-02-09,219798.1699999993,2,69546.91999999931,251.25
2021-02-10,219893.21999999936,8,69836.96999999936,56.25
2021-02-11,219743.21999999936,8,69836.96999999936,-93.75
2021-02-12,220858.8899999994,8,70837.6399999994,21.25
2021-02-14,220912.6399999994,1,70837.6399999994,75.0
2021-02-15,220971.3899999994,1,70837.6399999994,133.75
2021-02-16,220837.6499999994,3,70836.39999999941,1.25
2021-02-17,220898.90999999942,5,70835.15999999942,63.75
2021-02-18,220505.79999999944,8,70833.29999999944,-327.5
2021-02-19,220575.79999999944,8,70833.29999999944,-257.5
2021-02-21,220455.79999999944,8,70833.29999999944,-377.5
2021-02-22,220365.79999999944,8,70833.29999999944,-467.5
2021-02-23,220319.56999999945,12,70830.81999999945,-511.25
2021-02-24,222457.7599999995,12,72336.50999999951,121.25
2021-02-25,219135.93999999957,12,72329.68999999957,-3193.75
2021-02-26,218792.82999999958,15,72327.82999999958,-3535.0
2021-02-28,221042.82999999958,15,72327.82999999958,-1285.0
2021-03-01,224079.17999999967,15,74324.17999999967,-245.0
2021-03-02,224127.3299999997,8,74321.0799999997,-193.75
2021-03-03,219541.72999999972,13,74317.97999999972,-4776.25
2021-03-04,216626.75999999975,19,74314.25999999975,-7687.5
2021-03-05,224725.50999999975,19,74314.25999999975,411.25
2021-03-07,223561.75999999975,19,74314.25999999975,-752.5
2021-03-08,227030.6799999999,19,77051.9299999999,-21.25
2021-03-09,228118.85999999996,9,78171.35999999996,-52.5
2021-03-10,228747.00999999998,3,78418.25999999998,328.75
2021-03-11,229060.18000000002,4,79001.43000000002,58.75
2021-03-12,229197.69000000003,6,79000.19000000003,197.5
2021-03-14,229347.75000000003,6,78985.25000000003,362.5
2021-03-15,229767.16000000006,6,79733.41000000006,33.75
2021-03-16,229739.04000000007,2,79732.79000000007,6.25
2021-03-17,230242.8300000001,4,80229.0800000001,13.75
2021-03-18,229149.11000000013,8,80225.36000000013,-1076.25
2021-03-19,228729.12000000014,10,80224.12000000014,-1495.0
2021-03-21,228766.62000000014,10,80224.12000000014,-1457.5
2021-03-22,230116.62000000014,10,80224.12000000014,-107.5
2021-03-23,229004.12000000014,10,80224.12000000014,-1220.0
2021-03-24,228366.62000000014,10,80224.12000000014,-1857.5
2021-03-25,230117.88000000015,12,80222.88000000015,-105.0
2021-03-26,231833.58000000022,12,81838.58000000022,-5.0
2021-03-28,231753.58000000022,1,81838.58000000022,-85.0
2021-03-29,232254.85000000024,5,81836.10000000024,418.75
2021-03-30,231879.85000000024,5,81836.10000000024,43.75
2021-03-31,232431.76000000027,5,82456.76000000027,-25.0
2021-04-01,232808.65000000029,2,82704.90000000029,103.75
2021-04-02,232862.40000000029,1,82704.90000000029,157.5
2021-04-04,232866.15000000029,1,82704.90000000029,161.25
2021-04-05,233007.4200000003,1,83038.6700000003,-31.25
2021-04-06,233059.3000000003,2,83038.05000000031,21.25
2021-04-07,233281.8000000003,2,83038.05000000031,243.75
2021-04-08,233319.94000000032,2,83287.44000000032,32.5
2021-04-09,233407.45000000033,1,83411.20000000033,-3.75
2021-04-11,233378.70000000033,1,83411.20000000033,-32.5
2021-04-12,233499.33000000034,2,83410.58000000034,88.75
2021-04-13,233634.35000000036,2,83659.35000000036,-25.0
2021-04-14,233574.99000000037,5,83657.49000000037,-82.5
2021-04-15,234305.0200000004,5,84283.7700000004,21.25
2021-04-16,234436.29000000042,3,84408.79000000042,27.5
2021-04-18,234402.54000000042,3,84408.79000000042,-6.25
2021-04-19,234500.68000000043,6,84406.93000000043,93.75
2021-04-20,232954.45000000045,10,84404.45000000045,-1450.0
2021-04-21,234941.95000000045,10,84404.45000000045,537.5
2021-04-22,233779.45000000045,10,84404.45000000045,-625.0
2021-04-23,235593.2600000005,10,85647.0100000005,-53.75
2021-04-25,235678.2600000005,2,85647.0100000005,31.25
2021-04-26,235758.2600000005,2,85647.0100000005,111.25
2021-04-27,235768.2600000005,2,85647.0100000005,121.25
2021-04-28,235918.2600000005,2,85647.0100000005,271.25
2021-04-29,236109.56000000055,8,85994.56000000055,115.0
2021-04-30,235639.56000000055,8,85994.56000000055,-355.0
2021-05-02,235949.56000000055,8,85994.56000000055,-45.0
2021-05-03,235409.56000000055,8,85994.56000000055,-585.0
2021-05-04,235787.08000000057,12,85992.08000000057,-205.0
2021-05-05,234977.08000000057,12,85992.08000000057,-1015.0
2021-05-06,237467.08000000057,12,85992.08000000057,1475.0
2021-05-07,237899.66000000064,12,87837.16000000064,62.5
2021-05-09,237964.66000000064,2,87837.16000000064,127.5
2021-05-10,236253.44000000067,8,87833.44000000067,-1580.0
2021-05-11,234437.8300000007,11,87831.58000000069,-3393.75
2021-05-12,231689.7300000007,16,87828.48000000071,-6138.75
2021-05-13,235949.7300000007,16,87828.48000000071,-1878.75
2021-05-14,239842.3200000008,16,89818.5700000008,23.75
2021-05-16,239684.8200000008,2,89818.5700000008,-133.75
2021-05-17,240198.5900000008,6,89816.09000000081,382.5
2021-05-18,238201.10000000082,8,89814.85000000082,-1613.75
2021-05-19,238593.61000000083,10,89813.61000000083,-1220.0
2021-05-20,241144.3000000009,10,91060.55000000089,83.75
2021-05-21,241256.22000000093,6,91431.22000000093,-175.0
2021-05-23,241421.22000000093,6,91431.22000000093,-10.0
2021-05-24,242248.13000000097,6,92181.88000000097,66.25
2021-05-25,242297.51000000097,2,92181.26000000097,116.25
2021-05-26,242207.51000000097,2,92181.26000000097,26.25
2021-05-27,242460.01000000097,2,92181.26000000097,278.75
2021-05-28,242383.780000001,2,92440.03000000099,-56.25
2021-05-30,242418.780000001,2,92440.03000000099,-21.25
2021-05-31,242366.280000001,2,92440.03000000099,-73.75
2021-06-01,242348.790000001,4,92438.790000001,-90.0
2021-06-02,242548.790000001,4,92438.790000001,110.0
2021-06-03,242468.180000001,7,92436.93000000101,31.25
2021-06-04,243440.10000000105,7,93311.35000000105,128.75
2021-06-06,243392.60000000105,2,93311.35000000105,81.25
2021-06-07,243435.10000000105,2,93311.35000000105,123.75
2021-06-08,243427.60000000105,2,93311.35000000105,116.25
2021-06-09,243407.60000000105,2,93311.35000000105,96.25
2021-06-10,243750.13000000108,4,93558.88000000108,191.25
2021-06-11,243840.13000000108,4,93558.88000000108,281.25
2021-06-13,243925.1700000011,4,93548.92000000108,376.25
2021-06-14,244073.3200000011,4,94047.0700000011,26.25
2021-06-15,243987.71000000113,4,94045.21000000111,-57.5
2021-06-16,242988.98000000115,8,94042.73000000113,-1053.75
2021-06-17,243718.98000000115,8,94042.73000000113,-323.75
2021-06-18,240382.12000000116,11,94040.87000000114,-3658.75
2021-06-20,239832.12000000116,11,94040.87000000114,-4208.75
2021-06-21,244713.37000000116,11,94040.87000000114,672.5
2021-06-22,245462.18000000122,11,95420.9300000012,41.25
2021-06-23,245462.18000000122,1,95420.9300000012,41.25
2021-06-24,245604.07000000123,2,95544.07000000121,60.0
2021-06-25,245714.07000000123,2,95544.07000000121,170.0
2021-06-27,245701.57000000123,2,95544.07000000121,157.5
2021-06-28,245701.57000000123,2,95544.07000000121,157.5
2021-06-29,245877.22000000125,3,95805.97000000124,71.25
2021-06-30,246004.72000000125,3,95805.97000000124,198.75
2021-07-01,246198.49000000127,3,96178.49000000126,20.0
2021-07-02,246328.50000000128,1,96302.25000000127,26.25
2021-07-04,246318.50000000128,1,96302.25000000127,16.25
2021-07-05,246346.00000000128,1,96302.25000000127,43.75
2021-07-06,246672.9000000013,6,96299.15000000129,373.75
2021-07-07,247188.58000000136,6,97048.58000000134,140.0
2021-07-08,246419.22000000137,8,97046.72000000135,-627.5
2021-07-09,248133.6400000014,8,98043.6400000014,90.0
2021-07-11,248083.6400000014,1,98043.6400000014,40.0
2021-07-12,248191.15000000142,1,98167.4000000014,23.75
2021-07-13,248076.78000000142,2,98166.78000000141,-90.0
2021-07-14,248179.91000000143,3,98166.16000000142,13.75
2021-07-15,248161.18000000145,7,98163.68000000143,-2.5
2021-07-16,246987.44000000146,9,98162.44000000144,-1175.0
2021-07-18,246357.44000000146,9,98162.44000000144,-1805.0
2021-07-19,244539.96000000148,13,98159.96000000146,-3620.0
2021-07-20,248066.21000000148,13,98159.96000000146,-93.75
2021-07-21,249935.66000000155,13,99779.41000000153,156.25
2021-07-22,250029.42000000156,2,100029.42000000154,0.0
2021-07-23,250266.32000000158,2,100276.32000000156,-10.0
2021-07-25,250218.82000000158,1,100276.32000000156,-57.5
2021-07-26,250308.82000000158,1,100276.32000000156,32.5
2021-07-27,250411.3500000016,7,100272.60000000159,138.75
2021-07-28,250315.1000000016,7,100272.60000000159,42.5
2021-07-29,251001.39000000164,7,101150.14000000163,-148.75
2021-07-30,251132.02000000165,2,101149.52000000163,-17.5
2021-08-01,251294.52000000165,2,101149.52000000163,145.0
2021-08-02,251080.15000000165,3,101148.90000000164,-68.75
2021-08-03,251778.9400000017,5,101773.94000000168,5.0
2021-08-04,251783.9500000017,3,101772.70000000169,11.25
2021-08-05,252046.4500000017,3,101772.70000000169,273.75
2021-08-06,252168.35000000172,3,102144.60000000171,23.75
2021-08-08,252070.85000000172,2,102144.60000000171,-73.75
2021-08-09,252050.23000000173,3,102143.98000000171,-93.75
2021-08-10,252162.73000000173,3,102143.98000000171,18.75
2021-08-11,252398.98000000173,3,102143.98000000171,255.0
2021-08-12,252535.25000000175,3,102516.50000000173,18.75
2021-08-13,252565.25000000175,1,102516.50000000173,48.75
2021-08-15,252522.75000000175,1,102516.50000000173,6.25
2021-08-16,252990.29000000178,4,103012.79000000177,-22.5
2021-08-17,253402.8200000018,7,103009.0700000018,393.75
2021-08-18,251297.21000000183,10,103007.21000000181,-1710.0
2021-08-19,251629.09000000183,11,103006.59000000182,-1377.5
2021-08-20,253925.34000000183,11,103006.59000000182,918.75
2021-08-22,254764.09000000183,11,103006.59000000182,1757.5
2021-08-23,255007.2900000019,11,104989.79000000189,17.5
2021-08-24,254964.7900000019,2,104989.79000000189,-25.0
2021-08-25,255039.7900000019,2,104989.79000000189,50.0
2021-08-26,254986.0500000019,4,104988.5500000019,-2.5
2021-08-27,255574.83000000194,4,105487.33000000192,87.5
2021-08-29,255589.83000000194,2,105487.33000000192,102.5
2021-08-30,255766.72000000195,2,105735.47000000194,31.25
2021-08-31,255920.48000000196,3,105734.23000000195,186.25
2021-09-01,255721.73000000196,3,105734.23000000195,-12.5
2021-09-02,256085.48000000196,3,105734.23000000195,351.25
2021-09-03,255942.98000000196,3,105734.23000000195,208.75
2021-09-05,255935.48000000196,3,105734.23000000195,201.25
2021-09-06,256021.73000000196,3,105734.23000000195,287.5
2021-09-07,255714.23000000196,3,105734.23000000195,-20.0
2021-09-08,255391.12000000197,6,105732.37000000196,-341.25
2021-09-09,255451.75000000198,7,105731.75000000196,-280.0
2021-09-10,253878.640000002,10,105729.89000000198,-1851.25
2021-09-12,254053.74000000197,10,105704.99000000198,-1651.25
2021-09-13,254816.87000000197,11,105704.37000000199,-887.5
2021-09-14,253281.25000000198,12,105703.750000002,-2422.5
2021-09-15,254946.25000000198,12,105703.750000002,-757.5
2021-09-16,254706.25000000198,12,105703.750000002,-997.5
2021-09-17,251255.010000002,14,105702.510000002,-4447.5
2021-09-19,249855.010000002,14,105702.510000002,-5847.5
2021-09-20,249757.530000002,18,105700.03000000202,-5942.5
2021-09-21,247305.030000002,18,105700.03000000202,-8395.0
2021-09-22,251670.030000002,18,105700.03000000202,-4030.0
2021-09-23,255832.530000002,18,105700.03000000202,132.5
2021-09-24,256350.030000002,18,105700.03000000202,650.0
2021-09-26,257745.030000002,18,105700.03000000202,2045.0
2021-09-27,255022.530000002,18,105700.03000000202,-677.5
2021-09-28,249105.030000002,18,105700.03000000202,-6595.0
2021-09-29,249757.530000002,18,105700.03000000202,-5942.5
2021-09-30,240622.530000002,18,105700.03000000202,-15077.5
2021-10-01,247777.530000002,18,105700.03000000202,-7922.5
2021-10-03,245910.030000002,18,105700.03000000202,-9790.0
2021-10-04,243143.160000002,19,105699.41000000203,-12556.25
2021-10-05,244971.910000002,19,105699.41000000203,-10727.5
2021-10-06,250529.410000002,19,105699.41000000203,-5170.0
2021-10-07,252049.410000002,19,105699.41000000203,-3650.0
2021-10-08,250980.660000002,19,105699.41000000203,-4718.75
2021-10-10,250196.910000002,19,105699.41000000203,-5502.5
2021-10-11,246040.660000002,19,105699.41000000203,-9658.75
2021-10-12,246634.410000002,19,105699.41000000203,-9065.0
2021-10-13,249935.660000002,19,105699.41000000203,-5763.75
2021-10-14,256941.910000002,19,105699.41000000203,1242.5
2021-10-15,258187.6400000021,19,108068.89000000212,118.75
2021-10-17,258135.1400000021,2,108068.89000000212,66.25
2021-10-18,258490.17000000214,3,108440.17000000215,50.0
2021-10-19,258757.06000000215,2,108688.31000000217,68.75
2021-10-20,258815.20000000217,2,108811.45000000218,3.75
2021-10-21,258985.20000000217,2,108811.45000000218,173.75
2021-10-22,259015.8600000022,5,109058.36000000221,-42.5
2021-10-24,259253.3600000022,5,109058.36000000221,195.0
2021-10-25,259742.14000000223,5,109680.89000000224,61.25
2021-10-26,259649.67000000225,5,109802.17000000227,-152.5
2021-10-27,259342.81000000227,8,109800.31000000228,-457.5
2021-10-28,260670.3600000023,8,110796.61000000233,-126.25
2021-10-29,261142.24000000232,3,110795.99000000233,346.25
2021-10-31,261202.24000000232,3,110795.99000000233,406.25
2021-11-01,261205.40000000235,4,111216.65000000237,-11.25
2021-11-02,261707.30000000237,4,111717.30000000239,-10.0
2021-11-03,261999.8200000024,2,111966.07000000241,33.75
2021-11-04,262229.8400000024,3,112088.59000000243,141.25
2021-11-05,262558.00000000244,4,112593.00000000246,-35.0
2021-11-07,262438.00000000244,4,112593.00000000246,-155.0
2021-11-08,262478.00000000244,4,112593.00000000246,-115.0
2021-11-09,261989.26000000245,6,112591.76000000247,-602.5
2021-11-10,261331.78000000247,10,112589.28000000249,-1257.5
2021-11-11,261656.78000000247,10,112589.28000000249,-932.5
2021-11-12,263244.2800000025,10,112589.28000000249,655.0
2021-11-14,263206.7800000025,10,112589.28000000249,617.5
2021-11-15,263106.7800000025,10,112589.28000000249,517.5
2021-11-16,263879.3400000025,10,113836.84000000254,42.5
2021-11-17,263893.72000000253,3,113836.22000000255,57.5
2021-11-18,264773.73000000254,5,113834.98000000256,938.75
2021-11-19,264401.9000000026,5,114455.6500000026,-53.75
2021-11-21,264586.9000000026,4,114455.6500000026,131.25
2021-11-22,264045.71000000264,8,114949.46000000265,-903.75
2021-11-23,264110.10000000265,11,114947.60000000267,-837.5
2021-11-24,266007.60000000265,11,114947.60000000267,1060.0
2021-11-25,262776.35000000265,11,114947.60000000267,-2171.25
2021-11-26,257972.00000000268,16,114944.50000000269,-6972.5
2021-11-28,262152.0000000027,16,114944.50000000269,-2792.5
2021-11-29,264212.0000000027,16,114944.50000000269,-732.5
2021-11-30,260372.63000000268,17,114943.8800000027,-4571.25
2021-12-01,254295.7700000027,20,114942.02000000271,-10646.25
2021-12-02,258420.7700000027,20,114942.02000000271,-6521.25
2021-12-03,254270.7700000027,20,114942.02000000271,-10671.25
2021-12-05,256970.7700000027,20,114942.02000000271,-7971.25
2021-12-06,261545.7700000027,20,114942.02000000271,-3396.25
2021-12-07,268152.7800000028,20,117554.03000000284,598.75
2021-12-08,267890.2800000028,5,117554.03000000284,336.25
2021-12-09,267334.0300000028,5,117554.03000000284,-220.0
2021-12-10,269060.3800000029,7,119054.13000000293,6.25
2021-12-12,269136.6400000029,1,119051.64000000292,85.0
2021-12-13,268365.43000000296,9,119046.68000000296,-681.25
2021-12-14,267161.070000003,12,119044.82000000298,-1883.75
2021-12-15,270940.52000000305,12,120541.77000000305,398.75
2021-12-16,269179.3400000031,11,121078.09000000311,-1898.75
2021-12-17,267364.9800000031,14,121076.23000000312,-3711.25
2021-12-19,263829.9800000031,14,121076.23000000312,-7246.25
2021-12-20,265868.12000000314,17,121074.37000000314,-5206.25
2021-12-21,269841.87000000314,17,121074.37000000314,-1232.5
2021-12-22,273498.22000000323,17,123186.97000000323,311.25
2021-12-23,273695.13000000326,3,123727.63000000326,-32.5
2021-12-26,273730.13000000326,2,123727.63000000326,2.5
2021-12-27,274270.7900000033,2,124223.2900000033,47.5
2021-12-28,274314.5700000033,5,124344.57000000332,-30.0
2021-12-29,274320.8200000033,5,124344.57000000332,-23.75
2021-12-30,273833.3200000033,5,124344.57000000332,-511.25
2021-12-31,273754.58000000333,7,124343.33000000333,-588.75
2022-01-02,274314.58000000333,7,124343.33000000333,-28.75
2022-01-03,275127.71000000334,8,124342.71000000334,785.0
2022-01-04,274912.1600000034,8,125368.41000000341,-456.25
2022-01-05,269072.82000000344,14,125364.07000000344,-6291.25
2022-01-06,271291.58000000345,16,125362.83000000345,-4071.25
2022-01-07,268871.58000000345,16,125362.83000000345,-6491.25
2022-01-09,269411.58000000345,16,125362.83000000345,-5951.25
2022-01-10,269100.97000000346,19,125360.97000000346,-6260.0
2022-01-11,273542.22000000346,19,125360.97000000346,-1818.75
2022-01-12,273613.47000000346,19,125360.97000000346,-1747.5
2022-01-13,268364.72000000346,19,125360.97000000346,-6996.25
2022-01-14,269362.22000000346,19,125360.97000000346,-5998.75
2022-01-16,267462.22000000346,19,125360.97000000346,-7898.75
2022-01-17,266488.47000000346,19,125360.97000000346,-8872.5
2022-01-18,257944.10000000347,20,125360.35000000347,-17416.25
2022-01-19,257822.86000000348,22,125359.11000000348,-17536.25
2022-01-20,246657.86000000348,22,125359.11000000348,-28701.25
2022-01-21,239947.86000000348,22,125359.11000000348,-35411.25
2022-01-23,244292.86000000348,22,125359.11000000348,-31066.25
2022-01-24,235822.86000000348,22,125359.11000000348,-39536.25
2022-01-25,237610.36000000348,22,125359.11000000348,-37748.75
2022-01-26,228975.36000000348,22,125359.11000000348,-46383.75
2022-01-27,234557.86000000348,22,125359.11000000348,-40801.25
2022-01-28,244127.86000000348,22,125359.11000000348,-31231.25
2022-01-30,245530.36000000348,22,125359.11000000348,-29828.75
2022-01-31,252047.86000000348,22,125359.11000000348,-23311.25
2022-02-01,259252.86000000348,22,125359.11000000348,-16106.25
2022-02-02,256887.86000000348,22,125359.11000000348,-18471.25
2022-02-03,255210.36000000348,22,125359.11000000348,-20148.75
2022-02-04,251387.86000000348,22,125359.11000000348,-23971.25
2022-02-06,252295.36000000348,22,125359.11000000348,-23063.75
2022-02-07,250645.36000000348,22,125359.11000000348,-24713.75
2022-02-08,256777.86000000348,22,125359.11000000348,-18581.25
2022-02-09,260600.36000000348,22,125359.11000000348,-14758.75
2022-02-10,249187.86000000348,22,125359.11000000348,-26171.25
2022-02-11,243962.86000000348,22,125359.11000000348,-31396.25
2022-02-13,244375.36000000348,22,125359.11000000348,-30983.75
2022-02-14,241680.36000000348,22,125359.11000000348,-33678.75
2022-02-15,247977.86000000348,22,125359.11000000348,-27381.25
2022-02-16,246822.86000000348,22,125359.11000000348,-28536.25
2022-02-17,242450.36000000348,22,125359.11000000348,-32908.75
2022-02-18,235850.36000000348,22,125359.11000000348,-39508.75
2022-02-20,238325.36000000348,22,125359.11000000348,-37033.75
2022-02-21,228342.86000000348,22,125359.11000000348,-47016.25
2022-02-22,233732.86000000348,22,125359.11000000348,-41626.25
2022-02-23,213547.86000000348,22,125359.11000000348,-61811.25
2022-02-24,226912.86000000348,22,125359.11000000348,-48446.25
2022-02-25,239837.86000000348,22,125359.11000000348,-35521.25
2022-02-27,228370.36000000348,22,125359.11000000348,-46988.75
2022-02-28,238627.86000000348,22,125359.11000000348,-36731.25
2022-03-01,233100.36000000348,22,125359.11000000348,-42258.75
2022-03-02,240030.36000000348,22,125359.11000000348,-35328.75
2022-03-03,233815.36000000348,22,125359.11000000348,-41543.75
2022-03-04,233210.36000000348,22,125359.11000000348,-42148.75
2022-03-06,228315.36000000348,22,125359.11000000348,-47043.75
2022-03-07,219020.36000000348,22,125359.11000000348,-56338.75
2022-03-08,219212.86000000348,22,125359.11000000348,-56146.25
2022-03-09,227435.36000000348,22,125359.11000000348,-47923.75
2022-03-10,224272.86000000348,22,125359.11000000348,-51086.25
2022-03-11,220615.36000000348,22,125359.11000000348,-54743.75
2022-03-13,222045.58000000345,22,125304.33000000348,-53258.75
2022-03-14,218140.58000000345,22,125304.33000000348,-57163.75
2022-03-15,226170.58000000345,22,125304.33000000348,-49133.75
2022-03-16,236455.58000000345,22,125304.33000000348,-38848.75
2022-03-17,239810.58000000345,22,125304.33000000348,-35493.75
2022-03-18,250068.08000000345,22,125304.33000000348,-25236.25
2022-03-20,247648.08000000345,22,125304.33000000348,-27656.25
2022-03-21,247703.08000000345,22,125304.33000000348,-27601.25
2022-03-22,255073.08000000345,22,125304.33000000348,-20231.25
2022-03-23,249490.58000000345,22,125304.33000000348,-25813.75
2022-03-24,255238.08000000345,22,125304.33000000348,-20066.25
2022-03-25,257878.08000000345,22,125304.33000000348,-17426.25
2022-03-27,256283.08000000345,22,125304.33000000348,-19021.25
2022-03-28,261590.58000000345,22,125304.33000000348,-13713.75
2022-03-29,266953.08000000345,22,125304.33000000348,-8351.25
2022-03-30,265578.08000000345,22,125304.33000000348,-9726.25
2022-03-31,259005.58000000345,22,125304.33000000348,-16298.75
2022-04-01,258153.08000000345,22,125304.33000000348,-17151.25
2022-04-03,258290.58000000345,22,125304.33000000348,-17013.75
2022-04-04,261893.08000000345,22,125304.33000000348,-13411.25
2022-04-05,255485.58000000345,22,125304.33000000348,-19818.75
2022-04-06,249188.08000000345,22,125304.33000000348,-26116.25
2022-04-07,253395.58000000345,22,125304.33000000348,-21908.75
2022-04-08,252103.08000000345,22,125304.33000000348,-23201.25
2022-04-10,249023.08000000345,22,125304.33000000348,-26281.25
2022-04-11,241488.08000000345,22,125304.33000000348,-33816.25
2022-04-12,244595.58000000345,22,125304.33000000348,-30708.75
2022-04-13,247950.58000000345,22,125304.33000000348,-27353.75
2022-04-14,241708.08000000345,22,125304.33000000348,-33596.25
2022-04-17,239288.08000000345,22,125304.33000000348,-36016.25
2022-04-18,243385.58000000345,22,125304.33000000348,-31918.75
2022-04-19,247840.58000000345,22,125304.33000000348,-27463.75
2022-04-20,250728.08000000345,22,125304.33000000348,-24576.25
2022-04-21,240113.08000000345,22,125304.33000000348,-35191.25
2022-04-22,226555.58000000345,22,125304.33000000348,-48748.75
2022-04-24,225950.58000000345,22,125304.33000000348,-49353.75
2022-04-25,232083.08000000345,22,125304.33000000348,-43221.25
2022-04-26,220120.58000000345,22,125304.33000000348,-55183.75
2022-04-27,221908.08000000345,22,125304.33000000348,-53396.25
2022-04-28,227958.08000000345,22,125304.33000000348,-47346.25
2022-04-29,213988.08000000345,22,125304.33000000348,-61316.25
2022-05-01,215363.08000000345,22,125304.33000000348,-59941.25
2022-05-02,216985.58000000345,22,125304.33000000348,-58318.75
2022-05-03,217783.08000000345,22,125304.33000000348,-57521.25
2022-05-04,231038.08000000345,22,125304.33000000348,-44266.25
2022-05-05,214895.58000000345,22,125304.33000000348,-60408.75
2022-05-06,211100.58000000345,22,125304.33000000348,-64203.75
2022-05-08,207773.08000000345,22,125304.33000000348,-67531.25
2022-05-09,199908.08000000345,22,125304.33000000348,-75396.25
2022-05-10,200210.58000000345,22,125304.33000000348,-75093.75
2022-05-11,192290.58000000345,22,125304.33000000348,-83013.75
2022-05-12,195233.08000000345,22,125304.33000000348,-80071.25
2022-05-13,200403.08000000345,22,125304.33000000348,-74901.25
2022-05-15,198093.08000000345,22,125304.33000000348,-77211.25
2022-05-16,200788.08000000345,22,125304.33000000348,-74516.25
2022-05-17,206948.08000000345,22,125304.33000000348,-68356.25
2022-05-18,191190.58000000345,22,125304.33000000348,-84113.75
2022-05-19,190420.58000000345,22,125304.33000000348,-84883.75
2022-05-20,188165.58000000345,22,125304.33000000348,-87138.75
2022-05-22,191300.58000000345,22,125304.33000000348,-84003.75
2022-05-23,192455.58000000345,22,125304.33000000348,-82848.75
2022-05-24,195288.08000000345,22,125304.33000000348,-80016.25
2022-05-25,196223.08000000345,22,125304.33000000348,-79081.25
2022-05-26,204225.58000000345,22,125304.33000000348,-71078.75
2022-05-27,217398.08000000345,22,125304.33000000348,-57906.25
2022-05-29,217975.58000000345,22,125304.33000000348,-57328.75
2022-05-30,217040.58000000345,22,125304.33000000348,-58263.75
2022-05-31,214978.08000000345,22,125304.33000000348,-60326.25
2022-06-01,209863.08000000345,22,125304.33000000348,-65441.25
2022-06-02,218333.08000000345,22,125304.33000000348,-56971.25
2022-06-03,210963.08000000345,22,125304.33000000348,-64341.25
2022-06-05,212915.58000000345,22,125304.33000000348,-62388.75
2022-06-06,210193.08000000345,22,125304.33000000348,-65111.25
2022-06-07,214648.08000000345,22,125304.33000000348,-60656.25
2022-06-08,211238.08000000345,22,125304.33000000348,-64066.25
2022-06-09,201640.58000000345,22,125304.33000000348,-73663.75
2022-06-10,188523.08000000345,22,125304.33000000348,-86781.25
2022-06-12,182280.58000000345,22,125304.33000000348,-93023.75
2022-06-13,174278.30000000348,22,125249.55000000348,-100971.25
2022-06-14,171390.80000000348,22,125249.55000000348,-103858.75
2022-06-15,177523.30000000348,22,125249.55000000348,-97726.25
2022-06-16,164433.30000000348,22,125249.55000000348,-110816.25
2022-06-17,163718.30000000348,22,125249.55000000348,-111531.25
2022-06-19,164488.30000000348,22,125249.55000000348,-110761.25
2022-06-20,169383.30000000348,22,125249.55000000348,-105866.25
2022-06-21,169135.80000000348,22,125249.55000000348,-106113.75
2022-06-22,171308.30000000348,22,125249.55000000348,-103941.25
2022-06-23,178265.80000000348,22,125249.55000000348,-96983.75
2022-06-24,189155.80000000348,22,125249.55000000348,-86093.75
2022-06-26,190420.80000000348,22,125249.55000000348,-84828.75
2022-06-27,187478.30000000348,22,125249.55000000348,-87771.25
2022-06-28,179970.80000000348,22,125249.55000000348,-95278.75
2022-06-29,177688.30000000348,22,125249.55000000348,-97561.25
2022-06-30,171693.30000000348,22,125249.55000000348,-103556.25
2022-07-01,179338.30000000348,22,125249.55000000348,-95911.25
2022-07-03,177110.80000000348,22,125249.55000000348,-98138.75
2022-07-04,180493.30000000348,22,125249.55000000348,-94756.25
2022-07-05,180218.30000000348,22,125249.55000000348,-95031.25
2022-07-06,182005.80000000348,22,125249.55000000348,-93243.75
2022-07-07,186268.30000000348,22,125249.55000000348,-88981.25
2022-07-08,188138.30000000348,22,125249.55000000348,-87111.25
2022-07-10,185058.30000000348,22,125249.55000000348,-90191.25
2022-07-11,180630.80000000348,22,125249.55000000348,-94618.75
2022-07-12,179805.80000000348,22,125249.55000000348,-95443.75
2022-07-13,176615.80000000348,22,125249.55000000348,-98633.75
2022-07-14,177358.30000000348,22,125249.55000000348,-97891.25
2022-07-15,183875.80000000348,22,125249.55000000348,-91373.75
2022-07-17,185443.30000000348,22,125249.55000000348,-89806.25
2022-07-18,180960.80000000348,22,125249.55000000348,-94288.75
2022-07-19,194133.30000000348,22,125249.55000000348,-81116.25
2022-07-20,193720.80000000348,22,125249.55000000348,-81528.75
2022-07-21,196938.30000000348,22,125249.55000000348,-78311.25
2022-07-22,194490.80000000348,22,125249.55000000348,-80758.75
2022-07-24,194270.80000000348,22,125249.55000000348,-80978.75
2022-07-25,194050.80000000348,22,125249.55000000348,-81198.75
2022-07-26,193308.30000000348,22,125249.55000000348,-81941.25
2022-07-27,200183.30000000348,22,125249.55000000348,-75066.25
2022-07-28,209065.80000000348,22,125249.55000000348,-66183.75
2022-07-29,213108.30000000348,22,125249.55000000348,-62141.25
2022-07-31,211073.30000000348,22,125249.55000000348,-64176.25
2022-08-01,210028.30000000348,22,125249.55000000348,-65221.25
2022-08-02,209505.80000000348,22,125249.55000000348,-65743.75
2022-08-03,215143.30000000348,22,125249.55000000348,-60106.25
2022-08-04,216463.30000000348,22,125249.55000000348,-58786.25
2022-08-05,214125.80000000348,22,125249.55000000348,-61123.75
2022-08-07,213850.80000000348,22,125249.55000000348,-61398.75
2022-08-08,215308.30000000348,22,125249.55000000348,-59941.25
2022-08-09,211980.80000000348,22,125249.55000000348,-63268.75
2022-08-10,223008.30000000348,22,125249.55000000348,-52241.25
2022-08-11,222293.30000000348,22,125249.55000000348,-52956.25
2022-08-12,229415.80000000348,22,125249.55000000348,-45833.75
2022-08-14,228343.30000000348,22,125249.55000000348,-46906.25
2022-08-15,230818.30000000348,22,125249.55000000348,-44431.25
2022-08-16,232303.30000000348,22,125249.55000000348,-42946.25
2022-08-17,228480.80000000348,22,125249.55000000348,-46768.75
2022-08-18,229223.30000000348,22,125249.55000000348,-46026.25
2022-08-19,223668.30000000348,22,125249.55000000348,-51581.25
2022-08-21,222183.30000000348,22,125249.55000000348,-53066.25
2022-08-22,214703.30000000348,22,125249.55000000348,-60546.25
2022-08-23,211320.80000000348,22,125249.55000000348,-63928.75
2022-08-24,215473.30000000348,22,125249.55000000348,-59776.25
2022-08-25,220340.80000000348,22,125249.55000000348,-54908.75
2022-08-26,203235.80000000348,22,125249.55000000348,-72013.75
2022-08-28,201723.30000000348,22,125249.55000000348,-73526.25
2022-08-29,202988.30000000348,22,125249.55000000348,-72261.25
2022-08-30,199550.80000000348,22,125249.55000000348,-75698.75
2022-08-31,190530.80000000348,22,125249.55000000348,-84718.75
2022-09-01,194683.30000000348,22,125249.55000000348,-80566.25
2022-09-02,191190.80000000348,22,125249.55000000348,-84058.75
2022-09-04,191108.30000000348,22,125249.55000000348,-84141.25
2022-09-05,191905.80000000348,22,125249.55000000348,-83343.75
2022-09-06,186708.30000000348,22,125249.55000000348,-88541.25
2022-09-07,196443.30000000348,22,125249.55000000348,-78806.25
2022-09-08,200595.80000000348,22,125249.55000000348,-74653.75
2022-09-09,205820.80000000348,22,125249.55000000348,-69428.75
2022-09-11,205820.80000000348,22,125249.55000000348,-69428.75
2022-09-12,210991.0200000035,22,125194.77000000348,-64203.75
2022-09-13,191713.5200000035,22,125194.77000000348,-83481.25
2022-09-14,193006.0200000035,22,125194.77000000348,-82188.75
2022-09-15,184426.0200000035,22,125194.77000000348,-90768.75
2022-09-16,185691.0200000035,22,125194.77000000348,-89503.75
2022-09-18,183326.0200000035,22,125194.77000000348,-91868.75
2022-09-19,188248.5200000035,22,125194.77000000348,-86946.25
2022-09-20,183078.5200000035,22,125194.77000000348,-92116.25
2022-09-21,172463.5200000035,22,125194.77000000348,-102731.25
2022-09-22,170731.0200000035,22,125194.77000000348,-104463.75
2022-09-23,164653.5200000035,22,125194.77000000348,-110541.25
2022-09-25,162206.0200000035,22,125194.77000000348,-112988.75
2022-09-26,162866.0200000035,22,125194.77000000348,-112328.75
2022-09-27,156733.5200000035,22,125194.77000000348,-118461.25
2022-09-28,166661.0200000035,22,125194.77000000348,-108533.75
2022-09-29,157283.5200000035,22,125194.77000000348,-117911.25
2022-09-30,152883.5200000035,22,125194.77000000348,-122311.25
2022-10-02,152306.0200000035,22,125194.77000000348,-122888.75
2022-10-03,165808.5200000035,22,125194.77000000348,-109386.25
2022-10-04,172876.0200000035,22,125194.77000000348,-102318.75
2022-10-05,175818.5200000035,22,125194.77000000348,-99376.25
2022-10-06,169136.0200000035,22,125194.77000000348,-106058.75
2022-10-07,157998.5200000035,22,125194.77000000348,-117196.25
2022-10-09,156403.5200000035,22,125194.77000000348,-118791.25
2022-10-10,153076.0200000035,22,125194.77000000348,-122118.75
2022-10-11,152911.0200000035,22,125194.77000000348,-122283.75
2022-10-12,151728.5200000035,22,125194.77000000348,-123466.25
2022-10-13,164516.0200000035,22,125194.77000000348,-110678.75
2022-10-14,152031.0200000035,22,125194.77000000348,-123163.75
2022-10-16,153791.0200000035,22,125194.77000000348,-121403.75
2022-10-17,168091.0200000035,22,125194.77000000348,-107103.75
2022-10-18,170208.5200000035,22,125194.77000000348,-104986.25
2022-10-19,161711.0200000035,22,125194.77000000348,-113483.75
2022-10-20,159593.5200000035,22,125194.77000000348,-115601.25
2022-10-21,171336.0200000035,22,125194.77000000348,-103858.75
2022-10-23,170648.5200000035,22,125194.77000000348,-104546.25
2022-10-24,175433.5200000035,22,125194.77000000348,-99761.25
2022-10-25,178376.0200000035,22,125194.77000000348,-96818.75
2022-10-26,181153.5200000035,22,125194.77000000348,-94041.25
2022-10-27,174856.0200000035,22,125194.77000000348,-100338.75
2022-10-28,187946.0200000035,22,125194.77000000348,-87248.75
2022-10-30,186406.0200000035,22,125194.77000000348,-88788.75
2022-10-31,185058.5200000035,22,125194.77000000348,-90136.25
2022-11-01,182721.0200000035,22,125194.77000000348,-92473.75
2022-11-02,171941.0200000035,22,125194.77000000348,-103253.75
2022-11-03,166523.5200000035,22,125194.77000000348,-108671.25
2022-11-04,171418.5200000035,22,125194.77000000348,-103776.25
2022-11-06,171473.5200000035,22,125194.77000000348,-103721.25
2022-11-07,175791.0200000035,22,125194.77000000348,-99403.75
2022-11-08,178678.5200000035,22,125194.77000000348,-96516.25
2022-11-09,170511.0200000035,22,125194.77000000348,-104683.75
2022-11-10,192978.5200000035,22,125194.77000000348,-82216.25
2022-11-11,196361.0200000035,22,125194.77000000348,-78833.75
2022-11-13,195261.0200000035,22,125194.77000000348,-79933.75
2022-11-14,194491.0200000035,22,125194.77000000348,-80703.75
2022-11-15,195178.5200000035,22,125194.77000000348,-80016.25
2022-11-16,193171.0200000035,22,125194.77000000348,-82023.75
2022-11-17,191438.5200000035,22,125194.77000000348,-83756.25
2022-11-18,193281.0200000035,22,125194.77000000348,-81913.75
2022-11-20,192346.0200000035,22,125194.77000000348,-82848.75
2022-11-21,192263.5200000035,22,125194.77000000348,-82931.25
2022-11-22,197268.5200000035,22,125194.77000000348,-77926.25
2022-11-23,201036.0200000035,22,125194.77000000348,-74158.75
2022-11-24,201118.5200000035,22,125194.77000000348,-74076.25
2022-11-25,200183.5200000035,22,125194.77000000348,-75011.25
2022-11-27,197158.5200000035,22,125194.77000000348,-78036.25
2022-11-28,194573.5200000035,22,125194.77000000348,-80621.25
2022-11-29,192841.0200000035,22,125194.77000000348,-82353.75
2022-11-30,206151.0200000035,22,125194.77000000348,-69043.75
2022-12-01,204528.5200000035,22,125194.77000000348,-70666.25
2022-12-02,203758.5200000035,22,125194.77000000348,-71436.25
2022-12-04,204171.0200000035,22,125194.77000000348,-71023.75
2022-12-05,197158.5200000035,22,125194.77000000348,-78036.25
2022-12-06,191136.0200000035,22,125194.77000000348,-84058.75
2022-12-07,188991.0200000035,22,125194.77000000348,-86203.75
2022-12-08,193583.5200000035,22,125194.77000000348,-81611.25
2022-12-09,188908.5200000035,22,125194.77000000348,-86286.25
2022-12-11,189101.0200000035,22,125194.77000000348,-86093.75
2022-12-12,195151.24000000348,22,125139.99000000348,-79988.75
2022-12-13,200183.74000000348,22,125139.99000000348,-74956.25
2022-12-14,196168.74000000348,22,125139.99000000348,-78971.25
2022-12-15,184288.74000000348,22,125139.99000000348,-90851.25
2022-12-16,178651.24000000348,22,125139.99000000348,-96488.75
2022-12-18,180026.24000000348,22,125139.99000000348,-95113.75
2022-12-19,172051.24000000348,22,125139.99000000348,-103088.75
2022-12-20,177633.74000000348,22,125139.99000000348,-97506.25
2022-12-21,183711.24000000348,22,125139.99000000348,-91428.75
2022-12-22,176533.74000000348,22,125139.99000000348,-98606.25
2022-12-23,178238.74000000348,22,125139.99000000348,-96901.25
2022-12-26,181126.24000000348,22,125139.99000000348,-94013.75
2022-12-27,177138.74000000348,22,125139.99000000348,-98001.25
2022-12-28,171996.24000000348,22,125139.99000000348,-103143.75
2022-12-29,178156.24000000348,22,125139.99000000348,-96983.75
2022-12-30,178183.74000000348,22,125139.99000000348,-96956.25
2023-01-02,177798.74000000348,22,125139.99000000348,-97341.25
2023-01-03,176561.24000000348,22,125139.99000000348,-98578.75
2023-01-04,178761.24000000348,22,125139.99000000348,-96378.75
2023-01-05,176038.74000000348,22,125139.99000000348,-99101.25
2023-01-06,183243.74000000348,22,125139.99000000348,-91896.25
2023-01-08,185003.74000000348,22,125139.99000000348,-90136.25
2023-01-09,182006.24000000348,22,125139.99000000348,-93133.75
2023-01-10,186406.24000000348,22,125139.99000000348,-88733.75
2023-01-11,192098.74000000348,22,125139.99000000348,-83041.25
2023-01-12,192043.74000000348,22,125139.99000000348,-83096.25
2023-01-13,194821.24000000348,22,125139.99000000348,-80318.75
2023-01-15,195288.74000000348,22,125139.99000000348,-79851.25
2023-01-16,193336.24000000348,22,125139.99000000348,-81803.75
2023-01-17,194326.24000000348,22,125139.99000000348,-80813.75
2023-01-18,186268.74000000348,22,125139.99000000348,-88871.25
2023-01-19,184426.24000000348,22,125139.99000000348,-90713.75
2023-01-20,191411.24000000348,22,125139.99000000348,-83728.75
2023-01-22,191081.24000000348,22,125139.99000000348,-84058.75
2023-01-23,196801.24000000348,22,125139.99000000348,-78338.75
2023-01-24,194326.24000000348,22,125139.99000000348,-80813.75
2023-01-25,196773.74000000348,22,125139.99000000348,-78366.25
2023-01-26,199798.74000000348,22,125139.99000000348,-75341.25
2023-01-27,201971.24000000348,22,125139.99000000348,-73168.75
2023-01-29,200651.24000000348,22,125139.99000000348,-74488.75
2023-01-30,196031.24000000348,22,125139.99000000348,-79108.75
2023-01-31,201558.74000000348,22,125139.99000000348,-73581.25
2023-02-01,208901.24000000348,22,125139.99000000348,-66238.75
2023-02-02,211458.74000000348,22,125139.99000000348,-63681.25
2023-02-03,208791.24000000348,22,125139.99000000348,-66348.75
2023-02-05,207333.74000000348,22,125139.99000000348,-67806.25
2023-02-06,206673.74000000348,22,125139.99000000348,-68466.25
2023-02-07,211981.24000000348,22,125139.99000000348,-63158.75
2023-02-08,207966.24000000348,22,125139.99000000348,-67173.75
2023-02-09,202026.24000000348,22,125139.99000000348,-73113.75
2023-02-10,203676.24000000348,22,125139.99000000348,-71463.75
2023-02-12,201888.74000000348,22,125139.99000000348,-73251.25
2023-02-13,208461.24000000348,22,125139.99000000348,-66678.75
2023-02-14,206838.74000000348,22,125139.99000000348,-68301.25
2023-02-15,210991.24000000348,22,125139.99000000348,-64148.75
2023-02-16,201916.24000000348,22,125139.99000000348,-73223.75
2023-02-17,202163.74000000348,22,125139.99000000348,-72976.25
2023-02-19,202191.24000000348,22,125139.99000000348,-72948.75
2023-02-20,200403.74000000348,22,125139.99000000348,-74736.25
2023-02-21,194271.24000000348,22,125139.99000000348,-80868.75
2023-02-22,194766.24000000348,22,125139.99000000348,-80373.75
2023-02-23,194353.74000000348,22,125139.99000000348,-80786.25
2023-02-24,189926.24000000348,22,125139.99000000348,-85213.75
2023-02-26,190668.74000000348,22,125139.99000000348,-84471.25
2023-02-27,191796.24000000348,22,125139.99000000348,-83343.75
2023-02-28,190063.74000000348,22,125139.99000000348,-85076.25
2023-03-01,186406.24000000348,22,125139.99000000348,-88733.75
2023-03-02,190228.74000000348,22,125139.99000000348,-84911.25
2023-03-03,198506.24000000348,22,125139.99000000348,-76633.75
2023-03-05,198781.24000000348,22,125139.99000000348,-76358.75
2023-03-06,199441.24000000348,22,125139.99000000348,-75698.75
2023-03-07,191631.24000000348,22,125139.99000000348,-83508.75
2023-03-08,191658.74000000348,22,125139.99000000348,-83481.25
2023-03-09,180521.24000000348,22,125139.99000000348,-94618.75
2023-03-10,179421.24000000348,22,125139.99000000348,-95718.75
2023-03-12,185058.74000000348,22,125139.99000000348,-90081.25
2023-03-13,179091.46000000346,22,125085.21000000348,-95993.75
2023-03-14,184591.46000000346,22,125085.21000000348,-90493.75
2023-03-15,182171.46000000346,22,125085.21000000348,-92913.75
2023-03-16,188468.96000000346,22,125085.21000000348,-86616.25
2023-03-17,183463.96000000346,22,125085.21000000348,-91621.25
2023-03-19,183958.96000000346,22,125085.21000000348,-91126.25
2023-03-20,187808.96000000346,22,125085.21000000348,-87276.25
2023-03-21,193281.46000000346,22,125085.21000000348,-81803.75
2023-03-22,187891.46000000346,22,125085.21000000348,-87193.75
2023-03-23,187148.96000000346,22,125085.21000000348,-87936.25
2023-03-24,190338.96000000346,22,125085.21000000348,-84746.25
2023-03-26,191603.96000000346,22,125085.21000000348,-83481.25
2023-03-27,190641.46000000346,22,125085.21000000348,-84443.75
2023-03-28,191163.96000000346,22,125085.21000000348,-83921.25
2023-03-29,195316.46000000346,22,125085.21000000348,-79768.75
2023-03-30,199248.96000000346,22,125085.21000000348,-75836.25
2023-03-31,204528.96000000346,22,125085.21000000348,-70556.25
2023-04-02,202878.96000000346,22,125085.21000000348,-72206.25
2023-04-03,205903.96000000346,22,125085.21000000348,-69181.25
2023-04-04,203593.96000000346,22,125085.21000000348,-71491.25
2023-04-05,200898.96000000346,22,125085.21000000348,-74186.25
2023-04-06,203318.96000000346,22,125085.21000000348,-71766.25
2023-04-07,204803.96000000346,22,125085.21000000348,-70281.25
2023-04-09,203648.96000000346,22,125085.21000000348,-71436.25
2023-04-10,204611.46000000346,22,125085.21000000348,-70473.75
2023-04-11,204336.46000000346,22,125085.21000000348,-70748.75
2023-04-12,202603.96000000346,22,125085.21000000348,-72481.25
2023-04-13,208021.46000000346,22,125085.21000000348,-67063.75
2023-04-14,208076.46000000346,22,125085.21000000348,-67008.75
2023-04-16,207911.46000000346,22,125085.21000000348,-67173.75
2023-04-17,208378.96000000346,22,125085.21000000348,-66706.25
2023-04-18,208378.96000000346,22,125085.21000000348,-66706.25
2023-04-19,207938.96000000346,22,125085.21000000348,-67146.25
2023-04-20,206233.96000000346,22,125085.21000000348,-68851.25
2023-04-21,206041.46000000346,22,125085.21000000348,-69043.75
2023-04-23,205051.46000000346,22,125085.21000000348,-70033.75
2023-04-24,205518.96000000346,22,125085.21000000348,-69566.25
2023-04-25,201228.96000000346,22,125085.21000000348,-73856.25
2023-04-26,198478.96000000346,22,125085.21000000348,-76606.25
2023-04-27,205518.96000000346,22,125085.21000000348,-69566.25
2023-04-28,210138.96000000346,22,125085.21000000348,-64946.25
2023-04-30,210193.96000000346,22,125085.21000000348,-64891.25
2023-05-01,209396.46000000346,22,125085.21000000348,-65688.75
2023-05-02,204941.46000000346,22,125085.21000000348,-70143.75
2023-05-03,201586.46000000346,22,125085.21000000348,-73498.75
2023-05-04,199358.96000000346,22,125085.21000000348,-75726.25
2023-05-05,205573.96000000346,22,125085.21000000348,-69511.25
2023-05-07,205298.96000000346,22,125085.21000000348,-69786.25
2023-05-08,205848.96000000346,22,125085.21000000348,-69236.25
2023-05-09,204308.96000000346,22,125085.21000000348,-70776.25
2023-05-10,206811.46000000346,22,125085.21000000348,-68273.75
2023-05-11,205573.96000000346,22,125085.21000000348,-69511.25
2023-05-12,203703.96000000346,22,125085.21000000348,-71381.25
2023-05-14,204281.46000000346,22,125085.21000000348,-70803.75
2023-05-15,204858.96000000346,22,125085.21000000348,-70226.25
2023-05-16,203511.46000000346,22,125085.21000000348,-71573.75
2023-05-17,207828.96000000346,22,125085.21000000348,-67256.25
2023-05-18,213246.46000000346,22,125085.21000000348,-61838.75
2023-05-19,210991.46000000346,22,125085.21000000348,-64093.75
2023-05-21,211568.96000000346,22,125085.21000000348,-63516.25
2023-05-22,212668.96000000346,22,125085.21000000348,-62416.25
2023-05-23,207113.96000000346,22,125085.21000000348,-67971.25
2023-05-24,204693.96000000346,22,125085.21000000348,-70391.25
2023-05-25,205848.96000000346,22,125085.21000000348,-69236.25
2023-05-26,213301.46000000346,22,125085.21000000348,-61783.75
2023-05-28,213631.46000000346,22,125085.21000000348,-61453.75
2023-05-29,213658.96000000346,22,125085.21000000348,-61426.25
2023-05-30,211761.46000000346,22,125085.21000000348,-63323.75
2023-05-31,210413.96000000346,22,125085.21000000348,-64671.25
2023-06-01,215061.46000000346,22,125085.21000000348,-60023.75
2023-06-02,220946.46000000346,22,125085.21000000348,-54138.75
2023-06-04,220423.96000000346,22,125085.21000000348,-54661.25
2023-06-05,220121.46000000346,22,125085.21000000348,-54963.75
2023-06-06,221523.96000000346,22,125085.21000000348,-53561.25
2023-06-07,218883.96000000346,22,125085.21000000348,-56201.25
2023-06-08,221661.46000000346,22,125085.21000000348,-53423.75
2023-06-09,222706.46000000346,22,125085.21000000348,-52378.75
2023-06-11,223256.46000000346,22,125085.21000000348,-51828.75
2023-06-12,227794.1800000035,22,125030.43000000349,-47236.25
2023-06-13,229884.1800000035,22,125030.43000000349,-45146.25
2023-06-14,230159.1800000035,22,125030.43000000349,-44871.25
2023-06-15,235301.6800000035,22,125030.43000000349,-39728.75
2023-06-16,234641.6800000035,22,125030.43000000349,-40388.75
2023-06-18,233596.6800000035,22,125030.43000000349,-41433.75
2023-06-19,232964.1800000035,22,125030.43000000349,-42066.25
2023-06-20,231919.1800000035,22,125030.43000000349,-43111.25
2023-06-21,229059.1800000035,22,125030.43000000349,-45971.25
2023-06-22,228811.6800000035,22,125030.43000000349,-46218.75
2023-06-23,226886.6800000035,22,125030.43000000349,-48143.75
2023-06-25,228151.6800000035,22,125030.43000000349,-46878.75
2023-06-26,225814.1800000035,22,125030.43000000349,-49216.25
2023-06-27,229416.6800000035,22,125030.43000000349,-45613.75
2023-06-28,230379.1800000035,22,125030.43000000349,-44651.25
2023-06-29,232221.6800000035,22,125030.43000000349,-42808.75
2023-06-30,237226.6800000035,22,125030.43000000349,-37803.75
2023-07-02,237914.1800000035,22,125030.43000000349,-37116.25
2023-07-03,238189.1800000035,22,125030.43000000349,-36841.25
2023-07-04,237969.1800000035,22,125030.43000000349,-37061.25
2023-07-05,235824.1800000035,22,125030.43000000349,-39206.25
2023-07-06,233184.1800000035,22,125030.43000000349,-41846.25
2023-07-07,232331.6800000035,22,125030.43000000349,-42698.75
2023-07-09,230819.1800000035,22,125030.43000000349,-44211.25
2023-07-10,233321.6800000035,22,125030.43000000349,-41708.75
2023-07-11,236374.1800000035,22,125030.43000000349,-38656.25
2023-07-12,241241.6800000035,22,125030.43000000349,-33788.75
2023-07-13,243771.6800000035,22,125030.43000000349,-31258.75
2023-07-14,243029.1800000035,22,125030.43000000349,-32001.25
2023-07-16,242726.6800000035,22,125030.43000000349,-32303.75
2023-07-17,244596.6800000035,22,125030.43000000349,-30433.75
2023-07-18,248666.6800000035,22,125030.43000000349,-26363.75
2023-07-19,248996.6800000035,22,125030.43000000349,-26033.75
2023-07-20,246796.6800000035,22,125030.43000000349,-28233.75
2023-07-21,246191.6800000035,22,125030.43000000349,-28838.75
2023-07-23,246109.1800000035,22,125030.43000000349,-28921.25
2023-07-24,248254.1800000035,22,125030.43000000349,-26776.25
2023-07-25,249684.1800000035,22,125030.43000000349,-25346.25
2023-07-26,250921.6800000035,22,125030.43000000349,-24108.75
2023-07-27,246961.6800000035,22,125030.43000000349,-28068.75
2023-07-28,250921.6800000035,22,125030.43000000349,-24108.75
2023-07-30,249986.6800000035,22,125030.43000000349,-25043.75
2023-07-31,252076.6800000035,22,125030.43000000349,-22953.75
2023-08-01,247979.1800000035,22,125030.43000000349,-27051.25
2023-08-02,243771.6800000035,22,125030.43000000349,-31258.75
2023-08-03,243111.6800000035,22,125030.43000000349,-31918.75
2023-08-04,238931.6800000035,22,125030.43000000349,-36098.75
2023-08-06,240884.1800000035,22,125030.43000000349,-34146.25
2023-08-07,242176.6800000035,22,125030.43000000349,-32853.75
2023-08-08,241461.6800000035,22,125030.43000000349,-33568.75
2023-08-09,239426.6800000035,22,125030.43000000349,-35603.75
2023-08-10,237529.1800000035,22,125030.43000000349,-37501.25
2023-08-11,237419.1800000035,22,125030.43000000349,-37611.25
2023-08-13,235879.1800000035,22,125030.43000000349,-39151.25
2023-08-14,240746.6800000035,22,125030.43000000349,-34283.75
2023-08-15,234339.1800000035,22,125030.43000000349,-40691.25
2023-08-16,230681.6800000035,22,125030.43000000349,-44348.75
2023-08-17,226446.6800000035,22,125030.43000000349,-48583.75
2023-08-18,225951.6800000035,22,125030.43000000349,-49078.75
2023-08-20,226501.6800000035,22,125030.43000000349,-48528.75
2023-08-21,229279.1800000035,22,125030.43000000349,-45751.25
2023-08-22,229334.1800000035,22,125030.43000000349,-45696.25
2023-08-23,236649.1800000035,22,125030.43000000349,-38381.25
2023-08-24,226749.1800000035,22,125030.43000000349,-48281.25
2023-08-25,229609.1800000035,22,125030.43000000349,-45421.25
2023-08-27,229939.1800000035,22,125030.43000000349,-45091.25
2023-08-28,233046.6800000035,22,125030.43000000349,-41983.75
2023-08-29,240719.1800000035,22,125030.43000000349,-34311.25
2023-08-30,242204.1800000035,22,125030.43000000349,-32826.25
2023-08-31,241379.1800000035,22,125030.43000000349,-33651.25
2023-09-01,241241.6800000035,22,125030.43000000349,-33788.75
2023-09-03,241544.1800000035,22,125030.43000000349,-33486.25
2023-09-04,240719.1800000035,22,125030.43000000349,-34311.25
2023-09-05,238849.1800000035,22,125030.43000000349,-36181.25
2023-09-06,235714.1800000035,22,125030.43000000349,-39316.25
2023-09-07,234476.6800000035,22,125030.43000000349,-40553.75
2023-09-08,235136.6800000035,22,125030.43000000349,-39893.75
2023-09-10,235274.1800000035,22,125030.43000000349,-39756.25
2023-09-11,237666.90000000352,22,124975.65000000349,-37308.75
2023-09-12,234311.90000000352,22,124975.65000000349,-40663.75
2023-09-13,237089.40000000352,22,124975.65000000349,-37886.25
2023-09-14,240746.90000000352,22,124975.65000000349,-34228.75
2023-09-15,233541.90000000352,22,124975.65000000349,-41433.75
2023-09-17,234339.40000000352,22,124975.65000000349,-40636.25
2023-09-18,233789.40000000352,22,124975.65000000349,-41186.25
2023-09-19,232029.40000000352,22,124975.65000000349,-42946.25
2023-09-20,226556.90000000352,22,124975.65000000349,-48418.75
2023-09-21,220369.40000000352,22,124975.65000000349,-54606.25
2023-09-22,218554.40000000352,22,124975.65000000349,-56421.25
2023-09-24,219626.90000000352,22,124975.65000000349,-55348.75
2023-09-25,218719.40000000352,22,124975.65000000349,-56256.25
2023-09-26,214044.40000000352,22,124975.65000000349,-60931.25
2023-09-27,213219.40000000352,22,124975.65000000349,-61756.25
2023-09-28,216189.40000000352,22,124975.65000000349,-58786.25
2023-09-29,214869.40000000352,22,124975.65000000349,-60106.25
2023-10-01,217069.40000000352,22,124975.65000000349,-57906.25
2023-10-02,214209.40000000352,22,124975.65000000349,-60766.25
2023-10-03,205931.90000000352,22,124975.65000000349,-69043.75
2023-10-04,211624.40000000352,22,124975.65000000349,-63351.25
2023-10-05,210386.90000000352,22,124975.65000000349,-64588.75
2023-10-06,216629.40000000352,22,124975.65000000349,-58346.25
2023-10-08,212146.90000000352,22,124975.65000000349,-62828.75
2023-10-09,219681.90000000352,22,124975.65000000349,-55293.75
2023-10-10,221909.40000000352,22,124975.65000000349,-53066.25
2023-10-11,225016.90000000352,22,124975.65000000349,-49958.75
2023-10-12,221029.40000000352,22,124975.65000000349,-53946.25
2023-10-13,217316.90000000352,22,124975.65000000349,-57658.75
2023-10-15,218994.40000000352,22,124975.65000000349,-55981.25
2023-10-16,222184.40000000352,22,124975.65000000349,-52791.25
2023-10-17,222239.40000000352,22,124975.65000000349,-52736.25
2023-10-18,215199.40000000352,22,124975.65000000349,-59776.25
2023-10-19,211294.40000000352,22,124975.65000000349,-63681.25
2023-10-20,205546.90000000352,22,124975.65000000349,-69428.75
2023-10-22,206756.90000000352,22,124975.65000000349,-68218.75
2023-10-23,206289.40000000352,22,124975.65000000349,-68686.25
2023-10-24,207444.40000000352,22,124975.65000000349,-67531.25
2023-10-25,198809.40000000352,22,124975.65000000349,-76166.25
2023-10-26,198341.90000000352,22,124975.65000000349,-76633.75
2023-10-27,193666.90000000352,22,124975.65000000349,-81308.75
2023-10-29,195454.40000000352,22,124975.65000000349,-79521.25
2023-10-30,197544.40000000352,22,124975.65000000349,-77431.25
2023-10-31,201284.40000000352,22,124975.65000000349,-73691.25
2023-11-01,208049.40000000352,22,124975.65000000349,-66926.25
2023-11-02,215199.40000000352,22,124975.65000000349,-59776.25
2023-11-03,220286.90000000352,22,124975.65000000349,-54688.75
2023-11-05,220121.90000000352,22,124975.65000000349,-54853.75
2023-11-06,219791.90000000352,22,124975.65000000349,-55183.75
2023-11-07,221881.90000000352,22,124975.65000000349,-53093.75
2023-11-08,222266.90000000352,22,124975.65000000349,-52708.75
2023-11-09,218911.90000000352,22,124975.65000000349,-56063.75
2023-11-10,225346.90000000352,22,124975.65000000349,-49628.75
2023-11-12,223724.40000000352,22,124975.65000000349,-51251.25
2023-11-13,225676.90000000352,22,124975.65000000349,-49298.75
2023-11-14,235961.90000000352,22,124975.65000000349,-39013.75
2023-11-15,235054.40000000352,22,124975.65000000349,-39921.25
2023-11-16,236759.40000000352,22,124975.65000000349,-38216.25
2023-11-17,236264.40000000352,22,124975.65000000349,-38711.25
2023-11-19,236181.90000000352,22,124975.65000000349,-38793.75
2023-11-20,240664.40000000352,22,124975.65000000349,-34311.25
2023-11-21,239234.40000000352,22,124975.65000000349,-35741.25
2023-11-22,240911.90000000352,22,124975.65000000349,-34063.75
2023-11-23,241324.40000000352,22,124975.65000000349,-33651.25
2023-11-24,241159.40000000352,22,124975.65000000349,-33816.25
2023-11-26,239701.90000000352,22,124975.65000000349,-35273.75
2023-11-27,240361.90000000352,22,124975.65000000349,-34613.75
2023-11-28,241351.90000000352,22,124975.65000000349,-33623.75
2023-11-29,240856.90000000352,22,124975.65000000349,-34118.75
2023-11-30,241791.90000000352,22,124975.65000000349,-33183.75
2023-12-01,245091.90000000352,22,124975.65000000349,-29883.75
2023-12-03,244129.40000000352,22,124975.65000000349,-30846.25
2023-12-04,241021.90000000352,22,124975.65000000349,-33953.75
2023-12-05,243414.40000000352,22,124975.65000000349,-31561.25
2023-12-06,239591.90000000352,22,124975.65000000349,-35383.75
2023-12-07,243524.40000000352,22,124975.65000000349,-31451.25
2023-12-08,245449.40000000352,22,124975.65000000349,-29526.25
2023-12-10,245174.40000000352,22,124975.65000000349,-29801.25
2023-12-11,247622.1200000035,22,124920.87000000349,-27298.75
2023-12-12,250234.6200000035,22,124920.87000000349,-24686.25
2023-12-13,258677.1200000035,22,124920.87000000349,-16243.75
2023-12-14,258484.6200000035,22,124920.87000000349,-16436.25
2023-12-15,257467.1200000035,22,124920.87000000349,-17453.75
2023-12-17,258759.6200000035,22,124920.87000000349,-16161.25
2023-12-18,260107.1200000035,22,124920.87000000349,-14813.75
2023-12-19,263269.6200000035,22,124920.87000000349,-11651.25
2023-12-20,256972.1200000035,22,124920.87000000349,-17948.75
2023-12-21,259722.1200000035,22,124920.87000000349,-15198.75
2023-12-22,260739.6200000035,22,124920.87000000349,-14181.25
2023-12-25,262087.1200000035,22,124920.87000000349,-12833.75
2023-12-26,263654.6200000035,22,124920.87000000349,-11266.25
2023-12-27,265084.6200000035,22,124920.87000000349,-9836.25
2023-12-28,264727.1200000035,22,124920.87000000349,-10193.75
2023-12-29,262224.6200000035,22,124920.87000000349,-12696.25
2024-01-01,263104.6200000035,22,124920.87000000349,-11816.25
2024-01-02,259007.1200000035,22,124920.87000000349,-15913.75
2024-01-03,255294.6200000035,22,124920.87000000349,-19626.25
2024-01-04,253369.6200000035,22,124920.87000000349,-21551.25
2024-01-05,253727.1200000035,22,124920.87000000349,-21193.75
2024-01-07,253369.6200000035,22,124920.87000000349,-21551.25
2024-01-08,260382.1200000035,22,124920.87000000349,-14538.75
2024-01-09,259584.6200000035,22,124920.87000000349,-15336.25
2024-01-10,263957.1200000035,22,124920.87000000349,-10963.75
2024-01-11,261674.6200000035,22,124920.87000000349,-13246.25
2024-01-12,262059.6200000035,22,124920.87000000349,-12861.25
2024-01-14,262802.1200000035,22,124920.87000000349,-12118.75
2024-01-15,260877.1200000035,22,124920.87000000349,-14043.75
2024-01-16,259639.6200000035,22,124920.87000000349,-15281.25
2024-01-17,257027.1200000035,22,124920.87000000349,-17893.75
2024-01-18,262389.6200000035,22,124920.87000000349,-12531.25
2024-01-19,268494.6200000035,22,124920.87000000349,-6426.25
2024-01-21,269842.1200000035,22,124920.87000000349,-5078.75
2024-01-22,269787.1200000035,22,124920.87000000349,-5133.75
2024-01-23,272427.1200000035,22,124920.87000000349,-2493.75
2024-01-24,271574.6200000035,22,124920.87000000349,-3346.25
2024-01-25,272069.6200000035,22,124920.87000000349,-2851.25
2024-01-26,273224.6200000035,22,124920.87000000349,-1696.25
2024-01-28,273114.6200000035,22,124920.87000000349,-1806.25
2024-01-29,277675.9900000036,22,127664.7400000036,11.25
2024-01-30,277415.3700000036,3,127664.1200000036,-248.75
2024-01-31,276001.66000000364,11,127659.16000000364,-1657.5
2024-02-01,279130.4700000037,11,129032.9700000037,97.5
2024-02-02,279396.76000000373,3,129403.01000000373,-6.25
2024-02-04,279318.01000000373,3,129403.01000000373,-85.0
2024-02-05,279639.28000000375,7,129400.53000000375,238.75
2024-02-06,279954.28000000375,7,129400.53000000375,553.75
2024-02-07,280929.9700000038,7,130966.22000000381,-36.25
2024-02-08,280966.8500000038,3,130965.60000000382,1.25
2024-02-09,281351.87000000384,3,131339.37000000384,12.5
2024-02-11,281349.37000000384,1,131339.37000000384,10.0
2024-02-12,280978.78000000387,6,131460.03000000387,-481.25
2024-02-13,279523.1800000039,11,131456.9300000039,-1933.75
2024-02-14,282039.4300000039,11,131456.9300000039,582.5
2024-02-15,282880.74000000395,11,132829.49000000395,51.25
2024-02-16,282733.930000004,6,133323.930000004,-590.0
2024-02-18,283018.930000004,6,133323.930000004,-305.0
2024-02-19,282448.930000004,6,133323.930000004,-875.0
2024-02-20,281700.200000004,10,133321.45000000403,-1621.25
2024-02-21,284453.33000000403,11,133320.83000000403,1132.5
2024-02-22,286308.4200000041,11,136273.42000000412,35.0
2024-02-23,286192.1700000041,3,136273.42000000412,-81.25
2024-02-25,286139.6700000041,3,136273.42000000412,-133.75
2024-02-26,285895.9300000041,5,136272.18000000413,-376.25
2024-02-27,286278.44000000414,7,136270.94000000414,7.5
2024-02-28,286173.44000000414,7,136270.94000000414,-97.5
2024-02-29,287196.6100000042,7,137147.86000000418,48.75
2024-03-01,287438.5000000042,2,137397.2500000042,41.25
2024-03-03,287448.5000000042,1,137397.2500000042,51.25
2024-03-04,287167.9000000042,4,137519.1500000042,-351.25
2024-03-05,286253.56000000425,11,137514.81000000425,-1261.25
2024-03-06,286858.56000000425,11,137514.81000000425,-656.25
2024-03-07,289289.8900000043,11,139256.14000000432,33.75
2024-03-08,288249.3300000044,10,139623.08000000438,-1373.75
2024-03-10,287624.3300000044,10,139623.08000000438,-1998.75
2024-03-11,288803.2100000044,12,139591.9600000044,-788.75
2024-03-12,291136.41000000446,12,141088.91000000446,47.5
2024-03-13,291207.04000000446,4,141088.29000000446,118.75
2024-03-14,291132.6900000045,9,141085.19000000448,47.5
2024-03-15,289722.7000000045,11,141083.9500000045,-1361.25
2024-03-17,290272.7000000045,11,141083.9500000045,-811.25
2024-03-18,292092.78000000457,11,142449.03000000457,-356.25
2024-03-19,293295.3300000046,7,143321.58000000461,-26.25
2024-03-20,294221.01000000467,3,143942.26000000467,278.75
2024-03-21,294232.2800000047,2,144301.03000000468,-68.75
2024-03-22,293999.1700000047,5,144299.1700000047,-300.0
2024-03-24,293999.1700000047,5,144299.1700000047,-300.0
2024-03-25,293843.5500000047,6,144298.5500000047,-455.0
2024-03-26,293834.8100000047,8,144297.3100000047,-462.5
2024-03-27,294894.8100000047,8,144297.3100000047,597.5
2024-03-28,295191.74000000476,8,145297.99000000476,-106.25
2024-03-31,295551.74000000476,3,145297.99000000476,253.75
2024-04-01,294879.2600000048,7,145295.51000000478,-416.25
2024-04-02,293736.7700000048,9,145294.2700000048,-1557.5
2024-04-03,294861.7700000048,9,145294.2700000048,-432.5
2024-04-04,291336.7900000048,13,145291.7900000048,-3955.0
2024-04-05,294619.2900000048,13,145291.7900000048,-672.5
2024-04-07,293969.2900000048,13,145291.7900000048,-1322.5
2024-04-08,294538.0400000048,13,145291.7900000048,-753.75
2024-04-09,295171.7900000048,13,145291.7900000048,-120.0
2024-04-10,291418.0400000048,13,145291.7900000048,-3873.75
2024-04-11,294184.9200000048,14,145291.17000000481,-1106.25
2024-04-12,288706.1800000048,16,145289.93000000482,-6583.75
2024-04-14,289906.1800000048,16,145289.93000000482,-5383.75
2024-04-15,282419.32000000484,19,145288.07000000484,-12868.75
2024-04-16,283511.82000000484,19,145288.07000000484,-11776.25
2024-04-17,281008.08000000485,21,145286.83000000485,-14278.75
2024-04-18,273106.83000000485,21,145286.83000000485,-22180.0
2024-04-19,273234.96000000485,22,145286.21000000485,-22051.25
2024-04-21,274609.96000000485,22,145286.21000000485,-20676.25
2024-04-22,278102.46000000485,22,145286.21000000485,-17183.75
2024-04-23,286627.46000000485,22,145286.21000000485,-8658.75
2024-04-24,281017.46000000485,22,145286.21000000485,-14268.75
2024-04-25,286517.46000000485,22,145286.21000000485,-8768.75
2024-04-26,287342.46000000485,22,145286.21000000485,-7943.75
2024-04-28,288662.46000000485,22,145286.21000000485,-6623.75
2024-04-29,288579.96000000485,22,145286.21000000485,-6706.25
2024-04-30,279999.96000000485,22,145286.21000000485,-15286.25
2024-05-01,280769.96000000485,22,145286.21000000485,-14516.25
2024-05-02,284619.96000000485,22,145286.21000000485,-10666.25
2024-05-03,290614.96000000485,22,145286.21000000485,-4671.25
2024-05-05,290422.46000000485,22,145286.21000000485,-4863.75
2024-05-06,295757.46000000485,22,145286.21000000485,471.25
2024-05-07,296252.46000000485,22,145286.21000000485,966.25
2024-05-08,295729.96000000485,22,145286.21000000485,443.75
2024-05-09,298186.33000000496,22,148025.08000000496,161.25
2024-05-10,298282.610000005,4,148322.610000005,-40.0
2024-05-12,298432.610000005,4,148322.610000005,110.0
2024-05-13,298282.610000005,4,148322.610000005,-40.0
2024-05-14,298890.140000005,4,148818.89000000502,71.25
2024-05-15,299442.05000000505,2,149317.05000000505,125.0
2024-05-16,299119.5800000051,5,149438.33000000508,-318.75
2024-05-17,299520.8400000051,7,149437.0900000051,83.75
2024-05-19,299748.3400000051,7,149437.0900000051,311.25
2024-05-20,299678.3400000051,7,149437.0900000051,241.25
2024-05-21,300150.8400000051,7,149437.0900000051,713.75
2024-05-22,300693.3400000051,7,149437.0900000051,1256.25
2024-05-23,299060.9300000052,11,150542.18000000517,-1481.25
2024-05-24,300614.6800000052,11,150542.18000000517,72.5
2024-05-26,300408.4300000052,11,150542.18000000517,-133.75
2024-05-27,301095.9300000052,11,150542.18000000517,553.75
2024-05-28,299885.9300000052,11,150542.18000000517,-656.25
2024-05-29,297163.4300000052,11,150542.18000000517,-3378.75
2024-05-30,296367.8200000052,14,150540.3200000052,-4172.5
2024-05-31,300825.3300000052,16,150539.0800000052,286.25
2024-06-02,301505.3300000052,16,150539.0800000052,966.25
2024-06-03,300825.3300000052,16,150539.0800000052,286.25
2024-06-04,301945.3300000052,16,150539.0800000052,1406.25
2024-06-05,303573.5800000053,16,153552.3300000053,21.25
2024-06-06,303724.2200000053,4,153550.47000000533,173.75
2024-06-07,303751.7800000054,6,154173.03000000538,-421.25
2024-06-09,303819.2800000054,6,154173.03000000538,-353.75
2024-06-10,304343.0400000054,8,154171.7900000054,171.25
2024-06-11,305193.0400000054,8,154171.7900000054,1021.25
2024-06-12,307053.74000000546,8,157008.74000000546,45.0
2024-06-13,307327.5000000055,7,157007.50000000547,320.0
2024-06-14,307126.2500000055,7,157007.50000000547,118.75
2024-06-16,307126.2500000055,7,157007.50000000547,118.75
2024-06-17,307993.8100000055,7,158003.81000000553,-10.0
2024-06-18,308067.5600000055,1,158003.81000000553,63.75
2024-06-19,308117.5600000055,1,158003.81000000553,113.75
2024-06-20,307748.23000000557,8,158123.23000000557,-375.0
2024-06-21,307463.8600000056,9,158122.61000000557,-658.75
2024-06-23,307025.1100000056,9,158122.61000000557,-1097.5
2024-06-24,306878.8600000056,9,158122.61000000557,-1243.75
2024-06-25,307610.1100000056,9,158122.61000000557,-512.5
2024-06-26,306833.8600000056,9,158122.61000000557,-1288.75
2024-06-27,308577.6100000056,9,158122.61000000557,455.0
2024-06-28,308317.08000000566,10,159240.83000000566,-923.75
2024-06-30,308517.08000000566,10,159240.83000000566,-723.75
2024-07-01,307833.96000000567,11,159240.21000000567,-1406.25
2024-07-02,310033.96000000567,11,159240.21000000567,793.75
2024-07-03,310705.2700000057,11,160617.77000000572,87.5
2024-07-04,310727.7700000057,1,160617.77000000572,110.0
2024-07-05,310977.80000000575,2,160989.05000000575,-11.25
2024-07-07,310974.05000000575,1,160989.05000000575,-15.0
2024-07-08,311092.80000000575,1,160989.05000000575,103.75
2024-07-09,311092.82000000577,3,161111.57000000577,-18.75
2024-07-10,311604.1000000058,3,161607.8500000058,-3.75
2024-07-11,310737.89000000583,9,161602.89000000583,-865.0
2024-07-12,312388.00000000594,9,163093.00000000594,-705.0
2024-07-14,312650.50000000594,7,163093.00000000594,-442.5
2024-07-15,313961.200000006,8,163962.450000006,-1.25
2024-07-16,314921.87000000605,8,164965.62000000605,-43.75
2024-07-17,314673.7700000061,6,164962.52000000607,-288.75
2024-07-18,313250.6800000061,13,164958.1800000061,-1707.5
2024-07-19,309911.9400000061,15,164956.9400000061,-5045.0
2024-07-21,310718.1900000061,15,164956.9400000061,-4238.75
2024-07-22,313436.9400000061,15,164956.9400000061,-1520.0
2024-07-23,311618.1900000061,15,164956.9400000061,-3338.75
2024-07-24,304345.71000000613,19,164954.46000000613,-10608.75
2024-07-25,302228.22000000614,21,164953.22000000614,-12725.0
2024-07-26,306218.22000000614,21,164953.22000000614,-8735.0
2024-07-28,308790.72000000614,21,164953.22000000614,-6162.5
2024-07-29,305194.47000000614,21,164953.22000000614,-9758.75
2024-07-30,305850.72000000614,21,164953.22000000614,-9102.5
2024-07-31,315956.97000000614,21,164953.22000000614,1003.75
2024-08-01,300259.47000000614,21,164953.22000000614,-14693.75
2024-08-02,291158.85000000615,22,164952.60000000615,-23793.75
2024-08-04,283981.35000000615,22,164952.60000000615,-30971.25
2024-08-05,284421.35000000615,22,164952.60000000615,-30531.25
2024-08-06,285933.85000000615,22,164952.60000000615,-29018.75
2024-08-07,276693.85000000615,22,164952.60000000615,-38258.75
2024-08-08,290801.35000000615,22,164952.60000000615,-24151.25
2024-08-09,291928.85000000615,22,164952.60000000615,-23023.75
2024-08-11,292313.85000000615,22,164952.60000000615,-22638.75
2024-08-12,293083.85000000615,22,164952.60000000615,-21868.75
2024-08-13,302103.85000000615,22,164952.60000000615,-12848.75
2024-08-14,305733.85000000615,22,164952.60000000615,-9218.75
2024-08-15,315221.35000000615,22,164952.60000000615,268.75
2024-08-16,315606.35000000615,22,164952.60000000615,653.75
2024-08-18,316211.35000000615,22,164952.60000000615,1258.75
2024-08-19,317978.3600000063,22,167958.36000000627,20.0
2024-08-20,318134.0000000063,4,167956.5000000063,177.5
2024-08-21,318581.5400000063,4,168454.04000000632,127.5
2024-08-22,318104.7400000064,11,169082.2400000064,-977.5
2024-08-23,321009.8300000065,11,170458.58000000648,551.25
2024-08-25,320834.8300000065,7,170458.58000000648,376.25
2024-08-26,320943.03000000655,8,171350.53000000655,-407.5
2024-08-27,321388.66000000655,9,171349.91000000655,38.75
2024-08-28,318899.30000000657,12,171348.05000000657,-2448.75
2024-08-29,322400.02000000665,12,172847.52000000665,-447.5
2024-08-30,323843.8200000067,8,173848.8200000067,-5.0
2024-09-01,323826.3200000067,1,173848.8200000067,-22.5
2024-09-02,323822.5700000067,1,173848.8200000067,-26.25
2024-09-03,318977.63000000676,13,173841.38000000676,-4863.75
2024-09-04,319422.01000000676,14,173840.76000000676,-4418.75
2024-09-05,318307.64000000677,15,173840.14000000677,-5532.5
2024-09-06,309652.6600000068,19,173837.66000000678,-14185.0
2024-09-08,312621.4100000068,19,173837.66000000678,-11216.25
2024-09-09,316587.6600000068,19,173837.66000000678,-7250.0
2024-09-10,316706.4100000068,19,173837.66000000678,-7131.25
2024-09-11,325232.6600000068,19,173837.66000000678,1395.0
2024-09-12,326880.9300000069,19,176712.18000000692,168.75
2024-09-13,327005.34000000695,3,177084.09000000695,-78.75
2024-09-15,327095.34000000695,3,177084.09000000695,11.25
2024-09-16,327234.15000000695,5,177070.40000000695,163.75
2024-09-17,327937.340000007,8,177938.590000007,-1.25
2024-09-18,329787.4200000071,8,178937.42000000709,850.0
2024-09-19,331794.3900000072,8,181965.64000000717,-171.25
2024-09-20,331823.7900000072,8,181962.5400000072,-138.75
2024-09-22,332653.7900000072,8,181962.5400000072,691.25
2024-09-23,332213.7900000072,8,181962.5400000072,251.25
2024-09-24,332933.84000000724,8,182957.59000000724,-23.75
2024-09-25,333483.85000000725,4,182956.35000000725,527.5
2024-09-26,333895.7800000073,7,183842.0300000073,53.75
2024-09-27,333327.0300000073,7,183842.0300000073,-515.0
2024-09-29,333668.2800000073,7,183842.0300000073,-173.75
2024-09-30,334965.22000000736,9,184965.22000000736,0.0
2024-10-01,333826.5100000074,10,184960.2600000074,-1133.75
2024-10-02,333467.1400000074,11,184959.6400000074,-1492.5
2024-10-03,333590.8900000074,11,184959.6400000074,-1368.75
2024-10-04,336295.95000000746,11,186333.45000000746,-37.5
2024-10-06,336299.70000000746,1,186333.45000000746,-33.75
2024-10-07,335259.1100000075,8,186329.1100000075,-1070.0
2024-10-08,337444.79000000755,8,187322.29000000755,122.5
2024-10-09,337929.2000000076,3,187820.45000000758,108.75
2024-10-10,337990.4600000076,4,187819.2100000076,171.25
2024-10-11,338337.3600000076,4,188317.3600000076,20.0
2024-10-13,338348.6100000076,1,188317.3600000076,31.25
2024-10-14,338749.26000000763,2,188574.26000000763,175.0
2024-10-15,338118.67000000767,9,188569.92000000767,-451.25
2024-10-16,338366.17000000767,9,188569.92000000767,-203.75
2024-10-17,340009.37000000774,9,190550.62000000774,-541.25
2024-10-18,340706.87000000774,6,190550.62000000774,156.25
2024-10-20,340721.87000000774,6,190550.62000000774,171.25
2024-10-21,340118.13000000775,8,190549.38000000775,-431.25
2024-10-22,340303.76000000775,9,190548.76000000775,-245.0
2024-10-23,339073.1600000078,14,190545.66000000777,-1472.5
2024-10-24,338863.1600000078,14,190545.66000000777,-1682.5
2024-10-25,340905.1500000079,14,192296.40000000788,-1391.25
2024-10-27,342311.4000000079,9,192296.40000000788,15.0
2024-10-28,341377.6500000079,9,192296.40000000788,-918.75
2024-10-29,342705.1500000079,9,192296.40000000788,408.75
2024-10-30,340275.1500000079,9,192296.40000000788,-2021.25
2024-10-31,335914.5600000079,16,192292.0600000079,-6377.5
2024-11-01,336814.5600000079,16,192292.0600000079,-5477.5
2024-11-03,337894.5600000079,16,192292.0600000079,-4397.5
2024-11-04,335494.5600000079,16,192292.0600000079,-6797.5
2024-11-05,347154.5600000079,16,192292.0600000079,4862.5
2024-11-06,351837.20000000804,16,201784.70000000804,52.5
2024-11-07,352112.8600000081,3,202155.36000000808,-42.5
2024-11-08,352476.6400000081,3,202529.1400000081,-52.5
2024-11-10,352671.6400000081,3,202529.1400000081,142.5
2024-11-11,352593.5200000081,4,202528.5200000081,65.0
2024-11-12,352203.5400000081,8,202526.04000000813,-322.5
2024-11-13,352543.5400000081,8,202526.04000000813,17.5
2024-11-14,350329.80000000814,10,202524.80000000814,-2195.0
2024-11-15,346952.33000000817,16,202521.08000000817,-5568.75
2024-11-17,348072.33000000817,16,202521.08000000817,-4448.75
2024-11-18,349372.33000000817,16,202521.08000000817,-3148.75
2024-11-19,350752.33000000817,16,202521.08000000817,-1768.75
2024-11-20,348872.33000000817,16,202521.08000000817,-3648.75
2024-11-21,352452.33000000817,16,202521.08000000817,-68.75
2024-11-22,354232.33000000817,16,202521.08000000817,1711.25
2024-11-24,356052.33000000817,16,202521.08000000817,3531.25
2024-11-25,357191.2000000083,16,207057.45000000828,133.75
2024-11-26,358153.7500000083,8,208055.00000000832,98.75
2024-11-27,358267.52000000834,6,208052.52000000834,215.0
2024-11-28,358635.02000000834,6,208052.52000000834,582.5
2024-11-29,358850.6800000084,6,208803.18000000837,47.5
2024-12-01,358794.4300000084,1,208803.18000000837,-8.75
2024-12-02,358923.1900000084,1,208926.94000000838,-3.75
2024-12-03,359232.5800000084,4,208925.0800000084,307.5
2024-12-04,359557.6100000084,4,209423.86000000843,133.75
2024-12-05,359399.52000000846,5,209670.77000000846,-271.25
2024-12-06,359699.52000000846,5,209670.77000000846,28.75
2024-12-08,359637.02000000846,5,209670.77000000846,-33.75
2024-12-09,358611.4100000085,8,209668.91000000847,-1057.5
2024-12-10,358121.4200000085,10,209667.67000000848,-1546.25
2024-12-11,359858.9200000085,10,209667.67000000848,191.25
2024-12-12,358946.4200000085,10,209667.67000000848,-721.25
2024-12-13,358183.9200000085,10,209667.67000000848,-1483.75
2024-12-15,358546.4200000085,10,209667.67000000848,-1121.25
2024-12-16,359396.5200000085,10,209642.7700000085,-246.25
2024-12-17,358746.5200000085,10,209642.7700000085,-896.25
2024-12-18,344531.5800000086,22,209635.33000000854,-15103.75
2024-12-19,340819.0800000086,22,209635.33000000854,-18816.25
2024-12-20,349949.0800000086,22,209635.33000000854,-9686.25
2024-12-22,353469.0800000086,22,209635.33000000854,-6166.25
2024-12-23,354239.0800000086,22,209635.33000000854,-5396.25
2024-12-24,361224.0800000086,22,209635.33000000854,1588.75
2024-12-25,361499.0800000086,22,209635.33000000854,1863.75
2024-12-26,359436.5800000086,22,209635.33000000854,-198.75
2024-12-27,353551.5800000086,22,209635.33000000854,-6083.75
2024-12-29,352286.5800000086,22,209635.33000000854,-7348.75
2024-12-30,345411.5800000086,22,209635.33000000854,-14223.75
2024-12-31,343541.5800000086,22,209635.33000000854,-16093.75
2025-01-01,345411.5800000086,22,209635.33000000854,-14223.75
2025-01-02,342331.5800000086,22,209635.33000000854,-17303.75
2025-01-03,348711.5800000086,22,209635.33000000854,-10923.75
2025-01-05,348986.5800000086,22,209635.33000000854,-10648.75
2025-01-06,352259.0800000086,22,209635.33000000854,-7376.25
2025-01-07,346484.0800000086,22,209635.33000000854,-13151.25
2025-01-08,344229.0800000086,22,209635.33000000854,-15406.25
2025-01-09,344174.0800000086,22,209635.33000000854,-15461.25
2025-01-10,335099.0800000086,22,209635.33000000854,-24536.25
2025-01-12,332899.0800000086,22,209635.33000000854,-26736.25
2025-01-13,338481.5800000086,22,209635.33000000854,-21153.75
2025-01-14,337574.0800000086,22,209635.33000000854,-22061.25
2025-01-15,349261.5800000086,22,209635.33000000854,-10373.75
2025-01-16,348766.5800000086,22,209635.33000000854,-10868.75
2025-01-17,353909.0800000086,22,209635.33000000854,-5726.25
2025-01-19,353854.0800000086,22,209635.33000000854,-5781.25
2025-01-20,354926.5800000086,22,209635.33000000854,-4708.75
2025-01-21,361801.5800000086,22,209635.33000000854,2166.25
2025-01-22,363096.0700000087,22,213079.82000000865,16.25
2025-01-23,363315.4600000087,2,213202.96000000866,112.5
2025-01-24,363096.13000000874,7,213447.3800000087,-351.25
2025-01-26,361127.38000000874,7,213447.3800000087,-2320.0
2025-01-27,360286.76000000874,8,213446.7600000087,-3160.0
2025-01-28,362276.76000000874,8,213446.7600000087,-1170.0
2025-01-29,362006.76000000874,8,213446.7600000087,-1440.0
2025-01-30,362866.76000000874,8,213446.7600000087,-580.0
2025-01-31,361016.76000000874,8,213446.7600000087,-2430.0
2025-02-02,356136.76000000874,8,213446.7600000087,-7310.0
2025-02-03,360578.65000000875,11,213444.90000000873,-2866.25
2025-02-04,361004.90000000875,11,213444.90000000873,-2440.0
2025-02-05,364346.15000000875,11,213444.90000000873,901.25
2025-02-06,364863.7200000088,11,214818.7200000088,45.0
2025-02-07,363834.40000000887,8,215186.90000000884,-1352.5
2025-02-09,364404.40000000887,8,215186.90000000884,-782.5
2025-02-10,364834.40000000887,8,215186.90000000884,-352.5
2025-02-11,365324.40000000887,8,215186.90000000884,137.5
2025-02-12,365613.7800000089,9,215186.28000000885,427.5
2025-02-13,366647.60000000894,9,216552.6000000089,95.0
2025-02-14,366600.10000000894,1,216552.6000000089,47.5
2025-02-16,366652.60000000894,1,216552.6000000089,100.0
2025-02-17,366658.85000000894,1,216552.6000000089,106.25
2025-02-18,366693.85000000894,1,216552.6000000089,141.25
2025-02-19,366664.49000000895,2,216675.74000000893,-11.25
2025-02-20,366691.390000009,7,216672.64000000895,18.75
2025-02-21,361606.430000009,15,216667.680000009,-5061.25
2025-02-23,363687.680000009,15,216667.680000009,-2980.0
2025-02-24,360010.190000009,17,216666.440000009,-6656.25
2025-02-25,358967.08000000904,20,216664.580000009,-7697.5
2025-02-26,357367.08000000904,20,216664.580000009,-9297.5
2025-02-27,347513.34000000905,22,216663.34000000902,-19150.0
2025-02-28,356285.84000000905,22,216663.34000000902,-10377.5
2025-03-02,357853.34000000905,22,216663.34000000902,-8810.0
2025-03-03,346715.84000000905,22,216663.34000000902,-19947.5
2025-03-04,341848.34000000905,22,216663.34000000902,-24815.0
2025-03-05,344323.34000000905,22,216663.34000000902,-22340.0
2025-03-06,334918.34000000905,22,216663.34000000902,-31745.0
2025-03-07,335798.34000000905,22,216663.34000000902,-30865.0
2025-03-09,333460.84000000905,22,216663.34000000902,-33202.5
2025-03-10,319600.84000000905,22,216663.34000000902,-47062.5
2025-03-11,315750.84000000905,22,216663.34000000902,-50912.5
2025-03-12,315723.34000000905,22,216663.34000000902,-50940.0
2025-03-13,313578.34000000905,22,216663.34000000902,-53085.0
2025-03-14,320068.34000000905,22,216663.34000000902,-46595.0
2025-03-16,317950.84000000905,22,216663.34000000902,-48712.5
2025-03-17,323588.560000009,22,216608.56000000902,-43020.0
2025-03-18,320041.060000009,22,216608.56000000902,-46567.5
2025-03-19,328346.060000009,22,216608.56000000902,-38262.5
2025-03-20,323836.060000009,22,216608.56000000902,-42772.5
2025-03-21,324386.060000009,22,216608.56000000902,-42222.5
2025-03-23,328126.060000009,22,216608.56000000902,-38482.5
2025-03-24,333956.060000009,22,216608.56000000902,-32652.5
2025-03-25,335963.560000009,22,216608.56000000902,-30645.0
2025-03-26,329528.560000009,22,216608.56000000902,-37080.0
2025-03-27,327108.560000009,22,216608.56000000902,-39500.0
2025-03-28,311461.060000009,22,216608.56000000902,-55147.5
2025-03-30,308793.560000009,22,216608.56000000902,-57815.0
2025-03-31,315008.560000009,22,216608.56000000902,-51600.0
2025-04-01,318446.060000009,22,216608.56000000902,-48162.5
2025-04-02,306043.560000009,22,216608.56000000902,-60565.0
2025-04-03,289296.060000009,22,216608.56000000902,-77312.5
2025-04-04,255828.56000000902,22,216608.56000000902,-110780.0
2025-04-06,237596.06000000902,22,216608.56000000902,-129012.5
2025-04-07,263831.060000009,22,216608.56000000902,-102777.5
2025-04-08,236798.56000000902,22,216608.56000000902,-129810.0
2025-04-09,295181.060000009,22,216608.56000000902,-71427.5
2025-04-10,278158.560000009,22,216608.56000000902,-88450.0
2025-04-11,288718.560000009,22,216608.56000000902,-77890.0
2025-04-13,293256.060000009,22,216608.56000000902,-73352.5
2025-04-14,293283.560000009,22,216608.56000000902,-73325.0
2025-04-15,286958.560000009,22,216608.56000000902,-79650.0
2025-04-16,283081.060000009,22,216608.56000000902,-83527.5
2025-04-17,281101.060000009,22,216608.56000000902,-85507.5
2025-04-20,274583.560000009,22,216608.56000000902,-92025.0
2025-04-21,267571.060000009,22,216608.56000000902,-99037.5
2025-04-22,288636.060000009,22,216608.56000000902,-77972.5
2025-04-23,288416.060000009,22,216608.56000000902,-78192.5
2025-04-24,304723.560000009,22,216608.56000000902,-61885.0
2025-04-25,305961.060000009,22,216608.56000000902,-60647.5
2025-04-27,302221.060000009,22,216608.56000000902,-64387.5
2025-04-28,307033.560000009,22,216608.56000000902,-59575.0
2025-04-29,306511.060000009,22,216608.56000000902,-60097.5
2025-04-30,316438.560000009,22,216608.56000000902,-50170.0
2025-05-01,318638.560000009,22,216608.56000000902,-47970.0
2025-05-02,323341.060000009,22,216608.56000000902,-43267.5
2025-05-04,318831.060000009,22,216608.56000000902,-47777.5
2025-05-05,318088.560000009,22,216608.56000000902,-48520.0
2025-05-06,317676.060000009,22,216608.56000000902,-48932.5
2025-05-07,321828.560000009,22,216608.56000000902,-44780.0
2025-05-08,321196.060000009,22,216608.56000000902,-45412.5
2025-05-09,320426.060000009,22,216608.56000000902,-46182.5
2025-05-11,328813.560000009,22,216608.56000000902,-37795.0
2025-05-12,337888.560000009,22,216608.56000000902,-28720.0
2025-05-13,344791.060000009,22,216608.56000000902,-21817.5
2025-05-14,343966.060000009,22,216608.56000000902,-22642.5
2025-05-15,347843.560000009,22,216608.56000000902,-18765.0
2025-05-16,349521.060000009,22,216608.56000000902,-17087.5
2025-05-18,345451.060000009,22,216608.56000000902,-21157.5
2025-05-19,351391.060000009,22,216608.56000000902,-15217.5
2025-05-20,348916.060000009,22,216608.56000000902,-17692.5
2025-05-21,340391.060000009,22,216608.56000000902,-26217.5
2025-05-22,340006.060000009,22,216608.56000000902,-26602.5
2025-05-23,334808.560000009,22,216608.56000000902,-31800.0
2025-05-25,341436.060000009,22,216608.56000000902,-25172.5
2025-05-26,340253.560000009,22,216608.56000000902,-26355.0
2025-05-27,347486.060000009,22,216608.56000000902,-19122.5
2025-05-28,354581.060000009,22,216608.56000000902,-12027.5
2025-05-29,345203.560000009,22,216608.56000000902,-21405.0
2025-05-30,345698.560000009,22,216608.56000000902,-20910.0
2025-06-01,342866.060000009,22,216608.56000000902,-23742.5
2025-06-02,346963.560000009,22,216608.56000000902,-19645.0
2025-06-03,352656.060000009,22,216608.56000000902,-13952.5
2025-06-04,352601.060000009,22,216608.56000000902,-14007.5
2025-06-05,350786.060000009,22,216608.56000000902,-15822.5
2025-06-06,356286.060000009,22,216608.56000000902,-10322.5
2025-06-08,354773.560000009,22,216608.56000000902,-11835.0
2025-06-09,359036.060000009,22,216608.56000000902,-7572.5
2025-06-10,358376.060000009,22,216608.56000000902,-8232.5
2025-06-11,356176.060000009,22,216608.56000000902,-10432.5
2025-06-12,350896.060000009,22,216608.56000000902,-15712.5
2025-06-13,352793.560000009,22,216608.56000000902,-13815.0
2025-06-15,353811.060000009,22,216608.56000000902,-12797.5
2025-06-16,356808.780000009,22,216553.78000000902,-9745.0
2025-06-17,353728.780000009,22,216553.78000000902,-12825.0
2025-06-18,351996.280000009,22,216553.78000000902,-14557.5
2025-06-19,351528.780000009,22,216553.78000000902,-15025.0
2025-06-20,351996.280000009,22,216553.78000000902,-14557.5
2025-06-22,349356.280000009,22,216553.78000000902,-17197.5
2025-06-23,361593.780000009,22,216553.78000000902,-4960.0
2025-06-24,365031.280000009,22,216553.78000000902,-1522.5
2025-06-25,366021.280000009,22,216553.78000000902,-532.5
2025-06-26,369522.6500000091,22,219306.40000000913,216.25
2025-06-27,369957.71000000916,8,219675.2100000092,282.5
2025-06-29,371037.71000000916,8,219675.2100000092,1362.5
2025-06-30,371440.93000000925,8,221535.93000000928,-95.0
2025-07-01,371855.94000000926,5,221534.6900000093,321.25
2025-07-02,372198.4700000093,5,222158.4700000093,40.0
2025-07-03,372328.4900000093,1,222405.99000000933,-77.5
2025-07-04,372205.9900000093,1,222405.99000000933,-200.0
2025-07-06,372294.7400000093,1,222405.99000000933,-111.25
2025-07-07,371875.41000000935,10,222400.41000000937,-525.0
2025-07-08,371325.41000000935,10,222400.41000000937,-1075.0
2025-07-09,373562.3700000094,10,223639.87000000945,-77.5
2025-07-10,374459.91000000946,7,224511.1600000095,-51.25
2025-07-11,374451.8000000095,4,224509.3000000095,-57.5
2025-07-13,374041.8000000095,4,224509.3000000095,-467.5
2025-07-14,374911.8000000095,4,224509.3000000095,402.5
2025-07-15,373310.62000000954,10,225318.12000000957,-2007.5
2025-07-16,374629.38000000955,12,225316.88000000958,-687.5
2025-07-17,376913.8200000096,12,226811.32000000964,102.5
2025-07-18,376893.2000000096,2,226810.70000000965,82.5
2025-07-20,376935.7000000096,2,226810.70000000965,125.0
2025-07-21,377013.85000000964,3,227057.60000000967,-43.75
2025-07-22,377655.74000000965,6,227055.74000000968,600.0
2025-07-23,378362.6700000097,6,228303.92000000973,58.75
2025-07-24,378577.6900000097,3,228426.44000000975,151.25
2025-07-25,378712.6900000097,3,228426.44000000975,286.25
2025-07-27,379057.6900000097,3,228426.44000000975,631.25
2025-07-28,378757.6900000097,3,228426.44000000975,331.25
2025-07-29,378620.8700000098,8,228829.6200000098,-208.75
2025-07-30,381028.3800000098,10,228828.3800000098,2200.0
2025-07-31,378260.9800000099,10,230553.4800000099,-2292.5
2025-08-01,372917.2600000099,16,230549.76000000993,-7632.5
2025-08-03,375037.2600000099,16,230549.76000000993,-5512.5
2025-08-04,381117.2600000099,16,230549.76000000993,567.5
2025-08-05,379077.2600000099,16,230549.76000000993,-1472.5
2025-08-06,382877.2600000099,16,230549.76000000993,2327.5
2025-08-07,384764.26000001,16,234401.76000001005,362.5
2025-08-08,385786.8300000101,9,235771.83000001012,15.0
2025-08-10,385785.5800000101,1,235771.83000001012,13.75
2025-08-11,385709.9800000101,6,235768.73000001014,-58.75
2025-08-12,387113.1800000102,6,237014.4300000102,98.75
2025-08-13,387348.8300000102,4,237223.83000001023,125.0
2025-08-14,387713.8300000102,4,237223.83000001023,490.0
2025-08-15,387054.4600000102,5,237223.21000001024,-168.75
2025-08-17,387410.7100000102,5,237223.21000001024,187.5
2025-08-18,386888.8400000102,6,237222.59000001024,-333.75
2025-08-19,384807.61000001023,10,237220.11000001026,-2412.5
2025-08-20,385630.76000001025,15,237217.01000001028,-1586.25
2025-08-21,383512.01000001025,15,237217.01000001028,-3705.0
2025-08-22,389248.99000001035,15,239211.49000001038,37.5
2025-08-24,389103.99000001035,4,239211.49000001038,-107.5
2025-08-25,388229.63000001037,7,239209.6300000104,-980.0
2025-08-26,389835.26000001037,8,239209.0100000104,626.25
2025-08-27,390207.8100000104,8,240209.06000001045,-1.25
2025-08-28,390568.46000001044,3,240583.46000001047,-15.0
2025-08-29,390139.1200000105,8,240579.1200000105,-440.0
2025-08-31,390009.1200000105,8,240579.1200000105,-570.0
2025-09-01,389949.1200000105,8,240579.1200000105,-630.0
2025-09-02,388844.1300000105,10,240577.8800000105,-1733.75
2025-09-03,390356.6300000105,10,240577.8800000105,-221.25
2025-09-04,391971.07000001054,10,241948.57000001057,22.5
2025-09-05,391238.6300000106,11,242066.13000001063,-827.5
2025-09-07,391843.6300000106,11,242066.13000001063,-222.5
2025-09-08,392668.6300000106,11,242066.13000001063,602.5
2025-09-09,393906.1300000106,11,242066.13000001063,1840.0
2025-09-10,395042.4600000107,11,244762.4600000107,280.0
2025-09-11,395716.8900000107,5,245635.64000001075,81.25
2025-09-12,395696.8900000107,2,245635.64000001075,61.25
2025-09-14,395734.3900000107,2,245635.64000001075,98.75
2025-09-15,396071.93000001076,2,245894.43000001076,177.5
2025-09-16,395869.43000001076,2,245894.43000001076,-25.0
2025-09-17,397442.02000001085,8,246888.27000001085,553.75
2025-09-18,397688.3400000109,4,247758.3400000109,-70.0
2025-09-19,398361.50000001094,5,248380.25000001094,-18.75
2025-09-21,398351.50000001094,1,248380.25000001094,-28.75
2025-09-22,398680.27000001096,2,248629.02000001096,51.25
2025-09-23,398379.050000011,7,248625.300000011,-246.25
2025-09-24,398147.190000011,10,248623.440000011,-476.25
2025-09-25,396010.330000011,13,248621.58000001102,-2611.25
2025-09-26,398610.330000011,13,248621.58000001102,-11.25
2025-09-28,399780.330000011,13,248621.58000001102,1158.75
2025-09-29,400337.9200000111,13,250240.4200000111,97.5
2025-09-30,400516.71000001114,5,250864.21000001114,-347.5
2025-10-01,401434.24000001117,4,251360.49000001117,73.75
2025-10-02,402093.6500000112,6,251486.1500000112,607.5
2025-10-03,402008.71000001126,6,252228.71000001126,-220.0
2025-10-05,402623.71000001126,6,252228.71000001126,395.0
2025-10-06,402856.2500000113,6,252978.7500000113,-122.5
2025-10-07,402822.5300000113,8,252975.03000001132,-152.5
2025-10-08,403967.58000001137,8,253976.33000001137,-8.75
2025-10-09,404106.3600000114,8,253972.6100000114,133.75
2025-10-10,388776.41000001144,18,253966.41000001144,-15190.0
2025-10-12,399441.41000001144,18,253966.41000001144,-4525.0
2025-10-13,401556.41000001144,18,253966.41000001144,-2410.0
2025-10-14,401691.41000001144,18,253966.41000001144,-2275.0
2025-10-15,406345.9300000116,18,256218.43000001158,127.5
2025-10-16,404577.2900000117,11,257583.54000001168,-3006.25
2025-10-17,408344.7900000117,11,257583.54000001168,761.25
2025-10-19,409018.5400000117,11,257583.54000001168,1435.0
2025-10-20,409801.74000001175,11,259684.24000001175,117.5
2025-10-21,409824.24000001175,2,259684.24000001175,140.0
2025-10-22,409829.9000000118,9,259679.90000001178,150.0
2025-10-23,411040.58000001183,9,260801.83000001183,238.75
2025-10-24,411347.49000001187,3,261488.74000001187,-141.25
2025-10-26,412138.74000001187,3,261488.74000001187,650.0
2025-10-27,412456.2800000119,3,262456.2800000119,0.0
2025-10-28,412665.6700000119,2,262579.4200000119,86.25
2025-10-29,413670.730000012,5,263196.980000012,473.75
2025-10-30,413430.130000012,9,263193.880000012,236.25
2025-10-31,412308.260000012,10,263193.260000012,-885.0
2025-11-02,413020.760000012,10,263193.260000012,-172.5
2025-11-03,411195.760000012,10,263193.260000012,-1997.5
2025-11-04,407808.270000012,12,263192.020000012,-5383.75
2025-11-05,410223.270000012,12,263192.020000012,-2968.75
2025-11-06,405202.040000012,16,263189.540000012,-7987.5
2025-11-07,407536.43000001204,19,263187.68000001204,-5651.25
2025-11-09,411051.43000001204,19,263187.68000001204,-2136.25
2025-11-10,415561.53000001214,19,265551.53000001214,10.0
2025-11-11,416100.3200000122,4,266046.5700000122,53.75
2025-11-12,416409.0800000122,3,266045.3300000122,363.75
2025-11-13,411719.76000001223,14,266038.51000001223,-4318.75
2025-11-14,413473.52000001224,16,266037.27000001224,-2563.75
2025-11-16,415133.52000001224,16,266037.27000001224,-903.75
2025-11-17,405213.52000001224,16,266037.27000001224,-10823.75
2025-11-18,402484.16000001226,19,266035.41000001226,-13551.25
2025-11-19,413979.16000001226,19,266035.41000001226,-2056.25
2025-11-20,397725.42000001227,21,266034.17000001227,-18308.75
2025-11-21,403447.92000001227,21,266034.17000001227,-12586.25
2025-11-23,405259.17000001227,21,266034.17000001227,-10775.0
2025-11-24,412687.92000001227,21,266034.17000001227,-3346.25
2025-11-25,418758.03000001237,21,268659.28000001237,98.75
2025-11-26,419054.9400000124,2,269042.4400000124,12.5
2025-11-27,419107.4400000124,2,269042.4400000124,65.0
2025-11-28,419368.7100000124,2,269289.9600000124,78.75
2025-11-30,418881.2100000124,2,269289.9600000124,-408.75
2025-12-01,419005.5900000124,3,269289.3400000124,-283.75
2025-12-02,419519.3400000124,3,269289.3400000124,230.0
2025-12-03,419655.61000001244,3,269663.11000001244,-7.5
2025-12-04,420351.88000001246,5,269660.63000001246,691.25
2025-12-05,420371.3000000125,5,270283.8000000125,87.5
2025-12-07,420596.3000000125,4,270283.8000000125,312.5
2025-12-08,420165.0700000125,8,270281.3200000125,-116.25
2025-12-09,419765.0700000125,8,270281.3200000125,-516.25
2025-12-10,421357.6700000126,9,271895.1700000126,-537.5
2025-12-11,422842.1200000127,7,272888.3700000127,-46.25
2025-12-12,421224.67000001273,11,272882.17000001273,-1657.5
2025-12-14,422077.17000001273,11,272882.17000001273,-805.0
2025-12-15,419011.0300000127,11,272854.7800000127,-3843.75
2025-12-16,418978.55000001274,15,272852.30000001274,-3873.75
2025-12-17,414533.56000001275,17,272851.06000001275,-8317.5
2025-12-18,418401.06000001275,17,272851.06000001275,-4450.0
2025-12-19,423437.31000001275,17,272851.06000001275,586.25
2025-12-21,424414.81000001275,17,272851.06000001275,1563.75
2025-12-22,425884.28000001283,17,275805.53000001283,78.75
2025-12-23,426524.9600000129,4,276551.2100000129,-26.25
2025-12-24,426650.6000000129,2,276674.3500000129,-23.75
2025-12-25,426665.6000000129,2,276674.3500000129,-8.75
2025-12-26,426636.2300000129,3,276673.7300000129,-37.5
2025-12-28,426639.9800000129,3,276673.7300000129,-33.75
2025-12-29,426473.1200000129,6,276671.8700000129,-198.75
2025-12-30,425835.6200000129,6,276671.8700000129,-836.25
2025-12-31,423960.02000001294,11,276668.77000001294,-2708.75
2026-01-01,425527.52000001294,11,276668.77000001294,-1141.25
2026-01-02,424664.41000001295,14,276666.91000001295,-2002.5
2026-01-04,425434.41000001295,14,276666.91000001295,-1232.5
2026-01-05,428482.62000001303,14,278416.37000001303,66.25
2026-01-06,429260.1800000131,4,279288.9300000131,-28.75
2026-01-07,428634.5800000131,6,279285.8300000131,-651.25
2026-01-08,428964.5900000131,8,279284.5900000131,-320.0
2026-01-09,430711.5600000132,8,280776.5600000132,-65.0
2026-01-11,430152.8100000132,3,280776.5600000132,-623.75
2026-01-12,430945.9400000132,4,280775.9400000132,170.0
2026-01-13,430580.9400000132,4,280775.9400000132,-195.0
2026-01-14,430100.34000001324,9,280772.84000001324,-672.5
2026-01-15,432756.0400000133,9,282408.5400000133,347.5
2026-01-16,432117.3000000133,8,282407.3000000133,-290.0
2026-01-18,429587.3000000133,8,282407.3000000133,-2820.0
2026-01-19,429097.3000000133,8,282407.3000000133,-3310.0
2026-01-20,426786.08000001335,14,282403.58000001335,-5617.5
2026-01-21,432368.58000001335,14,282403.58000001335,-35.0
2026-01-22,434559.30000001343,14,284194.30000001343,365.0
2026-01-23,433974.93000001344,6,284193.68000001344,-218.75
2026-01-25,433787.43000001344,6,284193.68000001344,-406.25
2026-01-26,435285.6100000135,6,285068.1100000135,217.5
2026-01-27,435621.2600000135,3,285440.0100000135,181.25
2026-01-28,435839.4000000135,5,285438.1500000135,401.25
2026-01-29,436952.01000001363,13,287052.01000001363,-100.0
2026-01-30,437439.55000001367,9,287047.05000001367,392.5
2026-02-01,434615.80000001367,9,287047.05000001367,-2431.25
2026-02-02,438679.00000001374,9,288422.75000001374,256.25
2026-02-03,438087.1800000138,13,288415.9300000138,-328.75
2026-02-04,435684.6900000138,15,288414.6900000138,-2730.0
2026-02-05,426325.3300000138,18,288412.8300000138,-12087.5
2026-02-06,440673.5500000139,18,290668.5500000139,5.0
2026-02-08,440738.5500000139,1,290668.5500000139,70.0
2026-02-09,441027.96000001393,2,291040.46000001393,-12.5
2026-02-10,441224.23000001395,6,291037.98000001395,186.25
2026-02-11,441979.310000014,10,291934.310000014,45.0
2026-02-12,433818.72000001406,17,291929.97000001406,-8111.25
2026-02-13,433550.60000001406,18,291929.35000001406,-8378.75
2026-02-15,435035.60000001406,18,291929.35000001406,-6893.75
2026-02-16,431503.10000001406,18,291929.35000001406,-10426.25
2026-02-17,436578.73000001407,19,291928.73000001407,-5350.0
2026-02-18,438383.73000001407,19,291928.73000001407,-3545.0
2026-02-19,437908.73000001407,19,291928.73000001407,-4020.0
2026-02-20,441328.73000001407,19,291928.73000001407,-600.0
2026-02-22,436198.73000001407,19,291928.73000001407,-5730.0
2026-02-23,436364.98000001407,19,291928.73000001407,-5563.75
2026-02-24,439547.48000001407,19,291928.73000001407,-2381.25
2026-02-25,444265.08000001416,19,294308.83000001416,-43.75
2026-02-26,443003.8800000142,11,294302.6300000142,-1298.75
2026-02-27,441921.3900000142,13,294301.3900000142,-2380.0
2026-03-01,439045.1400000142,13,294301.3900000142,-5256.25
2026-03-02,439483.2700000142,14,294300.7700000142,-4817.5
2026-03-03,437225.79000001424,18,294298.29000001424,-7072.5
2026-03-04,443885.79000001424,18,294298.29000001424,-412.5
2026-03-05,441995.79000001424,18,294298.29000001424,-2302.5
2026-03-06,432410.79000001424,18,294298.29000001424,-11887.5
2026-03-08,420710.79000001424,18,294298.29000001424,-23587.5
2026-03-09,436875.18000001425,21,294296.43000001425,-7421.25
2026-03-10,442020.18000001425,21,294296.43000001425,-2276.25
2026-03-11,430575.18000001425,21,294296.43000001425,-13721.25
2026-03-12,429446.43000001425,21,294296.43000001425,-14850.0
2026-03-13,421413.93000001425,21,294296.43000001425,-22882.5
2026-03-15,426427.68000001425,21,294296.43000001425,-17868.75
2026-03-16,427267.8900000143,21,294244.1400000143,-16976.25
2026-03-17,434092.8900000143,21,294244.1400000143,-10151.25
2026-03-18,422238.5200000143,22,294243.5200000143,-22005.0
2026-03-19,420726.0200000143,22,294243.5200000143,-23517.5
2026-03-20,411761.0200000143,22,294243.5200000143,-32482.5
2026-03-22,404748.5200000143,22,294243.5200000143,-39495.0
2026-03-23,413301.0200000143,22,294243.5200000143,-30942.5
2026-03-24,418251.0200000143,22,294243.5200000143,-25992.5
2026-03-25,417343.5200000143,22,294243.5200000143,-26900.0
2026-03-26,407746.0200000143,22,294243.5200000143,-36497.5
2026-03-27,390806.0200000143,22,294243.5200000143,-53437.5
2026-03-29,392043.5200000143,22,294243.5200000143,-52200.0
2026-03-30,395866.0200000143,22,294243.5200000143,-48377.5
2026-03-31,410826.0200000143,22,294243.5200000143,-33417.5
2026-04-01,406123.5200000143,22,294243.5200000143,-38120.0
2026-04-02,414456.0200000143,22,294243.5200000143,-29787.5
2026-04-03,413438.5200000143,22,294243.5200000143,-30805.0
2026-04-05,414373.5200000143,22,294243.5200000143,-29870.0
2026-04-06,415528.5200000143,22,294243.5200000143,-28715.0
2026-04-07,436703.5200000143,22,294243.5200000143,-7540.0
2026-04-08,436098.5200000143,22,294243.5200000143,-8145.0
2026-04-09,442368.5200000143,22,294243.5200000143,-1875.0
2026-04-10,442038.5200000143,22,294243.5200000143,-2205.0
2026-04-12,435246.0200000143,22,294243.5200000143,-8997.5
2026-04-13,447054.2600000144,22,297001.7600000144,52.5
2026-04-14,447475.5400000144,1,297373.0400000144,102.5
2026-04-15,448191.85000001447,3,298116.85000001447,75.0
2026-04-16,448571.2600000145,4,298363.7600000145,207.5
2026-04-17,449730.07000001456,4,299668.82000001456,61.25
2026-04-19,448830.07000001456,4,299668.82000001456,-838.75
2026-04-20,449962.5900000146,8,299666.3400000146,296.25
2026-04-21,449631.9800000146,11,299664.4800000146,-32.5
2026-04-22,450595.80000001466,11,301039.55000001466,-443.75
2026-04-23,451266.5000000147,12,301407.7500000147,-141.25
2026-04-24,453202.2100000148,12,303155.9600000148,46.25
2026-04-26,453238.4600000148,1,303155.9600000148,82.5
2026-04-27,453404.7300000148,2,303403.4800000148,1.25
2026-04-28,453670.37000001484,4,303401.62000001484,268.75
2026-04-29,454347.9300000149,6,304024.1800000149,323.75
2026-04-30,456563.070000015,6,306403.070000015,160.0
2026-05-01,455608.1300000151,8,306770.6300000151,-1162.5
2026-05-03,456358.1300000151,8,306770.6300000151,-412.5
2026-05-04,455559.4000000151,12,306768.1500000151,-1208.75
2026-05-05,458535.72000001516,12,308265.72000001516,270.0
2026-05-06,459065.1300000152,2,309011.3800000152,53.75
2026-05-07,458968.93000001524,9,309130.18000001524,-161.25
2026-05-08,460316.4800000153,9,310256.4800000153,60.0
2026-05-10,460271.4800000153,1,310256.4800000153,15.0
2026-05-11,460202.78000001534,5,310625.28000001534,-422.5
2026-05-12,461805.31000001536,11,310621.56000001536,1183.75
2026-05-13,462162.88000001543,11,312114.13000001543,48.75
2026-05-14,461953.5600000155,6,312482.3100000155,-528.75
2026-05-15,458955.4600000155,11,312479.2100000155,-3523.75
2026-05-17,457209.2100000155,11,312479.2100000155,-5270.0
2026-05-18,459017.3500000155,14,312477.3500000155,-3460.0
2026-05-19,455774.8600000155,16,312476.1100000155,-6701.25
2026-05-20,462054.8600000155,16,312476.1100000155,-421.25
2026-05-21,465108.7100000156,16,314482.4600000156,626.25
2026-05-22,465365.0600000157,6,315886.3100000157,-521.25
2026-05-24,467525.0600000157,6,315886.3100000157,1638.75
2026-05-25,467060.0600000157,6,315886.3100000157,1173.75
2026-05-26,467103.86000001576,6,316843.86000001576,260.0
2026-05-27,467403.86000001576,4,316843.86000001576,560.0
