dt,equity,qty,realized,unrealized
2019-05-05,150000.0,0,0.0,0.0
2019-05-06,150042.52,2,122.51999999999998,-80.0
2019-05-07,150158.19,11,116.93999999999994,41.25
2019-05-08,149030.69,11,116.93999999999994,-1086.25
2019-05-09,148648.21,15,114.45999999999992,-1466.25
2019-05-10,151278.22,17,113.21999999999991,1165.0
2019-05-12,148728.22,17,113.21999999999991,-1385.0
2019-05-13,145846.36,20,111.3599999999999,-4265.0
2019-05-14,148071.36,20,111.3599999999999,-2040.0
2019-05-15,148321.36,20,111.3599999999999,-1790.0
2019-05-16,152348.98,20,2606.4800000000005,-257.5
2019-05-17,152219.61,5,2605.8600000000006,-386.25
2019-05-19,152450.86,5,2605.8600000000006,-155.0
2019-05-20,152280.87,7,2604.620000000001,-323.75
2019-05-21,152648.37,7,2604.620000000001,43.75
2019-05-22,151948.37,7,2604.620000000001,-656.25
2019-05-23,151484.02,12,2601.5200000000013,-1117.5
2019-05-24,151679.02,12,2601.5200000000013,-922.5
2019-05-26,151604.02,12,2601.5200000000013,-997.5
2019-05-27,152099.02,12,2601.5200000000013,-502.5
2019-05-28,149549.65,13,2600.9000000000015,-3051.25
2019-05-29,148994.67,17,2598.420000000002,-3603.75
2019-05-30,147995.92,17,2598.420000000002,-4602.5
2019-05-31,146144.06,20,2596.560000000002,-6452.5
2019-06-02,144744.06,20,2596.560000000002,-7852.5
2019-06-03,146491.58000000002,24,2594.0800000000027,-6102.5
2019-06-04,153601.58000000002,24,2594.0800000000027,1007.5
2019-06-05,155311.58000000002,24,2594.0800000000027,2717.5
2019-06-06,155991.73,24,5994.230000000006,-2.5
2019-06-07,156249.87,2,6242.370000000006,7.5
2019-06-09,156277.37,1,6242.370000000006,35.0
2019-06-10,156366.77000000002,4,6364.270000000007,2.5
2019-06-11,156209.9,5,6363.650000000007,-153.75
2019-06-12,155983.03,6,6363.030000000007,-380.0
2019-06-13,156583.03,6,6363.030000000007,220.0
2019-06-14,156433.03,6,6363.030000000007,70.0
2019-06-16,156605.59,6,6348.090000000007,257.5
2019-06-17,156403.09,6,6348.090000000007,55.0
2019-06-18,157130.0,6,7096.250000000008,33.75
2019-06-19,157215.0,1,7096.250000000008,118.75
2019-06-20,157370.65000000002,4,7289.400000000009,81.25
2019-06-21,157295.65000000002,4,7289.400000000009,6.25
2019-06-23,157545.65000000002,4,7289.400000000009,256.25
2019-06-24,157245.65000000002,4,7289.400000000009,-43.75
2019-06-25,156730.04,7,7287.540000000009,-557.5
2019-06-26,156903.17,8,7286.920000000009,-383.75
2019-06-27,157113.17,8,7286.920000000009,-173.75
2019-06-28,157963.17,8,7286.920000000009,676.25
2019-06-30,158593.17,8,7286.920000000009,1306.25
2019-07-01,158946.98,8,8965.730000000005,-18.75
2019-07-02,159051.98,4,8965.730000000005,86.25
2019-07-03,159475.13,4,9463.880000000001,11.25
2019-07-04,159493.88,1,9463.880000000001,30.0
2019-07-05,159593.27,4,9462.019999999999,131.25
2019-07-07,159453.27,4,9462.019999999999,-8.75
2019-07-08,159083.27,4,9462.019999999999,-378.75
2019-07-09,159471.4,5,9461.399999999998,10.0
2019-07-10,160204.56999999998,5,10084.56999999999,120.0
2019-07-11,160324.56999999998,4,10084.56999999999,240.0
2019-07-12,160384.56999999998,4,10084.56999999999,300.0
2019-07-14,160459.56999999998,4,10084.56999999999,375.0
2019-07-15,160494.56999999998,4,10084.56999999999,410.0
2019-07-16,160264.56999999998,4,10084.56999999999,180.0
2019-07-17,159626.44999999998,5,10083.94999999999,-457.5
2019-07-18,160457.08,6,10083.329999999989,373.75
2019-07-19,159399.58,6,10083.329999999989,-683.75
2019-07-21,159564.58,6,10083.329999999989,-518.75
2019-07-22,160022.08,6,10083.329999999989,-61.25
2019-07-23,160502.08,6,10083.329999999989,418.75
2019-07-24,160848.99,6,10835.239999999983,13.75
2019-07-25,160877.12999999998,4,10833.379999999981,43.75
2019-07-26,161057.12999999998,4,10833.379999999981,223.75
2019-07-28,161022.12999999998,4,10833.379999999981,188.75
2019-07-29,161102.12999999998,4,10833.379999999981,268.75
2019-07-30,160972.12999999998,4,10833.379999999981,138.75
2019-07-31,160443.40999999997,10,10829.659999999976,-386.25
2019-08-01,158455.90999999997,10,10829.659999999976,-2373.75
2019-08-02,157930.90999999997,10,10829.659999999976,-2898.75
2019-08-04,156143.40999999997,10,10829.659999999976,-4686.25
2019-08-05,153205.90999999997,10,10829.659999999976,-7623.75
2019-08-06,154280.90999999997,10,10829.659999999976,-6548.75
2019-08-07,155893.40999999997,10,10829.659999999976,-4936.25
2019-08-08,157567.78999999998,11,10829.039999999975,-3261.25
2019-08-09,157399.05,13,10827.799999999974,-3428.75
2019-08-11,157480.3,13,10827.799999999974,-3347.5
2019-08-12,154854.06999999998,17,10825.31999999997,-5971.25
2019-08-13,158445.31999999998,17,10825.31999999997,-2380.0
2019-08-14,151730.31999999998,17,10825.31999999997,-9095.0
2019-08-15,154100.96999999997,22,10822.219999999967,-6721.25
2019-08-16,156795.96999999997,22,10822.219999999967,-4026.25
2019-08-18,158363.46999999997,22,10822.219999999967,-2458.75
2019-08-19,160673.46999999997,22,10822.219999999967,-148.75
2019-08-20,158418.46999999997,22,10822.219999999967,-2403.75
2019-08-21,160645.96999999997,22,10822.219999999967,-176.25
2019-08-22,161250.96999999997,22,10822.219999999967,428.75
2019-08-23,152395.96999999997,22,10822.219999999967,-8426.25
2019-08-25,151185.96999999997,22,10822.219999999967,-9636.25
2019-08-26,155805.96999999997,22,10822.219999999967,-5016.25
2019-08-27,155008.46999999997,22,10822.219999999967,-5813.75
2019-08-28,155503.46999999997,22,10822.219999999967,-5318.75
2019-08-29,161388.46999999997,22,10822.219999999967,566.25
2019-08-30,160343.46999999997,22,10822.219999999967,-478.75
2019-09-01,159023.46999999997,22,10822.219999999967,-1798.75
2019-09-02,158610.96999999997,22,10822.219999999967,-2211.25
2019-09-03,159325.96999999997,22,10822.219999999967,-1496.25
2019-09-04,165128.46999999997,22,10822.219999999967,4306.25
2019-09-05,165007.95999999996,22,14949.209999999948,58.75
2019-09-06,165030.45999999996,1,14949.209999999948,81.25
2019-09-08,165044.20999999996,1,14949.209999999948,95.0
2019-09-09,164999.20999999996,1,14949.209999999948,50.0
2019-09-10,165099.83999999994,2,14948.589999999947,151.25
2019-09-11,165329.22999999995,2,15197.979999999945,131.25
2019-09-12,165364.24999999994,3,15320.499999999942,43.75
2019-09-13,165236.74999999994,3,15320.499999999942,-83.75
2019-09-15,164978.02999999994,3,15313.029999999942,-335.0
2019-09-16,165096.15999999995,4,15312.409999999942,-216.25
2019-09-17,165181.15999999995,4,15312.409999999942,-131.25
2019-09-18,165199.91999999993,6,15311.16999999994,-111.25
2019-09-19,165544.91999999993,6,15311.16999999994,233.75
2019-09-20,164899.91999999993,6,15311.16999999994,-411.25
2019-09-22,165259.91999999993,6,15311.16999999994,-51.25
2019-09-23,165357.41999999993,6,15311.16999999994,46.25
2019-09-24,164535.54999999993,7,15310.54999999994,-775.0
2019-09-25,164763.04999999993,7,15310.54999999994,-547.5
2019-09-26,164596.80999999994,9,15309.309999999938,-712.5
2019-09-27,164259.30999999994,9,15309.309999999938,-1050.0
2019-09-29,164641.80999999994,9,15309.309999999938,-667.5
2019-09-30,165238.05999999994,9,15309.309999999938,-71.25
2019-10-01,163201.18999999994,10,15308.689999999937,-2107.5
2019-10-02,159993.70999999993,14,15306.209999999934,-5312.5
2019-10-03,162019.34999999992,17,15304.349999999931,-3285.0
2019-10-04,165674.34999999992,17,15304.349999999931,370.0
2019-10-06,164548.09999999992,17,15304.349999999931,-756.25
2019-10-07,165355.59999999992,17,15304.349999999931,51.25
2019-10-08,161403.09999999992,17,15304.349999999931,-3901.25
2019-10-09,162508.09999999992,17,15304.349999999931,-2796.25
2019-10-10,165653.09999999992,17,15304.349999999931,348.75
2019-10-11,167438.81999999992,17,17426.319999999923,12.5
2019-10-13,167516.31999999992,2,17426.319999999923,90.0
2019-10-14,167456.31999999992,2,17426.319999999923,30.0
2019-10-15,167639.45999999993,2,17674.459999999926,-35.0
2019-10-16,167648.83999999994,2,17673.839999999927,-25.0
2019-10-17,167691.33999999994,2,17673.839999999927,17.5
2019-10-18,167735.09999999992,4,17672.59999999993,62.5
2019-10-20,167860.09999999992,4,17672.59999999993,187.5
2019-10-21,168190.09999999992,4,17672.59999999993,517.5
2019-10-22,167770.76999999993,5,18169.51999999994,-398.75
2019-10-23,168239.51999999993,5,18169.51999999994,70.0
2019-10-24,168202.01999999993,5,18169.51999999994,32.5
2019-10-25,168589.51999999993,5,18169.51999999994,420.0
2019-10-27,168727.01999999993,5,18169.51999999994,557.5
2019-10-28,168927.04999999993,5,18917.049999999945,10.0
2019-10-29,168904.54999999993,1,18917.049999999945,-12.5
2019-10-30,169158.30999999994,3,18915.809999999947,242.5
2019-10-31,169185.18999999994,4,18915.189999999948,270.0
2019-11-01,169453.33999999997,4,19412.089999999953,41.25
2019-11-03,169488.33999999997,1,19412.089999999953,76.25
2019-11-04,169582.10999999996,3,19542.109999999957,40.0
2019-11-05,169424.60999999996,3,19542.109999999957,-117.5
2019-11-06,169473.98999999996,4,19541.489999999958,-67.5
2019-11-07,169593.98999999996,4,19541.489999999958,52.5
2019-11-08,169863.98999999996,4,19541.489999999958,322.5
2019-11-10,169678.98999999996,4,19541.489999999958,137.5
2019-11-11,169723.98999999996,4,19541.489999999958,182.5
2019-11-12,169824.02999999997,4,20039.029999999966,-215.0
2019-11-13,170072.15999999997,5,20038.409999999967,33.75
2019-11-14,170459.65999999997,5,20038.409999999967,421.25
2019-11-15,170677.18999999997,5,20662.189999999973,15.0
2019-11-17,170665.93999999997,1,20662.189999999973,3.75
2019-11-18,170702.18999999997,1,20662.189999999973,40.0
2019-11-19,170650.93999999997,1,20662.189999999973,-11.25
2019-11-20,170572.20999999996,5,20659.709999999977,-87.5
2019-11-21,170747.20999999996,5,20659.709999999977,87.5
2019-11-22,170847.20999999996,5,20659.709999999977,187.5
2019-11-24,170997.20999999996,5,20659.709999999977,337.5
2019-11-25,171305.99,5,21280.989999999983,25.0
2019-11-26,171362.24,1,21280.989999999983,81.25
2019-11-27,171358.5,1,21404.749999999985,-46.25
2019-11-28,171358.5,1,21404.749999999985,-46.25
2019-11-29,171339.75999999998,3,21403.509999999987,-63.75
2019-12-01,171482.25999999998,3,21403.509999999987,78.75
2019-12-02,170832.91,8,21400.409999999993,-567.5
2019-12-03,169836.03999999998,9,21399.789999999994,-1563.75
2019-12-04,170601.03999999998,9,21399.789999999994,-798.75
2019-12-05,171062.28999999998,9,21399.789999999994,-337.5
2019-12-06,172209.78999999998,9,21399.789999999994,810.0
2019-12-08,171984.78999999998,9,21399.789999999994,585.0
2019-12-09,171737.28999999998,9,21399.789999999994,337.5
2019-12-10,171636.03999999998,9,21399.789999999994,236.25
2019-12-11,172209.78999999998,9,21399.789999999994,810.0
2019-12-12,172657.34,9,22518.590000000004,138.75
2019-12-13,172647.35,1,22642.350000000006,5.0
2019-12-15,172688.61000000002,1,22639.860000000004,48.75
2019-12-16,172753.62,1,22763.620000000006,-10.0
2019-12-17,172733.0,2,22763.000000000007,-30.0
2019-12-18,172758.0,2,22763.000000000007,-5.0
2019-12-19,172895.5,2,22763.000000000007,132.5
2019-12-20,173012.39,2,23011.14000000001,1.25
2019-12-22,173031.14,1,23011.14000000001,20.0
2019-12-23,173028.64,1,23011.14000000001,17.5
2019-12-24,173022.39,1,23011.14000000001,11.25
2019-12-25,173037.39,1,23011.14000000001,26.25
2019-12-26,173134.89,1,23011.14000000001,123.75
2019-12-27,173023.66,3,23138.660000000014,-115.0
2019-12-29,173132.41,3,23138.660000000014,-6.25
2019-12-30,172878.05000000002,6,23136.800000000017,-258.75
2019-12-31,173248.68000000002,7,23136.18000000002,112.5
2020-01-01,173379.93000000002,7,23136.18000000002,243.75
2020-01-02,173906.22000000003,7,24013.720000000027,-107.5
2020-01-03,173943.10000000003,2,24013.100000000028,-70.0
2020-01-05,173868.10000000003,2,24013.100000000028,-145.0
2020-01-06,174115.60000000003,2,24013.100000000028,102.5
2020-01-07,173828.10000000003,2,24013.100000000028,-185.0
2020-01-08,174300.00000000003,3,24260.000000000033,40.0
2020-01-09,174603.75000000003,3,24260.000000000033,343.75
2020-01-10,174311.25000000003,3,24260.000000000033,51.25
2020-01-12,174461.25000000003,3,24260.000000000033,201.25
2020-01-13,174653.77000000005,3,24635.020000000037,18.75
2020-01-14,174609.40000000002,2,24634.400000000038,-25.0
2020-01-15,174781.90000000002,2,24634.400000000038,147.5
2020-01-16,174930.04000000004,2,24882.54000000004,47.5
2020-01-17,174958.79000000004,1,24882.54000000004,76.25
2020-01-19,174972.54000000004,1,24882.54000000004,90.0
2020-01-20,174898.79000000004,1,24882.54000000004,16.25
2020-01-21,175013.79000000004,1,24882.54000000004,131.25
2020-01-22,174827.56000000006,3,25005.060000000045,-177.5
2020-01-23,175227.57000000004,5,25003.820000000047,223.75
2020-01-24,174258.82000000004,5,25003.820000000047,-745.0
2020-01-26,173527.57000000004,5,25003.820000000047,-1476.25
2020-01-27,173473.21000000005,8,25001.96000000005,-1528.75
2020-01-28,174783.21000000005,8,25001.96000000005,-218.75
2020-01-29,173393.21000000005,8,25001.96000000005,-1608.75
2020-01-30,175043.21000000005,8,25001.96000000005,41.25
2020-01-31,172343.21000000005,8,25001.96000000005,-2658.75
2020-02-02,173073.21000000005,8,25001.96000000005,-1928.75
2020-02-03,173793.21000000005,8,25001.96000000005,-1208.75
2020-02-04,175073.21000000005,8,25001.96000000005,71.25
2020-02-05,176805.14000000007,8,26366.39000000006,438.75
2020-02-06,176632.64000000007,3,26366.39000000006,266.25
2020-02-07,176362.64000000007,3,26366.39000000006,-3.75
2020-02-09,176407.64000000007,3,26366.39000000006,41.25
2020-02-10,176808.91000000006,3,26738.910000000065,70.0
2020-02-11,176882.69000000006,5,26860.19000000007,22.5
2020-02-12,176963.94000000006,5,26860.19000000007,103.75
2020-02-13,177382.69000000006,5,26860.19000000007,522.5
2020-02-14,177288.94000000006,5,26860.19000000007,428.75
2020-02-16,177457.69000000006,5,26860.19000000007,597.5
2020-02-17,177088.94000000006,5,26860.19000000007,228.75
2020-02-18,177245.19000000006,5,26860.19000000007,385.0
2020-02-19,177452.7200000001,5,27485.220000000078,-32.5
2020-02-20,177104.0000000001,7,27481.500000000084,-377.5
2020-02-21,176493.39000000007,10,27479.640000000087,-986.25
2020-02-23,174330.89000000007,10,27479.640000000087,-3148.75
2020-02-24,172279.02000000008,11,27479.020000000088,-5200.0
2020-02-25,166600.27000000008,11,27479.020000000088,-10878.75
2020-02-26,161746.52000000008,11,27479.020000000088,-15732.5
2020-02-27,161155.27000000008,11,27479.020000000088,-16323.75
2020-03-01,153964.02000000008,11,27479.020000000088,-23515.0
2020-03-03,160137.77000000008,11,27479.020000000088,-17341.25
2020-03-04,163286.52000000008,11,27479.020000000088,-14192.5
2020-03-05,157277.77000000008,11,27479.020000000088,-20201.25
2020-03-06,156411.52000000008,11,27479.020000000088,-21067.5
2020-03-08,148450.27000000008,11,27479.020000000088,-29028.75
2020-03-09,148436.52000000008,11,27479.020000000088,-29042.5
2020-03-10,148092.77000000008,11,27479.020000000088,-29386.25
2020-03-11,137477.77000000008,11,27479.020000000088,-40001.25
2020-03-12,125364.02000000008,11,27479.020000000088,-52115.0
2020-03-13,139966.52000000008,11,27479.020000000088,-37512.5
2020-03-15,134617.77000000008,11,27479.020000000088,-42861.25
2020-03-16,130685.38000000009,11,27451.63000000009,-46766.25
2020-03-17,126147.88000000009,11,27451.63000000009,-51303.75
2020-03-18,119591.66000000009,17,27447.910000000094,-57856.25
2020-03-19,127007.91000000009,17,27447.910000000094,-50440.0
2020-03-20,117976.66000000009,17,27447.910000000094,-59471.25
2020-03-22,112196.66000000009,17,27447.910000000094,-65251.25
2020-03-23,122048.59000000011,28,27441.090000000106,-55392.5
2020-03-24,139758.5900000001,28,27441.090000000106,-37682.5
2020-03-25,147143.5900000001,28,27441.090000000106,-30297.5
2020-03-26,164258.5900000001,28,27441.090000000106,-13182.5
2020-03-27,155893.5900000001,28,27441.090000000106,-21547.5
2020-03-29,154948.5900000001,28,27441.090000000106,-22492.5
2020-03-30,169578.5900000001,28,27441.090000000106,-7862.5
2020-03-31,157083.5900000001,28,27441.090000000106,-20357.5
2020-04-01,150503.5900000001,28,27441.090000000106,-26937.5
2020-04-02,151868.5900000001,28,27441.090000000106,-25572.5
2020-04-03,150328.5900000001,28,27441.090000000106,-27112.5
2020-04-05,162403.5900000001,28,27441.090000000106,-15037.5
2020-04-06,170803.5900000001,28,27441.090000000106,-6637.5
2020-04-07,184213.28000000003,28,37718.28000000003,-3505.0
2020-04-08,190245.27999999997,17,40206.52999999996,38.75
2020-04-09,191628.5199999999,9,41381.0199999999,247.5
2020-04-12,189479.7699999999,9,41381.0199999999,-1901.25
2020-04-13,193934.79999999987,15,41377.29999999989,2557.5
2020-04-14,195548.7099999998,15,45671.2099999998,-122.5
2020-04-15,194433.10999999978,8,45668.10999999979,-1235.0
2020-04-16,198973.10999999978,8,45668.10999999979,3305.0
2020-04-17,198693.20999999973,8,48659.45999999974,33.75
2020-04-19,198715.70999999973,2,48659.45999999974,56.25
2020-04-20,197480.09999999974,5,48657.59999999973,-1177.5
2020-04-21,196083.88999999972,13,48652.63999999971,-2568.75
2020-04-22,199919.59999999966,13,50282.099999999664,-362.5
2020-04-23,199699.64999999964,6,50778.39999999964,-1078.75
2020-04-24,201529.05999999962,6,51525.30999999962,3.75
2020-04-26,201604.05999999962,1,51525.30999999962,78.75
2020-04-27,201742.2199999996,2,51897.2199999996,-155.0
2020-04-28,203093.52999999956,10,52252.27999999957,841.25
2020-04-29,204326.10999999952,10,54046.10999999953,280.0
2020-04-30,202383.0099999995,7,54043.009999999515,-1660.0
2020-05-01,200252.4199999995,14,54038.669999999496,-3786.25
2020-05-03,199464.9199999995,14,54038.669999999496,-4573.75
2020-05-04,202449.9299999995,16,54037.42999999949,-1587.5
2020-05-05,205665.03999999943,16,56036.28999999943,-371.25
2020-05-06,205445.6799999994,9,56034.429999999425,-588.75
2020-05-07,207984.4999999994,9,57158.24999999939,826.25
2020-05-08,208100.79999999935,5,58085.79999999936,15.0
2020-05-10,208158.29999999935,1,58085.79999999936,72.5
2020-05-11,207983.92999999935,2,58085.17999999936,-101.25
2020-05-12,205055.88999999932,15,58325.889999999315,-3270.0
2020-05-13,201617.1899999993,25,58319.68999999929,-6702.5
2020-05-14,207545.95999999926,29,58317.20999999928,-771.25
2020-05-15,208524.70999999926,29,58317.20999999928,207.5
2020-05-17,212077.20999999926,29,58317.20999999928,3760.0
2020-05-18,218967.37999999925,29,69104.87999999926,-137.5
2020-05-19,219082.39999999927,7,69102.39999999928,-20.0
2020-05-20,219889.3199999993,7,69978.06999999932,-88.75
2020-05-21,219189.95999999932,5,69976.20999999934,-786.25
2020-05-22,220230.58999999933,6,69975.58999999934,255.0
2020-05-24,220403.08999999933,6,69975.58999999934,427.5
2020-05-25,221543.08999999933,6,69975.58999999934,1567.5
2020-05-26,222380.64999999938,6,72015.6499999994,365.0
2020-05-27,223212.58999999944,9,73138.83999999946,73.75
2020-05-28,222818.9099999995,9,73505.15999999952,-686.25
2020-05-29,224947.04999999952,12,73503.29999999954,1443.75
2020-05-31,223687.04999999952,12,73503.29999999954,183.75
2020-06-01,224843.3699999996,12,74998.3699999996,-155.0
2020-06-02,225460.2499999996,3,74997.7499999996,462.5
2020-06-03,225660.90999999963,3,75787.15999999964,-126.25
2020-06-04,226339.67999999964,6,75784.67999999966,555.0
2020-06-05,227688.4899999997,6,77784.73999999971,-96.25
2020-06-07,227858.4899999997,4,77784.73999999971,73.75
2020-06-08,228317.88999999972,4,78285.38999999974,32.5
2020-06-09,228590.39999999973,3,78284.14999999975,306.25
2020-06-10,227652.9599999998,5,78904.2099999998,-1251.25
2020-06-11,224902.9599999998,5,78904.2099999998,-4001.25
2020-06-12,224684.2099999998,5,78904.2099999998,-4220.0
2020-06-14,223734.2099999998,5,78904.2099999998,-5170.0
2020-06-15,227121.1499999998,6,78888.6499999998,-1767.5
2020-06-16,227173.6499999998,6,78888.6499999998,-1715.0
2020-06-17,226513.6499999998,6,78888.6499999998,-2375.0
2020-06-18,227076.1499999998,6,78888.6499999998,-1812.5
2020-06-19,225643.6499999998,6,78888.6499999998,-3245.0
2020-06-21,226288.6499999998,6,78888.6499999998,-2600.0
2020-06-22,227248.6499999998,6,78888.6499999998,-1640.0
2020-06-23,227503.6499999998,6,78888.6499999998,-1385.0
2020-06-24,224961.1499999998,6,78888.6499999998,-3927.5
2020-06-25,226633.6599999998,8,78887.40999999981,-2253.75
2020-06-26,223848.67999999982,12,78884.92999999983,-5036.25
2020-06-28,223923.67999999982,12,78884.92999999983,-4961.25
2020-06-29,226833.67999999982,12,78884.92999999983,-2051.25
2020-06-30,228753.67999999982,12,78884.92999999983,-131.25
2020-07-01,230360.6299999999,12,80379.3799999999,-18.75
2020-07-02,230743.16999999993,5,80891.91999999994,-148.75
2020-07-03,230480.66999999993,5,80891.91999999994,-411.25
2020-07-05,231743.16999999993,5,80891.91999999994,851.25
2020-07-06,231700.07999999996,5,81670.07999999997,30.0
2020-07-07,231430.09999999998,6,81667.59999999999,-237.5
2020-07-08,232248.22999999998,7,81666.98,581.25
2020-07-09,231615.75,11,81664.50000000001,-48.75
2020-07-10,233128.31000000006,11,83038.31000000007,90.0
2020-07-12,233190.81000000006,1,83038.31000000007,152.5
2020-07-13,231120.92000000016,15,83595.92000000017,-2475.0
2020-07-14,235811.55000000016,16,83595.30000000018,2216.25
2020-07-15,236801.03000000026,16,86998.53000000028,-197.5
2020-07-16,236831.66000000027,6,86997.91000000028,-166.25
2020-07-17,237139.16000000027,6,86997.91000000028,141.25
2020-07-19,236876.66000000027,6,86997.91000000028,-121.25
2020-07-20,237818.5700000003,6,87749.82000000031,68.75
2020-07-21,238097.97000000032,4,87882.97000000034,215.0
2020-07-22,238167.97000000032,4,87882.97000000034,285.0
2020-07-23,236960.49000000034,8,87880.49000000035,-920.0
2020-07-24,236467.38000000035,11,87878.63000000037,-1411.25
2020-07-26,237388.63000000035,11,87878.63000000037,-490.0
2020-07-27,238172.38000000035,11,87878.63000000037,293.75
2020-07-28,236866.13000000035,11,87878.63000000037,-1012.5
2020-07-29,239203.0700000004,11,89250.57000000043,-47.5
2020-07-30,240048.75000000047,6,89997.50000000048,51.25
2020-07-31,240798.81000000052,6,90742.56000000054,56.25
2020-08-02,240760.06000000052,1,90742.56000000054,17.5
2020-08-03,240893.82000000053,1,90866.32000000055,27.5
2020-08-04,240971.32000000053,1,90866.32000000055,105.0
2020-08-05,241050.08000000054,1,91031.33000000055,18.75
2020-08-06,241096.34000000055,1,91155.09000000056,-58.75
2020-08-07,241386.35000000056,3,91153.85000000057,232.5
2020-08-09,241427.60000000056,3,91153.85000000057,273.75
2020-08-10,241597.00000000058,3,91525.7500000006,71.25
2020-08-11,241283.2700000006,6,91523.27000000062,-240.0
2020-08-12,242241.44000000064,6,92267.69000000066,-26.25
2020-08-13,242372.07000000065,4,92267.07000000066,105.0
2020-08-14,242192.07000000065,4,92267.07000000066,-75.0
2020-08-16,242347.07000000065,4,92267.07000000066,80.0
2020-08-17,242522.07000000065,4,92267.07000000066,255.0
2020-08-18,242767.07000000065,4,92267.07000000066,500.0
2020-08-19,242107.7400000007,5,92761.4900000007,-653.75
2020-08-20,243129.6200000007,6,92760.87000000071,368.75
2020-08-21,243204.6200000007,6,92760.87000000071,443.75
2020-08-23,243497.1200000007,6,92760.87000000071,736.25
2020-08-24,244469.04000000074,6,94061.54000000075,407.5
2020-08-25,244447.81000000075,3,94436.56000000077,11.25
2020-08-26,244604.07000000076,1,94560.32000000078,43.75
2020-08-27,245152.2200000008,4,94682.2200000008,470.0
2020-08-28,245152.2200000008,4,94682.2200000008,470.0
2020-08-30,245482.2200000008,4,94682.2200000008,800.0
2020-08-31,245159.13000000082,4,95177.88000000083,-18.75
2020-09-01,245669.13000000082,3,95177.88000000083,491.25
2020-09-02,246235.45000000088,3,96315.4500000009,-80.0
2020-09-03,242025.4700000009,7,96312.97000000092,-4287.5
2020-09-04,241062.9700000009,7,96312.97000000092,-5250.0
2020-09-06,241036.7200000009,7,96312.97000000092,-5276.25
2020-09-07,241517.9700000009,7,96312.97000000092,-4795.0
2020-09-08,238300.4800000009,9,96311.73000000093,-8011.25
2020-09-09,240561.7300000009,9,96311.73000000093,-5750.0
2020-09-10,239155.4800000009,9,96311.73000000093,-7156.25
2020-09-11,238199.2300000009,9,96311.73000000093,-8112.5
2020-09-13,239841.82000000094,9,96289.32000000092,-6447.5
2020-09-14,240483.07000000094,9,96289.32000000092,-5806.25
2020-09-15,241551.82000000094,9,96289.32000000092,-4737.5
2020-09-16,238953.07000000094,9,96289.32000000092,-7336.25
2020-09-17,239029.95000000094,10,96288.70000000093,-7258.75
2020-09-18,238186.23000000097,16,96284.98000000096,-8098.75
2020-09-20,237506.23000000097,16,96284.98000000096,-8778.75
2020-09-21,235500.010000001,22,96281.26000000098,-10781.25
2020-09-22,238387.510000001,22,96281.26000000098,-7893.75
2020-09-23,230852.510000001,22,96281.26000000098,-15428.75
2020-09-24,233746.900000001,25,96279.400000001,-12532.5
2020-09-25,238090.650000001,25,96279.400000001,-8188.75
2020-09-27,239934.400000001,25,96279.400000001,-6345.0
2020-09-28,246715.650000001,25,96279.400000001,436.25
2020-09-29,241809.400000001,25,96279.400000001,-4470.0
2020-09-30,249912.69000000117,25,99413.94000000115,498.75
2020-10-01,250245.26000000123,8,100414.01000000122,-168.75
2020-10-02,249878.39000000124,7,100413.39000000122,-535.0
2020-10-04,250307.14000000124,7,100413.39000000122,-106.25
2020-10-05,251502.19000000128,7,101289.69000000127,212.5
2020-10-06,250744.75000000134,9,101659.75000000132,-915.0
2020-10-07,252846.05000000139,9,102786.05000000137,60.0
2020-10-08,253212.9400000014,2,102909.19000000138,303.75
2020-10-09,253420.46000000142,2,103202.9600000014,217.5
2020-10-11,253427.96000000142,2,103202.9600000014,225.0
2020-10-12,253739.86000000144,2,103742.36000000143,-2.5
2020-10-13,254048.01000000146,6,103739.26000000145,308.75
2020-10-14,252283.65000000148,9,103737.40000000146,-1453.75
2020-10-15,252933.03000000148,10,103736.78000000147,-803.75
2020-10-16,252370.53000000148,10,103736.78000000147,-1366.25
2020-10-18,253370.53000000148,10,103736.78000000147,-366.25
2020-10-19,251333.0500000015,14,103734.30000000149,-2401.25
2020-10-20,252523.0500000015,14,103734.30000000149,-1211.25
2020-10-21,249145.5500000015,14,103734.30000000149,-4588.75
2020-10-22,252606.1800000015,15,103733.68000000149,-1127.5
2020-10-23,252624.9300000015,15,103733.68000000149,-1108.75
2020-10-25,251143.6800000015,15,103733.68000000149,-2590.0
2020-10-26,249191.85000000155,24,103728.10000000153,-4536.25
2020-10-27,245261.85000000155,24,103728.10000000153,-8466.25
2020-10-28,236996.8900000016,32,103723.14000000157,-16726.25
2020-10-29,233316.8900000016,32,103723.14000000157,-20406.25
2020-10-30,233996.8900000016,32,103723.14000000157,-19726.25
2020-11-01,232516.8900000016,32,103723.14000000157,-21206.25
2020-11-02,239356.8900000016,32,103723.14000000157,-14366.25
2020-11-03,252116.8900000016,32,103723.14000000157,-1606.25
2020-11-04,258209.58000000176,32,107733.33000000175,476.25
2020-11-05,258855.2600000018,6,109152.7600000018,-297.5
2020-11-06,259579.02000000182,5,109151.52000000181,427.5
2020-11-08,260866.52000000182,5,109151.52000000181,1715.0
2020-11-09,257095.9900000019,14,112823.4900000019,-5727.5
2020-11-10,259569.13000000193,17,112821.63000000191,-3252.5
2020-11-11,259144.13000000193,17,112821.63000000191,-3677.5
2020-11-12,258648.51000000193,18,112821.01000000192,-4172.5
2020-11-13,262968.51000000193,18,112821.01000000192,147.5
2020-11-15,265533.51000000193,18,112821.01000000192,2712.5
2020-11-16,265589.240000002,18,115542.99000000201,46.25
2020-11-17,265546.75000000204,5,115541.75000000202,5.0
2020-11-18,264391.77000000206,9,115539.27000000204,-1147.5
2020-11-19,264650.53000000207,11,115538.03000000205,-887.5
2020-11-20,263894.28000000207,11,115538.03000000205,-1643.75
2020-11-22,264568.03000000207,11,115538.03000000205,-970.0
2020-11-23,266809.28000000207,11,115538.03000000205,1271.25
2020-11-24,267142.48000000214,11,117034.98000000212,107.5
2020-11-25,267148.74000000214,4,117033.74000000213,115.0
2020-11-26,267023.74000000214,4,117033.74000000213,-10.0
2020-11-27,267278.74000000214,4,117033.74000000213,245.0
2020-11-29,266928.74000000214,4,117033.74000000213,-105.0
2020-11-30,268318.13000000216,7,117031.88000000214,1286.25
2020-12-01,268403.8000000022,7,118417.55000000219,-13.75
2020-12-02,268570.6800000022,3,118416.93000000219,153.75
2020-12-03,268836.34000000224,4,118787.59000000222,48.75
2020-12-04,269261.99000000226,4,119288.24000000225,-26.25
2020-12-06,269258.24000000226,1,119288.24000000225,-30.0
2020-12-07,269158.25000000227,3,119287.00000000226,-128.75
2020-12-08,269777.6300000023,4,119286.38000000226,491.25
2020-12-09,269095.1400000023,6,119285.14000000227,-190.0
2020-12-10,268827.0200000023,7,119284.52000000227,-457.5
2020-12-11,269033.2900000023,11,119282.0400000023,-248.75
2020-12-13,270105.9000000023,11,119254.6500000023,851.25
2020-12-14,269682.2500000024,11,120629.75000000239,-947.5
2020-12-15,271765.43000000244,9,121756.68000000244,8.75
2020-12-16,271937.93000000244,2,121756.68000000244,181.25
2020-12-17,271966.08000000246,3,122019.83000000246,-53.75
2020-12-18,272840.4800000025,8,122016.73000000248,823.75
2020-12-20,272240.4800000025,8,122016.73000000248,223.75
2020-12-21,271252.3600000025,9,122016.11000000249,-763.75
2020-12-22,271117.3600000025,9,122016.11000000249,-898.75
2020-12-23,271848.6100000025,9,122016.11000000249,-167.5
2020-12-24,272073.6100000025,9,122016.11000000249,57.5
2020-12-27,273164.8600000025,9,122016.11000000249,1148.75
2020-12-28,273511.16000000254,9,123406.16000000254,105.0
2020-12-29,273551.19000000256,5,123527.44000000256,23.75
2020-12-30,273319.94000000256,5,123527.44000000256,-207.5
2020-12-31,273944.94000000256,5,123527.44000000256,417.5
2021-01-03,273932.44000000256,5,123527.44000000256,405.0
2021-01-04,272150.64000000263,10,124173.14000000263,-2022.5
2021-01-05,272225.64000000263,10,124173.14000000263,-1947.5
2021-01-06,275728.8500000027,11,125543.85000000271,185.0
2021-01-07,276271.38000000274,5,126168.88000000274,102.5
2021-01-08,277170.2100000028,7,127161.46000000281,8.75
2021-01-10,277026.4600000028,1,127161.46000000281,-135.0
2021-01-11,277055.8400000028,2,127160.84000000282,-105.0
2021-01-12,277448.3500000028,4,127159.60000000283,288.75
2021-01-13,277741.51000000286,4,127659.01000000286,82.5
2021-01-14,277084.02000000287,5,127657.77000000287,-573.75
2021-01-15,275993.4200000029,10,127654.6700000029,-1661.25
2021-01-17,276393.4200000029,10,127654.6700000029,-1261.25
2021-01-18,278155.9200000029,10,127654.6700000029,501.25
2021-01-19,278368.4200000029,10,127654.6700000029,713.75
2021-01-20,279659.11000000295,10,129560.36000000295,98.75
2021-01-21,279556.61000000295,1,129560.36000000295,-3.75
2021-01-22,279540.99000000296,2,129559.74000000296,-18.75
2021-01-24,279730.99000000296,2,129559.74000000296,171.25
2021-01-25,280266.69000000303,7,130425.44000000303,-158.75
2021-01-26,280469.85000000306,4,130798.60000000306,-328.75
2021-01-27,277257.3700000031,8,130796.12000000308,-3538.75
2021-01-28,277567.3700000031,8,130796.12000000308,-3228.75
2021-01-29,274926.1400000031,12,130793.6400000031,-5867.5
2021-01-31,276516.1400000031,12,130793.6400000031,-4277.5
2021-02-01,280356.1400000031,12,130793.6400000031,-437.5
2021-02-02,282361.83000000316,12,132298.08000000316,63.75
2021-02-03,282291.21000000316,2,132297.46000000316,-6.25
2021-02-04,282686.8600000032,2,132670.6100000032,16.25
2021-02-05,282759.3600000032,1,132670.6100000032,88.75
2021-02-07,282821.8600000032,1,132670.6100000032,151.25
2021-02-08,282943.7500000032,2,132812.5000000032,131.25
2021-02-09,283063.7500000032,2,132812.5000000032,251.25
2021-02-10,283158.80000000325,8,133102.55000000325,56.25
2021-02-11,283008.80000000325,8,133102.55000000325,-93.75
2021-02-12,284124.4700000033,8,134103.2200000033,21.25
2021-02-14,284178.2200000033,1,134103.2200000033,75.0
2021-02-15,284236.9700000033,1,134103.2200000033,133.75
2021-02-16,284103.2300000033,3,134101.9800000033,1.25
2021-02-17,284164.4900000033,5,134100.7400000033,63.75
2021-02-18,283771.3800000033,8,134098.88000000332,-327.5
2021-02-19,283841.3800000033,8,134098.88000000332,-257.5
2021-02-21,283721.3800000033,8,134098.88000000332,-377.5
2021-02-22,283737.0100000033,9,134098.26000000333,-361.25
2021-02-23,284346.42000000336,16,134093.92000000336,252.5
2021-02-24,286209.63000000344,16,136095.88000000344,113.75
2021-02-25,283714.03000000346,6,136092.78000000346,-2378.75
2021-02-26,283474.03000000346,6,136092.78000000346,-2618.75
2021-02-28,284374.03000000346,6,136092.78000000346,-1718.75
2021-03-01,285799.03000000346,6,136092.78000000346,-293.75
2021-03-02,285817.7900000035,8,136091.54000000347,-273.75
2021-03-03,280527.2000000035,15,136087.2000000035,-5560.0
2021-03-04,277602.2000000035,15,136087.2000000035,-8485.0
2021-03-05,283995.9500000035,15,136087.2000000035,-2091.25
2021-03-07,283077.2000000035,15,136087.2000000035,-3010.0
2021-03-08,284783.4500000035,15,136087.2000000035,-1303.75
2021-03-09,287628.5500000036,15,137958.5500000036,-330.0
2021-03-10,288915.47000000364,5,138579.22000000364,336.25
2021-03-11,289273.0200000037,4,139214.2700000037,58.75
2021-03-12,289410.5300000037,6,139213.0300000037,197.5
2021-03-14,289560.5900000037,6,139198.0900000037,362.5
2021-03-15,289980.0000000037,6,139946.25000000373,33.75
2021-03-16,289951.88000000373,2,139945.63000000373,6.25
2021-03-17,290455.67000000377,4,140441.92000000377,13.75
2021-03-18,289366.3300000038,9,140437.5800000038,-1071.25
2021-03-19,288987.6000000038,13,140435.10000000382,-1447.5
2021-03-21,289036.3500000038,13,140435.10000000382,-1398.75
2021-03-22,291850.1800000039,13,142065.1800000039,-215.0
2021-03-23,291315.2100000039,9,142061.46000000392,-746.25
2021-03-24,290825.85000000393,12,142059.60000000393,-1233.75
2021-03-25,293447.12000000395,16,142057.12000000395,1390.0
2021-03-26,294674.1300000041,16,144679.13000000408,-5.0
2021-03-28,294594.1300000041,1,144679.13000000408,-85.0
2021-03-29,295095.4000000041,5,144676.6500000041,418.75
2021-03-30,294720.4000000041,5,144676.6500000041,43.75
2021-03-31,295272.31000000413,5,145297.31000000413,-25.0
2021-04-01,295649.20000000414,2,145545.45000000414,103.75
2021-04-02,295702.95000000414,1,145545.45000000414,157.5
2021-04-04,295706.70000000414,1,145545.45000000414,161.25
2021-04-05,295847.97000000416,1,145879.22000000416,-31.25
2021-04-06,295899.85000000417,2,145878.60000000417,21.25
2021-04-07,296122.35000000417,2,145878.60000000417,243.75
2021-04-08,296160.4900000042,2,146127.99000000418,32.5
2021-04-09,296248.0000000042,1,146251.7500000042,-3.75
2021-04-11,296219.2500000042,1,146251.7500000042,-32.5
2021-04-12,296339.8800000042,2,146251.1300000042,88.75
2021-04-13,296474.9000000042,2,146499.9000000042,-25.0
2021-04-14,296415.5400000042,5,146498.04000000423,-82.5
2021-04-15,297145.57000000426,5,147124.32000000426,21.25
2021-04-16,297276.8400000043,3,147249.34000000427,27.5
2021-04-18,297243.0900000043,3,147249.34000000427,-6.25
2021-04-19,297339.9800000043,6,147247.4800000043,92.5
2021-04-20,295770.0100000043,12,147243.76000000432,-1473.75
2021-04-21,298155.0100000043,12,147243.76000000432,911.25
2021-04-22,298389.4700000044,12,148744.4700000044,-355.0
2021-04-23,299302.6300000044,5,149366.38000000443,-63.75
2021-04-25,299387.6300000044,2,149366.38000000443,21.25
2021-04-26,299467.6300000044,2,149366.38000000443,101.25
2021-04-27,299477.6300000044,2,149366.38000000443,111.25
2021-04-28,299627.6300000044,2,149366.38000000443,261.25
2021-04-29,299567.03000000445,3,149707.03000000445,-140.0
2021-04-30,299437.04000000446,5,149705.79000000446,-268.75
2021-05-02,299630.79000000446,5,149705.79000000446,-75.0
2021-05-03,299293.29000000446,5,149705.79000000446,-412.5
2021-05-04,299682.0700000045,11,149702.0700000045,-20.0
2021-05-05,298939.5700000045,11,149702.0700000045,-762.5
2021-05-06,301088.38000000454,11,151077.13000000454,11.25
2021-05-07,301262.77000000456,2,151200.27000000456,62.5
2021-05-09,301327.77000000456,2,151200.27000000456,127.5
2021-05-10,299616.5500000046,8,151196.5500000046,-1580.0
2021-05-11,297735.3100000046,10,151195.3100000046,-3460.0
2021-05-12,295410.3100000046,10,151195.3100000046,-5785.0
2021-05-13,298072.8100000046,10,151195.3100000046,-3122.5
2021-05-14,300497.8100000046,10,151195.3100000046,-697.5
2021-05-16,299710.3100000046,10,151195.3100000046,-1485.0
2021-05-17,300285.3100000046,10,151195.3100000046,-910.0
2021-05-18,297273.4400000046,11,151194.6900000046,-3921.25
2021-05-19,297618.4500000046,13,151193.4500000046,-3575.0
2021-05-20,300852.2000000046,13,151193.4500000046,-341.25
2021-05-21,300819.7000000046,13,151193.4500000046,-373.75
2021-05-23,301177.2000000046,13,151193.4500000046,-16.25
2021-05-24,302876.0200000047,13,152809.77000000468,66.25
2021-05-25,302925.4000000047,2,152809.15000000468,116.25
2021-05-26,302835.4000000047,2,152809.15000000468,26.25
2021-05-27,303087.9000000047,2,152809.15000000468,278.75
2021-05-28,303011.6700000047,2,153067.9200000047,-56.25
2021-05-30,303046.6700000047,2,153067.9200000047,-21.25
2021-05-31,302994.1700000047,2,153067.9200000047,-73.75
2021-06-01,302976.6800000047,4,153066.6800000047,-90.0
2021-06-02,303176.6800000047,4,153066.6800000047,110.0
2021-06-03,303096.0700000047,7,153064.82000000472,31.25
2021-06-04,304067.99000000476,7,153939.24000000476,128.75
2021-06-06,304020.49000000476,2,153939.24000000476,81.25
2021-06-07,304062.99000000476,2,153939.24000000476,123.75
2021-06-08,304055.49000000476,2,153939.24000000476,116.25
2021-06-09,304035.49000000476,2,153939.24000000476,96.25
2021-06-10,304378.0200000048,4,154186.7700000048,191.25
2021-06-11,304468.0200000048,4,154186.7700000048,281.25
2021-06-13,304553.0600000048,4,154176.8100000048,376.25
2021-06-14,304701.21000000485,4,154674.96000000482,26.25
2021-06-15,304615.60000000487,4,154673.10000000484,-57.5
2021-06-16,303596.2400000049,7,154671.24000000485,-1075.0
2021-06-17,304234.9900000049,7,154671.24000000485,-436.25
2021-06-18,301316.2500000049,9,154670.00000000486,-3353.75
2021-06-20,300866.2500000049,9,154670.00000000486,-3803.75
2021-06-21,304860.0000000049,9,154670.00000000486,190.0
2021-06-22,305839.43000000494,9,155798.1800000049,41.25
2021-06-23,305839.43000000494,2,155798.1800000049,41.25
2021-06-24,306046.93000000494,2,155798.1800000049,248.75
2021-06-25,306093.82000000495,2,156050.07000000493,43.75
2021-06-27,306087.57000000495,1,156050.07000000493,37.5
2021-06-28,306087.57000000495,1,156050.07000000493,37.5
2021-06-29,306205.090000005,3,156172.59000000494,32.5
2021-06-30,306332.590000005,3,156172.59000000494,160.0
2021-07-01,306553.860000005,3,156547.61000000496,6.25
2021-07-02,306683.870000005,1,156671.37000000497,12.5
2021-07-04,306673.870000005,1,156671.37000000497,2.5
2021-07-05,306701.370000005,1,156671.37000000497,30.0
2021-07-06,306968.270000005,6,156668.270000005,300.0
2021-07-07,307354.56000000506,6,157413.31000000503,-58.75
2021-07-08,307064.5700000051,4,157412.07000000504,-347.5
2021-07-09,307960.2200000051,4,157911.47000000507,48.75
2021-07-11,307910.2200000051,1,157911.47000000507,-1.25
2021-07-12,308033.9800000051,1,158035.23000000507,-1.25
2021-07-13,307865.2400000051,3,158033.99000000508,-168.75
2021-07-14,307966.4900000051,3,158033.99000000508,-67.5
2021-07-15,307820.26000000513,7,158031.5100000051,-211.25
2021-07-16,306525.28000000515,11,158029.03000000512,-1503.75
2021-07-18,305755.28000000515,11,158029.03000000512,-2273.75
2021-07-19,303231.54000000516,13,158027.79000000513,-4796.25
2021-07-20,306757.79000000516,13,158027.79000000513,-1270.0
2021-07-21,309357.79000000516,13,158027.79000000513,1330.0
2021-07-22,310038.50000000524,13,159656.0000000052,382.5
2021-07-23,310457.9200000053,4,160467.92000000525,-10.0
2021-07-25,310410.4200000053,1,160467.92000000525,-57.5
2021-07-26,310500.4200000053,1,160467.92000000525,32.5
2021-07-27,310426.6900000053,5,160465.44000000527,-38.75
2021-07-28,310357.9400000053,5,160465.44000000527,-107.5
2021-07-29,310590.48000000534,5,161090.4800000053,-500.0
2021-07-30,310888.61000000534,4,161089.8600000053,-201.25
2021-08-01,311213.61000000534,4,161089.8600000053,123.75
2021-08-02,310754.24000000535,5,161089.24000000532,-335.0
2021-08-03,311724.25000000536,7,161088.00000000533,636.25
2021-08-04,311435.50000000536,7,161088.00000000533,347.5
2021-08-05,311973.0400000054,7,161964.29000000536,8.75
2021-08-06,312025.5400000054,1,161964.29000000536,61.25
2021-08-08,311976.7900000054,1,161964.29000000536,12.5
2021-08-09,311968.0400000054,1,161964.29000000536,3.75
2021-08-10,312005.5400000054,1,161964.29000000536,41.25
2021-08-11,312084.2900000054,1,161964.29000000536,120.0
2021-08-12,312141.8000000054,1,162088.05000000537,53.75
2021-08-13,312171.8000000054,1,162088.05000000537,83.75
2021-08-15,312129.3000000054,1,162088.05000000537,41.25
2021-08-16,312325.5700000054,2,162335.5700000054,-10.0
2021-08-17,312299.33000000543,3,162334.3300000054,-35.0
2021-08-18,310632.49000000546,10,162329.99000000543,-1697.5
2021-08-19,310844.99000000546,10,162329.99000000543,-1485.0
2021-08-20,312932.49000000546,10,162329.99000000543,602.5
2021-08-22,313694.99000000546,10,162329.99000000543,1365.0
2021-08-23,313928.8100000055,10,163911.3100000055,17.5
2021-08-24,313886.3100000055,2,163911.3100000055,-25.0
2021-08-25,313961.3100000055,2,163911.3100000055,50.0
2021-08-26,313907.57000000554,4,163910.0700000055,-2.5
2021-08-27,314496.35000000556,4,164408.85000000554,87.5
2021-08-29,314511.35000000556,2,164408.85000000554,102.5
2021-08-30,314688.2400000056,2,164656.99000000555,31.25
2021-08-31,314842.0000000056,3,164655.75000000556,186.25
2021-09-01,314643.2500000056,3,164655.75000000556,-12.5
2021-09-02,315007.0000000056,3,164655.75000000556,351.25
2021-09-03,314864.5000000056,3,164655.75000000556,208.75
2021-09-05,314857.0000000056,3,164655.75000000556,201.25
2021-09-06,314943.2500000056,3,164655.75000000556,287.5
2021-09-07,314635.7500000056,3,164655.75000000556,-20.0
2021-09-08,314312.6400000056,6,164653.89000000557,-341.25
2021-09-09,314373.2700000056,7,164653.27000000558,-280.0
2021-09-10,312642.05000000563,13,164649.5500000056,-2007.5
2021-09-12,312869.68000000564,13,164617.1800000056,-1747.5
2021-09-13,313998.44000000565,15,164615.94000000562,-617.5
2021-09-14,311906.57000000565,16,164615.32000000562,-2708.75
2021-09-15,314126.57000000565,16,164615.32000000562,-488.75
2021-09-16,313806.57000000565,16,164615.32000000562,-808.75
2021-09-17,309165.96000000567,19,164613.46000000564,-5447.5
2021-09-19,307265.96000000567,19,164613.46000000564,-7347.5
2021-09-20,305927.8400000057,20,164612.84000000564,-8685.0
2021-09-21,303202.8400000057,20,164612.84000000564,-11410.0
2021-09-22,308052.8400000057,20,164612.84000000564,-6560.0
2021-09-23,312677.8400000057,20,164612.84000000564,-1935.0
2021-09-24,313252.8400000057,20,164612.84000000564,-1360.0
2021-09-26,314802.8400000057,20,164612.84000000564,190.0
2021-09-27,311777.8400000057,20,164612.84000000564,-2835.0
2021-09-28,305202.8400000057,20,164612.84000000564,-9410.0
2021-09-29,305927.8400000057,20,164612.84000000564,-8685.0
2021-09-30,294835.9800000057,23,164610.98000000566,-19775.0
2021-10-01,303978.4800000057,23,164610.98000000566,-10632.5
2021-10-03,301592.2300000057,23,164610.98000000566,-13018.75
2021-10-04,297914.7700000057,31,164606.0200000057,-16691.25
2021-10-05,300898.5200000057,31,164606.0200000057,-13707.5
2021-10-06,309966.0200000057,31,164606.0200000057,-4640.0
2021-10-07,312446.0200000057,31,164606.0200000057,-2160.0
2021-10-08,310702.2700000057,31,164606.0200000057,-3903.75
2021-10-10,309423.5200000057,31,164606.0200000057,-5182.5
2021-10-11,302642.2700000057,31,164606.0200000057,-11963.75
2021-10-12,303611.0200000057,31,164606.0200000057,-10995.0
2021-10-13,308997.2700000057,31,164606.0200000057,-5608.75
2021-10-14,318615.5600000059,31,168470.56000000585,145.0
2021-10-15,318794.9500000059,2,168718.70000000586,76.25
2021-10-17,318768.7000000059,1,168718.70000000586,50.0
2021-10-18,318993.7200000059,2,168967.47000000588,26.25
2021-10-19,319159.9800000059,1,169091.2300000059,68.75
2021-10-20,319218.12000000593,2,169214.3700000059,3.75
2021-10-21,319388.12000000593,2,169214.3700000059,173.75
2021-10-22,319418.78000000597,5,169461.28000000594,-42.5
2021-10-24,319656.28000000597,5,169461.28000000594,195.0
2021-10-25,320145.060000006,5,170083.81000000596,61.25
2021-10-26,320052.590000006,5,170205.090000006,-152.5
2021-10-27,319745.73000000603,8,170203.230000006,-457.5
2021-10-28,321073.2800000061,8,171199.53000000605,-126.25
2021-10-29,321545.1600000061,3,171198.91000000606,346.25
2021-10-31,321605.1600000061,3,171198.91000000606,406.25
2021-11-01,321608.3200000061,4,171619.5700000061,-11.25
2021-11-02,322110.22000000614,4,172120.2200000061,-10.0
2021-11-03,322402.74000000616,2,172368.99000000613,33.75
2021-11-04,322632.7600000062,3,172491.51000000615,141.25
2021-11-05,322960.9200000062,4,172995.92000000618,-35.0
2021-11-07,322840.9200000062,4,172995.92000000618,-155.0
2021-11-08,322880.9200000062,4,172995.92000000618,-115.0
2021-11-09,322395.9300000062,6,172994.6800000062,-598.75
2021-11-10,321801.59000000625,13,172990.34000000622,-1188.75
2021-11-11,322224.09000000625,13,172990.34000000622,-766.25
2021-11-12,324287.84000000625,13,172990.34000000622,1297.5
2021-11-14,324239.09000000625,13,172990.34000000622,1248.75
2021-11-15,324887.9200000063,13,174927.9200000063,-40.0
2021-11-16,325201.70000000636,3,175300.45000000633,-98.75
2021-11-17,325233.59000000637,6,175298.59000000634,-65.0
2021-11-18,326315.4700000064,7,175297.97000000635,1017.5
2021-11-19,325545.4700000064,7,175297.97000000635,247.5
2021-11-21,325869.2200000064,7,175297.97000000635,571.25
2021-11-22,325658.04000000644,7,176166.7900000064,-508.75
2021-11-23,325534.92000000644,8,176166.17000000642,-631.25
2021-11-24,326914.92000000644,8,176166.17000000642,748.75
2021-11-25,324564.92000000644,8,176166.17000000642,-1601.25
2021-11-26,320611.82000000647,13,176163.07000000644,-5551.25
2021-11-28,324008.07000000647,13,176163.07000000644,-2155.0
2021-11-29,325681.82000000647,13,176163.07000000644,-481.25
2021-11-30,322399.32000000647,13,176163.07000000644,-3763.75
2021-12-01,317654.32000000647,13,176163.07000000644,-8508.75
2021-12-02,320335.57000000647,13,176163.07000000644,-5827.5
2021-12-03,317638.07000000647,13,176163.07000000644,-8525.0
2021-12-05,319393.07000000647,13,176163.07000000644,-6770.0
2021-12-06,322513.7100000065,16,176161.21000000645,-3647.5
2021-12-07,328768.1900000066,16,178160.69000000655,607.5
2021-12-08,328729.4700000066,5,178783.22000000658,-53.75
2021-12-09,328507.62000000663,6,178780.1200000066,-272.5
2021-12-10,329881.4200000067,6,179528.92000000665,352.5
2021-12-12,330186.46000000666,4,179518.96000000666,667.5
2021-12-13,329132.7300000067,8,179516.48000000668,-383.75
2021-12-14,328425.2600000067,14,179512.7600000067,-1087.5
2021-12-15,331392.8400000068,14,181392.84000000678,0.0
2021-12-16,331004.7500000068,7,181388.5000000068,-383.75
2021-12-17,329833.5200000068,11,181386.02000000683,-1552.5
2021-12-19,327056.0200000068,11,181386.02000000683,-4330.0
2021-12-20,328949.79000000685,15,181383.54000000685,-2433.75
2021-12-21,332456.04000000685,15,181383.54000000685,1072.5
2021-12-22,333578.01000000694,15,183375.51000000694,202.5
2021-12-23,333739.29000000696,2,183771.79000000696,-32.5
2021-12-26,333774.29000000696,2,183771.79000000696,2.5
2021-12-27,334314.950000007,2,184267.450000007,47.5
2021-12-28,334358.730000007,5,184388.73000000702,-30.0
2021-12-29,334364.980000007,5,184388.73000000702,-23.75
2021-12-30,333877.480000007,5,184388.73000000702,-511.25
2021-12-31,333798.74000000703,7,184387.49000000703,-588.75
2022-01-02,334358.74000000703,7,184387.49000000703,-28.75
2022-01-03,335171.87000000704,8,184386.87000000704,785.0
2022-01-04,334956.3200000071,8,185412.5700000071,-456.25
2022-01-05,327688.88000000716,19,185405.13000000716,-7716.25
2022-01-06,330618.2700000072,22,185403.27000000718,-4785.0
2022-01-07,327310.7900000072,26,185400.7900000072,-8090.0
2022-01-09,328188.2900000072,26,185400.7900000072,-7212.5
2022-01-10,327809.5700000072,32,185397.07000000722,-7587.5
2022-01-11,335289.5700000072,32,185397.07000000722,-107.5
2022-01-12,339274.1300000074,32,189386.6300000074,-112.5
2022-01-13,337255.42000000743,13,189381.67000000743,-2126.25
2022-01-14,338149.80000000744,14,189381.05000000744,-1231.25
2022-01-16,336749.80000000744,14,189381.05000000744,-2631.25
2022-01-17,336032.30000000744,14,189381.05000000744,-3348.75
2022-01-18,328741.08000000747,20,189377.33000000747,-10636.25
2022-01-19,328757.9900000075,27,189372.9900000075,-10615.0
2022-01-20,313487.3900000075,32,189369.89000000752,-25882.5
2022-01-21,303727.3900000075,32,189369.89000000752,-35642.5
2022-01-23,310047.3900000075,32,189369.89000000752,-29322.5
2022-01-24,297727.3900000075,32,189369.89000000752,-41642.5
2022-01-25,300327.3900000075,32,189369.89000000752,-39042.5
2022-01-26,287767.3900000075,32,189369.89000000752,-51602.5
2022-01-27,295887.3900000075,32,189369.89000000752,-43482.5
2022-01-28,309807.3900000075,32,189369.89000000752,-29562.5
2022-01-30,311847.3900000075,32,189369.89000000752,-27522.5
2022-01-31,321327.3900000075,32,189369.89000000752,-18042.5
2022-02-01,331807.3900000075,32,189369.89000000752,-7562.5
2022-02-02,328367.3900000075,32,189369.89000000752,-11002.5
2022-02-03,325927.3900000075,32,189369.89000000752,-13442.5
2022-02-04,320367.3900000075,32,189369.89000000752,-19002.5
2022-02-06,321687.3900000075,32,189369.89000000752,-17682.5
2022-02-07,319287.3900000075,32,189369.89000000752,-20082.5
2022-02-08,328207.3900000075,32,189369.89000000752,-11162.5
2022-02-09,333767.3900000075,32,189369.89000000752,-5602.5
2022-02-10,317167.3900000075,32,189369.89000000752,-22202.5
2022-02-11,309567.3900000075,32,189369.89000000752,-29802.5
2022-02-13,310167.3900000075,32,189369.89000000752,-29202.5
2022-02-14,306247.3900000075,32,189369.89000000752,-33122.5
2022-02-15,315407.3900000075,32,189369.89000000752,-23962.5
2022-02-16,313727.3900000075,32,189369.89000000752,-25642.5
2022-02-17,307367.3900000075,32,189369.89000000752,-32002.5
2022-02-18,297767.3900000075,32,189369.89000000752,-41602.5
2022-02-20,301367.3900000075,32,189369.89000000752,-38002.5
2022-02-21,286847.3900000075,32,189369.89000000752,-52522.5
2022-02-22,294687.3900000075,32,189369.89000000752,-44682.5
2022-02-23,265327.3900000075,32,189369.89000000752,-74042.5
2022-02-24,284767.3900000075,32,189369.89000000752,-54602.5
2022-02-25,303567.3900000075,32,189369.89000000752,-35802.5
2022-02-27,286887.3900000075,32,189369.89000000752,-52482.5
2022-02-28,301807.3900000075,32,189369.89000000752,-37562.5
2022-03-01,293767.3900000075,32,189369.89000000752,-45602.5
2022-03-02,303847.3900000075,32,189369.89000000752,-35522.5
2022-03-03,294807.3900000075,32,189369.89000000752,-44562.5
2022-03-04,293927.3900000075,32,189369.89000000752,-45442.5
2022-03-06,286807.3900000075,32,189369.89000000752,-52562.5
2022-03-07,273287.3900000075,32,189369.89000000752,-66082.5
2022-03-08,273567.3900000075,32,189369.89000000752,-65802.5
2022-03-09,285527.3900000075,32,189369.89000000752,-53842.5
2022-03-10,280927.3900000075,32,189369.89000000752,-58442.5
2022-03-11,275607.3900000075,32,189369.89000000752,-63762.5
2022-03-13,277687.71000000753,32,189290.21000000753,-61602.5
2022-03-14,272007.71000000753,32,189290.21000000753,-67282.5
2022-03-15,283687.71000000753,32,189290.21000000753,-55602.5
2022-03-16,298647.71000000753,32,189290.21000000753,-40642.5
2022-03-17,303527.71000000753,32,189290.21000000753,-35762.5
2022-03-18,318447.71000000753,32,189290.21000000753,-20842.5
2022-03-20,314927.71000000753,32,189290.21000000753,-24362.5
2022-03-21,315007.71000000753,32,189290.21000000753,-24282.5
2022-03-22,325727.71000000753,32,189290.21000000753,-13562.5
2022-03-23,317607.71000000753,32,189290.21000000753,-21682.5
2022-03-24,325967.71000000753,32,189290.21000000753,-13322.5
2022-03-25,329807.71000000753,32,189290.21000000753,-9482.5
2022-03-27,327487.71000000753,32,189290.21000000753,-11802.5
2022-03-28,335207.71000000753,32,189290.21000000753,-4082.5
2022-03-29,344126.70000000775,32,194177.95000000775,-51.25
2022-03-30,344400.4900000078,10,194172.9900000078,227.5
2022-03-31,341236.7800000078,18,194168.03000000783,-2931.25
2022-04-01,341036.80000000785,22,194165.55000000785,-3128.75
2022-04-03,341174.30000000785,22,194165.55000000785,-2991.25
2022-04-04,344776.80000000785,22,194165.55000000785,611.25
2022-04-05,338369.30000000785,22,194165.55000000785,-5796.25
2022-04-06,331828.0800000079,28,194161.83000000787,-12333.75
2022-04-07,337183.0800000079,28,194161.83000000787,-6978.75
2022-04-08,335538.0800000079,28,194161.83000000787,-8623.75
2022-04-10,331618.0800000079,28,194161.83000000787,-12543.75
2022-04-11,321096.8500000079,32,194159.3500000079,-23062.5
2022-04-12,325616.8500000079,32,194159.3500000079,-18542.5
2022-04-13,330496.8500000079,32,194159.3500000079,-13662.5
2022-04-14,321416.8500000079,32,194159.3500000079,-22742.5
2022-04-17,317896.8500000079,32,194159.3500000079,-26262.5
2022-04-18,323856.8500000079,32,194159.3500000079,-20302.5
2022-04-19,330336.8500000079,32,194159.3500000079,-13822.5
2022-04-20,334536.8500000079,32,194159.3500000079,-9622.5
2022-04-21,319096.8500000079,32,194159.3500000079,-25062.5
2022-04-22,299376.8500000079,32,194159.3500000079,-44782.5
2022-04-24,298496.8500000079,32,194159.3500000079,-45662.5
2022-04-25,307416.8500000079,32,194159.3500000079,-36742.5
2022-04-26,290016.8500000079,32,194159.3500000079,-54142.5
2022-04-27,292616.8500000079,32,194159.3500000079,-51542.5
2022-04-28,301416.8500000079,32,194159.3500000079,-42742.5
2022-04-29,281096.8500000079,32,194159.3500000079,-63062.5
2022-05-01,283096.8500000079,32,194159.3500000079,-61062.5
2022-05-02,285456.8500000079,32,194159.3500000079,-58702.5
2022-05-03,286616.8500000079,32,194159.3500000079,-57542.5
2022-05-04,305896.8500000079,32,194159.3500000079,-38262.5
2022-05-05,282416.8500000079,32,194159.3500000079,-61742.5
2022-05-06,276896.8500000079,32,194159.3500000079,-67262.5
2022-05-08,272056.8500000079,32,194159.3500000079,-72102.5
2022-05-09,260616.8500000079,32,194159.3500000079,-83542.5
2022-05-10,261056.8500000079,32,194159.3500000079,-83102.5
2022-05-11,249536.8500000079,32,194159.3500000079,-94622.5
2022-05-12,253816.8500000079,32,194159.3500000079,-90342.5
2022-05-13,261336.8500000079,32,194159.3500000079,-82822.5
2022-05-15,257976.8500000079,32,194159.3500000079,-86182.5
2022-05-16,261896.8500000079,32,194159.3500000079,-82262.5
2022-05-17,270856.8500000079,32,194159.3500000079,-73302.5
2022-05-18,247936.8500000079,32,194159.3500000079,-96222.5
2022-05-19,246816.8500000079,32,194159.3500000079,-97342.5
2022-05-20,243536.8500000079,32,194159.3500000079,-100622.5
2022-05-22,248096.8500000079,32,194159.3500000079,-96062.5
2022-05-23,249776.8500000079,32,194159.3500000079,-94382.5
2022-05-24,253896.8500000079,32,194159.3500000079,-90262.5
2022-05-25,255256.8500000079,32,194159.3500000079,-88902.5
2022-05-26,266896.8500000079,32,194159.3500000079,-77262.5
2022-05-27,286056.8500000079,32,194159.3500000079,-58102.5
2022-05-29,286896.8500000079,32,194159.3500000079,-57262.5
2022-05-30,285536.8500000079,32,194159.3500000079,-58622.5
2022-05-31,282536.8500000079,32,194159.3500000079,-61622.5
2022-06-01,275096.8500000079,32,194159.3500000079,-69062.5
2022-06-02,287416.8500000079,32,194159.3500000079,-56742.5
2022-06-03,276696.8500000079,32,194159.3500000079,-67462.5
2022-06-05,279536.8500000079,32,194159.3500000079,-64622.5
2022-06-06,275576.8500000079,32,194159.3500000079,-68582.5
2022-06-07,282056.8500000079,32,194159.3500000079,-62102.5
2022-06-08,277096.8500000079,32,194159.3500000079,-67062.5
2022-06-09,263136.8500000079,32,194159.3500000079,-81022.5
2022-06-10,244056.8500000079,32,194159.3500000079,-100102.5
2022-06-12,234976.8500000079,32,194159.3500000079,-109182.5
2022-06-13,223337.1700000079,32,194079.6700000079,-120742.5
2022-06-14,219137.1700000079,32,194079.6700000079,-124942.5
2022-06-15,228057.1700000079,32,194079.6700000079,-116022.5
2022-06-16,209017.1700000079,32,194079.6700000079,-135062.5
2022-06-17,207977.1700000079,32,194079.6700000079,-136102.5
2022-06-19,209097.1700000079,32,194079.6700000079,-134982.5
2022-06-20,216217.1700000079,32,194079.6700000079,-127862.5
2022-06-21,215857.1700000079,32,194079.6700000079,-128222.5
2022-06-22,219017.1700000079,32,194079.6700000079,-125062.5
2022-06-23,229137.1700000079,32,194079.6700000079,-114942.5
2022-06-24,244977.1700000079,32,194079.6700000079,-99102.5
2022-06-26,246817.1700000079,32,194079.6700000079,-97262.5
2022-06-27,242537.1700000079,32,194079.6700000079,-101542.5
2022-06-28,231617.1700000079,32,194079.6700000079,-112462.5
2022-06-29,228297.1700000079,32,194079.6700000079,-115782.5
2022-06-30,219577.1700000079,32,194079.6700000079,-124502.5
2022-07-01,230697.1700000079,32,194079.6700000079,-113382.5
2022-07-03,227457.1700000079,32,194079.6700000079,-116622.5
2022-07-04,232377.1700000079,32,194079.6700000079,-111702.5
2022-07-05,231977.1700000079,32,194079.6700000079,-112102.5
2022-07-06,234577.1700000079,32,194079.6700000079,-109502.5
2022-07-07,240777.1700000079,32,194079.6700000079,-103302.5
2022-07-08,243497.1700000079,32,194079.6700000079,-100582.5
2022-07-10,239017.1700000079,32,194079.6700000079,-105062.5
2022-07-11,232577.1700000079,32,194079.6700000079,-111502.5
2022-07-12,231377.1700000079,32,194079.6700000079,-112702.5
2022-07-13,226737.1700000079,32,194079.6700000079,-117342.5
2022-07-14,227817.1700000079,32,194079.6700000079,-116262.5
2022-07-15,237297.1700000079,32,194079.6700000079,-106782.5
2022-07-17,239577.1700000079,32,194079.6700000079,-104502.5
2022-07-18,233057.1700000079,32,194079.6700000079,-111022.5
2022-07-19,252217.1700000079,32,194079.6700000079,-91862.5
2022-07-20,251617.1700000079,32,194079.6700000079,-92462.5
2022-07-21,256297.1700000079,32,194079.6700000079,-87782.5
2022-07-22,252737.1700000079,32,194079.6700000079,-91342.5
2022-07-24,252417.1700000079,32,194079.6700000079,-91662.5
2022-07-25,252097.1700000079,32,194079.6700000079,-91982.5
2022-07-26,251017.1700000079,32,194079.6700000079,-93062.5
2022-07-27,261017.1700000079,32,194079.6700000079,-83062.5
2022-07-28,273937.1700000079,32,194079.6700000079,-70142.5
2022-07-29,279817.1700000079,32,194079.6700000079,-64262.5
2022-07-31,276857.1700000079,32,194079.6700000079,-67222.5
2022-08-01,275337.1700000079,32,194079.6700000079,-68742.5
2022-08-02,274577.1700000079,32,194079.6700000079,-69502.5
2022-08-03,282777.1700000079,32,194079.6700000079,-61302.5
2022-08-04,284697.1700000079,32,194079.6700000079,-59382.5
2022-08-05,281297.1700000079,32,194079.6700000079,-62782.5
2022-08-07,280897.1700000079,32,194079.6700000079,-63182.5
2022-08-08,283017.1700000079,32,194079.6700000079,-61062.5
2022-08-09,278177.1700000079,32,194079.6700000079,-65902.5
2022-08-10,294217.1700000079,32,194079.6700000079,-49862.5
2022-08-11,293177.1700000079,32,194079.6700000079,-50902.5
2022-08-12,303537.1700000079,32,194079.6700000079,-40542.5
2022-08-14,301977.1700000079,32,194079.6700000079,-42102.5
2022-08-15,305577.1700000079,32,194079.6700000079,-38502.5
2022-08-16,307737.1700000079,32,194079.6700000079,-36342.5
2022-08-17,302177.1700000079,32,194079.6700000079,-41902.5
2022-08-18,303257.1700000079,32,194079.6700000079,-40822.5
2022-08-19,295177.1700000079,32,194079.6700000079,-48902.5
2022-08-21,293017.1700000079,32,194079.6700000079,-51062.5
2022-08-22,282137.1700000079,32,194079.6700000079,-61942.5
2022-08-23,277217.1700000079,32,194079.6700000079,-66862.5
2022-08-24,283257.1700000079,32,194079.6700000079,-60822.5
2022-08-25,290337.1700000079,32,194079.6700000079,-53742.5
2022-08-26,265457.1700000079,32,194079.6700000079,-78622.5
2022-08-28,263257.1700000079,32,194079.6700000079,-80822.5
2022-08-29,265097.1700000079,32,194079.6700000079,-78982.5
2022-08-30,260097.1700000079,32,194079.6700000079,-83982.5
2022-08-31,246977.1700000079,32,194079.6700000079,-97102.5
2022-09-01,253017.1700000079,32,194079.6700000079,-91062.5
2022-09-02,247937.1700000079,32,194079.6700000079,-96142.5
2022-09-04,247817.1700000079,32,194079.6700000079,-96262.5
2022-09-05,248977.1700000079,32,194079.6700000079,-95102.5
2022-09-06,241417.1700000079,32,194079.6700000079,-102662.5
2022-09-07,255577.1700000079,32,194079.6700000079,-88502.5
2022-09-08,261617.1700000079,32,194079.6700000079,-82462.5
2022-09-09,269217.1700000079,32,194079.6700000079,-74862.5
2022-09-11,269217.1700000079,32,194079.6700000079,-74862.5
2022-09-12,276737.4900000079,32,193999.9900000079,-67262.5
2022-09-13,248697.4900000079,32,193999.9900000079,-95302.5
2022-09-14,250577.4900000079,32,193999.9900000079,-93422.5
2022-09-15,238097.4900000079,32,193999.9900000079,-105902.5
2022-09-16,239937.4900000079,32,193999.9900000079,-104062.5
2022-09-18,236497.4900000079,32,193999.9900000079,-107502.5
2022-09-19,243657.4900000079,32,193999.9900000079,-100342.5
2022-09-20,236137.4900000079,32,193999.9900000079,-107862.5
2022-09-21,220697.4900000079,32,193999.9900000079,-123302.5
2022-09-22,218177.4900000079,32,193999.9900000079,-125822.5
2022-09-23,209337.4900000079,32,193999.9900000079,-134662.5
2022-09-25,205777.4900000079,32,193999.9900000079,-138222.5
2022-09-26,206737.4900000079,32,193999.9900000079,-137262.5
2022-09-27,197817.4900000079,32,193999.9900000079,-146182.5
2022-09-28,212257.4900000079,32,193999.9900000079,-131742.5
2022-09-29,198617.4900000079,32,193999.9900000079,-145382.5
2022-09-30,192217.4900000079,32,193999.9900000079,-151782.5
2022-10-02,191377.4900000079,32,193999.9900000079,-152622.5
2022-10-03,211017.4900000079,32,193999.9900000079,-132982.5
2022-10-04,221297.4900000079,32,193999.9900000079,-122702.5
2022-10-05,225577.4900000079,32,193999.9900000079,-118422.5
2022-10-06,215857.4900000079,32,193999.9900000079,-128142.5
2022-10-07,199657.4900000079,32,193999.9900000079,-144342.5
2022-10-09,197337.4900000079,32,193999.9900000079,-146662.5
2022-10-10,192497.4900000079,32,193999.9900000079,-151502.5
2022-10-11,192257.4900000079,32,193999.9900000079,-151742.5
2022-10-12,190537.4900000079,32,193999.9900000079,-153462.5
2022-10-13,209137.4900000079,32,193999.9900000079,-134862.5
2022-10-14,190977.4900000079,32,193999.9900000079,-153022.5
2022-10-16,193537.4900000079,32,193999.9900000079,-150462.5
2022-10-17,214337.4900000079,32,193999.9900000079,-129662.5
2022-10-18,217417.4900000079,32,193999.9900000079,-126582.5
2022-10-19,205057.4900000079,32,193999.9900000079,-138942.5
2022-10-20,201977.4900000079,32,193999.9900000079,-142022.5
2022-10-21,219057.4900000079,32,193999.9900000079,-124942.5
2022-10-23,218057.4900000079,32,193999.9900000079,-125942.5
2022-10-24,225017.4900000079,32,193999.9900000079,-118982.5
2022-10-25,229297.4900000079,32,193999.9900000079,-114702.5
2022-10-26,233337.4900000079,32,193999.9900000079,-110662.5
2022-10-27,224177.4900000079,32,193999.9900000079,-119822.5
2022-10-28,243217.4900000079,32,193999.9900000079,-100782.5
2022-10-30,240977.4900000079,32,193999.9900000079,-103022.5
2022-10-31,239017.4900000079,32,193999.9900000079,-104982.5
2022-11-01,235617.4900000079,32,193999.9900000079,-108382.5
2022-11-02,219937.4900000079,32,193999.9900000079,-124062.5
2022-11-03,212057.4900000079,32,193999.9900000079,-131942.5
2022-11-04,219177.4900000079,32,193999.9900000079,-124822.5
2022-11-06,219257.4900000079,32,193999.9900000079,-124742.5
2022-11-07,225537.4900000079,32,193999.9900000079,-118462.5
2022-11-08,229737.4900000079,32,193999.9900000079,-114262.5
2022-11-09,217857.4900000079,32,193999.9900000079,-126142.5
2022-11-10,250537.4900000079,32,193999.9900000079,-93462.5
2022-11-11,255457.4900000079,32,193999.9900000079,-88542.5
2022-11-13,253857.4900000079,32,193999.9900000079,-90142.5
2022-11-14,252737.4900000079,32,193999.9900000079,-91262.5
2022-11-15,253737.4900000079,32,193999.9900000079,-90262.5
2022-11-16,250817.4900000079,32,193999.9900000079,-93182.5
2022-11-17,248297.4900000079,32,193999.9900000079,-95702.5
2022-11-18,250977.4900000079,32,193999.9900000079,-93022.5
2022-11-20,249617.4900000079,32,193999.9900000079,-94382.5
2022-11-21,249497.4900000079,32,193999.9900000079,-94502.5
2022-11-22,256777.4900000079,32,193999.9900000079,-87222.5
2022-11-23,262257.4900000079,32,193999.9900000079,-81742.5
2022-11-24,262377.4900000079,32,193999.9900000079,-81622.5
2022-11-25,261017.4900000079,32,193999.9900000079,-82982.5
2022-11-27,256617.4900000079,32,193999.9900000079,-87382.5
2022-11-28,252857.4900000079,32,193999.9900000079,-91142.5
2022-11-29,250337.4900000079,32,193999.9900000079,-93662.5
2022-11-30,269697.4900000079,32,193999.9900000079,-74302.5
2022-12-01,267337.4900000079,32,193999.9900000079,-76662.5
2022-12-02,266217.4900000079,32,193999.9900000079,-77782.5
2022-12-04,266817.4900000079,32,193999.9900000079,-77182.5
2022-12-05,256617.4900000079,32,193999.9900000079,-87382.5
2022-12-06,247857.4900000079,32,193999.9900000079,-96142.5
2022-12-07,244737.4900000079,32,193999.9900000079,-99262.5
2022-12-08,251417.4900000079,32,193999.9900000079,-92582.5
2022-12-09,244617.4900000079,32,193999.9900000079,-99382.5
2022-12-11,244897.4900000079,32,193999.9900000079,-99102.5
2022-12-12,253697.8100000079,32,193920.3100000079,-90222.5
2022-12-13,261017.8100000079,32,193920.3100000079,-82902.5
2022-12-14,255177.8100000079,32,193920.3100000079,-88742.5
2022-12-15,237897.8100000079,32,193920.3100000079,-106022.5
2022-12-16,229697.8100000079,32,193920.3100000079,-114222.5
2022-12-18,231697.8100000079,32,193920.3100000079,-112222.5
2022-12-19,220097.8100000079,32,193920.3100000079,-123822.5
2022-12-20,228217.8100000079,32,193920.3100000079,-115702.5
2022-12-21,237057.8100000079,32,193920.3100000079,-106862.5
2022-12-22,226617.8100000079,32,193920.3100000079,-117302.5
2022-12-23,229097.8100000079,32,193920.3100000079,-114822.5
2022-12-26,233297.8100000079,32,193920.3100000079,-110622.5
2022-12-27,227497.8100000079,32,193920.3100000079,-116422.5
2022-12-28,220017.8100000079,32,193920.3100000079,-123902.5
2022-12-29,228977.8100000079,32,193920.3100000079,-114942.5
2022-12-30,229017.8100000079,32,193920.3100000079,-114902.5
2023-01-02,228457.8100000079,32,193920.3100000079,-115462.5
2023-01-03,226657.8100000079,32,193920.3100000079,-117262.5
2023-01-04,229857.8100000079,32,193920.3100000079,-114062.5
2023-01-05,225897.8100000079,32,193920.3100000079,-118022.5
2023-01-06,236377.8100000079,32,193920.3100000079,-107542.5
2023-01-08,238937.8100000079,32,193920.3100000079,-104982.5
2023-01-09,234577.8100000079,32,193920.3100000079,-109342.5
2023-01-10,240977.8100000079,32,193920.3100000079,-102942.5
2023-01-11,249257.8100000079,32,193920.3100000079,-94662.5
2023-01-12,249177.8100000079,32,193920.3100000079,-94742.5
2023-01-13,253217.8100000079,32,193920.3100000079,-90702.5
2023-01-15,253897.8100000079,32,193920.3100000079,-90022.5
2023-01-16,251057.8100000079,32,193920.3100000079,-92862.5
2023-01-17,252497.8100000079,32,193920.3100000079,-91422.5
2023-01-18,240777.8100000079,32,193920.3100000079,-103142.5
2023-01-19,238097.8100000079,32,193920.3100000079,-105822.5
2023-01-20,248257.8100000079,32,193920.3100000079,-95662.5
2023-01-22,247777.8100000079,32,193920.3100000079,-96142.5
2023-01-23,256097.8100000079,32,193920.3100000079,-87822.5
2023-01-24,252497.8100000079,32,193920.3100000079,-91422.5
2023-01-25,256057.8100000079,32,193920.3100000079,-87862.5
2023-01-26,260457.8100000079,32,193920.3100000079,-83462.5
2023-01-27,263617.8100000079,32,193920.3100000079,-80302.5
2023-01-29,261697.8100000079,32,193920.3100000079,-82222.5
2023-01-30,254977.8100000079,32,193920.3100000079,-88942.5
2023-01-31,263017.8100000079,32,193920.3100000079,-80902.5
2023-02-01,273697.8100000079,32,193920.3100000079,-70222.5
2023-02-02,277417.8100000079,32,193920.3100000079,-66502.5
2023-02-03,273537.8100000079,32,193920.3100000079,-70382.5
2023-02-05,271417.8100000079,32,193920.3100000079,-72502.5
2023-02-06,270457.8100000079,32,193920.3100000079,-73462.5
2023-02-07,278177.8100000079,32,193920.3100000079,-65742.5
2023-02-08,272337.8100000079,32,193920.3100000079,-71582.5
2023-02-09,263697.8100000079,32,193920.3100000079,-80222.5
2023-02-10,266097.8100000079,32,193920.3100000079,-77822.5
2023-02-12,263497.8100000079,32,193920.3100000079,-80422.5
2023-02-13,273057.8100000079,32,193920.3100000079,-70862.5
2023-02-14,270697.8100000079,32,193920.3100000079,-73222.5
2023-02-15,276737.8100000079,32,193920.3100000079,-67182.5
2023-02-16,263537.8100000079,32,193920.3100000079,-80382.5
2023-02-17,263897.8100000079,32,193920.3100000079,-80022.5
2023-02-19,263937.8100000079,32,193920.3100000079,-79982.5
2023-02-20,261337.8100000079,32,193920.3100000079,-82582.5
2023-02-21,252417.8100000079,32,193920.3100000079,-91502.5
2023-02-22,253137.8100000079,32,193920.3100000079,-90782.5
2023-02-23,252537.8100000079,32,193920.3100000079,-91382.5
2023-02-24,246097.8100000079,32,193920.3100000079,-97822.5
2023-02-26,247177.8100000079,32,193920.3100000079,-96742.5
2023-02-27,248817.8100000079,32,193920.3100000079,-95102.5
2023-02-28,246297.8100000079,32,193920.3100000079,-97622.5
2023-03-01,240977.8100000079,32,193920.3100000079,-102942.5
2023-03-02,246537.8100000079,32,193920.3100000079,-97382.5
2023-03-03,258577.8100000079,32,193920.3100000079,-85342.5
2023-03-05,258977.8100000079,32,193920.3100000079,-84942.5
2023-03-06,259937.8100000079,32,193920.3100000079,-83982.5
2023-03-07,248577.8100000079,32,193920.3100000079,-95342.5
2023-03-08,248617.8100000079,32,193920.3100000079,-95302.5
2023-03-09,232417.8100000079,32,193920.3100000079,-111502.5
2023-03-10,230817.8100000079,32,193920.3100000079,-113102.5
2023-03-12,239017.8100000079,32,193920.3100000079,-104902.5
2023-03-13,230338.13000000792,32,193840.63000000792,-113502.5
2023-03-14,238338.13000000792,32,193840.63000000792,-105502.5
2023-03-15,234818.13000000792,32,193840.63000000792,-109022.5
2023-03-16,243978.13000000792,32,193840.63000000792,-99862.5
2023-03-17,236698.13000000792,32,193840.63000000792,-107142.5
2023-03-19,237418.13000000792,32,193840.63000000792,-106422.5
2023-03-20,243018.13000000792,32,193840.63000000792,-100822.5
2023-03-21,250978.13000000792,32,193840.63000000792,-92862.5
2023-03-22,243138.13000000792,32,193840.63000000792,-100702.5
2023-03-23,242058.13000000792,32,193840.63000000792,-101782.5
2023-03-24,246698.13000000792,32,193840.63000000792,-97142.5
2023-03-26,248538.13000000792,32,193840.63000000792,-95302.5
2023-03-27,247138.13000000792,32,193840.63000000792,-96702.5
2023-03-28,247898.13000000792,32,193840.63000000792,-95942.5
2023-03-29,253938.13000000792,32,193840.63000000792,-89902.5
2023-03-30,259658.13000000792,32,193840.63000000792,-84182.5
2023-03-31,267338.1300000079,32,193840.63000000792,-76502.5
2023-04-02,264938.1300000079,32,193840.63000000792,-78902.5
2023-04-03,269338.1300000079,32,193840.63000000792,-74502.5
2023-04-04,265978.1300000079,32,193840.63000000792,-77862.5
2023-04-05,262058.13000000792,32,193840.63000000792,-81782.5
2023-04-06,265578.1300000079,32,193840.63000000792,-78262.5
2023-04-07,267738.1300000079,32,193840.63000000792,-76102.5
2023-04-09,266058.1300000079,32,193840.63000000792,-77782.5
2023-04-10,267458.1300000079,32,193840.63000000792,-76382.5
2023-04-11,267058.1300000079,32,193840.63000000792,-76782.5
2023-04-12,264538.1300000079,32,193840.63000000792,-79302.5
2023-04-13,272418.1300000079,32,193840.63000000792,-71422.5
2023-04-14,272498.1300000079,32,193840.63000000792,-71342.5
2023-04-16,272258.1300000079,32,193840.63000000792,-71582.5
2023-04-17,272938.1300000079,32,193840.63000000792,-70902.5
2023-04-18,272938.1300000079,32,193840.63000000792,-70902.5
2023-04-19,272298.1300000079,32,193840.63000000792,-71542.5
2023-04-20,269818.1300000079,32,193840.63000000792,-74022.5
2023-04-21,269538.1300000079,32,193840.63000000792,-74302.5
2023-04-23,268098.1300000079,32,193840.63000000792,-75742.5
2023-04-24,268778.1300000079,32,193840.63000000792,-75062.5
2023-04-25,262538.1300000079,32,193840.63000000792,-81302.5
2023-04-26,258538.13000000792,32,193840.63000000792,-85302.5
2023-04-27,268778.1300000079,32,193840.63000000792,-75062.5
2023-04-28,275498.1300000079,32,193840.63000000792,-68342.5
2023-04-30,275578.1300000079,32,193840.63000000792,-68262.5
2023-05-01,274418.1300000079,32,193840.63000000792,-69422.5
2023-05-02,267938.1300000079,32,193840.63000000792,-75902.5
2023-05-03,263058.1300000079,32,193840.63000000792,-80782.5
2023-05-04,259818.13000000792,32,193840.63000000792,-84022.5
2023-05-05,268858.1300000079,32,193840.63000000792,-74982.5
2023-05-07,268458.1300000079,32,193840.63000000792,-75382.5
2023-05-08,269258.1300000079,32,193840.63000000792,-74582.5
2023-05-09,267018.1300000079,32,193840.63000000792,-76822.5
2023-05-10,270658.1300000079,32,193840.63000000792,-73182.5
2023-05-11,268858.1300000079,32,193840.63000000792,-74982.5
2023-05-12,266138.1300000079,32,193840.63000000792,-77702.5
2023-05-14,266978.1300000079,32,193840.63000000792,-76862.5
2023-05-15,267818.1300000079,32,193840.63000000792,-76022.5
2023-05-16,265858.1300000079,32,193840.63000000792,-77982.5
2023-05-17,272138.1300000079,32,193840.63000000792,-71702.5
2023-05-18,280018.1300000079,32,193840.63000000792,-63822.5
2023-05-19,276738.1300000079,32,193840.63000000792,-67102.5
2023-05-21,277578.1300000079,32,193840.63000000792,-66262.5
2023-05-22,279178.1300000079,32,193840.63000000792,-64662.5
2023-05-23,271098.1300000079,32,193840.63000000792,-72742.5
2023-05-24,267578.1300000079,32,193840.63000000792,-76262.5
2023-05-25,269258.1300000079,32,193840.63000000792,-74582.5
2023-05-26,280098.1300000079,32,193840.63000000792,-63742.5
2023-05-28,280578.1300000079,32,193840.63000000792,-63262.5
2023-05-29,280618.1300000079,32,193840.63000000792,-63222.5
2023-05-30,277858.1300000079,32,193840.63000000792,-65982.5
2023-05-31,275898.1300000079,32,193840.63000000792,-67942.5
2023-06-01,282658.1300000079,32,193840.63000000792,-61182.5
2023-06-02,291218.1300000079,32,193840.63000000792,-52622.5
2023-06-04,290458.1300000079,32,193840.63000000792,-53382.5
2023-06-05,290018.1300000079,32,193840.63000000792,-53822.5
2023-06-06,292058.1300000079,32,193840.63000000792,-51782.5
2023-06-07,288218.1300000079,32,193840.63000000792,-55622.5
2023-06-08,292258.1300000079,32,193840.63000000792,-51582.5
2023-06-09,293778.1300000079,32,193840.63000000792,-50062.5
2023-06-11,294578.1300000079,32,193840.63000000792,-49262.5
2023-06-12,301178.4500000079,32,193760.95000000793,-42582.5
2023-06-13,304218.4500000079,32,193760.95000000793,-39542.5
2023-06-14,304618.4500000079,32,193760.95000000793,-39142.5
2023-06-15,312098.4500000079,32,193760.95000000793,-31662.5
2023-06-16,311138.4500000079,32,193760.95000000793,-32622.5
2023-06-18,309618.4500000079,32,193760.95000000793,-34142.5
2023-06-19,308698.4500000079,32,193760.95000000793,-35062.5
2023-06-20,307178.4500000079,32,193760.95000000793,-36582.5
2023-06-21,303018.4500000079,32,193760.95000000793,-40742.5
2023-06-22,302658.4500000079,32,193760.95000000793,-41102.5
2023-06-23,299858.4500000079,32,193760.95000000793,-43902.5
2023-06-25,301698.4500000079,32,193760.95000000793,-42062.5
2023-06-26,298298.4500000079,32,193760.95000000793,-45462.5
2023-06-27,303538.4500000079,32,193760.95000000793,-40222.5
2023-06-28,304938.4500000079,32,193760.95000000793,-38822.5
2023-06-29,307618.4500000079,32,193760.95000000793,-36142.5
2023-06-30,314898.4500000079,32,193760.95000000793,-28862.5
2023-07-02,315898.4500000079,32,193760.95000000793,-27862.5
2023-07-03,316298.4500000079,32,193760.95000000793,-27462.5
2023-07-04,315978.4500000079,32,193760.95000000793,-27782.5
2023-07-05,312858.4500000079,32,193760.95000000793,-30902.5
2023-07-06,309018.4500000079,32,193760.95000000793,-34742.5
2023-07-07,307778.4500000079,32,193760.95000000793,-35982.5
2023-07-09,305578.4500000079,32,193760.95000000793,-38182.5
2023-07-10,309218.4500000079,32,193760.95000000793,-34542.5
2023-07-11,313658.4500000079,32,193760.95000000793,-30102.5
2023-07-12,320738.4500000079,32,193760.95000000793,-23022.5
2023-07-13,324418.4500000079,32,193760.95000000793,-19342.5
2023-07-14,323338.4500000079,32,193760.95000000793,-20422.5
2023-07-16,322898.4500000079,32,193760.95000000793,-20862.5
2023-07-17,325618.4500000079,32,193760.95000000793,-18142.5
2023-07-18,331538.4500000079,32,193760.95000000793,-12222.5
2023-07-19,332018.4500000079,32,193760.95000000793,-11742.5
2023-07-20,328818.4500000079,32,193760.95000000793,-14942.5
2023-07-21,327938.4500000079,32,193760.95000000793,-15822.5
2023-07-23,327818.4500000079,32,193760.95000000793,-15942.5
2023-07-24,330938.4500000079,32,193760.95000000793,-12822.5
2023-07-25,333018.4500000079,32,193760.95000000793,-10742.5
2023-07-26,334818.4500000079,32,193760.95000000793,-8942.5
2023-07-27,329058.4500000079,32,193760.95000000793,-14702.5
2023-07-28,334818.4500000079,32,193760.95000000793,-8942.5
2023-07-30,333458.4500000079,32,193760.95000000793,-10302.5
2023-07-31,336498.4500000079,32,193760.95000000793,-7262.5
2023-08-01,330538.4500000079,32,193760.95000000793,-13222.5
2023-08-02,324418.4500000079,32,193760.95000000793,-19342.5
2023-08-03,323458.4500000079,32,193760.95000000793,-20302.5
2023-08-04,317378.4500000079,32,193760.95000000793,-26382.5
2023-08-06,320218.4500000079,32,193760.95000000793,-23542.5
2023-08-07,322098.4500000079,32,193760.95000000793,-21662.5
2023-08-08,321058.4500000079,32,193760.95000000793,-22702.5
2023-08-09,318098.4500000079,32,193760.95000000793,-25662.5
2023-08-10,315338.4500000079,32,193760.95000000793,-28422.5
2023-08-11,315178.4500000079,32,193760.95000000793,-28582.5
2023-08-13,312938.4500000079,32,193760.95000000793,-30822.5
2023-08-14,320018.4500000079,32,193760.95000000793,-23742.5
2023-08-15,310698.4500000079,32,193760.95000000793,-33062.5
2023-08-16,305378.4500000079,32,193760.95000000793,-38382.5
2023-08-17,299218.4500000079,32,193760.95000000793,-44542.5
2023-08-18,298498.4500000079,32,193760.95000000793,-45262.5
2023-08-20,299298.4500000079,32,193760.95000000793,-44462.5
2023-08-21,303338.4500000079,32,193760.95000000793,-40422.5
2023-08-22,303418.4500000079,32,193760.95000000793,-40342.5
2023-08-23,314058.4500000079,32,193760.95000000793,-29702.5
2023-08-24,299658.4500000079,32,193760.95000000793,-44102.5
2023-08-25,303818.4500000079,32,193760.95000000793,-39942.5
2023-08-27,304298.4500000079,32,193760.95000000793,-39462.5
2023-08-28,308818.4500000079,32,193760.95000000793,-34942.5
2023-08-29,319978.4500000079,32,193760.95000000793,-23782.5
2023-08-30,322138.4500000079,32,193760.95000000793,-21622.5
2023-08-31,320938.4500000079,32,193760.95000000793,-22822.5
2023-09-01,320738.4500000079,32,193760.95000000793,-23022.5
2023-09-03,321178.4500000079,32,193760.95000000793,-22582.5
2023-09-04,319978.4500000079,32,193760.95000000793,-23782.5
2023-09-05,317258.4500000079,32,193760.95000000793,-26502.5
2023-09-06,312698.4500000079,32,193760.95000000793,-31062.5
2023-09-07,310898.4500000079,32,193760.95000000793,-32862.5
2023-09-08,311858.4500000079,32,193760.95000000793,-31902.5
2023-09-10,312058.4500000079,32,193760.95000000793,-31702.5
2023-09-11,315538.77000000793,32,193681.27000000793,-28142.5
2023-09-12,310658.77000000793,32,193681.27000000793,-33022.5
2023-09-13,314698.77000000793,32,193681.27000000793,-28982.5
2023-09-14,320018.77000000793,32,193681.27000000793,-23662.5
2023-09-15,309538.77000000793,32,193681.27000000793,-34142.5
2023-09-17,310698.77000000793,32,193681.27000000793,-32982.5
2023-09-18,309898.77000000793,32,193681.27000000793,-33782.5
2023-09-19,307338.77000000793,32,193681.27000000793,-36342.5
2023-09-20,299378.77000000793,32,193681.27000000793,-44302.5
2023-09-21,290378.77000000793,32,193681.27000000793,-53302.5
2023-09-22,287738.77000000793,32,193681.27000000793,-55942.5
2023-09-24,289298.77000000793,32,193681.27000000793,-54382.5
2023-09-25,287978.77000000793,32,193681.27000000793,-55702.5
2023-09-26,281178.77000000793,32,193681.27000000793,-62502.5
2023-09-27,279978.77000000793,32,193681.27000000793,-63702.5
2023-09-28,284298.77000000793,32,193681.27000000793,-59382.5
2023-09-29,282378.77000000793,32,193681.27000000793,-61302.5
2023-10-01,285578.77000000793,32,193681.27000000793,-58102.5
2023-10-02,281418.77000000793,32,193681.27000000793,-62262.5
2023-10-03,269378.77000000793,32,193681.27000000793,-74302.5
2023-10-04,277658.77000000793,32,193681.27000000793,-66022.5
2023-10-05,275858.77000000793,32,193681.27000000793,-67822.5
2023-10-06,284938.77000000793,32,193681.27000000793,-58742.5
2023-10-08,278418.77000000793,32,193681.27000000793,-65262.5
2023-10-09,289378.77000000793,32,193681.27000000793,-54302.5
2023-10-10,292618.77000000793,32,193681.27000000793,-51062.5
2023-10-11,297138.77000000793,32,193681.27000000793,-46542.5
2023-10-12,291338.77000000793,32,193681.27000000793,-52342.5
2023-10-13,285938.77000000793,32,193681.27000000793,-57742.5
2023-10-15,288378.77000000793,32,193681.27000000793,-55302.5
2023-10-16,293018.77000000793,32,193681.27000000793,-50662.5
2023-10-17,293098.77000000793,32,193681.27000000793,-50582.5
2023-10-18,282858.77000000793,32,193681.27000000793,-60822.5
2023-10-19,277178.77000000793,32,193681.27000000793,-66502.5
2023-10-20,268818.77000000793,32,193681.27000000793,-74862.5
2023-10-22,270578.77000000793,32,193681.27000000793,-73102.5
2023-10-23,269898.77000000793,32,193681.27000000793,-73782.5
2023-10-24,271578.77000000793,32,193681.27000000793,-72102.5
2023-10-25,259018.77000000793,32,193681.27000000793,-84662.5
2023-10-26,258338.77000000793,32,193681.27000000793,-85342.5
2023-10-27,251538.77000000793,32,193681.27000000793,-92142.5
2023-10-29,254138.77000000793,32,193681.27000000793,-89542.5
2023-10-30,257178.77000000793,32,193681.27000000793,-86502.5
2023-10-31,262618.77000000793,32,193681.27000000793,-81062.5
2023-11-01,272458.77000000793,32,193681.27000000793,-71222.5
2023-11-02,282858.77000000793,32,193681.27000000793,-60822.5
2023-11-03,290258.77000000793,32,193681.27000000793,-53422.5
2023-11-05,290018.77000000793,32,193681.27000000793,-53662.5
2023-11-06,289538.77000000793,32,193681.27000000793,-54142.5
2023-11-07,292578.77000000793,32,193681.27000000793,-51102.5
2023-11-08,293138.77000000793,32,193681.27000000793,-50542.5
2023-11-09,288258.77000000793,32,193681.27000000793,-55422.5
2023-11-10,297618.77000000793,32,193681.27000000793,-46062.5
2023-11-12,295258.77000000793,32,193681.27000000793,-48422.5
2023-11-13,298098.77000000793,32,193681.27000000793,-45582.5
2023-11-14,313058.77000000793,32,193681.27000000793,-30622.5
2023-11-15,311738.77000000793,32,193681.27000000793,-31942.5
2023-11-16,314218.77000000793,32,193681.27000000793,-29462.5
2023-11-17,313498.77000000793,32,193681.27000000793,-30182.5
2023-11-19,313378.77000000793,32,193681.27000000793,-30302.5
2023-11-20,319898.77000000793,32,193681.27000000793,-23782.5
2023-11-21,317818.77000000793,32,193681.27000000793,-25862.5
2023-11-22,320258.77000000793,32,193681.27000000793,-23422.5
2023-11-23,320858.77000000793,32,193681.27000000793,-22822.5
2023-11-24,320618.77000000793,32,193681.27000000793,-23062.5
2023-11-26,318498.77000000793,32,193681.27000000793,-25182.5
2023-11-27,319458.77000000793,32,193681.27000000793,-24222.5
2023-11-28,320898.77000000793,32,193681.27000000793,-22782.5
2023-11-29,320178.77000000793,32,193681.27000000793,-23502.5
2023-11-30,321538.77000000793,32,193681.27000000793,-22142.5
2023-12-01,326338.77000000793,32,193681.27000000793,-17342.5
2023-12-03,324938.77000000793,32,193681.27000000793,-18742.5
2023-12-04,320418.77000000793,32,193681.27000000793,-23262.5
2023-12-05,323898.77000000793,32,193681.27000000793,-19782.5
2023-12-06,318338.77000000793,32,193681.27000000793,-25342.5
2023-12-07,324058.77000000793,32,193681.27000000793,-19622.5
2023-12-08,326858.77000000793,32,193681.27000000793,-16822.5
2023-12-10,326458.77000000793,32,193681.27000000793,-17222.5
2023-12-11,330019.09000000794,32,193601.59000000794,-13582.5
2023-12-12,333819.09000000794,32,193601.59000000794,-9782.5
2023-12-13,346099.09000000794,32,193601.59000000794,2497.5
2023-12-14,348008.0200000081,32,197596.7700000081,411.25
2023-12-15,347823.0200000081,4,197596.7700000081,226.25
2023-12-17,348058.0200000081,4,197596.7700000081,461.25
2023-12-18,348141.17000000813,4,198094.92000000813,46.25
2023-12-19,348282.43000000814,1,198218.68000000814,63.75
2023-12-20,347244.3400000082,8,198214.34000000817,-970.0
2023-12-21,348244.3400000082,8,198214.34000000817,30.0
2023-12-22,349145.03000000824,8,199206.28000000824,-61.25
2023-12-25,349451.28000000824,5,199206.28000000824,245.0
2023-12-26,349823.81000000826,5,199828.81000000826,-5.0
2023-12-27,349970.69000000827,2,199828.19000000827,142.5
2023-12-28,349938.19000000827,2,199828.19000000827,110.0
2023-12-29,349782.5800000083,5,199826.33000000828,-43.75
2024-01-01,349982.5800000083,5,199826.33000000828,156.25
2024-01-02,349143.8500000083,9,199823.8500000083,-680.0
2024-01-03,347513.2500000083,14,199820.75000000832,-2307.5
2024-01-04,346280.76000000833,16,199819.51000000833,-3538.75
2024-01-05,346595.14000000834,17,199818.89000000834,-3223.75
2024-01-07,346318.89000000834,17,199818.89000000834,-3500.0
2024-01-08,351930.8600000084,17,201938.36000000843,-7.5
2024-01-09,351935.24000000843,3,201937.74000000843,-2.5
2024-01-10,352474.64000000845,3,202310.89000000845,163.75
2024-01-11,352384.65000000846,4,202309.65000000846,75.0
2024-01-12,352627.1900000085,4,202804.6900000085,-177.5
2024-01-14,352762.1900000085,4,202804.6900000085,-42.5
2024-01-15,352412.1900000085,4,202804.6900000085,-392.5
2024-01-16,352076.5900000085,9,202801.59000000852,-725.0
2024-01-17,351159.11000000854,13,202799.11000000854,-1640.0
2024-01-18,354423.5600000086,13,204416.0600000086,7.5
2024-01-19,355092.98000000865,3,205037.98000000865,55.0
2024-01-21,355154.23000000865,1,205037.98000000865,116.25
2024-01-22,355176.7500000087,3,205169.25000000867,7.5
2024-01-23,355536.7500000087,3,205169.25000000867,367.5
2024-01-24,355606.1700000087,6,205797.42000000871,-191.25
2024-01-25,355741.1700000087,6,205797.42000000871,-56.25
2024-01-26,356404.97000000876,6,206544.97000000876,-140.0
2024-01-28,356384.97000000876,4,206544.97000000876,-160.0
2024-01-29,357086.8700000088,4,207041.87000000878,45.0
2024-01-30,356983.1200000088,1,207041.87000000878,-58.75
2024-01-31,355880.6600000088,9,207036.91000000882,-1156.25
2024-02-01,358255.71000000887,9,208158.21000000887,97.5
2024-02-02,358506.3700000089,2,208528.8700000089,-22.5
2024-02-04,358453.8700000089,2,208528.8700000089,-75.0
2024-02-05,358838.9000000089,8,208525.15000000893,313.75
2024-02-06,359198.9000000089,8,208525.15000000893,673.75
2024-02-07,360283.970000009,8,210320.220000009,-36.25
2024-02-08,360320.850000009,3,210319.600000009,1.25
2024-02-09,360705.870000009,3,210693.37000000902,12.5
2024-02-11,360703.370000009,1,210693.37000000902,10.0
2024-02-12,360332.78000000905,6,210814.03000000905,-481.25
2024-02-13,359003.4400000091,13,210809.69000000908,-1806.25
2024-02-14,361977.1900000091,13,210809.69000000908,1167.5
2024-02-15,362685.4100000092,13,212686.66000000917,-1.25
2024-02-16,362116.6800000092,6,212684.1800000092,-567.5
2024-02-18,362401.6800000092,6,212684.1800000092,-282.5
2024-02-19,361831.6800000092,6,212684.1800000092,-852.5
2024-02-20,361108.5900000092,13,212679.84000000922,-1571.25
2024-02-21,364943.60000000923,15,212678.60000000923,2265.0
2024-02-22,367307.4400000093,15,217213.69000000932,93.75
2024-02-23,367118.09000000934,4,217361.84000000934,-243.75
2024-02-25,367048.09000000934,4,217361.84000000934,-313.75
2024-02-26,366664.98000000935,7,217359.98000000935,-695.0
2024-02-27,367142.49000000936,9,217358.74000000936,-216.25
2024-02-28,367007.49000000936,9,217358.74000000936,-351.25
2024-02-29,368143.74000000936,9,217358.74000000936,785.0
2024-03-01,368768.8100000094,9,218733.81000000943,35.0
2024-03-03,368778.8100000094,1,218733.81000000943,45.0
2024-03-04,368501.96000000945,4,218855.71000000945,-353.75
2024-03-05,367729.5100000095,14,218849.5100000095,-1120.0
2024-03-06,370160.8600000096,14,220587.1100000096,-426.25
2024-03-07,371442.7700000096,6,221401.52000000962,41.25
2024-03-08,370444.06000000966,7,221521.56000000966,-1077.5
2024-03-10,370006.56000000966,7,221521.56000000966,-1515.0
2024-03-11,370733.5200000097,8,221501.02000000965,-767.5
2024-03-12,372471.6900000097,8,222497.9400000097,-26.25
2024-03-13,372563.58000000974,4,222496.0800000097,67.5
2024-03-14,372492.98000000976,9,222492.98000000973,0.0
2024-03-15,371067.3700000098,12,222491.12000000975,-1423.75
2024-03-17,371667.3700000098,12,222491.12000000975,-823.75
2024-03-18,373656.83000000985,12,223981.83000000982,-325.0
2024-03-19,374830.6300000099,7,224850.63000000987,-20.0
2024-03-20,375750.06000000995,3,225471.31000000992,278.75
2024-03-21,375718.21000001,3,225829.46000000995,-111.25
2024-03-22,375431.35000001,6,225827.60000000996,-396.25
2024-03-24,375431.35000001,6,225827.60000000996,-396.25
2024-03-25,375240.73000001,7,225826.98000000996,-586.25
2024-03-26,375211.99000001,9,225825.74000000997,-613.75
2024-03-27,376404.49000001,9,225825.74000000997,578.75
2024-03-28,376843.30000001006,9,226948.30000001003,-105.0
2024-03-31,377203.30000001006,3,226948.30000001003,255.0
2024-04-01,376543.3200000101,7,226945.82000001005,-402.5
2024-04-02,375514.5900000101,11,226943.34000001007,-1428.75
2024-04-03,376889.5900000101,11,226943.34000001007,-53.75
2024-04-04,373927.8500000102,16,228302.8500000102,-4375.0
2024-04-05,377967.8500000102,16,228302.8500000102,-335.0
2024-04-07,377167.8500000102,16,228302.8500000102,-1135.0
2024-04-08,377867.8500000102,16,228302.8500000102,-435.0
2024-04-09,378647.8500000102,16,228302.8500000102,345.0
2024-04-10,374027.8500000102,16,228302.8500000102,-4275.0
2024-04-11,377067.8500000102,16,228302.8500000102,-1235.0
2024-04-12,370569.75000001024,21,228299.75000001022,-7730.0
2024-04-14,372144.75000001024,21,228299.75000001022,-6155.0
2024-04-15,362826.00000001024,21,228299.75000001022,-15473.75
2024-04-16,364137.26000001025,23,228298.51000001022,-14161.25
2024-04-17,360968.52000001026,25,228297.27000001023,-17328.75
2024-04-18,350514.7900000103,29,228294.79000001025,-27780.0
2024-04-19,350475.4300000103,32,228292.93000001027,-27817.5
2024-04-21,352475.4300000103,32,228292.93000001027,-25817.5
2024-04-22,357555.4300000103,32,228292.93000001027,-20737.5
2024-04-23,369955.4300000103,32,228292.93000001027,-8337.5
2024-04-24,361795.4300000103,32,228292.93000001027,-16497.5
2024-04-25,369795.4300000103,32,228292.93000001027,-8497.5
2024-04-26,370995.4300000103,32,228292.93000001027,-7297.5
2024-04-28,372915.4300000103,32,228292.93000001027,-5377.5
2024-04-29,372795.4300000103,32,228292.93000001027,-5497.5
2024-04-30,360315.4300000103,32,228292.93000001027,-17977.5
2024-05-01,361435.4300000103,32,228292.93000001027,-16857.5
2024-05-02,367035.4300000103,32,228292.93000001027,-11257.5
2024-05-03,375755.4300000103,32,228292.93000001027,-2537.5
2024-05-05,375475.4300000103,32,228292.93000001027,-2817.5
2024-05-06,382321.22000001045,32,232294.97000001042,26.25
2024-05-07,382343.72000001045,1,232294.97000001042,48.75
2024-05-08,382378.10000001045,2,232294.35000001042,83.75
2024-05-09,382624.99000001047,2,232543.74000001044,81.25
2024-05-10,382651.8900000105,4,232691.89000001046,-40.0
2024-05-12,382801.8900000105,4,232691.89000001046,110.0
2024-05-13,382651.8900000105,4,232691.89000001046,-40.0
2024-05-14,383259.4200000105,4,233188.1700000105,71.25
2024-05-15,383811.33000001055,2,233686.33000001052,125.0
2024-05-16,383488.8600000106,5,233807.61000001055,-318.75
2024-05-17,383890.1200000106,7,233806.37000001056,83.75
2024-05-19,384117.6200000106,7,233806.37000001056,311.25
2024-05-20,384047.6200000106,7,233806.37000001056,241.25
2024-05-21,384520.1200000106,7,233806.37000001056,713.75
2024-05-22,385062.6200000106,7,233806.37000001056,1256.25
2024-05-23,384918.2800000106,7,234918.2800000106,0.0
2024-05-24,384938.92000001064,3,234916.4200000106,22.5
2024-05-26,384882.67000001064,3,234916.4200000106,-33.75
2024-05-27,385070.17000001064,3,234916.4200000106,153.75
2024-05-28,384763.93000001065,5,234915.18000001062,-151.25
2024-05-29,383278.94000001065,7,234913.94000001063,-1635.0
2024-05-30,382580.2200000107,13,234910.22000001065,-2330.0
2024-05-31,386667.17000001075,14,236667.17000001072,0.0
2024-06-02,386667.17000001075,0,236667.17000001072,0.0
2024-06-03,386667.17000001075,0,236667.17000001072,0.0
2024-06-04,387015.9500000108,4,236788.45000001075,227.5
2024-06-05,387658.4900000108,4,237415.9900000108,242.5
2024-06-06,387851.65000001085,5,237661.65000001082,190.0
2024-06-07,387987.3400000109,6,238408.59000001088,-421.25
2024-06-09,388054.8400000109,6,238408.59000001088,-353.75
2024-06-10,388470.4700000109,7,238407.9700000109,62.5
2024-06-11,389411.14000001096,8,239411.14000001093,0.0
2024-06-12,389681.170000011,4,239532.42000001096,148.75
2024-06-13,389952.430000011,6,239531.18000001097,421.25
2024-06-14,389779.930000011,6,239531.18000001097,248.75
2024-06-16,389779.930000011,6,239531.18000001097,248.75
2024-06-17,390391.250000011,6,240396.250000011,-5.0
2024-06-18,390538.750000011,2,240396.250000011,142.5
2024-06-19,390638.750000011,2,240396.250000011,242.5
2024-06-20,390351.93000001105,9,240639.43000001105,-287.5
2024-06-21,390022.56000001106,10,240638.81000001106,-616.25
2024-06-23,389535.06000001106,10,240638.81000001106,-1103.75
2024-06-24,389411.94000001106,11,240638.19000001106,-1226.25
2024-06-25,390305.69000001106,11,240638.19000001106,-332.5
2024-06-26,389356.94000001106,11,240638.19000001106,-1281.25
2024-06-27,391488.19000001106,11,240638.19000001106,850.0
2024-06-28,391379.55000001116,11,242010.80000001116,-631.25
2024-06-30,391599.55000001116,11,242010.80000001116,-411.25
2024-07-01,390841.43000001117,12,242010.18000001117,-1168.75
2024-07-02,393477.12000001123,12,243503.37000001123,-26.25
2024-07-03,393610.88000001124,1,243627.13000001124,-16.25
2024-07-04,393633.38000001124,1,243627.13000001124,6.25
2024-07-05,393874.65000001126,2,243875.90000001126,-1.25
2024-07-07,393870.90000001126,1,243875.90000001126,-5.0
2024-07-08,393989.65000001126,1,243875.90000001126,113.75
2024-07-09,393987.7900000113,2,243999.04000001127,-11.25
2024-07-10,394368.4400000113,2,244372.1900000113,-3.75
2024-07-11,393475.98000001133,9,244367.23000001133,-891.25
2024-07-12,395157.34000001143,9,245862.34000001143,-705.0
2024-07-14,395419.84000001143,7,245862.34000001143,-442.5
2024-07-15,397075.5300000115,7,246733.0300000115,342.5
2024-07-16,397575.57000001153,6,247483.07000001153,92.5
2024-07-17,397008.08000001154,4,247481.83000001154,-473.75
2024-07-18,396121.23000001156,9,247478.73000001156,-1357.5
2024-07-19,393838.1200000116,12,247476.87000001158,-3638.75
2024-07-21,394483.1200000116,12,247476.87000001158,-2993.75
2024-07-22,396658.1200000116,12,247476.87000001158,-818.75
2024-07-23,395203.1200000116,12,247476.87000001158,-2273.75
2024-07-24,388774.43000001163,24,247469.43000001163,-8695.0
2024-07-25,386208.20000001165,28,247466.95000001165,-11258.75
2024-07-26,391528.20000001165,28,247466.95000001165,-5938.75
2024-07-28,394958.20000001165,28,247466.95000001165,-2508.75
2024-07-29,390163.20000001165,28,247466.95000001165,-7303.75
2024-07-30,391038.20000001165,28,247466.95000001165,-6428.75
2024-07-31,402181.53000001184,28,251452.78000001184,728.75
2024-08-01,401449.0900000119,5,252199.0900000119,-750.0
2024-08-02,399324.7300000119,8,252197.2300000119,-2872.5
2024-08-04,396714.7300000119,8,252197.2300000119,-5482.5
2024-08-05,397594.1100000119,9,252196.61000001192,-4602.5
2024-08-06,398212.8600000119,9,252196.61000001192,-3983.75
2024-08-07,394432.8600000119,9,252196.61000001192,-7763.75
2024-08-08,400204.1100000119,9,252196.61000001192,-1992.5
2024-08-09,400665.3600000119,9,252196.61000001192,-1531.25
2024-08-11,400822.8600000119,9,252196.61000001192,-1373.75
2024-08-12,401137.8600000119,9,252196.61000001192,-1058.75
2024-08-13,403539.800000012,9,253448.55000001198,91.25
2024-08-14,404186.710000012,3,253819.210000012,367.5
2024-08-15,405272.38000001205,3,255058.63000001205,213.75
2024-08-16,405327.4000000121,2,255307.40000001207,20.0
2024-08-18,405382.4000000121,2,255307.40000001207,75.0
2024-08-19,405823.0600000121,2,255803.0600000121,20.0
2024-08-20,405978.7000000121,4,255801.20000001212,177.5
2024-08-21,406426.24000001216,4,256298.74000001216,127.5
2024-08-22,406053.82000001223,12,256926.32000001223,-872.5
2024-08-23,409164.57000001235,12,259175.82000001235,-11.25
2024-08-25,409139.57000001235,1,259175.82000001235,-36.25
2024-08-26,409026.47000001237,6,259172.72000001237,-146.25
2024-08-27,409498.9800000124,8,259171.48000001238,327.5
2024-08-28,407129.6300000124,13,259168.3800000124,-2038.75
2024-08-29,410489.1400000125,13,261160.39000001253,-671.25
2024-08-30,412279.8200000126,9,262286.0700000126,-6.25
2024-09-01,412262.3200000126,1,262286.0700000126,-23.75
2024-09-02,412258.5700000126,1,262286.0700000126,-27.5
2024-09-03,406292.41000001266,19,262274.91000001266,-5982.5
2024-09-04,406928.04000001267,20,262274.29000001267,-5346.25
2024-09-05,405343.6800000127,23,262272.4300000127,-6928.75
2024-09-06,391073.1000000127,32,262266.8500000127,-21193.75
2024-09-08,396073.1000000127,32,262266.8500000127,-16193.75
2024-09-09,402753.1000000127,32,262266.8500000127,-9513.75
2024-09-10,402953.1000000127,32,262266.8500000127,-9313.75
2024-09-11,416330.7700000129,32,266252.0200000129,78.75
2024-09-12,417162.08000001294,4,266995.83000001294,166.25
2024-09-13,417272.120000013,4,267367.120000013,-95.0
2024-09-15,417392.120000013,4,267367.120000013,25.0
2024-09-16,417534.690000013,6,267350.940000013,183.75
2024-09-17,418379.76000001305,8,268381.01000001305,-1.25
2024-09-18,420229.8400000131,8,269379.8400000131,850.0
2024-09-19,421801.7700000132,8,271913.0200000132,-111.25
2024-09-20,421831.1700000132,8,271909.9200000132,-78.75
2024-09-22,422661.1700000132,8,271909.9200000132,751.25
2024-09-23,422221.1700000132,8,271909.9200000132,311.25
2024-09-24,422881.22000001324,8,272904.97000001324,-23.75
2024-09-25,423431.23000001325,4,272903.73000001325,527.5
2024-09-26,423843.1600000133,7,273789.4100000133,53.75
2024-09-27,423274.4100000133,7,273789.4100000133,-515.0
2024-09-29,423615.6600000133,7,273789.4100000133,-173.75
2024-09-30,425052.6100000134,10,275037.6100000134,15.0
2024-10-01,423889.5300000134,11,275032.0300000134,-1142.5
2024-10-02,423610.17000001343,14,275030.17000001343,-1420.0
2024-10-03,423767.67000001343,14,275030.17000001343,-1262.5
2024-10-04,427525.93000001356,14,277532.18000001356,-6.25
2024-10-06,427529.68000001356,1,277532.18000001356,-2.5
2024-10-07,426508.4700000136,9,277527.2200000136,-1018.75
2024-10-08,428756.66000001365,9,278649.16000001365,107.5
2024-10-09,429380.4500000137,4,279271.7000000137,108.75
2024-10-10,429441.7100000137,4,279270.4600000137,171.25
2024-10-11,429788.6100000137,4,279768.6100000137,20.0
2024-10-13,429799.8600000137,1,279768.6100000137,31.25
2024-10-14,430200.51000001375,2,280025.51000001375,175.0
2024-10-15,429619.3000000138,10,280020.5500000138,-401.25
2024-10-16,429894.3000000138,10,280020.5500000138,-126.25
2024-10-17,431780.63000001386,10,282321.88000001386,-541.25
2024-10-18,432478.13000001386,6,282321.88000001386,156.25
2024-10-20,432493.13000001386,6,282321.88000001386,171.25
2024-10-21,431970.0200000139,9,282320.0200000139,-350.0
2024-10-22,432164.4000000139,10,282319.4000000139,-155.0
2024-10-23,431158.8200000139,19,282313.8200000139,-1155.0
2024-10-24,430873.8200000139,19,282313.8200000139,-1440.0
2024-10-25,433789.58000001404,19,284680.83000001404,-891.25
2024-10-27,435039.58000001404,8,284680.83000001404,358.75
2024-10-28,434209.58000001404,8,284680.83000001404,-471.25
2024-10-29,435389.58000001404,8,284680.83000001404,708.75
2024-10-30,433229.58000001404,8,284680.83000001404,-1451.25
2024-10-31,428991.5000000141,17,284675.2500000141,-5683.75
2024-11-01,429947.7500000141,17,284675.2500000141,-4727.5
2024-11-03,431095.2500000141,17,284675.2500000141,-3580.0
2024-11-04,428615.8800000141,18,284674.6300000141,-6058.75
2024-11-05,441733.3800000141,18,284674.6300000141,7058.75
2024-11-06,446439.1100000142,18,296367.8600000142,71.25
2024-11-07,446601.0100000142,2,296616.0100000142,-15.0
2024-11-08,446837.28000001423,2,296863.53000001423,-26.25
2024-11-10,446967.28000001423,2,296863.53000001423,103.75
2024-11-11,446919.16000001424,3,296862.91000001424,56.25
2024-11-12,446624.81000001426,8,296859.81000001426,-235.0
2024-11-13,447596.7500000143,8,297856.7500000143,-260.0
2024-11-14,445392.41000001435,12,297852.41000001435,-2460.0
2024-11-15,441288.7000000144,20,297847.4500000144,-6558.75
2024-11-17,442688.7000000144,20,297847.4500000144,-5158.75
2024-11-18,444313.7000000144,20,297847.4500000144,-3533.75
2024-11-19,446038.7000000144,20,297847.4500000144,-1808.75
2024-11-20,443688.7000000144,20,297847.4500000144,-4158.75
2024-11-21,448163.7000000144,20,297847.4500000144,316.25
2024-11-22,450700.7000000145,20,300348.2000000145,352.5
2024-11-24,451269.4500000145,5,300348.2000000145,921.25
2024-11-25,451713.89000001457,8,301580.14000001457,133.75
2024-11-26,452676.4400000146,8,302577.6900000146,98.75
2024-11-27,452790.21000001463,6,302575.21000001463,215.0
2024-11-28,453157.71000001463,6,302575.21000001463,582.5
2024-11-29,453373.37000001466,6,303325.87000001466,47.5
2024-12-01,453317.12000001466,1,303325.87000001466,-8.75
2024-12-02,453445.8800000147,1,303449.6300000147,-3.75
2024-12-03,453755.2700000147,4,303447.7700000147,307.5
2024-12-04,454080.3000000147,4,303946.5500000147,133.75
2024-12-05,453922.21000001475,5,304193.46000001475,-271.25
2024-12-06,454222.21000001475,5,304193.46000001475,28.75
2024-12-08,454159.71000001475,5,304193.46000001475,-33.75
2024-12-09,453119.73000001477,9,304190.98000001477,-1071.25
2024-12-10,452574.7500000148,13,304188.5000000148,-1613.75
2024-12-11,455654.83000001486,13,305814.83000001486,-160.0
2024-12-12,455256.7300000149,8,305811.7300000149,-555.0
2024-12-13,454658.6200000149,11,305809.8700000149,-1151.25
2024-12-15,455057.3700000149,11,305809.8700000149,-752.5
2024-12-16,455992.4800000149,11,305782.4800000149,210.0
2024-12-17,455277.4800000149,11,305782.4800000149,-505.0
2024-12-18,441173.1300000149,16,305779.3800000149,-14606.25
2024-12-19,438473.1300000149,16,305779.3800000149,-17306.25
2024-12-20,445113.1300000149,16,305779.3800000149,-10666.25
2024-12-22,447673.1300000149,16,305779.3800000149,-8106.25
2024-12-23,448431.2700000149,19,305777.5200000149,-7346.25
2024-12-24,454463.7700000149,19,305777.5200000149,-1313.75
2024-12-25,454701.2700000149,19,305777.5200000149,-1076.25
2024-12-26,452920.0200000149,19,305777.5200000149,-2857.5
2024-12-27,447837.5200000149,19,305777.5200000149,-7940.0
2024-12-29,446745.0200000149,19,305777.5200000149,-9032.5
2024-12-30,440807.5200000149,19,305777.5200000149,-14970.0
2024-12-31,439192.5200000149,19,305777.5200000149,-16585.0
2025-01-01,440807.5200000149,19,305777.5200000149,-14970.0
2025-01-02,438147.5200000149,19,305777.5200000149,-17630.0
2025-01-03,443651.9000000149,20,305776.9000000149,-12125.0
2025-01-05,443901.9000000149,20,305776.9000000149,-11875.0
2025-01-06,446876.9000000149,20,305776.9000000149,-8900.0
2025-01-07,442014.44000001496,28,305771.94000001496,-13757.5
2025-01-08,439212.57000001497,29,305771.32000001497,-16558.75
2025-01-09,439140.07000001497,29,305771.32000001497,-16631.25
2025-01-10,426498.210000015,32,305769.460000015,-29271.25
2025-01-12,423298.210000015,32,305769.460000015,-32471.25
2025-01-13,431418.210000015,32,305769.460000015,-24351.25
2025-01-14,430098.210000015,32,305769.460000015,-25671.25
2025-01-15,447098.210000015,32,305769.460000015,-8671.25
2025-01-16,446378.210000015,32,305769.460000015,-9391.25
2025-01-17,453858.210000015,32,305769.460000015,-1911.25
2025-01-19,453778.210000015,32,305769.460000015,-1991.25
2025-01-20,455338.210000015,32,305769.460000015,-431.25
2025-01-21,460614.6800000152,32,310379.6800000152,235.0
2025-01-22,460746.5700000152,2,310730.3200000152,16.25
2025-01-23,460965.9600000152,2,310853.4600000152,112.5
2025-01-24,460746.63000001526,7,311097.88000001526,-351.25
2025-01-26,458777.88000001526,7,311097.88000001526,-2320.0
2025-01-27,457937.26000001526,8,311097.26000001526,-3160.0
2025-01-28,459927.26000001526,8,311097.26000001526,-1170.0
2025-01-29,459657.26000001526,8,311097.26000001526,-1440.0
2025-01-30,460517.26000001526,8,311097.26000001526,-580.0
2025-01-31,458667.26000001526,8,311097.26000001526,-2430.0
2025-02-02,453787.26000001526,8,311097.26000001526,-7310.0
2025-02-03,457510.39000001526,9,311096.64000001526,-3586.25
2025-02-04,457859.14000001526,9,311096.64000001526,-3237.5
2025-02-05,460592.89000001526,9,311096.64000001526,-503.75
2025-02-06,460694.14000001526,9,311096.64000001526,-402.5
2025-02-07,458421.64000001526,9,311096.64000001526,-2675.0
2025-02-09,459062.89000001526,9,311096.64000001526,-2033.75
2025-02-10,459546.64000001526,9,311096.64000001526,-1550.0
2025-02-11,460097.89000001526,9,311096.64000001526,-998.75
2025-02-12,460086.64000001526,9,311096.64000001526,-1010.0
2025-02-13,462327.3200000153,9,312217.3200000153,110.0
2025-02-14,462232.3200000153,2,312217.3200000153,15.0
2025-02-16,462337.3200000153,2,312217.3200000153,120.0
2025-02-17,462349.8200000153,2,312217.3200000153,132.5
2025-02-18,462566.7000000153,3,312216.7000000153,350.0
2025-02-19,462542.97000001534,3,312590.47000001534,-47.5
2025-02-20,462553.00000001537,7,312586.75000001537,-33.75
2025-02-21,456719.9400000154,20,312578.6900000154,-5858.75
2025-02-23,459494.9400000154,20,312578.6900000154,-3083.75
2025-02-24,454636.21000001545,24,312576.21000001545,-7940.0
2025-02-25,453167.5000000155,32,312571.2500000155,-9403.75
2025-02-26,450607.5000000155,32,312571.2500000155,-11963.75
2025-02-27,435207.5000000155,32,312571.2500000155,-27363.75
2025-02-28,447967.5000000155,32,312571.2500000155,-14603.75
2025-03-02,450247.5000000155,32,312571.2500000155,-12323.75
2025-03-03,434047.5000000155,32,312571.2500000155,-28523.75
2025-03-04,426967.5000000155,32,312571.2500000155,-35603.75
2025-03-05,430567.5000000155,32,312571.2500000155,-32003.75
2025-03-06,416887.5000000155,32,312571.2500000155,-45683.75
2025-03-07,418167.5000000155,32,312571.2500000155,-44403.75
2025-03-09,414767.5000000155,32,312571.2500000155,-47803.75
2025-03-10,394607.5000000155,32,312571.2500000155,-67963.75
2025-03-11,389007.5000000155,32,312571.2500000155,-73563.75
2025-03-12,388967.5000000155,32,312571.2500000155,-73603.75
2025-03-13,385847.5000000155,32,312571.2500000155,-76723.75
2025-03-14,395287.5000000155,32,312571.2500000155,-67283.75
2025-03-16,392207.5000000155,32,312571.2500000155,-70363.75
2025-03-17,400407.8200000155,32,312491.5700000155,-62083.75
2025-03-18,395247.8200000155,32,312491.5700000155,-67243.75
2025-03-19,407327.8200000155,32,312491.5700000155,-55163.75
2025-03-20,400767.8200000155,32,312491.5700000155,-61723.75
2025-03-21,401567.8200000155,32,312491.5700000155,-60923.75
2025-03-23,407007.8200000155,32,312491.5700000155,-55483.75
2025-03-24,415487.8200000155,32,312491.5700000155,-47003.75
2025-03-25,418407.8200000155,32,312491.5700000155,-44083.75
2025-03-26,409047.8200000155,32,312491.5700000155,-53443.75
2025-03-27,405527.8200000155,32,312491.5700000155,-56963.75
2025-03-28,382767.8200000155,32,312491.5700000155,-79723.75
2025-03-30,378887.8200000155,32,312491.5700000155,-83603.75
2025-03-31,387927.8200000155,32,312491.5700000155,-74563.75
2025-04-01,392927.8200000155,32,312491.5700000155,-69563.75
2025-04-02,374887.8200000155,32,312491.5700000155,-87603.75
2025-04-03,350527.8200000155,32,312491.5700000155,-111963.75
2025-04-04,301847.8200000155,32,312491.5700000155,-160643.75
2025-04-06,275327.8200000155,32,312491.5700000155,-187163.75
2025-04-07,313487.8200000155,32,312491.5700000155,-149003.75
2025-04-08,274167.8200000155,32,312491.5700000155,-188323.75
2025-04-09,359087.8200000155,32,312491.5700000155,-103403.75
2025-04-10,334327.8200000155,32,312491.5700000155,-128163.75
2025-04-11,349687.8200000155,32,312491.5700000155,-112803.75
2025-04-13,356287.8200000155,32,312491.5700000155,-106203.75
2025-04-14,356327.8200000155,32,312491.5700000155,-106163.75
2025-04-15,347127.8200000155,32,312491.5700000155,-115363.75
2025-04-16,341487.8200000155,32,312491.5700000155,-121003.75
2025-04-17,338607.8200000155,32,312491.5700000155,-123883.75
2025-04-20,329127.8200000155,32,312491.5700000155,-133363.75
2025-04-21,318927.8200000155,32,312491.5700000155,-143563.75
2025-04-22,349567.8200000155,32,312491.5700000155,-112923.75
2025-04-23,349247.8200000155,32,312491.5700000155,-113243.75
2025-04-24,372967.8200000155,32,312491.5700000155,-89523.75
2025-04-25,374767.8200000155,32,312491.5700000155,-87723.75
2025-04-27,369327.8200000155,32,312491.5700000155,-93163.75
2025-04-28,376327.8200000155,32,312491.5700000155,-86163.75
2025-04-29,375567.8200000155,32,312491.5700000155,-86923.75
2025-04-30,390007.8200000155,32,312491.5700000155,-72483.75
2025-05-01,393207.8200000155,32,312491.5700000155,-69283.75
2025-05-02,400047.8200000155,32,312491.5700000155,-62443.75
2025-05-04,393487.8200000155,32,312491.5700000155,-69003.75
2025-05-05,392407.8200000155,32,312491.5700000155,-70083.75
2025-05-06,391807.8200000155,32,312491.5700000155,-70683.75
2025-05-07,397847.8200000155,32,312491.5700000155,-64643.75
2025-05-08,396927.8200000155,32,312491.5700000155,-65563.75
2025-05-09,395807.8200000155,32,312491.5700000155,-66683.75
2025-05-11,408007.8200000155,32,312491.5700000155,-54483.75
2025-05-12,421207.8200000155,32,312491.5700000155,-41283.75
2025-05-13,431247.8200000155,32,312491.5700000155,-31243.75
2025-05-14,430047.8200000155,32,312491.5700000155,-32443.75
2025-05-15,435687.8200000155,32,312491.5700000155,-26803.75
2025-05-16,438127.8200000155,32,312491.5700000155,-24363.75
2025-05-18,432207.8200000155,32,312491.5700000155,-30283.75
2025-05-19,440847.8200000155,32,312491.5700000155,-21643.75
2025-05-20,437247.8200000155,32,312491.5700000155,-25243.75
2025-05-21,424847.8200000155,32,312491.5700000155,-37643.75
2025-05-22,424287.8200000155,32,312491.5700000155,-38203.75
2025-05-23,416727.8200000155,32,312491.5700000155,-45763.75
2025-05-25,426367.8200000155,32,312491.5700000155,-36123.75
2025-05-26,424647.8200000155,32,312491.5700000155,-37843.75
2025-05-27,435167.8200000155,32,312491.5700000155,-27323.75
2025-05-28,445487.8200000155,32,312491.5700000155,-17003.75
2025-05-29,431847.8200000155,32,312491.5700000155,-30643.75
2025-05-30,432567.8200000155,32,312491.5700000155,-29923.75
2025-06-01,428447.8200000155,32,312491.5700000155,-34043.75
2025-06-02,434407.8200000155,32,312491.5700000155,-28083.75
2025-06-03,442687.8200000155,32,312491.5700000155,-19803.75
2025-06-04,442607.8200000155,32,312491.5700000155,-19883.75
2025-06-05,439967.8200000155,32,312491.5700000155,-22523.75
2025-06-06,447967.8200000155,32,312491.5700000155,-14523.75
2025-06-08,445767.8200000155,32,312491.5700000155,-16723.75
2025-06-09,451967.8200000155,32,312491.5700000155,-10523.75
2025-06-10,451007.8200000155,32,312491.5700000155,-11483.75
2025-06-11,447807.8200000155,32,312491.5700000155,-14683.75
2025-06-12,440127.8200000155,32,312491.5700000155,-22363.75
2025-06-13,442887.8200000155,32,312491.5700000155,-19603.75
2025-06-15,444367.8200000155,32,312491.5700000155,-18123.75
2025-06-16,448728.1400000155,32,312411.8900000155,-13683.75
2025-06-17,444248.1400000155,32,312411.8900000155,-18163.75
2025-06-18,441728.1400000155,32,312411.8900000155,-20683.75
2025-06-19,441048.1400000155,32,312411.8900000155,-21363.75
2025-06-20,441728.1400000155,32,312411.8900000155,-20683.75
2025-06-22,437888.1400000155,32,312411.8900000155,-24523.75
2025-06-23,455688.1400000155,32,312411.8900000155,-6723.75
2025-06-24,460688.1400000155,32,312411.8900000155,-1723.75
2025-06-25,462128.1400000155,32,312411.8900000155,-283.75
2025-06-26,466652.06000001566,32,316427.06000001566,225.0
2025-06-27,467246.5000000157,9,316794.0000000157,452.5
2025-06-29,468461.5000000157,9,316794.0000000157,1667.5
2025-06-30,468865.3500000158,9,318960.3500000158,-95.0
2025-07-01,469280.3600000158,5,318959.1100000158,321.25
2025-07-02,469622.89000001585,5,319582.89000001585,40.0
2025-07-03,469752.91000001587,1,319830.41000001587,-77.5
2025-07-04,469630.41000001587,1,319830.41000001587,-200.0
2025-07-06,469719.16000001587,1,319830.41000001587,-111.25
2025-07-07,469366.7100000159,11,319824.2100000159,-457.5
2025-07-08,468761.7100000159,11,319824.2100000159,-1062.5
2025-07-09,471198.670000016,11,321198.670000016,0.0
2025-07-10,471900.580000016,6,321944.330000016,-43.75
2025-07-11,471892.47000001604,4,321942.47000001604,-50.0
2025-07-13,471482.47000001604,4,321942.47000001604,-460.0
2025-07-14,472352.47000001604,4,321942.47000001604,410.0
2025-07-15,470616.9200000161,11,322758.1700000161,-2141.25
2025-07-16,472071.3100000161,14,322756.3100000161,-685.0
2025-07-17,474623.2600000162,14,324512.0100000162,111.25
2025-07-18,474544.5400000162,5,324633.2900000162,-88.75
2025-07-20,474650.7900000162,5,324633.2900000162,17.5
2025-07-21,475039.59000001627,5,325257.09000001627,-217.5
2025-07-22,475816.4800000163,8,325255.2300000163,561.25
2025-07-23,476657.17000001634,8,326598.42000001634,58.75
2025-07-24,476872.19000001636,3,326720.94000001636,151.25
2025-07-25,477007.19000001636,3,326720.94000001636,286.25
2025-07-27,477352.19000001636,3,326720.94000001636,631.25
2025-07-28,477052.19000001636,3,326720.94000001636,331.25
2025-07-29,476915.3700000164,8,327124.1200000164,-208.75
2025-07-30,478617.9500000165,12,328617.9500000165,0.0
2025-07-31,478617.9500000165,0,328617.9500000165,0.0
2025-08-01,478617.9500000165,0,328617.9500000165,0.0
2025-08-03,478617.9500000165,0,328617.9500000165,0.0
2025-08-04,478904.8400000165,3,328616.0900000165,288.75
2025-08-05,478773.03000001656,10,328983.03000001656,-210.0
2025-08-06,480334.9600000166,10,330228.7100000166,106.25
2025-08-07,480301.24000001664,5,330427.49000001664,-126.25
2025-08-08,481640.0400000167,5,331051.2900000167,588.75
2025-08-10,481633.7900000167,5,331051.2900000167,582.5
2025-08-11,481461.35000001674,7,331670.10000001674,-208.75
2025-08-12,483081.4300000168,7,333037.6800000168,43.75
2025-08-13,483317.08000001684,4,333192.08000001684,125.0
2025-08-14,483682.08000001684,4,333192.08000001684,490.0
2025-08-15,483022.71000001684,5,333191.46000001684,-168.75
2025-08-17,483378.96000001684,5,333191.46000001684,187.5
2025-08-18,482857.09000001685,6,333190.84000001685,-333.75
2025-08-19,480467.7500000169,13,333186.5000000169,-2718.75
2025-08-20,481879.6700000169,22,333180.9200000169,-1301.25
2025-08-21,478772.1700000169,22,333180.9200000169,-4408.75
2025-08-22,486024.81000001705,22,336057.31000001705,-32.5
2025-08-24,485879.81000001705,4,336057.31000001705,-177.5
2025-08-25,485005.45000001707,7,336055.45000001707,-1050.0
2025-08-26,486611.0800000171,8,336054.8300000171,556.25
2025-08-27,487046.1300000171,8,337054.8800000171,-8.75
2025-08-28,487413.03000001714,3,337429.28000001714,-16.25
2025-08-29,486983.6900000172,8,337424.9400000172,-441.25
2025-08-31,486853.6900000172,8,337424.9400000172,-571.25
2025-09-01,486793.6900000172,8,337424.9400000172,-631.25
2025-09-02,485429.3200000172,9,337424.3200000172,-1995.0
2025-09-03,486790.5700000172,9,337424.3200000172,-633.75
2025-09-04,488654.3700000172,9,338550.6200000172,103.75
2025-09-05,488020.6900000173,13,338711.9400000173,-691.25
2025-09-07,488735.6900000173,13,338711.9400000173,23.75
2025-09-08,489710.6900000173,13,338711.9400000173,998.75
2025-09-09,490485.14000001736,13,340335.14000001736,150.0
2025-09-10,490918.3000000174,5,340638.3000000174,280.0
2025-09-11,491592.73000001744,5,341511.48000001744,81.25
2025-09-12,491572.73000001744,2,341511.48000001744,61.25
2025-09-14,491610.23000001744,2,341511.48000001744,98.75
2025-09-15,491947.7700000175,2,341770.2700000175,177.5
2025-09-16,491745.2700000175,2,341770.2700000175,-25.0
2025-09-17,492821.5400000175,6,341767.7900000175,1053.75
2025-09-18,492650.34000001755,6,342687.84000001755,-37.5
2025-09-19,493154.1200000176,4,343186.6200000176,-32.5
2025-09-21,493134.1200000176,2,343186.6200000176,-52.5
2025-09-22,493602.2700000176,3,343558.5200000176,43.75
2025-09-23,493277.3000000176,7,343554.8000000176,-277.5
2025-09-24,493200.45000001765,12,343551.70000001765,-351.25
2025-09-25,490909.2300000177,18,343547.9800000177,-2638.75
2025-09-26,494509.2300000177,18,343547.9800000177,961.25
2025-09-28,496129.2300000177,18,343547.9800000177,2581.25
2025-09-29,496774.9700000178,18,346677.4700000178,97.5
2025-09-30,496953.7600000178,5,347301.2600000178,-347.5
2025-10-01,497871.29000001785,4,347797.54000001785,73.75
2025-10-02,498530.7000000179,6,347923.2000000179,607.5
2025-10-03,498445.76000001794,6,348665.76000001794,-220.0
2025-10-05,499060.76000001794,6,348665.76000001794,395.0
2025-10-06,499293.300000018,6,349415.800000018,-122.5
2025-10-07,499367.710000018,9,349411.460000018,-43.75
2025-10-08,500542.14000001806,9,350530.89000001806,11.25
2025-10-09,500636.5400000181,7,350527.7900000181,108.75
2025-10-10,492455.2900000181,7,350527.7900000181,-8072.5
2025-10-12,496602.7900000181,7,350527.7900000181,-3925.0
2025-10-13,497486.5600000181,11,350525.3100000181,-3038.75
2025-10-14,499964.0900000181,17,350521.5900000181,-557.5
2025-10-15,503034.8000000182,17,353034.8000000182,0.0
2025-10-16,503034.8000000182,0,353034.8000000182,0.0
2025-10-17,503054.8100000182,2,353033.5600000182,21.25
2025-10-19,503177.3100000182,2,353033.5600000182,143.75
2025-10-20,503523.59000001824,2,353406.09000001824,117.5
2025-10-21,503546.09000001824,2,353406.09000001824,140.0
2025-10-22,503533.0000000183,9,353401.7500000183,131.25
2025-10-23,504761.1800000183,9,354527.4300000183,233.75
2025-10-24,505068.09000001836,3,355209.34000001836,-141.25
2025-10-26,505859.34000001836,3,355209.34000001836,650.0
2025-10-27,506176.8800000184,3,356176.8800000184,0.0
2025-10-28,506386.2700000184,2,356300.0200000184,86.25
2025-10-29,506920.06000001845,5,356920.06000001845,0.0
2025-10-30,507825.1000000185,8,356915.1000000185,910.0
2025-10-31,507872.06000001857,10,358162.06000001857,-290.0
2025-11-02,508228.31000001857,5,358162.06000001857,66.25
2025-11-03,507518.38000001863,9,358782.13000001863,-1263.75
2025-11-04,504347.77000001865,12,358780.27000001865,-4432.5
2025-11-05,506928.40000001865,13,358779.65000001865,-1851.25
2025-11-06,501475.9400000187,21,358774.6900000187,-7298.75
2025-11-07,504400.9600000187,25,358772.2100000187,-4371.25
2025-11-09,509025.9600000187,25,358772.2100000187,253.75
2025-11-10,512683.0400000189,25,362753.0400000189,-70.0
2025-11-11,513459.34000001894,5,363376.84000001894,82.5
2025-11-12,513800.60000001895,4,363375.60000001895,425.0
2025-11-13,507916.920000019,18,363366.920000019,-5450.0
2025-11-14,509930.680000019,20,363365.680000019,-3435.0
2025-11-16,512005.680000019,20,363365.680000019,-1360.0
2025-11-17,499561.94000001904,22,363364.44000001904,-13802.5
2025-11-18,495643.83000001905,25,363362.58000001905,-17718.75
2025-11-19,510768.83000001905,25,363362.58000001905,-2593.75
2025-11-20,489300.08000001905,25,363362.58000001905,-24062.5
2025-11-21,496222.59000001906,27,363361.34000001906,-17138.75
2025-11-23,498551.34000001906,27,363361.34000001906,-14810.0
2025-11-24,508102.59000001906,27,363361.34000001906,-5258.75
2025-11-25,516790.2300000192,27,366725.2300000192,65.0
2025-11-26,517109.6400000192,2,367097.1400000192,12.5
2025-11-27,517162.1400000192,2,367097.1400000192,65.0
2025-11-28,517423.41000001924,2,367344.66000001924,78.75
2025-11-30,516935.91000001924,2,367344.66000001924,-408.75
2025-12-01,517060.29000001925,3,367344.04000001925,-283.75
2025-12-02,517574.04000001925,3,367344.04000001925,230.0
2025-12-03,517710.31000001926,3,367717.81000001926,-7.5
2025-12-04,518406.5800000193,5,367715.3300000193,691.25
2025-12-05,518426.0000000193,5,368338.5000000193,87.5
2025-12-07,518651.0000000193,4,368338.5000000193,312.5
2025-12-08,518339.15000001935,9,368335.40000001935,3.75
2025-12-09,517889.15000001935,9,368335.40000001935,-446.25
2025-12-10,519416.12000001944,9,369953.62000001944,-537.5
2025-12-11,520900.5700000195,7,370946.8200000195,-46.25
2025-12-12,519243.13000001956,13,370939.38000001956,-1696.25
2025-12-14,520250.63000001956,13,370939.38000001956,-688.75
2025-12-15,516627.01000001957,13,370907.01000001957,-4280.0
2025-12-16,516356.4200000196,20,370902.6700000196,-4546.25
2025-12-17,510409.58000001963,27,370898.33000001963,-10488.75
2025-12-18,516552.08000001963,27,370898.33000001963,-4346.25
2025-12-19,524310.3500000198,27,374262.85000001977,47.5
2025-12-21,524425.3500000198,2,374262.85000001977,162.5
2025-12-22,524666.6200000198,2,374587.8700000198,78.75
2025-12-23,525307.3000000198,4,375333.55000001984,-26.25
2025-12-24,525432.9400000199,2,375456.69000001985,-23.75
2025-12-25,525447.9400000199,2,375456.69000001985,-8.75
2025-12-26,525418.5700000199,3,375456.07000001986,-37.5
2025-12-28,525422.3200000199,3,375456.07000001986,-33.75
2025-12-29,525255.4600000199,6,375454.21000001987,-198.75
2025-12-30,524617.9600000199,6,375454.21000001987,-836.25
2025-12-31,522437.3800000199,15,375448.6300000199,-3011.25
2026-01-01,524574.8800000199,15,375448.6300000199,-873.75
2026-01-02,522943.6300000199,15,375448.6300000199,-2505.0
2026-01-04,523768.6300000199,15,375448.6300000199,-1680.0
2026-01-05,527358.10000002,15,377319.35000002,38.75
2026-01-06,527851.25000002,4,377820.00000002,31.25
2026-01-07,526705.0500000201,9,377938.80000002007,-1233.75
2026-01-08,527136.3100000201,11,377937.5600000201,-801.25
2026-01-09,529385.7500000201,11,379314.50000002014,71.25
2026-01-11,529013.2500000201,2,379314.50000002014,-301.25
2026-01-12,529653.9000000202,3,379687.65000002016,-33.75
2026-01-13,529504.5500000202,6,379684.5500000202,-180.0
2026-01-14,528470.2000000202,11,379681.4500000202,-1211.25
2026-01-15,531551.5300000203,11,381292.7800000203,258.75
2026-01-16,531082.1700000203,8,381290.9200000203,-208.75
2026-01-18,528552.1700000203,8,381290.9200000203,-2738.75
2026-01-19,528062.1700000203,8,381290.9200000203,-3228.75
2026-01-20,525667.8300000203,15,381286.58000002033,-5618.75
2026-01-21,531649.0800000203,15,381286.58000002033,362.5
2026-01-22,533887.3100000204,15,383604.8100000204,282.5
2026-01-23,533179.1900000204,7,383604.19000002043,-425.0
2026-01-25,532960.4400000204,7,383604.19000002043,-643.75
2026-01-26,534622.9800000205,7,384477.98000002047,145.0
2026-01-27,534751.7400000205,1,384601.7400000205,150.0
2026-01-28,535068.6600000205,8,384723.6600000205,345.0
2026-01-29,532941.8000000205,11,384721.80000002054,-1780.0
2026-01-30,532749.3000000205,11,384721.80000002054,-1972.5
2026-02-01,529298.0500000205,11,384721.80000002054,-5423.75
2026-02-02,536076.8000000205,11,384721.80000002054,1355.0
2026-02-03,532530.5700000206,15,384719.32000002055,-2188.75
2026-02-04,529418.0700000206,15,384719.32000002055,-5301.25
2026-02-05,520605.57000002055,15,384719.32000002055,-14113.75
2026-02-06,532586.8200000206,15,384719.32000002055,-2132.5
2026-02-08,533561.8200000206,15,384719.32000002055,-1157.5
2026-02-09,536452.5400000206,15,386587.54000002064,-135.0
2026-02-10,536603.8100000207,8,386585.06000002066,18.75
2026-02-11,538115.7900000208,13,387580.79000002076,535.0
2026-02-12,527394.6000000208,25,387573.3500000208,-10178.75
2026-02-13,527140.2400000208,28,387571.4900000208,-10431.25
2026-02-15,529450.2400000208,28,387571.4900000208,-8121.25
2026-02-16,523955.2400000208,28,387571.4900000208,-13616.25
2026-02-17,532745.2600000208,32,387569.01000002085,-4823.75
2026-02-18,535785.2600000208,32,387569.01000002085,-1783.75
2026-02-19,534985.2600000208,32,387569.01000002085,-2583.75
2026-02-20,541641.690000021,32,391562.940000021,78.75
2026-02-22,540561.690000021,4,391562.940000021,-1001.25
2026-02-23,540806.7500000211,16,391555.5000000211,-748.75
2026-02-24,543627.4700000212,16,393554.97000002116,72.5
2026-02-25,544175.0100000212,3,394237.5100000212,-62.5
2026-02-26,542994.4500000213,14,394229.45000002126,-1235.0
2026-02-27,541824.4700000213,18,394226.9700000213,-2402.5
2026-03-01,537841.9700000213,18,394226.9700000213,-6385.0
2026-03-02,538411.3500000213,19,394226.3500000213,-5815.0
2026-03-03,535083.2500000213,24,394223.2500000213,-9140.0
2026-03-04,543963.2500000213,24,394223.2500000213,-260.0
2026-03-05,541443.2500000213,24,394223.2500000213,-2780.0
2026-03-06,528704.5100000213,26,394222.0100000213,-15517.5
2026-03-08,511804.5100000213,26,394222.0100000213,-32417.5
2026-03-09,535848.2900000213,32,394218.29000002134,-8370.0
2026-03-10,548274.1200000215,32,398222.87000002153,51.25
2026-03-11,541729.1500000216,15,398219.15000002156,-6490.0
2026-03-12,541122.3200000216,24,398213.5700000216,-7091.25
2026-03-13,531160.4800000216,31,398209.23000002163,-17048.75
2026-03-15,538561.7300000216,31,398209.23000002163,-9647.5
2026-03-16,539802.0400000217,31,398132.04000002163,-8330.0
2026-03-17,549877.0400000217,31,398132.04000002163,1745.0
2026-03-18,532376.4200000216,32,398131.42000002164,-15755.0
2026-03-19,530176.4200000216,32,398131.42000002164,-17955.0
2026-03-20,517136.4200000216,32,398131.42000002164,-30995.0
2026-03-22,506936.4200000216,32,398131.42000002164,-41195.0
2026-03-23,519376.4200000216,32,398131.42000002164,-28755.0
2026-03-24,526576.4200000216,32,398131.42000002164,-21555.0
2026-03-25,525256.4200000216,32,398131.42000002164,-22875.0
2026-03-26,511296.4200000216,32,398131.42000002164,-36835.0
2026-03-27,486656.4200000216,32,398131.42000002164,-61475.0
2026-03-29,488456.4200000216,32,398131.42000002164,-59675.0
2026-03-30,494016.4200000216,32,398131.42000002164,-54115.0
2026-03-31,515776.4200000216,32,398131.42000002164,-32355.0
2026-04-01,508936.4200000216,32,398131.42000002164,-39195.0
2026-04-02,521056.4200000216,32,398131.42000002164,-27075.0
2026-04-03,519576.4200000216,32,398131.42000002164,-28555.0
2026-04-05,520936.4200000216,32,398131.42000002164,-27195.0
2026-04-06,522616.4200000216,32,398131.42000002164,-25515.0
2026-04-07,553416.4200000216,32,398131.42000002164,5285.0
2026-04-08,555559.1100000218,32,405632.8600000218,-73.75
2026-04-09,556717.9200000218,6,406627.92000002187,90.0
2026-04-10,556790.4600000218,6,406872.9600000219,-82.5
2026-04-12,554937.9600000218,6,406872.9600000219,-1935.0
2026-04-13,558347.420000022,8,408237.420000022,110.0
2026-04-14,558761.2000000221,1,408658.700000022,102.5
2026-04-15,559477.5100000221,3,409402.51000002207,75.0
2026-04-16,559856.920000022,4,409649.4200000221,207.5
2026-04-17,561015.7300000221,4,410954.48000002216,61.25
2026-04-19,560115.7300000221,4,410954.48000002216,-838.75
2026-04-20,561417.6300000222,9,410951.3800000222,466.25
2026-04-21,562378.3700000222,14,412067.1200000223,311.25
2026-04-22,563540.9500000223,14,413820.95000002236,-280.0
2026-04-23,564668.5400000224,16,414059.79000002245,608.75
2026-04-24,566704.8900000225,16,416621.14000002254,83.75
2026-04-26,566777.3900000225,2,416621.14000002254,156.25
2026-04-27,567002.4200000225,3,416993.67000002257,8.75
2026-04-28,567140.5600000226,5,416991.8100000226,148.75
2026-04-29,567024.9400000225,6,416991.1900000226,33.75
2026-04-30,568586.9000000227,6,418456.90000002267,130.0
2026-05-01,567993.2000000228,7,418723.2000000227,-730.0
2026-05-03,568649.4500000228,7,418723.2000000227,-73.75
2026-05-04,568062.6000000227,12,418720.10000002274,-657.5
2026-05-05,570722.0700000229,12,420460.8200000228,261.25
2026-05-06,571365.8600000229,3,421312.11000002286,53.75
2026-05-07,571269.660000023,9,421430.9100000229,-161.25
2026-05-08,572635.3400000229,9,422556.59000002296,78.75
2026-05-10,572545.3400000229,2,422556.59000002296,-11.25
2026-05-11,572690.990000023,3,422804.740000023,-113.75
2026-05-12,574299.220000023,11,424169.2200000231,130.0
2026-05-13,574962.4000000232,5,424913.65000002313,48.75
2026-05-14,574753.0800000231,6,425281.8300000232,-528.75
2026-05-15,571693.7400000233,13,425277.4900000232,-3583.75
2026-05-17,569629.9900000233,13,425277.4900000232,-5647.5
2026-05-18,571319.9900000233,13,425277.4900000232,-3957.5
2026-05-19,567495.6500000232,20,425273.15000002325,-7777.5
2026-05-20,575345.6500000232,20,425273.15000002325,72.5
2026-05-21,578408.2700000233,20,427780.77000002336,627.5
2026-05-22,578118.9700000235,7,428813.97000002343,-695.0
2026-05-24,580638.9700000235,7,428813.97000002343,1825.0
2026-05-25,580096.4700000235,7,428813.97000002343,1282.5
2026-05-26,580104.6500000234,7,429844.6500000235,260.0
2026-05-27,580404.6500000234,4,429844.6500000235,560.0
