dt,equity,qty,realized,unrealized
2019-05-05,150000.0,0,0.0,0.0
2019-05-06,150042.52,2,122.51999999999998,-80.0
2019-05-07,149930.68,9,118.17999999999995,-187.5
2019-05-08,149008.18,9,118.17999999999995,-1110.0
2019-05-09,148593.19,11,116.93999999999994,-1523.75
2019-05-10,150372.57,12,116.31999999999994,256.25
2019-05-12,148572.57,12,116.31999999999994,-1543.75
2019-05-13,146574.46,15,114.45999999999992,-3540.0
2019-05-14,148243.21,15,114.45999999999992,-1871.25
2019-05-15,148430.71,15,114.45999999999992,-1683.75
2019-05-16,150136.96,15,114.45999999999992,22.5
2019-05-17,149536.96,15,114.45999999999992,-577.5
2019-05-19,150230.71,15,114.45999999999992,116.25
2019-05-20,149199.46,15,114.45999999999992,-915.0
2019-05-21,149986.96,15,114.45999999999992,-127.5
2019-05-22,148486.96,15,114.45999999999992,-1627.5
2019-05-23,147024.46,15,114.45999999999992,-3090.0
2019-05-24,147268.21,15,114.45999999999992,-2846.25
2019-05-26,147174.46,15,114.45999999999992,-2940.0
2019-05-27,147793.21,15,114.45999999999992,-2321.25
2019-05-28,144643.21,15,114.45999999999992,-5471.25
2019-05-29,143828.84,16,113.83999999999992,-6285.0
2019-05-30,142888.84,16,113.83999999999992,-7225.0
2019-05-31,141159.47,17,113.21999999999991,-8953.75
2019-06-02,139969.47,17,113.21999999999991,-10143.75
2019-06-03,141278.85,18,112.59999999999991,-8833.75
2019-06-04,146611.35,18,112.59999999999991,-3501.25
2019-06-05,147893.85,18,112.59999999999991,-2218.75
2019-06-06,149986.35,18,112.59999999999991,-126.25
2019-06-07,152388.95,18,2358.9500000000003,30.0
2019-06-09,152443.95,2,2358.9500000000003,85.0
2019-06-10,152609.6,3,2605.850000000001,3.75
2019-06-11,152488.98,4,2605.230000000001,-116.25
2019-06-12,152298.36000000002,5,2604.610000000001,-306.25
2019-06-13,152798.36000000002,5,2604.610000000001,193.75
2019-06-14,152673.36000000002,5,2604.610000000001,68.75
2019-06-16,152817.16,5,2592.160000000001,225.0
2019-06-17,152648.41,5,2592.160000000001,56.25
2019-06-18,153247.19,5,3213.440000000002,33.75
2019-06-19,153332.19,1,3213.440000000002,118.75
2019-06-20,153469.72,5,3405.9700000000025,63.75
2019-06-21,153375.97,5,3405.9700000000025,-30.0
2019-06-23,153688.47,5,3405.9700000000025,282.5
2019-06-24,153313.47,5,3405.9700000000025,-92.5
2019-06-25,152686.61000000002,8,3404.110000000003,-717.5
2019-06-26,152836.61000000002,8,3404.110000000003,-567.5
2019-06-27,153046.61000000002,8,3404.110000000003,-357.5
2019-06-28,153896.61000000002,8,3404.110000000003,492.5
2019-06-30,154526.61000000002,8,3404.110000000003,1122.5
2019-07-01,154903.55000000002,8,4898.550000000004,5.0
2019-07-02,155034.80000000002,5,4898.550000000004,136.25
2019-07-03,155541.08000000002,5,5524.8300000000045,16.25
2019-07-04,155559.83000000002,1,5524.8300000000045,35.0
2019-07-05,155659.22,4,5522.970000000005,136.25
2019-07-07,155519.22,4,5522.970000000005,-3.75
2019-07-08,155149.22,4,5522.970000000005,-373.75
2019-07-09,155537.35,5,5522.350000000005,15.0
2019-07-10,156274.27000000002,5,6144.270000000006,130.0
2019-07-11,156394.27000000002,4,6144.270000000006,250.0
2019-07-12,156454.27000000002,4,6144.270000000006,310.0
2019-07-14,156529.27000000002,4,6144.270000000006,385.0
2019-07-15,156564.27000000002,4,6144.270000000006,420.0
2019-07-16,156334.27000000002,4,6144.270000000006,190.0
2019-07-17,155696.15,5,6143.650000000006,-447.5
2019-07-18,156526.78,6,6143.030000000006,383.75
2019-07-19,155469.28,6,6143.030000000006,-673.75
2019-07-21,155634.28,6,6143.030000000006,-508.75
2019-07-22,156091.78,6,6143.030000000006,-51.25
2019-07-23,156571.78,6,6143.030000000006,428.75
2019-07-24,156908.69,6,6889.940000000007,18.75
2019-07-25,156968.08000000002,4,6888.080000000007,80.0
2019-07-26,157148.08000000002,4,6888.080000000007,260.0
2019-07-28,157113.08000000002,4,6888.080000000007,225.0
2019-07-29,157193.08000000002,4,6888.080000000007,305.0
2019-07-30,157063.08000000002,4,6888.080000000007,175.0
2019-07-31,156464.98,9,6884.980000000008,-420.0
2019-08-01,154658.11000000002,10,6884.360000000008,-2226.25
2019-08-02,154260.0,13,6882.500000000008,-2622.5
2019-08-04,151936.25,13,6882.500000000008,-4946.25
2019-08-05,147656.90000000002,18,6879.400000000009,-9222.5
2019-08-06,149591.90000000002,18,6879.400000000009,-7287.5
2019-08-07,152494.40000000002,18,6879.400000000009,-4385.0
2019-08-08,155531.90000000002,18,6879.400000000009,-1347.5
2019-08-09,155194.40000000002,18,6879.400000000009,-1685.0
2019-08-11,155306.90000000002,18,6879.400000000009,-1572.5
2019-08-12,151684.40000000002,18,6879.400000000009,-5195.0
2019-08-13,155486.90000000002,18,6879.400000000009,-1392.5
2019-08-14,148376.90000000002,18,6879.400000000009,-8502.5
2019-08-15,150086.90000000002,18,6879.400000000009,-6792.5
2019-08-16,152291.90000000002,18,6879.400000000009,-4587.5
2019-08-18,153574.40000000002,18,6879.400000000009,-3305.0
2019-08-19,155464.40000000002,18,6879.400000000009,-1415.0
2019-08-20,153619.40000000002,18,6879.400000000009,-3260.0
2019-08-21,155441.90000000002,18,6879.400000000009,-1437.5
2019-08-22,155936.90000000002,18,6879.400000000009,-942.5
2019-08-23,148691.90000000002,18,6879.400000000009,-8187.5
2019-08-25,147701.90000000002,18,6879.400000000009,-9177.5
2019-08-26,151481.90000000002,18,6879.400000000009,-5397.5
2019-08-27,150829.40000000002,18,6879.400000000009,-6050.0
2019-08-28,151234.40000000002,18,6879.400000000009,-5645.0
2019-08-29,156049.40000000002,18,6879.400000000009,-830.0
2019-08-30,155194.40000000002,18,6879.400000000009,-1685.0
2019-09-01,154114.40000000002,18,6879.400000000009,-2765.0
2019-09-02,153776.90000000002,18,6879.400000000009,-3102.5
2019-09-03,154361.90000000002,18,6879.400000000009,-2517.5
2019-09-04,159109.40000000002,18,6879.400000000009,2230.0
2019-09-05,159175.12,18,9120.120000000008,55.0
2019-09-06,159197.62,1,9120.120000000008,77.5
2019-09-08,159211.37,1,9120.120000000008,91.25
2019-09-09,159166.37,1,9120.120000000008,46.25
2019-09-10,159260.75,2,9119.500000000007,141.25
2019-09-11,159492.64,2,9368.890000000005,123.75
2019-09-12,159535.16,3,9491.410000000002,43.75
2019-09-13,159407.66,3,9491.410000000002,-83.75
2019-09-15,159148.94,3,9483.940000000002,-335.0
2019-09-16,159267.07,4,9483.320000000002,-216.25
2019-09-17,159352.07,4,9483.320000000002,-131.25
2019-09-18,159370.83,6,9482.08,-111.25
2019-09-19,159715.83,6,9482.08,233.75
2019-09-20,159070.83,6,9482.08,-411.25
2019-09-22,159430.83,6,9482.08,-51.25
2019-09-23,159528.33,6,9482.08,46.25
2019-09-24,158748.34,8,9480.839999999998,-732.5
2019-09-25,159141.47,9,9480.219999999998,-338.75
2019-09-26,158815.22,9,9480.219999999998,-665.0
2019-09-27,158477.72,9,9480.219999999998,-1002.5
2019-09-29,158860.22,9,9480.219999999998,-620.0
2019-09-30,159456.47,9,9480.219999999998,-23.75
2019-10-01,157399.6,10,9479.599999999997,-2080.0
2019-10-02,154280.25,15,9476.499999999993,-5196.25
2019-10-03,155932.13,16,9475.879999999992,-3543.75
2019-10-04,159372.13,16,9475.879999999992,-103.75
2019-10-06,158312.13,16,9475.879999999992,-1163.75
2019-10-07,159072.13,16,9475.879999999992,-403.75
2019-10-08,155352.13,16,9475.879999999992,-4123.75
2019-10-09,156392.13,16,9475.879999999992,-3083.75
2019-10-10,159352.13,16,9475.879999999992,-123.75
2019-10-11,161449.09999999998,16,11480.349999999977,-31.25
2019-10-13,161565.34999999998,3,11480.349999999977,85.0
2019-10-14,161475.34999999998,3,11480.349999999977,-5.0
2019-10-15,161811.61999999997,3,11855.369999999974,-43.75
2019-10-16,161820.99999999997,2,11854.749999999973,-33.75
2019-10-17,161863.49999999997,2,11854.749999999973,8.75
2019-10-18,161907.25999999998,4,11853.509999999971,53.75
2019-10-20,162032.25999999998,4,11853.509999999971,178.75
2019-10-21,162362.25999999998,4,11853.509999999971,508.75
2019-10-22,161952.92999999996,5,12351.679999999964,-398.75
2019-10-23,162421.67999999996,5,12351.679999999964,70.0
2019-10-24,162384.17999999996,5,12351.679999999964,32.5
2019-10-25,162771.67999999996,5,12351.679999999964,420.0
2019-10-27,162909.17999999996,5,12351.679999999964,557.5
2019-10-28,163109.20999999996,5,13099.20999999996,10.0
2019-10-29,163086.70999999996,1,13099.20999999996,-12.5
2019-10-30,163340.46999999997,3,13097.969999999958,242.5
2019-10-31,163367.34999999995,4,13097.349999999957,270.0
2019-11-01,163635.49999999994,4,13594.249999999953,41.25
2019-11-03,163670.49999999994,1,13594.249999999953,76.25
2019-11-04,163764.26999999996,3,13724.26999999995,40.0
2019-11-05,163606.76999999996,3,13724.26999999995,-117.5
2019-11-06,163656.14999999994,4,13723.649999999949,-67.5
2019-11-07,163776.14999999994,4,13723.649999999949,52.5
2019-11-08,164046.14999999994,4,13723.649999999949,322.5
2019-11-10,163861.14999999994,4,13723.649999999949,137.5
2019-11-11,163906.14999999994,4,13723.649999999949,182.5
2019-11-12,164006.18999999994,4,14221.189999999942,-215.0
2019-11-13,164254.31999999995,5,14220.569999999942,33.75
2019-11-14,164641.81999999995,5,14220.569999999942,421.25
2019-11-15,164859.34999999995,5,14844.349999999937,15.0
2019-11-17,164848.09999999995,1,14844.349999999937,3.75
2019-11-18,164884.34999999995,1,14844.349999999937,40.0
2019-11-19,164833.09999999995,1,14844.349999999937,-11.25
2019-11-20,164754.36999999994,5,14841.869999999933,-87.5
2019-11-21,164929.36999999994,5,14841.869999999933,87.5
2019-11-22,165029.36999999994,5,14841.869999999933,187.5
2019-11-24,165179.36999999994,5,14841.869999999933,337.5
2019-11-25,165488.14999999994,5,15463.149999999929,25.0
2019-11-26,165544.39999999994,1,15463.149999999929,81.25
2019-11-27,165540.65999999992,1,15586.909999999927,-46.25
2019-11-28,165540.65999999992,1,15586.909999999927,-46.25
2019-11-29,165521.91999999993,3,15585.669999999925,-63.75
2019-12-01,165664.41999999993,3,15585.669999999925,78.75
2019-12-02,165016.31999999992,8,15582.569999999921,-566.25
2019-12-03,164019.44999999992,9,15581.94999999992,-1562.5
2019-12-04,164784.44999999992,9,15581.94999999992,-797.5
2019-12-05,165245.69999999992,9,15581.94999999992,-336.25
2019-12-06,166393.19999999992,9,15581.94999999992,811.25
2019-12-08,166168.19999999992,9,15581.94999999992,586.25
2019-12-09,165920.69999999992,9,15581.94999999992,338.75
2019-12-10,165819.44999999992,9,15581.94999999992,237.5
2019-12-11,166393.19999999992,9,15581.94999999992,811.25
2019-12-12,166840.7499999999,9,16701.999999999916,138.75
2019-12-13,166908.2799999999,5,16823.279999999922,85.0
2019-12-15,167114.57999999993,5,16810.82999999992,303.75
2019-12-16,167443.35999999993,5,17435.859999999928,7.5
2019-12-17,167427.10999999993,1,17435.859999999928,-8.75
2019-12-18,167439.60999999993,1,17435.859999999928,3.75
2019-12-19,167508.35999999993,1,17435.859999999928,72.5
2019-12-20,167570.86999999994,1,17559.61999999993,11.25
2019-12-22,167589.61999999994,1,17559.61999999993,30.0
2019-12-23,167587.11999999994,1,17559.61999999993,27.5
2019-12-24,167580.86999999994,1,17559.61999999993,21.25
2019-12-25,167595.86999999994,1,17559.61999999993,36.25
2019-12-26,167693.36999999994,1,17559.61999999993,133.75
2019-12-27,167582.13999999993,3,17697.139999999934,-115.0
2019-12-29,167690.88999999993,3,17697.139999999934,-6.25
2019-12-30,167436.52999999994,6,17695.279999999937,-258.75
2019-12-31,167807.15999999995,7,17694.659999999938,112.5
2020-01-01,167938.40999999995,7,17694.659999999938,243.75
2020-01-02,168464.69999999995,7,18572.199999999946,-107.5
2020-01-03,168501.57999999996,2,18571.579999999947,-70.0
2020-01-05,168426.57999999996,2,18571.579999999947,-145.0
2020-01-06,168858.45999999996,3,18570.95999999995,287.5
2020-01-07,168427.20999999996,3,18570.95999999995,-143.75
2020-01-08,169006.60999999996,3,18945.359999999953,61.25
2020-01-09,169209.10999999996,2,18945.359999999953,263.75
2020-01-10,168992.26999999996,5,19192.26999999996,-200.0
2020-01-12,169242.26999999996,5,19192.26999999996,50.0
2020-01-13,169642.26999999996,5,19192.26999999996,450.0
2020-01-14,169423.51999999996,5,19192.26999999996,231.25
2020-01-15,169936.05999999997,5,19812.30999999997,123.75
2020-01-16,170193.57999999996,3,20184.829999999973,8.75
2020-01-17,170222.32999999996,1,20184.829999999973,37.5
2020-01-19,170236.07999999996,1,20184.829999999973,51.25
2020-01-20,170162.32999999996,1,20184.829999999973,-22.5
2020-01-21,170277.32999999996,1,20184.829999999973,92.5
2020-01-22,170186.07999999996,1,20184.829999999973,1.25
2020-01-23,170468.58999999997,3,20183.589999999975,285.0
2020-01-24,169892.36,7,20181.10999999998,-288.75
2020-01-26,168868.61,7,20181.10999999998,-1312.5
2020-01-27,168736.74,8,20180.48999999998,-1443.75
2020-01-28,170046.74,8,20180.48999999998,-133.75
2020-01-29,168656.74,8,20180.48999999998,-1523.75
2020-01-30,170306.74,8,20180.48999999998,126.25
2020-01-31,167681.74999999997,10,20179.24999999998,-2497.5
2020-02-02,168594.24999999997,10,20179.24999999998,-1585.0
2020-02-03,169494.24999999997,10,20179.24999999998,-685.0
2020-02-04,171380.56,10,21424.309999999994,-43.75
2020-02-05,172340.59,4,21701.84,638.75
2020-02-06,172185.62,4,22201.870000000006,-16.25
2020-02-07,171950.63,4,22200.63000000001,-250.0
2020-02-09,172010.63,4,22200.63000000001,-190.0
2020-02-10,172956.26,5,22200.01000000001,756.25
2020-02-11,173097.55000000002,5,23045.050000000017,52.5
2020-02-12,173146.30000000002,3,23045.050000000017,101.25
2020-02-13,173397.55000000002,3,23045.050000000017,352.5
2020-02-14,173341.30000000002,3,23045.050000000017,296.25
2020-02-16,173442.55000000002,3,23045.050000000017,397.5
2020-02-17,173221.30000000002,3,23045.050000000017,176.25
2020-02-18,173315.05000000002,3,23045.050000000017,270.0
2020-02-19,173398.82,3,23417.57000000002,-18.75
2020-02-20,173050.10000000003,7,23413.850000000028,-363.75
2020-02-21,172391.36000000004,9,23412.61000000003,-1021.25
2020-02-23,170445.11000000004,9,23412.61000000003,-2967.5
2020-02-24,168750.12000000002,11,23411.37000000003,-4661.25
2020-02-25,162219.53000000003,18,23407.03000000004,-11187.5
2020-02-26,154277.03000000003,18,23407.03000000004,-19130.0
2020-02-27,153513.92000000004,21,23405.170000000042,-19891.25
2020-03-01,139785.17000000004,21,23405.170000000042,-33620.0
2020-03-03,152045.18000000005,23,23403.930000000044,-21358.75
2020-03-04,158628.93000000005,23,23403.930000000044,-14775.0
2020-03-05,146065.18000000005,23,23403.930000000044,-27338.75
2020-03-06,144700.19000000006,25,23402.690000000046,-28702.5
2020-03-08,126606.44000000006,25,23402.690000000046,-46796.25
2020-03-09,126869.57000000004,26,23402.070000000047,-46532.5
2020-03-10,126057.07000000004,26,23402.070000000047,-47345.0
2020-03-11,100967.07000000004,26,23402.070000000047,-72435.0
2020-03-12,72334.57000000004,26,23402.070000000047,-101067.5
2020-03-13,106849.57000000004,26,23402.070000000047,-66552.5
2020-03-15,94207.07000000004,26,23402.070000000047,-79195.0
2020-03-16,84912.33000000005,26,23337.330000000045,-88425.0
2020-03-17,74187.33000000005,26,23337.330000000045,-99150.0
2020-03-18,59009.830000000045,26,23337.330000000045,-114327.5
2020-03-19,70352.33000000005,26,23337.330000000045,-102985.0
2020-03-20,56539.830000000045,26,23337.330000000045,-116797.5
2020-03-22,47699.830000000045,26,23337.330000000045,-125637.5
2020-03-23,57969.830000000045,26,23337.330000000045,-115367.5
2020-03-24,74414.83000000005,26,23337.330000000045,-98922.5
2020-03-25,81272.33000000005,26,23337.330000000045,-92065.0
2020-03-26,97164.83000000005,26,23337.330000000045,-76172.5
2020-03-27,89397.33000000005,26,23337.330000000045,-83940.0
2020-03-29,88519.83000000005,26,23337.330000000045,-84817.5
2020-03-30,102104.83000000005,26,23337.330000000045,-71232.5
2020-03-31,90502.33000000005,26,23337.330000000045,-82835.0
2020-04-01,84392.33000000005,26,23337.330000000045,-88945.0
2020-04-02,85659.83000000005,26,23337.330000000045,-87677.5
2020-04-03,84229.83000000005,26,23337.330000000045,-89107.5
2020-04-05,95442.33000000005,26,23337.330000000045,-77895.0
2020-04-06,103242.33000000005,26,23337.330000000045,-70095.0
2020-04-07,105842.33000000005,26,23337.330000000045,-67495.0
2020-04-08,117087.33000000005,26,23337.330000000045,-56250.0
2020-04-09,124107.33000000005,26,23337.330000000045,-49230.0
2020-04-12,117899.83000000005,26,23337.330000000045,-55437.5
2020-04-13,125212.33000000005,26,23337.330000000045,-48125.0
2020-04-14,129372.33000000005,26,23337.330000000045,-43965.0
2020-04-15,120564.83000000005,26,23337.330000000045,-52772.5
2020-04-16,135319.83000000005,26,23337.330000000045,-38017.5
2020-04-17,134767.33000000005,26,23337.330000000045,-38570.0
2020-04-19,135059.83000000005,26,23337.330000000045,-38277.5
2020-04-20,124269.83000000005,26,23337.330000000045,-49067.5
2020-04-21,117867.33000000005,26,23337.330000000045,-55470.0
2020-04-22,122709.83000000005,26,23337.330000000045,-50627.5
2020-04-23,121344.83000000005,26,23337.330000000045,-51992.5
2020-04-24,129437.33000000005,26,23337.330000000045,-43900.0
2020-04-26,131387.33000000005,26,23337.330000000045,-41950.0
2020-04-27,133142.33000000005,26,23337.330000000045,-40195.0
2020-04-28,138634.83000000005,26,23337.330000000045,-34702.5
2020-04-29,146239.83000000005,26,23337.330000000045,-27097.5
2020-04-30,133597.33000000005,26,23337.330000000045,-39740.0
2020-05-01,128007.33000000005,26,23337.330000000045,-45330.0
2020-05-03,126544.83000000005,26,23337.330000000045,-46792.5
2020-05-04,131224.83000000005,26,23337.330000000045,-42112.5
2020-05-05,133759.83000000005,26,23337.330000000045,-39577.5
2020-05-06,132362.33000000005,26,23337.330000000045,-40975.0
2020-05-07,140552.33000000005,26,23337.330000000045,-32785.0
2020-05-08,142762.33000000005,26,23337.330000000045,-30575.0
2020-05-10,144257.33000000005,26,23337.330000000045,-29080.0
2020-05-11,139154.83000000005,26,23337.330000000045,-34182.5
2020-05-12,132752.33000000005,26,23337.330000000045,-40585.0
2020-05-13,127389.83000000005,26,23337.330000000045,-45947.5
2020-05-14,132004.83000000005,26,23337.330000000045,-41332.5
2020-05-15,132882.33000000005,26,23337.330000000045,-40455.0
2020-05-17,136067.33000000005,26,23337.330000000045,-37270.0
2020-05-18,143964.83000000005,26,23337.330000000045,-29372.5
2020-05-19,143444.83000000005,26,23337.330000000045,-29892.5
2020-05-20,145394.83000000005,26,23337.330000000045,-27942.5
2020-05-21,141299.83000000005,26,23337.330000000045,-32037.5
2020-05-22,146109.83000000005,26,23337.330000000045,-27227.5
2020-05-24,146857.33000000005,26,23337.330000000045,-26480.0
2020-05-25,151797.33000000005,26,23337.330000000045,-21540.0
2020-05-26,153682.33000000005,26,23337.330000000045,-19655.0
2020-05-27,156087.33000000005,26,23337.330000000045,-17250.0
2020-05-28,155274.83000000005,26,23337.330000000045,-18062.5
2020-05-29,159239.83000000005,26,23337.330000000045,-14097.5
2020-05-31,156509.83000000005,26,23337.330000000045,-16827.5
2020-06-01,157094.83000000005,26,23337.330000000045,-16242.5
2020-06-02,162814.83000000005,26,23337.330000000045,-10522.5
2020-06-03,166162.33000000005,26,23337.330000000045,-7175.0
2020-06-04,168047.33000000005,26,23337.330000000045,-5290.0
2020-06-05,176543.72000000006,26,26577.47000000006,-33.75
2020-06-07,176628.72000000006,2,26577.47000000006,51.25
2020-06-08,176859.36000000007,2,26826.860000000062,32.5
2020-06-09,177131.87000000005,3,26825.620000000064,306.25
2020-06-10,176062.56000000008,6,27445.060000000078,-1382.5
2020-06-11,171815.1100000001,16,27438.860000000088,-5623.75
2020-06-12,171338.24000000008,17,27438.24000000009,-6100.0
2020-06-14,168108.24000000008,17,27438.24000000009,-9330.0
2020-06-15,179030.3000000001,18,27392.80000000009,1637.5
2020-06-16,182125.44000000012,18,32050.44000000012,75.0
2020-06-17,181025.44000000012,10,32050.44000000012,-1025.0
2020-06-18,181962.94000000012,10,32050.44000000012,-87.5
2020-06-19,181178.0400000001,10,33725.54000000009,-2547.5
2020-06-21,182253.0400000001,10,33725.54000000009,-1472.5
2020-06-22,183853.0400000001,10,33725.54000000009,127.5
2020-06-23,184865.61000000004,10,34981.86000000005,-116.25
2020-06-24,181841.28000000003,13,34976.28000000003,-3135.0
2020-06-25,184591.91000000003,14,34975.660000000025,-383.75
2020-06-26,179715.04000000004,15,34975.04000000002,-5260.0
2020-06-28,179808.79000000004,15,34975.04000000002,-5166.25
2020-06-29,183750.67,16,34974.42000000002,-1223.75
2020-06-30,186902.63999999996,16,36978.88999999997,-76.25
2020-07-01,187302.66999999995,3,37352.669999999955,-50.0
2020-07-02,187685.20999999993,5,37833.959999999934,-148.75
2020-07-03,187422.70999999993,5,37833.959999999934,-411.25
2020-07-05,188685.20999999993,5,37833.959999999934,851.25
2020-07-06,188642.1199999999,5,38612.119999999915,30.0
2020-07-07,188372.1399999999,6,38609.639999999905,-237.5
2020-07-08,189190.2699999999,7,38609.0199999999,581.25
2020-07-09,188332.7799999999,9,38607.7799999999,-275.0
2020-07-10,189799.07999999987,9,39732.82999999987,66.25
2020-07-12,189861.57999999987,1,39732.82999999987,128.75
2020-07-13,187997.9199999998,11,40269.16999999982,-2271.25
2020-07-14,191967.92999999982,13,40267.92999999982,1700.0
2020-07-15,192776.14999999976,13,42931.14999999977,-155.0
2020-07-16,192753.64999999976,6,42931.14999999977,-177.5
2020-07-17,193061.14999999976,6,42931.14999999977,130.0
2020-07-19,192798.64999999976,6,42931.14999999977,-132.5
2020-07-20,193748.05999999976,6,43679.30999999975,68.75
2020-07-21,194027.45999999973,4,43812.45999999974,215.0
2020-07-22,194097.45999999973,4,43812.45999999974,285.0
2020-07-23,192889.97999999972,8,43809.97999999973,-920.0
2020-07-24,192389.98999999973,10,43808.73999999972,-1418.75
2020-07-26,193227.48999999973,10,43808.73999999972,-581.25
2020-07-27,193939.98999999973,10,43808.73999999972,131.25
2020-07-28,192752.48999999973,10,43808.73999999972,-1056.25
2020-07-29,194627.48999999973,10,43808.73999999972,818.75
2020-07-30,195152.48999999973,10,43808.73999999972,1343.75
2020-07-31,196116.99999999965,10,46094.49999999965,22.5
2020-08-02,196078.24999999965,1,46094.49999999965,-16.25
2020-08-03,196225.76999999964,3,46217.01999999964,8.75
2020-08-04,196458.26999999964,3,46217.01999999964,241.25
2020-08-05,196658.28999999963,3,46639.53999999963,18.75
2020-08-06,196704.54999999964,1,46763.299999999625,-58.75
2020-08-07,196994.55999999962,3,46762.05999999962,232.5
2020-08-09,197035.80999999962,3,46762.05999999962,273.75
2020-08-10,197205.2099999996,3,47133.959999999606,71.25
2020-08-11,196891.4799999996,6,47131.479999999596,-240.0
2020-08-12,197888.38999999958,6,47877.13999999958,11.25
2020-08-13,197962.76999999958,2,47876.519999999575,86.25
2020-08-14,197872.76999999958,2,47876.519999999575,-3.75
2020-08-16,197950.26999999958,2,47876.519999999575,73.75
2020-08-17,198037.76999999958,2,47876.519999999575,161.25
2020-08-18,198390.29999999955,4,48124.04999999956,266.25
2020-08-19,197645.29999999955,4,48124.04999999956,-478.75
2020-08-20,198498.42999999956,5,48123.42999999956,375.0
2020-08-21,198560.92999999956,5,48123.42999999956,437.5
2020-08-23,198804.67999999956,5,48123.42999999956,681.25
2020-08-24,199682.21999999954,5,49274.719999999536,407.5
2020-08-25,199660.98999999953,3,49649.739999999525,11.25
2020-08-26,199817.24999999953,1,49773.49999999952,43.75
2020-08-27,200553.5299999995,5,49894.779999999504,658.75
2020-08-28,200522.30999999947,5,50518.55999999949,3.75
2020-08-30,200604.80999999947,1,50518.55999999949,86.25
2020-08-31,200526.06999999948,3,50517.31999999948,8.75
2020-09-01,200943.58999999947,3,50891.08999999947,52.5
2020-09-02,201547.38999999943,4,51511.13999999945,36.25
2020-09-03,196249.3399999994,16,51501.83999999941,-5252.5
2020-09-04,194451.2299999994,19,51499.9799999994,-7048.75
2020-09-06,194379.9799999994,19,51499.9799999994,-7120.0
2020-09-07,195686.2299999994,19,51499.9799999994,-5813.75
2020-09-08,187259.3599999994,20,51499.3599999994,-14240.0
2020-09-09,192284.3599999994,20,51499.3599999994,-9215.0
2020-09-10,189159.3599999994,20,51499.3599999994,-12340.0
2020-09-11,187099.9899999994,21,51498.739999999394,-14398.75
2020-09-13,190932.6999999994,21,51446.44999999939,-10513.75
2020-09-14,192428.9499999994,21,51446.44999999939,-9017.5
2020-09-15,194922.6999999994,21,51446.44999999939,-6523.75
2020-09-16,188858.9499999994,21,51446.44999999939,-12587.5
2020-09-17,188780.1999999994,21,51446.44999999939,-12666.25
2020-09-18,186148.32999999938,22,51445.82999999939,-15297.5
2020-09-20,185213.32999999938,22,51445.82999999939,-16232.5
2020-09-21,181450.83999999939,24,51444.589999999385,-19993.75
2020-09-22,184600.83999999939,24,51444.589999999385,-16843.75
2020-09-23,176380.83999999939,24,51444.589999999385,-25063.75
2020-09-24,179053.9699999994,25,51443.96999999938,-22390.0
2020-09-25,183397.7199999994,25,51443.96999999938,-18046.25
2020-09-27,185241.4699999994,25,51443.96999999938,-16202.5
2020-09-28,192022.7199999994,25,51443.96999999938,-9421.25
2020-09-29,187116.4699999994,25,51443.96999999938,-14327.5
2020-09-30,193647.7199999994,25,51443.96999999938,-7796.25
2020-10-01,192928.9699999994,25,51443.96999999938,-8515.0
2020-10-02,190897.7199999994,25,51443.96999999938,-10546.25
2020-10-04,192428.9699999994,25,51443.96999999938,-9015.0
2020-10-05,197116.4699999994,25,51443.96999999938,-4327.5
2020-10-06,192022.7199999994,25,51443.96999999938,-9421.25
2020-10-07,199835.2199999994,25,51443.96999999938,-1608.75
2020-10-08,204803.9699999994,25,51443.96999999938,3360.0
2020-10-09,204910.9799999993,25,54693.47999999931,217.5
2020-10-11,204918.4799999993,2,54693.47999999931,225.0
2020-10-12,205230.3799999993,2,55232.8799999993,-2.5
2020-10-13,205538.52999999927,6,55229.779999999286,308.75
2020-10-14,203828.53999999928,8,55228.53999999928,-1400.0
2020-10-15,204427.91999999929,9,55227.91999999928,-800.0
2020-10-16,203921.66999999929,9,55227.91999999928,-1306.25
2020-10-18,204821.66999999929,9,55227.91999999928,-406.25
2020-10-19,202862.92999999927,11,55226.67999999927,-2363.75
2020-10-20,203797.92999999927,11,55226.67999999927,-1428.75
2020-10-21,201144.17999999927,11,55226.67999999927,-4082.5
2020-10-22,203687.92999999927,11,55226.67999999927,-1538.75
2020-10-23,203701.67999999927,11,55226.67999999927,-1525.0
2020-10-25,202615.42999999927,11,55226.67999999927,-2611.25
2020-10-26,201044.82999999926,16,55223.57999999926,-4178.75
2020-10-27,198424.82999999926,16,55223.57999999926,-6798.75
2020-10-28,193022.96999999924,19,55221.71999999925,-12198.75
2020-10-29,190941.09999999925,20,55221.09999999925,-14280.0
2020-10-30,191589.22999999925,21,55220.47999999925,-13631.25
2020-11-01,190617.97999999925,21,55220.47999999925,-14602.5
2020-11-02,195106.72999999925,21,55220.47999999925,-10113.75
2020-11-03,203480.47999999925,21,55220.47999999925,-1740.0
2020-11-04,208427.49999999919,21,57971.24999999917,456.25
2020-11-05,208601.31999999913,6,59368.819999999134,-767.5
2020-11-06,209685.69999999914,7,59368.19999999913,317.5
2020-11-08,211488.19999999914,7,59368.19999999913,2120.0
2020-11-09,209339.53999999908,11,64233.289999999084,-4893.75
2020-11-10,211367.67999999906,14,64231.429999999076,-2863.75
2020-11-11,211017.67999999906,14,64231.429999999076,-3213.75
2020-11-12,210545.17999999906,14,64231.429999999076,-3686.25
2020-11-13,213905.17999999906,14,64231.429999999076,-326.25
2020-11-15,215900.17999999906,14,64231.429999999076,1668.75
2020-11-16,216023.38999999905,14,65977.13999999905,46.25
2020-11-17,215980.89999999906,5,65975.89999999906,5.0
2020-11-18,214831.53999999908,8,65974.03999999908,-1142.5
2020-11-19,214992.16999999908,9,65973.41999999908,-981.25
2020-11-20,214373.41999999908,9,65973.41999999908,-1600.0
2020-11-22,214924.66999999908,9,65973.41999999908,-1048.75
2020-11-23,216758.41999999908,9,65973.41999999908,785.0
2020-11-24,217235.96999999913,9,67100.96999999913,135.0
2020-11-25,217182.21999999913,1,67100.96999999913,81.25
2020-11-26,217150.96999999913,1,67100.96999999913,50.0
2020-11-27,217277.23999999915,3,67223.48999999915,53.75
2020-11-29,217014.73999999915,3,67223.48999999915,-208.75
2020-11-30,218515.38999999917,8,67220.38999999917,1295.0
2020-12-01,218615.43999999922,8,68629.18999999922,-13.75
2020-12-02,218782.31999999922,3,68628.56999999922,153.75
2020-12-03,219047.97999999925,4,68999.22999999925,48.75
2020-12-04,219473.62999999928,4,69499.87999999928,-26.25
2020-12-06,219469.87999999928,1,69499.87999999928,-30.0
2020-12-07,219369.8899999993,3,69498.63999999929,-128.75
2020-12-08,219989.2699999993,4,69498.01999999929,491.25
2020-12-09,219306.7799999993,6,69496.7799999993,-190.0
2020-12-10,219155.5399999993,8,69495.53999999931,-340.0
2020-12-11,219107.4199999993,9,69494.91999999931,-387.5
2020-12-13,219985.0099999993,9,69472.50999999931,512.5
2020-12-14,219630.7199999994,9,70593.21999999939,-962.5
2020-12-15,221420.7199999994,8,70593.21999999939,827.5
2020-12-16,221778.26999999944,8,71624.51999999944,153.75
2020-12-17,221818.91999999946,3,71872.66999999946,-53.75
2020-12-18,222693.31999999948,8,71869.56999999948,823.75
2020-12-20,222093.31999999948,8,71869.56999999948,223.75
2020-12-21,221467.7099999995,11,71867.7099999995,-400.0
2020-12-22,221302.7099999995,11,71867.7099999995,-565.0
2020-12-23,222196.4599999995,11,71867.7099999995,328.75
2020-12-24,222471.4599999995,11,71867.7099999995,603.75
2020-12-27,223805.2099999995,11,71867.7099999995,1937.5
2020-12-28,224205.26999999955,11,74100.26999999955,105.0
2020-12-29,224245.29999999958,5,74221.54999999958,23.75
2020-12-30,224014.04999999958,5,74221.54999999958,-207.5
2020-12-31,224639.04999999958,5,74221.54999999958,417.5
2021-01-03,224626.54999999958,5,74221.54999999958,405.0
2021-01-04,223128.50999999966,12,74866.00999999966,-1737.5
2021-01-05,223218.50999999966,12,74866.00999999966,-1647.5
2021-01-06,226706.73999999976,12,76480.48999999976,226.25
2021-01-07,227508.0299999998,7,77358.0299999998,150.0
2021-01-08,228379.35999999987,7,78370.60999999987,8.75
2021-01-10,228235.60999999987,1,78370.60999999987,-135.0
2021-01-11,228264.98999999987,2,78369.98999999987,-105.0
2021-01-12,228657.49999999988,4,78368.74999999988,288.75
2021-01-13,228950.65999999992,4,78868.15999999992,82.5
2021-01-14,228293.16999999993,5,78866.91999999993,-573.75
2021-01-15,227209.43999999994,9,78864.43999999994,-1655.0
2021-01-17,227569.43999999994,9,78864.43999999994,-1295.0
2021-01-18,229155.68999999994,9,78864.43999999994,291.25
2021-01-19,229346.93999999994,9,78864.43999999994,482.5
2021-01-20,230530.75,9,80432.0,98.75
2021-01-21,230428.25,1,80432.0,-3.75
2021-01-22,230412.63,2,80431.38,-18.75
2021-01-24,230602.63,2,80431.38,171.25
2021-01-25,231132.08000000007,7,81297.08000000007,-165.0
2021-01-26,231338.9900000001,4,81667.7400000001,-328.75
2021-01-27,227964.66000000015,13,81662.16000000015,-3697.5
2021-01-28,231277.26000000024,13,83282.26000000024,-2005.0
2021-01-29,229009.79000000027,13,83278.54000000027,-4268.75
2021-01-31,230732.29000000027,13,83278.54000000027,-2546.25
2021-02-01,234892.29000000027,13,83278.54000000027,1613.75
2021-02-02,235856.75000000035,13,85770.50000000035,86.25
2021-02-03,235707.38000000035,3,85769.88000000035,-62.5
2021-02-04,236279.91000000038,3,86267.41000000038,12.5
2021-02-05,236352.41000000038,1,86267.41000000038,85.0
2021-02-07,236414.91000000038,1,86267.41000000038,147.5
2021-02-08,236536.8000000004,2,86405.5500000004,131.25
2021-02-09,236656.8000000004,2,86405.5500000004,251.25
2021-02-10,236751.85000000044,8,86695.60000000044,56.25
2021-02-11,236601.85000000044,8,86695.60000000044,-93.75
2021-02-12,237717.52000000048,8,87696.27000000048,21.25
2021-02-14,237771.27000000048,1,87696.27000000048,75.0
2021-02-15,237830.02000000048,1,87696.27000000048,133.75
2021-02-16,237696.2800000005,3,87695.0300000005,1.25
2021-02-17,237757.5400000005,5,87693.7900000005,63.75
2021-02-18,237364.43000000052,8,87691.93000000052,-327.5
2021-02-19,237434.43000000052,8,87691.93000000052,-257.5
2021-02-21,237314.43000000052,8,87691.93000000052,-377.5
2021-02-22,237224.43000000052,8,87691.93000000052,-467.5
2021-02-23,237178.20000000054,12,87689.45000000054,-511.25
2021-02-24,239316.3900000006,12,89195.1400000006,121.25
2021-02-25,235994.57000000065,12,89188.32000000065,-3193.75
2021-02-26,235651.46000000066,15,89186.46000000066,-3535.0
2021-02-28,237901.46000000066,15,89186.46000000066,-1285.0
2021-03-01,240937.81000000075,15,91182.81000000075,-245.0
2021-03-02,240985.96000000078,8,91179.71000000078,-193.75
2021-03-03,236400.3600000008,13,91176.6100000008,-4776.25
2021-03-04,233485.39000000083,19,91172.89000000083,-7687.5
2021-03-05,241584.14000000083,19,91172.89000000083,411.25
2021-03-07,240420.39000000083,19,91172.89000000083,-752.5
2021-03-08,243889.310000001,19,93910.56000000099,-21.25
2021-03-09,244977.49000000104,9,95029.99000000104,-52.5
2021-03-10,245605.64000000106,3,95276.89000000106,328.75
2021-03-11,245918.8100000011,4,95860.0600000011,58.75
2021-03-12,246056.3200000011,6,95858.82000000111,197.5
2021-03-14,246206.3800000011,6,95843.88000000111,362.5
2021-03-15,246625.79000000114,6,96592.04000000114,33.75
2021-03-16,246597.67000000115,2,96591.42000000115,6.25
2021-03-17,247101.46000000119,4,97087.71000000119,13.75
2021-03-18,246007.7400000012,8,97083.99000000121,-1076.25
2021-03-19,245587.75000000122,10,97082.75000000122,-1495.0
2021-03-21,245625.25000000122,10,97082.75000000122,-1457.5
2021-03-22,246975.25000000122,10,97082.75000000122,-107.5
2021-03-23,245862.75000000122,10,97082.75000000122,-1220.0
2021-03-24,245225.25000000122,10,97082.75000000122,-1857.5
2021-03-25,246976.51000000123,12,97081.51000000123,-105.0
2021-03-26,248692.2100000013,12,98697.2100000013,-5.0
2021-03-28,248612.2100000013,1,98697.2100000013,-85.0
2021-03-29,249113.48000000132,5,98694.73000000132,418.75
2021-03-30,248738.48000000132,5,98694.73000000132,43.75
2021-03-31,249290.39000000135,5,99315.39000000135,-25.0
2021-04-01,249667.28000000137,2,99563.53000000137,103.75
2021-04-02,249721.03000000137,1,99563.53000000137,157.5
2021-04-04,249724.78000000137,1,99563.53000000137,161.25
2021-04-05,249866.05000000139,1,99897.30000000139,-31.25
2021-04-06,249917.9300000014,2,99896.68000000139,21.25
2021-04-07,250140.4300000014,2,99896.68000000139,243.75
2021-04-08,250178.5700000014,2,100146.0700000014,32.5
2021-04-09,250266.0800000014,1,100269.83000000141,-3.75
2021-04-11,250237.3300000014,1,100269.83000000141,-32.5
2021-04-12,250357.96000000142,2,100269.21000000142,88.75
2021-04-13,250492.98000000144,2,100517.98000000144,-25.0
2021-04-14,250433.62000000145,5,100516.12000000145,-82.5
2021-04-15,251163.65000000148,5,101142.40000000148,21.25
2021-04-16,251294.9200000015,3,101267.4200000015,27.5
2021-04-18,251261.1700000015,3,101267.4200000015,-6.25
2021-04-19,251359.3100000015,6,101265.56000000151,93.75
2021-04-20,249813.08000000153,10,101263.08000000153,-1450.0
2021-04-21,251800.58000000153,10,101263.08000000153,537.5
2021-04-22,250638.08000000153,10,101263.08000000153,-625.0
2021-04-23,252451.8900000016,10,102505.64000000159,-53.75
2021-04-25,252536.8900000016,2,102505.64000000159,31.25
2021-04-26,252616.8900000016,2,102505.64000000159,111.25
2021-04-27,252626.8900000016,2,102505.64000000159,121.25
2021-04-28,252776.8900000016,2,102505.64000000159,271.25
2021-04-29,252968.19000000163,8,102853.19000000163,115.0
2021-04-30,252498.19000000163,8,102853.19000000163,-355.0
2021-05-02,252808.19000000163,8,102853.19000000163,-45.0
2021-05-03,252268.19000000163,8,102853.19000000163,-585.0
2021-05-04,252645.71000000165,12,102850.71000000165,-205.0
2021-05-05,251835.71000000165,12,102850.71000000165,-1015.0
2021-05-06,254325.71000000165,12,102850.71000000165,1475.0
2021-05-07,254758.29000000173,12,104695.79000000173,62.5
2021-05-09,254823.29000000173,2,104695.79000000173,127.5
2021-05-10,253112.07000000175,8,104692.07000000175,-1580.0
2021-05-11,251296.46000000177,11,104690.21000000177,-3393.75
2021-05-12,248548.3600000018,16,104687.11000000179,-6138.75
2021-05-13,252808.3600000018,16,104687.11000000179,-1878.75
2021-05-14,256700.95000000187,16,106677.20000000187,23.75
2021-05-16,256543.45000000187,2,106677.20000000187,-133.75
2021-05-17,257057.2200000019,6,106674.7200000019,382.5
2021-05-18,255059.7300000019,8,106673.4800000019,-1613.75
2021-05-19,255452.2400000019,10,106672.24000000191,-1220.0
2021-05-20,258002.93000000197,10,107919.18000000197,83.75
2021-05-21,258114.850000002,6,108289.85000000201,-175.0
2021-05-23,258279.850000002,6,108289.85000000201,-10.0
2021-05-24,259106.76000000205,6,109040.51000000205,66.25
2021-05-25,259156.14000000205,2,109039.89000000205,116.25
2021-05-26,259066.14000000205,2,109039.89000000205,26.25
2021-05-27,259318.64000000205,2,109039.89000000205,278.75
2021-05-28,259242.41000000207,2,109298.66000000207,-56.25
2021-05-30,259277.41000000207,2,109298.66000000207,-21.25
2021-05-31,259224.91000000207,2,109298.66000000207,-73.75
2021-06-01,259207.42000000208,4,109297.42000000208,-90.0
2021-06-02,259407.42000000208,4,109297.42000000208,110.0
2021-06-03,259326.8100000021,7,109295.5600000021,31.25
2021-06-04,260298.73000000214,7,110169.98000000214,128.75
2021-06-06,260251.23000000214,2,110169.98000000214,81.25
2021-06-07,260293.73000000214,2,110169.98000000214,123.75
2021-06-08,260286.23000000214,2,110169.98000000214,116.25
2021-06-09,260266.23000000214,2,110169.98000000214,96.25
2021-06-10,260608.76000000216,4,110417.51000000216,191.25
2021-06-11,260698.76000000216,4,110417.51000000216,281.25
2021-06-13,260783.80000000214,4,110407.55000000216,376.25
2021-06-14,260931.95000000217,4,110905.70000000218,26.25
2021-06-15,260846.34000000218,4,110903.8400000022,-57.5
2021-06-16,259847.6100000022,8,110901.36000000221,-1053.75
2021-06-17,260577.6100000022,8,110901.36000000221,-323.75
2021-06-18,257240.7500000022,11,110899.50000000223,-3658.75
2021-06-20,256690.7500000022,11,110899.50000000223,-4208.75
2021-06-21,261572.0000000022,11,110899.50000000223,672.5
2021-06-22,262320.81000000227,11,112279.56000000228,41.25
2021-06-23,262320.81000000227,1,112279.56000000228,41.25
2021-06-24,262462.7000000023,2,112402.7000000023,60.0
2021-06-25,262572.7000000023,2,112402.7000000023,170.0
2021-06-27,262560.2000000023,2,112402.7000000023,157.5
2021-06-28,262560.2000000023,2,112402.7000000023,157.5
2021-06-29,262735.8500000023,3,112664.60000000232,71.25
2021-06-30,262863.3500000023,3,112664.60000000232,198.75
2021-07-01,263057.1200000023,3,113037.12000000234,20.0
2021-07-02,263187.13000000233,1,113160.88000000235,26.25
2021-07-04,263177.13000000233,1,113160.88000000235,16.25
2021-07-05,263204.63000000233,1,113160.88000000235,43.75
2021-07-06,263531.53000000236,6,113157.78000000237,373.75
2021-07-07,264047.2100000024,6,113907.21000000242,140.0
2021-07-08,263277.8500000024,8,113905.35000000244,-627.5
2021-07-09,264992.27000000246,8,114902.27000000248,90.0
2021-07-11,264942.27000000246,1,114902.27000000248,40.0
2021-07-12,265049.7800000025,1,115026.03000000249,23.75
2021-07-13,264935.4100000025,2,115025.41000000249,-90.0
2021-07-14,265038.5400000025,3,115024.7900000025,13.75
2021-07-15,265019.8100000025,7,115022.31000000252,-2.5
2021-07-16,263846.0700000025,9,115021.07000000252,-1175.0
2021-07-18,263216.0700000025,9,115021.07000000252,-1805.0
2021-07-19,261398.59000000253,13,115018.59000000254,-3620.0
2021-07-20,264924.8400000025,13,115018.59000000254,-93.75
2021-07-21,266794.2900000026,13,116638.04000000261,156.25
2021-07-22,266888.0500000026,2,116888.05000000262,0.0
2021-07-23,267124.95000000263,2,117134.95000000265,-10.0
2021-07-25,267077.45000000263,1,117134.95000000265,-57.5
2021-07-26,267167.45000000263,1,117134.95000000265,32.5
2021-07-27,267269.98000000266,7,117131.23000000267,138.75
2021-07-28,267173.73000000266,7,117131.23000000267,42.5
2021-07-29,267860.0200000027,7,118008.77000000271,-148.75
2021-07-30,267990.6500000027,2,118008.15000000272,-17.5
2021-08-01,268153.1500000027,2,118008.15000000272,145.0
2021-08-02,267938.7800000027,3,118007.53000000272,-68.75
2021-08-03,268637.57000000274,5,118632.57000000276,5.0
2021-08-04,268642.58000000275,3,118631.33000000277,11.25
2021-08-05,268905.08000000275,3,118631.33000000277,273.75
2021-08-06,269026.9800000028,3,119003.23000000279,23.75
2021-08-08,268929.4800000028,2,119003.23000000279,-73.75
2021-08-09,268908.8600000028,3,119002.6100000028,-93.75
2021-08-10,269021.3600000028,3,119002.6100000028,18.75
2021-08-11,269257.6100000028,3,119002.6100000028,255.0
2021-08-12,269393.8800000028,3,119375.13000000281,18.75
2021-08-13,269423.8800000028,1,119375.13000000281,48.75
2021-08-15,269381.3800000028,1,119375.13000000281,6.25
2021-08-16,269848.92000000284,4,119871.42000000285,-22.5
2021-08-17,270261.45000000286,7,119867.70000000288,393.75
2021-08-18,268155.8400000029,10,119865.84000000289,-1710.0
2021-08-19,268487.7200000029,11,119865.2200000029,-1377.5
2021-08-20,270783.9700000029,11,119865.2200000029,918.75
2021-08-22,271622.7200000029,11,119865.2200000029,1757.5
2021-08-23,271865.92000000295,11,121848.42000000297,17.5
2021-08-24,271823.42000000295,2,121848.42000000297,-25.0
2021-08-25,271898.42000000295,2,121848.42000000297,50.0
2021-08-26,271844.68000000296,4,121847.18000000298,-2.5
2021-08-27,272433.460000003,4,122345.960000003,87.5
2021-08-29,272448.460000003,2,122345.960000003,102.5
2021-08-30,272625.350000003,2,122594.10000000302,31.25
2021-08-31,272779.110000003,3,122592.86000000303,186.25
2021-09-01,272580.360000003,3,122592.86000000303,-12.5
2021-09-02,272944.110000003,3,122592.86000000303,351.25
2021-09-03,272801.610000003,3,122592.86000000303,208.75
2021-09-05,272794.110000003,3,122592.86000000303,201.25
2021-09-06,272880.360000003,3,122592.86000000303,287.5
2021-09-07,272572.860000003,3,122592.86000000303,-20.0
2021-09-08,272249.750000003,6,122591.00000000304,-341.25
2021-09-09,272310.38000000303,7,122590.38000000305,-280.0
2021-09-10,270737.27000000305,10,122588.52000000306,-1851.25
2021-09-12,270912.3700000031,10,122563.62000000307,-1651.25
2021-09-13,271675.5000000031,11,122563.00000000307,-887.5
2021-09-14,270139.8800000031,12,122562.38000000308,-2422.5
2021-09-15,271804.8800000031,12,122562.38000000308,-757.5
2021-09-16,271564.8800000031,12,122562.38000000308,-997.5
2021-09-17,268113.6400000031,14,122561.14000000308,-4447.5
2021-09-19,266713.6400000031,14,122561.14000000308,-5847.5
2021-09-20,266616.1600000031,18,122558.6600000031,-5942.5
2021-09-21,264163.6600000031,18,122558.6600000031,-8395.0
2021-09-22,268528.6600000031,18,122558.6600000031,-4030.0
2021-09-23,272691.1600000031,18,122558.6600000031,132.5
2021-09-24,273208.6600000031,18,122558.6600000031,650.0
2021-09-26,274603.6600000031,18,122558.6600000031,2045.0
2021-09-27,271881.1600000031,18,122558.6600000031,-677.5
2021-09-28,265963.6600000031,18,122558.6600000031,-6595.0
2021-09-29,266616.1600000031,18,122558.6600000031,-5942.5
2021-09-30,257481.16000000312,18,122558.6600000031,-15077.5
2021-10-01,264636.1600000031,18,122558.6600000031,-7922.5
2021-10-03,262768.6600000031,18,122558.6600000031,-9790.0
2021-10-04,260001.79000000312,19,122558.04000000311,-12556.25
2021-10-05,261830.54000000312,19,122558.04000000311,-10727.5
2021-10-06,267388.0400000031,19,122558.04000000311,-5170.0
2021-10-07,268908.0400000031,19,122558.04000000311,-3650.0
2021-10-08,267839.2900000031,19,122558.04000000311,-4718.75
2021-10-10,267055.5400000031,19,122558.04000000311,-5502.5
2021-10-11,262899.2900000031,19,122558.04000000311,-9658.75
2021-10-12,263493.0400000031,19,122558.04000000311,-9065.0
2021-10-13,266794.2900000031,19,122558.04000000311,-5763.75
2021-10-14,273800.5400000031,19,122558.04000000311,1242.5
2021-10-15,275046.2700000032,19,124927.5200000032,118.75
2021-10-17,274993.7700000032,2,124927.5200000032,66.25
2021-10-18,275348.80000000325,3,125298.80000000323,50.0
2021-10-19,275615.69000000326,2,125546.94000000325,68.75
2021-10-20,275673.8300000033,2,125670.08000000326,3.75
2021-10-21,275843.8300000033,2,125670.08000000326,173.75
2021-10-22,275874.4900000033,5,125916.9900000033,-42.5
2021-10-24,276111.9900000033,5,125916.9900000033,195.0
2021-10-25,276600.77000000334,5,126539.52000000332,61.25
2021-10-26,276508.30000000336,5,126660.80000000335,-152.5
2021-10-27,276201.4400000034,8,126658.94000000336,-457.5
2021-10-28,277528.9900000034,8,127655.24000000341,-126.25
2021-10-29,278000.87000000343,3,127654.62000000342,346.25
2021-10-31,278060.87000000343,3,127654.62000000342,406.25
2021-11-01,278064.03000000346,4,128075.28000000345,-11.25
2021-11-02,278565.9300000035,4,128575.93000000347,-10.0
2021-11-03,278858.4500000035,2,128824.70000000349,33.75
2021-11-04,279088.4700000035,3,128947.22000000351,141.25
2021-11-05,279416.63000000356,4,129451.63000000354,-35.0
2021-11-07,279296.63000000356,4,129451.63000000354,-155.0
2021-11-08,279336.63000000356,4,129451.63000000354,-115.0
2021-11-09,278847.89000000356,6,129450.39000000355,-602.5
2021-11-10,278190.4100000036,10,129447.91000000357,-1257.5
2021-11-11,278515.4100000036,10,129447.91000000357,-932.5
2021-11-12,280102.9100000036,10,129447.91000000357,655.0
2021-11-14,280065.4100000036,10,129447.91000000357,617.5
2021-11-15,279965.4100000036,10,129447.91000000357,517.5
2021-11-16,280737.97000000364,10,130695.47000000362,42.5
2021-11-17,280752.35000000364,3,130694.85000000363,57.5
2021-11-18,281632.36000000365,5,130693.61000000364,938.75
2021-11-19,281260.53000000364,5,131314.28000000367,-53.75
2021-11-21,281445.53000000364,4,131314.28000000367,131.25
2021-11-22,280904.3400000037,8,131808.09000000372,-903.75
2021-11-23,280968.7300000037,11,131806.23000000374,-837.5
2021-11-24,282866.2300000037,11,131806.23000000374,1060.0
2021-11-25,279634.9800000037,11,131806.23000000374,-2171.25
2021-11-26,274830.63000000373,16,131803.13000000376,-6972.5
2021-11-28,279010.63000000373,16,131803.13000000376,-2792.5
2021-11-29,281070.63000000373,16,131803.13000000376,-732.5
2021-11-30,277231.26000000373,17,131802.51000000376,-4571.25
2021-12-01,271154.40000000375,20,131800.65000000378,-10646.25
2021-12-02,275279.40000000375,20,131800.65000000378,-6521.25
2021-12-03,271129.40000000375,20,131800.65000000378,-10671.25
2021-12-05,273829.40000000375,20,131800.65000000378,-7971.25
2021-12-06,278404.40000000375,20,131800.65000000378,-3396.25
2021-12-07,285011.4100000039,20,134412.6600000039,598.75
2021-12-08,284748.9100000039,5,134412.6600000039,336.25
2021-12-09,284192.6600000039,5,134412.6600000039,-220.0
2021-12-10,285919.01000000397,7,135912.760000004,6.25
2021-12-12,285995.270000004,1,135910.270000004,85.0
2021-12-13,285224.060000004,9,135905.31000000404,-681.25
2021-12-14,284019.700000004,12,135903.45000000406,-1883.75
2021-12-15,287799.1500000041,12,137400.40000000413,398.75
2021-12-16,286037.97000000416,11,137936.7200000042,-1898.75
2021-12-17,284223.6100000042,14,137934.8600000042,-3711.25
2021-12-19,280688.6100000042,14,137934.8600000042,-7246.25
2021-12-20,282726.7500000042,17,137933.00000000422,-5206.25
2021-12-21,286700.5000000042,17,137933.00000000422,-1232.5
2021-12-22,290356.8500000043,17,140045.6000000043,311.25
2021-12-23,290553.7600000043,3,140586.26000000435,-32.5
2021-12-26,290588.7600000043,2,140586.26000000435,2.5
2021-12-27,291129.42000000435,2,141081.92000000438,47.5
2021-12-28,291173.2000000044,5,141203.2000000044,-30.0
2021-12-29,291179.4500000044,5,141203.2000000044,-23.75
2021-12-30,290691.9500000044,5,141203.2000000044,-511.25
2021-12-31,290613.2100000044,7,141201.96000000442,-588.75
2022-01-02,291173.2100000044,7,141201.96000000442,-28.75
2022-01-03,291986.3400000044,8,141201.34000000442,785.0
2022-01-04,291770.79000000446,8,142227.0400000045,-456.25
2022-01-05,285931.4500000045,14,142222.70000000452,-6291.25
2022-01-06,288150.2100000045,16,142221.46000000453,-4071.25
2022-01-07,285730.2100000045,16,142221.46000000453,-6491.25
2022-01-09,286270.2100000045,16,142221.46000000453,-5951.25
2022-01-10,285959.6000000045,19,142219.60000000455,-6260.0
2022-01-11,290400.8500000045,19,142219.60000000455,-1818.75
2022-01-12,290472.1000000045,19,142219.60000000455,-1747.5
2022-01-13,285223.3500000045,19,142219.60000000455,-6996.25
2022-01-14,286220.8500000045,19,142219.60000000455,-5998.75
2022-01-16,284320.8500000045,19,142219.60000000455,-7898.75
2022-01-17,283347.1000000045,19,142219.60000000455,-8872.5
2022-01-18,274802.7300000045,20,142218.98000000455,-17416.25
2022-01-19,274681.49000000453,22,142217.74000000456,-17536.25
2022-01-20,262839.63000000454,25,142215.88000000457,-29376.25
2022-01-21,254900.26000000455,26,142215.26000000458,-37315.0
2022-01-23,260035.26000000455,26,142215.26000000458,-32180.0
2022-01-24,250025.26000000455,26,142215.26000000458,-42190.0
2022-01-25,252137.76000000455,26,142215.26000000458,-40077.5
2022-01-26,241932.76000000455,26,142215.26000000458,-50282.5
2022-01-27,248530.26000000455,26,142215.26000000458,-43685.0
2022-01-28,259840.26000000455,26,142215.26000000458,-32375.0
2022-01-30,261497.76000000455,26,142215.26000000458,-30717.5
2022-01-31,269200.26000000455,26,142215.26000000458,-23015.0
2022-02-01,277715.26000000455,26,142215.26000000458,-14500.0
2022-02-02,274920.26000000455,26,142215.26000000458,-17295.0
2022-02-03,272937.76000000455,26,142215.26000000458,-19277.5
2022-02-04,268420.26000000455,26,142215.26000000458,-23795.0
2022-02-06,269492.76000000455,26,142215.26000000458,-22722.5
2022-02-07,267542.76000000455,26,142215.26000000458,-24672.5
2022-02-08,274790.26000000455,26,142215.26000000458,-17425.0
2022-02-09,279307.76000000455,26,142215.26000000458,-12907.5
2022-02-10,265820.26000000455,26,142215.26000000458,-26395.0
2022-02-11,259645.26000000455,26,142215.26000000458,-32570.0
2022-02-13,260132.76000000455,26,142215.26000000458,-32082.5
2022-02-14,256947.76000000455,26,142215.26000000458,-35267.5
2022-02-15,264390.26000000455,26,142215.26000000458,-27825.0
2022-02-16,263025.26000000455,26,142215.26000000458,-29190.0
2022-02-17,257857.76000000455,26,142215.26000000458,-34357.5
2022-02-18,250057.76000000455,26,142215.26000000458,-42157.5
2022-02-20,252982.76000000455,26,142215.26000000458,-39232.5
2022-02-21,241185.26000000455,26,142215.26000000458,-51030.0
2022-02-22,247555.26000000455,26,142215.26000000458,-44660.0
2022-02-23,223700.26000000455,26,142215.26000000458,-68515.0
2022-02-24,239495.26000000455,26,142215.26000000458,-52720.0
2022-02-25,254770.26000000455,26,142215.26000000458,-37445.0
2022-02-27,241217.76000000455,26,142215.26000000458,-50997.5
2022-02-28,253340.26000000455,26,142215.26000000458,-38875.0
2022-03-01,246807.76000000455,26,142215.26000000458,-45407.5
2022-03-02,254997.76000000455,26,142215.26000000458,-37217.5
2022-03-03,247652.76000000455,26,142215.26000000458,-44562.5
2022-03-04,246937.76000000455,26,142215.26000000458,-45277.5
2022-03-06,241152.76000000455,26,142215.26000000458,-51062.5
2022-03-07,230167.76000000455,26,142215.26000000458,-62047.5
2022-03-08,230395.26000000455,26,142215.26000000458,-61820.0
2022-03-09,240112.76000000455,26,142215.26000000458,-52102.5
2022-03-10,236375.26000000455,26,142215.26000000458,-55840.0
2022-03-11,232052.76000000455,26,142215.26000000458,-60162.5
2022-03-13,233743.02000000456,26,142150.5200000046,-58407.5
2022-03-14,229128.02000000456,26,142150.5200000046,-63022.5
2022-03-15,238618.02000000456,26,142150.5200000046,-53532.5
2022-03-16,250773.02000000456,26,142150.5200000046,-41377.5
2022-03-17,254738.02000000456,26,142150.5200000046,-37412.5
2022-03-18,266860.52000000456,26,142150.5200000046,-25290.0
2022-03-20,264000.52000000456,26,142150.5200000046,-28150.0
2022-03-21,264065.52000000456,26,142150.5200000046,-28085.0
2022-03-22,272775.52000000456,26,142150.5200000046,-19375.0
2022-03-23,266178.02000000456,26,142150.5200000046,-25972.5
2022-03-24,272970.52000000456,26,142150.5200000046,-19180.0
2022-03-25,276090.52000000456,26,142150.5200000046,-16060.0
2022-03-27,274205.52000000456,26,142150.5200000046,-17945.0
2022-03-28,280478.02000000456,26,142150.5200000046,-11672.5
2022-03-29,286815.52000000456,26,142150.5200000046,-5335.0
2022-03-30,285190.52000000456,26,142150.5200000046,-6960.0
2022-03-31,277423.02000000456,26,142150.5200000046,-14727.5
2022-04-01,276415.52000000456,26,142150.5200000046,-15735.0
2022-04-03,276578.02000000456,26,142150.5200000046,-15572.5
2022-04-04,280835.52000000456,26,142150.5200000046,-11315.0
2022-04-05,273263.02000000456,26,142150.5200000046,-18887.5
2022-04-06,265820.52000000456,26,142150.5200000046,-26330.0
2022-04-07,270793.02000000456,26,142150.5200000046,-21357.5
2022-04-08,269265.52000000456,26,142150.5200000046,-22885.0
2022-04-10,265625.52000000456,26,142150.5200000046,-26525.0
2022-04-11,256720.52000000456,26,142150.5200000046,-35430.0
2022-04-12,260393.02000000456,26,142150.5200000046,-31757.5
2022-04-13,264358.02000000456,26,142150.5200000046,-27792.5
2022-04-14,256980.52000000456,26,142150.5200000046,-35170.0
2022-04-17,254120.52000000456,26,142150.5200000046,-38030.0
2022-04-18,258963.02000000456,26,142150.5200000046,-33187.5
2022-04-19,264228.02000000456,26,142150.5200000046,-27922.5
2022-04-20,267640.52000000456,26,142150.5200000046,-24510.0
2022-04-21,255095.52000000456,26,142150.5200000046,-37055.0
2022-04-22,239073.02000000456,26,142150.5200000046,-53077.5
2022-04-24,238358.02000000456,26,142150.5200000046,-53792.5
2022-04-25,245605.52000000456,26,142150.5200000046,-46545.0
2022-04-26,231468.02000000456,26,142150.5200000046,-60682.5
2022-04-27,233580.52000000456,26,142150.5200000046,-58570.0
2022-04-28,240730.52000000456,26,142150.5200000046,-51420.0
2022-04-29,224220.52000000456,26,142150.5200000046,-67930.0
2022-05-01,225845.52000000456,26,142150.5200000046,-66305.0
2022-05-02,227763.02000000456,26,142150.5200000046,-64387.5
2022-05-03,228705.52000000456,26,142150.5200000046,-63445.0
2022-05-04,244370.52000000456,26,142150.5200000046,-47780.0
2022-05-05,225293.02000000456,26,142150.5200000046,-66857.5
2022-05-06,220808.02000000456,26,142150.5200000046,-71342.5
2022-05-08,216875.52000000456,26,142150.5200000046,-75275.0
2022-05-09,207580.52000000456,26,142150.5200000046,-84570.0
2022-05-10,207938.02000000456,26,142150.5200000046,-84212.5
2022-05-11,198578.02000000456,26,142150.5200000046,-93572.5
2022-05-12,202055.52000000456,26,142150.5200000046,-90095.0
2022-05-13,208165.52000000456,26,142150.5200000046,-83985.0
2022-05-15,205435.52000000456,26,142150.5200000046,-86715.0
2022-05-16,208620.52000000456,26,142150.5200000046,-83530.0
2022-05-17,215900.52000000456,26,142150.5200000046,-76250.0
2022-05-18,197278.02000000456,26,142150.5200000046,-94872.5
2022-05-19,196368.02000000456,26,142150.5200000046,-95782.5
2022-05-20,193703.02000000456,26,142150.5200000046,-98447.5
2022-05-22,197408.02000000456,26,142150.5200000046,-94742.5
2022-05-23,198773.02000000456,26,142150.5200000046,-93377.5
2022-05-24,202120.52000000456,26,142150.5200000046,-90030.0
2022-05-25,203225.52000000456,26,142150.5200000046,-88925.0
2022-05-26,212683.02000000456,26,142150.5200000046,-79467.5
2022-05-27,228250.52000000456,26,142150.5200000046,-63900.0
2022-05-29,228933.02000000456,26,142150.5200000046,-63217.5
2022-05-30,227828.02000000456,26,142150.5200000046,-64322.5
2022-05-31,225390.52000000456,26,142150.5200000046,-66760.0
2022-06-01,219345.52000000456,26,142150.5200000046,-72805.0
2022-06-02,229355.52000000456,26,142150.5200000046,-62795.0
2022-06-03,220645.52000000456,26,142150.5200000046,-71505.0
2022-06-05,222953.02000000456,26,142150.5200000046,-69197.5
2022-06-06,219735.52000000456,26,142150.5200000046,-72415.0
2022-06-07,225000.52000000456,26,142150.5200000046,-67150.0
2022-06-08,220970.52000000456,26,142150.5200000046,-71180.0
2022-06-09,209628.02000000456,26,142150.5200000046,-82522.5
2022-06-10,194125.52000000456,26,142150.5200000046,-98025.0
2022-06-12,186748.02000000456,26,142150.5200000046,-105402.5
2022-06-13,177290.78000000457,26,142085.7800000046,-114795.0
2022-06-14,173878.28000000457,26,142085.7800000046,-118207.5
2022-06-15,181125.78000000457,26,142085.7800000046,-110960.0
2022-06-16,165655.78000000457,26,142085.7800000046,-126430.0
2022-06-17,164810.78000000457,26,142085.7800000046,-127275.0
2022-06-19,165720.78000000457,26,142085.7800000046,-126365.0
2022-06-20,171505.78000000457,26,142085.7800000046,-120580.0
2022-06-21,171213.28000000457,26,142085.7800000046,-120872.5
2022-06-22,173780.78000000457,26,142085.7800000046,-118305.0
2022-06-23,182003.28000000457,26,142085.7800000046,-110082.5
2022-06-24,194873.28000000457,26,142085.7800000046,-97212.5
2022-06-26,196368.28000000457,26,142085.7800000046,-95717.5
2022-06-27,192890.78000000457,26,142085.7800000046,-99195.0
2022-06-28,184018.28000000457,26,142085.7800000046,-108067.5
2022-06-29,181320.78000000457,26,142085.7800000046,-110765.0
2022-06-30,174235.78000000457,26,142085.7800000046,-117850.0
2022-07-01,183270.78000000457,26,142085.7800000046,-108815.0
2022-07-03,180638.28000000457,26,142085.7800000046,-111447.5
2022-07-04,184635.78000000457,26,142085.7800000046,-107450.0
2022-07-05,184310.78000000457,26,142085.7800000046,-107775.0
2022-07-06,186423.28000000457,26,142085.7800000046,-105662.5
2022-07-07,191460.78000000457,26,142085.7800000046,-100625.0
2022-07-08,193670.78000000457,26,142085.7800000046,-98415.0
2022-07-10,190030.78000000457,26,142085.7800000046,-102055.0
2022-07-11,184798.28000000457,26,142085.7800000046,-107287.5
2022-07-12,183823.28000000457,26,142085.7800000046,-108262.5
2022-07-13,180053.28000000457,26,142085.7800000046,-112032.5
2022-07-14,180930.78000000457,26,142085.7800000046,-111155.0
2022-07-15,188633.28000000457,26,142085.7800000046,-103452.5
2022-07-17,190485.78000000457,26,142085.7800000046,-101600.0
2022-07-18,185188.28000000457,26,142085.7800000046,-106897.5
2022-07-19,200755.78000000457,26,142085.7800000046,-91330.0
2022-07-20,200268.28000000457,26,142085.7800000046,-91817.5
2022-07-21,204070.78000000457,26,142085.7800000046,-88015.0
2022-07-22,201178.28000000457,26,142085.7800000046,-90907.5
2022-07-24,200918.28000000457,26,142085.7800000046,-91167.5
2022-07-25,200658.28000000457,26,142085.7800000046,-91427.5
2022-07-26,199780.78000000457,26,142085.7800000046,-92305.0
2022-07-27,207905.78000000457,26,142085.7800000046,-84180.0
2022-07-28,218403.28000000457,26,142085.7800000046,-73682.5
2022-07-29,223180.78000000457,26,142085.7800000046,-68905.0
2022-07-31,220775.78000000457,26,142085.7800000046,-71310.0
2022-08-01,219540.78000000457,26,142085.7800000046,-72545.0
2022-08-02,218923.28000000457,26,142085.7800000046,-73162.5
2022-08-03,225585.78000000457,26,142085.7800000046,-66500.0
2022-08-04,227145.78000000457,26,142085.7800000046,-64940.0
2022-08-05,224383.28000000457,26,142085.7800000046,-67702.5
2022-08-07,224058.28000000457,26,142085.7800000046,-68027.5
2022-08-08,225780.78000000457,26,142085.7800000046,-66305.0
2022-08-09,221848.28000000457,26,142085.7800000046,-70237.5
2022-08-10,234880.78000000457,26,142085.7800000046,-57205.0
2022-08-11,234035.78000000457,26,142085.7800000046,-58050.0
2022-08-12,242453.28000000457,26,142085.7800000046,-49632.5
2022-08-14,241185.78000000457,26,142085.7800000046,-50900.0
2022-08-15,244110.78000000457,26,142085.7800000046,-47975.0
2022-08-16,245865.78000000457,26,142085.7800000046,-46220.0
2022-08-17,241348.28000000457,26,142085.7800000046,-50737.5
2022-08-18,242225.78000000457,26,142085.7800000046,-49860.0
2022-08-19,235660.78000000457,26,142085.7800000046,-56425.0
2022-08-21,233905.78000000457,26,142085.7800000046,-58180.0
2022-08-22,225065.78000000457,26,142085.7800000046,-67020.0
2022-08-23,221068.28000000457,26,142085.7800000046,-71017.5
2022-08-24,225975.78000000457,26,142085.7800000046,-66110.0
2022-08-25,231728.28000000457,26,142085.7800000046,-60357.5
2022-08-26,211513.28000000457,26,142085.7800000046,-80572.5
2022-08-28,209725.78000000457,26,142085.7800000046,-82360.0
2022-08-29,211220.78000000457,26,142085.7800000046,-80865.0
2022-08-30,207158.28000000457,26,142085.7800000046,-84927.5
2022-08-31,196498.28000000457,26,142085.7800000046,-95587.5
2022-09-01,201405.78000000457,26,142085.7800000046,-90680.0
2022-09-02,197278.28000000457,26,142085.7800000046,-94807.5
2022-09-04,197180.78000000457,26,142085.7800000046,-94905.0
2022-09-05,198123.28000000457,26,142085.7800000046,-93962.5
2022-09-06,191980.78000000457,26,142085.7800000046,-100105.0
2022-09-07,203485.78000000457,26,142085.7800000046,-88600.0
2022-09-08,208393.28000000457,26,142085.7800000046,-83692.5
2022-09-09,214568.28000000457,26,142085.7800000046,-77517.5
2022-09-11,214568.28000000457,26,142085.7800000046,-77517.5
2022-09-12,220678.54000000458,26,142021.0400000046,-71342.5
2022-09-13,197896.04000000458,26,142021.0400000046,-94125.0
2022-09-14,199423.54000000458,26,142021.0400000046,-92597.5
2022-09-15,189283.54000000458,26,142021.0400000046,-102737.5
2022-09-16,190778.54000000458,26,142021.0400000046,-101242.5
2022-09-18,187983.54000000458,26,142021.0400000046,-104037.5
2022-09-19,193801.04000000458,26,142021.0400000046,-98220.0
2022-09-20,187691.04000000458,26,142021.0400000046,-104330.0
2022-09-21,175146.04000000458,26,142021.0400000046,-116875.0
2022-09-22,173098.54000000458,26,142021.0400000046,-118922.5
2022-09-23,165916.04000000458,26,142021.0400000046,-126105.0
2022-09-25,163023.54000000458,26,142021.0400000046,-128997.5
2022-09-26,163803.54000000458,26,142021.0400000046,-128217.5
2022-09-27,156556.04000000458,26,142021.0400000046,-135465.0
2022-09-28,168288.54000000458,26,142021.0400000046,-123732.5
2022-09-29,157206.04000000458,26,142021.0400000046,-134815.0
2022-09-30,152006.04000000458,26,142021.0400000046,-140015.0
2022-10-02,151323.54000000458,26,142021.0400000046,-140697.5
2022-10-03,167281.04000000458,26,142021.0400000046,-124740.0
2022-10-04,175633.54000000458,26,142021.0400000046,-116387.5
2022-10-05,179111.04000000458,26,142021.0400000046,-112910.0
2022-10-06,171213.54000000458,26,142021.0400000046,-120807.5
2022-10-07,158051.04000000458,26,142021.0400000046,-133970.0
2022-10-09,156166.04000000458,26,142021.0400000046,-135855.0
2022-10-10,152233.54000000458,26,142021.0400000046,-139787.5
2022-10-11,152038.54000000458,26,142021.0400000046,-139982.5
2022-10-12,150641.04000000458,26,142021.0400000046,-141380.0
2022-10-13,165753.54000000458,26,142021.0400000046,-126267.5
2022-10-14,150998.54000000458,26,142021.0400000046,-141022.5
2022-10-16,153078.54000000458,26,142021.0400000046,-138942.5
2022-10-17,169978.54000000458,26,142021.0400000046,-122042.5
2022-10-18,172481.04000000458,26,142021.0400000046,-119540.0
2022-10-19,162438.54000000458,26,142021.0400000046,-129582.5
2022-10-20,159936.04000000458,26,142021.0400000046,-132085.0
2022-10-21,173813.54000000458,26,142021.0400000046,-118207.5
2022-10-23,173001.04000000458,26,142021.0400000046,-119020.0
2022-10-24,178656.04000000458,26,142021.0400000046,-113365.0
2022-10-25,182133.54000000458,26,142021.0400000046,-109887.5
2022-10-26,185416.04000000458,26,142021.0400000046,-106605.0
2022-10-27,177973.54000000458,26,142021.0400000046,-114047.5
2022-10-28,193443.54000000458,26,142021.0400000046,-98577.5
2022-10-30,191623.54000000458,26,142021.0400000046,-100397.5
2022-10-31,190031.04000000458,26,142021.0400000046,-101990.0
2022-11-01,187268.54000000458,26,142021.0400000046,-104752.5
2022-11-02,174528.54000000458,26,142021.0400000046,-117492.5
2022-11-03,168126.04000000458,26,142021.0400000046,-123895.0
2022-11-04,173911.04000000458,26,142021.0400000046,-118110.0
2022-11-06,173976.04000000458,26,142021.0400000046,-118045.0
2022-11-07,179078.54000000458,26,142021.0400000046,-112942.5
2022-11-08,182491.04000000458,26,142021.0400000046,-109530.0
2022-11-09,172838.54000000458,26,142021.0400000046,-119182.5
2022-11-10,199391.04000000458,26,142021.0400000046,-92630.0
2022-11-11,203388.54000000458,26,142021.0400000046,-88632.5
2022-11-13,202088.54000000458,26,142021.0400000046,-89932.5
2022-11-14,201178.54000000458,26,142021.0400000046,-90842.5
2022-11-15,201991.04000000458,26,142021.0400000046,-90030.0
2022-11-16,199618.54000000458,26,142021.0400000046,-92402.5
2022-11-17,197571.04000000458,26,142021.0400000046,-94450.0
2022-11-18,199748.54000000458,26,142021.0400000046,-92272.5
2022-11-20,198643.54000000458,26,142021.0400000046,-93377.5
2022-11-21,198546.04000000458,26,142021.0400000046,-93475.0
2022-11-22,204461.04000000458,26,142021.0400000046,-87560.0
2022-11-23,208913.54000000458,26,142021.0400000046,-83107.5
2022-11-24,209011.04000000458,26,142021.0400000046,-83010.0
2022-11-25,207906.04000000458,26,142021.0400000046,-84115.0
2022-11-27,204331.04000000458,26,142021.0400000046,-87690.0
2022-11-28,201276.04000000458,26,142021.0400000046,-90745.0
2022-11-29,199228.54000000458,26,142021.0400000046,-92792.5
2022-11-30,214958.54000000458,26,142021.0400000046,-77062.5
2022-12-01,213041.04000000458,26,142021.0400000046,-78980.0
2022-12-02,212131.04000000458,26,142021.0400000046,-79890.0
2022-12-04,212618.54000000458,26,142021.0400000046,-79402.5
2022-12-05,204331.04000000458,26,142021.0400000046,-87690.0
2022-12-06,197213.54000000458,26,142021.0400000046,-94807.5
2022-12-07,194678.54000000458,26,142021.0400000046,-97342.5
2022-12-08,200106.04000000458,26,142021.0400000046,-91915.0
2022-12-09,194581.04000000458,26,142021.0400000046,-97440.0
2022-12-11,194808.54000000458,26,142021.0400000046,-97212.5
2022-12-12,201958.8000000046,26,141956.30000000462,-89997.5
2022-12-13,207906.3000000046,26,141956.30000000462,-84050.0
2022-12-14,203161.3000000046,26,141956.30000000462,-88795.0
2022-12-15,189121.3000000046,26,141956.30000000462,-102835.0
2022-12-16,182458.8000000046,26,141956.30000000462,-109497.5
2022-12-18,184083.8000000046,26,141956.30000000462,-107872.5
2022-12-19,174658.8000000046,26,141956.30000000462,-117297.5
2022-12-20,181256.3000000046,26,141956.30000000462,-110700.0
2022-12-21,188438.8000000046,26,141956.30000000462,-103517.5
2022-12-22,179956.3000000046,26,141956.30000000462,-112000.0
2022-12-23,181971.3000000046,26,141956.30000000462,-109985.0
2022-12-26,185383.8000000046,26,141956.30000000462,-106572.5
2022-12-27,180671.3000000046,26,141956.30000000462,-111285.0
2022-12-28,174593.8000000046,26,141956.30000000462,-117362.5
2022-12-29,181873.8000000046,26,141956.30000000462,-110082.5
2022-12-30,181906.3000000046,26,141956.30000000462,-110050.0
2023-01-02,181451.3000000046,26,141956.30000000462,-110505.0
2023-01-03,179988.8000000046,26,141956.30000000462,-111967.5
2023-01-04,182588.8000000046,26,141956.30000000462,-109367.5
2023-01-05,179371.3000000046,26,141956.30000000462,-112585.0
2023-01-06,187886.3000000046,26,141956.30000000462,-104070.0
2023-01-08,189966.3000000046,26,141956.30000000462,-101990.0
2023-01-09,186423.8000000046,26,141956.30000000462,-105532.5
2023-01-10,191623.8000000046,26,141956.30000000462,-100332.5
2023-01-11,198351.3000000046,26,141956.30000000462,-93605.0
2023-01-12,198286.3000000046,26,141956.30000000462,-93670.0
2023-01-13,201568.8000000046,26,141956.30000000462,-90387.5
2023-01-15,202121.3000000046,26,141956.30000000462,-89835.0
2023-01-16,199813.8000000046,26,141956.30000000462,-92142.5
2023-01-17,200983.8000000046,26,141956.30000000462,-90972.5
2023-01-18,191461.3000000046,26,141956.30000000462,-100495.0
2023-01-19,189283.8000000046,26,141956.30000000462,-102672.5
2023-01-20,197538.8000000046,26,141956.30000000462,-94417.5
2023-01-22,197148.8000000046,26,141956.30000000462,-94807.5
2023-01-23,203908.8000000046,26,141956.30000000462,-88047.5
2023-01-24,200983.8000000046,26,141956.30000000462,-90972.5
2023-01-25,203876.3000000046,26,141956.30000000462,-88080.0
2023-01-26,207451.3000000046,26,141956.30000000462,-84505.0
2023-01-27,210018.8000000046,26,141956.30000000462,-81937.5
2023-01-29,208458.8000000046,26,141956.30000000462,-83497.5
2023-01-30,202998.8000000046,26,141956.30000000462,-88957.5
2023-01-31,209531.3000000046,26,141956.30000000462,-82425.0
2023-02-01,218208.8000000046,26,141956.30000000462,-73747.5
2023-02-02,221231.3000000046,26,141956.30000000462,-70725.0
2023-02-03,218078.8000000046,26,141956.30000000462,-73877.5
2023-02-05,216356.3000000046,26,141956.30000000462,-75600.0
2023-02-06,215576.3000000046,26,141956.30000000462,-76380.0
2023-02-07,221848.8000000046,26,141956.30000000462,-70107.5
2023-02-08,217103.8000000046,26,141956.30000000462,-74852.5
2023-02-09,210083.8000000046,26,141956.30000000462,-81872.5
2023-02-10,212033.8000000046,26,141956.30000000462,-79922.5
2023-02-12,209921.3000000046,26,141956.30000000462,-82035.0
2023-02-13,217688.8000000046,26,141956.30000000462,-74267.5
2023-02-14,215771.3000000046,26,141956.30000000462,-76185.0
2023-02-15,220678.8000000046,26,141956.30000000462,-71277.5
2023-02-16,209953.8000000046,26,141956.30000000462,-82002.5
2023-02-17,210246.3000000046,26,141956.30000000462,-81710.0
2023-02-19,210278.8000000046,26,141956.30000000462,-81677.5
2023-02-20,208166.3000000046,26,141956.30000000462,-83790.0
2023-02-21,200918.8000000046,26,141956.30000000462,-91037.5
2023-02-22,201503.8000000046,26,141956.30000000462,-90452.5
2023-02-23,201016.3000000046,26,141956.30000000462,-90940.0
2023-02-24,195783.8000000046,26,141956.30000000462,-96172.5
2023-02-26,196661.3000000046,26,141956.30000000462,-95295.0
2023-02-27,197993.8000000046,26,141956.30000000462,-93962.5
2023-02-28,195946.3000000046,26,141956.30000000462,-96010.0
2023-03-01,191623.8000000046,26,141956.30000000462,-100332.5
2023-03-02,196141.3000000046,26,141956.30000000462,-95815.0
2023-03-03,205923.8000000046,26,141956.30000000462,-86032.5
2023-03-05,206248.8000000046,26,141956.30000000462,-85707.5
2023-03-06,207028.8000000046,26,141956.30000000462,-84927.5
2023-03-07,197798.8000000046,26,141956.30000000462,-94157.5
2023-03-08,197831.3000000046,26,141956.30000000462,-94125.0
2023-03-09,184668.8000000046,26,141956.30000000462,-107287.5
2023-03-10,183368.8000000046,26,141956.30000000462,-108587.5
2023-03-12,190031.3000000046,26,141956.30000000462,-101925.0
2023-03-13,182979.0600000046,26,141891.56000000463,-108912.5
2023-03-14,189479.0600000046,26,141891.56000000463,-102412.5
2023-03-15,186619.0600000046,26,141891.56000000463,-105272.5
2023-03-16,194061.5600000046,26,141891.56000000463,-97830.0
2023-03-17,188146.5600000046,26,141891.56000000463,-103745.0
2023-03-19,188731.5600000046,26,141891.56000000463,-103160.0
2023-03-20,193281.5600000046,26,141891.56000000463,-98610.0
2023-03-21,199749.0600000046,26,141891.56000000463,-92142.5
2023-03-22,193379.0600000046,26,141891.56000000463,-98512.5
2023-03-23,192501.5600000046,26,141891.56000000463,-99390.0
2023-03-24,196271.5600000046,26,141891.56000000463,-95620.0
2023-03-26,197766.5600000046,26,141891.56000000463,-94125.0
2023-03-27,196629.0600000046,26,141891.56000000463,-95262.5
2023-03-28,197246.5600000046,26,141891.56000000463,-94645.0
2023-03-29,202154.0600000046,26,141891.56000000463,-89737.5
2023-03-30,206801.5600000046,26,141891.56000000463,-85090.0
2023-03-31,213041.5600000046,26,141891.56000000463,-78850.0
2023-04-02,211091.5600000046,26,141891.56000000463,-80800.0
2023-04-03,214666.5600000046,26,141891.56000000463,-77225.0
2023-04-04,211936.5600000046,26,141891.56000000463,-79955.0
2023-04-05,208751.5600000046,26,141891.56000000463,-83140.0
2023-04-06,211611.5600000046,26,141891.56000000463,-80280.0
2023-04-07,213366.5600000046,26,141891.56000000463,-78525.0
2023-04-09,212001.5600000046,26,141891.56000000463,-79890.0
2023-04-10,213139.0600000046,26,141891.56000000463,-78752.5
2023-04-11,212814.0600000046,26,141891.56000000463,-79077.5
2023-04-12,210766.5600000046,26,141891.56000000463,-81125.0
2023-04-13,217169.0600000046,26,141891.56000000463,-74722.5
2023-04-14,217234.0600000046,26,141891.56000000463,-74657.5
2023-04-16,217039.0600000046,26,141891.56000000463,-74852.5
2023-04-17,217591.5600000046,26,141891.56000000463,-74300.0
2023-04-18,217591.5600000046,26,141891.56000000463,-74300.0
2023-04-19,217071.5600000046,26,141891.56000000463,-74820.0
2023-04-20,215056.5600000046,26,141891.56000000463,-76835.0
2023-04-21,214829.0600000046,26,141891.56000000463,-77062.5
2023-04-23,213659.0600000046,26,141891.56000000463,-78232.5
2023-04-24,214211.5600000046,26,141891.56000000463,-77680.0
2023-04-25,209141.5600000046,26,141891.56000000463,-82750.0
2023-04-26,205891.5600000046,26,141891.56000000463,-86000.0
2023-04-27,214211.5600000046,26,141891.56000000463,-77680.0
2023-04-28,219671.5600000046,26,141891.56000000463,-72220.0
2023-04-30,219736.5600000046,26,141891.56000000463,-72155.0
2023-05-01,218794.0600000046,26,141891.56000000463,-73097.5
2023-05-02,213529.0600000046,26,141891.56000000463,-78362.5
2023-05-03,209564.0600000046,26,141891.56000000463,-82327.5
2023-05-04,206931.5600000046,26,141891.56000000463,-84960.0
2023-05-05,214276.5600000046,26,141891.56000000463,-77615.0
2023-05-07,213951.5600000046,26,141891.56000000463,-77940.0
2023-05-08,214601.5600000046,26,141891.56000000463,-77290.0
2023-05-09,212781.5600000046,26,141891.56000000463,-79110.0
2023-05-10,215739.0600000046,26,141891.56000000463,-76152.5
2023-05-11,214276.5600000046,26,141891.56000000463,-77615.0
2023-05-12,212066.5600000046,26,141891.56000000463,-79825.0
2023-05-14,212749.0600000046,26,141891.56000000463,-79142.5
2023-05-15,213431.5600000046,26,141891.56000000463,-78460.0
2023-05-16,211839.0600000046,26,141891.56000000463,-80052.5
2023-05-17,216941.5600000046,26,141891.56000000463,-74950.0
2023-05-18,223344.0600000046,26,141891.56000000463,-68547.5
2023-05-19,220679.0600000046,26,141891.56000000463,-71212.5
2023-05-21,221361.5600000046,26,141891.56000000463,-70530.0
2023-05-22,222661.5600000046,26,141891.56000000463,-69230.0
2023-05-23,216096.5600000046,26,141891.56000000463,-75795.0
2023-05-24,213236.5600000046,26,141891.56000000463,-78655.0
2023-05-25,214601.5600000046,26,141891.56000000463,-77290.0
2023-05-26,223409.0600000046,26,141891.56000000463,-68482.5
2023-05-28,223799.0600000046,26,141891.56000000463,-68092.5
2023-05-29,223831.5600000046,26,141891.56000000463,-68060.0
2023-05-30,221589.0600000046,26,141891.56000000463,-70302.5
2023-05-31,219996.5600000046,26,141891.56000000463,-71895.0
2023-06-01,225489.0600000046,26,141891.56000000463,-66402.5
2023-06-02,232444.0600000046,26,141891.56000000463,-59447.5
2023-06-04,231826.5600000046,26,141891.56000000463,-60065.0
2023-06-05,231469.0600000046,26,141891.56000000463,-60422.5
2023-06-06,233126.5600000046,26,141891.56000000463,-58765.0
2023-06-07,230006.5600000046,26,141891.56000000463,-61885.0
2023-06-08,233289.0600000046,26,141891.56000000463,-58602.5
2023-06-09,234524.0600000046,26,141891.56000000463,-57367.5
2023-06-11,235174.0600000046,26,141891.56000000463,-56717.5
2023-06-12,240536.8200000046,26,141826.82000000463,-51290.0
2023-06-13,243006.8200000046,26,141826.82000000463,-48820.0
2023-06-14,243331.8200000046,26,141826.82000000463,-48495.0
2023-06-15,249409.3200000046,26,141826.82000000463,-42417.5
2023-06-16,248629.3200000046,26,141826.82000000463,-43197.5
2023-06-18,247394.3200000046,26,141826.82000000463,-44432.5
2023-06-19,246646.8200000046,26,141826.82000000463,-45180.0
2023-06-20,245411.8200000046,26,141826.82000000463,-46415.0
2023-06-21,242031.8200000046,26,141826.82000000463,-49795.0
2023-06-22,241739.3200000046,26,141826.82000000463,-50087.5
2023-06-23,239464.3200000046,26,141826.82000000463,-52362.5
2023-06-25,240959.3200000046,26,141826.82000000463,-50867.5
2023-06-26,238196.8200000046,26,141826.82000000463,-53630.0
2023-06-27,242454.3200000046,26,141826.82000000463,-49372.5
2023-06-28,243591.8200000046,26,141826.82000000463,-48235.0
2023-06-29,245769.3200000046,26,141826.82000000463,-46057.5
2023-06-30,251684.3200000046,26,141826.82000000463,-40142.5
2023-07-02,252496.8200000046,26,141826.82000000463,-39330.0
2023-07-03,252821.8200000046,26,141826.82000000463,-39005.0
2023-07-04,252561.8200000046,26,141826.82000000463,-39265.0
2023-07-05,250026.8200000046,26,141826.82000000463,-41800.0
2023-07-06,246906.8200000046,26,141826.82000000463,-44920.0
2023-07-07,245899.3200000046,26,141826.82000000463,-45927.5
2023-07-09,244111.8200000046,26,141826.82000000463,-47715.0
2023-07-10,247069.3200000046,26,141826.82000000463,-44757.5
2023-07-11,250676.8200000046,26,141826.82000000463,-41150.0
2023-07-12,256429.3200000046,26,141826.82000000463,-35397.5
2023-07-13,259419.3200000046,26,141826.82000000463,-32407.5
2023-07-14,258541.8200000046,26,141826.82000000463,-33285.0
2023-07-16,258184.3200000046,26,141826.82000000463,-33642.5
2023-07-17,260394.3200000046,26,141826.82000000463,-31432.5
2023-07-18,265204.3200000046,26,141826.82000000463,-26622.5
2023-07-19,265594.3200000046,26,141826.82000000463,-26232.5
2023-07-20,262994.3200000046,26,141826.82000000463,-28832.5
2023-07-21,262279.3200000046,26,141826.82000000463,-29547.5
2023-07-23,262181.8200000046,26,141826.82000000463,-29645.0
2023-07-24,264716.8200000046,26,141826.82000000463,-27110.0
2023-07-25,266406.8200000046,26,141826.82000000463,-25420.0
2023-07-26,267869.3200000046,26,141826.82000000463,-23957.5
2023-07-27,263189.3200000046,26,141826.82000000463,-28637.5
2023-07-28,267869.3200000046,26,141826.82000000463,-23957.5
2023-07-30,266764.3200000046,26,141826.82000000463,-25062.5
2023-07-31,269234.3200000046,26,141826.82000000463,-22592.5
2023-08-01,264391.8200000046,26,141826.82000000463,-27435.0
2023-08-02,259419.3200000046,26,141826.82000000463,-32407.5
2023-08-03,258639.3200000046,26,141826.82000000463,-33187.5
2023-08-04,253699.3200000046,26,141826.82000000463,-38127.5
2023-08-06,256006.8200000046,26,141826.82000000463,-35820.0
2023-08-07,257534.3200000046,26,141826.82000000463,-34292.5
2023-08-08,256689.3200000046,26,141826.82000000463,-35137.5
2023-08-09,254284.3200000046,26,141826.82000000463,-37542.5
2023-08-10,252041.8200000046,26,141826.82000000463,-39785.0
2023-08-11,251911.8200000046,26,141826.82000000463,-39915.0
2023-08-13,250091.8200000046,26,141826.82000000463,-41735.0
2023-08-14,255844.3200000046,26,141826.82000000463,-35982.5
2023-08-15,248271.8200000046,26,141826.82000000463,-43555.0
2023-08-16,243949.3200000046,26,141826.82000000463,-47877.5
2023-08-17,238944.3200000046,26,141826.82000000463,-52882.5
2023-08-18,238359.3200000046,26,141826.82000000463,-53467.5
2023-08-20,239009.3200000046,26,141826.82000000463,-52817.5
2023-08-21,242291.8200000046,26,141826.82000000463,-49535.0
2023-08-22,242356.8200000046,26,141826.82000000463,-49470.0
2023-08-23,251001.8200000046,26,141826.82000000463,-40825.0
2023-08-24,239301.8200000046,26,141826.82000000463,-52525.0
2023-08-25,242681.8200000046,26,141826.82000000463,-49145.0
2023-08-27,243071.8200000046,26,141826.82000000463,-48755.0
2023-08-28,246744.3200000046,26,141826.82000000463,-45082.5
2023-08-29,255811.8200000046,26,141826.82000000463,-36015.0
2023-08-30,257566.8200000046,26,141826.82000000463,-34260.0
2023-08-31,256591.8200000046,26,141826.82000000463,-35235.0
2023-09-01,256429.3200000046,26,141826.82000000463,-35397.5
2023-09-03,256786.8200000046,26,141826.82000000463,-35040.0
2023-09-04,255811.8200000046,26,141826.82000000463,-36015.0
2023-09-05,253601.8200000046,26,141826.82000000463,-38225.0
2023-09-06,249896.8200000046,26,141826.82000000463,-41930.0
2023-09-07,248434.3200000046,26,141826.82000000463,-43392.5
2023-09-08,249214.3200000046,26,141826.82000000463,-42612.5
2023-09-10,249376.8200000046,26,141826.82000000463,-42450.0
2023-09-11,252204.58000000461,26,141762.08000000464,-39557.5
2023-09-12,248239.58000000461,26,141762.08000000464,-43522.5
2023-09-13,251522.08000000461,26,141762.08000000464,-40240.0
2023-09-14,255844.58000000461,26,141762.08000000464,-35917.5
2023-09-15,247329.58000000461,26,141762.08000000464,-44432.5
2023-09-17,248272.08000000461,26,141762.08000000464,-43490.0
2023-09-18,247622.08000000461,26,141762.08000000464,-44140.0
2023-09-19,245542.08000000461,26,141762.08000000464,-46220.0
2023-09-20,239074.58000000461,26,141762.08000000464,-52687.5
2023-09-21,231762.08000000461,26,141762.08000000464,-60000.0
2023-09-22,229617.08000000461,26,141762.08000000464,-62145.0
2023-09-24,230884.58000000461,26,141762.08000000464,-60877.5
2023-09-25,229812.08000000461,26,141762.08000000464,-61950.0
2023-09-26,224287.08000000461,26,141762.08000000464,-67475.0
2023-09-27,223312.08000000461,26,141762.08000000464,-68450.0
2023-09-28,226822.08000000461,26,141762.08000000464,-64940.0
2023-09-29,225262.08000000461,26,141762.08000000464,-66500.0
2023-10-01,227862.08000000461,26,141762.08000000464,-63900.0
2023-10-02,224482.08000000461,26,141762.08000000464,-67280.0
2023-10-03,214699.58000000461,26,141762.08000000464,-77062.5
2023-10-04,221427.08000000461,26,141762.08000000464,-70335.0
2023-10-05,219964.58000000461,26,141762.08000000464,-71797.5
2023-10-06,227342.08000000461,26,141762.08000000464,-64420.0
2023-10-08,222044.58000000461,26,141762.08000000464,-69717.5
2023-10-09,230949.58000000461,26,141762.08000000464,-60812.5
2023-10-10,233582.08000000461,26,141762.08000000464,-58180.0
2023-10-11,237254.58000000461,26,141762.08000000464,-54507.5
2023-10-12,232542.08000000461,26,141762.08000000464,-59220.0
2023-10-13,228154.58000000461,26,141762.08000000464,-63607.5
2023-10-15,230137.08000000461,26,141762.08000000464,-61625.0
2023-10-16,233907.08000000461,26,141762.08000000464,-57855.0
2023-10-17,233972.08000000461,26,141762.08000000464,-57790.0
2023-10-18,225652.08000000461,26,141762.08000000464,-66110.0
2023-10-19,221037.08000000461,26,141762.08000000464,-70725.0
2023-10-20,214244.58000000461,26,141762.08000000464,-77517.5
2023-10-22,215674.58000000461,26,141762.08000000464,-76087.5
2023-10-23,215122.08000000461,26,141762.08000000464,-76640.0
2023-10-24,216487.08000000461,26,141762.08000000464,-75275.0
2023-10-25,206282.08000000461,26,141762.08000000464,-85480.0
2023-10-26,205729.58000000461,26,141762.08000000464,-86032.5
2023-10-27,200204.58000000461,26,141762.08000000464,-91557.5
2023-10-29,202317.08000000461,26,141762.08000000464,-89445.0
2023-10-30,204787.08000000461,26,141762.08000000464,-86975.0
2023-10-31,209207.08000000461,26,141762.08000000464,-82555.0
2023-11-01,217202.08000000461,26,141762.08000000464,-74560.0
2023-11-02,225652.08000000461,26,141762.08000000464,-66110.0
2023-11-03,231664.58000000461,26,141762.08000000464,-60097.5
2023-11-05,231469.58000000461,26,141762.08000000464,-60292.5
2023-11-06,231079.58000000461,26,141762.08000000464,-60682.5
2023-11-07,233549.58000000461,26,141762.08000000464,-58212.5
2023-11-08,234004.58000000461,26,141762.08000000464,-57757.5
2023-11-09,230039.58000000461,26,141762.08000000464,-61722.5
2023-11-10,237644.58000000461,26,141762.08000000464,-54117.5
2023-11-12,235727.08000000461,26,141762.08000000464,-56035.0
2023-11-13,238034.58000000461,26,141762.08000000464,-53727.5
2023-11-14,250189.58000000461,26,141762.08000000464,-41572.5
2023-11-15,249117.08000000461,26,141762.08000000464,-42645.0
2023-11-16,251132.08000000461,26,141762.08000000464,-40630.0
2023-11-17,250547.08000000461,26,141762.08000000464,-41215.0
2023-11-19,250449.58000000461,26,141762.08000000464,-41312.5
2023-11-20,255747.08000000461,26,141762.08000000464,-36015.0
2023-11-21,254057.08000000461,26,141762.08000000464,-37705.0
2023-11-22,256039.58000000461,26,141762.08000000464,-35722.5
2023-11-23,256527.08000000461,26,141762.08000000464,-35235.0
2023-11-24,256332.08000000461,26,141762.08000000464,-35430.0
2023-11-26,254609.58000000461,26,141762.08000000464,-37152.5
2023-11-27,255389.58000000461,26,141762.08000000464,-36372.5
2023-11-28,256559.58000000461,26,141762.08000000464,-35202.5
2023-11-29,255974.58000000461,26,141762.08000000464,-35787.5
2023-11-30,257079.58000000461,26,141762.08000000464,-34682.5
2023-12-01,260979.58000000461,26,141762.08000000464,-30782.5
2023-12-03,259842.08000000461,26,141762.08000000464,-31920.0
2023-12-04,256169.58000000461,26,141762.08000000464,-35592.5
2023-12-05,258997.08000000461,26,141762.08000000464,-32765.0
2023-12-06,254479.58000000461,26,141762.08000000464,-37282.5
2023-12-07,259127.08000000461,26,141762.08000000464,-32635.0
2023-12-08,261402.08000000461,26,141762.08000000464,-30360.0
2023-12-10,261077.08000000461,26,141762.08000000464,-30685.0
2023-12-11,263969.8400000046,26,141697.34000000465,-27727.5
2023-12-12,267057.3400000046,26,141697.34000000465,-24640.0
2023-12-13,277034.8400000046,26,141697.34000000465,-14662.5
2023-12-14,276807.3400000046,26,141697.34000000465,-14890.0
2023-12-15,275604.8400000046,26,141697.34000000465,-16092.5
2023-12-17,277132.3400000046,26,141697.34000000465,-14565.0
2023-12-18,278724.8400000046,26,141697.34000000465,-12972.5
2023-12-19,282462.3400000046,26,141697.34000000465,-9235.0
2023-12-20,275019.8400000046,26,141697.34000000465,-16677.5
2023-12-21,278269.8400000046,26,141697.34000000465,-13427.5
2023-12-22,279472.3400000046,26,141697.34000000465,-12225.0
2023-12-25,281064.8400000046,26,141697.34000000465,-10632.5
2023-12-26,282917.3400000046,26,141697.34000000465,-8780.0
2023-12-27,284607.3400000046,26,141697.34000000465,-7090.0
2023-12-28,284184.8400000046,26,141697.34000000465,-7512.5
2023-12-29,281227.3400000046,26,141697.34000000465,-10470.0
2024-01-01,282267.3400000046,26,141697.34000000465,-9430.0
2024-01-02,277424.8400000046,26,141697.34000000465,-14272.5
2024-01-03,273037.3400000046,26,141697.34000000465,-18660.0
2024-01-04,270762.3400000046,26,141697.34000000465,-20935.0
2024-01-05,271184.8400000046,26,141697.34000000465,-20512.5
2024-01-07,270762.3400000046,26,141697.34000000465,-20935.0
2024-01-08,279049.8400000046,26,141697.34000000465,-12647.5
2024-01-09,278107.3400000046,26,141697.34000000465,-13590.0
2024-01-10,283274.8400000046,26,141697.34000000465,-8422.5
2024-01-11,280577.3400000046,26,141697.34000000465,-11120.0
2024-01-12,281032.3400000046,26,141697.34000000465,-10665.0
2024-01-14,281909.8400000046,26,141697.34000000465,-9787.5
2024-01-15,279634.8400000046,26,141697.34000000465,-12062.5
2024-01-16,278172.3400000046,26,141697.34000000465,-13525.0
2024-01-17,275084.8400000046,26,141697.34000000465,-16612.5
2024-01-18,281422.3400000046,26,141697.34000000465,-10275.0
2024-01-19,288637.3400000046,26,141697.34000000465,-3060.0
2024-01-21,290229.8400000046,26,141697.34000000465,-1467.5
2024-01-22,290164.8400000046,26,141697.34000000465,-1532.5
2024-01-23,293284.8400000046,26,141697.34000000465,1587.5
2024-01-24,295381.2500000048,26,145572.5000000048,-191.25
2024-01-25,295516.2500000048,6,145572.5000000048,-56.25
2024-01-26,296180.0500000048,6,146320.05000000485,-140.0
2024-01-28,296160.0500000048,4,146320.05000000485,-160.0
2024-01-29,296861.95000000484,4,146816.95000000487,45.0
2024-01-30,296758.20000000484,1,146816.95000000487,-58.75
2024-01-31,295750.1200000049,10,146811.3700000049,-1061.25
2024-02-01,298173.30000000494,10,148055.80000000497,117.5
2024-02-02,298290.83000000496,3,148302.080000005,-11.25
2024-02-04,298212.08000000496,3,148302.080000005,-90.0
2024-02-05,298533.350000005,7,148299.600000005,233.75
2024-02-06,298848.350000005,7,148299.600000005,548.75
2024-02-07,299824.04000000504,7,149860.29000000507,-36.25
2024-02-08,299860.92000000505,3,149859.67000000508,1.25
2024-02-09,300245.94000000507,3,150233.4400000051,12.5
2024-02-11,300243.44000000507,1,150233.4400000051,10.0
2024-02-12,299872.8500000051,6,150354.10000000513,-481.25
2024-02-13,298417.2500000051,11,150351.00000000515,-1933.75
2024-02-14,300933.5000000051,11,150351.00000000515,582.5
2024-02-15,301774.8100000052,11,151723.5600000052,51.25
2024-02-16,301628.00000000524,6,152218.00000000527,-590.0
2024-02-18,301913.00000000524,6,152218.00000000527,-305.0
2024-02-19,301343.00000000524,6,152218.00000000527,-875.0
2024-02-20,300594.27000000526,10,152215.5200000053,-1621.25
2024-02-21,303347.40000000526,11,152214.9000000053,1132.5
2024-02-22,305202.49000000535,11,155167.49000000537,35.0
2024-02-23,305086.24000000535,3,155167.49000000537,-81.25
2024-02-25,305033.74000000535,3,155167.49000000537,-133.75
2024-02-26,304790.00000000536,5,155166.25000000538,-376.25
2024-02-27,305172.51000000536,7,155165.0100000054,7.5
2024-02-28,305067.51000000536,7,155165.0100000054,-97.5
2024-02-29,306090.6800000054,7,156041.93000000544,48.75
2024-03-01,306332.5700000054,2,156291.32000000545,41.25
2024-03-03,306342.5700000054,1,156291.32000000545,51.25
2024-03-04,306061.97000000544,4,156413.22000000547,-351.25
2024-03-05,305147.6300000055,11,156408.8800000055,-1261.25
2024-03-06,305752.6300000055,11,156408.8800000055,-656.25
2024-03-07,308183.96000000555,11,158150.21000000558,33.75
2024-03-08,307143.4000000056,10,158517.15000000564,-1373.75
2024-03-10,306518.4000000056,10,158517.15000000564,-1998.75
2024-03-11,307697.2800000056,12,158486.03000000564,-788.75
2024-03-12,310030.4800000057,12,159982.98000000571,47.5
2024-03-13,310101.1100000057,4,159982.36000000572,118.75
2024-03-14,310026.7600000057,9,159979.26000000574,47.5
2024-03-15,308616.7700000057,11,159978.02000000575,-1361.25
2024-03-17,309166.7700000057,11,159978.02000000575,-811.25
2024-03-18,310986.8500000058,11,161343.10000000583,-356.25
2024-03-19,312189.40000000584,7,162215.65000000587,-26.25
2024-03-20,313115.0800000059,3,162836.33000000592,278.75
2024-03-21,313126.3500000059,2,163195.10000000594,-68.75
2024-03-22,312893.2400000059,5,163193.24000000596,-300.0
2024-03-24,312893.2400000059,5,163193.24000000596,-300.0
2024-03-25,312737.62000000593,6,163192.62000000596,-455.0
2024-03-26,312728.88000000594,8,163191.38000000597,-462.5
2024-03-27,313788.88000000594,8,163191.38000000597,597.5
2024-03-28,314085.810000006,8,164192.06000000602,-106.25
2024-03-31,314445.810000006,3,164192.06000000602,253.75
2024-04-01,313773.330000006,7,164189.58000000604,-416.25
2024-04-02,312630.840000006,9,164188.34000000605,-1557.5
2024-04-03,313755.840000006,9,164188.34000000605,-432.5
2024-04-04,310230.86000000604,13,164185.86000000607,-3955.0
2024-04-05,313513.36000000604,13,164185.86000000607,-672.5
2024-04-07,312863.36000000604,13,164185.86000000607,-1322.5
2024-04-08,313432.11000000604,13,164185.86000000607,-753.75
2024-04-09,314065.86000000604,13,164185.86000000607,-120.0
2024-04-10,310312.11000000604,13,164185.86000000607,-3873.75
2024-04-11,313078.99000000604,14,164185.24000000607,-1106.25
2024-04-12,307600.25000000605,16,164184.00000000608,-6583.75
2024-04-14,308800.25000000605,16,164184.00000000608,-5383.75
2024-04-15,301313.39000000607,19,164182.1400000061,-12868.75
2024-04-16,302405.89000000607,19,164182.1400000061,-11776.25
2024-04-17,299902.1500000061,21,164180.9000000061,-14278.75
2024-04-18,292000.9000000061,21,164180.9000000061,-22180.0
2024-04-19,292093.4100000061,23,164179.66000000612,-22086.25
2024-04-21,293530.9100000061,23,164179.66000000612,-20648.75
2024-04-22,297182.1600000061,23,164179.66000000612,-16997.5
2024-04-23,306094.6600000061,23,164179.66000000612,-8085.0
2024-04-24,300229.6600000061,23,164179.66000000612,-13950.0
2024-04-25,305979.6600000061,23,164179.66000000612,-8200.0
2024-04-26,306842.1600000061,23,164179.66000000612,-7337.5
2024-04-28,308222.1600000061,23,164179.66000000612,-5957.5
2024-04-29,308135.9100000061,23,164179.66000000612,-6043.75
2024-04-30,299165.9100000061,23,164179.66000000612,-15013.75
2024-05-01,299970.9100000061,23,164179.66000000612,-14208.75
2024-05-02,303995.9100000061,23,164179.66000000612,-10183.75
2024-05-03,310263.4100000061,23,164179.66000000612,-3916.25
2024-05-05,310062.1600000061,23,164179.66000000612,-4117.5
2024-05-06,315639.6600000061,23,164179.66000000612,1460.0
2024-05-07,317033.5400000062,23,167061.04000000624,-27.5
2024-05-08,317020.4200000062,4,167060.42000000624,-40.0
2024-05-09,317582.32000000624,4,167557.32000000626,25.0
2024-05-10,317529.23000000627,6,167677.9800000063,-148.75
2024-05-12,317754.23000000627,6,167677.9800000063,76.25
2024-05-13,317529.23000000627,6,167677.9800000063,-148.75
2024-05-14,318464.2700000063,6,168424.27000000633,40.0
2024-05-15,319044.93000000634,2,168919.93000000637,125.0
2024-05-16,318722.46000000637,5,169041.2100000064,-318.75
2024-05-17,319123.7200000064,7,169039.9700000064,83.75
2024-05-19,319351.2200000064,7,169039.9700000064,311.25
2024-05-20,319281.2200000064,7,169039.9700000064,241.25
2024-05-21,319753.7200000064,7,169039.9700000064,713.75
2024-05-22,320296.2200000064,7,169039.9700000064,1256.25
2024-05-23,318663.81000000646,11,170145.0600000065,-1481.25
2024-05-24,320217.56000000646,11,170145.0600000065,72.5
2024-05-26,320011.31000000646,11,170145.0600000065,-133.75
2024-05-27,320698.81000000646,11,170145.0600000065,553.75
2024-05-28,319488.81000000646,11,170145.0600000065,-656.25
2024-05-29,316766.31000000646,11,170145.0600000065,-3378.75
2024-05-30,315970.7000000065,14,170143.2000000065,-4172.5
2024-05-31,320428.2100000065,16,170141.9600000065,286.25
2024-06-02,321108.2100000065,16,170141.9600000065,966.25
2024-06-03,320428.2100000065,16,170141.9600000065,286.25
2024-06-04,321548.2100000065,16,170141.9600000065,1406.25
2024-06-05,323176.4600000066,16,173155.21000000663,21.25
2024-06-06,323327.1000000066,4,173153.35000000664,173.75
2024-06-07,323354.66000000667,6,173775.9100000067,-421.25
2024-06-09,323422.16000000667,6,173775.9100000067,-353.75
2024-06-10,323945.9200000067,8,173774.6700000067,171.25
2024-06-11,324795.9200000067,8,173774.6700000067,1021.25
2024-06-12,326656.62000000675,8,176611.62000000678,45.0
2024-06-13,326930.38000000676,7,176610.3800000068,320.0
2024-06-14,326729.13000000676,7,176610.3800000068,118.75
2024-06-16,326729.13000000676,7,176610.3800000068,118.75
2024-06-17,327596.6900000068,7,177606.69000000684,-10.0
2024-06-18,327670.4400000068,1,177606.69000000684,63.75
2024-06-19,327720.4400000068,1,177606.69000000684,113.75
2024-06-20,327351.11000000685,8,177726.11000000688,-375.0
2024-06-21,327066.74000000686,9,177725.4900000069,-658.75
2024-06-23,326627.99000000686,9,177725.4900000069,-1097.5
2024-06-24,326481.74000000686,9,177725.4900000069,-1243.75
2024-06-25,327212.99000000686,9,177725.4900000069,-512.5
2024-06-26,326436.74000000686,9,177725.4900000069,-1288.75
2024-06-27,328180.49000000686,9,177725.4900000069,455.0
2024-06-28,327919.96000000695,10,178843.71000000698,-923.75
2024-06-30,328119.96000000695,10,178843.71000000698,-723.75
2024-07-01,327436.84000000695,11,178843.09000000698,-1406.25
2024-07-02,329636.84000000695,11,178843.09000000698,793.75
2024-07-03,330308.150000007,11,180220.65000000704,87.5
2024-07-04,330330.650000007,1,180220.65000000704,110.0
2024-07-05,330580.68000000704,2,180591.93000000707,-11.25
2024-07-07,330576.93000000704,1,180591.93000000707,-15.0
2024-07-08,330695.68000000704,1,180591.93000000707,103.75
2024-07-09,330695.70000000705,3,180714.45000000708,-18.75
2024-07-10,331206.9800000071,3,181210.7300000071,-3.75
2024-07-11,330340.7700000071,9,181205.77000000715,-865.0
2024-07-12,331990.8800000072,9,182695.88000000725,-705.0
2024-07-14,332253.3800000072,7,182695.88000000725,-442.5
2024-07-15,333564.0800000073,8,183565.33000000732,-1.25
2024-07-16,334524.75000000733,8,184568.50000000736,-43.75
2024-07-17,334276.65000000736,6,184565.4000000074,-288.75
2024-07-18,332853.5600000074,13,184561.06000000742,-1707.5
2024-07-19,329514.8200000074,15,184559.82000000743,-5045.0
2024-07-21,330321.0700000074,15,184559.82000000743,-4238.75
2024-07-22,333039.8200000074,15,184559.82000000743,-1520.0
2024-07-23,331221.0700000074,15,184559.82000000743,-3338.75
2024-07-24,323948.5900000074,19,184557.34000000745,-10608.75
2024-07-25,321831.1000000074,21,184556.10000000746,-12725.0
2024-07-26,325821.1000000074,21,184556.10000000746,-8735.0
2024-07-28,328393.6000000074,21,184556.10000000746,-6162.5
2024-07-29,324797.3500000074,21,184556.10000000746,-9758.75
2024-07-30,325453.6000000074,21,184556.10000000746,-9102.5
2024-07-31,335559.8500000074,21,184556.10000000746,1003.75
2024-08-01,319862.3500000074,21,184556.10000000746,-14693.75
2024-08-02,310755.49000000744,24,184554.24000000747,-23798.75
2024-08-04,302925.49000000744,24,184554.24000000747,-31628.75
2024-08-05,304124.87000000745,25,184553.62000000748,-30428.75
2024-08-06,305843.62000000745,25,184553.62000000748,-28710.0
2024-08-07,295343.62000000745,25,184553.62000000748,-39210.0
2024-08-08,311374.87000000745,25,184553.62000000748,-23178.75
2024-08-09,312656.12000000745,25,184553.62000000748,-21897.5
2024-08-11,313093.62000000745,25,184553.62000000748,-21460.0
2024-08-12,313968.62000000745,25,184553.62000000748,-20585.0
2024-08-13,324218.62000000745,25,184553.62000000748,-10335.0
2024-08-14,328343.62000000745,25,184553.62000000748,-6210.0
2024-08-15,337806.8800000076,25,187670.6300000076,136.25
2024-08-16,338038.1600000076,3,188044.41000000763,-6.25
2024-08-18,338093.1600000076,2,188044.41000000763,48.75
2024-08-19,338407.5500000076,2,188293.80000000764,113.75
2024-08-20,338556.33000000764,5,188415.08000000767,141.25
2024-08-21,339080.1300000077,5,189037.63000000772,42.5
2024-08-22,338730.21000000776,11,189707.7100000078,-977.5
2024-08-23,341635.30000000785,11,191084.05000000788,551.25
2024-08-25,341460.30000000785,7,191084.05000000788,376.25
2024-08-26,341568.5000000079,8,191976.00000000795,-407.5
2024-08-27,342014.1300000079,9,191975.38000000795,38.75
2024-08-28,339524.77000000793,12,191973.52000000796,-2448.75
2024-08-29,343025.490000008,12,193472.99000000805,-447.5
2024-08-30,344469.29000000807,8,194474.2900000081,-5.0
2024-09-01,344451.79000000807,1,194474.2900000081,-22.5
2024-09-02,344448.04000000807,1,194474.2900000081,-26.25
2024-09-03,339603.1000000081,13,194466.85000000815,-4863.75
2024-09-04,340047.48000000813,14,194466.23000000816,-4418.75
2024-09-05,338933.11000000814,15,194465.61000000816,-5532.5
2024-09-06,330278.13000000815,19,194463.13000000818,-14185.0
2024-09-08,333246.88000000815,19,194463.13000000818,-11216.25
2024-09-09,337213.13000000815,19,194463.13000000818,-7250.0
2024-09-10,337331.88000000815,19,194463.13000000818,-7131.25
2024-09-11,345858.13000000815,19,194463.13000000818,1395.0
2024-09-12,347506.4000000083,19,197337.65000000832,168.75
2024-09-13,347630.8100000083,3,197709.56000000835,-78.75
2024-09-15,347720.8100000083,3,197709.56000000835,11.25
2024-09-16,347859.6200000084,5,197695.87000000835,163.75
2024-09-17,348562.81000000844,8,198564.0600000084,-1.25
2024-09-18,350412.8900000085,8,199562.89000000848,850.0
2024-09-19,352419.8600000086,8,202591.11000000857,-171.25
2024-09-20,352449.2600000086,8,202588.0100000086,-138.75
2024-09-22,353279.2600000086,8,202588.0100000086,691.25
2024-09-23,352839.2600000086,8,202588.0100000086,251.25
2024-09-24,353559.31000000867,8,203583.06000000864,-23.75
2024-09-25,354109.3200000087,4,203581.82000000865,527.5
2024-09-26,354521.25000000873,7,204467.5000000087,53.75
2024-09-27,353952.50000000873,7,204467.5000000087,-515.0
2024-09-29,354293.75000000873,7,204467.5000000087,-173.75
2024-09-30,355590.6900000088,9,205590.69000000876,0.0
2024-10-01,354451.9800000088,10,205585.7300000088,-1133.75
2024-10-02,354092.61000000883,11,205585.1100000088,-1492.5
2024-10-03,354216.36000000883,11,205585.1100000088,-1368.75
2024-10-04,356921.4200000089,11,206958.92000000886,-37.5
2024-10-06,356925.1700000089,1,206958.92000000886,-33.75
2024-10-07,355884.5800000089,8,206954.5800000089,-1070.0
2024-10-08,358070.260000009,8,207947.76000000894,122.5
2024-10-09,358554.670000009,3,208445.92000000898,108.75
2024-10-10,358615.930000009,4,208444.680000009,171.25
2024-10-11,358962.83000000904,4,208942.830000009,20.0
2024-10-13,358974.08000000904,1,208942.830000009,31.25
2024-10-14,359374.73000000906,2,209199.73000000903,175.0
2024-10-15,358744.1400000091,9,209195.39000000907,-451.25
2024-10-16,358991.6400000091,9,209195.39000000907,-203.75
2024-10-17,360634.84000000916,9,211176.09000000914,-541.25
2024-10-18,361332.34000000916,6,211176.09000000914,156.25
2024-10-20,361347.34000000916,6,211176.09000000914,171.25
2024-10-21,360743.6000000092,8,211174.85000000914,-431.25
2024-10-22,360929.2300000092,9,211174.23000000915,-245.0
2024-10-23,359698.6300000092,14,211171.13000000917,-1472.5
2024-10-24,359488.6300000092,14,211171.13000000917,-1682.5
2024-10-25,361530.6200000093,14,212921.87000000928,-1391.25
2024-10-27,362936.8700000093,9,212921.87000000928,15.0
2024-10-28,362003.1200000093,9,212921.87000000928,-918.75
2024-10-29,363330.6200000093,9,212921.87000000928,408.75
2024-10-30,360900.6200000093,9,212921.87000000928,-2021.25
2024-10-31,356540.03000000934,16,212917.5300000093,-6377.5
2024-11-01,357440.03000000934,16,212917.5300000093,-5477.5
2024-11-03,358520.03000000934,16,212917.5300000093,-4397.5
2024-11-04,356120.03000000934,16,212917.5300000093,-6797.5
2024-11-05,367780.03000000934,16,212917.5300000093,4862.5
2024-11-06,372462.6700000095,16,222410.17000000944,52.5
2024-11-07,372738.3300000095,3,222780.83000000948,-42.5
2024-11-08,373102.11000000953,3,223154.6100000095,-52.5
2024-11-10,373297.11000000953,3,223154.6100000095,142.5
2024-11-11,373218.99000000954,4,223153.9900000095,65.0
2024-11-12,372829.01000000956,8,223151.51000000953,-322.5
2024-11-13,373169.01000000956,8,223151.51000000953,17.5
2024-11-14,370955.27000000956,10,223150.27000000954,-2195.0
2024-11-15,367577.8000000096,16,223146.55000000956,-5568.75
2024-11-17,368697.8000000096,16,223146.55000000956,-4448.75
2024-11-18,369997.8000000096,16,223146.55000000956,-3148.75
2024-11-19,371377.8000000096,16,223146.55000000956,-1768.75
2024-11-20,369497.8000000096,16,223146.55000000956,-3648.75
2024-11-21,373077.8000000096,16,223146.55000000956,-68.75
2024-11-22,374857.8000000096,16,223146.55000000956,1711.25
2024-11-24,376677.8000000096,16,223146.55000000956,3531.25
2024-11-25,377816.6700000097,16,227682.92000000968,133.75
2024-11-26,378779.22000000975,8,228680.47000000972,98.75
2024-11-27,378892.99000000977,6,228677.99000000974,215.0
2024-11-28,379260.49000000977,6,228677.99000000974,582.5
2024-11-29,379476.1500000098,6,229428.65000000977,47.5
2024-12-01,379419.9000000098,1,229428.65000000977,-8.75
2024-12-02,379548.6600000098,1,229552.41000000978,-3.75
2024-12-03,379858.0500000098,4,229550.5500000098,307.5
2024-12-04,380183.08000000985,4,230049.33000000982,133.75
2024-12-05,380024.9900000099,5,230296.24000000986,-271.25
2024-12-06,380324.9900000099,5,230296.24000000986,28.75
2024-12-08,380262.4900000099,5,230296.24000000986,-33.75
2024-12-09,379236.8800000099,8,230294.38000000987,-1057.5
2024-12-10,378746.8900000099,10,230293.14000000988,-1546.25
2024-12-11,380484.3900000099,10,230293.14000000988,191.25
2024-12-12,379571.8900000099,10,230293.14000000988,-721.25
2024-12-13,378809.3900000099,10,230293.14000000988,-1483.75
2024-12-15,379171.8900000099,10,230293.14000000988,-1121.25
2024-12-16,380021.9900000099,10,230268.2400000099,-246.25
2024-12-17,379371.9900000099,10,230268.2400000099,-896.25
2024-12-18,365157.05000000994,22,230260.80000000994,-15103.75
2024-12-19,361444.55000000994,22,230260.80000000994,-18816.25
2024-12-20,370574.55000000994,22,230260.80000000994,-9686.25
2024-12-22,374094.55000000994,22,230260.80000000994,-6166.25
2024-12-23,374864.55000000994,22,230260.80000000994,-5396.25
2024-12-24,381849.55000000994,22,230260.80000000994,1588.75
2024-12-25,382124.55000000994,22,230260.80000000994,1863.75
2024-12-26,380062.05000000994,22,230260.80000000994,-198.75
2024-12-27,374177.05000000994,22,230260.80000000994,-6083.75
2024-12-29,372912.05000000994,22,230260.80000000994,-7348.75
2024-12-30,366037.05000000994,22,230260.80000000994,-14223.75
2024-12-31,364167.05000000994,22,230260.80000000994,-16093.75
2025-01-01,366037.05000000994,22,230260.80000000994,-14223.75
2025-01-02,363151.43000000995,23,230260.18000000995,-17108.75
2025-01-03,369821.43000000995,23,230260.18000000995,-10438.75
2025-01-05,370108.93000000995,23,230260.18000000995,-10151.25
2025-01-06,373530.18000000995,23,230260.18000000995,-6730.0
2025-01-07,367492.68000000995,23,230260.18000000995,-12767.5
2025-01-08,365135.18000000995,23,230260.18000000995,-15125.0
2025-01-09,365077.68000000995,23,230260.18000000995,-15182.5
2025-01-10,355575.81000000995,24,230259.56000000995,-24683.75
2025-01-12,353175.81000000995,24,230259.56000000995,-27083.75
2025-01-13,359631.44000000996,25,230258.94000000996,-20627.5
2025-01-14,358600.19000000996,25,230258.94000000996,-21658.75
2025-01-15,371881.44000000996,25,230258.94000000996,-8377.5
2025-01-16,371318.94000000996,25,230258.94000000996,-8940.0
2025-01-17,377162.69000000996,25,230258.94000000996,-3096.25
2025-01-19,377100.19000000996,25,230258.94000000996,-3158.75
2025-01-20,378318.94000000996,25,230258.94000000996,-1940.0
2025-01-21,383630.9500000101,25,233395.95000001008,235.0
2025-01-22,383762.8400000101,2,233746.5900000101,16.25
2025-01-23,383982.2300000101,2,233869.7300000101,112.5
2025-01-24,383762.90000001015,7,234114.15000001015,-351.25
2025-01-26,381794.15000001015,7,234114.15000001015,-2320.0
2025-01-27,380953.53000001016,8,234113.53000001016,-3160.0
2025-01-28,382943.53000001016,8,234113.53000001016,-1170.0
2025-01-29,382673.53000001016,8,234113.53000001016,-1440.0
2025-01-30,383533.53000001016,8,234113.53000001016,-580.0
2025-01-31,381683.53000001016,8,234113.53000001016,-2430.0
2025-02-02,376803.53000001016,8,234113.53000001016,-7310.0
2025-02-03,381245.42000001017,11,234111.67000001017,-2866.25
2025-02-04,381671.67000001017,11,234111.67000001017,-2440.0
2025-02-05,385012.92000001017,11,234111.67000001017,901.25
2025-02-06,385530.49000001024,11,235485.49000001024,45.0
2025-02-07,384501.1700000103,8,235853.6700000103,-1352.5
2025-02-09,385071.1700000103,8,235853.6700000103,-782.5
2025-02-10,385501.1700000103,8,235853.6700000103,-352.5
2025-02-11,385991.1700000103,8,235853.6700000103,137.5
2025-02-12,386280.5500000103,9,235853.0500000103,427.5
2025-02-13,387314.37000001036,9,237219.37000001036,95.0
2025-02-14,387266.87000001036,1,237219.37000001036,47.5
2025-02-16,387319.37000001036,1,237219.37000001036,100.0
2025-02-17,387325.62000001036,1,237219.37000001036,106.25
2025-02-18,387360.62000001036,1,237219.37000001036,141.25
2025-02-19,387331.26000001037,2,237342.51000001037,-11.25
2025-02-20,387358.1600000104,7,237339.4100000104,18.75
2025-02-21,382273.20000001043,15,237334.45000001043,-5061.25
2025-02-23,384354.45000001043,15,237334.45000001043,-2980.0
2025-02-24,380676.96000001044,17,237333.21000001044,-6656.25
2025-02-25,379633.85000001045,20,237331.35000001045,-7697.5
2025-02-26,378033.85000001045,20,237331.35000001045,-9297.5
2025-02-27,368180.11000001046,22,237330.11000001046,-19150.0
2025-02-28,377938.8700000105,24,237328.87000001047,-9390.0
2025-03-02,379648.8700000105,24,237328.87000001047,-7680.0
2025-03-03,367712.0000000105,25,237328.25000001048,-19616.25
2025-03-04,362292.6300000105,26,237327.63000001048,-25035.0
2025-03-05,365217.6300000105,26,237327.63000001048,-22110.0
2025-03-06,354102.6300000105,26,237327.63000001048,-33225.0
2025-03-07,355142.6300000105,26,237327.63000001048,-32185.0
2025-03-09,352380.1300000105,26,237327.63000001048,-34947.5
2025-03-10,336000.1300000105,26,237327.63000001048,-51327.5
2025-03-11,331450.1300000105,26,237327.63000001048,-55877.5
2025-03-12,331417.6300000105,26,237327.63000001048,-55910.0
2025-03-13,328882.6300000105,26,237327.63000001048,-58445.0
2025-03-14,336552.6300000105,26,237327.63000001048,-50775.0
2025-03-16,334050.1300000105,26,237327.63000001048,-53277.5
2025-03-17,340712.8900000105,26,237262.8900000105,-46550.0
2025-03-18,336520.3900000105,26,237262.8900000105,-50742.5
2025-03-19,346335.3900000105,26,237262.8900000105,-40927.5
2025-03-20,341005.3900000105,26,237262.8900000105,-46257.5
2025-03-21,341655.3900000105,26,237262.8900000105,-45607.5
2025-03-23,346075.3900000105,26,237262.8900000105,-41187.5
2025-03-24,352965.3900000105,26,237262.8900000105,-34297.5
2025-03-25,355337.8900000105,26,237262.8900000105,-31925.0
2025-03-26,347732.8900000105,26,237262.8900000105,-39530.0
2025-03-27,344872.8900000105,26,237262.8900000105,-42390.0
2025-03-28,326380.3900000105,26,237262.8900000105,-60882.5
2025-03-30,323227.8900000105,26,237262.8900000105,-64035.0
2025-03-31,330572.8900000105,26,237262.8900000105,-56690.0
2025-04-01,334635.3900000105,26,237262.8900000105,-52627.5
2025-04-02,319977.8900000105,26,237262.8900000105,-67285.0
2025-04-03,300185.3900000105,26,237262.8900000105,-87077.5
2025-04-04,260632.8900000105,26,237262.8900000105,-126630.0
2025-04-06,239085.3900000105,26,237262.8900000105,-148177.5
2025-04-07,270090.3900000105,26,237262.8900000105,-117172.5
2025-04-08,238142.8900000105,26,237262.8900000105,-149120.0
2025-04-09,307140.3900000105,26,237262.8900000105,-80122.5
2025-04-10,287022.8900000105,26,237262.8900000105,-100240.0
2025-04-11,299502.8900000105,26,237262.8900000105,-87760.0
2025-04-13,304865.3900000105,26,237262.8900000105,-82397.5
2025-04-14,304897.8900000105,26,237262.8900000105,-82365.0
2025-04-15,297422.8900000105,26,237262.8900000105,-89840.0
2025-04-16,292840.3900000105,26,237262.8900000105,-94422.5
2025-04-17,290500.3900000105,26,237262.8900000105,-96762.5
2025-04-20,282797.8900000105,26,237262.8900000105,-104465.0
2025-04-21,274510.3900000105,26,237262.8900000105,-112752.5
2025-04-22,299405.3900000105,26,237262.8900000105,-87857.5
2025-04-23,299145.3900000105,26,237262.8900000105,-88117.5
2025-04-24,318417.8900000105,26,237262.8900000105,-68845.0
2025-04-25,319880.3900000105,26,237262.8900000105,-67382.5
2025-04-27,315460.3900000105,26,237262.8900000105,-71802.5
2025-04-28,321147.8900000105,26,237262.8900000105,-66115.0
2025-04-29,320530.3900000105,26,237262.8900000105,-66732.5
2025-04-30,332262.8900000105,26,237262.8900000105,-55000.0
2025-05-01,334862.8900000105,26,237262.8900000105,-52400.0
2025-05-02,340420.3900000105,26,237262.8900000105,-46842.5
2025-05-04,335090.3900000105,26,237262.8900000105,-52172.5
2025-05-05,334212.8900000105,26,237262.8900000105,-53050.0
2025-05-06,333725.3900000105,26,237262.8900000105,-53537.5
2025-05-07,338632.8900000105,26,237262.8900000105,-48630.0
2025-05-08,337885.3900000105,26,237262.8900000105,-49377.5
2025-05-09,336975.3900000105,26,237262.8900000105,-50287.5
2025-05-11,346887.8900000105,26,237262.8900000105,-40375.0
2025-05-12,357612.8900000105,26,237262.8900000105,-29650.0
2025-05-13,365770.3900000105,26,237262.8900000105,-21492.5
2025-05-14,364795.3900000105,26,237262.8900000105,-22467.5
2025-05-15,369377.8900000105,26,237262.8900000105,-17885.0
2025-05-16,371360.3900000105,26,237262.8900000105,-15902.5
2025-05-18,366550.3900000105,26,237262.8900000105,-20712.5
2025-05-19,373570.3900000105,26,237262.8900000105,-13692.5
2025-05-20,370645.3900000105,26,237262.8900000105,-16617.5
2025-05-21,360570.3900000105,26,237262.8900000105,-26692.5
2025-05-22,360115.3900000105,26,237262.8900000105,-27147.5
2025-05-23,353972.8900000105,26,237262.8900000105,-33290.0
2025-05-25,361805.3900000105,26,237262.8900000105,-25457.5
2025-05-26,360407.8900000105,26,237262.8900000105,-26855.0
2025-05-27,368955.3900000105,26,237262.8900000105,-18307.5
2025-05-28,377340.3900000105,26,237262.8900000105,-9922.5
2025-05-29,366257.8900000105,26,237262.8900000105,-21005.0
2025-05-30,366842.8900000105,26,237262.8900000105,-20420.0
2025-06-01,363495.3900000105,26,237262.8900000105,-23767.5
2025-06-02,368337.8900000105,26,237262.8900000105,-18925.0
2025-06-03,375065.3900000105,26,237262.8900000105,-12197.5
2025-06-04,375000.3900000105,26,237262.8900000105,-12262.5
2025-06-05,372855.3900000105,26,237262.8900000105,-14407.5
2025-06-06,379355.3900000105,26,237262.8900000105,-7907.5
2025-06-08,377567.8900000105,26,237262.8900000105,-9695.0
2025-06-09,382605.3900000105,26,237262.8900000105,-4657.5
2025-06-10,381825.3900000105,26,237262.8900000105,-5437.5
2025-06-11,379225.3900000105,26,237262.8900000105,-8037.5
2025-06-12,372985.3900000105,26,237262.8900000105,-14277.5
2025-06-13,375227.8900000105,26,237262.8900000105,-12035.0
2025-06-15,376430.3900000105,26,237262.8900000105,-10832.5
2025-06-16,379973.1500000105,26,237198.1500000105,-7225.0
2025-06-17,376333.1500000105,26,237198.1500000105,-10865.0
2025-06-18,374285.6500000105,26,237198.1500000105,-12912.5
2025-06-19,373733.1500000105,26,237198.1500000105,-13465.0
2025-06-20,374285.6500000105,26,237198.1500000105,-12912.5
2025-06-22,371165.6500000105,26,237198.1500000105,-16032.5
2025-06-23,385628.1500000105,26,237198.1500000105,-1570.0
2025-06-24,390417.04000001063,26,240453.29000001063,-36.25
2025-06-25,390573.92000001064,3,240452.67000001064,121.25
2025-06-26,391131.4600000107,3,241075.21000001067,56.25
2025-06-27,391767.1200000107,6,241195.8700000107,571.25
2025-06-29,392577.1200000107,6,241195.8700000107,1381.25
2025-06-30,392979.0800000108,6,243074.08000001078,-95.0
2025-07-01,393394.0900000108,5,243072.8400000108,321.25
2025-07-02,393736.6200000108,5,243696.62000001082,40.0
2025-07-03,393866.64000001084,1,243944.14000001084,-77.5
2025-07-04,393744.14000001084,1,243944.14000001084,-200.0
2025-07-06,393832.89000001084,1,243944.14000001084,-111.25
2025-07-07,393413.5600000109,10,243938.56000001088,-525.0
2025-07-08,392863.5600000109,10,243938.56000001088,-1075.0
2025-07-09,395100.52000001096,10,245178.02000001096,-77.5
2025-07-10,395998.060000011,7,246049.310000011,-51.25
2025-07-11,395989.950000011,4,246047.450000011,-57.5
2025-07-13,395579.950000011,4,246047.450000011,-467.5
2025-07-14,396449.950000011,4,246047.450000011,402.5
2025-07-15,394848.7700000111,10,246856.27000001108,-2007.5
2025-07-16,396167.5300000111,12,246855.0300000111,-687.5
2025-07-17,398451.97000001115,12,248349.47000001115,102.5
2025-07-18,398431.35000001115,2,248348.85000001115,82.5
2025-07-20,398473.85000001115,2,248348.85000001115,125.0
2025-07-21,398552.0000000112,3,248595.75000001118,-43.75
2025-07-22,399193.8900000112,6,248593.8900000112,600.0
2025-07-23,399900.82000001124,6,249842.07000001124,58.75
2025-07-24,400115.84000001126,3,249964.59000001126,151.25
2025-07-25,400250.84000001126,3,249964.59000001126,286.25
2025-07-27,400595.84000001126,3,249964.59000001126,631.25
2025-07-28,400295.84000001126,3,249964.59000001126,331.25
2025-07-29,400159.0200000113,8,250367.7700000113,-208.75
2025-07-30,402566.5300000113,10,250366.53000001132,2200.0
2025-07-31,399799.1300000114,10,252091.6300000114,-2292.5
2025-08-01,394455.41000001144,16,252087.91000001144,-7632.5
2025-08-03,396575.41000001144,16,252087.91000001144,-5512.5
2025-08-04,402655.41000001144,16,252087.91000001144,567.5
2025-08-05,400615.41000001144,16,252087.91000001144,-1472.5
2025-08-06,404415.41000001144,16,252087.91000001144,2327.5
2025-08-07,406302.41000001156,16,255939.91000001156,362.5
2025-08-08,407324.9800000116,9,257309.98000001162,15.0
2025-08-10,407323.7300000116,1,257309.98000001162,13.75
2025-08-11,407248.13000001165,6,257306.88000001165,-58.75
2025-08-12,408651.3300000117,6,258552.58000001172,98.75
2025-08-13,408886.98000001174,4,258761.98000001174,125.0
2025-08-14,409251.98000001174,4,258761.98000001174,490.0
2025-08-15,408592.61000001174,5,258761.36000001174,-168.75
2025-08-17,408948.86000001174,5,258761.36000001174,187.5
2025-08-18,408426.99000001175,6,258760.74000001175,-333.75
2025-08-19,406345.76000001177,10,258758.26000001177,-2412.5
2025-08-20,407168.9100000118,15,258755.1600000118,-1586.25
2025-08-21,405050.1600000118,15,258755.1600000118,-3705.0
2025-08-22,410787.1400000119,15,260749.6400000119,37.5
2025-08-24,410642.1400000119,4,260749.6400000119,-107.5
2025-08-25,409767.7800000119,7,260747.7800000119,-980.0
2025-08-26,411373.4100000119,8,260747.1600000119,626.25
2025-08-27,411745.96000001195,8,261747.21000001195,-1.25
2025-08-28,412106.610000012,3,262121.61000001198,-15.0
2025-08-29,411677.270000012,8,262117.270000012,-440.0
2025-08-31,411547.270000012,8,262117.270000012,-570.0
2025-09-01,411487.270000012,8,262117.270000012,-630.0
2025-09-02,410382.280000012,10,262116.03000001202,-1733.75
2025-09-03,411894.780000012,10,262116.03000001202,-221.25
2025-09-04,413509.2200000121,10,263486.7200000121,22.5
2025-09-05,412776.78000001214,11,263604.28000001214,-827.5
2025-09-07,413381.78000001214,11,263604.28000001214,-222.5
2025-09-08,414206.78000001214,11,263604.28000001214,602.5
2025-09-09,415444.28000001214,11,263604.28000001214,1840.0
2025-09-10,416580.6100000122,11,266300.6100000122,280.0
2025-09-11,417255.04000001226,5,267173.79000001226,81.25
2025-09-12,417235.04000001226,2,267173.79000001226,61.25
2025-09-14,417272.54000001226,2,267173.79000001226,98.75
2025-09-15,417610.0800000123,2,267432.5800000123,177.5
2025-09-16,417407.5800000123,2,267432.5800000123,-25.0
2025-09-17,418980.1700000124,8,268426.4200000124,553.75
2025-09-18,419226.49000001245,4,269296.49000001245,-70.0
2025-09-19,419899.6500000125,5,269918.4000000125,-18.75
2025-09-21,419889.6500000125,1,269918.4000000125,-28.75
2025-09-22,420218.4200000125,2,270167.1700000125,51.25
2025-09-23,419917.2000000125,7,270163.4500000125,-246.25
2025-09-24,419685.34000001254,10,270161.59000001254,-476.25
2025-09-25,417548.48000001255,13,270159.73000001255,-2611.25
2025-09-26,420148.48000001255,13,270159.73000001255,-11.25
2025-09-28,421318.48000001255,13,270159.73000001255,1158.75
2025-09-29,421876.07000001264,13,271778.57000001264,97.5
2025-09-30,422054.8600000127,5,272402.3600000127,-347.5
2025-10-01,422972.3900000127,4,272898.6400000127,73.75
2025-10-02,423631.80000001274,6,273024.30000001274,607.5
2025-10-03,423546.8600000128,6,273766.8600000128,-220.0
2025-10-05,424161.8600000128,6,273766.8600000128,395.0
2025-10-06,424394.4000000128,6,274516.9000000128,-122.5
2025-10-07,424360.68000001286,8,274513.18000001286,-152.5
2025-10-08,425505.7300000129,8,275514.4800000129,-8.75
2025-10-09,425644.51000001293,8,275510.76000001293,133.75
2025-10-10,410314.560000013,18,275504.560000013,-15190.0
2025-10-12,420979.560000013,18,275504.560000013,-4525.0
2025-10-13,423094.560000013,18,275504.560000013,-2410.0
2025-10-14,423229.560000013,18,275504.560000013,-2275.0
2025-10-15,427884.0800000131,18,277756.5800000131,127.5
2025-10-16,426115.4400000132,11,279121.6900000132,-3006.25
2025-10-17,429882.9400000132,11,279121.6900000132,761.25
2025-10-19,430556.6900000132,11,279121.6900000132,1435.0
2025-10-20,431339.8900000133,11,281222.3900000133,117.5
2025-10-21,431362.3900000133,2,281222.3900000133,140.0
2025-10-22,431368.0500000133,9,281218.0500000133,150.0
2025-10-23,432578.73000001337,9,282339.98000001337,238.75
2025-10-24,432885.6400000134,3,283026.8900000134,-141.25
2025-10-26,433676.8900000134,3,283026.8900000134,650.0
2025-10-27,433994.43000001344,3,283994.43000001344,0.0
2025-10-28,434203.82000001345,2,284117.57000001345,86.25
2025-10-29,435208.8800000135,5,284735.1300000135,473.75
2025-10-30,434968.28000001353,9,284732.03000001353,236.25
2025-10-31,433846.41000001354,10,284731.41000001354,-885.0
2025-11-02,434558.91000001354,10,284731.41000001354,-172.5
2025-11-03,432733.91000001354,10,284731.41000001354,-1997.5
2025-11-04,429346.42000001355,12,284730.17000001355,-5383.75
2025-11-05,431761.42000001355,12,284730.17000001355,-2968.75
2025-11-06,426740.19000001356,16,284727.69000001356,-7987.5
2025-11-07,429074.5800000136,19,284725.8300000136,-5651.25
2025-11-09,432589.5800000136,19,284725.8300000136,-2136.25
2025-11-10,437099.6800000137,19,287089.6800000137,10.0
2025-11-11,437638.4700000137,4,287584.7200000137,53.75
2025-11-12,437947.2300000137,3,287583.4800000137,363.75
2025-11-13,433257.91000001377,14,287576.66000001377,-4318.75
2025-11-14,435011.6700000138,16,287575.4200000138,-2563.75
2025-11-16,436671.6700000138,16,287575.4200000138,-903.75
2025-11-17,426751.6700000138,16,287575.4200000138,-10823.75
2025-11-18,424022.3100000138,19,287573.5600000138,-13551.25
2025-11-19,435517.3100000138,19,287573.5600000138,-2056.25
2025-11-20,419263.5700000138,21,287572.3200000138,-18308.75
2025-11-21,424986.0700000138,21,287572.3200000138,-12586.25
2025-11-23,426797.3200000138,21,287572.3200000138,-10775.0
2025-11-24,434226.0700000138,21,287572.3200000138,-3346.25
2025-11-25,440296.1800000139,21,290197.4300000139,98.75
2025-11-26,440593.09000001394,2,290580.59000001394,12.5
2025-11-27,440645.59000001394,2,290580.59000001394,65.0
2025-11-28,440906.86000001396,2,290828.11000001396,78.75
2025-11-30,440419.36000001396,2,290828.11000001396,-408.75
2025-12-01,440543.74000001396,3,290827.49000001396,-283.75
2025-12-02,441057.49000001396,3,290827.49000001396,230.0
2025-12-03,441193.760000014,3,291201.260000014,-7.5
2025-12-04,441890.030000014,5,291198.780000014,691.25
2025-12-05,441909.45000001404,5,291821.95000001404,87.5
2025-12-07,442134.45000001404,4,291821.95000001404,312.5
2025-12-08,441703.22000001406,8,291819.47000001406,-116.25
2025-12-09,441303.22000001406,8,291819.47000001406,-516.25
2025-12-10,442895.82000001415,9,293433.32000001415,-537.5
2025-12-11,444380.2700000142,7,294426.5200000142,-46.25
2025-12-12,442762.82000001427,11,294420.32000001427,-1657.5
2025-12-14,443615.32000001427,11,294420.32000001427,-805.0
2025-12-15,440549.18000001425,11,294392.93000001425,-3843.75
2025-12-16,440516.7000000143,15,294390.4500000143,-3873.75
2025-12-17,436071.7100000143,17,294389.2100000143,-8317.5
2025-12-18,439939.2100000143,17,294389.2100000143,-4450.0
2025-12-19,444975.4600000143,17,294389.2100000143,586.25
2025-12-21,445952.9600000143,17,294389.2100000143,1563.75
2025-12-22,447422.43000001437,17,297343.68000001437,78.75
2025-12-23,448063.1100000144,4,298089.3600000144,-26.25
2025-12-24,448188.75000001444,2,298212.50000001444,-23.75
2025-12-25,448203.75000001444,2,298212.50000001444,-8.75
2025-12-26,448174.38000001444,3,298211.88000001444,-37.5
2025-12-28,448178.13000001444,3,298211.88000001444,-33.75
2025-12-29,448011.27000001445,6,298210.02000001445,-198.75
2025-12-30,447373.77000001445,6,298210.02000001445,-836.25
2025-12-31,445498.1700000145,11,298206.9200000145,-2708.75
2026-01-01,447065.6700000145,11,298206.9200000145,-1141.25
2026-01-02,446202.5600000145,14,298205.0600000145,-2002.5
2026-01-04,446972.5600000145,14,298205.0600000145,-1232.5
2026-01-05,450020.77000001457,14,299954.52000001457,66.25
2026-01-06,450798.3300000146,4,300827.0800000146,-28.75
2026-01-07,450172.73000001465,6,300823.98000001465,-651.25
2026-01-08,450502.74000001466,8,300822.74000001466,-320.0
2026-01-09,452249.71000001475,8,302314.71000001475,-65.0
2026-01-11,451690.96000001475,3,302314.71000001475,-623.75
2026-01-12,452484.09000001475,4,302314.09000001475,170.0
2026-01-13,452119.09000001475,4,302314.09000001475,-195.0
2026-01-14,451638.4900000148,9,302310.9900000148,-672.5
2026-01-15,454294.19000001485,9,303946.69000001485,347.5
2026-01-16,453655.45000001485,8,303945.45000001485,-290.0
2026-01-18,451125.45000001485,8,303945.45000001485,-2820.0
2026-01-19,450635.45000001485,8,303945.45000001485,-3310.0
2026-01-20,448324.2300000149,14,303941.7300000149,-5617.5
2026-01-21,453906.7300000149,14,303941.7300000149,-35.0
2026-01-22,456097.450000015,14,305732.450000015,365.0
2026-01-23,455513.080000015,6,305731.830000015,-218.75
2026-01-25,455325.580000015,6,305731.830000015,-406.25
2026-01-26,456823.760000015,6,306606.260000015,217.5
2026-01-27,457159.41000001505,3,306978.16000001505,181.25
2026-01-28,457377.55000001506,5,306976.30000001506,401.25
2026-01-29,458490.16000001517,13,308590.16000001517,-100.0
2026-01-30,458977.7000000152,9,308585.2000000152,392.5
2026-02-01,456153.9500000152,9,308585.2000000152,-2431.25
2026-02-02,460217.1500000153,9,309960.9000000153,256.25
2026-02-03,459625.3300000153,13,309954.0800000153,-328.75
2026-02-04,457222.84000001533,15,309952.84000001533,-2730.0
2026-02-05,447863.48000001535,18,309950.98000001535,-12087.5
2026-02-06,462211.70000001544,18,312206.70000001544,5.0
2026-02-08,462276.70000001544,1,312206.70000001544,70.0
2026-02-09,462566.11000001547,2,312578.61000001547,-12.5
2026-02-10,462762.3800000155,6,312576.1300000155,186.25
2026-02-11,463517.46000001556,10,313472.46000001556,45.0
2026-02-12,455356.8700000156,17,313468.1200000156,-8111.25
2026-02-13,455088.7500000156,18,313467.5000000156,-8378.75
2026-02-15,456573.7500000156,18,313467.5000000156,-6893.75
2026-02-16,453041.2500000156,18,313467.5000000156,-10426.25
2026-02-17,458116.8800000156,19,313466.8800000156,-5350.0
2026-02-18,459921.8800000156,19,313466.8800000156,-3545.0
2026-02-19,459446.8800000156,19,313466.8800000156,-4020.0
2026-02-20,462866.8800000156,19,313466.8800000156,-600.0
2026-02-22,457736.8800000156,19,313466.8800000156,-5730.0
2026-02-23,457903.1300000156,19,313466.8800000156,-5563.75
2026-02-24,461085.6300000156,19,313466.8800000156,-2381.25
2026-02-25,465803.2300000157,19,315846.9800000157,-43.75
2026-02-26,464542.03000001574,11,315840.78000001574,-1298.75
2026-02-27,463459.54000001575,13,315839.54000001575,-2380.0
2026-03-01,460583.29000001575,13,315839.54000001575,-5256.25
2026-03-02,461021.42000001576,14,315838.92000001576,-4817.5
2026-03-03,458763.9400000158,18,315836.4400000158,-7072.5
2026-03-04,465423.9400000158,18,315836.4400000158,-412.5
2026-03-05,463533.9400000158,18,315836.4400000158,-2302.5
2026-03-06,453948.9400000158,18,315836.4400000158,-11887.5
2026-03-08,442248.9400000158,18,315836.4400000158,-23587.5
2026-03-09,458413.3300000158,21,315834.5800000158,-7421.25
2026-03-10,463558.3300000158,21,315834.5800000158,-2276.25
2026-03-11,452113.3300000158,21,315834.5800000158,-13721.25
2026-03-12,450984.5800000158,21,315834.5800000158,-14850.0
2026-03-13,442952.0800000158,21,315834.5800000158,-22882.5
2026-03-15,447965.8300000158,21,315834.5800000158,-17868.75
2026-03-16,448806.0400000158,21,315782.2900000158,-16976.25
2026-03-17,455631.0400000158,21,315782.2900000158,-10151.25
2026-03-18,443776.6700000158,22,315781.6700000158,-22005.0
2026-03-19,442521.0500000158,23,315781.0500000158,-23260.0
2026-03-20,433342.94000001583,26,315779.19000001583,-32436.25
2026-03-22,425055.44000001583,26,315779.19000001583,-40723.75
2026-03-23,435162.94000001583,26,315779.19000001583,-30616.25
2026-03-24,441012.94000001583,26,315779.19000001583,-24766.25
2026-03-25,439940.44000001583,26,315779.19000001583,-25838.75
2026-03-26,428597.94000001583,26,315779.19000001583,-37181.25
2026-03-27,408577.94000001583,26,315779.19000001583,-57201.25
2026-03-29,410040.44000001583,26,315779.19000001583,-55738.75
2026-03-30,414557.94000001583,26,315779.19000001583,-51221.25
2026-03-31,432237.94000001583,26,315779.19000001583,-33541.25
2026-04-01,426680.44000001583,26,315779.19000001583,-39098.75
2026-04-02,436527.94000001583,26,315779.19000001583,-29251.25
2026-04-03,435325.44000001583,26,315779.19000001583,-30453.75
2026-04-05,436430.44000001583,26,315779.19000001583,-29348.75
2026-04-06,437795.44000001583,26,315779.19000001583,-27983.75
2026-04-07,462820.44000001583,26,315779.19000001583,-2958.75
2026-04-08,462105.44000001583,26,315779.19000001583,-3673.75
2026-04-09,469169.96000001597,26,319042.46000001597,127.5
2026-04-10,469124.96000001597,3,319042.46000001597,82.5
2026-04-12,468198.71000001597,3,319042.46000001597,-843.75
2026-04-13,469912.520000016,5,319911.270000016,1.25
2026-04-14,470656.3200000161,3,320406.3200000161,250.0
2026-04-15,471477.64000001614,3,321402.64000001614,75.0
2026-04-16,471857.05000001617,4,321649.55000001617,207.5
2026-04-17,473015.8600000162,4,322954.6100000162,61.25
2026-04-19,472115.8600000162,4,322954.6100000162,-838.75
2026-04-20,473248.38000001624,8,322952.13000001624,296.25
2026-04-21,472917.77000001626,11,322950.27000001626,-32.5
2026-04-22,473881.5900000163,11,324325.3400000163,-443.75
2026-04-23,474552.2900000164,12,324693.5400000164,-141.25
2026-04-24,476488.0000000165,12,326441.7500000165,46.25
2026-04-26,476524.2500000165,1,326441.7500000165,82.5
2026-04-27,476690.5200000165,2,326689.2700000165,1.25
2026-04-28,476956.1600000165,4,326687.4100000165,268.75
2026-04-29,477633.72000001656,6,327309.97000001656,323.75
2026-04-30,479848.8600000167,6,329688.8600000167,160.0
2026-05-01,478893.92000001675,8,330056.42000001675,-1162.5
2026-05-03,479643.92000001675,8,330056.42000001675,-412.5
2026-05-04,478845.19000001677,12,330053.94000001677,-1208.75
2026-05-05,481821.51000001683,12,331551.51000001683,270.0
2026-05-06,482350.92000001686,2,332297.17000001686,53.75
2026-05-07,482254.7200000169,9,332415.9700000169,-161.25
2026-05-08,483602.27000001696,9,333542.27000001696,60.0
2026-05-10,483557.27000001696,1,333542.27000001696,15.0
2026-05-11,483488.570000017,5,333911.070000017,-422.5
2026-05-12,485091.10000001703,11,333907.35000001703,1183.75
2026-05-13,485448.6700000171,11,335399.9200000171,48.75
2026-05-14,485239.35000001715,6,335768.10000001715,-528.75
2026-05-15,482241.2500000172,11,335765.0000000172,-3523.75
2026-05-17,480495.0000000172,11,335765.0000000172,-5270.0
2026-05-18,482303.1400000172,14,335763.1400000172,-3460.0
2026-05-19,479060.6500000172,16,335761.9000000172,-6701.25
2026-05-20,485340.6500000172,16,335761.9000000172,-421.25
2026-05-21,488394.5000000173,16,337768.2500000173,626.25
2026-05-22,488650.8500000174,6,339172.1000000174,-521.25
2026-05-24,490810.8500000174,6,339172.1000000174,1638.75
2026-05-25,490345.8500000174,6,339172.1000000174,1173.75
2026-05-26,490389.6500000174,6,340129.6500000174,260.0
2026-05-27,490689.6500000174,4,340129.6500000174,560.0
