name,cfg,exec,label,total_mtm,realized,unreal_end,open_qty_end,max_mtm_dd,min_equity,min_equity_dt,max_inv,underwater_days,underwater_recovered,no_entry_days,active_share,trades_day,fills_total,peak_notional,avg_notional,cost,commission,slippage,roll_cost,inv_avg,rec_pnl,rec_trades_day,rec_winrate,rec_full_share,core_pnl,core_trades_day,core_winrate,core_full_share,wk_mean,wk_median,wk_p10,wk_p25,wk_best,wk_worst,wk_pos,wk_ge1k,wk_ge2k,wk_ge3k,wk_ge4k,wk_le_m2k,wk_le_m4k,wk_worst_4w,wk_longest_losing,n_weeks,top1_day_share,top5_day_share,top10_day_share,pnl_ex_best5,pnl_ex_best10,pnl_ex_2020,pnl_ex_2022,pnl_ex_2025,contract_cap,profit_per_avg_contract,profit_per_peak_contract,wk_mean_over_dd,wk_mean_over_avg_notional,fs2020_total_mtm,fs2020_realized,fs2020_unreal_end,fs2020_open_qty_end,fs2020_max_mtm_dd,fs2020_min_equity,fs2020_min_equity_dt,fs2020_max_inv,fs2020_underwater_days,fs2020_underwater_recovered,fs2020_no_entry_days,fs2020_active_share,fs2020_trades_day,fs2020_fills_total,fs2020_peak_notional,fs2020_avg_notional,fs2020_cost,fs2020_commission,fs2020_slippage,fs2020_roll_cost,fs2020_inv_avg,fs2020_n_weeks,fs2020_contract_cap,fs2022_total_mtm,fs2022_realized,fs2022_unreal_end,fs2022_open_qty_end,fs2022_max_mtm_dd,fs2022_min_equity,fs2022_min_equity_dt,fs2022_max_inv,fs2022_underwater_days,fs2022_underwater_recovered,fs2022_no_entry_days,fs2022_active_share,fs2022_trades_day,fs2022_fills_total,fs2022_peak_notional,fs2022_avg_notional,fs2022_cost,fs2022_commission,fs2022_slippage,fs2022_roll_cost,fs2022_inv_avg,fs2022_n_weeks,fs2022_contract_cap,fs2025_total_mtm,fs2025_realized,fs2025_unreal_end,fs2025_open_qty_end,fs2025_max_mtm_dd,fs2025_min_equity,fs2025_min_equity_dt,fs2025_max_inv,fs2025_underwater_days,fs2025_underwater_recovered,fs2025_no_entry_days,fs2025_active_share,fs2025_trades_day,fs2025_fills_total,fs2025_peak_notional,fs2025_avg_notional,fs2025_cost,fs2025_commission,fs2025_slippage,fs2025_roll_cost,fs2025_inv_avg,fs2025_n_weeks,fs2025_contract_cap,worst_fresh_min_equity,lineage,runtime_s
P4_C32_A_tp,"{""add_trigger"": ""armed"", ""core_cap"": 16, ""max_total"": 32, ""rec_activation"": ""always"", ""rec_anchor"": ""low60"", ""rec_cap"": 16, ""rec_spacing"": ""float"", ""rec_step"": 5.0, ""rec_tp"": 3.0, ""recovery"": {""h"": 16, ""layer_x"": 5.0, ""rec_step"": 10.0, ""rec_tp"": 2.0}, ""reversal"": ""ll_fail""}",{},ES-signal / MES-economics proxy backtest,306464.84000005067,305478.59000005067,986.25,7,-122339.25999999464,102681.76000000013,2020-03-22,27,708.1444444444444,True,5.764583333333333,0.9655950366610264,4.053017484489565,14379,592240.0,282606.3974888701,19758.90999999968,8914.97999999968,9955.0,888.9300000000001,12.62320513502988,84352.94000000002,2.985899605188945,1.0,0.0017006564477853,222018.92,1.0671178793006204,0.9513742071881608,0.0005337315540413,830.5280216803541,1223.460000000312,-8748.87199999988,-2709.879999999888,26631.340000000084,-39087.29999999981,0.6151761517615176,0.5230352303523035,0.4200542005420054,0.3252032520325203,0.2682926829268293,0.2737127371273712,0.2086720867208672,-66970.59999999989,8.0,369.0,0.138313223794263,0.3854544292910747,0.6148755269934686,188336.6100000506,118027.11000005048,266926.3400000526,385593.61000004393,232239.1600000388,32,24277.894300362663,11350.549629631509,0.0067887285053088,0.0029388153596666,282721.1100000465,281734.8600000465,986.25,7,-122339.25999999464,79621.77000000002,2020-03-22,27,708.1444444444444,True,5.764583333333333,0.96403785488959,4.155205047318612,13179,592240.0,299942.5045098512,18102.639999998748,8170.979999998749,9100.0,831.6600000000001,13.035875239977326,330.0,32,182147.39000001652,181161.1400000165,986.25,7,-122339.2599999999,28440.22000000012,2022-10-13,27,708.1444444444444,True,5.764583333333333,0.9601087941976428,4.119673617407072,9095,592240.0,356915.5196346698,12520.109999999197,5638.899999999195,6248.75,632.4600000000002,14.668602508203351,230.0,32,109401.12000000384,108414.87000000382,986.25,7,-119136.84999999998,38056.61000000005,2025-04-06,21,124.80833333333334,True,5.1875,0.9757575757575756,5.63939393939394,3729,618318.75,345187.59971630404,5122.62999999978,2311.9799999997804,2661.25,149.40000000000003,10.91806260098448,69.0,32,28440.22000000012,"{""dataset"": ""2b4f41b124ab"", ""engine"": ""0.2.0"", ""exec"": ""EXEC-1.1"", ""roll"": ""ROLL-1.0""}",153.38500452041626
P4_C32_D_recprof3,"{""add_trigger"": ""armed"", ""core_cap"": 16, ""harvest"": ""rec_prof"", ""harvest_x"": 3.0, ""max_total"": 32, ""rec_activation"": ""always"", ""rec_anchor"": ""low60"", ""rec_cap"": 16, ""rec_spacing"": ""float"", ""rec_step"": 5.0, ""rec_tp"": 3.0, ""recovery"": {""h"": 16, ""layer_x"": 5.0, ""rec_step"": 10.0, ""rec_tp"": 2.0}, ""reversal"": ""ll_fail""}",{},ES-signal / MES-economics proxy backtest,306333.6400000507,305347.3900000507,986.25,7,-122339.25999999464,102655.53000000012,2020-03-22,27,708.1444444444444,True,5.764583333333333,0.9655950366610264,4.055837563451776,14389,592240.0,282590.0148965037,19915.109999999688,8921.179999999687,10105.0,888.9300000000001,12.622200711081724,84221.74000000002,2.9887196841511563,1.0,0.0017006564477853,222018.92,1.0671178793006204,0.9513742071881608,0.0005337315540413,830.1724661247987,1219.710000000312,-8748.87199999988,-2709.879999999888,26631.340000000084,-39087.29999999981,0.6151761517615176,0.5230352303523035,0.4200542005420054,0.3252032520325203,0.2682926829268293,0.2737127371273712,0.2086720867208672,-66970.59999999989,8.0,369.0,0.13837246212983,0.3856195160282772,0.6151388727662068,188205.41000005064,117895.91000005051,266825.14000005263,385462.410000044,232125.46000003885,32,24269.431853599315,11345.69037037225,0.0067858221974273,0.0029377275287976,282611.1400000465,281624.8900000465,986.25,7,-122339.25999999464,79619.27000000002,2020-03-22,27,708.1444444444444,True,5.764583333333333,0.96403785488959,4.157097791798107,13185,592240.0,299937.60368547234,18212.60999999875,8174.699999998748,9206.25,831.6600000000001,13.035657577019805,330.0,32,182106.15000001653,181119.90000001653,986.25,7,-122339.2599999999,28440.22000000012,2022-10-13,27,708.1444444444444,True,5.764583333333333,0.9601087941976428,4.1205802357207615,9097,592240.0,356914.2579280352,12558.849999999196,5640.1399999991945,6286.25,632.4600000000002,14.66855755832247,230.0,32,109377.37000000378,108391.12000000378,986.25,7,-119136.84999999998,38052.86000000005,2025-04-06,21,124.80833333333334,True,5.1875,0.9757575757575756,5.63939393939394,3729,618318.75,345187.098927216,5138.87999999978,2311.9799999997804,2677.5,149.40000000000003,10.918047570736109,69.0,32,28440.22000000012,"{""dataset"": ""2b4f41b124ab"", ""engine"": ""0.2.0"", ""exec"": ""EXEC-1.1"", ""roll"": ""ROLL-1.0""}",153.36850953102112
P4_C32_B_last3,"{""add_trigger"": ""armed"", ""core_cap"": 16, ""max_total"": 32, ""rec_activation"": ""always"", ""rec_anchor"": ""low60"", ""rec_cap"": 16, ""rec_exit"": ""last"", ""rec_exit_x"": 3.0, ""rec_spacing"": ""float"", ""rec_step"": 5.0, ""rec_tp"": 3.0, ""recovery"": {""h"": 16, ""layer_x"": 5.0, ""rec_step"": 10.0, ""rec_tp"": 2.0}, ""reversal"": ""ll_fail""}",{},ES-signal / MES-economics proxy backtest,311446.2300000454,310459.9800000454,986.25,7,-139439.70999999577,103432.28000000016,2020-03-22,27,708.23125,True,58.85833333333333,0.913141567963903,3.696559503666103,13115,612850.0,300953.0944014922,18652.51999999876,8131.299999998756,9580.0,941.22,13.48847784243572,96468.34,2.655950366610265,1.0,0.0733873882455781,214937.2,1.0406091370558377,0.9571815718157182,0.0005351324242619,844.0277235773588,1252.7500000002328,-9248.967999999852,-2644.7899999998044,30559.400000000023,-38259.17999999982,0.6124661246612466,0.5311653116531165,0.4227642276422764,0.3333333333333333,0.2764227642276423,0.2791327913279133,0.2140921409214092,-66558.7299999999,8.0,369.0,0.1382723110823776,0.4006332007935426,0.6545375424835626,186670.5300000453,107592.9800000453,269170.43000004784,401482.63000004063,240855.24000003436,32,23089.79809569121,11535.045555557235,0.0060529939683421,0.002804515850737,286882.60000004136,285896.35000004136,986.25,7,-139439.70999999574,79572.39000000001,2020-03-22,27,708.23125,True,58.85833333333333,0.9053627760252366,3.762776025236593,11935,612850.0,320404.9476512758,17012.399999998885,7399.699999998885,8728.75,883.9500000000002,13.99996554974773,330.0,32,182658.02000001632,181671.7700000163,986.25,7,-139439.70999999993,11354.770000000077,2022-10-13,27,708.23125,True,58.85833333333333,0.8739800543970988,3.591115140525839,7929,612850.0,385927.29039589607,11404.479999999325,4915.979999999322,5803.75,684.7500000000001,16.03384276531667,230.0,32,107276.41000000323,106290.16000000323,986.25,7,-118493.16000000005,38774.04999999999,2025-04-06,22,122.72708333333334,True,5.1875,0.9848484848484848,5.348484848484849,3537,647460.0,352004.19508323,5021.089999999801,2192.9399999998013,2678.75,149.40000000000003,11.12738135497689,69.0,32,11354.770000000077,"{""dataset"": ""2b4f41b124ab"", ""engine"": ""0.2.0"", ""exec"": ""EXEC-1.1"", ""roll"": ""ROLL-1.0""}",165.1644902229309
P4_C32_C_last2x3,"{""add_trigger"": ""armed"", ""core_cap"": 16, ""max_total"": 32, ""rec_activation"": ""always"", ""rec_anchor"": ""low60"", ""rec_cap"": 16, ""rec_exit"": ""last2"", ""rec_exit_x"": 3.0, ""rec_spacing"": ""float"", ""rec_step"": 5.0, ""rec_tp"": 3.0, ""recovery"": {""h"": 16, ""layer_x"": 5.0, ""rec_step"": 10.0, ""rec_tp"": 2.0}, ""reversal"": ""ll_fail""}",{},ES-signal / MES-economics proxy backtest,329491.08000004257,328504.83000004257,986.25,7,-131610.1899999992,102322.0100000001,2020-03-22,27,707.0097222222222,True,14.041666666666666,0.9323181049069372,3.400451212633954,12065,757822.5,309562.9955053079,17497.66999999887,7480.299999998871,9051.25,966.12,13.818181054070788,110815.32999999996,2.3451776649746194,0.6885521885521886,0.0283396045623541,218659.96,1.0552735476593345,0.9567076429716728,0.0007116420720551,892.9297560976763,1108.9300000001676,-9865.14199999994,-2637.2899999998044,33897.65000000014,-49749.79999999981,0.6205962059620597,0.5230352303523035,0.4200542005420054,0.3306233062330623,0.2764227642276423,0.2818428184281842,0.2113821138211382,-73891.1499999995,7.0,369.0,0.1669563861941055,0.4654056492211574,0.7036520078175416,176144.07000004244,97644.0200000424,282814.9400000449,405942.700000038,254748.3800000324,32,23844.750529084697,12203.37333333491,0.00678465517068,0.0028844848029724,307842.0300000391,306855.7800000391,986.25,7,-131610.18999999925,81390.46000000002,2020-03-22,27,707.0097222222222,True,14.041666666666666,0.9293375394321768,3.4845425867507887,11053,757822.5,329621.11173312954,16065.469999998984,6852.859999998981,8306.25,906.36,14.339078173886085,330.0,32,200116.7400000173,199130.49000001737,986.25,7,-131610.1899999992,23720.3299999999,2022-10-13,27,707.0097222222222,True,14.041666666666666,0.9111514052583862,3.353581142339076,7405,757822.5,396386.05633062887,10879.50999999938,4591.099999999379,5581.25,707.1600000000002,16.366339281700903,230.0,32,112537.80000000376,111551.5500000038,986.25,7,-131610.19000000003,25659.51999999999,2025-04-06,27,109.97847222222222,True,5.1875,0.9666666666666668,4.996969696969697,3305,757822.5,371028.0246965769,4719.699999999827,2049.0999999998267,2508.75,161.85000000000002,11.76930071769436,69.0,32,23720.3299999999,"{""dataset"": ""2b4f41b124ab"", ""engine"": ""0.2.0"", ""exec"": ""EXEC-1.1"", ""roll"": ""ROLL-1.0""}",165.2071931362152
P4_C32_E_allprof3,"{""add_trigger"": ""armed"", ""core_cap"": 16, ""harvest"": ""all_prof"", ""harvest_x"": 3.0, ""max_total"": 32, ""rec_activation"": ""always"", ""rec_anchor"": ""low60"", ""rec_cap"": 16, ""rec_spacing"": ""float"", ""rec_step"": 5.0, ""rec_tp"": 3.0, ""recovery"": {""h"": 16, ""layer_x"": 5.0, ""rec_step"": 10.0, ""rec_tp"": 2.0}, ""reversal"": ""ll_fail""}",{},ES-signal / MES-economics proxy backtest,165440.81000004162,165412.06000004165,28.75,2,-96434.309999994,122331.44999999976,2022-10-13,22,560.3409722222223,True,25.010416666666668,0.9588268471517204,4.782289904117316,16960,533860.0,174864.90201613243,26257.940000001745,10515.200000001743,15180.0,562.74,8.035118415559745,95935.73,3.002256063169769,1.0,0.020532554823056,70040.30999999998,1.7800338409475465,1.0,0.0,448.3490785908986,535.2400000000489,-5186.979999999865,-1138.0499999999884,23230.090000000084,-27952.12999999965,0.6260162601626016,0.3848238482384823,0.2628726287262872,0.2059620596205962,0.1544715447154471,0.2140921409214092,0.1300813008130081,-42906.76999999952,8.0,369.0,0.2079144196646001,0.5847226570032857,0.9301943093724062,68703.82000004151,11548.710000041436,138103.6200000417,225513.53000003437,131328.52000002802,32,20589.716472587494,7520.03681818371,0.0046492693170192,0.0025639740932662,152952.16000003216,152923.4100000322,28.75,2,-96434.31000000336,109842.79999999114,2022-10-13,22,560.3409722222223,True,25.010416666666668,0.955205047318612,4.889589905362776,15502,533860.0,186370.44536933803,23972.84000000058,9611.240000000578,13826.25,535.3500000000001,8.367657789984998,330.0,32,96954.49000000588,96925.74000000586,28.75,2,-96400.04999999989,53845.13000000012,2022-10-13,22,559.9444444444445,True,25.010416666666668,0.9474161378059835,4.666364460562104,10296,533860.0,232169.37202487976,15695.509999999063,6383.519999999064,8873.75,438.24,10.05096642243898,230.0,32,47766.11999999784,47737.36999999784,28.75,2,-64775.06999999995,88025.69000000006,2025-04-06,16,85.50416666666666,True,4.730555555555555,0.9848484848484848,6.6909090909090905,4418,533860.0,159001.15673730883,6992.629999999705,2739.159999999705,4183.75,69.72000000000001,5.074527486566716,69.0,32,53845.13000000012,"{""dataset"": ""2b4f41b124ab"", ""engine"": ""0.2.0"", ""exec"": ""EXEC-1.1"", ""roll"": ""ROLL-1.0""}",102.34205532073976
P4_C32_E_allprof5,"{""add_trigger"": ""armed"", ""core_cap"": 16, ""harvest"": ""all_prof"", ""harvest_x"": 5.0, ""max_total"": 32, ""rec_activation"": ""always"", ""rec_anchor"": ""low60"", ""rec_cap"": 16, ""rec_spacing"": ""float"", ""rec_step"": 5.0, ""rec_tp"": 3.0, ""recovery"": {""h"": 16, ""layer_x"": 5.0, ""rec_step"": 10.0, ""rec_tp"": 2.0}, ""reversal"": ""ll_fail""}",{},ES-signal / MES-economics proxy backtest,184125.1100000448,184041.3600000448,83.75,3,-106706.93999999417,121771.17000000468,2022-10-13,24,707.4027777777778,True,7.779861111111111,0.970107163000564,4.545967287084038,16123,533860.0,197532.49252810847,24463.64000000108,9996.260000001075,13815.0,652.3800000000001,8.982489122242738,94018.62,3.024252679075014,1.0,0.0056567139507061,90676.97999999998,1.5217146080090242,1.0,0.0,498.98403794050085,633.4200000002747,-5768.053999999911,-1396.6200000001118,24363.840000000084,-30239.71999999974,0.6260162601626016,0.4119241192411924,0.2818428184281842,0.2168021680216802,0.1734417344173441,0.2168021680216802,0.1490514905149051,-45062.989999999496,8.0,369.0,0.1869755298448518,0.5379567729788511,0.8693592090723599,85073.76000004471,24054.250000044587,153960.4400000458,253216.6900000377,144752.45000003214,32,20498.22799608052,7671.879583335201,0.004676209794232,0.002526085868478,169525.55000003875,169441.80000003875,83.75,3,-106706.93999999543,107171.60999999862,2022-10-13,24,707.4027777777778,True,7.779861111111111,0.9678233438485804,4.646687697160884,14733,533860.0,210431.8519790104,22351.949999999964,9134.459999999965,12592.5,624.99,9.338927845512542,330.0,32,105925.8200000064,105842.0700000064,83.75,3,-106693.89999999988,43571.88000000012,2022-10-13,24,707.0076388888889,True,7.779861111111111,0.9646418857660924,4.479601087941976,9885,533860.0,262751.73116319056,14805.429999999107,6128.6999999991085,8173.75,502.9800000000001,11.254247763743424,230.0,32,54650.19999999687,54566.44999999687,83.75,3,-71579.62999999995,81582.89000000007,2025-04-06,16,87.43958333333333,True,4.730555555555555,0.990909090909091,6.203030303030303,4097,533860.0,192484.0433810544,6359.79999999974,2540.13999999974,3735.0,84.66,6.14686807199489,69.0,32,43571.88000000012,"{""dataset"": ""2b4f41b124ab"", ""engine"": ""0.2.0"", ""exec"": ""EXEC-1.1"", ""roll"": ""ROLL-1.0""}",115.663836479187
P4_C14_A_tp,"{""add_trigger"": ""armed"", ""core_cap"": 8, ""max_total"": 14, ""rec_activation"": ""always"", ""rec_anchor"": ""low60"", ""rec_cap"": 6, ""rec_spacing"": ""float"", ""rec_step"": 5.0, ""rec_tp"": 3.0, ""recovery"": {""h"": 8, ""layer_x"": 5.0, ""rec_step"": 10.0, ""rec_tp"": 2.0}, ""reversal"": ""ll_fail""}",{},ES-signal / MES-economics proxy backtest,171592.90000002395,171424.15000002395,168.75,3,-70933.3199999982,121397.24999999994,2020-03-22,12,749.09375,True,453.9604166666667,0.7016356457980824,2.676818950930626,9495,393945.0,185087.14811891143,13065.84999999915,5886.899999999151,6606.25,572.7,8.213935296606252,59542.56,2.047941342357586,1.0,0.2928168978569487,112456.14999999998,0.6288776085730401,0.9937219730941704,0.0242980939759778,465.021409214157,766.3700000001118,-5628.881999999982,-1918.589999999851,15945.0,-22758.75,0.5989159891598916,0.4579945799457994,0.3197831978319783,0.2168021680216802,0.1598915989159891,0.2439024390243902,0.1490514905149051,-42034.47999999992,8.0,369.0,0.1391884512704002,0.3914428277626328,0.6151919455874068,104424.09000002388,66030.33000002388,144201.70000002376,220626.59000002203,137019.77000001783,14,20890.461612343224,14299.408333335328,0.0065557541817324,0.0025124456989061,156412.99000001966,156244.24000001966,168.75,3,-70933.3199999982,107313.58000000002,2020-03-22,12,749.09375,True,453.9604166666667,0.6788643533123029,2.697160883280757,8553,393945.0,194914.162146376,11764.509999999254,5302.859999999254,5938.75,522.9000000000001,8.379264393158806,330.0,14,90043.79000000248,89875.04000000247,168.75,3,-70933.31999999998,79846.16000000003,2022-10-13,12,749.09375,True,453.9604166666667,0.5602901178603807,2.2964641885766093,5069,393945.0,227221.9877820605,7029.959999999634,3142.779999999634,3496.25,390.93000000000006,9.170818537330875,230.0,14,57894.459999996994,57725.70999999699,168.75,3,-72898.15999999997,83397.08000000005,2025-04-06,13,124.46319444444444,True,5.1875,0.9757575757575756,4.451515151515151,2941,393945.0,232988.5942584451,3950.539999999866,1823.419999999866,2032.5,94.62,7.312967346785405,69.0,14,79846.16000000003,"{""dataset"": ""2b4f41b124ab"", ""engine"": ""0.2.0"", ""exec"": ""EXEC-1.1"", ""roll"": ""ROLL-1.0""}",119.98767232894896
P4_C32_F_partial3,"{""add_trigger"": ""armed"", ""core_cap"": 16, ""harvest"": ""partial_high"", ""harvest_x"": 3.0, ""max_total"": 32, ""rec_activation"": ""always"", ""rec_anchor"": ""low60"", ""rec_cap"": 16, ""rec_spacing"": ""float"", ""rec_step"": 5.0, ""rec_tp"": 3.0, ""recovery"": {""h"": 16, ""layer_x"": 5.0, ""rec_step"": 10.0, ""rec_tp"": 2.0}, ""reversal"": ""ll_fail""}",{},ES-signal / MES-economics proxy backtest,306464.84000005067,305478.59000005067,986.25,7,-122339.25999999464,102681.76000000013,2020-03-22,27,708.1444444444444,True,5.764583333333333,0.9655950366610264,4.053017484489565,14379,592240.0,282606.3974888701,19758.90999999968,8914.97999999968,9955.0,888.9300000000001,12.62320513502988,84352.94000000002,2.985899605188945,1.0,0.0017006564477853,222018.92,1.0671178793006204,0.9513742071881608,0.0005337315540413,830.5280216803541,1223.460000000312,-8748.87199999988,-2709.879999999888,26631.340000000084,-39087.29999999981,0.6151761517615176,0.5230352303523035,0.4200542005420054,0.3252032520325203,0.2682926829268293,0.2737127371273712,0.2086720867208672,-66970.59999999989,8.0,369.0,0.138313223794263,0.3854544292910747,0.6148755269934686,188336.6100000506,118027.11000005048,266926.3400000526,385593.61000004393,232239.1600000388,32,24277.894300362663,11350.549629631509,0.0067887285053088,0.0029388153596666,282721.1100000465,281734.8600000465,986.25,7,-122339.25999999464,79621.77000000002,2020-03-22,27,708.1444444444444,True,5.764583333333333,0.96403785488959,4.155205047318612,13179,592240.0,299942.5045098512,18102.639999998748,8170.979999998749,9100.0,831.6600000000001,13.035875239977326,330.0,32,182147.39000001652,181161.1400000165,986.25,7,-122339.2599999999,28440.22000000012,2022-10-13,27,708.1444444444444,True,5.764583333333333,0.9601087941976428,4.119673617407072,9095,592240.0,356915.5196346698,12520.109999999197,5638.899999999195,6248.75,632.4600000000002,14.668602508203351,230.0,32,109401.12000000384,108414.87000000382,986.25,7,-119136.84999999998,38056.61000000005,2025-04-06,21,124.80833333333334,True,5.1875,0.9757575757575756,5.63939393939394,3729,618318.75,345187.59971630404,5122.62999999978,2311.9799999997804,2661.25,149.40000000000003,10.91806260098448,69.0,32,28440.22000000012,"{""dataset"": ""2b4f41b124ab"", ""engine"": ""0.2.0"", ""exec"": ""EXEC-1.1"", ""roll"": ""ROLL-1.0""}",159.72331762313843
P4_C14_B_last3,"{""add_trigger"": ""armed"", ""core_cap"": 8, ""max_total"": 14, ""rec_activation"": ""always"", ""rec_anchor"": ""low60"", ""rec_cap"": 6, ""rec_exit"": ""last"", ""rec_exit_x"": 3.0, ""rec_spacing"": ""float"", ""rec_step"": 5.0, ""rec_tp"": 3.0, ""recovery"": {""h"": 8, ""layer_x"": 5.0, ""rec_step"": 10.0, ""rec_tp"": 2.0}, ""reversal"": ""ll_fail""}",{},ES-signal / MES-economics proxy backtest,179860.010000022,179691.260000022,168.75,3,-67363.85999999926,122421.47,2020-03-22,13,758.0409722222222,True,617.9381944444444,0.6520022560631697,2.446700507614213,8679,394170.0,180922.1500573656,12334.98999999924,5380.97999999924,6396.25,557.7599999999999,8.024443784478919,65930.68,1.8009024252679076,1.0,0.3508073215081208,114320.19999999998,0.6457980823463056,0.988646288209607,0.0245124271197267,487.4255013550732,860.3000000002212,-5299.75,-1777.980000000069,14726.360000000015,-22758.75,0.6016260162601627,0.4661246612466124,0.3170731707317073,0.2222222222222222,0.1544715447154471,0.2384823848238482,0.1409214092140921,-41602.60999999993,8.0,369.0,0.132790774336091,0.3631716688995627,0.5626184497598307,114539.950000022,78667.45000002199,149620.3700000222,226901.12000002112,142907.680000016,14,22414.01582847546,13835.38538461708,0.0072357121660646,0.0026941173383166,163237.6600000175,163068.91000001752,168.75,3,-67363.85999999923,106274.13,2020-03-22,13,758.0409722222222,True,617.9381944444444,0.62397476340694,2.4429022082018927,7747,394170.0,190503.00721928524,11042.339999999342,4803.139999999342,5728.75,510.4500000000001,8.182417217609716,330.0,14,93595.34000000276,93426.59000000276,168.75,3,-67363.86000000002,83430.62,2022-10-13,12,758.0409722222222,True,617.9381944444444,0.4814143245693563,1.988213961922031,4389,394170.0,220063.11759450712,6328.409999999709,2721.1799999997083,3228.75,378.4800000000001,8.839614330022025,230.0,14,62429.81999999698,62261.069999996966,168.75,3,-79196.51999999999,77046.22000000003,2025-04-06,13,124.86319444444445,True,6.975,0.9515151515151516,4.175757575757576,2759,394170.0,237144.50903693683,3872.679999999886,1710.579999999886,2062.5,99.6,7.480314132191034,69.0,14,77046.22000000003,"{""dataset"": ""2b4f41b124ab"", ""engine"": ""0.2.0"", ""exec"": ""EXEC-1.1"", ""roll"": ""ROLL-1.0""}",132.2522599697113
P4_C14_C_last2x3,"{""add_trigger"": ""armed"", ""core_cap"": 8, ""max_total"": 14, ""rec_activation"": ""always"", ""rec_anchor"": ""low60"", ""rec_cap"": 6, ""rec_exit"": ""last2"", ""rec_exit_x"": 3.0, ""rec_spacing"": ""float"", ""rec_step"": 5.0, ""rec_tp"": 3.0, ""recovery"": {""h"": 8, ""layer_x"": 5.0, ""rec_step"": 10.0, ""rec_tp"": 2.0}, ""reversal"": ""ll_fail""}",{},ES-signal / MES-economics proxy backtest,183997.84000002025,183175.34000002025,822.5,6,-64627.74999999991,122063.81999999986,2020-03-22,12,764.0333333333333,True,757.9215277777778,0.5922165820642978,2.148336153412296,7624,410745.0,173222.99934019012,11015.909999999356,4726.879999999355,5736.25,552.78,7.675893264896153,68667.69,1.491257755217146,0.754160363086233,0.4077625020662835,115064.15,0.6570783981951495,0.9888412017167382,0.0256387267770739,498.63913279138274,803.9299999999639,-5227.5,-1735.4099999997998,15072.550000000048,-22758.75,0.6043360433604336,0.4579945799457994,0.3089430894308943,0.2168021680216802,0.1490514905149051,0.2303523035230352,0.1382113821138211,-38903.2399999999,7.0,369.0,0.1298045129225287,0.379729403345128,0.5858154639205991,114128.4500000202,76209.0600000202,146527.48000002126,230497.93000002007,147313.00000001426,14,23970.870053846367,15333.153333335018,0.0077155576790369,0.0028785965760361,170957.54000001692,170135.04000001692,822.5,6,-64627.74999999988,109031.02000000002,2020-03-22,12,764.0333333333333,True,757.9215277777778,0.5690851735015773,2.1608832807570977,6856,410745.0,182320.98884359896,9929.95999999944,4250.719999999439,5178.75,500.49,7.819703038825434,330.0,14,95097.1600000022,94274.66000000216,822.5,6,-64376.51000000001,86402.97,2022-10-13,12,763.76875,True,757.9215277777778,0.4134179510426111,1.7633726201269266,3896,410745.0,209012.66804512969,5675.339999999762,2415.519999999762,2903.75,356.07000000000005,8.347833415741448,230.0,14,61103.36999999749,60280.86999999749,822.5,6,-77025.20999999999,79220.03000000003,2025-04-06,12,126.90625,True,48.16180555555555,0.8090909090909091,3.5393939393939395,2342,410745.0,238910.35767294175,3340.379999999932,1452.0399999999315,1786.25,102.09000000000002,7.540901063390073,69.0,14,79220.03000000003,"{""dataset"": ""2b4f41b124ab"", ""engine"": ""0.2.0"", ""exec"": ""EXEC-1.1"", ""roll"": ""ROLL-1.0""}",120.30079793930054
P4_C14_D_recprof3,"{""add_trigger"": ""armed"", ""core_cap"": 8, ""harvest"": ""rec_prof"", ""harvest_x"": 3.0, ""max_total"": 14, ""rec_activation"": ""always"", ""rec_anchor"": ""low60"", ""rec_cap"": 6, ""rec_spacing"": ""float"", ""rec_step"": 5.0, ""rec_tp"": 3.0, ""recovery"": {""h"": 8, ""layer_x"": 5.0, ""rec_step"": 10.0, ""rec_tp"": 2.0}, ""reversal"": ""ll_fail""}",{},ES-signal / MES-economics proxy backtest,171495.4500000239,171326.70000002396,168.75,3,-70933.3199999982,121386.02999999994,2020-03-22,12,749.09375,True,453.9604166666667,0.7016356457980824,2.679639029892837,9505,393945.0,185071.68128416373,13189.549999999152,5893.09999999915,6723.75,572.7,8.212975700505154,59445.11,2.050761421319797,1.0,0.2928028891547429,112456.14999999998,0.6288776085730401,0.9937219730941704,0.0242980939759778,464.7573170732356,766.3700000001118,-5628.881999999982,-1918.589999999851,15945.0,-22758.75,0.5989159891598916,0.4579945799457994,0.3197831978319783,0.2168021680216802,0.1598915989159891,0.2439024390243902,0.1490514905149051,-42034.47999999989,8.0,369.0,0.1392675432496702,0.391665259923751,0.6155415201976805,104326.64000002392,65932.8800000239,144123.00000002375,220529.140000022,136938.57000001782,14,20881.03706303134,14291.287500001994,0.0065520310775422,0.0025112286971642,156319.26000001968,156150.51000001965,168.75,3,-70933.3199999982,107311.08000000002,2020-03-22,12,749.09375,True,453.9604166666667,0.6788643533123029,2.698422712933754,8557,393945.0,194909.8667010125,11851.989999999254,5305.339999999253,6023.75,522.9000000000001,8.379068653089092,330.0,14,90001.29000000248,89832.54000000247,168.75,3,-70933.31999999998,79846.16000000003,2022-10-13,12,749.09375,True,453.9604166666667,0.5602901178603807,2.2964641885766093,5069,393945.0,227221.5477339641,7057.459999999634,3142.779999999634,3523.75,390.93000000000006,9.170802804872569,230.0,14,57873.209999996994,57704.45999999699,168.75,3,-72898.15999999997,83393.33000000005,2025-04-06,13,124.46319444444444,True,5.1875,0.9757575757575756,4.451515151515151,2941,393945.0,232988.0934693571,3964.289999999866,1823.419999999866,2046.25,94.62,7.3129523165370305,69.0,14,79846.16000000003,"{""dataset"": ""2b4f41b124ab"", ""engine"": ""0.2.0"", ""exec"": ""EXEC-1.1"", ""roll"": ""ROLL-1.0""}",125.82837796211244
P4_C14_E_allprof3,"{""add_trigger"": ""armed"", ""core_cap"": 8, ""harvest"": ""all_prof"", ""harvest_x"": 3.0, ""max_total"": 14, ""rec_activation"": ""always"", ""rec_anchor"": ""low60"", ""rec_cap"": 6, ""rec_spacing"": ""float"", ""rec_step"": 5.0, ""rec_tp"": 3.0, ""recovery"": {""h"": 8, ""layer_x"": 5.0, ""rec_step"": 10.0, ""rec_tp"": 2.0}, ""reversal"": ""ll_fail""}",{},ES-signal / MES-economics proxy backtest,122969.09000001696,122940.340000017,28.75,2,-70414.43000000107,118189.0599999996,2020-03-22,12,748.1333333333333,True,453.9604166666667,0.7050197405527355,3.578116187253243,12690,348026.25,147034.89873984718,19945.909999998803,7867.799999998802,11607.5,470.61,6.688255944592781,65421.4,2.053017484489566,1.0,0.3104636600256079,57990.78999999999,1.525098702763677,1.0,0.0031645658282925,333.2495663957099,499.659999999858,-4743.79399999961,-1323.6299999999756,15945.0,-20230.0,0.6205962059620597,0.3685636856368564,0.2520325203252032,0.1842818428184282,0.1327913279132791,0.2140921409214092,0.1192411924119241,-39951.84000000008,8.0,369.0,0.1726450118480755,0.4998208899487793,0.7991237472765429,61506.57000001695,24701.570000016945,101907.05000001624,172430.84000001807,100564.28000000864,14,18385.823003593807,10247.42416666808,0.0047326885468746,0.0022664657795652,112661.66000001202,112632.91000001204,28.75,2,-70414.4300000011,107881.63000000003,2020-03-22,12,748.1333333333333,True,453.9604166666667,0.6794952681388012,3.619558359621451,11476,348026.25,155809.27353422006,18039.58999999893,7115.119999998935,10481.25,443.22,6.90064703837445,330.0,14,64611.24999999313,64582.49999999312,28.75,2,-70380.16999999995,79865.01000000004,2022-10-13,12,747.7381944444444,True,453.9604166666667,0.557570262919311,3.0471441523118767,6724,348026.25,187233.30875511304,10604.999999999454,4168.8799999994535,6092.5,343.62000000000006,7.855079336539758,230.0,14,38778.20999999929,38749.45999999929,28.75,2,-64738.78999999995,88061.97000000006,2025-04-06,11,111.69236111111113,True,6.823611111111111,0.9545454545454546,5.806060606060606,3834,348026.25,162652.7632454064,5963.039999999769,2377.079999999769,3513.75,72.21000000000001,5.200135272235373,69.0,14,79865.01000000004,"{""dataset"": ""2b4f41b124ab"", ""engine"": ""0.2.0"", ""exec"": ""EXEC-1.1"", ""roll"": ""ROLL-1.0""}",112.59085988998412
P4_C14_E_allprof5,"{""add_trigger"": ""armed"", ""core_cap"": 8, ""harvest"": ""all_prof"", ""harvest_x"": 5.0, ""max_total"": 14, ""rec_activation"": ""always"", ""rec_anchor"": ""low60"", ""rec_cap"": 6, ""rec_spacing"": ""float"", ""rec_step"": 5.0, ""rec_tp"": 3.0, ""recovery"": {""h"": 8, ""layer_x"": 5.0, ""rec_step"": 10.0, ""rec_tp"": 2.0}, ""reversal"": ""ll_fail""}",{},ES-signal / MES-economics proxy backtest,137235.07000002335,137151.32000002332,83.75,3,-70866.36999999813,133877.71999999962,2020-03-22,12,749.4340277777778,True,453.9604166666667,0.6959954878736605,3.307952622673435,11733,348026.25,156837.36814834375,17979.92999999891,7274.459999998907,10200.0,505.4700000000001,7.019704640522693,65597.56999999999,2.0485053581500283,1.0,0.3087531974862785,72061.07999999999,1.2594472645234067,1.0,0.0035890295051285,371.91075880765135,578.5099999998056,-5341.607999999915,-1381.6399999998102,15945.0,-22758.75,0.6178861788617886,0.3929539295392953,0.2601626016260163,0.1897018970189702,0.1463414634146341,0.2195121951219512,0.1246612466124661,-32714.910000000036,8.0,369.0,0.1740353249354989,0.4789047726648068,0.7481143850473685,71512.54000002332,34567.54000002332,110390.04000002355,187566.27000002144,110522.31000001584,14,19549.977816417744,11436.25583333528,0.0052480571363773,0.0023713147140793,125959.37000001548,125875.62000001546,83.75,3,-70866.37000000104,122602.02000000003,2020-03-22,12,749.4340277777778,True,453.9604166666667,0.6694006309148265,3.347634069400631,10615,348026.25,166209.54240082242,16286.879999999028,6581.299999999029,9227.5,478.08,7.233317465338349,330.0,14,68547.84999999465,68464.09999999465,83.75,3,-70853.32999999999,79412.45000000001,2022-10-13,12,749.0381944444445,True,453.9604166666667,0.5457842248413418,2.786038077969175,6149,348026.25,200674.36864521055,9487.149999999518,3812.379999999516,5306.25,368.5200000000001,8.296114082797681,230.0,14,41768.57999999926,41684.82999999927,83.75,3,-65307.05999999997,87855.46000000005,2025-04-06,11,122.71736111111112,True,6.823611111111111,0.9484848484848484,5.342424242424243,3529,348026.25,179803.1276255965,5342.669999999802,2187.979999999802,3077.5,77.19,5.708270394168264,69.0,14,79412.45000000001,"{""dataset"": ""2b4f41b124ab"", ""engine"": ""0.2.0"", ""exec"": ""EXEC-1.1"", ""roll"": ""ROLL-1.0""}",113.6074047088623
P4_C14_F_partial3,"{""add_trigger"": ""armed"", ""core_cap"": 8, ""harvest"": ""partial_high"", ""harvest_x"": 3.0, ""max_total"": 14, ""rec_activation"": ""always"", ""rec_anchor"": ""low60"", ""rec_cap"": 6, ""rec_spacing"": ""float"", ""rec_step"": 5.0, ""rec_tp"": 3.0, ""recovery"": {""h"": 8, ""layer_x"": 5.0, ""rec_step"": 10.0, ""rec_tp"": 2.0}, ""reversal"": ""ll_fail""}",{},ES-signal / MES-economics proxy backtest,171592.90000002395,171424.15000002395,168.75,3,-70933.3199999982,121397.24999999994,2020-03-22,12,749.09375,True,453.9604166666667,0.7016356457980824,2.676818950930626,9495,393945.0,185087.14811891143,13065.84999999915,5886.899999999151,6606.25,572.7,8.213935296606252,59542.56,2.047941342357586,1.0,0.2928168978569487,112456.14999999998,0.6288776085730401,0.9937219730941704,0.0242980939759778,465.021409214157,766.3700000001118,-5628.881999999982,-1918.589999999851,15945.0,-22758.75,0.5989159891598916,0.4579945799457994,0.3197831978319783,0.2168021680216802,0.1598915989159891,0.2439024390243902,0.1490514905149051,-42034.47999999992,8.0,369.0,0.1391884512704002,0.3914428277626328,0.6151919455874068,104424.09000002388,66030.33000002388,144201.70000002376,220626.59000002203,137019.77000001783,14,20890.461612343224,14299.408333335328,0.0065557541817324,0.0025124456989061,156412.99000001966,156244.24000001966,168.75,3,-70933.3199999982,107313.58000000002,2020-03-22,12,749.09375,True,453.9604166666667,0.6788643533123029,2.697160883280757,8553,393945.0,194914.162146376,11764.509999999254,5302.859999999254,5938.75,522.9000000000001,8.379264393158806,330.0,14,90043.79000000248,89875.04000000247,168.75,3,-70933.31999999998,79846.16000000003,2022-10-13,12,749.09375,True,453.9604166666667,0.5602901178603807,2.2964641885766093,5069,393945.0,227221.9877820605,7029.959999999634,3142.779999999634,3496.25,390.93000000000006,9.170818537330875,230.0,14,57894.459999996994,57725.70999999699,168.75,3,-72898.15999999997,83397.08000000005,2025-04-06,13,124.46319444444444,True,5.1875,0.9757575757575756,4.451515151515151,2941,393945.0,232988.5942584451,3950.539999999866,1823.419999999866,2032.5,94.62,7.312967346785405,69.0,14,79846.16000000003,"{""dataset"": ""2b4f41b124ab"", ""engine"": ""0.2.0"", ""exec"": ""EXEC-1.1"", ""roll"": ""ROLL-1.0""}",128.55547308921814
P5_C32_all_15k,"{""acct_dd"": {""mode"": ""all"", ""thr"": 15000.0}, ""add_trigger"": ""armed"", ""core_cap"": 16, ""max_total"": 32, ""rec_activation"": ""always"", ""rec_anchor"": ""low60"", ""rec_cap"": 16, ""rec_spacing"": ""float"", ""rec_step"": 5.0, ""rec_tp"": 3.0, ""recovery"": {""h"": 16, ""layer_x"": 5.0, ""rec_step"": 10.0, ""rec_tp"": 2.0}, ""reversal"": ""ll_fail""}",{},ES-signal / MES-economics proxy backtest,280606.1000000338,279619.8500000338,986.25,7,-89094.61999999947,102366.40000000002,2020-03-22,18,758.95,True,624.0520833333334,0.6130851663846588,2.954314720812183,10483,592240.0,248700.05408409704,14687.649999999045,6499.459999999043,7426.25,761.9400000000002,10.972280980945364,58985.97,1.8877608573040048,1.0,0.0,221400.16,1.0665538635081782,0.9513484928609202,0.0005337315540413,760.4501355014467,1168.2400000000198,-7490.0,-2588.959999999613,19938.75,-32873.75,0.6124661246612466,0.5230352303523035,0.4173441734417344,0.3116531165311653,0.2520325203252032,0.2737127371273712,0.1924119241192411,-67285.95999999999,8.0,369.0,0.1229436922433113,0.3352341592003476,0.5185806367002802,186537.3500000338,135089.21000003378,245180.87000003524,343570.4200000331,210849.38000002445,32,25574.0898804304,15589.227777779655,0.0085353092644814,0.0030576999200985,257494.8900000288,256508.6400000288,986.25,7,-89094.61999999947,79306.41,2020-03-22,18,758.95,True,624.0520833333334,0.5703470031545741,2.9274447949526814,9287,592240.0,261980.7502110078,13036.359999999171,5757.939999999174,6573.75,704.6700000000001,11.18656064340544,330.0,32,160419.44000000902,159433.190000009,986.25,7,-89094.62000000002,61684.85999999999,2022-10-13,18,758.95,True,624.0520833333334,0.456029011786038,2.5385312783318223,5607,592240.0,302690.669576235,7971.809999999576,3476.3399999995754,3990.0,505.47000000000014,12.032231312087022,230.0,32,104106.79000000296,103120.54000000296,986.25,7,-107147.1,50046.360000000015,2025-04-06,19,126.10763888888889,True,99.05694444444444,0.7212121212121212,4.712121212121212,3117,592240.0,337339.76976477663,4338.209999999847,1932.539999999847,2261.25,144.42000000000002,10.635298538308346,69.0,32,50046.360000000015,"{""dataset"": ""2b4f41b124ab"", ""engine"": ""0.2.0"", ""exec"": ""EXEC-1.1"", ""roll"": ""ROLL-1.0""}",150.3789460659027
P5_C32_core_15k,"{""acct_dd"": {""mode"": ""core"", ""thr"": 15000.0}, ""add_trigger"": ""armed"", ""core_cap"": 16, ""max_total"": 32, ""rec_activation"": ""always"", ""rec_anchor"": ""low60"", ""rec_cap"": 16, ""rec_spacing"": ""float"", ""rec_step"": 5.0, ""rec_tp"": 3.0, ""recovery"": {""h"": 16, ""layer_x"": 5.0, ""rec_step"": 10.0, ""rec_tp"": 2.0}, ""reversal"": ""ll_fail""}",{},ES-signal / MES-economics proxy backtest,306464.84000005067,305478.59000005067,986.25,7,-122339.25999999464,102681.76000000013,2020-03-22,27,708.1444444444444,True,5.764583333333333,0.9655950366610264,4.053017484489565,14379,592240.0,282606.3974888701,19758.90999999968,8914.97999999968,9955.0,888.9300000000001,12.62320513502988,84352.94000000002,2.985899605188945,1.0,0.0017006564477853,222018.92,1.0671178793006204,0.9513742071881608,0.0005337315540413,830.5280216803541,1223.460000000312,-8748.87199999988,-2709.879999999888,26631.340000000084,-39087.29999999981,0.6151761517615176,0.5230352303523035,0.4200542005420054,0.3252032520325203,0.2682926829268293,0.2737127371273712,0.2086720867208672,-66970.59999999989,8.0,369.0,0.138313223794263,0.3854544292910747,0.6148755269934686,188336.6100000506,118027.11000005048,266926.3400000526,385593.61000004393,232239.1600000388,32,24277.894300362663,11350.549629631509,0.0067887285053088,0.0029388153596666,282721.1100000465,281734.8600000465,986.25,7,-122339.25999999464,79621.77000000002,2020-03-22,27,708.1444444444444,True,5.764583333333333,0.96403785488959,4.155205047318612,13179,592240.0,299942.5045098512,18102.639999998748,8170.979999998749,9100.0,831.6600000000001,13.035875239977326,330.0,32,182147.39000001652,181161.1400000165,986.25,7,-122339.2599999999,28440.22000000012,2022-10-13,27,708.1444444444444,True,5.764583333333333,0.9601087941976428,4.119673617407072,9095,592240.0,356915.5196346698,12520.109999999197,5638.899999999195,6248.75,632.4600000000002,14.668602508203351,230.0,32,109401.12000000384,108414.87000000382,986.25,7,-119136.84999999998,38056.61000000005,2025-04-06,21,124.80833333333334,True,5.1875,0.9757575757575756,5.63939393939394,3729,618318.75,345187.59971630404,5122.62999999978,2311.9799999997804,2661.25,149.40000000000003,10.91806260098448,69.0,32,28440.22000000012,"{""dataset"": ""2b4f41b124ab"", ""engine"": ""0.2.0"", ""exec"": ""EXEC-1.1"", ""roll"": ""ROLL-1.0""}",157.93458580970764
P5_C32_core_harvest_15k,"{""acct_dd"": {""mode"": ""core_harvest"", ""thr"": 15000.0}, ""add_trigger"": ""armed"", ""core_cap"": 16, ""max_total"": 32, ""rec_activation"": ""always"", ""rec_anchor"": ""low60"", ""rec_cap"": 16, ""rec_spacing"": ""float"", ""rec_step"": 5.0, ""rec_tp"": 3.0, ""recovery"": {""h"": 16, ""layer_x"": 5.0, ""rec_step"": 10.0, ""rec_tp"": 2.0}, ""reversal"": ""ll_fail""}",{},ES-signal / MES-economics proxy backtest,306464.84000005067,305478.59000005067,986.25,7,-122339.25999999464,102681.76000000013,2020-03-22,27,708.1444444444444,True,5.764583333333333,0.9655950366610264,4.053017484489565,14379,592240.0,282606.3974888701,19758.90999999968,8914.97999999968,9955.0,888.9300000000001,12.62320513502988,84352.94000000002,2.985899605188945,1.0,0.0017006564477853,222018.92,1.0671178793006204,0.9513742071881608,0.0005337315540413,830.5280216803541,1223.460000000312,-8748.87199999988,-2709.879999999888,26631.340000000084,-39087.29999999981,0.6151761517615176,0.5230352303523035,0.4200542005420054,0.3252032520325203,0.2682926829268293,0.2737127371273712,0.2086720867208672,-66970.59999999989,8.0,369.0,0.138313223794263,0.3854544292910747,0.6148755269934686,188336.6100000506,118027.11000005048,266926.3400000526,385593.61000004393,232239.1600000388,32,24277.894300362663,11350.549629631509,0.0067887285053088,0.0029388153596666,282721.1100000465,281734.8600000465,986.25,7,-122339.25999999464,79621.77000000002,2020-03-22,27,708.1444444444444,True,5.764583333333333,0.96403785488959,4.155205047318612,13179,592240.0,299942.5045098512,18102.639999998748,8170.979999998749,9100.0,831.6600000000001,13.035875239977326,330.0,32,182147.39000001652,181161.1400000165,986.25,7,-122339.2599999999,28440.22000000012,2022-10-13,27,708.1444444444444,True,5.764583333333333,0.9601087941976428,4.119673617407072,9095,592240.0,356915.5196346698,12520.109999999197,5638.899999999195,6248.75,632.4600000000002,14.668602508203351,230.0,32,109401.12000000384,108414.87000000382,986.25,7,-119136.84999999998,38056.61000000005,2025-04-06,21,124.80833333333334,True,5.1875,0.9757575757575756,5.63939393939394,3729,618318.75,345187.59971630404,5122.62999999978,2311.9799999997804,2661.25,149.40000000000003,10.91806260098448,69.0,32,28440.22000000012,"{""dataset"": ""2b4f41b124ab"", ""engine"": ""0.2.0"", ""exec"": ""EXEC-1.1"", ""roll"": ""ROLL-1.0""}",158.81384801864624
P5_C32_progressive_15k,"{""acct_dd"": {""mode"": ""progressive"", ""thr"": 15000.0}, ""add_trigger"": ""armed"", ""core_cap"": 16, ""max_total"": 32, ""rec_activation"": ""always"", ""rec_anchor"": ""low60"", ""rec_cap"": 16, ""rec_spacing"": ""float"", ""rec_step"": 5.0, ""rec_tp"": 3.0, ""recovery"": {""h"": 16, ""layer_x"": 5.0, ""rec_step"": 10.0, ""rec_tp"": 2.0}, ""reversal"": ""ll_fail""}",{},ES-signal / MES-economics proxy backtest,297982.9700000496,296996.7200000496,986.25,7,-122339.25999999464,107702.26000000013,2020-03-22,27,708.1444444444444,True,5.764583333333333,0.9655950366610264,3.942470389170897,13987,590917.5,285737.1325534922,19244.52999999937,8671.939999999366,9661.25,911.34,12.710428918444135,86305.47,2.987591652566272,1.0,0.0017006564477853,211606.93,0.954878736604625,0.949793266391022,0.0,807.5419241193757,1168.2399999999907,-8831.47199999995,-2883.409999999684,26631.340000000084,-39087.29999999981,0.6205962059620597,0.5176151761517616,0.4146341463414634,0.3197831978319783,0.2682926829268293,0.2737127371273712,0.2113821138211382,-62527.5499999999,8.0,369.0,0.1422502098022345,0.3927745602373874,0.6348315811469653,180942.84000004956,108813.97000004942,256087.04000005155,377042.9900000428,227303.9700000381,32,23443.97438607644,11036.406296298132,0.0066008403526342,0.0028261707426779,273859.3200000453,272873.0700000453,986.25,7,-122339.25999999464,84558.57,2020-03-22,27,708.1444444444444,True,5.764583333333333,0.9646687697160884,4.036593059936909,12803,590917.5,303598.2363389091,17600.67999999879,7937.85999999879,8808.75,854.0700000000002,13.143890874128171,330.0,32,171190.97000001557,170204.72000001557,986.25,7,-122339.2599999999,28440.22000000012,2022-10-13,27,708.1444444444444,True,5.764583333333333,0.9592021758839528,3.984587488667271,8797,590917.5,361312.9270491527,12116.529999999228,5454.139999999227,6012.5,649.8900000000002,14.801496831033395,230.0,32,98732.6200000026,97746.3700000026,986.25,7,-112656.23999999996,44302.21000000005,2025-04-06,20,124.80763888888887,True,5.1875,0.9727272727272728,5.324242424242424,3521,590917.5,350802.4563371285,4816.129999999803,2183.019999999803,2473.75,159.36,11.043512569045204,69.0,32,28440.22000000012,"{""dataset"": ""2b4f41b124ab"", ""engine"": ""0.2.0"", ""exec"": ""EXEC-1.1"", ""roll"": ""ROLL-1.0""}",156.25239205360413
P5_C32_all_30k,"{""acct_dd"": {""mode"": ""all"", ""thr"": 30000.0}, ""add_trigger"": ""armed"", ""core_cap"": 16, ""max_total"": 32, ""rec_activation"": ""always"", ""rec_anchor"": ""low60"", ""rec_cap"": 16, ""rec_spacing"": ""float"", ""rec_step"": 5.0, ""rec_tp"": 3.0, ""recovery"": {""h"": 16, ""layer_x"": 5.0, ""rec_step"": 10.0, ""rec_tp"": 2.0}, ""reversal"": ""ll_fail""}",{},ES-signal / MES-economics proxy backtest,289005.92000003863,288019.67000003863,986.25,7,-107875.81999999832,102462.76000000008,2020-03-22,19,754.9708333333333,True,448.04027777777776,0.7134799774393683,3.2820078962210943,11645,592240.0,267172.6729216689,16235.329999998918,7219.899999998916,8188.75,826.6800000000002,11.857758439542645,66831.76999999999,2.214890016920474,1.0,0.0,222018.92,1.0671178793006204,0.9513742071881608,0.0005337315540413,783.2138753388581,1207.640000000043,-8297.399999999907,-2636.639999999781,23917.5,-37931.25,0.6124661246612466,0.5230352303523035,0.4173441734417344,0.3197831978319783,0.2601626016260163,0.2764227642276423,0.2059620596205962,-67189.59999999995,8.0,369.0,0.1377350678491107,0.3726437506885174,0.5710784055910618,181309.67000003863,123960.8800000386,251758.54000004017,364136.40000003687,217430.5200000282,32,24372.72790414388,15210.837894738876,0.0072603283603208,0.0029314894625038,265297.23000003374,264310.98000003374,986.25,7,-107875.81999999836,79402.77000000002,2020-03-22,19,754.9708333333333,True,448.04027777777776,0.6832807570977918,3.2952681388012617,10453,592240.0,282691.47669636173,14589.019999999047,6480.859999999047,7338.75,769.4100000000001,12.180318884062372,330.0,32,166979.5900000133,165993.3400000133,986.25,7,-107875.81999999998,42903.66000000003,2022-10-13,19,754.9708333333333,True,448.04027777777776,0.5929283771532184,2.981867633726201,6585,592240.0,332312.9519036274,9286.65999999947,4082.6999999994687,4633.75,570.2100000000002,13.45183395514002,230.0,32,106229.46000000332,105243.21000000332,986.25,7,-106989.41999999998,50204.04000000004,2025-04-06,21,125.73263888888889,True,68.07986111111111,0.8363636363636363,5.13939393939394,3399,618318.75,338482.2338518769,4700.539999999816,2107.3799999998164,2446.25,146.91000000000005,10.673475369180476,69.0,32,42903.66000000003,"{""dataset"": ""2b4f41b124ab"", ""engine"": ""0.2.0"", ""exec"": ""EXEC-1.1"", ""roll"": ""ROLL-1.0""}",152.55859851837158
P5_C32_core_30k,"{""acct_dd"": {""mode"": ""core"", ""thr"": 30000.0}, ""add_trigger"": ""armed"", ""core_cap"": 16, ""max_total"": 32, ""rec_activation"": ""always"", ""rec_anchor"": ""low60"", ""rec_cap"": 16, ""rec_spacing"": ""float"", ""rec_step"": 5.0, ""rec_tp"": 3.0, ""recovery"": {""h"": 16, ""layer_x"": 5.0, ""rec_step"": 10.0, ""rec_tp"": 2.0}, ""reversal"": ""ll_fail""}",{},ES-signal / MES-economics proxy backtest,306464.84000005067,305478.59000005067,986.25,7,-122339.25999999464,102681.76000000013,2020-03-22,27,708.1444444444444,True,5.764583333333333,0.9655950366610264,4.053017484489565,14379,592240.0,282606.3974888701,19758.90999999968,8914.97999999968,9955.0,888.9300000000001,12.62320513502988,84352.94000000002,2.985899605188945,1.0,0.0017006564477853,222018.92,1.0671178793006204,0.9513742071881608,0.0005337315540413,830.5280216803541,1223.460000000312,-8748.87199999988,-2709.879999999888,26631.340000000084,-39087.29999999981,0.6151761517615176,0.5230352303523035,0.4200542005420054,0.3252032520325203,0.2682926829268293,0.2737127371273712,0.2086720867208672,-66970.59999999989,8.0,369.0,0.138313223794263,0.3854544292910747,0.6148755269934686,188336.6100000506,118027.11000005048,266926.3400000526,385593.61000004393,232239.1600000388,32,24277.894300362663,11350.549629631509,0.0067887285053088,0.0029388153596666,282721.1100000465,281734.8600000465,986.25,7,-122339.25999999464,79621.77000000002,2020-03-22,27,708.1444444444444,True,5.764583333333333,0.96403785488959,4.155205047318612,13179,592240.0,299942.5045098512,18102.639999998748,8170.979999998749,9100.0,831.6600000000001,13.035875239977326,330.0,32,182147.39000001652,181161.1400000165,986.25,7,-122339.2599999999,28440.22000000012,2022-10-13,27,708.1444444444444,True,5.764583333333333,0.9601087941976428,4.119673617407072,9095,592240.0,356915.5196346698,12520.109999999197,5638.899999999195,6248.75,632.4600000000002,14.668602508203351,230.0,32,109401.12000000384,108414.87000000382,986.25,7,-119136.84999999998,38056.61000000005,2025-04-06,21,124.80833333333334,True,5.1875,0.9757575757575756,5.63939393939394,3729,618318.75,345187.59971630404,5122.62999999978,2311.9799999997804,2661.25,149.40000000000003,10.91806260098448,69.0,32,28440.22000000012,"{""dataset"": ""2b4f41b124ab"", ""engine"": ""0.2.0"", ""exec"": ""EXEC-1.1"", ""roll"": ""ROLL-1.0""}",159.39834070205688
P5_C32_core_harvest_30k,"{""acct_dd"": {""mode"": ""core_harvest"", ""thr"": 30000.0}, ""add_trigger"": ""armed"", ""core_cap"": 16, ""max_total"": 32, ""rec_activation"": ""always"", ""rec_anchor"": ""low60"", ""rec_cap"": 16, ""rec_spacing"": ""float"", ""rec_step"": 5.0, ""rec_tp"": 3.0, ""recovery"": {""h"": 16, ""layer_x"": 5.0, ""rec_step"": 10.0, ""rec_tp"": 2.0}, ""reversal"": ""ll_fail""}",{},ES-signal / MES-economics proxy backtest,306464.84000005067,305478.59000005067,986.25,7,-122339.25999999464,102681.76000000013,2020-03-22,27,708.1444444444444,True,5.764583333333333,0.9655950366610264,4.053017484489565,14379,592240.0,282606.3974888701,19758.90999999968,8914.97999999968,9955.0,888.9300000000001,12.62320513502988,84352.94000000002,2.985899605188945,1.0,0.0017006564477853,222018.92,1.0671178793006204,0.9513742071881608,0.0005337315540413,830.5280216803541,1223.460000000312,-8748.87199999988,-2709.879999999888,26631.340000000084,-39087.29999999981,0.6151761517615176,0.5230352303523035,0.4200542005420054,0.3252032520325203,0.2682926829268293,0.2737127371273712,0.2086720867208672,-66970.59999999989,8.0,369.0,0.138313223794263,0.3854544292910747,0.6148755269934686,188336.6100000506,118027.11000005048,266926.3400000526,385593.61000004393,232239.1600000388,32,24277.894300362663,11350.549629631509,0.0067887285053088,0.0029388153596666,282721.1100000465,281734.8600000465,986.25,7,-122339.25999999464,79621.77000000002,2020-03-22,27,708.1444444444444,True,5.764583333333333,0.96403785488959,4.155205047318612,13179,592240.0,299942.5045098512,18102.639999998748,8170.979999998749,9100.0,831.6600000000001,13.035875239977326,330.0,32,182147.39000001652,181161.1400000165,986.25,7,-122339.2599999999,28440.22000000012,2022-10-13,27,708.1444444444444,True,5.764583333333333,0.9601087941976428,4.119673617407072,9095,592240.0,356915.5196346698,12520.109999999197,5638.899999999195,6248.75,632.4600000000002,14.668602508203351,230.0,32,109401.12000000384,108414.87000000382,986.25,7,-119136.84999999998,38056.61000000005,2025-04-06,21,124.80833333333334,True,5.1875,0.9757575757575756,5.63939393939394,3729,618318.75,345187.59971630404,5122.62999999978,2311.9799999997804,2661.25,149.40000000000003,10.91806260098448,69.0,32,28440.22000000012,"{""dataset"": ""2b4f41b124ab"", ""engine"": ""0.2.0"", ""exec"": ""EXEC-1.1"", ""roll"": ""ROLL-1.0""}",165.47589802742004
P5_C32_progressive_30k,"{""acct_dd"": {""mode"": ""progressive"", ""thr"": 30000.0}, ""add_trigger"": ""armed"", ""core_cap"": 16, ""max_total"": 32, ""rec_activation"": ""always"", ""rec_anchor"": ""low60"", ""rec_cap"": 16, ""rec_spacing"": ""float"", ""rec_step"": 5.0, ""rec_tp"": 3.0, ""recovery"": {""h"": 16, ""layer_x"": 5.0, ""rec_step"": 10.0, ""rec_tp"": 2.0}, ""reversal"": ""ll_fail""}",{},ES-signal / MES-economics proxy backtest,308917.0400000507,307930.7900000507,986.25,7,-122339.2599999946,91601.72000000006,2020-03-22,27,708.1444444444444,True,5.764583333333333,0.9655950366610264,4.033840947546532,14311,590620.0,284878.1130803455,19680.459999999624,8872.819999999625,9908.75,898.89,12.743205078995071,84556.61000000002,2.981387478849408,1.0,0.0017006564477853,224277.41,1.0524534686971234,0.9469453376205788,0.0,837.1735501356387,1234.0000000002328,-8396.603999999863,-2903.629999999888,26631.340000000084,-39087.29999999981,0.6178861788617886,0.5284552845528455,0.4200542005420054,0.3224932249322493,0.2655826558265582,0.2710027100271002,0.2113821138211382,-77035.63999999993,8.0,369.0,0.1372152860198099,0.3909892118608293,0.6185891526086384,188133.81000005055,117824.31000005046,271185.00000005204,387977.0600000439,231806.3000000387,32,24241.706704480963,11441.371851853728,0.0068430489945392,0.0029387078602964,285255.8700000457,284269.6200000457,986.25,7,-122339.25999999464,68729.23000000001,2020-03-22,27,708.1444444444444,True,5.764583333333333,0.9646687697160884,4.136277602523659,13119,590620.0,302552.746027651,18039.129999998757,8133.779999998756,9058.75,846.6,13.174758300161916,330.0,32,186716.1500000169,185729.9000000169,986.25,7,-122339.2599999999,28440.22000000012,2022-10-13,27,708.1444444444444,True,5.764583333333333,0.9601087941976428,4.121486854034451,9099,590620.0,358283.3168573291,12518.849999999193,5641.379999999194,6247.5,629.9700000000001,14.711340854946734,230.0,32,109900.96000000428,108914.71000000428,986.25,7,-119136.84999999998,38056.61000000005,2025-04-06,21,124.80833333333334,True,5.1875,0.9757575757575756,5.590909090909091,3697,618318.75,348077.7469469808,5072.789999999784,2292.139999999784,2631.25,149.40000000000003,11.000217938601436,69.0,32,28440.22000000012,"{""dataset"": ""2b4f41b124ab"", ""engine"": ""0.2.0"", ""exec"": ""EXEC-1.1"", ""roll"": ""ROLL-1.0""}",167.32125067710876
P5_C32_all_45k,"{""acct_dd"": {""mode"": ""all"", ""thr"": 45000.0}, ""add_trigger"": ""armed"", ""core_cap"": 16, ""max_total"": 32, ""rec_activation"": ""always"", ""rec_anchor"": ""low60"", ""rec_cap"": 16, ""rec_spacing"": ""float"", ""rec_step"": 5.0, ""rec_tp"": 3.0, ""recovery"": {""h"": 16, ""layer_x"": 5.0, ""rec_step"": 10.0, ""rec_tp"": 2.0}, ""reversal"": ""ll_fail""}",{},ES-signal / MES-economics proxy backtest,296059.0100000423,295072.7600000423,986.25,7,-118764.2999999976,102524.08000000007,2020-03-22,23,747.7527777777777,True,297.87291666666664,0.7901861252115059,3.518894529046813,12485,592240.0,276246.54463627806,17344.739999998827,7740.699999998825,8742.5,861.5400000000002,12.30422558493336,73919.72000000002,2.451776649746193,1.0,0.0,222018.92,1.0671178793006204,0.9513742071881608,0.0005337315540413,802.3279403795185,1223.460000000312,-8839.975999999975,-2709.879999999888,23917.5,-37475.52999999991,0.6124661246612466,0.5230352303523035,0.4200542005420054,0.3252032520325203,0.2628726287262872,0.2737127371273712,0.2086720867208672,-67128.27999999994,8.0,369.0,0.1344537698751148,0.3741146064089863,0.5912547299268988,185299.01000004236,121012.72000004227,256993.4000000441,377116.69000003976,222464.05000003116,32,24061.57201494821,12872.130869567058,0.0067556322933704,0.0029043908637333,272315.28000003804,271329.03000003804,986.25,7,-118764.29999999756,79464.09000000003,2020-03-22,23,747.7527777777777,True,297.87291666666664,0.7678233438485804,3.557728706624605,11285,592240.0,292833.33466697566,15688.469999998955,6996.699999998956,7887.5,804.2700000000001,12.67931356306432,330.0,32,172214.45000001555,171228.20000001555,986.25,7,-118764.29999999996,32015.18000000005,2022-10-13,23,747.7527777777777,True,297.87291666666664,0.6935630099728014,3.2964641885766093,7279,592240.0,346713.6640024498,10204.299999999392,4512.979999999393,5086.25,605.0700000000002,14.156976221513013,230.0,32,107831.28000000364,106845.03000000364,986.25,7,-116356.49,40836.97000000003,2025-04-06,21,125.18680555555557,True,36.052083333333336,0.896969696969697,5.3090909090909095,3511,618318.75,344409.6936553564,4847.469999999804,2176.819999999804,2521.25,149.40000000000003,10.888776162026078,69.0,32,32015.18000000005,"{""dataset"": ""2b4f41b124ab"", ""engine"": ""0.2.0"", ""exec"": ""EXEC-1.1"", ""roll"": ""ROLL-1.0""}",156.42833256721497
P5_C32_core_45k,"{""acct_dd"": {""mode"": ""core"", ""thr"": 45000.0}, ""add_trigger"": ""armed"", ""core_cap"": 16, ""max_total"": 32, ""rec_activation"": ""always"", ""rec_anchor"": ""low60"", ""rec_cap"": 16, ""rec_spacing"": ""float"", ""rec_step"": 5.0, ""rec_tp"": 3.0, ""recovery"": {""h"": 16, ""layer_x"": 5.0, ""rec_step"": 10.0, ""rec_tp"": 2.0}, ""reversal"": ""ll_fail""}",{},ES-signal / MES-economics proxy backtest,306464.84000005067,305478.59000005067,986.25,7,-122339.25999999464,102681.76000000013,2020-03-22,27,708.1444444444444,True,5.764583333333333,0.9655950366610264,4.053017484489565,14379,592240.0,282606.3974888701,19758.90999999968,8914.97999999968,9955.0,888.9300000000001,12.62320513502988,84352.94000000002,2.985899605188945,1.0,0.0017006564477853,222018.92,1.0671178793006204,0.9513742071881608,0.0005337315540413,830.5280216803541,1223.460000000312,-8748.87199999988,-2709.879999999888,26631.340000000084,-39087.29999999981,0.6151761517615176,0.5230352303523035,0.4200542005420054,0.3252032520325203,0.2682926829268293,0.2737127371273712,0.2086720867208672,-66970.59999999989,8.0,369.0,0.138313223794263,0.3854544292910747,0.6148755269934686,188336.6100000506,118027.11000005048,266926.3400000526,385593.61000004393,232239.1600000388,32,24277.894300362663,11350.549629631509,0.0067887285053088,0.0029388153596666,282721.1100000465,281734.8600000465,986.25,7,-122339.25999999464,79621.77000000002,2020-03-22,27,708.1444444444444,True,5.764583333333333,0.96403785488959,4.155205047318612,13179,592240.0,299942.5045098512,18102.639999998748,8170.979999998749,9100.0,831.6600000000001,13.035875239977326,330.0,32,182147.39000001652,181161.1400000165,986.25,7,-122339.2599999999,28440.22000000012,2022-10-13,27,708.1444444444444,True,5.764583333333333,0.9601087941976428,4.119673617407072,9095,592240.0,356915.5196346698,12520.109999999197,5638.899999999195,6248.75,632.4600000000002,14.668602508203351,230.0,32,109401.12000000384,108414.87000000382,986.25,7,-119136.84999999998,38056.61000000005,2025-04-06,21,124.80833333333334,True,5.1875,0.9757575757575756,5.63939393939394,3729,618318.75,345187.59971630404,5122.62999999978,2311.9799999997804,2661.25,149.40000000000003,10.91806260098448,69.0,32,28440.22000000012,"{""dataset"": ""2b4f41b124ab"", ""engine"": ""0.2.0"", ""exec"": ""EXEC-1.1"", ""roll"": ""ROLL-1.0""}",155.6097674369812
P5_C32_core_harvest_45k,"{""acct_dd"": {""mode"": ""core_harvest"", ""thr"": 45000.0}, ""add_trigger"": ""armed"", ""core_cap"": 16, ""max_total"": 32, ""rec_activation"": ""always"", ""rec_anchor"": ""low60"", ""rec_cap"": 16, ""rec_spacing"": ""float"", ""rec_step"": 5.0, ""rec_tp"": 3.0, ""recovery"": {""h"": 16, ""layer_x"": 5.0, ""rec_step"": 10.0, ""rec_tp"": 2.0}, ""reversal"": ""ll_fail""}",{},ES-signal / MES-economics proxy backtest,306464.84000005067,305478.59000005067,986.25,7,-122339.25999999464,102681.76000000013,2020-03-22,27,708.1444444444444,True,5.764583333333333,0.9655950366610264,4.053017484489565,14379,592240.0,282606.3974888701,19758.90999999968,8914.97999999968,9955.0,888.9300000000001,12.62320513502988,84352.94000000002,2.985899605188945,1.0,0.0017006564477853,222018.92,1.0671178793006204,0.9513742071881608,0.0005337315540413,830.5280216803541,1223.460000000312,-8748.87199999988,-2709.879999999888,26631.340000000084,-39087.29999999981,0.6151761517615176,0.5230352303523035,0.4200542005420054,0.3252032520325203,0.2682926829268293,0.2737127371273712,0.2086720867208672,-66970.59999999989,8.0,369.0,0.138313223794263,0.3854544292910747,0.6148755269934686,188336.6100000506,118027.11000005048,266926.3400000526,385593.61000004393,232239.1600000388,32,24277.894300362663,11350.549629631509,0.0067887285053088,0.0029388153596666,282721.1100000465,281734.8600000465,986.25,7,-122339.25999999464,79621.77000000002,2020-03-22,27,708.1444444444444,True,5.764583333333333,0.96403785488959,4.155205047318612,13179,592240.0,299942.5045098512,18102.639999998748,8170.979999998749,9100.0,831.6600000000001,13.035875239977326,330.0,32,182147.39000001652,181161.1400000165,986.25,7,-122339.2599999999,28440.22000000012,2022-10-13,27,708.1444444444444,True,5.764583333333333,0.9601087941976428,4.119673617407072,9095,592240.0,356915.5196346698,12520.109999999197,5638.899999999195,6248.75,632.4600000000002,14.668602508203351,230.0,32,109401.12000000384,108414.87000000382,986.25,7,-119136.84999999998,38056.61000000005,2025-04-06,21,124.80833333333334,True,5.1875,0.9757575757575756,5.63939393939394,3729,618318.75,345187.59971630404,5122.62999999978,2311.9799999997804,2661.25,149.40000000000003,10.91806260098448,69.0,32,28440.22000000012,"{""dataset"": ""2b4f41b124ab"", ""engine"": ""0.2.0"", ""exec"": ""EXEC-1.1"", ""roll"": ""ROLL-1.0""}",157.52226638793945
P5_C32_progressive_45k,"{""acct_dd"": {""mode"": ""progressive"", ""thr"": 45000.0}, ""add_trigger"": ""armed"", ""core_cap"": 16, ""max_total"": 32, ""rec_activation"": ""always"", ""rec_anchor"": ""low60"", ""rec_cap"": 16, ""rec_spacing"": ""float"", ""rec_step"": 5.0, ""rec_tp"": 3.0, ""recovery"": {""h"": 16, ""layer_x"": 5.0, ""rec_step"": 10.0, ""rec_tp"": 2.0}, ""reversal"": ""ll_fail""}",{},ES-signal / MES-economics proxy backtest,313850.23000005103,312863.98000005103,986.25,7,-122339.25999999464,102681.76000000013,2020-03-22,27,708.1444444444444,True,5.764583333333333,0.9655950366610264,4.075578116187253,14459,590620.0,282597.01103150274,19858.519999999746,8964.579999999743,10007.5,886.44,12.621884114411872,84822.93000000002,2.9853355893965032,1.0,0.0017006564477853,228931.83,1.09024252679075,0.9508535954474908,0.0,850.5426287264255,1234.0000000002328,-8748.87199999988,-2728.6399999998976,26631.340000000084,-39087.29999999981,0.6151761517615176,0.5257452574525745,0.4227642276422764,0.3252032520325203,0.2655826558265582,0.2737127371273712,0.2086720867208672,-66970.59999999989,8.0,369.0,0.13505849589466,0.376384079756707,0.6004065378571478,195722.00000005096,125412.50000005084,274339.2400000529,392979.0000000443,238660.8300000392,32,24865.561048979343,11624.082592594485,0.0069523277215054,0.0030097368178873,290106.5000000469,289120.2500000469,986.25,7,-122339.25999999464,79621.77000000002,2020-03-22,27,708.1444444444444,True,5.764583333333333,0.96403785488959,4.1804416403785485,13259,590620.0,299932.01214136503,18202.249999998785,8220.579999998783,9152.5,829.1700000000001,13.034398576891396,330.0,32,189560.2900000178,188574.0400000178,986.25,7,-122339.2599999999,28440.22000000012,2022-10-13,27,708.1444444444444,True,5.764583333333333,0.9601087941976428,4.156844968268359,9177,590620.0,356877.57525171933,12622.209999999186,5689.739999999186,6302.5,629.9700000000001,14.66502449768508,230.0,32,109647.29000000413,108661.0400000041,986.25,7,-119136.84999999998,38056.61000000005,2025-04-06,21,124.80833333333334,True,5.1875,0.9757575757575756,5.615151515151515,3713,618318.75,346610.08482696424,5100.209999999782,2302.059999999782,2648.75,149.40000000000003,10.960372750159696,69.0,32,28440.22000000012,"{""dataset"": ""2b4f41b124ab"", ""engine"": ""0.2.0"", ""exec"": ""EXEC-1.1"", ""roll"": ""ROLL-1.0""}",157.65445852279663
P5_C32_eqcap7500,"{""add_trigger"": ""armed"", ""core_cap"": 16, ""eq_cap_Q"": 7500.0, ""max_total"": 32, ""rec_activation"": ""always"", ""rec_anchor"": ""low60"", ""rec_cap"": 16, ""rec_spacing"": ""float"", ""rec_step"": 5.0, ""rec_tp"": 3.0, ""recovery"": {""h"": 16, ""layer_x"": 5.0, ""rec_step"": 10.0, ""rec_tp"": 2.0}, ""reversal"": ""ll_fail""}",{},ES-signal / MES-economics proxy backtest,305334.00000004994,304347.75000004994,986.25,7,-122762.79999999504,102681.76000000013,2020-03-22,27,712.7777777777778,True,17.930555555555557,0.9543147208121828,4.006204173716864,14213,592240.0,282533.4888497735,19547.249999999545,8812.059999999547,9848.75,886.44,12.619316319297548,83219.61,2.9390862944162435,1.0,0.0002213374948518,222018.92,1.0671178793006204,0.9513742071881608,0.0005337315540413,827.4634146342817,1223.460000000312,-8748.87199999988,-2709.879999999888,26622.580000000075,-39087.29999999981,0.6151761517615176,0.5230352303523035,0.4200542005420054,0.3252032520325203,0.2682926829268293,0.2737127371273712,0.2086720867208672,-66970.59999999989,8.0,369.0,0.1388254829137701,0.3860447575441345,0.6156337977426994,187461.4100000499,117360.0700000498,265795.5000000518,385473.4600000439,231108.320000038,32,24195.76403938231,11308.666666668516,0.006740343285053,0.0029287268493479,278340.0200000435,277353.7700000435,986.25,7,-123104.43999999536,79464.09000000003,2020-03-22,25,720.96875,True,58.855555555555554,0.8958990536277602,3.9299684542586752,12465,592240.0,299490.07698652684,17197.479999998828,7728.299999998827,8642.5,826.6800000000001,13.012585303522382,330.0,32,169028.02000001422,168041.77000001425,986.25,7,-103294.27,47485.21000000002,2022-10-13,18,754.9826388888889,True,453.9604166666667,0.6255666364460563,3.069809610154125,6779,592240.0,327535.0801400189,9520.729999999448,4202.979999999448,4757.5,560.2500000000002,13.207837011731918,230.0,32,106344.41000000328,105358.16000000328,986.25,7,-111861.25,45332.21000000002,2025-04-06,19,125.7298611111111,True,48.172916666666666,0.8484848484848485,5.124242424242424,3389,592240.0,340902.5723142825,4689.339999999817,2101.179999999817,2441.25,146.91000000000005,10.762221470709804,69.0,32,45332.21000000002,"{""dataset"": ""2b4f41b124ab"", ""engine"": ""0.2.0"", ""exec"": ""EXEC-1.1"", ""roll"": ""ROLL-1.0""}",154.33403754234314
P5_C32_eqcap10000,"{""add_trigger"": ""armed"", ""core_cap"": 16, ""eq_cap_Q"": 10000.0, ""max_total"": 32, ""rec_activation"": ""always"", ""rec_anchor"": ""low60"", ""rec_cap"": 16, ""rec_spacing"": ""float"", ""rec_step"": 5.0, ""rec_tp"": 3.0, ""recovery"": {""h"": 16, ""layer_x"": 5.0, ""rec_step"": 10.0, ""rec_tp"": 2.0}, ""reversal"": ""ll_fail""}",{},ES-signal / MES-economics proxy backtest,297131.2200000448,296144.9700000448,986.25,7,-120492.08999999613,101364.91000000016,2020-03-22,23,744.9263888888889,True,280.2236111111111,0.8110547095318669,3.569091934574168,12663,592240.0,279589.4511915802,17568.779999998806,7851.059999998805,8838.75,878.97,12.479653760916282,73860.64000000001,2.5036661026508744,1.0,0.0,223167.64,1.065425831923294,0.9507676019057704,0.0005337315540413,805.2336585367068,1224.459999999992,-8748.87199999988,-2714.369999999996,24942.5,-39087.29999999981,0.6151761517615176,0.5230352303523035,0.4200542005420054,0.3252032520325203,0.2682926829268293,0.2791327913279133,0.2086720867208672,-67189.59999999995,8.0,369.0,0.1426579812111081,0.3900385156429629,0.6154944606627757,181238.60000004468,114248.60000004468,258888.55000004623,378262.9300000408,222905.54000003287,32,23809.25189852613,12918.748695654122,0.0066828756853394,0.0028800573666312,269499.7500000377,268513.5000000377,986.25,7,-114328.04999999696,73523.16,2020-03-22,21,747.6493055555555,True,298.10625,0.7331230283911672,3.444794952681388,10927,592240.0,292574.3873942612,15205.249999998994,6774.739999998995,7623.75,806.7600000000001,12.689642375063029,330.0,32,167030.1300000121,166043.88000001214,986.25,7,-100932.54999999958,61003.130000000005,2022-10-13,18,763.7659722222222,True,751.1138888888889,0.5086128739800544,2.71078875793291,5987,592240.0,304797.80738414166,8483.619999999533,3711.939999999534,4256.25,515.4300000000002,12.106515485233963,230.0,32,106979.12000000346,105992.87000000346,986.25,7,-100859.18000000002,57778.12,2025-04-06,17,126.13263888888888,True,126.02638888888887,0.7181818181818181,4.663636363636364,3085,592240.0,330566.5570773682,4274.629999999851,1912.6999999998504,2220.0,141.93,10.397241949423217,69.0,32,57778.12,"{""dataset"": ""2b4f41b124ab"", ""engine"": ""0.2.0"", ""exec"": ""EXEC-1.1"", ""roll"": ""ROLL-1.0""}",126.61138439178468
P5_C32_eqcap12500,"{""add_trigger"": ""armed"", ""core_cap"": 16, ""eq_cap_Q"": 12500.0, ""max_total"": 32, ""rec_activation"": ""always"", ""rec_anchor"": ""low60"", ""rec_cap"": 16, ""rec_spacing"": ""float"", ""rec_step"": 5.0, ""rec_tp"": 3.0, ""recovery"": {""h"": 16, ""layer_x"": 5.0, ""rec_step"": 10.0, ""rec_tp"": 2.0}, ""reversal"": ""ll_fail""}",{},ES-signal / MES-economics proxy backtest,290718.7300000422,289732.4800000422,986.25,7,-107316.53999999784,97658.83000000002,2020-03-22,19,749.4277777777778,True,419.2659722222222,0.6756909193457417,3.1539763113367174,11191,592240.0,268610.66111968755,15648.769999998964,6938.419999998966,7863.75,846.6000000000001,11.904756234572917,63565.91,2.095882684715172,1.0,0.0,227017.51,1.0580936266215455,0.945628997867804,0.0005337315540413,787.8556368564829,1138.7699999999895,-8464.35600000005,-2636.639999999781,24273.290000000157,-39087.29999999981,0.6124661246612466,0.5149051490514905,0.4173441734417344,0.3170731707317073,0.2628726287262872,0.2764227642276423,0.2005420054200542,-67377.97,8.0,369.0,0.1458046407948805,0.3845903564589178,0.5818559058784262,178911.11000004207,121562.32000004203,251250.65000004275,365289.9300000399,216493.0500000303,32,24420.38495133216,15300.985789475904,0.0073414185442104,0.0029330765710205,266584.9700000355,265598.7200000355,986.25,7,-107823.25999999828,89197.48000000001,2020-03-22,18,754.9652777777778,True,453.92291666666665,0.649211356466877,3.1526813880126183,10001,592240.0,282619.018332232,14020.029999999097,6200.619999999096,7050.0,769.4100000000001,12.131950729875571,330.0,32,155543.41000001,154557.16000001,986.25,7,-100859.05000000008,79749.89000000001,2022-10-13,17,763.7736111111111,True,757.9354166666667,0.3436083408884859,2.00543970988214,4431,592240.0,279535.4133900076,6430.339999999704,2747.219999999704,3215.0,468.12000000000006,10.84570054389356,230.0,32,103810.52000000312,102824.27000000312,986.25,7,-81214.85999999999,75926.00000000003,2025-04-06,17,128.42083333333332,True,125.97152777777778,0.6848484848484848,4.348484848484849,2877,592240.0,309851.0763818435,3984.479999999873,1783.7399999998731,2073.75,126.99,9.66940217187089,69.0,32,75926.00000000003,"{""dataset"": ""2b4f41b124ab"", ""engine"": ""0.2.0"", ""exec"": ""EXEC-1.1"", ""roll"": ""ROLL-1.0""}",115.78609228134157
P5_C14_all_15k,"{""acct_dd"": {""mode"": ""all"", ""thr"": 15000.0}, ""add_trigger"": ""armed"", ""core_cap"": 8, ""max_total"": 14, ""rec_activation"": ""always"", ""rec_anchor"": ""low60"", ""rec_cap"": 6, ""rec_spacing"": ""float"", ""rec_step"": 5.0, ""rec_tp"": 3.0, ""recovery"": {""h"": 8, ""layer_x"": 5.0, ""rec_step"": 10.0, ""rec_tp"": 2.0}, ""reversal"": ""ll_fail""}",{},ES-signal / MES-economics proxy backtest,165332.5100000208,165163.7600000208,168.75,3,-71746.61999999895,121134.4499999999,2020-03-22,12,758.0409722222222,True,462.0527777777778,0.6209813874788495,2.4450084602368864,8673,390238.75,183057.7842628341,12004.98999999924,5377.259999999241,6062.5,565.23,8.118401551043508,53274.7,1.8161308516638464,1.0,0.2592422412802833,112456.14999999998,0.6288776085730401,0.9937219730941704,0.0242980939759778,448.0555826558829,766.3700000001118,-5397.951999999956,-1860.0,15945.0,-22758.75,0.5962059620596206,0.4579945799457994,0.3143631436314363,0.2168021680216802,0.1598915989159891,0.2411924119241192,0.1463414634146341,-42297.27999999997,8.0,369.0,0.1444588847045085,0.4059470820348131,0.6379341243896118,98216.2600000208,59861.26000002079,140695.27000002045,215179.5000000196,130759.38000001467,14,20365.155500194443,13777.7091666684,0.0062449712983815,0.0024476182996543,150278.9600000152,150110.2100000152,168.75,3,-71746.6200000006,107059.54,2020-03-22,12,758.0409722222222,True,462.0527777777778,0.5905362776025237,2.444794952681388,7753,390238.75,192658.22443987025,10732.289999999342,4806.859999999341,5410.0,515.4300000000001,8.273303246779685,330.0,14,86537.36000000141,86368.61000000141,168.75,3,-71746.62,79032.86000000002,2022-10-13,12,758.0409722222222,True,462.0527777777778,0.4786944696282865,2.056210335448776,4539,390238.75,224151.09651863173,6346.389999999692,2814.179999999692,3148.75,383.46,9.030581651458624,230.0,14,54077.4699999977,53908.719999997695,168.75,3,-60768.25,95526.99000000002,2025-04-06,13,127.43819444444443,True,68.92430555555555,0.803030303030303,3.851515151515152,2545,390238.75,226200.65176793296,3445.0299999999097,1577.8999999999094,1775.0,92.13,7.065862548378612,69.0,14,79032.86000000002,"{""dataset"": ""2b4f41b124ab"", ""engine"": ""0.2.0"", ""exec"": ""EXEC-1.1"", ""roll"": ""ROLL-1.0""}",119.4271605014801
P5_C14_core_15k,"{""acct_dd"": {""mode"": ""core"", ""thr"": 15000.0}, ""add_trigger"": ""armed"", ""core_cap"": 8, ""max_total"": 14, ""rec_activation"": ""always"", ""rec_anchor"": ""low60"", ""rec_cap"": 6, ""rec_spacing"": ""float"", ""rec_step"": 5.0, ""rec_tp"": 3.0, ""recovery"": {""h"": 8, ""layer_x"": 5.0, ""rec_step"": 10.0, ""rec_tp"": 2.0}, ""reversal"": ""ll_fail""}",{},ES-signal / MES-economics proxy backtest,171592.90000002395,171424.15000002395,168.75,3,-70933.3199999982,121397.24999999994,2020-03-22,12,749.09375,True,453.9604166666667,0.7016356457980824,2.676818950930626,9495,393945.0,185087.14811891143,13065.84999999915,5886.899999999151,6606.25,572.7,8.213935296606252,59542.56,2.047941342357586,1.0,0.2928168978569487,112456.14999999998,0.6288776085730401,0.9937219730941704,0.0242980939759778,465.021409214157,766.3700000001118,-5628.881999999982,-1918.589999999851,15945.0,-22758.75,0.5989159891598916,0.4579945799457994,0.3197831978319783,0.2168021680216802,0.1598915989159891,0.2439024390243902,0.1490514905149051,-42034.47999999992,8.0,369.0,0.1391884512704002,0.3914428277626328,0.6151919455874068,104424.09000002388,66030.33000002388,144201.70000002376,220626.59000002203,137019.77000001783,14,20890.461612343224,14299.408333335328,0.0065557541817324,0.0025124456989061,156412.99000001966,156244.24000001966,168.75,3,-70933.3199999982,107313.58000000002,2020-03-22,12,749.09375,True,453.9604166666667,0.6788643533123029,2.697160883280757,8553,393945.0,194914.162146376,11764.509999999254,5302.859999999254,5938.75,522.9000000000001,8.379264393158806,330.0,14,90043.79000000248,89875.04000000247,168.75,3,-70933.31999999998,79846.16000000003,2022-10-13,12,749.09375,True,453.9604166666667,0.5602901178603807,2.2964641885766093,5069,393945.0,227221.9877820605,7029.959999999634,3142.779999999634,3496.25,390.93000000000006,9.170818537330875,230.0,14,57894.459999996994,57725.70999999699,168.75,3,-72898.15999999997,83397.08000000005,2025-04-06,13,124.46319444444444,True,5.1875,0.9757575757575756,4.451515151515151,2941,393945.0,232988.5942584451,3950.539999999866,1823.419999999866,2032.5,94.62,7.312967346785405,69.0,14,79846.16000000003,"{""dataset"": ""2b4f41b124ab"", ""engine"": ""0.2.0"", ""exec"": ""EXEC-1.1"", ""roll"": ""ROLL-1.0""}",124.57022976875304
P5_C14_core_harvest_15k,"{""acct_dd"": {""mode"": ""core_harvest"", ""thr"": 15000.0}, ""add_trigger"": ""armed"", ""core_cap"": 8, ""max_total"": 14, ""rec_activation"": ""always"", ""rec_anchor"": ""low60"", ""rec_cap"": 6, ""rec_spacing"": ""float"", ""rec_step"": 5.0, ""rec_tp"": 3.0, ""recovery"": {""h"": 8, ""layer_x"": 5.0, ""rec_step"": 10.0, ""rec_tp"": 2.0}, ""reversal"": ""ll_fail""}",{},ES-signal / MES-economics proxy backtest,171592.90000002395,171424.15000002395,168.75,3,-70933.3199999982,121397.24999999994,2020-03-22,12,749.09375,True,453.9604166666667,0.7016356457980824,2.676818950930626,9495,393945.0,185087.14811891143,13065.84999999915,5886.899999999151,6606.25,572.7,8.213935296606252,59542.56,2.047941342357586,1.0,0.2928168978569487,112456.14999999998,0.6288776085730401,0.9937219730941704,0.0242980939759778,465.021409214157,766.3700000001118,-5628.881999999982,-1918.589999999851,15945.0,-22758.75,0.5989159891598916,0.4579945799457994,0.3197831978319783,0.2168021680216802,0.1598915989159891,0.2439024390243902,0.1490514905149051,-42034.47999999992,8.0,369.0,0.1391884512704002,0.3914428277626328,0.6151919455874068,104424.09000002388,66030.33000002388,144201.70000002376,220626.59000002203,137019.77000001783,14,20890.461612343224,14299.408333335328,0.0065557541817324,0.0025124456989061,156412.99000001966,156244.24000001966,168.75,3,-70933.3199999982,107313.58000000002,2020-03-22,12,749.09375,True,453.9604166666667,0.6788643533123029,2.697160883280757,8553,393945.0,194914.162146376,11764.509999999254,5302.859999999254,5938.75,522.9000000000001,8.379264393158806,330.0,14,90043.79000000248,89875.04000000247,168.75,3,-70933.31999999998,79846.16000000003,2022-10-13,12,749.09375,True,453.9604166666667,0.5602901178603807,2.2964641885766093,5069,393945.0,227221.9877820605,7029.959999999634,3142.779999999634,3496.25,390.93000000000006,9.170818537330875,230.0,14,57894.459999996994,57725.70999999699,168.75,3,-72898.15999999997,83397.08000000005,2025-04-06,13,124.46319444444444,True,5.1875,0.9757575757575756,4.451515151515151,2941,393945.0,232988.5942584451,3950.539999999866,1823.419999999866,2032.5,94.62,7.312967346785405,69.0,14,79846.16000000003,"{""dataset"": ""2b4f41b124ab"", ""engine"": ""0.2.0"", ""exec"": ""EXEC-1.1"", ""roll"": ""ROLL-1.0""}",125.57264041900636
P5_C14_progressive_15k,"{""acct_dd"": {""mode"": ""progressive"", ""thr"": 15000.0}, ""add_trigger"": ""armed"", ""core_cap"": 8, ""max_total"": 14, ""rec_activation"": ""always"", ""rec_anchor"": ""low60"", ""rec_cap"": 6, ""rec_spacing"": ""float"", ""rec_step"": 5.0, ""rec_tp"": 3.0, ""recovery"": {""h"": 8, ""layer_x"": 5.0, ""rec_step"": 10.0, ""rec_tp"": 2.0}, ""reversal"": ""ll_fail""}",{},ES-signal / MES-economics proxy backtest,171892.42000002356,171723.6700000236,168.75,3,-70933.3199999982,121397.24999999994,2020-03-22,12,749.09375,True,453.9604166666667,0.7010716300056402,2.649746192893401,9399,393945.0,184426.86651597967,12958.82999999916,5827.379999999162,6558.75,572.7,8.192804570199007,60178.78999999999,2.0468133107727016,1.0,0.2928168978569487,112119.44,0.6029328821206994,0.9934518241347052,0.0069132945385673,465.8331165312292,781.5000000002328,-5592.863999999897,-1860.0,15945.0,-22758.75,0.5989159891598916,0.4579945799457994,0.3197831978319783,0.2140921409214092,0.1598915989159891,0.2439024390243902,0.1490514905149051,-42034.47999999992,8.0,369.0,0.1389459174523037,0.3907607444236974,0.6141199827193404,104723.6100000235,66329.85000002349,144578.73000002335,220926.11000002164,136909.40000001754,14,20980.90080474704,14324.368333335296,0.0065671974261354,0.0025258419520502,156712.51000001928,156543.76000001928,168.75,3,-70933.3199999982,107313.58000000002,2020-03-22,12,749.09375,True,453.9604166666667,0.6782334384858044,2.6668769716088327,8457,393945.0,194176.08625560207,11657.489999999263,5243.339999999264,5891.25,522.9000000000001,8.355644047466184,330.0,14,90442.13000000225,90273.38000000225,168.75,3,-70933.31999999998,79846.16000000003,2022-10-13,12,749.09375,True,453.9604166666667,0.5593834995466909,2.259292837715322,4987,393945.0,226092.6389147975,6939.119999999643,3091.939999999643,3456.25,390.93000000000006,9.133469681305344,230.0,14,57877.95999999705,57709.209999997045,168.75,3,-72898.16,83238.31000000003,2025-04-06,13,124.46319444444444,True,5.1875,0.9727272727272728,4.375757575757576,2891,393945.0,231234.00284635328,3895.789999999872,1792.4199999998716,2008.75,94.62,7.2618645023109,69.0,14,79846.16000000003,"{""dataset"": ""2b4f41b124ab"", ""engine"": ""0.2.0"", ""exec"": ""EXEC-1.1"", ""roll"": ""ROLL-1.0""}",123.5127739906311
P5_C14_all_30k,"{""acct_dd"": {""mode"": ""all"", ""thr"": 30000.0}, ""add_trigger"": ""armed"", ""core_cap"": 8, ""max_total"": 14, ""rec_activation"": ""always"", ""rec_anchor"": ""low60"", ""rec_cap"": 6, ""rec_spacing"": ""float"", ""rec_step"": 5.0, ""rec_tp"": 3.0, ""recovery"": {""h"": 8, ""layer_x"": 5.0, ""rec_step"": 10.0, ""rec_tp"": 2.0}, ""reversal"": ""ll_fail""}",{},ES-signal / MES-economics proxy backtest,171120.01000002376,170951.26000002376,168.75,3,-70933.3199999982,121239.56999999988,2020-03-22,12,749.09375,True,453.9604166666667,0.6920473773265652,2.654822335025381,9417,393945.0,185086.14448645496,12967.48999999916,5838.53999999916,6556.25,572.7,8.213854046133457,59069.67,2.0259447264523405,1.0,0.2928168978569487,112456.14999999998,0.6288776085730401,0.9937219730941704,0.0242980939759778,463.7398644987094,766.3700000001118,-5628.881999999982,-1918.589999999851,15945.0,-22758.75,0.5989159891598916,0.4579945799457994,0.3197831978319783,0.2168021680216802,0.1598915989159891,0.2439024390243902,0.1490514905149051,-42192.15999999997,8.0,369.0,0.1395730984354003,0.3924221953936931,0.6167896437125348,103968.72000002372,65574.96000002371,144201.70000002364,220153.70000002184,136546.88000001758,14,20833.09601545401,14260.000833335313,0.006537687288551,0.002505535278102,155957.62000001944,155788.87000001947,168.75,3,-70933.3199999982,107155.90000000002,2020-03-22,12,749.09375,True,453.9604166666667,0.6694006309148265,2.673817034700316,8479,393945.0,194913.10426525443,11671.12999999926,5256.979999999262,5891.25,522.9000000000001,8.379178267528133,330.0,14,90043.79000000248,89875.04000000247,168.75,3,-70933.31999999998,79846.16000000003,2022-10-13,12,749.09375,True,453.9604166666667,0.5602901178603807,2.2964641885766093,5069,393945.0,227221.9877820605,7029.959999999634,3142.779999999634,3496.25,390.93000000000006,9.170818537330875,230.0,14,57254.97999999696,57086.22999999694,168.75,3,-69995.15999999997,86300.08000000005,2025-04-06,13,124.98125,True,28.90972222222222,0.9181818181818182,4.230303030303031,2795,393945.0,232423.62450682,3768.769999999882,1732.899999999882,1941.25,94.62,7.291241122759554,69.0,14,79846.16000000003,"{""dataset"": ""2b4f41b124ab"", ""engine"": ""0.2.0"", ""exec"": ""EXEC-1.1"", ""roll"": ""ROLL-1.0""}",121.40493535995483
P5_C14_core_30k,"{""acct_dd"": {""mode"": ""core"", ""thr"": 30000.0}, ""add_trigger"": ""armed"", ""core_cap"": 8, ""max_total"": 14, ""rec_activation"": ""always"", ""rec_anchor"": ""low60"", ""rec_cap"": 6, ""rec_spacing"": ""float"", ""rec_step"": 5.0, ""rec_tp"": 3.0, ""recovery"": {""h"": 8, ""layer_x"": 5.0, ""rec_step"": 10.0, ""rec_tp"": 2.0}, ""reversal"": ""ll_fail""}",{},ES-signal / MES-economics proxy backtest,171592.90000002395,171424.15000002395,168.75,3,-70933.3199999982,121397.24999999994,2020-03-22,12,749.09375,True,453.9604166666667,0.7016356457980824,2.676818950930626,9495,393945.0,185087.14811891143,13065.84999999915,5886.899999999151,6606.25,572.7,8.213935296606252,59542.56,2.047941342357586,1.0,0.2928168978569487,112456.14999999998,0.6288776085730401,0.9937219730941704,0.0242980939759778,465.021409214157,766.3700000001118,-5628.881999999982,-1918.589999999851,15945.0,-22758.75,0.5989159891598916,0.4579945799457994,0.3197831978319783,0.2168021680216802,0.1598915989159891,0.2439024390243902,0.1490514905149051,-42034.47999999992,8.0,369.0,0.1391884512704002,0.3914428277626328,0.6151919455874068,104424.09000002388,66030.33000002388,144201.70000002376,220626.59000002203,137019.77000001783,14,20890.461612343224,14299.408333335328,0.0065557541817324,0.0025124456989061,156412.99000001966,156244.24000001966,168.75,3,-70933.3199999982,107313.58000000002,2020-03-22,12,749.09375,True,453.9604166666667,0.6788643533123029,2.697160883280757,8553,393945.0,194914.162146376,11764.509999999254,5302.859999999254,5938.75,522.9000000000001,8.379264393158806,330.0,14,90043.79000000248,89875.04000000247,168.75,3,-70933.31999999998,79846.16000000003,2022-10-13,12,749.09375,True,453.9604166666667,0.5602901178603807,2.2964641885766093,5069,393945.0,227221.9877820605,7029.959999999634,3142.779999999634,3496.25,390.93000000000006,9.170818537330875,230.0,14,57894.459999996994,57725.70999999699,168.75,3,-72898.15999999997,83397.08000000005,2025-04-06,13,124.46319444444444,True,5.1875,0.9757575757575756,4.451515151515151,2941,393945.0,232988.5942584451,3950.539999999866,1823.419999999866,2032.5,94.62,7.312967346785405,69.0,14,79846.16000000003,"{""dataset"": ""2b4f41b124ab"", ""engine"": ""0.2.0"", ""exec"": ""EXEC-1.1"", ""roll"": ""ROLL-1.0""}",122.16432213783264
P5_C14_core_harvest_30k,"{""acct_dd"": {""mode"": ""core_harvest"", ""thr"": 30000.0}, ""add_trigger"": ""armed"", ""core_cap"": 8, ""max_total"": 14, ""rec_activation"": ""always"", ""rec_anchor"": ""low60"", ""rec_cap"": 6, ""rec_spacing"": ""float"", ""rec_step"": 5.0, ""rec_tp"": 3.0, ""recovery"": {""h"": 8, ""layer_x"": 5.0, ""rec_step"": 10.0, ""rec_tp"": 2.0}, ""reversal"": ""ll_fail""}",{},ES-signal / MES-economics proxy backtest,171592.90000002395,171424.15000002395,168.75,3,-70933.3199999982,121397.24999999994,2020-03-22,12,749.09375,True,453.9604166666667,0.7016356457980824,2.676818950930626,9495,393945.0,185087.14811891143,13065.84999999915,5886.899999999151,6606.25,572.7,8.213935296606252,59542.56,2.047941342357586,1.0,0.2928168978569487,112456.14999999998,0.6288776085730401,0.9937219730941704,0.0242980939759778,465.021409214157,766.3700000001118,-5628.881999999982,-1918.589999999851,15945.0,-22758.75,0.5989159891598916,0.4579945799457994,0.3197831978319783,0.2168021680216802,0.1598915989159891,0.2439024390243902,0.1490514905149051,-42034.47999999992,8.0,369.0,0.1391884512704002,0.3914428277626328,0.6151919455874068,104424.09000002388,66030.33000002388,144201.70000002376,220626.59000002203,137019.77000001783,14,20890.461612343224,14299.408333335328,0.0065557541817324,0.0025124456989061,156412.99000001966,156244.24000001966,168.75,3,-70933.3199999982,107313.58000000002,2020-03-22,12,749.09375,True,453.9604166666667,0.6788643533123029,2.697160883280757,8553,393945.0,194914.162146376,11764.509999999254,5302.859999999254,5938.75,522.9000000000001,8.379264393158806,330.0,14,90043.79000000248,89875.04000000247,168.75,3,-70933.31999999998,79846.16000000003,2022-10-13,12,749.09375,True,453.9604166666667,0.5602901178603807,2.2964641885766093,5069,393945.0,227221.9877820605,7029.959999999634,3142.779999999634,3496.25,390.93000000000006,9.170818537330875,230.0,14,57894.459999996994,57725.70999999699,168.75,3,-72898.15999999997,83397.08000000005,2025-04-06,13,124.46319444444444,True,5.1875,0.9757575757575756,4.451515151515151,2941,393945.0,232988.5942584451,3950.539999999866,1823.419999999866,2032.5,94.62,7.312967346785405,69.0,14,79846.16000000003,"{""dataset"": ""2b4f41b124ab"", ""engine"": ""0.2.0"", ""exec"": ""EXEC-1.1"", ""roll"": ""ROLL-1.0""}",121.07813334465028
P5_C14_progressive_30k,"{""acct_dd"": {""mode"": ""progressive"", ""thr"": 30000.0}, ""add_trigger"": ""armed"", ""core_cap"": 8, ""max_total"": 14, ""rec_activation"": ""always"", ""rec_anchor"": ""low60"", ""rec_cap"": 6, ""rec_spacing"": ""float"", ""rec_step"": 5.0, ""rec_tp"": 3.0, ""recovery"": {""h"": 8, ""layer_x"": 5.0, ""rec_step"": 10.0, ""rec_tp"": 2.0}, ""reversal"": ""ll_fail""}",{},ES-signal / MES-economics proxy backtest,171285.26000002387,171116.51000002385,168.75,3,-70933.3199999982,121397.24999999994,2020-03-22,12,749.09375,True,453.9604166666667,0.7010716300056402,2.6689227298364355,9467,393945.0,185136.2504868024,13032.239999999154,5869.539999999154,6590.0,572.7,8.215481857329774,59552.56,2.047941342357586,1.0,0.2928168978569487,112138.50999999998,0.6209813874788495,0.9936421435059036,0.0218675841432697,464.1876964770295,766.3700000001118,-5628.881999999982,-1918.589999999851,15945.0,-22758.75,0.5989159891598916,0.4579945799457994,0.3197831978319783,0.2168021680216802,0.1598915989159891,0.2439024390243902,0.1490514905149051,-42034.47999999992,8.0,369.0,0.1394384432145338,0.3921458857580079,0.6162968722468317,104116.45000002382,65722.69000002381,143894.0600000237,220318.950000022,136993.4200000178,14,20849.08261920204,14273.771666668656,0.0065440007104847,0.0025072761020949,156105.35000001953,155936.6000000195,168.75,3,-70933.3199999982,107313.58000000002,2020-03-22,12,749.09375,True,453.9604166666667,0.6782334384858044,2.688328075709779,8525,393945.0,194969.04974851315,11730.899999999256,5285.499999999257,5922.5,522.9000000000001,8.380993169454527,330.0,14,89677.42000000228,89508.67000000228,168.75,3,-70933.31999999998,79846.16000000003,2022-10-13,12,749.09375,True,453.9604166666667,0.5593834995466909,2.28558476881233,5045,393945.0,227295.95499393175,7000.079999999637,3127.8999999996367,3481.25,390.93000000000006,9.173052546410752,230.0,14,57475.60999999708,57306.85999999707,168.75,3,-72898.15999999997,83397.08000000005,2025-04-06,13,124.46319444444444,True,5.1875,0.9727272727272728,4.421212121212121,2921,393945.0,233195.7189249615,3924.389999999869,1811.0199999998683,2018.75,94.62,7.3190095066320975,69.0,14,79846.16000000003,"{""dataset"": ""2b4f41b124ab"", ""engine"": ""0.2.0"", ""exec"": ""EXEC-1.1"", ""roll"": ""ROLL-1.0""}",124.41950345039368
P5_C14_all_45k,"{""acct_dd"": {""mode"": ""all"", ""thr"": 45000.0}, ""add_trigger"": ""armed"", ""core_cap"": 8, ""max_total"": 14, ""rec_activation"": ""always"", ""rec_anchor"": ""low60"", ""rec_cap"": 6, ""rec_spacing"": ""float"", ""rec_step"": 5.0, ""rec_tp"": 3.0, ""recovery"": {""h"": 8, ""layer_x"": 5.0, ""rec_step"": 10.0, ""rec_tp"": 2.0}, ""reversal"": ""ll_fail""}",{},ES-signal / MES-economics proxy backtest,171584.14000002394,171415.39000002394,168.75,3,-70933.3199999982,121397.24999999994,2020-03-22,12,749.09375,True,453.9604166666667,0.7010716300056402,2.676254935138184,9493,393945.0,185087.14811891143,13063.359999999151,5885.659999999151,6605.0,572.7,8.213935296606252,59533.8,2.047377326565144,1.0,0.2928168978569487,112456.14999999998,0.6288776085730401,0.9937219730941704,0.0242980939759778,464.99766937675867,766.3700000001118,-5628.881999999982,-1918.589999999851,15945.0,-22758.75,0.5989159891598916,0.4579945799457994,0.3197831978319783,0.2168021680216802,0.1598915989159891,0.2439024390243902,0.1490514905149051,-42034.47999999992,8.0,369.0,0.1391955573516099,0.3914628123554466,0.6152233533937655,104415.33000002388,66021.57000002387,144201.70000002376,220617.830000022,137011.01000001782,14,20889.39513206505,14298.678333335329,0.0065554195035107,0.0025123174358816,156404.23000001966,156235.48000001966,168.75,3,-70933.3199999982,107313.58000000002,2020-03-22,12,749.09375,True,453.9604166666667,0.6782334384858044,2.6965299684542585,8551,393945.0,194914.162146376,11762.019999999253,5301.619999999254,5937.5,522.9000000000001,8.379264393158806,330.0,14,90043.79000000248,89875.04000000247,168.75,3,-70933.31999999998,79846.16000000003,2022-10-13,12,749.09375,True,453.9604166666667,0.5602901178603807,2.2964641885766093,5069,393945.0,227221.9877820605,7029.959999999634,3142.779999999634,3496.25,390.93000000000006,9.170818537330875,230.0,14,57640.419999996986,57471.66999999699,168.75,3,-72933.19999999998,83362.04000000004,2025-04-06,13,124.86319444444445,True,10.829166666666667,0.9545454545454546,4.363636363636363,2883,393945.0,232851.11279262012,3878.3299999998726,1787.4599999998725,1996.25,94.62,7.307669184233269,69.0,14,79846.16000000003,"{""dataset"": ""2b4f41b124ab"", ""engine"": ""0.2.0"", ""exec"": ""EXEC-1.1"", ""roll"": ""ROLL-1.0""}",121.27469182014464
P5_C14_core_45k,"{""acct_dd"": {""mode"": ""core"", ""thr"": 45000.0}, ""add_trigger"": ""armed"", ""core_cap"": 8, ""max_total"": 14, ""rec_activation"": ""always"", ""rec_anchor"": ""low60"", ""rec_cap"": 6, ""rec_spacing"": ""float"", ""rec_step"": 5.0, ""rec_tp"": 3.0, ""recovery"": {""h"": 8, ""layer_x"": 5.0, ""rec_step"": 10.0, ""rec_tp"": 2.0}, ""reversal"": ""ll_fail""}",{},ES-signal / MES-economics proxy backtest,171592.90000002395,171424.15000002395,168.75,3,-70933.3199999982,121397.24999999994,2020-03-22,12,749.09375,True,453.9604166666667,0.7016356457980824,2.676818950930626,9495,393945.0,185087.14811891143,13065.84999999915,5886.899999999151,6606.25,572.7,8.213935296606252,59542.56,2.047941342357586,1.0,0.2928168978569487,112456.14999999998,0.6288776085730401,0.9937219730941704,0.0242980939759778,465.021409214157,766.3700000001118,-5628.881999999982,-1918.589999999851,15945.0,-22758.75,0.5989159891598916,0.4579945799457994,0.3197831978319783,0.2168021680216802,0.1598915989159891,0.2439024390243902,0.1490514905149051,-42034.47999999992,8.0,369.0,0.1391884512704002,0.3914428277626328,0.6151919455874068,104424.09000002388,66030.33000002388,144201.70000002376,220626.59000002203,137019.77000001783,14,20890.461612343224,14299.408333335328,0.0065557541817324,0.0025124456989061,156412.99000001966,156244.24000001966,168.75,3,-70933.3199999982,107313.58000000002,2020-03-22,12,749.09375,True,453.9604166666667,0.6788643533123029,2.697160883280757,8553,393945.0,194914.162146376,11764.509999999254,5302.859999999254,5938.75,522.9000000000001,8.379264393158806,330.0,14,90043.79000000248,89875.04000000247,168.75,3,-70933.31999999998,79846.16000000003,2022-10-13,12,749.09375,True,453.9604166666667,0.5602901178603807,2.2964641885766093,5069,393945.0,227221.9877820605,7029.959999999634,3142.779999999634,3496.25,390.93000000000006,9.170818537330875,230.0,14,57894.459999996994,57725.70999999699,168.75,3,-72898.15999999997,83397.08000000005,2025-04-06,13,124.46319444444444,True,5.1875,0.9757575757575756,4.451515151515151,2941,393945.0,232988.5942584451,3950.539999999866,1823.419999999866,2032.5,94.62,7.312967346785405,69.0,14,79846.16000000003,"{""dataset"": ""2b4f41b124ab"", ""engine"": ""0.2.0"", ""exec"": ""EXEC-1.1"", ""roll"": ""ROLL-1.0""}",123.09271836280824
P5_C14_core_harvest_45k,"{""acct_dd"": {""mode"": ""core_harvest"", ""thr"": 45000.0}, ""add_trigger"": ""armed"", ""core_cap"": 8, ""max_total"": 14, ""rec_activation"": ""always"", ""rec_anchor"": ""low60"", ""rec_cap"": 6, ""rec_spacing"": ""float"", ""rec_step"": 5.0, ""rec_tp"": 3.0, ""recovery"": {""h"": 8, ""layer_x"": 5.0, ""rec_step"": 10.0, ""rec_tp"": 2.0}, ""reversal"": ""ll_fail""}",{},ES-signal / MES-economics proxy backtest,171592.90000002395,171424.15000002395,168.75,3,-70933.3199999982,121397.24999999994,2020-03-22,12,749.09375,True,453.9604166666667,0.7016356457980824,2.676818950930626,9495,393945.0,185087.14811891143,13065.84999999915,5886.899999999151,6606.25,572.7,8.213935296606252,59542.56,2.047941342357586,1.0,0.2928168978569487,112456.14999999998,0.6288776085730401,0.9937219730941704,0.0242980939759778,465.021409214157,766.3700000001118,-5628.881999999982,-1918.589999999851,15945.0,-22758.75,0.5989159891598916,0.4579945799457994,0.3197831978319783,0.2168021680216802,0.1598915989159891,0.2439024390243902,0.1490514905149051,-42034.47999999992,8.0,369.0,0.1391884512704002,0.3914428277626328,0.6151919455874068,104424.09000002388,66030.33000002388,144201.70000002376,220626.59000002203,137019.77000001783,14,20890.461612343224,14299.408333335328,0.0065557541817324,0.0025124456989061,156412.99000001966,156244.24000001966,168.75,3,-70933.3199999982,107313.58000000002,2020-03-22,12,749.09375,True,453.9604166666667,0.6788643533123029,2.697160883280757,8553,393945.0,194914.162146376,11764.509999999254,5302.859999999254,5938.75,522.9000000000001,8.379264393158806,330.0,14,90043.79000000248,89875.04000000247,168.75,3,-70933.31999999998,79846.16000000003,2022-10-13,12,749.09375,True,453.9604166666667,0.5602901178603807,2.2964641885766093,5069,393945.0,227221.9877820605,7029.959999999634,3142.779999999634,3496.25,390.93000000000006,9.170818537330875,230.0,14,57894.459999996994,57725.70999999699,168.75,3,-72898.15999999997,83397.08000000005,2025-04-06,13,124.46319444444444,True,5.1875,0.9757575757575756,4.451515151515151,2941,393945.0,232988.5942584451,3950.539999999866,1823.419999999866,2032.5,94.62,7.312967346785405,69.0,14,79846.16000000003,"{""dataset"": ""2b4f41b124ab"", ""engine"": ""0.2.0"", ""exec"": ""EXEC-1.1"", ""roll"": ""ROLL-1.0""}",119.491131067276
P5_C14_progressive_45k,"{""acct_dd"": {""mode"": ""progressive"", ""thr"": 45000.0}, ""add_trigger"": ""armed"", ""core_cap"": 8, ""max_total"": 14, ""rec_activation"": ""always"", ""rec_anchor"": ""low60"", ""rec_cap"": 6, ""rec_spacing"": ""float"", ""rec_step"": 5.0, ""rec_tp"": 3.0, ""recovery"": {""h"": 8, ""layer_x"": 5.0, ""rec_step"": 10.0, ""rec_tp"": 2.0}, ""reversal"": ""ll_fail""}",{},ES-signal / MES-economics proxy backtest,171350.32000002387,171181.57000002387,168.75,3,-70933.3199999982,121397.24999999994,2020-03-22,12,749.09375,True,453.9604166666667,0.7010716300056402,2.6723068245910886,9479,393945.0,185036.80882639292,13049.679999999153,5876.979999999153,6600.0,572.7,8.212502206370598,59547.56,2.047941342357586,1.0,0.2928168978569487,112208.56999999998,0.6243654822335025,0.993676603432701,0.0223074573925322,464.3640108401731,774.4799999999814,-5628.881999999982,-1918.589999999851,15945.0,-22758.75,0.5989159891598916,0.4579945799457994,0.3197831978319783,0.2168021680216802,0.1598915989159891,0.2439024390243902,0.1490514905149051,-42034.47999999992,8.0,369.0,0.1393854998344717,0.391996991893512,0.6160628704982013,104181.51000002382,65787.7500000238,143959.1200000237,220384.01000002195,137033.4900000178,14,20864.56912816463,14279.193333335324,0.0065464863457707,0.0025095764123118,156170.4100000196,156001.6600000196,168.75,3,-70933.3199999982,107313.58000000002,2020-03-22,12,749.09375,True,453.9604166666667,0.6782334384858044,2.692113564668769,8537,393945.0,194857.89188532135,11748.339999999256,5292.939999999256,5932.5,522.9000000000001,8.377662456428261,330.0,14,89801.21000000241,89632.4600000024,168.75,3,-70933.31999999998,79846.16000000003,2022-10-13,12,749.09375,True,453.9604166666667,0.5593834995466909,2.28921124206709,5053,393945.0,227141.2256540208,7013.789999999636,3132.859999999636,3490.0,390.93000000000006,9.16851935092372,230.0,14,57651.87999999704,57483.12999999703,168.75,3,-72898.15999999997,83397.08000000005,2025-04-06,13,124.46319444444444,True,5.1875,0.9727272727272728,4.427272727272728,2925,393945.0,232718.5435219629,3934.369999999868,1813.499999999868,2026.25,94.62,7.3052793747416676,69.0,14,79846.16000000003,"{""dataset"": ""2b4f41b124ab"", ""engine"": ""0.2.0"", ""exec"": ""EXEC-1.1"", ""roll"": ""ROLL-1.0""}",124.78611993789671
P5_C14_eqcap7500,"{""add_trigger"": ""armed"", ""core_cap"": 8, ""eq_cap_Q"": 7500.0, ""max_total"": 14, ""rec_activation"": ""always"", ""rec_anchor"": ""low60"", ""rec_cap"": 6, ""rec_spacing"": ""float"", ""rec_step"": 5.0, ""rec_tp"": 3.0, ""recovery"": {""h"": 8, ""layer_x"": 5.0, ""rec_step"": 10.0, ""rec_tp"": 2.0}, ""reversal"": ""ll_fail""}",{},ES-signal / MES-economics proxy backtest,171592.90000002395,171424.15000002395,168.75,3,-70933.3199999982,121397.24999999994,2020-03-22,12,749.09375,True,453.9604166666667,0.7016356457980824,2.676818950930626,9495,393945.0,185087.14811891143,13065.84999999915,5886.899999999151,6606.25,572.7,8.213935296606252,59542.56,2.047941342357586,1.0,0.2928168978569487,112456.14999999998,0.6288776085730401,0.9937219730941704,0.0242980939759778,465.021409214157,766.3700000001118,-5628.881999999982,-1918.589999999851,15945.0,-22758.75,0.5989159891598916,0.4579945799457994,0.3197831978319783,0.2168021680216802,0.1598915989159891,0.2439024390243902,0.1490514905149051,-42034.47999999992,8.0,369.0,0.1391884512704002,0.3914428277626328,0.6151919455874068,104424.09000002388,66030.33000002388,144201.70000002376,220626.59000002203,137019.77000001783,14,20890.461612343224,14299.408333335328,0.0065557541817324,0.0025124456989061,156412.99000001966,156244.24000001966,168.75,3,-70933.3199999982,107313.58000000002,2020-03-22,12,749.09375,True,453.9604166666667,0.6788643533123029,2.697160883280757,8553,393945.0,194914.162146376,11764.509999999254,5302.859999999254,5938.75,522.9000000000001,8.379264393158806,330.0,14,90043.79000000248,89875.04000000247,168.75,3,-70933.31999999998,79846.16000000003,2022-10-13,12,749.09375,True,453.9604166666667,0.5602901178603807,2.2964641885766093,5069,393945.0,227221.9877820605,7029.959999999634,3142.779999999634,3496.25,390.93000000000006,9.170818537330875,230.0,14,57833.13999999699,57664.38999999697,168.75,3,-72898.15999999997,83397.08000000005,2025-04-06,13,124.46319444444444,True,5.1875,0.9727272727272728,4.430303030303031,2927,393945.0,232988.5942584451,3933.109999999868,1814.739999999868,2023.75,94.62,7.312967346785405,69.0,14,79846.16000000003,"{""dataset"": ""2b4f41b124ab"", ""engine"": ""0.2.0"", ""exec"": ""EXEC-1.1"", ""roll"": ""ROLL-1.0""}",120.30256032943726
P5_C14_eqcap10000,"{""add_trigger"": ""armed"", ""core_cap"": 8, ""eq_cap_Q"": 10000.0, ""max_total"": 14, ""rec_activation"": ""always"", ""rec_anchor"": ""low60"", ""rec_cap"": 6, ""rec_spacing"": ""float"", ""rec_step"": 5.0, ""rec_tp"": 3.0, ""recovery"": {""h"": 8, ""layer_x"": 5.0, ""rec_step"": 10.0, ""rec_tp"": 2.0}, ""reversal"": ""ll_fail""}",{},ES-signal / MES-economics proxy backtest,171592.90000002395,171424.15000002395,168.75,3,-70933.3199999982,121397.24999999994,2020-03-22,12,749.09375,True,453.9604166666667,0.7016356457980824,2.676818950930626,9495,393945.0,185087.14811891143,13065.84999999915,5886.899999999151,6606.25,572.7,8.213935296606252,59542.56,2.047941342357586,1.0,0.2928168978569487,112456.14999999998,0.6288776085730401,0.9937219730941704,0.0242980939759778,465.021409214157,766.3700000001118,-5628.881999999982,-1918.589999999851,15945.0,-22758.75,0.5989159891598916,0.4579945799457994,0.3197831978319783,0.2168021680216802,0.1598915989159891,0.2439024390243902,0.1490514905149051,-42034.47999999992,8.0,369.0,0.1391884512704002,0.3914428277626328,0.6151919455874068,104424.09000002388,66030.33000002388,144201.70000002376,220626.59000002203,137019.77000001783,14,20890.461612343224,14299.408333335328,0.0065557541817324,0.0025124456989061,156412.99000001966,156244.24000001966,168.75,3,-70933.3199999982,107313.58000000002,2020-03-22,12,749.09375,True,453.9604166666667,0.6788643533123029,2.697160883280757,8553,393945.0,194914.162146376,11764.509999999254,5302.859999999254,5938.75,522.9000000000001,8.379264393158806,330.0,14,90043.79000000248,89875.04000000247,168.75,3,-70933.31999999998,79846.16000000003,2022-10-13,12,749.09375,True,453.9604166666667,0.5602901178603807,2.2964641885766093,5069,393945.0,227221.9877820605,7029.959999999634,3142.779999999634,3496.25,390.93000000000006,9.170818537330875,230.0,14,56986.34999999695,56817.59999999696,168.75,3,-69995.15999999997,86300.08000000005,2025-04-06,13,126.44722222222222,True,11.021527777777775,0.9393939393939394,4.266666666666667,2819,393945.0,232444.10369931988,3797.39999999988,1747.7799999998797,1955.0,94.62,7.291992635178296,69.0,14,79846.16000000003,"{""dataset"": ""2b4f41b124ab"", ""engine"": ""0.2.0"", ""exec"": ""EXEC-1.1"", ""roll"": ""ROLL-1.0""}",120.66332125663756
P5_C14_eqcap12500,"{""add_trigger"": ""armed"", ""core_cap"": 8, ""eq_cap_Q"": 12500.0, ""max_total"": 14, ""rec_activation"": ""always"", ""rec_anchor"": ""low60"", ""rec_cap"": 6, ""rec_spacing"": ""float"", ""rec_step"": 5.0, ""rec_tp"": 3.0, ""recovery"": {""h"": 8, ""layer_x"": 5.0, ""rec_step"": 10.0, ""rec_tp"": 2.0}, ""reversal"": ""ll_fail""}",{},ES-signal / MES-economics proxy backtest,171555.380000024,171386.63000002396,168.75,3,-70933.3199999982,121359.72999999997,2020-03-22,12,749.09375,True,453.9604166666667,0.7010716300056402,2.6756909193457417,9491,393945.0,185046.39230740131,13059.619999999151,5884.419999999152,6602.5,572.7,8.210996270883474,59505.03999999999,2.0468133107727016,1.0,0.2898778721341697,112456.14999999998,0.6288776085730401,0.9937219730941704,0.0242980939759778,464.919728997355,766.3700000001118,-5628.881999999982,-1918.589999999851,15945.0,-22758.75,0.5989159891598916,0.4579945799457994,0.3197831978319783,0.2168021680216802,0.1598915989159891,0.2439024390243902,0.1490514905149051,-42034.47999999989,8.0,369.0,0.1392188924649093,0.3915284382220521,0.6153264910723599,104386.57000002392,65992.81000002392,144164.1800000238,220589.07000002207,136982.25000001787,14,20893.36961561733,14296.281666668663,0.00655432071976,0.0025124495711595,156281.5900000197,156112.8400000197,168.75,3,-70933.3199999982,107278.54,2020-03-22,12,749.09375,True,453.9604166666667,0.6763406940063091,2.687697160883281,8523,393945.0,194913.25993341705,11727.159999999256,5284.259999999257,5920.0,522.9000000000001,8.379198624495382,330.0,14,87163.57000000172,86994.82000000172,168.75,3,-66994.95000000001,83784.53,2022-10-13,12,758.81875,True,462.1020833333333,0.485040797824116,2.056210335448776,4539,393945.0,218818.39079988317,6337.679999999692,2814.179999999692,3150.0,373.50000000000006,8.764977300310154,230.0,14,55364.32999999722,55195.57999999721,168.75,3,-70196.63999999998,86098.60000000003,2025-04-06,12,126.9263888888889,True,48.109027777777776,0.8757575757575757,4.033333333333333,2665,393945.0,231530.6220080412,3600.6699999998964,1652.2999999998965,1853.75,94.62,7.259955660767294,69.0,14,83784.53,"{""dataset"": ""2b4f41b124ab"", ""engine"": ""0.2.0"", ""exec"": ""EXEC-1.1"", ""roll"": ""ROLL-1.0""}",118.6775448322296
P5_C10_all_15k,"{""acct_dd"": {""mode"": ""all"", ""thr"": 15000.0}, ""core_cap"": 5, ""max_total"": 10, ""rec_activation"": ""always"", ""rec_anchor"": ""low60"", ""rec_cap"": 5, ""rec_spacing"": ""float"", ""rec_step"": 5.0, ""rec_tp"": 3.0, ""recovery"": {""h"": 5, ""layer_x"": 5.0, ""rec_step"": 10.0, ""rec_tp"": 2.0}}",{},ES-signal / MES-economics proxy backtest,115358.70000000834,115173.70000000836,185.0,2,-47896.10999999993,132166.3799999999,2020-03-22,9,749.6638888888889,True,462.1020833333333,0.6395939086294417,2.233502538071066,7922,283810.0,126578.66380620642,10786.299999999324,4911.639999999323,5478.75,395.9100000000001,5.609038134489144,51484.61,1.811054709531867,1.0,0.3448073943533723,64086.23999999999,0.4224478285391991,0.9973297730307076,0.0302672019858736,312.6252032520551,563.8699999999371,-3871.392000000062,-1307.979999999865,10710.080000000016,-17701.25,0.5962059620596206,0.4010840108401084,0.2276422764227642,0.1490514905149051,0.1002710027100271,0.2032520325203252,0.0975609756097561,-26346.01000000001,8.0,369.0,0.1610303340796893,0.4198534657550449,0.6449668728929389,66924.95000000834,40956.1600000083,96409.71000000824,148506.44000000902,90302.60000000286,10,20566.574381208924,12817.63333333426,0.0065271522729519,0.0024698096334046,105472.3500000053,105287.3500000053,185.0,2,-47896.10999999993,122590.03,2020-03-22,9,749.6638888888889,True,462.1020833333333,0.6227129337539432,2.264353312302839,7180,283810.0,133406.48435371323,9737.649999999405,4451.599999999404,4925.0,361.05000000000007,5.728492864100018,330.0,10,60731.05999999636,60546.05999999637,185.0,2,-53959.09,96508.47,2022-10-13,9,750.1826388888888,True,462.1020833333333,0.5095194922937444,1.914777878513146,4226,283810.0,164584.47262552255,5776.439999999726,2620.119999999726,2862.5,293.82000000000005,6.700750663010743,230.0,10,37975.91000000041,37790.9100000004,185.0,2,-49993.07000000001,103826.42,2025-04-06,9,126.76458333333332,True,46.18611111111111,0.8515151515151516,3.603030303030303,2380,283810.0,153728.62895953105,3161.5899999999274,1475.5999999999274,1621.25,64.74,4.842978995227896,69.0,10,96508.47,"{""dataset"": ""2b4f41b124ab"", ""engine"": ""0.2.0"", ""exec"": ""EXEC-1.1"", ""roll"": ""ROLL-1.0""}",102.23765015602112
P5_C10_core_15k,"{""acct_dd"": {""mode"": ""core"", ""thr"": 15000.0}, ""core_cap"": 5, ""max_total"": 10, ""rec_activation"": ""always"", ""rec_anchor"": ""low60"", ""rec_cap"": 5, ""rec_spacing"": ""float"", ""rec_step"": 5.0, ""rec_tp"": 3.0, ""recovery"": {""h"": 5, ""layer_x"": 5.0, ""rec_step"": 10.0, ""rec_tp"": 2.0}}",{},ES-signal / MES-economics proxy backtest,116338.1600000086,116153.1600000086,185.0,2,-47896.10999999993,132385.37999999983,2020-03-22,9,749.5645833333333,True,462.1020833333333,0.6559503666102651,2.273547659334461,8064,283810.0,126615.41059856385,10966.839999999307,4999.679999999307,5571.25,395.9100000000001,5.611684378335823,52464.06999999999,1.8510998307952624,1.0,0.3448592265515338,64086.23999999999,0.4224478285391991,0.9973297730307076,0.0302672019858736,315.27956639568725,563.8699999999371,-3871.392000000039,-1307.979999999865,10710.080000000016,-17701.25,0.5962059620596206,0.4010840108401084,0.2276422764227642,0.1490514905149051,0.1002710027100271,0.2032520325203252,0.0975609756097561,-26127.010000000068,8.0,369.0,0.1596746071968013,0.416469282305964,0.6396874421943284,67886.8900000086,41918.10000000856,96435.99000000847,149459.6200000093,91282.06000000308,10,20731.41541052053,12926.462222223176,0.0065825714529987,0.0024900568177698,106261.80000000546,106076.80000000547,185.0,2,-47896.10999999993,122809.03000000004,2020-03-22,9,749.5645833333333,True,462.1020833333333,0.6403785488958991,2.3085173501577287,7320,283810.0,133447.24628172163,9914.449999999388,4538.3999999993885,5015.0,361.05000000000007,5.73142896514574,330.0,10,60854.949999996345,60669.94999999635,185.0,2,-53924.04999999999,96543.51,2022-10-13,9,750.18125,True,462.1020833333333,0.514959202175884,1.927470534904805,4254,283810.0,165503.27507079605,5812.549999999723,2637.479999999723,2881.25,293.82000000000005,6.742918146266913,230.0,10,39676.790000000095,39491.79000000009,185.0,2,-52670.79999999999,101148.69000000005,2025-04-06,9,124.40069444444444,True,6.823611111111111,0.9393939393939394,3.8666666666666663,2554,283810.0,155027.17237816105,3384.4599999999086,1583.4799999999084,1733.75,67.23,4.890564761582685,69.0,10,96543.51,"{""dataset"": ""2b4f41b124ab"", ""engine"": ""0.2.0"", ""exec"": ""EXEC-1.1"", ""roll"": ""ROLL-1.0""}",101.74456548690796
P5_C10_core_harvest_15k,"{""acct_dd"": {""mode"": ""core_harvest"", ""thr"": 15000.0}, ""core_cap"": 5, ""max_total"": 10, ""rec_activation"": ""always"", ""rec_anchor"": ""low60"", ""rec_cap"": 5, ""rec_spacing"": ""float"", ""rec_step"": 5.0, ""rec_tp"": 3.0, ""recovery"": {""h"": 5, ""layer_x"": 5.0, ""rec_step"": 10.0, ""rec_tp"": 2.0}}",{},ES-signal / MES-economics proxy backtest,116338.1600000086,116153.1600000086,185.0,2,-47896.10999999993,132385.37999999983,2020-03-22,9,749.5645833333333,True,462.1020833333333,0.6559503666102651,2.273547659334461,8064,283810.0,126615.41059856385,10966.839999999307,4999.679999999307,5571.25,395.9100000000001,5.611684378335823,52464.06999999999,1.8510998307952624,1.0,0.3448592265515338,64086.23999999999,0.4224478285391991,0.9973297730307076,0.0302672019858736,315.27956639568725,563.8699999999371,-3871.392000000039,-1307.979999999865,10710.080000000016,-17701.25,0.5962059620596206,0.4010840108401084,0.2276422764227642,0.1490514905149051,0.1002710027100271,0.2032520325203252,0.0975609756097561,-26127.010000000068,8.0,369.0,0.1596746071968013,0.416469282305964,0.6396874421943284,67886.8900000086,41918.10000000856,96435.99000000847,149459.6200000093,91282.06000000308,10,20731.41541052053,12926.462222223176,0.0065825714529987,0.0024900568177698,106261.80000000546,106076.80000000547,185.0,2,-47896.10999999993,122809.03000000004,2020-03-22,9,749.5645833333333,True,462.1020833333333,0.6403785488958991,2.3085173501577287,7320,283810.0,133447.24628172163,9914.449999999388,4538.3999999993885,5015.0,361.05000000000007,5.73142896514574,330.0,10,60854.949999996345,60669.94999999635,185.0,2,-53924.04999999999,96543.51,2022-10-13,9,750.18125,True,462.1020833333333,0.514959202175884,1.927470534904805,4254,283810.0,165503.27507079605,5812.549999999723,2637.479999999723,2881.25,293.82000000000005,6.742918146266913,230.0,10,39676.790000000095,39491.79000000009,185.0,2,-52670.79999999999,101148.69000000005,2025-04-06,9,124.40069444444444,True,6.823611111111111,0.9393939393939394,3.8666666666666663,2554,283810.0,155027.17237816105,3384.4599999999086,1583.4799999999084,1733.75,67.23,4.890564761582685,69.0,10,96543.51,"{""dataset"": ""2b4f41b124ab"", ""engine"": ""0.2.0"", ""exec"": ""EXEC-1.1"", ""roll"": ""ROLL-1.0""}",104.66723799705504
P5_C10_progressive_15k,"{""acct_dd"": {""mode"": ""progressive"", ""thr"": 15000.0}, ""core_cap"": 5, ""max_total"": 10, ""rec_activation"": ""always"", ""rec_anchor"": ""low60"", ""rec_cap"": 5, ""rec_spacing"": ""float"", ""rec_step"": 5.0, ""rec_tp"": 3.0, ""recovery"": {""h"": 5, ""layer_x"": 5.0, ""rec_step"": 10.0, ""rec_tp"": 2.0}}",{},ES-signal / MES-economics proxy backtest,116034.17000000837,115849.17000000837,185.0,2,-47896.10999999993,132385.37999999983,2020-03-22,9,749.5645833333333,True,462.1020833333333,0.6559503666102651,2.2600112803158487,8016,283810.0,126538.0977110481,10904.579999999312,4969.9199999993125,5538.75,395.9100000000001,5.608392333317457,52960.3,1.849971799210378,1.0,0.3448592265515338,63286.02,0.4100394811054709,0.997248968363136,0.02673840990023,314.45574525747526,563.8699999999371,-3871.392000000039,-1307.979999999865,10710.080000000016,-17701.25,0.5962059620596206,0.3983739837398374,0.2249322493224932,0.1490514905149051,0.1002710027100271,0.2005420054200542,0.0975609756097561,-26127.010000000068,8.0,369.0,0.1600929277987567,0.417560361745135,0.6413633156508524,67582.90000000838,41614.11000000834,96132.00000000828,149155.63000000909,91515.68000000296,10,20689.381752180707,12892.685555556483,0.0065653712850057,0.0024850677459648,105957.81000000551,105772.81000000554,185.0,2,-47896.10999999993,122809.03000000004,2020-03-22,9,749.5645833333333,True,462.1020833333333,0.6403785488958991,2.2933753943217665,7272,283810.0,133360.824400409,9852.189999999391,4508.639999999394,4982.5,361.05000000000007,5.727749051835103,330.0,10,60550.959999996354,60365.95999999636,185.0,2,-53924.04999999999,96543.51,2022-10-13,9,750.18125,True,462.1020833333333,0.514959202175884,1.9057116953762463,4206,283810.0,165379.23770339822,5750.289999999728,2607.7199999997283,2848.75,293.82000000000005,6.7376365352631815,230.0,10,39006.62000000023,38821.62000000024,185.0,2,-52670.79999999999,101148.69000000005,2025-04-06,9,124.40069444444444,True,6.823611111111111,0.9393939393939394,3.815151515151515,2520,283810.0,155498.01283207454,3339.6299999999123,1562.399999999912,1710.0,67.23,4.9048434975387964,69.0,10,96543.51,"{""dataset"": ""2b4f41b124ab"", ""engine"": ""0.2.0"", ""exec"": ""EXEC-1.1"", ""roll"": ""ROLL-1.0""}",105.13545513153076
P5_C10_all_30k,"{""acct_dd"": {""mode"": ""all"", ""thr"": 30000.0}, ""core_cap"": 5, ""max_total"": 10, ""rec_activation"": ""always"", ""rec_anchor"": ""low60"", ""rec_cap"": 5, ""rec_spacing"": ""float"", ""rec_step"": 5.0, ""rec_tp"": 3.0, ""recovery"": {""h"": 5, ""layer_x"": 5.0, ""rec_step"": 10.0, ""rec_tp"": 2.0}}",{},ES-signal / MES-economics proxy backtest,116338.1600000086,116153.1600000086,185.0,2,-47896.10999999993,132385.37999999983,2020-03-22,9,749.5645833333333,True,462.1020833333333,0.6559503666102651,2.273547659334461,8064,283810.0,126615.41059856385,10966.839999999307,4999.679999999307,5571.25,395.9100000000001,5.611684378335823,52464.06999999999,1.8510998307952624,1.0,0.3448592265515338,64086.23999999999,0.4224478285391991,0.9973297730307076,0.0302672019858736,315.27956639568725,563.8699999999371,-3871.392000000039,-1307.979999999865,10710.080000000016,-17701.25,0.5962059620596206,0.4010840108401084,0.2276422764227642,0.1490514905149051,0.1002710027100271,0.2032520325203252,0.0975609756097561,-26127.010000000068,8.0,369.0,0.1596746071968013,0.416469282305964,0.6396874421943284,67886.8900000086,41918.10000000856,96435.99000000847,149459.6200000093,91282.06000000308,10,20731.41541052053,12926.462222223176,0.0065825714529987,0.0024900568177698,106261.80000000546,106076.80000000547,185.0,2,-47896.10999999993,122809.03000000004,2020-03-22,9,749.5645833333333,True,462.1020833333333,0.6403785488958991,2.3085173501577287,7320,283810.0,133447.24628172163,9914.449999999388,4538.3999999993885,5015.0,361.05000000000007,5.73142896514574,330.0,10,60854.949999996345,60669.94999999635,185.0,2,-53924.04999999999,96543.51,2022-10-13,9,750.18125,True,462.1020833333333,0.514959202175884,1.927470534904805,4254,283810.0,165503.27507079605,5812.549999999723,2637.479999999723,2881.25,293.82000000000005,6.742918146266913,230.0,10,39624.2300000001,39439.23000000009,185.0,2,-52670.79999999999,101148.69000000005,2025-04-06,9,124.40416666666668,True,10.829166666666667,0.9272727272727272,3.8484848484848486,2542,283810.0,154912.94109082027,3369.51999999991,1576.0399999999097,1726.25,67.23,4.88616841393304,69.0,10,96543.51,"{""dataset"": ""2b4f41b124ab"", ""engine"": ""0.2.0"", ""exec"": ""EXEC-1.1"", ""roll"": ""ROLL-1.0""}",103.49243021011353
P5_C10_core_30k,"{""acct_dd"": {""mode"": ""core"", ""thr"": 30000.0}, ""core_cap"": 5, ""max_total"": 10, ""rec_activation"": ""always"", ""rec_anchor"": ""low60"", ""rec_cap"": 5, ""rec_spacing"": ""float"", ""rec_step"": 5.0, ""rec_tp"": 3.0, ""recovery"": {""h"": 5, ""layer_x"": 5.0, ""rec_step"": 10.0, ""rec_tp"": 2.0}}",{},ES-signal / MES-economics proxy backtest,116338.1600000086,116153.1600000086,185.0,2,-47896.10999999993,132385.37999999983,2020-03-22,9,749.5645833333333,True,462.1020833333333,0.6559503666102651,2.273547659334461,8064,283810.0,126615.41059856385,10966.839999999307,4999.679999999307,5571.25,395.9100000000001,5.611684378335823,52464.06999999999,1.8510998307952624,1.0,0.3448592265515338,64086.23999999999,0.4224478285391991,0.9973297730307076,0.0302672019858736,315.27956639568725,563.8699999999371,-3871.392000000039,-1307.979999999865,10710.080000000016,-17701.25,0.5962059620596206,0.4010840108401084,0.2276422764227642,0.1490514905149051,0.1002710027100271,0.2032520325203252,0.0975609756097561,-26127.010000000068,8.0,369.0,0.1596746071968013,0.416469282305964,0.6396874421943284,67886.8900000086,41918.10000000856,96435.99000000847,149459.6200000093,91282.06000000308,10,20731.41541052053,12926.462222223176,0.0065825714529987,0.0024900568177698,106261.80000000546,106076.80000000547,185.0,2,-47896.10999999993,122809.03000000004,2020-03-22,9,749.5645833333333,True,462.1020833333333,0.6403785488958991,2.3085173501577287,7320,283810.0,133447.24628172163,9914.449999999388,4538.3999999993885,5015.0,361.05000000000007,5.73142896514574,330.0,10,60854.949999996345,60669.94999999635,185.0,2,-53924.04999999999,96543.51,2022-10-13,9,750.18125,True,462.1020833333333,0.514959202175884,1.927470534904805,4254,283810.0,165503.27507079605,5812.549999999723,2637.479999999723,2881.25,293.82000000000005,6.742918146266913,230.0,10,39676.790000000095,39491.79000000009,185.0,2,-52670.79999999999,101148.69000000005,2025-04-06,9,124.40069444444444,True,6.823611111111111,0.9393939393939394,3.8666666666666663,2554,283810.0,155027.17237816105,3384.4599999999086,1583.4799999999084,1733.75,67.23,4.890564761582685,69.0,10,96543.51,"{""dataset"": ""2b4f41b124ab"", ""engine"": ""0.2.0"", ""exec"": ""EXEC-1.1"", ""roll"": ""ROLL-1.0""}",101.49701380729675
P5_C10_core_harvest_30k,"{""acct_dd"": {""mode"": ""core_harvest"", ""thr"": 30000.0}, ""core_cap"": 5, ""max_total"": 10, ""rec_activation"": ""always"", ""rec_anchor"": ""low60"", ""rec_cap"": 5, ""rec_spacing"": ""float"", ""rec_step"": 5.0, ""rec_tp"": 3.0, ""recovery"": {""h"": 5, ""layer_x"": 5.0, ""rec_step"": 10.0, ""rec_tp"": 2.0}}",{},ES-signal / MES-economics proxy backtest,116338.1600000086,116153.1600000086,185.0,2,-47896.10999999993,132385.37999999983,2020-03-22,9,749.5645833333333,True,462.1020833333333,0.6559503666102651,2.273547659334461,8064,283810.0,126615.41059856385,10966.839999999307,4999.679999999307,5571.25,395.9100000000001,5.611684378335823,52464.06999999999,1.8510998307952624,1.0,0.3448592265515338,64086.23999999999,0.4224478285391991,0.9973297730307076,0.0302672019858736,315.27956639568725,563.8699999999371,-3871.392000000039,-1307.979999999865,10710.080000000016,-17701.25,0.5962059620596206,0.4010840108401084,0.2276422764227642,0.1490514905149051,0.1002710027100271,0.2032520325203252,0.0975609756097561,-26127.010000000068,8.0,369.0,0.1596746071968013,0.416469282305964,0.6396874421943284,67886.8900000086,41918.10000000856,96435.99000000847,149459.6200000093,91282.06000000308,10,20731.41541052053,12926.462222223176,0.0065825714529987,0.0024900568177698,106261.80000000546,106076.80000000547,185.0,2,-47896.10999999993,122809.03000000004,2020-03-22,9,749.5645833333333,True,462.1020833333333,0.6403785488958991,2.3085173501577287,7320,283810.0,133447.24628172163,9914.449999999388,4538.3999999993885,5015.0,361.05000000000007,5.73142896514574,330.0,10,60854.949999996345,60669.94999999635,185.0,2,-53924.04999999999,96543.51,2022-10-13,9,750.18125,True,462.1020833333333,0.514959202175884,1.927470534904805,4254,283810.0,165503.27507079605,5812.549999999723,2637.479999999723,2881.25,293.82000000000005,6.742918146266913,230.0,10,39676.790000000095,39491.79000000009,185.0,2,-52670.79999999999,101148.69000000005,2025-04-06,9,124.40069444444444,True,6.823611111111111,0.9393939393939394,3.8666666666666663,2554,283810.0,155027.17237816105,3384.4599999999086,1583.4799999999084,1733.75,67.23,4.890564761582685,69.0,10,96543.51,"{""dataset"": ""2b4f41b124ab"", ""engine"": ""0.2.0"", ""exec"": ""EXEC-1.1"", ""roll"": ""ROLL-1.0""}",102.13481020927428
P5_C10_progressive_30k,"{""acct_dd"": {""mode"": ""progressive"", ""thr"": 30000.0}, ""core_cap"": 5, ""max_total"": 10, ""rec_activation"": ""always"", ""rec_anchor"": ""low60"", ""rec_cap"": 5, ""rec_spacing"": ""float"", ""rec_step"": 5.0, ""rec_tp"": 3.0, ""recovery"": {""h"": 5, ""layer_x"": 5.0, ""rec_step"": 10.0, ""rec_tp"": 2.0}}",{},ES-signal / MES-economics proxy backtest,116079.39000000856,115894.39000000856,185.0,2,-47896.10999999993,132385.37999999983,2020-03-22,9,749.5645833333333,True,462.1020833333333,0.6559503666102651,2.272419627749577,8060,283810.0,126570.86332479736,10961.859999999308,4997.199999999308,5568.75,395.9100000000001,5.610346547275167,52479.06999999999,1.8510998307952624,1.0,0.3448592265515338,63812.46999999999,0.4213197969543147,0.997322623828648,0.0289293709252187,314.57829268295006,563.8699999999371,-3871.392000000039,-1307.979999999865,10710.080000000016,-17701.25,0.5962059620596206,0.4010840108401084,0.2276422764227642,0.1490514905149051,0.1002710027100271,0.2032520325203252,0.0975609756097561,-26127.010000000068,8.0,369.0,0.1600305618421894,0.4173976965247354,0.6411134655341877,67628.12000000858,41659.330000008544,96177.22000000848,149200.8500000093,91282.06000000308,10,20690.235268334003,12897.710000000952,0.0065679298941594,0.002485392644243,106003.03000000544,105818.03000000546,185.0,2,-47896.10999999993,122809.03000000004,2020-03-22,9,749.5645833333333,True,462.1020833333333,0.6403785488958991,2.307255520504732,7316,283810.0,133397.45045427355,9909.469999999388,4535.919999999389,5012.5,361.05000000000007,5.729933511013119,330.0,10,60596.17999999636,60411.17999999636,185.0,2,-53924.04999999999,96543.51,2022-10-13,9,750.18125,True,462.1020833333333,0.514959202175884,1.9256572982774247,4250,283810.0,165431.8054007282,5807.569999999723,2634.9999999997235,2878.75,293.82000000000005,6.740771789454758,230.0,10,39418.020000000106,39233.0200000001,185.0,2,-52670.79999999999,101148.69000000005,2025-04-06,9,124.40069444444444,True,6.823611111111111,0.9393939393939394,3.860606060606061,2550,283810.0,154788.19357081124,3379.479999999909,1580.9999999999088,1731.25,67.23,4.883387817983692,69.0,10,96543.51,"{""dataset"": ""2b4f41b124ab"", ""engine"": ""0.2.0"", ""exec"": ""EXEC-1.1"", ""roll"": ""ROLL-1.0""}",103.64380884170532
P5_C10_all_45k,"{""acct_dd"": {""mode"": ""all"", ""thr"": 45000.0}, ""core_cap"": 5, ""max_total"": 10, ""rec_activation"": ""always"", ""rec_anchor"": ""low60"", ""rec_cap"": 5, ""rec_spacing"": ""float"", ""rec_step"": 5.0, ""rec_tp"": 3.0, ""recovery"": {""h"": 5, ""layer_x"": 5.0, ""rec_step"": 10.0, ""rec_tp"": 2.0}}",{},ES-signal / MES-economics proxy backtest,116338.1600000086,116153.1600000086,185.0,2,-47896.10999999993,132385.37999999983,2020-03-22,9,749.5645833333333,True,462.1020833333333,0.6559503666102651,2.273547659334461,8064,283810.0,126615.41059856385,10966.839999999307,4999.679999999307,5571.25,395.9100000000001,5.611684378335823,52464.06999999999,1.8510998307952624,1.0,0.3448592265515338,64086.23999999999,0.4224478285391991,0.9973297730307076,0.0302672019858736,315.27956639568725,563.8699999999371,-3871.392000000039,-1307.979999999865,10710.080000000016,-17701.25,0.5962059620596206,0.4010840108401084,0.2276422764227642,0.1490514905149051,0.1002710027100271,0.2032520325203252,0.0975609756097561,-26127.010000000068,8.0,369.0,0.1596746071968013,0.416469282305964,0.6396874421943284,67886.8900000086,41918.10000000856,96435.99000000847,149459.6200000093,91282.06000000308,10,20731.41541052053,12926.462222223176,0.0065825714529987,0.0024900568177698,106261.80000000546,106076.80000000547,185.0,2,-47896.10999999993,122809.03000000004,2020-03-22,9,749.5645833333333,True,462.1020833333333,0.6403785488958991,2.3085173501577287,7320,283810.0,133447.24628172163,9914.449999999388,4538.3999999993885,5015.0,361.05000000000007,5.73142896514574,330.0,10,60854.949999996345,60669.94999999635,185.0,2,-53924.04999999999,96543.51,2022-10-13,9,750.18125,True,462.1020833333333,0.514959202175884,1.927470534904805,4254,283810.0,165503.27507079605,5812.549999999723,2637.479999999723,2881.25,293.82000000000005,6.742918146266913,230.0,10,39676.790000000095,39491.79000000009,185.0,2,-52670.79999999999,101148.69000000005,2025-04-06,9,124.40069444444444,True,6.823611111111111,0.9393939393939394,3.8666666666666663,2554,283810.0,155027.17237816105,3384.4599999999086,1583.4799999999084,1733.75,67.23,4.890564761582685,69.0,10,96543.51,"{""dataset"": ""2b4f41b124ab"", ""engine"": ""0.2.0"", ""exec"": ""EXEC-1.1"", ""roll"": ""ROLL-1.0""}",103.42130374908449
P5_C10_core_45k,"{""acct_dd"": {""mode"": ""core"", ""thr"": 45000.0}, ""core_cap"": 5, ""max_total"": 10, ""rec_activation"": ""always"", ""rec_anchor"": ""low60"", ""rec_cap"": 5, ""rec_spacing"": ""float"", ""rec_step"": 5.0, ""rec_tp"": 3.0, ""recovery"": {""h"": 5, ""layer_x"": 5.0, ""rec_step"": 10.0, ""rec_tp"": 2.0}}",{},ES-signal / MES-economics proxy backtest,116338.1600000086,116153.1600000086,185.0,2,-47896.10999999993,132385.37999999983,2020-03-22,9,749.5645833333333,True,462.1020833333333,0.6559503666102651,2.273547659334461,8064,283810.0,126615.41059856385,10966.839999999307,4999.679999999307,5571.25,395.9100000000001,5.611684378335823,52464.06999999999,1.8510998307952624,1.0,0.3448592265515338,64086.23999999999,0.4224478285391991,0.9973297730307076,0.0302672019858736,315.27956639568725,563.8699999999371,-3871.392000000039,-1307.979999999865,10710.080000000016,-17701.25,0.5962059620596206,0.4010840108401084,0.2276422764227642,0.1490514905149051,0.1002710027100271,0.2032520325203252,0.0975609756097561,-26127.010000000068,8.0,369.0,0.1596746071968013,0.416469282305964,0.6396874421943284,67886.8900000086,41918.10000000856,96435.99000000847,149459.6200000093,91282.06000000308,10,20731.41541052053,12926.462222223176,0.0065825714529987,0.0024900568177698,106261.80000000546,106076.80000000547,185.0,2,-47896.10999999993,122809.03000000004,2020-03-22,9,749.5645833333333,True,462.1020833333333,0.6403785488958991,2.3085173501577287,7320,283810.0,133447.24628172163,9914.449999999388,4538.3999999993885,5015.0,361.05000000000007,5.73142896514574,330.0,10,60854.949999996345,60669.94999999635,185.0,2,-53924.04999999999,96543.51,2022-10-13,9,750.18125,True,462.1020833333333,0.514959202175884,1.927470534904805,4254,283810.0,165503.27507079605,5812.549999999723,2637.479999999723,2881.25,293.82000000000005,6.742918146266913,230.0,10,39676.790000000095,39491.79000000009,185.0,2,-52670.79999999999,101148.69000000005,2025-04-06,9,124.40069444444444,True,6.823611111111111,0.9393939393939394,3.8666666666666663,2554,283810.0,155027.17237816105,3384.4599999999086,1583.4799999999084,1733.75,67.23,4.890564761582685,69.0,10,96543.51,"{""dataset"": ""2b4f41b124ab"", ""engine"": ""0.2.0"", ""exec"": ""EXEC-1.1"", ""roll"": ""ROLL-1.0""}",103.5827181339264
P5_C10_core_harvest_45k,"{""acct_dd"": {""mode"": ""core_harvest"", ""thr"": 45000.0}, ""core_cap"": 5, ""max_total"": 10, ""rec_activation"": ""always"", ""rec_anchor"": ""low60"", ""rec_cap"": 5, ""rec_spacing"": ""float"", ""rec_step"": 5.0, ""rec_tp"": 3.0, ""recovery"": {""h"": 5, ""layer_x"": 5.0, ""rec_step"": 10.0, ""rec_tp"": 2.0}}",{},ES-signal / MES-economics proxy backtest,116338.1600000086,116153.1600000086,185.0,2,-47896.10999999993,132385.37999999983,2020-03-22,9,749.5645833333333,True,462.1020833333333,0.6559503666102651,2.273547659334461,8064,283810.0,126615.41059856385,10966.839999999307,4999.679999999307,5571.25,395.9100000000001,5.611684378335823,52464.06999999999,1.8510998307952624,1.0,0.3448592265515338,64086.23999999999,0.4224478285391991,0.9973297730307076,0.0302672019858736,315.27956639568725,563.8699999999371,-3871.392000000039,-1307.979999999865,10710.080000000016,-17701.25,0.5962059620596206,0.4010840108401084,0.2276422764227642,0.1490514905149051,0.1002710027100271,0.2032520325203252,0.0975609756097561,-26127.010000000068,8.0,369.0,0.1596746071968013,0.416469282305964,0.6396874421943284,67886.8900000086,41918.10000000856,96435.99000000847,149459.6200000093,91282.06000000308,10,20731.41541052053,12926.462222223176,0.0065825714529987,0.0024900568177698,106261.80000000546,106076.80000000547,185.0,2,-47896.10999999993,122809.03000000004,2020-03-22,9,749.5645833333333,True,462.1020833333333,0.6403785488958991,2.3085173501577287,7320,283810.0,133447.24628172163,9914.449999999388,4538.3999999993885,5015.0,361.05000000000007,5.73142896514574,330.0,10,60854.949999996345,60669.94999999635,185.0,2,-53924.04999999999,96543.51,2022-10-13,9,750.18125,True,462.1020833333333,0.514959202175884,1.927470534904805,4254,283810.0,165503.27507079605,5812.549999999723,2637.479999999723,2881.25,293.82000000000005,6.742918146266913,230.0,10,39676.790000000095,39491.79000000009,185.0,2,-52670.79999999999,101148.69000000005,2025-04-06,9,124.40069444444444,True,6.823611111111111,0.9393939393939394,3.8666666666666663,2554,283810.0,155027.17237816105,3384.4599999999086,1583.4799999999084,1733.75,67.23,4.890564761582685,69.0,10,96543.51,"{""dataset"": ""2b4f41b124ab"", ""engine"": ""0.2.0"", ""exec"": ""EXEC-1.1"", ""roll"": ""ROLL-1.0""}",102.3632960319519
P5_C10_eqcap7500,"{""core_cap"": 5, ""eq_cap_Q"": 7500.0, ""max_total"": 10, ""rec_activation"": ""always"", ""rec_anchor"": ""low60"", ""rec_cap"": 5, ""rec_spacing"": ""float"", ""rec_step"": 5.0, ""rec_tp"": 3.0, ""recovery"": {""h"": 5, ""layer_x"": 5.0, ""rec_step"": 10.0, ""rec_tp"": 2.0}}",{},ES-signal / MES-economics proxy backtest,116338.1600000086,116153.1600000086,185.0,2,-47896.10999999993,132385.37999999983,2020-03-22,9,749.5645833333333,True,462.1020833333333,0.6559503666102651,2.273547659334461,8064,283810.0,126615.41059856385,10966.839999999307,4999.679999999307,5571.25,395.9100000000001,5.611684378335823,52464.06999999999,1.8510998307952624,1.0,0.3448592265515338,64086.23999999999,0.4224478285391991,0.9973297730307076,0.0302672019858736,315.27956639568725,563.8699999999371,-3871.392000000039,-1307.979999999865,10710.080000000016,-17701.25,0.5962059620596206,0.4010840108401084,0.2276422764227642,0.1490514905149051,0.1002710027100271,0.2032520325203252,0.0975609756097561,-26127.010000000068,8.0,369.0,0.1596746071968013,0.416469282305964,0.6396874421943284,67886.8900000086,41918.10000000856,96435.99000000847,149459.6200000093,91282.06000000308,10,20731.41541052053,12926.462222223176,0.0065825714529987,0.0024900568177698,106261.80000000546,106076.80000000547,185.0,2,-47896.10999999993,122809.03000000004,2020-03-22,9,749.5645833333333,True,462.1020833333333,0.6403785488958991,2.3085173501577287,7320,283810.0,133447.24628172163,9914.449999999388,4538.3999999993885,5015.0,361.05000000000007,5.73142896514574,330.0,10,60854.949999996345,60669.94999999635,185.0,2,-53924.04999999999,96543.51,2022-10-13,9,750.18125,True,462.1020833333333,0.514959202175884,1.927470534904805,4254,283810.0,165503.27507079605,5812.549999999723,2637.479999999723,2881.25,293.82000000000005,6.742918146266913,230.0,10,39676.790000000095,39491.79000000009,185.0,2,-52670.79999999999,101148.69000000005,2025-04-06,9,124.40069444444444,True,6.823611111111111,0.9393939393939394,3.8666666666666663,2554,283810.0,155027.17237816105,3384.4599999999086,1583.4799999999084,1733.75,67.23,4.890564761582685,69.0,10,96543.51,"{""dataset"": ""2b4f41b124ab"", ""engine"": ""0.2.0"", ""exec"": ""EXEC-1.1"", ""roll"": ""ROLL-1.0""}",102.72481608390808
P5_C10_eqcap10000,"{""core_cap"": 5, ""eq_cap_Q"": 10000.0, ""max_total"": 10, ""rec_activation"": ""always"", ""rec_anchor"": ""low60"", ""rec_cap"": 5, ""rec_spacing"": ""float"", ""rec_step"": 5.0, ""rec_tp"": 3.0, ""recovery"": {""h"": 5, ""layer_x"": 5.0, ""rec_step"": 10.0, ""rec_tp"": 2.0}}",{},ES-signal / MES-economics proxy backtest,116338.1600000086,116153.1600000086,185.0,2,-47896.10999999993,132385.37999999983,2020-03-22,9,749.5645833333333,True,462.1020833333333,0.6559503666102651,2.273547659334461,8064,283810.0,126615.41059856385,10966.839999999307,4999.679999999307,5571.25,395.9100000000001,5.611684378335823,52464.06999999999,1.8510998307952624,1.0,0.3448592265515338,64086.23999999999,0.4224478285391991,0.9973297730307076,0.0302672019858736,315.27956639568725,563.8699999999371,-3871.392000000039,-1307.979999999865,10710.080000000016,-17701.25,0.5962059620596206,0.4010840108401084,0.2276422764227642,0.1490514905149051,0.1002710027100271,0.2032520325203252,0.0975609756097561,-26127.010000000068,8.0,369.0,0.1596746071968013,0.416469282305964,0.6396874421943284,67886.8900000086,41918.10000000856,96435.99000000847,149459.6200000093,91282.06000000308,10,20731.41541052053,12926.462222223176,0.0065825714529987,0.0024900568177698,106261.80000000546,106076.80000000547,185.0,2,-47896.10999999993,122809.03000000004,2020-03-22,9,749.5645833333333,True,462.1020833333333,0.6403785488958991,2.3085173501577287,7320,283810.0,133447.24628172163,9914.449999999388,4538.3999999993885,5015.0,361.05000000000007,5.73142896514574,330.0,10,60854.949999996345,60669.94999999635,185.0,2,-53924.04999999999,96543.51,2022-10-13,9,750.18125,True,462.1020833333333,0.514959202175884,1.927470534904805,4254,283810.0,165503.27507079605,5812.549999999723,2637.479999999723,2881.25,293.82000000000005,6.742918146266913,230.0,10,39676.790000000095,39491.79000000009,185.0,2,-52670.79999999999,101148.69000000005,2025-04-06,9,124.40069444444444,True,6.823611111111111,0.9393939393939394,3.8666666666666663,2554,283810.0,155027.17237816105,3384.4599999999086,1583.4799999999084,1733.75,67.23,4.890564761582685,69.0,10,96543.51,"{""dataset"": ""2b4f41b124ab"", ""engine"": ""0.2.0"", ""exec"": ""EXEC-1.1"", ""roll"": ""ROLL-1.0""}",103.18000149726868
P5_C10_progressive_45k,"{""acct_dd"": {""mode"": ""progressive"", ""thr"": 45000.0}, ""core_cap"": 5, ""max_total"": 10, ""rec_activation"": ""always"", ""rec_anchor"": ""low60"", ""rec_cap"": 5, ""rec_spacing"": ""float"", ""rec_step"": 5.0, ""rec_tp"": 3.0, ""recovery"": {""h"": 5, ""layer_x"": 5.0, ""rec_step"": 10.0, ""rec_tp"": 2.0}}",{},ES-signal / MES-economics proxy backtest,116338.1600000086,116153.1600000086,185.0,2,-47896.10999999993,132385.37999999983,2020-03-22,9,749.5645833333333,True,462.1020833333333,0.6559503666102651,2.273547659334461,8064,283810.0,126615.41059856385,10966.839999999307,4999.679999999307,5571.25,395.9100000000001,5.611684378335823,52464.06999999999,1.8510998307952624,1.0,0.3448592265515338,64086.23999999999,0.4224478285391991,0.9973297730307076,0.0302672019858736,315.27956639568725,563.8699999999371,-3871.392000000039,-1307.979999999865,10710.080000000016,-17701.25,0.5962059620596206,0.4010840108401084,0.2276422764227642,0.1490514905149051,0.1002710027100271,0.2032520325203252,0.0975609756097561,-26127.010000000068,8.0,369.0,0.1596746071968013,0.416469282305964,0.6396874421943284,67886.8900000086,41918.10000000856,96435.99000000847,149459.6200000093,91282.06000000308,10,20731.41541052053,12926.462222223176,0.0065825714529987,0.0024900568177698,106261.80000000546,106076.80000000547,185.0,2,-47896.10999999993,122809.03000000004,2020-03-22,9,749.5645833333333,True,462.1020833333333,0.6403785488958991,2.3085173501577287,7320,283810.0,133447.24628172163,9914.449999999388,4538.3999999993885,5015.0,361.05000000000007,5.73142896514574,330.0,10,60854.949999996345,60669.94999999635,185.0,2,-53924.04999999999,96543.51,2022-10-13,9,750.18125,True,462.1020833333333,0.514959202175884,1.927470534904805,4254,283810.0,165503.27507079605,5812.549999999723,2637.479999999723,2881.25,293.82000000000005,6.742918146266913,230.0,10,39676.790000000095,39491.79000000009,185.0,2,-52670.79999999999,101148.69000000005,2025-04-06,9,124.40069444444444,True,6.823611111111111,0.9393939393939394,3.8666666666666663,2554,283810.0,155027.17237816105,3384.4599999999086,1583.4799999999084,1733.75,67.23,4.890564761582685,69.0,10,96543.51,"{""dataset"": ""2b4f41b124ab"", ""engine"": ""0.2.0"", ""exec"": ""EXEC-1.1"", ""roll"": ""ROLL-1.0""}",103.51599168777466
P5_C10_eqcap12500,"{""core_cap"": 5, ""eq_cap_Q"": 12500.0, ""max_total"": 10, ""rec_activation"": ""always"", ""rec_anchor"": ""low60"", ""rec_cap"": 5, ""rec_spacing"": ""float"", ""rec_step"": 5.0, ""rec_tp"": 3.0, ""recovery"": {""h"": 5, ""layer_x"": 5.0, ""rec_step"": 10.0, ""rec_tp"": 2.0}}",{},ES-signal / MES-economics proxy backtest,116338.1600000086,116153.1600000086,185.0,2,-47896.10999999993,132385.37999999983,2020-03-22,9,749.5645833333333,True,462.1020833333333,0.6559503666102651,2.273547659334461,8064,283810.0,126615.41059856385,10966.839999999307,4999.679999999307,5571.25,395.9100000000001,5.611684378335823,52464.06999999999,1.8510998307952624,1.0,0.3448592265515338,64086.23999999999,0.4224478285391991,0.9973297730307076,0.0302672019858736,315.27956639568725,563.8699999999371,-3871.392000000039,-1307.979999999865,10710.080000000016,-17701.25,0.5962059620596206,0.4010840108401084,0.2276422764227642,0.1490514905149051,0.1002710027100271,0.2032520325203252,0.0975609756097561,-26127.010000000068,8.0,369.0,0.1596746071968013,0.416469282305964,0.6396874421943284,67886.8900000086,41918.10000000856,96435.99000000847,149459.6200000093,91282.06000000308,10,20731.41541052053,12926.462222223176,0.0065825714529987,0.0024900568177698,106261.80000000546,106076.80000000547,185.0,2,-47896.10999999993,122809.03000000004,2020-03-22,9,749.5645833333333,True,462.1020833333333,0.6403785488958991,2.3085173501577287,7320,283810.0,133447.24628172163,9914.449999999388,4538.3999999993885,5015.0,361.05000000000007,5.73142896514574,330.0,10,60854.949999996345,60669.94999999635,185.0,2,-53924.04999999999,96543.51,2022-10-13,9,750.18125,True,462.1020833333333,0.514959202175884,1.927470534904805,4254,283810.0,165503.27507079605,5812.549999999723,2637.479999999723,2881.25,293.82000000000005,6.742918146266913,230.0,10,39676.790000000095,39491.79000000009,185.0,2,-52670.79999999999,101148.69000000005,2025-04-06,9,124.40069444444444,True,6.823611111111111,0.9393939393939394,3.8666666666666663,2554,283810.0,155027.17237816105,3384.4599999999086,1583.4799999999084,1733.75,67.23,4.890564761582685,69.0,10,96543.51,"{""dataset"": ""2b4f41b124ab"", ""engine"": ""0.2.0"", ""exec"": ""EXEC-1.1"", ""roll"": ""ROLL-1.0""}",94.27220916748048
J_C32_f_bs70,"{""add_trigger"": ""armed"", ""core_cap"": 16, ""max_total"": 32, ""rec_activation"": ""always"", ""rec_anchor"": ""low60"", ""rec_cap"": 16, ""rec_filter"": ""f_bs70"", ""rec_spacing"": ""float"", ""rec_step"": 5.0, ""rec_tp"": 3.0, ""recovery"": {""h"": 16, ""layer_x"": 5.0, ""rec_step"": 10.0, ""rec_tp"": 2.0}, ""reversal"": ""ll_fail""}",{},ES-signal / MES-economics proxy backtest,275113.6100000197,274127.3600000197,986.25,7,-99755.29999999989,95522.96000000002,2020-03-22,17,758.8284722222222,True,28.89305555555556,0.4968979131415679,1.6204173716864072,5753,577820.0,239926.32051280251,8483.88999999956,3566.8599999995595,4177.5,739.5300000000002,10.562345729166958,8521.720000000001,0.3790186125211506,1.0,0.0,266349.51,1.2413987591652569,0.9291231258518856,0.0072803225363595,745.565338753441,1153.7999999999884,-6797.223999999976,-2363.7299999999814,22460.04000000004,-37913.72999999998,0.6205962059620597,0.5203252032520326,0.3983739837398374,0.2818428184281842,0.2303523035230352,0.2655826558265582,0.1869918699186991,-70179.12999999998,7.0,369.0,0.1446902245221425,0.3888620777430543,0.5785428427186449,168132.36000001972,115948.60000001972,237996.08000002007,339041.5200000189,207903.22000001397,32,26046.63935969436,16183.153529412924,0.0074739421239116,0.0031074762333699,254806.1100000172,253819.8600000172,986.25,7,-99755.2999999998,75215.45999999999,2020-03-22,17,758.8284722222222,True,28.89305555555556,0.4971608832807571,1.6675078864353312,5293,577820.0,254638.2303140297,7800.13999999961,3281.6599999996097,3828.75,689.7300000000001,10.89135486578495,330.0,32,158892.0400000073,157905.7900000073,986.25,7,-99755.29999999984,57832.35999999999,2022-10-13,17,758.8284722222222,True,26.97222222222222,0.4514959202175884,1.5349048050770626,3393,577820.0,297082.02761889243,5019.209999999817,2103.659999999817,2430.0,485.55,11.848067155122038,230.0,32,95446.83000000124,94460.58000000124,986.25,7,-100168.43,57929.140000000014,2025-04-06,17,126.14375,True,26.874305555555555,0.6303030303030303,2.83939393939394,1881,577820.0,325120.12939165067,2669.419999999982,1166.2199999999818,1366.25,136.95,10.226798932852365,69.0,32,57832.35999999999,"{""dataset"": ""2b4f41b124ab"", ""engine"": ""0.2.0"", ""exec"": ""EXEC-1.1"", ""roll"": ""ROLL-1.0""}",123.92636942863464
J_C32_f_bs50,"{""add_trigger"": ""armed"", ""core_cap"": 16, ""max_total"": 32, ""rec_activation"": ""always"", ""rec_anchor"": ""low60"", ""rec_cap"": 16, ""rec_filter"": ""f_bs50"", ""rec_spacing"": ""float"", ""rec_step"": 5.0, ""rec_tp"": 3.0, ""recovery"": {""h"": 16, ""layer_x"": 5.0, ""rec_step"": 10.0, ""rec_tp"": 2.0}, ""reversal"": ""ll_fail""}",{},ES-signal / MES-economics proxy backtest,288810.5800000326,287824.3300000326,986.25,7,-117280.20999999724,90666.74000000008,2020-03-22,24,747.6493055555555,True,8.010416666666666,0.7760857304004513,2.623237450648618,9309,603096.25,267219.92512874,13149.419999999172,5771.579999999171,6528.75,849.0900000000001,11.923246320614366,37417.09000000001,1.4574168076706149,1.0,0.0,251260.67,1.1658206429780034,0.9453313981615868,0.0023450567492526,782.6844986450749,1181.9800000000105,-8231.65199999991,-2578.679999999935,23926.26000000001,-36663.669999999925,0.6178861788617886,0.5176151761517616,0.4119241192411924,0.3143631436314363,0.2520325203252032,0.2682926829268293,0.1978319783197832,-75325.17999999996,8.0,369.0,0.1375490814775397,0.3908054891894447,0.6123804051776084,175941.8200000326,111948.64000003257,249454.5300000336,367758.50000002905,217868.70000002428,32,24222.47869698889,12033.774166668023,0.0066736280455593,0.0029289900379546,268441.59000002884,267455.34000002884,986.25,7,-117280.20999999724,75784.55000000002,2020-03-22,24,747.6493055555555,True,8.010416666666666,0.771608832807571,2.6965299684542585,8555,603096.25,283770.40918091394,12108.409999999252,5304.099999999254,6010.0,794.3100000000001,12.321004318808898,330.0,32,169388.01000001153,168401.76000001156,986.25,7,-117280.20999999992,33471.75000000006,2022-10-13,24,747.6493055555555,True,8.010416666666666,0.7470534904805077,2.6065276518585674,5757,603096.25,337292.31982121186,8179.48999999956,3569.339999999559,4025.0,585.1500000000001,13.813806355913156,230.0,32,102285.42000000169,101299.17000000169,986.25,7,-107664.30000000002,50598.38999999999,2025-04-06,19,125.37638888888888,True,7.027777777777778,0.8181818181818182,3.924242424242424,2597,603096.25,328239.3308721302,3610.829999999904,1610.1399999999037,1861.25,139.44,10.34815315823094,69.0,32,33471.75000000006,"{""dataset"": ""2b4f41b124ab"", ""engine"": ""0.2.0"", ""exec"": ""EXEC-1.1"", ""roll"": ""ROLL-1.0""}",125.49632263183594
J_C32_f_rpos1d_30,"{""add_trigger"": ""armed"", ""core_cap"": 16, ""max_total"": 32, ""rec_activation"": ""always"", ""rec_anchor"": ""low60"", ""rec_cap"": 16, ""rec_filter"": ""f_rpos1d_30"", ""rec_spacing"": ""float"", ""rec_step"": 5.0, ""rec_tp"": 3.0, ""recovery"": {""h"": 16, ""layer_x"": 5.0, ""rec_step"": 10.0, ""rec_tp"": 2.0}, ""reversal"": ""ll_fail""}",{},ES-signal / MES-economics proxy backtest,288749.6800000356,287763.4300000356,986.25,7,-119242.2499999993,91766.0500000001,2020-03-22,22,744.8618055555555,True,9.978472222222225,0.8025944726452341,2.8646362098138747,10165,589500.0,260298.8242881478,14174.06999999908,6302.299999999078,7067.5,804.2700000000001,11.558189347222497,44631.28,1.6937394247038915,1.0,0.0,243940.76,1.1708967851099832,0.9436416184971098,0.0001386861518375,782.5194579946763,1169.5400000001537,-7845.41399999992,-2452.399999999907,28688.21000000008,-46743.62999999989,0.6151761517615176,0.5176151761517616,0.4065040650406504,0.3089430894308943,0.2520325203252032,0.2737127371273712,0.1924119241192411,-75868.1799999999,8.0,369.0,0.1743400373638294,0.4518816436436708,0.6617824476895579,158269.0000000355,97660.21000003548,252894.7400000364,356658.5700000311,214905.16000002655,32,24982.25901355595,13124.985454547072,0.0065624345229537,0.0030062350843676,265803.9000000309,264817.6500000309,986.25,7,-119242.2499999993,68820.27000000002,2020-03-22,22,744.8618055555555,True,9.978472222222225,0.7987381703470031,2.931230283911672,9299,589500.0,276849.24622652296,12964.84999999917,5765.3799999991725,6445.0,754.4700000000001,11.966652155802832,330.0,32,174841.09000001242,173854.84000001242,986.25,7,-119242.24999999936,46894.41000000006,2022-10-13,22,744.8618055555555,True,9.978472222222225,0.7887579329102448,2.893925657298277,6391,589500.0,325340.43122668227,8953.909999999489,3962.41999999949,4428.75,562.7400000000001,13.184582190857194,230.0,32,104357.81000000256,103371.56000000254,986.25,7,-119242.25000000006,39054.79999999996,2025-04-06,20,125.28888888888888,True,6.975694444444445,0.8727272727272727,4.266666666666667,2823,589500.0,335649.9696576861,3899.689999999879,1750.259999999879,2007.5,141.93,10.62812910983354,69.0,32,39054.79999999996,"{""dataset"": ""2b4f41b124ab"", ""engine"": ""0.2.0"", ""exec"": ""EXEC-1.1"", ""roll"": ""ROLL-1.0""}",121.4874472618103
J_C32_f_rpos5d_50,"{""add_trigger"": ""armed"", ""core_cap"": 16, ""max_total"": 32, ""rec_activation"": ""always"", ""rec_anchor"": ""low60"", ""rec_cap"": 16, ""rec_filter"": ""f_rpos5d_50"", ""rec_spacing"": ""float"", ""rec_step"": 5.0, ""rec_tp"": 3.0, ""recovery"": {""h"": 16, ""layer_x"": 5.0, ""rec_step"": 10.0, ""rec_tp"": 2.0}, ""reversal"": ""ll_fail""}",{},ES-signal / MES-economics proxy backtest,288986.26000003243,288000.01000003243,986.25,7,-109289.0199999992,91125.68000000015,2020-03-22,22,744.8930555555555,True,25.810416666666665,0.6948674562887761,2.603496897913141,9239,618318.75,247644.88212377529,13003.739999999178,5728.179999999179,6481.25,794.3100000000001,10.9579010481311,35003.28000000001,1.383530738860688,1.0,0.0,253795.38,1.2199661590524535,0.9375866851595008,0.0008685395367602,783.16059620605,1099.6400000002468,-7198.935999999941,-2486.029999999795,25733.25000000012,-41642.32999999984,0.6314363143631436,0.5176151761517616,0.3956639566395664,0.2981029810298103,0.2357723577235772,0.2682926829268293,0.1788617886178861,-75815.61999999988,7.0,369.0,0.1558617008296344,0.4114408761163481,0.6006238843327039,170085.5000000323,115414.21000003228,251010.4800000334,350082.8500000281,218021.5900000244,32,26372.410074767,13135.739090910563,0.0071659586315812,0.0031624340042473,267058.380000029,266072.130000029,986.25,7,-109289.0199999992,69899.03000000003,2020-03-22,22,744.8930555555555,True,25.810416666666665,0.6952681388012618,2.6630914826498424,8449,618318.75,263269.1217025628,11916.619999999266,5238.379999999265,5928.75,749.4900000000001,11.334402335100735,330.0,32,171618.2000000109,170631.95000001093,986.25,7,-109289.01999999926,57593.060000000056,2022-10-13,22,744.8930555555555,True,25.810416666666665,0.6899365367180417,2.641885766092475,5835,618318.75,307498.1772907583,8239.29999999955,3617.699999999551,4086.25,535.3500000000001,12.357830269249789,230.0,32,101874.93000000194,100888.68000000194,986.25,7,-109289.02000000003,48891.10999999996,2025-04-06,21,125.93958333333332,True,19.000694444444445,0.7545454545454545,3.7606060606060607,2489,618318.75,329907.3825949724,3497.569999999916,1543.1799999999157,1802.5,151.89,10.420839439371736,69.0,32,48891.10999999996,"{""dataset"": ""2b4f41b124ab"", ""engine"": ""0.2.0"", ""exec"": ""EXEC-1.1"", ""roll"": ""ROLL-1.0""}",119.93138432502748
J_C32_f_below_pdl,"{""add_trigger"": ""armed"", ""core_cap"": 16, ""max_total"": 32, ""rec_activation"": ""always"", ""rec_anchor"": ""low60"", ""rec_cap"": 16, ""rec_filter"": ""f_below_pdl"", ""rec_spacing"": ""float"", ""rec_step"": 5.0, ""rec_tp"": 3.0, ""recovery"": {""h"": 16, ""layer_x"": 5.0, ""rec_step"": 10.0, ""rec_tp"": 2.0}, ""reversal"": ""ll_fail""}",{},ES-signal / MES-economics proxy backtest,284444.2500000281,283458.0000000281,986.25,7,-107418.01999999944,91368.81000000008,2020-03-22,20,749.0944444444444,True,16.82986111111111,0.626057529610829,2.2820078962210943,8099,589500.0,251789.546366703,11501.999999999303,5021.379999999303,5701.25,779.3700000000001,11.149369188139673,25923.97,1.0699379582628314,1.0,0.0,258317.74,1.212069937958263,0.9325267566309912,0.0100526447028894,770.8516260163364,1214.5900000002002,-7570.395999999902,-2353.719999999972,25671.93000000005,-41686.12999999989,0.6233062330623306,0.5149051490514905,0.4119241192411924,0.3008130081300813,0.2357723577235772,0.2682926829268293,0.1869918699186991,-75290.13999999993,7.0,369.0,0.1583197058825958,0.4155210027975196,0.6080852399019597,166251.69000002806,111477.90000002802,244440.23000002897,350003.34000002494,212862.28000002087,32,25512.138417894566,14222.212500001406,0.0071761853925099,0.0030614917781124,262679.3400000251,261693.09000002508,986.25,7,-107418.0199999995,69603.90000000002,2020-03-22,20,749.0944444444444,True,16.82986111111111,0.625236593059937,2.334384858044164,7407,589500.0,267720.4669614251,10538.159999999378,4592.339999999379,5216.25,729.5700000000002,11.534235721153394,330.0,32,165262.66000000923,164276.4100000092,986.25,7,-107418.01999999944,54172.10000000004,2022-10-13,20,749.0944444444444,True,16.82986111111111,0.5983680870353582,2.2520398912058024,4975,589500.0,312619.0510265429,7096.0899999996445,3084.4999999996444,3473.75,537.8400000000001,12.580388366970828,230.0,32,100620.400000002,99634.150000002,986.25,7,-107418.02000000003,50817.149999999965,2025-04-06,19,125.93055555555556,True,13.045833333333333,0.703030303030303,3.533333333333333,2339,589500.0,326274.7656126705,3259.599999999932,1450.179999999932,1665.0,144.42000000000002,10.286739563371285,69.0,32,50817.149999999965,"{""dataset"": ""2b4f41b124ab"", ""engine"": ""0.2.0"", ""exec"": ""EXEC-1.1"", ""roll"": ""ROLL-1.0""}",118.69806456565856
J_C32_f_not_late,"{""add_trigger"": ""armed"", ""core_cap"": 16, ""max_total"": 32, ""rec_activation"": ""always"", ""rec_anchor"": ""low60"", ""rec_cap"": 16, ""rec_filter"": ""f_not_late"", ""rec_spacing"": ""float"", ""rec_step"": 5.0, ""rec_tp"": 3.0, ""recovery"": {""h"": 16, ""layer_x"": 5.0, ""rec_step"": 10.0, ""rec_tp"": 2.0}, ""reversal"": ""ll_fail""}",{},ES-signal / MES-economics proxy backtest,284638.0700000413,283651.8200000413,986.25,7,-115113.3799999961,100789.37000000002,2020-03-22,25,744.8618055555555,True,6.9631944444444445,0.9148336153412296,3.333897349125776,11829,592240.0,267577.15367686405,16244.429999998898,7333.979999998896,8088.75,821.7000000000002,11.91057404859899,54227.15,2.236322617033277,1.0,0.0,230250.71,1.097574732092499,0.9450154162384378,0.0001386861518375,771.3768834689465,1079.5200000000186,-8450.28999999992,-2701.74000000002,24355.080000000075,-34885.459999999846,0.6178861788617886,0.5121951219512195,0.4092140921409214,0.3252032520325203,0.2601626016260163,0.2710027100271002,0.1978319783197832,-66583.8299999999,7.0,369.0,0.1305561831556637,0.3757363517817016,0.6028254056106244,177689.20000004116,113051.0100000411,249884.7100000422,360846.2300000362,217123.62000003108,32,23897.93043044156,11385.52280000165,0.0067010184521466,0.0028828204234524,260652.58000003695,259666.330000037,986.25,7,-115113.37999999608,69035.28000000003,2020-03-22,25,744.8618055555555,True,6.9631944444444445,0.9129337539432176,3.396845425867508,10775,592240.0,285389.6296617455,14802.41999999901,6680.499999999011,7355.0,766.92,12.395434088837805,330.0,32,163691.38000001374,162705.13000001377,986.25,7,-115113.37999999992,35652.340000000084,2022-10-13,25,744.8618055555555,True,5.993055555555555,0.9102447869446962,3.369900271985494,7441,592240.0,336265.50269699283,10244.869999999377,4613.419999999375,5058.75,572.7,13.73312581471659,230.0,32,94824.46000000194,93838.21000000196,986.25,7,-116318.96,40698.15000000002,2025-04-06,21,125.28611111111113,True,5.1875,0.9515151515151516,4.760606060606061,3149,618318.75,343734.9624713486,4303.039999999844,1952.3799999998437,2203.75,146.91000000000005,10.86551685266599,69.0,32,35652.340000000084,"{""dataset"": ""2b4f41b124ab"", ""engine"": ""0.2.0"", ""exec"": ""EXEC-1.1"", ""roll"": ""ROLL-1.0""}",120.94257187843324
J_C32_f_bull_engulf,"{""add_trigger"": ""armed"", ""core_cap"": 16, ""max_total"": 32, ""rec_activation"": ""always"", ""rec_anchor"": ""low60"", ""rec_cap"": 16, ""rec_filter"": ""f_bull_engulf"", ""rec_spacing"": ""float"", ""rec_step"": 5.0, ""rec_tp"": 3.0, ""recovery"": {""h"": 16, ""layer_x"": 5.0, ""rec_step"": 10.0, ""rec_tp"": 2.0}, ""reversal"": ""ll_fail""}",{},ES-signal / MES-economics proxy backtest,274841.2200000256,273854.9700000256,986.25,7,-105027.94999999796,92336.3300000001,2020-03-22,20,749.5326388888889,True,13.172916666666667,0.7811618725324309,2.107163000564016,7479,580975.0,257819.82336952715,10757.52999999937,4636.979999999371,5323.75,796.8,11.439027123649211,27134.26,0.9452904681331076,1.0,0.0,247521.85,1.161872532430908,0.9461165048543688,0.0030006640124845,744.827154471614,1148.2200000000012,-7976.687999999942,-2382.4800000000105,23015.01000000001,-37493.04999999993,0.6097560975609756,0.5149051490514905,0.4092140921409214,0.2953929539295393,0.2384823848238482,0.2655826558265582,0.1924119241192411,-75390.25999999995,8.0,369.0,0.1448336243013195,0.4015409697278659,0.6076601246348146,164481.21000002557,107831.17000002554,238718.81000002628,347054.70000002306,207913.4600000194,32,24026.62543144205,13742.061000001278,0.0070917042032299,0.0028889444757863,252421.1800000217,251434.93000002173,986.25,7,-105027.94999999796,70873.80000000002,2020-03-22,20,749.5326388888889,True,13.172916666666667,0.7753943217665615,2.131230283911672,6763,580975.0,274064.8437074265,9751.319999999449,4193.059999999449,4813.75,744.51,11.834743705782316,330.0,32,158210.98000000825,157224.73000000825,986.25,7,-105027.94999999995,45682.73000000004,2022-10-13,20,749.5326388888889,True,10.87847222222222,0.7506799637352675,1.9818676337262011,4379,580975.0,322304.05331898684,6361.519999999709,2714.979999999709,3096.25,550.2900000000001,13.048321121949026,230.0,32,94250.13000000124,93263.88000000124,986.25,7,-100024.50999999998,58128.10000000004,2025-04-06,17,125.73680555555556,True,6.925694444444445,0.8212121212121212,3.0727272727272728,2035,580975.0,325572.0489516402,2868.6199999999653,1261.699999999965,1462.5,144.42000000000002,10.247315221884042,69.0,32,45682.73000000004,"{""dataset"": ""2b4f41b124ab"", ""engine"": ""0.2.0"", ""exec"": ""EXEC-1.1"", ""roll"": ""ROLL-1.0""}",119.77370548248292
J_C32_f_not_persist,"{""add_trigger"": ""armed"", ""core_cap"": 16, ""max_total"": 32, ""rec_activation"": ""always"", ""rec_anchor"": ""low60"", ""rec_cap"": 16, ""rec_filter"": ""f_not_persist"", ""rec_spacing"": ""float"", ""rec_step"": 5.0, ""rec_tp"": 3.0, ""recovery"": {""h"": 16, ""layer_x"": 5.0, ""rec_step"": 10.0, ""rec_tp"": 2.0}, ""reversal"": ""ll_fail""}",{},ES-signal / MES-economics proxy backtest,309057.6500000474,308071.4000000474,986.25,7,-118984.87999999525,92342.42000000009,2020-03-22,27,708.7472222222223,True,5.90625,0.961082910321489,3.790186125211506,13447,603096.25,277528.49972227745,18589.849999998933,8337.139999998933,9371.25,881.4600000000002,12.44744075019402,77058.67000000001,2.674562887760857,1.0,5.323306838207895e-05,231898.53,1.1156232374506485,0.948938321536906,0.0005337315540413,837.554607046199,1207.640000000014,-8477.49599999988,-2769.6299999996554,25497.590000000084,-36979.229999999865,0.6178861788617886,0.5257452574525745,0.4227642276422764,0.3306233062330623,0.2655826558265582,0.2737127371273712,0.2086720867208672,-75876.93999999992,8.0,369.0,0.1285662723443147,0.3728452927794615,0.5894375046208117,193826.96000004737,126887.48000004728,271069.8100000487,386727.8800000414,235071.1500000365,32,24829.011537590974,11446.579629631386,0.007039168397247,0.0030179048562015,286098.11000004294,285111.86000004294,986.25,7,-118984.8799999952,70284.13,2020-03-22,27,708.7472222222223,True,5.90625,0.9596214511041008,3.889589905362776,12337,603096.25,294215.2711782926,17050.639999998843,7648.939999998841,8580.0,821.7000000000002,12.836002705910724,330.0,32,186161.8400000152,185175.59000001525,986.25,7,-118984.87999999987,31767.080000000104,2022-10-13,27,708.7472222222223,True,5.764583333333333,0.9537624660018132,3.849501359927471,8499,603096.25,347109.9953898278,11755.65999999926,5269.37999999926,5871.25,615.0300000000001,14.263882770710657,230.0,32,109793.74000000408,108807.49000000404,986.25,7,-118901.36999999997,38217.67000000004,2025-04-06,21,124.80833333333334,True,5.211111111111111,0.9727272727272728,5.3,3505,603096.25,341898.9538853192,4837.509999999805,2173.099999999805,2517.5,146.91000000000005,10.815315823093975,69.0,32,31767.080000000104,"{""dataset"": ""2b4f41b124ab"", ""engine"": ""0.2.0"", ""exec"": ""EXEC-1.1"", ""roll"": ""ROLL-1.0""}",120.45749545097352
J_C32_f_rpos60_05,"{""add_trigger"": ""armed"", ""core_cap"": 16, ""max_total"": 32, ""rec_activation"": ""always"", ""rec_anchor"": ""low60"", ""rec_cap"": 16, ""rec_filter"": ""f_rpos60_05"", ""rec_spacing"": ""float"", ""rec_step"": 5.0, ""rec_tp"": 3.0, ""recovery"": {""h"": 16, ""layer_x"": 5.0, ""rec_step"": 10.0, ""rec_tp"": 2.0}, ""reversal"": ""ll_fail""}",{},ES-signal / MES-economics proxy backtest,277813.0800000163,276826.8300000163,986.25,7,-97962.93999999964,89973.24000000002,2020-03-22,17,758.0409722222222,True,84.0125,0.404399323181049,1.3722504230118444,4873,570240.0,247679.17141328196,7415.669999999656,3021.2599999996555,3625.0,769.4100000000003,10.95766009845316,2850.78,0.1144952058657642,1.0,0.0,274749.8,1.2577552171460802,0.927354260089686,0.014774978216468,752.8809756098003,1137.0700000001816,-7746.701999999955,-2360.5899999999965,23006.25,-35367.45999999996,0.6205962059620597,0.5203252032520326,0.4092140921409214,0.2953929539295393,0.2384823848238482,0.2655826558265582,0.1978319783197832,-74803.53,7.0,369.0,0.1337320042670338,0.372633714726441,0.5579202030372037,174290.5600000163,122815.55000001629,241553.46000001655,346922.60000001587,211438.8000000116,32,25353.32155806091,16341.9458823539,0.0076853652576147,0.0030397427902951,257950.89000001425,256964.64000001425,986.25,7,-97962.93999999964,70111.05000000002,2020-03-22,17,758.0409722222222,True,84.0125,0.3974763406940063,1.408832807570978,4473,570240.0,263675.7451041494,6831.6099999997,2773.259999999699,3336.25,722.1000000000003,11.356942195608532,330.0,32,162341.76000000676,161355.5100000068,986.25,7,-97962.94,52747.10999999999,2022-10-13,17,758.0409722222222,True,84.0125,0.3372620126926564,1.271985494106981,2813,570240.0,309380.13369218324,4339.489999999881,1744.05999999988,2080.0,515.4300000000001,12.462100507933654,230.0,32,98874.6700000013,97888.4200000013,986.25,7,-100014.75,58055.30000000002,2025-04-06,17,126.13263888888888,True,37.05486111111111,0.5636363636363636,2.5545454545454547,1693,570240.0,317636.5448652914,2431.5800000000027,1049.6600000000024,1237.5,144.42000000000002,10.010814263705708,69.0,32,52747.10999999999,"{""dataset"": ""2b4f41b124ab"", ""engine"": ""0.2.0"", ""exec"": ""EXEC-1.1"", ""roll"": ""ROLL-1.0""}",126.43940567970276
J_C32_f_deep_or_multi,"{""add_trigger"": ""armed"", ""core_cap"": 16, ""max_total"": 32, ""rec_activation"": ""always"", ""rec_anchor"": ""low60"", ""rec_cap"": 16, ""rec_filter"": ""f_deep_or_multi"", ""rec_spacing"": ""float"", ""rec_step"": 5.0, ""rec_tp"": 3.0, ""recovery"": {""h"": 16, ""layer_x"": 5.0, ""rec_step"": 10.0, ""rec_tp"": 2.0}, ""reversal"": ""ll_fail""}",{},ES-signal / MES-economics proxy backtest,289659.39000003634,288673.14000003634,986.25,7,-119215.96999999932,91906.12000000008,2020-03-22,22,722.2020833333333,True,9.978472222222225,0.8082346305696559,2.918781725888325,10357,589500.0,260577.6644744215,14410.609999999058,6421.339999999057,7185.0,804.2700000000001,11.569016673157366,46207.29,1.7507050197405527,1.0,0.0,243274.46,1.168076706147772,0.9439884113954612,0.0001386861518375,784.984796748066,1169.5400000001537,-7838.405999999913,-2426.119999999879,28696.97000000009,-46734.86999999988,0.6151761517615176,0.5176151761517616,0.4065040650406504,0.3089430894308943,0.2520325203252032,0.2710027100271002,0.1924119241192411,-75868.1799999999,8.0,369.0,0.1737925015998745,0.4504926976473426,0.6608886734173406,159169.95000003628,98226.78000003623,253708.1600000372,357393.0800000317,215633.4300000272,32,25037.51167306285,13166.33590909256,0.0065845607492693,0.0030124792097256,266628.55000003154,265642.30000003154,986.25,7,-119215.96999999932,68875.28000000003,2020-03-22,22,722.2020833333333,True,9.978472222222225,0.8050473186119874,2.98801261829653,9479,589500.0,277153.1339335768,13185.199999999151,5876.979999999153,6553.75,754.4700000000001,11.978232138327158,330.0,32,175426.82000001264,174440.5700000126,986.25,7,-119215.9699999993,47034.57000000007,2022-10-13,22,722.2020833333333,True,9.978472222222225,0.7969174977334542,2.9601087941976427,6537,589500.0,325877.42288847937,9138.179999999476,4052.939999999474,4522.5,562.7400000000001,13.206603137501686,230.0,32,104626.81000000262,103640.56000000265,986.25,7,-119215.97000000006,39108.59999999995,2025-04-06,20,125.28541666666666,True,6.975694444444445,0.8757575757575757,4.342424242424243,2873,589500.0,335791.13756434823,3961.9399999998736,1781.2599999998736,2038.75,141.93,10.63201442903844,69.0,32,39108.59999999995,"{""dataset"": ""2b4f41b124ab"", ""engine"": ""0.2.0"", ""exec"": ""EXEC-1.1"", ""roll"": ""ROLL-1.0""}",121.98485040664671
L_C32_cool1,"{""add_trigger"": ""armed"", ""core_cap"": 16, ""max_total"": 32, ""rec_activation"": ""always"", ""rec_anchor"": ""low60"", ""rec_cap"": 16, ""rec_cooldown_bars"": 1, ""rec_spacing"": ""float"", ""rec_step"": 5.0, ""rec_tp"": 3.0, ""recovery"": {""h"": 16, ""layer_x"": 5.0, ""rec_step"": 10.0, ""rec_tp"": 2.0}, ""reversal"": ""ll_fail""}",{},ES-signal / MES-economics proxy backtest,306259.2300000502,305272.9800000502,986.25,7,-122423.09999999474,102673.00000000012,2020-03-22,27,708.1965277777778,True,5.764583333333333,0.9655950366610264,4.018612521150592,14257,592240.0,282495.7598425142,19600.769999999586,8839.339999999582,9872.5,888.9300000000001,12.618655108553432,83627.22,2.945290468133108,1.0,0.0016740399135943,222539.03,1.0733220530174843,0.9511297950604308,0.0005337315540413,829.9708130082662,1223.460000000312,-8748.87199999988,-2709.879999999888,26631.340000000084,-39096.05999999982,0.6151761517615176,0.5230352303523035,0.4200542005420054,0.3252032520325203,0.2682926829268293,0.2737127371273712,0.2086720867208672,-66970.59999999989,8.0,369.0,0.1384060816713771,0.3856846045096525,0.6152311229933193,188139.76000005016,117839.02000005003,266802.0500000521,385506.8800000436,232715.0100000385,32,24270.354278282422,11342.934444446304,0.0067795278261071,0.0029379938781062,282524.2600000461,281538.0100000461,986.25,7,-122423.09999999472,79621.77000000002,2020-03-22,27,708.1965277777778,True,5.764583333333333,0.96403785488959,4.117350157728707,13059,592240.0,299818.89953562623,17946.98999999876,8096.579999998762,9018.75,831.6600000000001,13.03079382776753,330.0,32,182149.46000001612,181163.2100000161,986.25,7,-122423.09999999987,28356.38000000012,2022-10-13,27,708.1965277777778,True,5.764583333333333,0.9610154125113328,4.080689029918404,9009,592240.0,356790.78244257654,12406.789999999206,5585.579999999204,6188.75,632.4600000000002,14.664379466894411,230.0,32,108695.9000000036,107709.6500000036,986.25,7,-119163.12999999998,38016.57000000004,2025-04-06,21,124.80833333333334,True,5.1875,0.9757575757575756,5.572727272727272,3685,618318.75,344913.872721978,5057.849999999785,2284.699999999785,2623.75,149.40000000000003,10.909502874535002,69.0,32,28356.38000000012,"{""dataset"": ""2b4f41b124ab"", ""engine"": ""0.2.0"", ""exec"": ""EXEC-1.1"", ""roll"": ""ROLL-1.0""}",121.59418749809264
L_C32_cool2,"{""add_trigger"": ""armed"", ""core_cap"": 16, ""max_total"": 32, ""rec_activation"": ""always"", ""rec_anchor"": ""low60"", ""rec_cap"": 16, ""rec_cooldown_bars"": 2, ""rec_spacing"": ""float"", ""rec_step"": 5.0, ""rec_tp"": 3.0, ""recovery"": {""h"": 16, ""layer_x"": 5.0, ""rec_step"": 10.0, ""rec_tp"": 2.0}, ""reversal"": ""ll_fail""}",{},ES-signal / MES-economics proxy backtest,304336.2400000498,303349.9900000498,986.25,7,-122654.45999999484,102641.72000000007,2020-03-22,27,708.7034722222222,True,5.764583333333333,0.9655950366610264,3.990975747320925,14159,592240.0,282534.6925650214,19470.009999999504,8778.579999999503,9802.5,888.9300000000001,12.618947890429537,82845.56000000001,2.922165820642978,1.0,0.0016768416540354,221397.7,1.068809926677947,0.9530343007915568,0.0005337315540413,824.7594579947149,1223.460000000312,-8748.87199999988,-2661.8099999999977,26631.340000000084,-39096.05999999982,0.6151761517615176,0.5230352303523035,0.4200542005420054,0.3252032520325203,0.2682926829268293,0.2737127371273712,0.2086720867208672,-66979.3599999999,8.0,369.0,0.139280619357041,0.3880928212820818,0.619060976766912,186225.5300000497,115933.55000004964,264910.34000005166,383850.2800000433,232305.98000003837,32,24117.40207207485,11271.712592594438,0.0067242516741319,0.0029191440191186,280623.7900000457,279637.5400000457,986.25,7,-122654.4599999948,79613.01000000001,2020-03-22,27,708.7034722222222,True,5.764583333333333,0.96403785488959,4.08769716088328,12965,592240.0,299877.2124186896,17821.209999998773,8038.299999998772,8951.25,831.6600000000001,13.03215304681163,330.0,32,180302.790000016,179316.540000016,986.25,7,-122654.4599999999,28125.020000000102,2022-10-13,27,708.7034722222222,True,5.764583333333333,0.9610154125113328,4.042611060743427,8925,592240.0,356875.28459455207,12293.459999999215,5533.499999999213,6127.5,632.4600000000002,14.66637524160561,230.0,32,107185.7000000035,106199.45000000352,986.25,7,-119180.64999999997,37999.05000000005,2025-04-06,21,125.05555555555556,True,5.1875,0.9757575757575756,5.512121212121212,3645,618318.75,345411.5000281817,5001.799999999789,2259.899999999789,2592.5,149.40000000000003,10.924262578439109,69.0,32,28125.020000000102,"{""dataset"": ""2b4f41b124ab"", ""engine"": ""0.2.0"", ""exec"": ""EXEC-1.1"", ""roll"": ""ROLL-1.0""}",122.50236797332764
L_C32_cool5,"{""add_trigger"": ""armed"", ""core_cap"": 16, ""max_total"": 32, ""rec_activation"": ""always"", ""rec_anchor"": ""low60"", ""rec_cap"": 16, ""rec_cooldown_bars"": 5, ""rec_spacing"": ""float"", ""rec_step"": 5.0, ""rec_tp"": 3.0, ""recovery"": {""h"": 16, ""layer_x"": 5.0, ""rec_step"": 10.0, ""rec_tp"": 2.0}, ""reversal"": ""ll_fail""}",{},ES-signal / MES-economics proxy backtest,308014.05000004906,307027.80000004906,986.25,7,-122904.73999999504,102690.43000000012,2020-03-22,27,708.7180555555556,True,5.764583333333333,0.9661590524534688,3.9396503102086857,13977,603096.25,279165.8088116838,19237.19999999936,8665.739999999358,9690.0,881.46,12.502898400486382,81167.84000000001,2.8392554991539765,1.0,0.0015297502808744,226745.75999999995,1.1003948110547097,0.9507944643772424,0.0001989235713225,834.7264227643606,1234.0000000002328,-8372.855999999865,-2661.8099999999977,26631.340000000084,-36576.06999999983,0.6151761517615176,0.5230352303523035,0.4227642276422764,0.3279132791327913,0.2655826558265582,0.2764227642276423,0.2032520325203252,-66979.3599999999,8.0,369.0,0.129001875076782,0.3709715839260639,0.596073263540968,193749.590000049,124415.11000004892,268635.7000000508,387795.8900000428,232679.3400000375,32,24635.411736855094,11407.927777779594,0.0067916536234842,0.0029900739862002,284252.890000045,283266.640000045,986.25,7,-122904.7399999951,79613.01000000001,2020-03-22,27,708.7180555555556,True,5.764583333333333,0.9646687697160884,4.032807570977918,12791,603096.25,296297.9037452122,17599.60999999879,7930.419999998791,8845.0,824.19,12.915382350822576,330.0,32,184283.36000001617,183297.1100000161,986.25,7,-122904.7399999999,27874.740000000107,2022-10-13,27,708.7180555555556,True,5.764583333333333,0.9619220308250228,3.983680870353581,8795,603096.25,351751.2932530229,12130.389999999226,5452.899999999228,6052.5,624.9900000000001,14.49948981885198,230.0,32,111779.5700000042,110793.3200000042,986.25,7,-118959.41999999998,38220.28000000003,2025-04-06,21,125.06180555555557,True,5.1875,0.9787878787878788,5.551515151515152,3671,618318.75,337298.79513771465,5037.929999999787,2276.0199999997867,2615.0,146.91000000000005,10.684289632886184,69.0,32,27874.740000000107,"{""dataset"": ""2b4f41b124ab"", ""engine"": ""0.2.0"", ""exec"": ""EXEC-1.1"", ""roll"": ""ROLL-1.0""}",120.11259746551514
L_C32_cool3,"{""add_trigger"": ""armed"", ""core_cap"": 16, ""max_total"": 32, ""rec_activation"": ""always"", ""rec_anchor"": ""low60"", ""rec_cap"": 16, ""rec_cooldown_bars"": 3, ""rec_spacing"": ""float"", ""rec_step"": 5.0, ""rec_tp"": 3.0, ""recovery"": {""h"": 16, ""layer_x"": 5.0, ""rec_step"": 10.0, ""rec_tp"": 2.0}, ""reversal"": ""ll_fail""}",{},ES-signal / MES-economics proxy backtest,303963.28000004945,302977.03000004945,986.25,7,-122738.29999999488,102627.96000000008,2020-03-22,27,708.7111111111111,True,5.764583333333333,0.9655950366610264,3.965031020868584,14067,592240.0,282329.60503514786,19355.46999999943,8721.53999999943,9745.0,888.9300000000001,12.611838474060086,82448.84000000001,2.895657078398195,1.0,0.0016768416540354,221421.46,1.0693739424703892,0.953059071729958,0.0005337315540413,823.7487262873968,1223.460000000312,-8755.879999999886,-2664.1599999998,26631.340000000084,-39104.81999999983,0.6151761517615176,0.5203252032520326,0.4200542005420054,0.3252032520325203,0.2682926829268293,0.2737127371273712,0.2086720867208672,-66979.3599999999,8.0,369.0,0.1394515153277498,0.3885690074142536,0.619820558588424,185852.57000004937,115560.59000004928,264536.14000005124,383561.160000043,231939.38000003807,32,24101.425071787777,11257.89925926109,0.006711423624797,0.0029176845488267,280264.59000004537,279278.34000004537,986.25,7,-122738.29999999492,79613.01000000001,2020-03-22,27,708.7111111111111,True,5.764583333333333,0.96403785488959,4.059305993690852,12875,592240.0,299648.0312248474,17709.15999999878,7982.499999998782,8895.0,831.6600000000001,13.024210697742882,330.0,32,180028.67000001587,179042.4200000159,986.25,7,-122738.2999999999,28041.18000000011,2022-10-13,27,708.7111111111111,True,5.764583333333333,0.9610154125113328,4.009066183136899,8851,592240.0,356548.5860705938,12201.32999999922,5487.619999999221,6081.25,632.4600000000002,14.65509057400998,230.0,32,107033.06000000336,106046.81000000336,986.25,7,-119206.92999999996,37972.77000000005,2025-04-06,21,125.05902777777776,True,5.1875,0.9757575757575756,5.46969696969697,3617,618318.75,345361.798275279,4966.939999999792,2242.5399999997926,2575.0,149.40000000000003,10.922691917483936,69.0,32,28041.18000000011,"{""dataset"": ""2b4f41b124ab"", ""engine"": ""0.2.0"", ""exec"": ""EXEC-1.1"", ""roll"": ""ROLL-1.0""}",120.79324460029602
N_C32_tp_inv,"{""add_trigger"": ""armed"", ""core_cap"": 16, ""max_total"": 32, ""rec_activation"": ""always"", ""rec_anchor"": ""low60"", ""rec_cap"": 16, ""rec_spacing"": ""float"", ""rec_step"": 5.0, ""rec_tp"": 3.0, ""rec_tp_mode"": ""inv"", ""recovery"": {""h"": 16, ""layer_x"": 5.0, ""rec_step"": 10.0, ""rec_tp"": 2.0}, ""reversal"": ""ll_fail""}",{},ES-signal / MES-economics proxy backtest,294609.7800000473,293569.7800000473,1040.0,8,-135335.5999999948,102627.47000000006,2020-03-22,27,713.8090277777778,True,25.010416666666668,0.9537507050197406,3.786802030456853,13436,589160.0,299962.73609040934,18615.219999998924,8330.319999998925,9326.25,958.6500000000002,13.407291809672168,98813.8,2.822899041173153,1.0,0.020532554823056,195719.59,0.9639029892837,0.96255119953189,0.001159920542641,798.4004878050063,1173.290000000008,-9208.305999999937,-2909.749999999767,28898.840000000084,-39087.29999999981,0.6097560975609756,0.5257452574525745,0.4146341463414634,0.3360433604336043,0.2764227642276423,0.2818428184281842,0.2168021680216802,-66950.59999999989,8.0,369.0,0.1438789302921077,0.4123105824931561,0.6672223508668607,173139.05000004722,98039.55000004712,253871.00000004907,383149.2600000407,222290.77000003576,32,21973.847081295906,10911.473333335083,0.0058994121857444,0.0026616655729009,271239.0700000427,270199.0700000427,1040.0,8,-135335.59999999477,79964.26000000001,2020-03-22,27,713.8090277777778,True,25.010416666666668,0.9514195583596214,3.8921135646687697,12346,589160.0,319172.356029264,17089.67999999884,7654.51999999884,8541.25,893.9100000000001,13.901087062051168,330.0,32,172665.48000001523,171625.48000001526,1040.0,8,-135335.5999999999,15493.88000000012,2022-10-13,27,713.8090277777778,True,25.010416666666668,0.941069809610154,3.874886672710789,8556,589160.0,381025.9203347642,11864.519999999253,5304.719999999254,5887.5,672.3000000000001,15.73430350159572,230.0,32,100435.53000000336,99395.53000000336,1040.0,8,-112656.23999999996,44792.18000000005,2025-04-06,20,124.80763888888887,True,5.1875,0.9757575757575756,5.2696969696969695,3486,589160.0,349285.1586724533,4780.719999999807,2161.319999999807,2470.0,149.39999999999998,10.994949836546049,69.0,32,15493.88000000012,"{""dataset"": ""2b4f41b124ab"", ""engine"": ""0.2.0"", ""exec"": ""EXEC-1.1"", ""roll"": ""ROLL-1.0""}",118.90604829788208
N_C32_tp_atr0.3,"{""add_trigger"": ""armed"", ""core_cap"": 16, ""max_total"": 32, ""rec_activation"": ""always"", ""rec_anchor"": ""low60"", ""rec_cap"": 16, ""rec_spacing"": ""float"", ""rec_step"": 5.0, ""rec_tp"": 3.0, ""rec_tp_atr_k"": 0.3, ""rec_tp_mode"": ""atr"", ""recovery"": {""h"": 16, ""layer_x"": 5.0, ""rec_step"": 10.0, ""rec_tp"": 2.0}, ""reversal"": ""ll_fail""}",{},ES-signal / MES-economics proxy backtest,301130.13000005134,300143.88000005134,986.25,7,-122363.00999999464,90930.62000000013,2020-03-22,27,708.1527777777778,True,5.764583333333333,0.9650310208685844,4.2148900169204735,14953,589751.25,279738.38246418675,20337.370000000137,9270.86000000014,10197.5,869.01,12.49083690788718,75424.52,3.1455160744500845,1.0,0.0017006564477853,225592.71,1.0693739424703892,0.9498945147679324,0.0005085158900709,816.0708130082692,1061.7400000004563,-8456.759999999776,-2695.229999999632,26631.340000000084,-36558.54999999981,0.6124661246612466,0.5040650406504065,0.4146341463414634,0.3224932249322493,0.2682926829268293,0.2682926829268293,0.2059620596205962,-75828.12999999992,8.0,369.0,0.1319508944521534,0.3883270664412762,0.6190438333087706,184193.15000005128,114717.38000005114,262369.7300000527,380447.0300000446,227992.4000000393,32,24108.08276664845,11152.96777777968,0.0066692606941289,0.0029172643590042,278782.55000004615,277796.30000004615,986.25,7,-122363.00999999464,75034.97000000003,2020-03-22,27,708.1527777777778,True,5.764583333333333,0.9634069400630916,4.251104100946372,13483,589751.25,297899.9357913849,18373.699999998964,8359.459999998962,9202.5,811.74,12.961937169003544,330.0,32,179737.56000001624,178751.3100000162,986.25,7,-122363.0099999999,28400.22000000012,2022-10-13,27,708.1527777777778,True,5.764583333333333,0.9601087941976428,4.1396192203082505,9139,589751.25,354618.75352856563,12511.18999999919,5666.17999999919,6225.0,620.0100000000001,14.5723625657392,230.0,32,101980.87000000352,100994.62000000352,986.25,7,-118881.82999999996,38287.90000000005,2025-04-06,21,124.80208333333331,True,5.1875,0.9787878787878788,5.566666666666666,3681,618318.75,352906.2674632698,5021.6299999997855,2282.2199999997856,2592.5,146.91000000000005,11.137406530642918,69.0,32,28400.22000000012,"{""dataset"": ""2b4f41b124ab"", ""engine"": ""0.2.0"", ""exec"": ""EXEC-1.1"", ""roll"": ""ROLL-1.0""}",119.97717833518982
N_C32_tp_vol,"{""add_trigger"": ""armed"", ""core_cap"": 16, ""max_total"": 32, ""rec_activation"": ""always"", ""rec_anchor"": ""low60"", ""rec_cap"": 16, ""rec_spacing"": ""float"", ""rec_step"": 5.0, ""rec_tp"": 3.0, ""rec_tp_mode"": ""vol"", ""recovery"": {""h"": 16, ""layer_x"": 5.0, ""rec_step"": 10.0, ""rec_tp"": 2.0}, ""reversal"": ""ll_fail""}",{},ES-signal / MES-economics proxy backtest,306079.50000005064,305039.50000005064,1040.0,8,-122339.2599999946,90867.61999999997,2020-03-22,27,708.1444444444444,True,5.764583333333333,0.964467005076142,4.14156796390299,14694,589160.0,280602.7160176902,20099.24999999993,9110.279999999932,10110.0,878.97,12.552238450525468,79123.16,3.068809926677947,1.0,0.0017006564477853,226800.27,1.0727580372250425,0.9495268138801262,0.0005463393860265,829.4837398375356,1103.8700000001118,-8506.617999999877,-2764.589999999618,26631.340000000084,-36558.54999999981,0.6151761517615176,0.5094850948509485,0.4227642276422764,0.3224932249322493,0.2710027100271002,0.2737127371273712,0.2059620596205962,-75632.4499999999,8.0,369.0,0.1298172206893746,0.3820477359639595,0.6090337641036704,189142.5200000505,119666.7500000504,267574.340000052,385207.0200000439,232557.61000003875,32,24384.455506199967,11336.277777779653,0.0067801925550111,0.0029560787992702,281829.7500000455,280789.7500000455,1040.0,8,-122339.25999999464,69195.52000000002,2020-03-22,27,708.1444444444444,True,5.764583333333333,0.96403785488959,4.189905362776026,13290,589160.0,298732.272452169,18196.49999999881,8239.799999998808,9135.0,821.7,13.024444019905982,330.0,32,182979.20000001573,181939.20000001573,1040.0,8,-122339.2599999999,28440.22000000012,2022-10-13,27,708.1444444444444,True,5.764583333333333,0.9601087941976428,4.116047144152312,9088,589160.0,354184.8698391918,12487.049999999195,5634.559999999196,6227.5,624.9900000000001,14.560390164966062,230.0,32,106475.04000000356,105435.04000000356,1040.0,8,-119139.34999999998,38104.10000000004,2025-04-06,21,124.80833333333334,True,5.1875,0.9757575757575756,5.496969696969697,3636,618318.75,351970.36728290684,4993.709999999791,2254.3199999997905,2587.5,151.89,11.113726374328335,69.0,32,28440.22000000012,"{""dataset"": ""2b4f41b124ab"", ""engine"": ""0.2.0"", ""exec"": ""EXEC-1.1"", ""roll"": ""ROLL-1.0""}",120.94791316986084
AF_C32_core_deep,"{""add_trigger"": ""armed"", ""core_cap"": 16, ""core_filter"": ""f_core_deep"", ""max_total"": 32, ""rec_activation"": ""always"", ""rec_anchor"": ""low60"", ""rec_cap"": 16, ""rec_spacing"": ""float"", ""rec_step"": 5.0, ""rec_tp"": 3.0, ""recovery"": {""h"": 16, ""layer_x"": 5.0, ""rec_step"": 10.0, ""rec_tp"": 2.0}, ""reversal"": ""ll_fail""}",{},ES-signal / MES-economics proxy backtest,215119.81000003815,215119.81000003815,0.0,0,-106786.73999999458,88112.50999999957,2020-03-22,24,707.0125,True,7.779861111111111,0.964467005076142,3.578680203045685,12690,544480.0,198661.95119683348,17236.4399999988,7867.799999998802,8718.75,649.8900000000003,9.28232998338568,88989.43000000002,2.9994359842075577,1.0,0.0056567139507061,126780.27,0.5792442188381275,0.9707887049659202,0.0001961218308813,582.9805149052526,496.4800000002142,-7322.345999999856,-1273.5099999997765,24363.840000000084,-39087.29999999981,0.6775067750677507,0.4173441734417344,0.3170731707317073,0.2411924119241192,0.1897018970189702,0.2249322493224932,0.1653116531165311,-70106.88000000009,7.0,369.0,0.1970443354333219,0.5432473652704479,0.8443328859390864,98256.54000003808,33487.080000038,187656.25000003824,284174.27000003145,170203.06000002805,32,23175.19527802592,8963.325416668258,0.0054592968649973,0.0029345353319702,200758.26000003464,200758.26000003464,0.0,0,-106786.73999999458,73750.96000000002,2020-03-22,24,707.0125,True,7.779861111111111,0.9627760252365932,3.67192429022082,11640,544480.0,211686.54156266345,15826.739999998916,7216.799999998917,7972.5,637.4400000000003,9.6692368642754,330.0,32,131756.1400000099,131756.14000000988,0.0,0,-106786.73999999987,43653.97000000012,2022-10-13,24,707.0125,True,7.779861111111111,0.9628286491387126,3.670897552130553,8098,544480.0,258597.37248561604,10960.109999999304,5020.759999999304,5466.25,473.1,11.236377938598462,230.0,32,64992.559999997495,64992.55999999748,0.0,0,-94102.88999999996,56491.880000000034,2025-04-06,18,108.52083333333331,True,4.730555555555555,0.9848484848484848,4.457575757575758,2942,544480.0,162939.85465749822,3927.4399999998654,1824.039999999866,2016.25,87.15,5.39170330289708,69.0,32,43653.97000000012,"{""dataset"": ""2b4f41b124ab"", ""engine"": ""0.2.0"", ""exec"": ""EXEC-1.1"", ""roll"": ""ROLL-1.0""}",86.70345616340637
N_C32_late_tp2,"{""add_trigger"": ""armed"", ""core_cap"": 16, ""late_rec_tp"": 2.0, ""max_total"": 32, ""rec_activation"": ""always"", ""rec_anchor"": ""low60"", ""rec_cap"": 16, ""rec_spacing"": ""float"", ""rec_step"": 5.0, ""rec_tp"": 3.0, ""recovery"": {""h"": 16, ""layer_x"": 5.0, ""rec_step"": 10.0, ""rec_tp"": 2.0}, ""reversal"": ""ll_fail""}",{},ES-signal / MES-economics proxy backtest,306082.9300000512,305096.6800000512,986.25,7,-122344.2599999946,101765.63000000006,2020-03-22,27,708.1444444444444,True,5.764583333333333,0.9655950366610264,4.086858432036097,14499,592240.0,281683.443195413,19880.81999999977,8989.379999999775,10005.0,886.44,12.585740261850662,79874.6,3.009024252679075,1.0,0.0017006564477853,226112.86,1.077834179357022,0.9534275248560964,0.0005337315540413,829.4930352304909,1192.640000000043,-8748.87199999988,-2740.4400000000314,26631.340000000084,-39087.29999999981,0.6233062330623306,0.5230352303523035,0.4146341463414634,0.3252032520325203,0.2682926829268293,0.2737127371273712,0.2059620596205962,-66970.59999999989,8.0,369.0,0.1384858018707313,0.3859353737889935,0.6156427279364084,187954.70000005103,117645.20000005094,267174.36000005255,385282.3300000444,232998.4200000392,32,24319.819385422736,11336.40481481671,0.0067799914375265,0.0029447702918593,283311.6000000457,282325.3500000457,986.25,7,-122344.25999999464,79406.77000000002,2020-03-22,27,708.1444444444444,True,5.764583333333333,0.9646687697160884,4.186750788643534,13279,592240.0,299094.24957759294,18202.1499999988,8232.979999998799,9140.0,829.1700000000001,13.0064515926978,330.0,32,185354.1700000165,184367.92000001643,986.25,7,-122344.2599999999,28430.22000000012,2022-10-13,27,708.1444444444444,True,5.764583333333333,0.9610154125113328,4.167724388032639,9201,592240.0,355136.2089916618,12633.329999999183,5704.619999999183,6296.25,632.4600000000002,14.602726210275543,230.0,32,107768.71000000351,106782.46000000351,986.25,7,-119136.84999999998,38011.61000000005,2025-04-06,21,124.80833333333334,True,5.1875,0.9757575757575756,5.666666666666667,3747,618318.75,344817.2011141172,5128.789999999778,2323.1399999997784,2656.25,149.40000000000003,10.906609551722845,69.0,32,28430.22000000012,"{""dataset"": ""2b4f41b124ab"", ""engine"": ""0.2.0"", ""exec"": ""EXEC-1.1"", ""roll"": ""ROLL-1.0""}",119.93697166442873
Y_C32_no_gapdown_core,"{""add_trigger"": ""armed"", ""core_cap"": 16, ""core_filter"": ""f_no_gapdown_shock"", ""max_total"": 32, ""rec_activation"": ""always"", ""rec_anchor"": ""low60"", ""rec_cap"": 16, ""rec_spacing"": ""float"", ""rec_step"": 5.0, ""rec_tp"": 3.0, ""recovery"": {""h"": 16, ""layer_x"": 5.0, ""rec_step"": 10.0, ""rec_tp"": 2.0}, ""reversal"": ""ll_fail""}",{},ES-signal / MES-economics proxy backtest,300978.23000005,299991.98000005,986.25,7,-122339.25999999464,107582.28,2020-03-22,27,708.1444444444444,True,5.764583333333333,0.9655950366610264,4.033276931754089,14309,589160.0,281982.02488786035,19656.769999999626,8871.579999999623,9898.75,886.4399999999999,12.58043236458488,85009.21000000002,2.987027636773829,1.0,0.0017006564477853,215873.55,1.0462492949802595,0.955256064690027,0.0005267272029384,815.6591598917344,1175.7399999999907,-8441.563999999826,-2694.879999999888,26631.340000000084,-39087.29999999981,0.6151761517615176,0.5257452574525745,0.4227642276422764,0.3306233062330623,0.2655826558265582,0.2737127371273712,0.2086720867208672,-62284.3899999999,8.0,369.0,0.140834571324288,0.3880703597731327,0.6216736340032605,184177.50000004988,113868.00000004975,262638.44000005146,380107.0000000433,228981.4600000382,32,23924.315260207783,11147.341851853704,0.0066671905641064,0.0028925927467047,277687.0500000452,276700.8000000452,986.25,7,-122339.25999999464,84291.1,2020-03-22,27,708.1444444444444,True,5.764583333333333,0.9634069400630916,4.138170347003155,13125,589160.0,299016.7181691413,18000.449999998757,8137.499999998755,9041.25,821.7,12.972455457389737,330.0,32,179854.7300000164,178868.4800000164,986.25,7,-122339.2599999999,28440.22000000012,2022-10-13,27,708.1444444444444,True,5.764583333333333,0.9601087941976428,4.106074342701723,9065,589160.0,356443.07085224974,12464.019999999198,5620.299999999198,6213.75,629.9700000000001,14.645732008810176,230.0,32,107163.52000000354,106177.27000000354,986.25,7,-111944.97,45518.50000000003,2025-04-06,20,124.02916666666668,True,5.1875,0.9757575757575756,5.615151515151515,3713,589160.0,339409.0216999211,5078.979999999782,2302.059999999782,2632.5,144.42000000000002,10.701161086686955,69.0,32,28440.22000000012,"{""dataset"": ""2b4f41b124ab"", ""engine"": ""0.2.0"", ""exec"": ""EXEC-1.1"", ""roll"": ""ROLL-1.0""}",121.03366827964784
AA_C32_gov_mom30,"{""add_trigger"": ""armed"", ""core_cap"": 16, ""gov"": ""mom30"", ""gov_action"": ""core"", ""gov_x"": 1.5, ""max_total"": 32, ""rec_activation"": ""always"", ""rec_anchor"": ""low60"", ""rec_cap"": 16, ""rec_spacing"": ""float"", ""rec_step"": 5.0, ""rec_tp"": 3.0, ""recovery"": {""h"": 16, ""layer_x"": 5.0, ""rec_step"": 10.0, ""rec_tp"": 2.0}, ""reversal"": ""ll_fail""}",{},ES-signal / MES-economics proxy backtest,278702.2000000487,277777.2000000487,925.0,7,-127684.1999999946,92362.02999999994,2020-03-22,28,708.1534722222223,True,5.764583333333333,0.9655950366610264,3.8984771573604062,13831,604647.5,288697.2117674499,19100.299999999243,8575.21999999924,9611.25,913.8300000000002,12.883339730640676,85112.88,2.982515510434292,1.0,0.0017006564477853,193582.49,0.915961646926114,0.9532019704433498,7.984960257311842e-05,755.2905149052809,1110.1599999999744,-8900.075999999837,-2643.499999999767,27765.090000000084,-39087.29999999981,0.6124661246612466,0.5149051490514905,0.4065040650406504,0.3197831978319783,0.2628726287262872,0.2764227642276423,0.2032520325203252,-72941.8899999999,8.0,369.0,0.152091156797444,0.434610778099272,0.6954788300916404,157575.22000004858,84870.72000004846,235932.80000005,361861.5300000419,222212.92000003805,32,21632.760280100843,9953.65000000174,0.0059153013051365,0.0026162030117342,258258.73000004387,257333.7300000439,925.0,7,-127684.1999999946,71918.56000000003,2020-03-22,28,708.1534722222223,True,5.764583333333333,0.9634069400630916,4.0,12687,604647.5,307853.92708016885,17490.019999998804,7865.939999998803,8772.5,851.58,13.40069558191174,330.0,32,159096.4500000145,158171.4500000145,925.0,7,-127002.30999999992,23780.9200000001,2022-10-13,28,708.1173611111111,True,5.764583333333333,0.9601087941976428,3.914777878513146,8643,604647.5,368002.6243145144,11936.049999999244,5358.659999999244,5927.5,649.8900000000001,15.152503708365172,230.0,32,86418.06999999861,85493.06999999861,925.0,7,-119154.35000000017,39187.92999999988,2025-04-06,21,124.80833333333334,True,5.1875,0.9727272727272728,5.087878787878788,3365,618318.75,352897.07501033327,4604.42999999982,2086.29999999982,2363.75,154.38000000000002,11.136399504001805,69.0,32,23780.9200000001,"{""dataset"": ""2b4f41b124ab"", ""engine"": ""0.2.0"", ""exec"": ""EXEC-1.1"", ""roll"": ""ROLL-1.0""}",122.90646052360536
J_C14_f_bs50,"{""add_trigger"": ""armed"", ""core_cap"": 8, ""max_total"": 14, ""rec_activation"": ""always"", ""rec_anchor"": ""low60"", ""rec_cap"": 6, ""rec_filter"": ""f_bs50"", ""rec_spacing"": ""float"", ""rec_step"": 5.0, ""rec_tp"": 3.0, ""recovery"": {""h"": 8, ""layer_x"": 5.0, ""rec_step"": 10.0, ""rec_tp"": 2.0}, ""reversal"": ""ll_fail""}",{},ES-signal / MES-economics proxy backtest,160706.39000001625,159720.14000001625,986.25,7,-72051.58999999892,119909.0699999998,2020-03-22,12,754.98125,True,454.0944444444444,0.6350817822899041,1.8900169204737731,6709,390238.75,177283.17142308803,9378.609999999457,4159.579999999455,4666.25,552.78,7.844311486295287,29147.63,1.135363790186125,1.0,0.2028936375276321,131129.63,0.754653130287648,0.9872944693572496,0.1233578298839239,435.5186720867649,712.0000000001164,-5380.507999999961,-1861.1399999999849,15945.0,-21491.169999999925,0.5962059620596206,0.4417344173441734,0.3197831978319783,0.2140921409214092,0.1544715447154471,0.2439024390243902,0.1355013550135501,-41368.98000000004,8.0,369.0,0.1481156412013087,0.4112509154115983,0.6458053721447514,94615.74000001625,56921.34000001621,137683.420000016,211049.61000001503,126026.36000001006,14,20486.99752435694,13392.19916666802,0.0060445393652905,0.0024566272624229,148009.3200000123,147023.07000001226,986.25,7,-72051.59000000061,107212.0,2020-03-22,12,754.98125,True,454.0944444444444,0.6151419558359621,1.9154574132492117,6079,390238.75,188045.5539600565,8505.679999999524,3768.979999999524,4226.25,510.4500000000001,8.089578485504273,330.0,14,84752.17999999993,83765.92999999993,986.25,7,-72009.09,78742.87,2022-10-13,12,754.9791666666666,True,454.0944444444444,0.5312783318223028,1.7008159564823209,3759,390238.75,220181.47117869824,5317.819999999777,2330.579999999777,2611.25,375.99000000000007,8.90249696588304,230.0,14,51689.0599999986,50702.80999999859,986.25,7,-61581.22999999998,94358.78000000004,2025-04-06,12,126.89930555555556,True,7.027083333333334,0.7909090909090909,2.8212121212121213,1869,390238.75,223395.5126066208,2559.6899999999832,1158.7799999999831,1316.25,84.66,6.965498064855522,69.0,14,78742.87,"{""dataset"": ""2b4f41b124ab"", ""engine"": ""0.2.0"", ""exec"": ""EXEC-1.1"", ""roll"": ""ROLL-1.0""}",130.31149435043335
Z_C32_volcap,"{""add_trigger"": ""armed"", ""core_cap"": 16, ""max_total"": 32, ""rec_activation"": ""always"", ""rec_anchor"": ""low60"", ""rec_cap"": 16, ""rec_spacing"": ""float"", ""rec_step"": 5.0, ""rec_tp"": 3.0, ""recovery"": {""h"": 16, ""layer_x"": 5.0, ""rec_step"": 10.0, ""rec_tp"": 2.0}, ""reversal"": ""ll_fail"", ""vol_cap"": true}",{},ES-signal / MES-economics proxy backtest,304075.38000004884,303089.13000004884,986.25,7,-123881.92999999598,102681.76000000013,2020-03-22,27,712.8506944444445,True,31.731944444444444,0.9407783417935702,3.943598420755781,13991,592240.0,282333.22772406216,19267.11999999937,8674.419999999369,9708.75,883.95,12.610678553517443,81958.5,2.8764805414551606,1.0,0.0017006564477853,222018.92,1.0671178793006204,0.9513742071881608,0.0005337315540413,824.0525203253356,1223.460000000312,-8833.999999999998,-2709.879999999888,26631.340000000084,-39131.09999999986,0.6151761517615176,0.5230352303523035,0.4200542005420054,0.3224932249322493,0.2682926829268293,0.2737127371273712,0.2086720867208672,-66970.59999999989,8.0,369.0,0.1393712966830566,0.3883105235286758,0.6194192045405644,185999.71000004883,115725.25000004876,264536.8800000508,384799.3800000434,230565.0900000373,32,24112.53119406761,11262.05111111292,0.0066519186480656,0.0029187231236229,280331.6500000447,279345.4000000447,986.25,7,-123881.92999999592,79621.77000000002,2020-03-22,27,712.8506944444445,True,31.731944444444444,0.9362776025236592,4.032807570977918,12791,592240.0,299637.1499208427,17610.84999999879,7930.419999998791,8853.75,826.6800000000001,13.02187277835021,330.0,32,179775.45000001602,178789.20000001602,986.25,7,-123881.92999999992,26897.55000000008,2022-10-13,27,712.8506944444445,True,31.731944444444444,0.9202175883952856,3.945602901178604,8711,592240.0,356477.30992380995,12033.299999999235,5400.819999999237,6005.0,627.4800000000001,14.64850766395469,230.0,32,107259.83000000357,106273.58000000357,986.25,7,-109839.86,47353.60000000004,2025-04-06,21,125.21875,True,32.74444444444445,0.8757575757575757,5.251515151515152,3473,618318.75,339121.7773362642,4795.169999999808,2153.2599999998083,2495.0,146.91000000000005,10.69715552549506,69.0,32,26897.55000000008,"{""dataset"": ""2b4f41b124ab"", ""engine"": ""0.2.0"", ""exec"": ""EXEC-1.1"", ""roll"": ""ROLL-1.0""}",162.9731104373932
J_C14_f_bs70,"{""add_trigger"": ""armed"", ""core_cap"": 8, ""max_total"": 14, ""rec_activation"": ""always"", ""rec_anchor"": ""low60"", ""rec_cap"": 6, ""rec_filter"": ""f_bs70"", ""rec_spacing"": ""float"", ""rec_step"": 5.0, ""rec_tp"": 3.0, ""recovery"": {""h"": 8, ""layer_x"": 5.0, ""rec_step"": 10.0, ""rec_tp"": 2.0}, ""reversal"": ""ll_fail""}",{},ES-signal / MES-economics proxy backtest,153653.6800000104,152667.43000001038,986.25,7,-67859.11999999944,120503.62999999992,2020-03-22,13,758.8340277777778,True,27.813194444444445,0.4596728708403835,1.1816130851663846,4197,356125.0,165732.15370488146,6198.81999999973,2602.1399999997293,3081.25,515.4300000000001,7.329291355790217,7844.090000000002,0.3716864072194021,1.0,0.0011375066191117,145343.11,0.8099266779469825,0.9846796657381616,0.1709776112921346,416.4056368563968,630.0300000000279,-4502.66399999992,-1739.3199999999488,13613.76000000001,-20212.47999999998,0.5962059620596206,0.4471544715447154,0.3008130081300813,0.2032520325203252,0.1409214092140921,0.2303523035230352,0.1219512195121951,-41544.17999999997,7.0,369.0,0.1381678590450847,0.3998927978815466,0.6368461855257445,92208.6800000104,55799.9200000104,132446.13000001013,199763.70000000965,121899.6000000069,14,20964.329638584008,11819.513846154648,0.0061363253289521,0.0025125217258558,139797.96000000683,138811.7100000068,986.25,7,-67859.12000000029,106647.91,2020-03-22,13,758.8340277777778,True,27.813194444444445,0.4599369085173501,1.207570977917981,3835,356125.0,175152.26601623546,5654.539999999769,2377.699999999769,2801.25,475.59000000000015,7.514426826098258,330.0,14,83267.17999999982,82280.92999999983,986.25,7,-67859.12,82864.69,2022-10-13,13,758.8340277777778,True,26.97222222222222,0.4270172257479601,1.14505893019039,2533,356125.0,202175.01219827397,3757.819999999911,1570.459999999911,1841.25,346.1100000000001,8.107931406481773,230.0,14,51640.21999999907,50653.96999999907,986.25,7,-54080.360000000015,101699.53,2025-04-06,10,130.10486111111112,True,26.874305555555555,0.5636363636363636,2.036363636363636,1351,356125.0,213185.40501822415,1937.2800000000052,837.6200000000055,1015.0,84.66,6.632548002855748,69.0,14,82864.69,"{""dataset"": ""2b4f41b124ab"", ""engine"": ""0.2.0"", ""exec"": ""EXEC-1.1"", ""roll"": ""ROLL-1.0""}",129.56566071510315
J_C14_f_rpos1d_30,"{""add_trigger"": ""armed"", ""core_cap"": 8, ""max_total"": 14, ""rec_activation"": ""always"", ""rec_anchor"": ""low60"", ""rec_cap"": 6, ""rec_filter"": ""f_rpos1d_30"", ""rec_spacing"": ""float"", ""rec_step"": 5.0, ""rec_tp"": 3.0, ""recovery"": {""h"": 8, ""layer_x"": 5.0, ""rec_step"": 10.0, ""rec_tp"": 2.0}, ""reversal"": ""ll_fail""}",{},ES-signal / MES-economics proxy backtest,171175.91000002023,170189.66000002023,986.25,7,-73136.79999999737,122224.74999999996,2020-03-22,13,749.0305555555556,True,299.1777777777778,0.6807670614777214,2.141567963902989,7601,390238.75,181464.596759507,10552.839999999358,4712.619999999358,5272.5,567.72,8.024694540248403,35428.780000000006,1.4117315284827976,1.0,0.1316355720173371,135332.94,0.7298364354201917,0.9876352395672334,0.0929029112884924,463.89135501360494,711.9300000000512,-5284.719999999878,-1788.000000000029,16728.21000000008,-26522.389999999898,0.5962059620596206,0.4579945799457994,0.3306233062330623,0.2140921409214092,0.1626016260162601,0.2330623306233062,0.1355013550135501,-41263.85999999993,8.0,369.0,0.1700626565969275,0.443893068831888,0.6761651215990987,95192.11000002018,55432.73000002018,146683.12000001987,220821.8500000175,135055.24000001408,14,21331.143402590063,13167.377692309248,0.0063427898816139,0.0025563738784177,155655.76000001462,154669.51000001462,986.25,7,-73136.80000000063,106704.6,2020-03-22,13,749.0305555555556,True,299.1777777777778,0.6637223974763407,2.1602523659305994,6855,390238.75,192976.66067832545,9509.239999999438,4250.099999999439,4733.75,525.3900000000001,8.30823110481959,330.0,14,92155.440000001,91169.19000000098,986.25,7,-72979.91999999995,77757.65000000005,2022-10-13,13,747.7520833333333,True,299.1777777777778,0.6029011786038078,1.990027198549411,4397,390238.75,225856.29535162044,6132.059999999708,2726.1399999997075,3012.5,393.4200000000001,9.154919764462624,230.0,14,54509.91999999827,53523.66999999827,986.25,7,-73242.31,82698.92000000001,2025-04-06,13,126.90347222222222,True,6.975694444444445,0.7909090909090909,3.0727272727272728,2035,390238.75,233012.51069026417,2768.8299999999654,1261.699999999965,1415.0,92.13,7.306241310637659,69.0,14,77757.65000000005,"{""dataset"": ""2b4f41b124ab"", ""engine"": ""0.2.0"", ""exec"": ""EXEC-1.1"", ""roll"": ""ROLL-1.0""}",133.30221390724182
J_C14_f_rpos5d_50,"{""add_trigger"": ""armed"", ""core_cap"": 8, ""max_total"": 14, ""rec_activation"": ""always"", ""rec_anchor"": ""low60"", ""rec_cap"": 6, ""rec_filter"": ""f_rpos5d_50"", ""rec_spacing"": ""float"", ""rec_step"": 5.0, ""rec_tp"": 3.0, ""recovery"": {""h"": 8, ""layer_x"": 5.0, ""rec_step"": 10.0, ""rec_tp"": 2.0}, ""reversal"": ""ll_fail""}",{},ES-signal / MES-economics proxy backtest,173287.5600000198,172301.3100000198,986.25,7,-68861.16999999734,121494.15,2020-03-22,13,747.1722222222222,True,164.10763888888889,0.6125211505922166,1.958262831359278,6951,373078.75,173507.93255545344,9659.939999999428,4309.619999999429,4807.5,542.82,7.688764460482852,27110.9,1.1787930062041738,1.0,0.0921912692164372,145737.57,0.7794698251551043,0.9862518089725036,0.0708630201080911,469.613983739891,769.5199999999313,-4989.887999999779,-1789.169999999809,15093.76000000001,-21412.32999999984,0.6016260162601627,0.4607046070460704,0.3224932249322493,0.2195121951219512,0.1626016260162601,0.2303523035230352,0.1355013550135501,-41211.2999999999,7.0,369.0,0.1374125759517722,0.3863633373335768,0.612710629660825,106335.60000001972,67112.43000001967,148532.33000001946,218595.99000001705,137619.33000001416,14,22537.76414801727,13329.81230769383,0.0068197212411567,0.0027065850928158,158894.27000001678,157908.0200000168,986.25,7,-68861.16999999734,107100.86000000002,2020-03-22,13,747.1722222222222,True,164.10763888888889,0.6075709779179811,1.9949526813880123,6331,373078.75,183539.82635311197,8789.479999999496,3925.219999999496,4368.75,495.5100000000001,7.894859395993122,330.0,14,92704.20000000123,91717.95000000123,986.25,7,-68861.16999999995,81890.16000000003,2022-10-13,13,747.1722222222222,True,164.10763888888889,0.5693563009972802,1.885766092475068,4167,373078.75,214049.874449364,5820.799999999733,2583.539999999733,2866.25,371.0100000000001,8.642774306648088,230.0,14,57785.42999999825,56799.179999998254,986.25,7,-56486.56999999998,99375.88000000003,2025-04-06,12,127.44236111111113,True,20.99861111111111,0.706060606060606,2.857575757575757,1893,373078.75,215569.817805208,2600.8199999999806,1173.6599999999803,1342.5,84.66000000000001,6.716484424905121,69.0,14,81890.16000000003,"{""dataset"": ""2b4f41b124ab"", ""engine"": ""0.2.0"", ""exec"": ""EXEC-1.1"", ""roll"": ""ROLL-1.0""}",135.4652931690216
J_C14_f_below_pdl,"{""add_trigger"": ""armed"", ""core_cap"": 8, ""max_total"": 14, ""rec_activation"": ""always"", ""rec_anchor"": ""low60"", ""rec_cap"": 6, ""rec_filter"": ""f_below_pdl"", ""rec_spacing"": ""float"", ""rec_step"": 5.0, ""rec_tp"": 3.0, ""recovery"": {""h"": 8, ""layer_x"": 5.0, ""rec_step"": 10.0, ""rec_tp"": 2.0}, ""reversal"": ""ll_fail""}",{},ES-signal / MES-economics proxy backtest,171400.21000001737,170413.96000001737,986.25,7,-72008.0499999979,122770.15999999996,2020-03-22,13,749.5236111111111,True,161.1861111111111,0.5549915397631133,1.7529610829103217,6223,354762.5,175651.00017580923,8743.539999999508,3858.259999999508,4332.5,552.78,7.785529570969486,21932.81,0.934010152284264,1.0,0.0915973002429108,149038.26999999996,0.8189509306260575,0.9807162534435262,0.1186789233471832,464.499214092188,720.6700000000419,-4930.811999999871,-1610.5199999999895,15206.930000000051,-23984.87999999989,0.5962059620596206,0.4525745257452574,0.3197831978319783,0.2195121951219512,0.1626016260162601,0.2330623306233062,0.1246612466124661,-41333.93999999994,7.0,369.0,0.1543573371351022,0.4153367723411356,0.6462874812113056,100211.40000001733,60626.40000001731,145992.4800000171,219893.0400000152,134738.36000001238,14,22015.228179099176,13184.631538462874,0.0064506567542406,0.0026444438894584,155435.7800000119,154449.5300000119,986.25,7,-72008.05000000104,106805.73,2020-03-22,13,749.5236111111111,True,161.1861111111111,0.5488958990536278,1.773501577287066,5629,354762.5,186331.28779545007,7897.969999999573,3489.979999999573,3907.5,500.49000000000007,8.030911271809359,330.0,14,92260.64000000135,91274.39000000135,986.25,7,-72008.04999999996,78715.76000000004,2022-10-13,13,749.5236111111111,True,161.1861111111111,0.4968268359020852,1.6754306436990027,3703,354762.5,217713.50348642515,5238.109999999783,2295.859999999783,2568.75,373.50000000000006,8.823603182451567,230.0,14,55653.49999999855,54667.24999999855,986.25,7,-61704.94999999998,94193.78000000004,2025-04-06,12,127.65,True,9.960416666666667,0.6090909090909091,2.6545454545454548,1759,354762.5,215702.31286401383,2430.2499999999955,1090.5799999999952,1257.5,82.17000000000002,6.734919024536881,69.0,14,78715.76000000004,"{""dataset"": ""2b4f41b124ab"", ""engine"": ""0.2.0"", ""exec"": ""EXEC-1.1"", ""roll"": ""ROLL-1.0""}",132.27114415168762
J_C14_f_not_late,"{""add_trigger"": ""armed"", ""core_cap"": 8, ""max_total"": 14, ""rec_activation"": ""always"", ""rec_anchor"": ""low60"", ""rec_cap"": 6, ""rec_filter"": ""f_not_late"", ""rec_spacing"": ""float"", ""rec_step"": 5.0, ""rec_tp"": 3.0, ""recovery"": {""h"": 8, ""layer_x"": 5.0, ""rec_step"": 10.0, ""rec_tp"": 2.0}, ""reversal"": ""ll_fail""}",{},ES-signal / MES-economics proxy backtest,161903.76000002155,160917.51000002155,986.25,7,-71633.80999999866,122635.6,2020-03-22,12,749.7861111111112,True,453.92291666666665,0.7320924985899605,2.3750705019740552,8429,390238.75,181082.0804971548,11563.739999999269,5225.979999999267,5780.0,557.7600000000001,8.006107794161734,41925.19,1.7027636773829666,1.0,0.2119432591525855,119554.41999999998,0.6723068245910886,0.9924496644295302,0.0271138431193457,438.7635772358307,774.4400000000605,-5371.859999999986,-1860.0,15945.0,-25287.5,0.5962059620596206,0.4607046070460704,0.3197831978319783,0.2113821138211382,0.1571815718157181,0.2439024390243902,0.1382113821138211,-41307.65999999992,8.0,369.0,0.1639091025433657,0.4380457872009308,0.6763820679642367,90982.50000002154,52394.9600000215,138935.11000002103,211946.0900000201,129014.90000001468,14,20222.53061819703,13491.980000001797,0.0061250906134385,0.0024230093669744,146496.58000001375,145510.33000001375,986.25,7,-71633.81000000075,106919.61000000002,2020-03-22,12,749.7861111111112,True,453.92291666666665,0.7072555205047318,2.3735015772870662,7531,390238.75,191422.04664838195,10345.919999999363,4669.219999999365,5166.25,510.45000000000016,8.212237042790345,330.0,14,84559.39000000054,83573.14000000052,986.25,7,-71591.31,79174.41,2022-10-13,12,749.7861111111112,True,453.92291666666665,0.6201269265639165,2.128739800543971,4703,390238.75,223784.9296983863,6499.359999999674,2915.859999999674,3210.0,373.50000000000006,9.01739560390165,230.0,14,51639.48999999804,50653.23999999804,986.25,7,-70071.50999999998,86047.38000000003,2025-04-06,13,126.88472222222222,True,5.1875,0.9393939393939394,3.703030303030303,2451,390238.75,233394.99675910268,3294.25999999992,1519.6199999999196,1685.0,89.64000000000001,7.318273024461729,69.0,14,79174.41,"{""dataset"": ""2b4f41b124ab"", ""engine"": ""0.2.0"", ""exec"": ""EXEC-1.1"", ""roll"": ""ROLL-1.0""}",134.7171003818512
J_C14_f_not_persist,"{""add_trigger"": ""armed"", ""core_cap"": 8, ""max_total"": 14, ""rec_activation"": ""always"", ""rec_anchor"": ""low60"", ""rec_cap"": 6, ""rec_filter"": ""f_not_persist"", ""rec_spacing"": ""float"", ""rec_step"": 5.0, ""rec_tp"": 3.0, ""recovery"": {""h"": 8, ""layer_x"": 5.0, ""rec_step"": 10.0, ""rec_tp"": 2.0}, ""reversal"": ""ll_fail""}",{},ES-signal / MES-economics proxy backtest,171060.69000002416,170891.9400000242,168.75,3,-71122.2799999984,122549.51999999996,2020-03-22,12,749.3631944444444,True,453.9604166666667,0.7360406091370558,2.623237450648618,9305,390238.75,181405.82683913247,12843.059999999172,5769.099999999172,6503.75,570.21,8.070912050565811,57387.27,1.961082910321489,1.0,0.2527744234718607,114076.74,0.6621545403271292,0.9931856899488928,0.0252352761535465,463.5791056911224,757.6100000001024,-5600.631999999983,-1860.0,15945.0,-22758.75,0.5962059620596206,0.4607046070460704,0.3116531165311653,0.2140921409214092,0.1571815718157181,0.2357723577235772,0.1409214092140921,-41272.61999999991,8.0,369.0,0.1396214992468265,0.386982830479584,0.6110699658699217,104863.14000002414,66530.64000002414,143884.97000002404,220310.86000002245,136212.6500000169,14,21194.716152065117,14255.057500002013,0.0065180574313862,0.0025554807900532,156267.20000002004,156098.45000002004,168.75,3,-71122.2799999984,107485.96000000002,2020-03-22,12,749.3631944444444,True,453.9604166666667,0.7160883280757098,2.64794952681388,8397,390238.75,191403.05428107025,11589.049999999272,5206.139999999271,5862.5,520.4100000000001,8.258005768851335,330.0,14,90046.45000000185,89877.70000000185,168.75,3,-71122.27999999997,79629.68000000002,2022-10-13,12,749.3631944444444,True,453.9604166666667,0.6065276518585675,2.312783318223028,5105,390238.75,222306.24968535083,7069.79999999963,3165.09999999963,3518.75,385.9500000000001,9.00185643008046,230.0,14,57647.2599999971,57478.50999999711,168.75,3,-66121.44,90146.28000000004,2025-04-06,12,124.43611111111112,True,5.7652777777777775,0.9545454545454546,4.172727272727273,2757,390238.75,219882.65084733025,3716.489999999887,1709.3399999998862,1920.0,87.15,6.881246007590275,69.0,14,79629.68000000002,"{""dataset"": ""2b4f41b124ab"", ""engine"": ""0.2.0"", ""exec"": ""EXEC-1.1"", ""roll"": ""ROLL-1.0""}",132.7959246635437
J_C14_f_bull_engulf,"{""add_trigger"": ""armed"", ""core_cap"": 8, ""max_total"": 14, ""rec_activation"": ""always"", ""rec_anchor"": ""low60"", ""rec_cap"": 6, ""rec_filter"": ""f_bull_engulf"", ""rec_spacing"": ""float"", ""rec_step"": 5.0, ""rec_tp"": 3.0, ""recovery"": {""h"": 8, ""layer_x"": 5.0, ""rec_step"": 10.0, ""rec_tp"": 2.0}, ""reversal"": ""ll_fail""}",{},ES-signal / MES-economics proxy backtest,162027.79000001348,161960.29000001348,67.5,1,-76942.63999999926,121458.74999999994,2020-03-22,13,755.18125,True,454.8902777777778,0.6474901297236323,1.5465313028764804,5485,331953.75,176653.49485775564,7952.209999999589,3400.6999999995887,3993.75,557.76,7.880666870259805,22798.49,0.7608573040045121,1.0,0.175540245600567,139720.18,0.7856739988719684,0.990667623833453,0.0876552514421959,439.0997018970555,712.0599999999104,-5103.179999999935,-1706.25,17273.75,-19791.79999999993,0.5989159891598916,0.4525745257452574,0.3062330623306233,0.2140921409214092,0.1598915989159891,0.2330623306233062,0.1219512195121951,-41166.51999999996,8.0,369.0,0.1310269059400133,0.3895396585980389,0.6317434805473277,98911.54000001348,59667.79000001348,137404.99000001315,215712.10000001267,126362.12000000902,14,20560.16231462298,12463.676153847193,0.0057068447599024,0.0024856553347593,148207.20000000834,148139.70000000834,67.5,1,-76942.64000000039,107638.16,2020-03-22,13,755.18125,True,454.8902777777778,0.6271293375394322,1.547634069400631,4907,331953.75,187077.28843238825,7137.799999999652,3042.339999999652,3587.5,507.96,8.113139326215702,330.0,14,86115.79000000047,86048.29000000047,67.5,1,-76942.63999999998,73768.04000000001,2022-10-13,13,755.18125,True,454.8902777777778,0.5466908431550317,1.3517679057116954,2983,331953.75,218428.7756410977,4410.459999999862,1849.4599999998616,2187.5,373.50000000000006,8.927893648581831,230.0,14,55087.63999999847,55020.13999999848,67.5,1,-53945.19999999998,101903.49000000002,2025-04-06,10,127.43819444444443,True,6.925694444444445,0.803030303030303,2.412121212121212,1593,331953.75,203899.9613910495,2267.3600000000065,987.6600000000066,1205.0,74.7,6.363055649494608,69.0,14,73768.04000000001,"{""dataset"": ""2b4f41b124ab"", ""engine"": ""0.2.0"", ""exec"": ""EXEC-1.1"", ""roll"": ""ROLL-1.0""}",130.45368695259094
J_C14_f_rpos60_05,"{""add_trigger"": ""armed"", ""core_cap"": 8, ""max_total"": 14, ""rec_activation"": ""always"", ""rec_anchor"": ""low60"", ""rec_cap"": 6, ""rec_filter"": ""f_rpos60_05"", ""rec_spacing"": ""float"", ""rec_step"": 5.0, ""rec_tp"": 3.0, ""recovery"": {""h"": 8, ""layer_x"": 5.0, ""rec_step"": 10.0, ""rec_tp"": 2.0}, ""reversal"": ""ll_fail""}",{},ES-signal / MES-economics proxy backtest,157964.72000000812,156978.47000000815,986.25,7,-55550.10999999975,120989.66999999993,2020-03-22,10,763.76875,True,84.0125,0.3649182177100958,0.9627749576988156,3421,305010.0,156937.801477778,5140.279999999814,2121.019999999814,2523.75,495.5100000000002,6.899290038972209,2645.78,0.1144952058657642,1.0,0.0,154832.53999999998,0.8482797518330514,0.9827127659574468,0.4955886596753903,428.08867208674286,720.0,-4336.175999999931,-1590.0,12270.0,-20194.959999999963,0.5962059620596206,0.4525745257452574,0.2981029810298103,0.1978319783197832,0.1273712737127371,0.2222222222222222,0.1165311653116531,-41297.919999999984,7.0,369.0,0.1343970982887755,0.368808744129683,0.5575851367317683,99705.9500000081,69885.9400000081,137078.7900000079,196828.37000000777,125266.53000000532,14,22895.793495810216,15796.472000000813,0.0077063514741329,0.0027277600938443,143846.7100000063,142860.4600000063,986.25,7,-55550.11000000013,106880.41,2020-03-22,10,763.76875,True,84.0125,0.3583596214511041,0.9766561514195584,3103,305010.0,165266.24778617985,4690.789999999849,1923.8599999998485,2313.75,453.1800000000001,7.030043751820383,330.0,14,84325.30000000008,83339.05000000008,986.25,7,-55550.10999999999,95159.94,2022-10-13,10,763.76875,True,84.0125,0.2955575702629193,0.8730734360834089,1933,305010.0,188295.8685581202,2970.9499999999766,1198.4599999999762,1458.75,313.7400000000001,7.430900795612891,230.0,14,54861.75999999896,53875.50999999897,986.25,7,-54089.17999999999,101676.95,2025-04-06,9,130.13472222222222,True,37.047222222222224,0.4575757575757576,1.7484848484848483,1161,305010.0,210261.56612369893,1699.4900000000048,719.8200000000046,897.5,82.17000000000002,6.548822004283621,69.0,14,95159.94,"{""dataset"": ""2b4f41b124ab"", ""engine"": ""0.2.0"", ""exec"": ""EXEC-1.1"", ""roll"": ""ROLL-1.0""}",130.91120529174805
J_C14_f_deep_or_multi,"{""add_trigger"": ""armed"", ""core_cap"": 8, ""max_total"": 14, ""rec_activation"": ""always"", ""rec_anchor"": ""low60"", ""rec_cap"": 6, ""rec_filter"": ""f_deep_or_multi"", ""rec_spacing"": ""float"", ""rec_step"": 5.0, ""rec_tp"": 3.0, ""recovery"": {""h"": 8, ""layer_x"": 5.0, ""rec_step"": 10.0, ""rec_tp"": 2.0}, ""reversal"": ""ll_fail""}",{},ES-signal / MES-economics proxy backtest,173284.28000002116,172298.03000002116,986.25,7,-73040.43999999727,122364.81999999998,2020-03-22,13,747.7388888888889,True,299.1777777777778,0.6864072194021432,2.19063733784546,7775,390238.75,181438.13115507356,10791.969999999335,4820.499999999339,5403.75,567.72,8.023033108166793,36890.87000000001,1.4591088550479414,1.0,0.1326568064081407,135979.21999999997,0.7315284827975184,0.9868928296067848,0.0916701454943811,469.6050948510058,715.6900000000023,-5284.719999999878,-1788.000000000029,16736.97000000009,-26513.62999999989,0.5962059620596206,0.4579945799457994,0.3306233062330623,0.2140921409214092,0.1626016260162601,0.2330623306233062,0.1355013550135501,-41263.85999999993,8.0,369.0,0.167993484463775,0.4385427229751641,0.6680141441565615,97291.7200000211,57527.93000002106,148700.2000000208,222833.86000001832,136977.17000001483,14,21598.350357501567,13329.560000001627,0.0064293848017758,0.0025882381606413,157679.07000001625,156692.82000001625,986.25,7,-73040.43999999948,106759.61000000002,2020-03-22,13,747.7388888888889,True,299.1777777777778,0.6694006309148265,2.211356466876972,7017,390238.75,192939.27150831037,9732.179999999422,4350.5399999994215,4856.25,525.3900000000001,8.305850905571859,330.0,14,93402.30000000152,92416.05000000152,986.25,7,-72883.55999999997,77854.01000000004,2022-10-13,13,747.6534722222223,True,299.1777777777778,0.6092475067996374,2.045330915684497,4519,390238.75,226097.7845664584,6290.199999999694,2801.779999999694,3095.0,393.4200000000001,9.165269474535892,230.0,14,54768.91999999821,53782.66999999821,986.25,7,-73216.02999999997,82752.72000000003,2025-04-06,13,126.89652777777778,True,6.975694444444445,0.793939393939394,3.1484848484848484,2085,390238.75,233153.6785969263,2831.07999999996,1292.6999999999596,1446.25,92.13,7.310126629842558,69.0,14,77854.01000000004,"{""dataset"": ""2b4f41b124ab"", ""engine"": ""0.2.0"", ""exec"": ""EXEC-1.1"", ""roll"": ""ROLL-1.0""}",135.56944036483765
L_C14_cool1,"{""add_trigger"": ""armed"", ""core_cap"": 8, ""max_total"": 14, ""rec_activation"": ""always"", ""rec_anchor"": ""low60"", ""rec_cap"": 6, ""rec_cooldown_bars"": 1, ""rec_spacing"": ""float"", ""rec_step"": 5.0, ""rec_tp"": 3.0, ""recovery"": {""h"": 8, ""layer_x"": 5.0, ""rec_step"": 10.0, ""rec_tp"": 2.0}, ""reversal"": ""ll_fail""}",{},ES-signal / MES-economics proxy backtest,171217.48000002373,171048.73000002373,168.75,3,-70964.59999999823,121397.24999999994,2020-03-22,12,749.0944444444444,True,453.9604166666667,0.7010716300056402,2.6531302876480543,9411,393945.0,184599.88766071483,12962.51999999916,5834.81999999916,6555.0,572.7,8.194792405042012,59052.1,2.021996615905245,1.0,0.2924484689889359,112571.19,0.6311336717428088,0.9937444146559428,0.0245670610583294,464.0040108401727,774.4799999999814,-5628.881999999982,-1918.589999999851,15945.0,-22758.75,0.5989159891598916,0.4579945799457994,0.3197831978319783,0.2168021680216802,0.1571815718157181,0.2439024390243902,0.1463414634146341,-42034.47999999992,8.0,369.0,0.1394936428219635,0.3923011248617299,0.6165408461798727,104048.67000002367,65654.91000002366,143892.60000002355,220282.45000002184,136671.95000001765,14,20893.44934408329,14268.12333333531,0.0065385278130248,0.0025135660520714,156032.57000001945,155863.82000001945,168.75,3,-70964.59999999823,107313.58000000002,2020-03-22,12,749.0944444444444,True,453.9604166666667,0.6782334384858044,2.6706624605678235,8469,393945.0,194369.51269922423,11661.179999999264,5250.779999999263,5887.5,522.9000000000001,8.357867654658143,330.0,14,89847.29000000248,89678.5400000025,168.75,3,-70964.59999999998,79814.88000000003,2022-10-13,12,749.0944444444444,True,453.9604166666667,0.5602901178603807,2.273798730734361,5019,393945.0,226493.6939868297,6968.95999999964,3111.77999999964,3466.25,390.93000000000006,9.143217062974784,230.0,14,57778.01999999699,57609.26999999699,168.75,3,-72915.67999999996,83365.80000000005,2025-04-06,13,124.46319444444444,True,5.1875,0.9757575757575756,4.393939393939394,2903,393945.0,232712.241376395,3904.4799999998704,1799.8599999998703,2010.0,94.62,7.304422650584301,69.0,14,79814.88000000003,"{""dataset"": ""2b4f41b124ab"", ""engine"": ""0.2.0"", ""exec"": ""EXEC-1.1"", ""roll"": ""ROLL-1.0""}",131.35085821151733
L_C14_cool2,"{""add_trigger"": ""armed"", ""core_cap"": 8, ""max_total"": 14, ""rec_activation"": ""always"", ""rec_anchor"": ""low60"", ""rec_cap"": 6, ""rec_cooldown_bars"": 2, ""rec_spacing"": ""float"", ""rec_step"": 5.0, ""rec_tp"": 3.0, ""recovery"": {""h"": 8, ""layer_x"": 5.0, ""rec_step"": 10.0, ""rec_tp"": 2.0}, ""reversal"": ""ll_fail""}",{},ES-signal / MES-economics proxy backtest,171088.62000002374,170919.87000002371,168.75,3,-71125.87999999826,121374.72999999992,2020-03-22,12,749.3631944444444,True,453.9604166666667,0.7010716300056402,2.64692611393119,9389,393945.0,184537.91877964596,12935.129999999164,5821.179999999163,6541.25,572.7,8.192258230812982,58770.7,2.0135363790186127,1.0,0.2906161307404159,112723.72999999998,0.6333897349125776,0.993766696349065,0.02456846192855,463.6547967480318,774.4799999999814,-5628.881999999982,-1860.0,15945.0,-22758.75,0.5989159891598916,0.4579945799457994,0.3197831978319783,0.2168021680216802,0.1571815718157181,0.2439024390243902,0.1463414634146341,-42043.23999999993,8.0,369.0,0.139598706214339,0.3925965970149896,0.6170052105159618,103919.81000002372,65526.05000002371,143798.78000002354,220314.87000002188,136425.59000001772,14,20884.18299078022,14257.38500000198,0.0065187917077165,0.002512517751442,155917.4700000194,155748.72000001944,168.75,3,-71125.87999999826,107304.82,2020-03-22,12,749.3631944444444,True,453.9604166666667,0.6782334384858044,2.66435331230284,8449,393945.0,194315.27070264425,11636.279999999266,5238.379999999265,5875.0,522.9000000000001,8.356082505222345,330.0,14,89798.51000000245,89629.76000000247,168.75,3,-71125.87999999998,79653.60000000003,2022-10-13,12,749.3631944444444,True,453.9604166666667,0.5602901178603807,2.271078875793291,5013,393945.0,226416.73319998203,6961.4899999996405,3108.05999999964,3462.5,390.93000000000006,9.140706612127476,230.0,14,57586.68999999704,57417.93999999703,168.75,3,-72933.19999999998,83348.28000000003,2025-04-06,13,124.86458333333331,True,5.1875,0.9757575757575756,4.36969696969697,2887,393945.0,232609.1696257468,3884.559999999872,1789.939999999872,2000.0,94.62,7.301296358922331,69.0,14,79653.60000000003,"{""dataset"": ""2b4f41b124ab"", ""engine"": ""0.2.0"", ""exec"": ""EXEC-1.1"", ""roll"": ""ROLL-1.0""}",129.08473992347717
L_C14_cool3,"{""add_trigger"": ""armed"", ""core_cap"": 8, ""max_total"": 14, ""rec_activation"": ""always"", ""rec_anchor"": ""low60"", ""rec_cap"": 6, ""rec_cooldown_bars"": 3, ""rec_spacing"": ""float"", ""rec_step"": 5.0, ""rec_tp"": 3.0, ""recovery"": {""h"": 8, ""layer_x"": 5.0, ""rec_step"": 10.0, ""rec_tp"": 2.0}, ""reversal"": ""ll_fail""}",{},ES-signal / MES-economics proxy backtest,170234.7100000236,170065.96000002362,168.75,3,-71432.76999999827,121374.72999999992,2020-03-22,12,749.91875,True,453.9604166666667,0.7021996615905245,2.6379018612521152,9357,393945.0,184454.4402893077,12885.289999999168,5801.339999999166,6511.25,572.7,8.18943267557807,58434.25,2.002256063169769,1.0,0.2889434916970422,112206.27,0.6356457980823463,0.9937888198757764,0.0245698627987705,461.34067750683903,774.4799999999814,-5628.881999999982,-1860.0,15945.0,-22758.75,0.5989159891598916,0.4579945799457994,0.3197831978319783,0.2168021680216802,0.1571815718157181,0.2439024390243902,0.1463414634146341,-42043.23999999993,8.0,369.0,0.1402989437347805,0.3945658908220933,0.62010015466285,103065.90000002355,64672.14000002356,142962.3900000234,220227.31000002183,135242.8200000174,14,20787.118808325413,14186.2258333353,0.0064583898609398,0.0025011090911297,155087.32000001933,154918.57000001933,168.75,3,-71432.76999999827,107304.82,2020-03-22,12,749.91875,True,453.9604166666667,0.6794952681388012,2.6548895899053626,8419,393945.0,194221.82617459705,11588.929999999267,5219.7799999992685,5846.25,522.9000000000001,8.35291621385464,330.0,14,89962.21000000244,89793.46000000244,168.75,3,-71157.15999999997,79622.32000000004,2022-10-13,12,749.3986111111111,True,453.9604166666667,0.5621033544877606,2.2665457842248413,5003,393945.0,226246.26991279723,6950.289999999642,3101.8599999996413,3457.5,390.93000000000006,9.134728277970064,230.0,14,57466.56999999704,57297.819999997046,168.75,3,-72959.47999999998,83322.00000000003,2025-04-06,13,124.91319444444444,True,5.1875,0.9757575757575756,4.333333333333333,2863,393945.0,232573.76864690188,3854.679999999875,1775.059999999875,1985.0,94.62,7.300176605418405,69.0,14,79622.32000000004,"{""dataset"": ""2b4f41b124ab"", ""engine"": ""0.2.0"", ""exec"": ""EXEC-1.1"", ""roll"": ""ROLL-1.0""}",129.438383102417
L_C14_cool5,"{""add_trigger"": ""armed"", ""core_cap"": 8, ""max_total"": 14, ""rec_activation"": ""always"", ""rec_anchor"": ""low60"", ""rec_cap"": 6, ""rec_cooldown_bars"": 5, ""rec_spacing"": ""float"", ""rec_step"": 5.0, ""rec_tp"": 3.0, ""recovery"": {""h"": 8, ""layer_x"": 5.0, ""rec_step"": 10.0, ""rec_tp"": 2.0}, ""reversal"": ""ll_fail""}",{},ES-signal / MES-economics proxy backtest,172181.95000002452,172013.20000002452,168.75,3,-71494.08999999834,121689.97999999998,2020-03-22,12,749.9472222222222,True,453.9604166666667,0.733784545967287,2.6943034404963337,9557,393945.0,182965.5629309427,13135.549999999144,5925.339999999144,6640.0,570.21,8.133158317947109,59836.55,2.0614777213761983,1.0,0.2578974058685255,112748.72,0.6328257191201354,0.9937611408199644,0.0245376427836972,466.6177506775732,774.4799999999814,-5610.719999999972,-1860.0,15945.0,-22758.75,0.5962059620596206,0.4607046070460704,0.3170731707317073,0.2168021680216802,0.1544715447154471,0.2411924119241192,0.1409214092140921,-42043.23999999993,8.0,369.0,0.1387122750090622,0.3901036664992495,0.6130873183860736,105013.14000002448,66619.38000002448,144975.9400000243,222235.8700000228,135507.56000001717,14,21170.367435253,14348.495833335375,0.0065266618636251,0.0025503036921417,156728.07000001997,156559.32000001997,168.75,3,-71494.08999999834,107304.82,2020-03-22,12,749.9472222222222,True,453.9604166666667,0.7110410094637224,2.7028391167192427,8571,393945.0,192779.5218226689,11779.42999999925,5314.019999999252,5945.0,520.4100000000001,8.30532162442335,330.0,14,91895.63000000177,91726.88000000177,168.75,3,-71218.47999999998,79561.00000000003,2022-10-13,12,749.4479166666666,True,453.9604166666667,0.6074342701722575,2.350861287398005,5189,393945.0,224194.09744572305,7186.869999999621,3217.179999999621,3581.25,388.44000000000005,9.06739110891356,230.0,14,57420.02999999709,57251.27999999708,168.75,3,-72968.23999999996,83313.24000000005,2025-04-06,13,125.73402777777778,True,5.1875,0.9757575757575756,4.245454545454545,2805,393945.0,231366.52618081387,3779.969999999881,1739.099999999881,1946.25,94.62,7.266418667568481,69.0,14,79561.00000000003,"{""dataset"": ""2b4f41b124ab"", ""engine"": ""0.2.0"", ""exec"": ""EXEC-1.1"", ""roll"": ""ROLL-1.0""}",130.08253598213196
N_C14_tp_inv,"{""add_trigger"": ""armed"", ""core_cap"": 8, ""max_total"": 14, ""rec_activation"": ""always"", ""rec_anchor"": ""low60"", ""rec_cap"": 6, ""rec_spacing"": ""float"", ""rec_step"": 5.0, ""rec_tp"": 3.0, ""rec_tp_mode"": ""inv"", ""recovery"": {""h"": 8, ""layer_x"": 5.0, ""rec_step"": 10.0, ""rec_tp"": 2.0}, ""reversal"": ""ll_fail""}",{},ES-signal / MES-economics proxy backtest,171023.8600000192,170322.61000001922,701.25,6,-62588.949999999255,120861.38999999998,2020-03-22,12,759.3451388888889,True,617.9381944444444,0.6311336717428088,2.2769317540891145,8080,390238.75,176319.40633571576,11271.139999999305,5009.5999999993055,5711.25,550.29,7.807789398774519,68180.13999999998,1.6999435984207558,1.0,0.3711941858282365,102696.47999999998,0.5769881556683587,0.9912023460410556,0.0203980712818803,463.47929539300594,800.0,-5227.5,-1871.0399999998044,13455.0,-22758.75,0.5934959349593496,0.4579945799457994,0.3279132791327913,0.2222222222222222,0.1598915989159891,0.2357723577235772,0.1409214092140921,-42034.47999999989,8.0,369.0,0.1396515667462851,0.3747066052654456,0.568356719348921,106940.09000001918,73821.30000001914,142859.97000001898,215421.41000001843,135691.95000001363,14,21904.261406802605,14251.988333334932,0.0074051297456341,0.0026286346184181,157575.99000001536,156874.7400000154,701.25,6,-62588.949999999255,107671.06000000004,2020-03-22,12,759.3451388888889,True,617.9381944444444,0.6050473186119874,2.2996845425867507,7296,390238.75,184961.74314753164,10154.00999999939,4523.519999999391,5130.0,500.49000000000007,7.91542932843931,330.0,14,91735.70000000276,91034.45000000276,701.25,6,-62445.84,88383.64000000001,2022-10-13,12,758.9340277777778,True,617.9381944444444,0.456029011786038,1.85675430643699,4102,390238.75,211555.5506360408,5783.04999999974,2543.23999999974,2881.25,358.5600000000001,8.43527441902279,230.0,14,59310.099999997095,58608.8499999971,701.25,6,-72957.02999999997,83394.43000000005,2025-04-06,12,125.7388888888889,True,6.823611111111111,0.9424242424242424,4.072727272727272,2694,390238.75,225705.44696201105,3653.649999999893,1670.279999999893,1888.75,94.62,7.099530304738286,69.0,14,83394.43000000005,"{""dataset"": ""2b4f41b124ab"", ""engine"": ""0.2.0"", ""exec"": ""EXEC-1.1"", ""roll"": ""ROLL-1.0""}",120.85262441635132
N_C14_tp_vol,"{""add_trigger"": ""armed"", ""core_cap"": 8, ""max_total"": 14, ""rec_activation"": ""always"", ""rec_anchor"": ""low60"", ""rec_cap"": 6, ""rec_spacing"": ""float"", ""rec_step"": 5.0, ""rec_tp"": 3.0, ""rec_tp_mode"": ""vol"", ""recovery"": {""h"": 8, ""layer_x"": 5.0, ""rec_step"": 10.0, ""rec_tp"": 2.0}, ""reversal"": ""ll_fail""}",{},ES-signal / MES-economics proxy backtest,176884.17000002594,176391.67000002594,492.5,6,-70933.3199999982,120560.8599999998,2020-03-22,12,749.09375,True,453.9604166666667,0.7411167512690355,2.9244218838127467,10376,373078.75,181584.94234368388,14184.579999999054,6433.119999999055,7181.25,570.2099999999999,8.08503422325949,59448.9,2.2645234066553863,1.0,0.2497261298718764,117516.69999999998,0.6598984771573604,0.9957264957264956,0.0250937882612679,479.3608943090134,797.0699999998906,-5592.863999999897,-1776.0900000000838,15945.0,-22758.75,0.5989159891598916,0.4661246612466124,0.3116531165311653,0.2168021680216802,0.1571815718157181,0.2384823848238482,0.1463414634146341,-41223.7999999999,8.0,369.0,0.1350248018236821,0.3742918883017646,0.5910015011517691,110677.86000002587,72345.36000002589,151532.68000002552,225916.61000002403,139512.13000001793,14,21877.97418236715,14740.347500002164,0.0067579086148657,0.0026398713908873,163143.17000002222,162650.67000002222,492.5,6,-70933.3199999982,107056.1,2020-03-22,12,749.09375,True,453.9604166666667,0.7192429022082019,2.9053627760252367,9216,373078.75,191489.8173588557,12619.32999999918,5713.9199999991815,6385.0,520.4100000000001,8.266364652788434,330.0,14,94921.75000000198,94429.25000000196,492.5,6,-70933.31999999998,79846.16000000003,2022-10-13,12,749.09375,True,453.9604166666667,0.6183136899365367,2.5086128739800544,5540,373078.75,222863.82066121275,7641.9999999995825,3434.7999999995827,3821.25,385.9500000000001,9.030066975322516,230.0,14,59771.369999997,59278.869999997,492.5,6,-72900.65999999997,83445.82000000004,2025-04-06,13,124.46319444444444,True,5.1875,0.9757575757575756,4.457575757575758,2948,383500.0,227876.62770074772,3967.3799999998655,1827.7599999998652,2045.0,94.62,7.162071168226055,69.0,14,79846.16000000003,"{""dataset"": ""2b4f41b124ab"", ""engine"": ""0.2.0"", ""exec"": ""EXEC-1.1"", ""roll"": ""ROLL-1.0""}",130.65879607200625
N_C14_tp_atr0.3,"{""add_trigger"": ""armed"", ""core_cap"": 8, ""max_total"": 14, ""rec_activation"": ""always"", ""rec_anchor"": ""low60"", ""rec_cap"": 6, ""rec_spacing"": ""float"", ""rec_step"": 5.0, ""rec_tp"": 3.0, ""rec_tp_atr_k"": 0.3, ""rec_tp_mode"": ""atr"", ""recovery"": {""h"": 8, ""layer_x"": 5.0, ""rec_step"": 10.0, ""rec_tp"": 2.0}, ""reversal"": ""ll_fail""}",{},ES-signal / MES-economics proxy backtest,177015.48000002664,176846.7300000266,168.75,3,-70955.8199999982,120766.47999999978,2020-03-22,13,749.0944444444444,True,453.9604166666667,0.7428087986463621,3.0383530738860687,10777,393945.0,181186.243855433,14659.519999999013,6681.739999999011,7425.0,552.7800000000001,8.020898181950628,55415.56999999999,2.358714043993232,1.0,0.2469061781178468,121985.8,0.679639029892837,0.9883817427385893,0.0441049980247729,479.7167479675519,766.3700000001118,-5592.863999999897,-1821.6399999998105,15945.0,-25287.5,0.6070460704607046,0.4552845528455284,0.3197831978319783,0.2086720867208672,0.1598915989159891,0.2411924119241192,0.1463414634146341,-41197.55999999991,8.0,369.0,0.1499162672100542,0.4011799420027522,0.6241760325141248,106000.4200000266,66526.6600000266,150254.37000002636,226101.67000002472,139445.19000001787,14,22069.28401090583,13616.575384617434,0.006760780834716,0.0026476444224447,163613.98000002292,163445.2300000229,168.75,3,-70955.8199999982,107118.67,2020-03-22,12,749.0944444444444,True,453.9604166666667,0.7173501577287066,2.998738170347003,9509,393945.0,192293.67157282628,12957.269999999153,5895.57999999915,6548.75,512.94,8.276987857851996,330.0,14,96015.83000000256,95847.08000000256,168.75,3,-70955.81999999998,79807.41000000003,2022-10-13,12,749.0944444444444,True,453.9604166666667,0.6183136899365367,2.597461468721668,5733,393945.0,224709.42862801725,7887.919999999562,3554.4599999995617,3950.0,383.46,9.085391288713083,230.0,14,57917.31999999695,57748.569999996944,168.75,3,-72903.15999999997,83224.60000000003,2025-04-06,13,124.46319444444444,True,5.1875,0.9727272727272728,4.5606060606060606,3013,393945.0,234289.26138541315,4038.9299999998575,1868.0599999998583,2076.25,94.62,7.350903693683538,69.0,14,79807.41000000003,"{""dataset"": ""2b4f41b124ab"", ""engine"": ""0.2.0"", ""exec"": ""EXEC-1.1"", ""roll"": ""ROLL-1.0""}",131.73049592971802
AF_C14_core_deep,"{""add_trigger"": ""armed"", ""core_cap"": 8, ""core_filter"": ""f_core_deep"", ""max_total"": 14, ""rec_activation"": ""always"", ""rec_anchor"": ""low60"", ""rec_cap"": 6, ""rec_spacing"": ""float"", ""rec_step"": 5.0, ""rec_tp"": 3.0, ""recovery"": {""h"": 8, ""layer_x"": 5.0, ""rec_step"": 10.0, ""rec_tp"": 2.0}, ""reversal"": ""ll_fail""}",{},ES-signal / MES-economics proxy backtest,135976.81000001053,135976.81000001056,0.0,0,-63671.50000000102,114867.65999999986,2020-03-22,11,744.9423611111112,True,453.9604166666667,0.688663282571912,2.4049633389734915,8528,328287.5,129903.30161821524,11628.189999999257,5287.359999999257,5925.0,415.83,5.988678166877264,64758.66,2.039481105470953,1.0,0.3108517010767088,71633.98,0.365482233502538,0.9861111111111112,0.0012930032135962,368.50084010842966,352.6699999999255,-4915.708000000001,-1164.8799999999756,14616.25,-20230.0,0.6476964769647696,0.3577235772357723,0.2520325203252032,0.1815718157181571,0.1300813008130081,0.1951219512195122,0.1165311653116531,-41253.820000000094,8.0,369.0,0.1561295635630689,0.4440191676801018,0.7006713865400479,75600.5000000105,40701.75000001051,116320.57000001046,180649.9800000116,106569.89000000485,14,22705.646590274908,12361.52818181914,0.0057875319429952,0.0028367319037929,126492.55000000833,126492.5500000083,0.0,0,-63671.50000000099,105383.40000000002,2020-03-22,11,744.9423611111112,True,453.9604166666667,0.6630914826498423,2.428391167192429,7698,328287.5,137296.4782818563,10487.449999999348,4772.759999999347,5326.25,388.44,6.158468028599973,330.0,14,78435.40999999904,78435.40999999904,0.0,0,-63671.49999999997,86769.21000000002,2022-10-13,11,744.9423611111112,True,453.9604166666667,0.5448776065276518,2.084315503173164,4598,328287.5,165102.57670135298,6299.5899999996855,2850.759999999685,3157.5,291.33,7.015741448285162,230.0,14,45325.5799999988,45325.5799999988,0.0,0,-64756.43999999997,85838.33000000002,2025-04-06,11,109.98263888888889,True,6.823611111111111,0.9424242424242424,3.881818181818182,2562,332213.75,123591.20685379326,3394.419999999908,1588.4399999999075,1738.75,67.23000000000002,4.042866268365085,69.0,14,85838.33000000002,"{""dataset"": ""2b4f41b124ab"", ""engine"": ""0.2.0"", ""exec"": ""EXEC-1.1"", ""roll"": ""ROLL-1.0""}",95.31369042396544
N_C14_late_tp2,"{""add_trigger"": ""armed"", ""core_cap"": 8, ""late_rec_tp"": 2.0, ""max_total"": 14, ""rec_activation"": ""always"", ""rec_anchor"": ""low60"", ""rec_cap"": 6, ""rec_spacing"": ""float"", ""rec_step"": 5.0, ""rec_tp"": 3.0, ""recovery"": {""h"": 8, ""layer_x"": 5.0, ""rec_step"": 10.0, ""rec_tp"": 2.0}, ""reversal"": ""ll_fail""}",{},ES-signal / MES-economics proxy backtest,169873.1400000243,169805.6400000243,67.5,1,-71189.5599999982,121899.84000000004,2020-03-22,12,749.6229166666667,True,453.9604166666667,0.7027636773829667,2.692047377326565,9547,393945.0,184937.7148427103,13115.609999999144,5919.139999999145,6628.75,567.72,8.203068746305204,56139.13,2.065989847715736,1.0,0.2921332731893052,114234.85,0.626057529610829,0.9927927927927928,0.0250923873910473,460.3608130081959,823.9699999998847,-5628.881999999982,-1867.3299999998417,15945.0,-22758.75,0.5989159891598916,0.4579945799457994,0.3197831978319783,0.2140921409214092,0.1598915989159891,0.2466124661246612,0.1490514905149051,-42034.47999999992,8.0,369.0,0.1405975659247635,0.3954057127571223,0.6214200196687065,102704.33000002426,64310.57000002425,142778.18000002403,219720.65000002243,136038.6800000181,14,20708.486696096254,14156.095000002024,0.0064666899613961,0.0024892749074991,153933.16000001982,153865.6600000198,67.5,1,-71189.5599999982,107098.58000000002,2020-03-22,12,749.6229166666667,True,453.9604166666667,0.6788643533123029,2.709148264984228,8589,393945.0,194960.26371276632,11794.33999999925,5325.17999999925,5948.75,520.4100000000001,8.381920194424696,330.0,14,88595.15000000235,88527.65000000235,67.5,1,-70938.31999999998,79836.16000000003,2022-10-13,12,749.09375,True,453.9604166666667,0.5602901178603807,2.3073436083408887,5091,393945.0,227095.19597305256,7058.599999999632,3156.419999999632,3511.25,390.93000000000006,9.16702701487841,230.0,14,56663.31999999695,56595.81999999695,67.5,1,-72898.15999999997,83352.08000000005,2025-04-06,13,124.46319444444444,True,5.1875,0.9757575757575756,4.487878787878788,2963,393945.0,232449.3994382445,3980.429999999864,1837.059999999864,2048.75,94.62,7.297553827076992,69.0,14,79836.16000000003,"{""dataset"": ""2b4f41b124ab"", ""engine"": ""0.2.0"", ""exec"": ""EXEC-1.1"", ""roll"": ""ROLL-1.0""}",128.91150307655334
Y_C14_no_gapdown_core,"{""add_trigger"": ""armed"", ""core_cap"": 8, ""core_filter"": ""f_no_gapdown_shock"", ""max_total"": 14, ""rec_activation"": ""always"", ""rec_anchor"": ""low60"", ""rec_cap"": 6, ""rec_spacing"": ""float"", ""rec_step"": 5.0, ""rec_tp"": 3.0, ""recovery"": {""h"": 8, ""layer_x"": 5.0, ""rec_step"": 10.0, ""rec_tp"": 2.0}, ""reversal"": ""ll_fail""}",{},ES-signal / MES-economics proxy backtest,164898.6500000232,164729.90000002322,168.75,3,-70933.3199999982,118959.51999999984,2020-03-22,12,749.09375,True,453.9604166666667,0.7016356457980824,2.649746192893401,9399,390238.75,184456.64916746283,12958.84999999916,5827.379999999162,6563.75,567.72,8.189197329381011,59541.25,2.044557247602933,1.0,0.2927174360712875,105758.23,0.6051889452904682,0.9972041006523764,0.0253011170539138,446.8798102981658,740.8800000002375,-5592.863999999897,-1896.729999999865,15945.0,-22758.75,0.5989159891598916,0.4471544715447154,0.3143631436314363,0.2168021680216802,0.1626016260162601,0.2439024390243902,0.1463414634146341,-42034.47999999992,8.0,369.0,0.1448389662377262,0.401496980114699,0.6339579493221159,98692.34000002316,60359.84000002316,139253.81000002267,213932.34000002127,130631.750000017,14,20136.11876323992,13741.5541666686,0.0062999985098424,0.0024226820356714,152055.1000000193,151886.35000001927,168.75,3,-70933.3199999982,106902.28000000004,2020-03-22,12,749.09375,True,453.9604166666667,0.6782334384858044,2.673186119873817,8477,390238.75,194454.70058033016,11677.399999999265,5255.739999999262,5901.25,520.4100000000001,8.367549741466515,330.0,14,86769.89000000202,86601.14000000202,168.75,3,-70933.31999999998,79846.16000000003,2022-10-13,12,749.09375,True,453.9604166666667,0.5602901178603807,2.28377153218495,5041,390238.75,226488.9773227851,6988.859999999638,3125.419999999637,3475.0,388.4400000000001,9.148455971591677,230.0,14,55118.78999999707,54950.03999999708,168.75,3,-65967.09,90613.85000000003,2025-04-06,11,123.15138888888887,True,6.823611111111111,0.9484848484848484,4.257575757575758,2813,390238.75,221953.68255176043,3776.20999999988,1744.05999999988,1945.0,87.15,6.942276331116371,69.0,14,79846.16000000003,"{""dataset"": ""2b4f41b124ab"", ""engine"": ""0.2.0"", ""exec"": ""EXEC-1.1"", ""roll"": ""ROLL-1.0""}",130.84261798858645
AA_C14_gov_mom30,"{""add_trigger"": ""armed"", ""core_cap"": 8, ""gov"": ""mom30"", ""gov_action"": ""core"", ""gov_x"": 1.5, ""max_total"": 14, ""rec_activation"": ""always"", ""rec_anchor"": ""low60"", ""rec_cap"": 6, ""rec_spacing"": ""float"", ""rec_step"": 5.0, ""rec_tp"": 3.0, ""recovery"": {""h"": 8, ""layer_x"": 5.0, ""rec_step"": 10.0, ""rec_tp"": 2.0}, ""reversal"": ""ll_fail""}",{},ES-signal / MES-economics proxy backtest,164973.55000002426,164809.8000000243,163.75,3,-71206.42999999819,120325.64999999983,2020-03-22,12,749.8104166666667,True,453.9604166666667,0.7298364354201917,2.712351945854484,9621,390238.75,184946.22869976828,13220.19999999914,5965.019999999137,6677.5,577.6799999999998,8.157121603940368,61417.81999999999,2.1331077270163563,1.0,0.2673196589721535,103971.52,0.5792442188381275,0.9922103213242454,0.0274332415296382,447.082791327979,766.3700000001118,-5692.761999999824,-1860.0,15945.0,-25287.5,0.6016260162601627,0.4552845528455284,0.3170731707317073,0.2140921409214092,0.1598915989159891,0.2466124661246612,0.1463414634146341,-41622.59999999992,8.0,369.0,0.1608591195376234,0.4299478310310323,0.6637128194185306,94043.53000002429,55478.49000002424,140374.48000002373,214739.8100000224,130010.18000001676,14,20224.480890456794,13747.795833335354,0.0062786856654376,0.0024173663581632,150535.13000001747,150371.38000001744,163.75,3,-71206.43000000101,105989.72000000004,2020-03-22,12,749.8104166666667,True,453.9604166666667,0.7091482649842271,2.751419558359621,8725,390238.75,195848.42030717095,11962.369999999237,5409.499999999235,6022.5,530.37,8.387266247208746,330.0,14,88687.59000000154,88523.84000000155,163.75,3,-70849.55999999997,79933.67000000004,2022-10-13,12,749.0375,True,453.9604166666667,0.6065276518585675,2.4134179510426117,5327,390238.75,229603.62569391375,7353.659999999606,3302.739999999606,3657.5,393.4200000000001,9.24496786083517,230.0,14,53338.609999997134,53174.85999999713,163.75,3,-72778.26999999999,83384.48000000004,2025-04-06,12,125.66180555555556,True,6.823611111111111,0.9454545454545454,4.1909090909090905,2769,390238.75,234279.43345357533,3726.389999999885,1716.779999999885,1912.5,97.11,7.342516815090369,69.0,14,79933.67000000004,"{""dataset"": ""2b4f41b124ab"", ""engine"": ""0.2.0"", ""exec"": ""EXEC-1.1"", ""roll"": ""ROLL-1.0""}",133.88963675498962
Z_C14_volcap,"{""add_trigger"": ""armed"", ""core_cap"": 8, ""max_total"": 14, ""rec_activation"": ""always"", ""rec_anchor"": ""low60"", ""rec_cap"": 6, ""rec_spacing"": ""float"", ""rec_step"": 5.0, ""rec_tp"": 3.0, ""recovery"": {""h"": 8, ""layer_x"": 5.0, ""rec_step"": 10.0, ""rec_tp"": 2.0}, ""reversal"": ""ll_fail"", ""vol_cap"": true}",{},ES-signal / MES-economics proxy backtest,171592.90000002395,171424.15000002395,168.75,3,-70933.3199999982,121397.24999999994,2020-03-22,12,749.09375,True,453.9604166666667,0.7016356457980824,2.676818950930626,9495,393945.0,185087.14811891143,13065.84999999915,5886.899999999151,6606.25,572.7,8.213935296606252,59542.56,2.047941342357586,1.0,0.2928168978569487,112456.14999999998,0.6288776085730401,0.9937219730941704,0.0242980939759778,465.021409214157,766.3700000001118,-5628.881999999982,-1918.589999999851,15945.0,-22758.75,0.5989159891598916,0.4579945799457994,0.3197831978319783,0.2168021680216802,0.1598915989159891,0.2439024390243902,0.1490514905149051,-42034.47999999992,8.0,369.0,0.1391884512704002,0.3914428277626328,0.6151919455874068,104424.09000002388,66030.33000002388,144201.70000002376,220626.59000002203,137019.77000001783,14,20890.461612343224,14299.408333335328,0.0065557541817324,0.0025124456989061,156412.99000001966,156244.24000001966,168.75,3,-70933.3199999982,107313.58000000002,2020-03-22,12,749.09375,True,453.9604166666667,0.6788643533123029,2.697160883280757,8553,393945.0,194914.162146376,11764.509999999254,5302.859999999254,5938.75,522.9000000000001,8.379264393158806,330.0,14,90043.79000000248,89875.04000000247,168.75,3,-70933.31999999998,79846.16000000003,2022-10-13,12,749.09375,True,453.9604166666667,0.5602901178603807,2.2964641885766093,5069,393945.0,227221.9877820605,7029.959999999634,3142.779999999634,3496.25,390.93000000000006,9.170818537330875,230.0,14,57894.459999996994,57725.70999999699,168.75,3,-72898.15999999997,83397.08000000005,2025-04-06,13,124.46319444444444,True,5.1875,0.9757575757575756,4.451515151515151,2941,393945.0,232988.5942584451,3950.539999999866,1823.419999999866,2032.5,94.62,7.312967346785405,69.0,14,79846.16000000003,"{""dataset"": ""2b4f41b124ab"", ""engine"": ""0.2.0"", ""exec"": ""EXEC-1.1"", ""roll"": ""ROLL-1.0""}",129.4134063720703
