dt,equity,qty,realized,unrealized
2019-05-05,150000.0,0,0.0,0.0
2019-05-06,150042.52,2,122.51999999999998,-80.0
2019-05-07,150158.19,11,116.93999999999994,41.25
2019-05-08,149030.69,11,116.93999999999994,-1086.25
2019-05-09,148648.21,15,114.45999999999992,-1466.25
2019-05-10,151278.22,17,113.21999999999991,1165.0
2019-05-12,148728.22,17,113.21999999999991,-1385.0
2019-05-13,145846.36,20,111.3599999999999,-4265.0
2019-05-14,148071.36,20,111.3599999999999,-2040.0
2019-05-15,148321.36,20,111.3599999999999,-1790.0
2019-05-16,152348.98,20,2606.4800000000005,-257.5
2019-05-17,152219.61,5,2605.8600000000006,-386.25
2019-05-19,152450.86,5,2605.8600000000006,-155.0
2019-05-20,152280.87,7,2604.620000000001,-323.75
2019-05-21,152648.37,7,2604.620000000001,43.75
2019-05-22,151948.37,7,2604.620000000001,-656.25
2019-05-23,151484.02,12,2601.5200000000013,-1117.5
2019-05-24,151679.02,12,2601.5200000000013,-922.5
2019-05-26,151604.02,12,2601.5200000000013,-997.5
2019-05-27,152099.02,12,2601.5200000000013,-502.5
2019-05-28,149549.65,13,2600.9000000000015,-3051.25
2019-05-29,148994.67,17,2598.420000000002,-3603.75
2019-05-30,147995.92,17,2598.420000000002,-4602.5
2019-05-31,146144.06,20,2596.560000000002,-6452.5
2019-06-02,144744.06,20,2596.560000000002,-7852.5
2019-06-03,146322.22,24,2667.220000000003,-6345.0
2019-06-04,151117.26,21,3096.010000000004,-1978.75
2019-06-05,151955.4,13,3297.900000000004,-1342.5
2019-06-06,153117.9,10,3297.900000000004,-180.0
2019-06-07,154554.21,10,4547.9600000000055,6.25
2019-06-09,154609.21,2,4547.9600000000055,61.25
2019-06-10,154794.24000000002,4,4795.490000000006,-1.25
2019-06-11,154637.37,5,4794.870000000006,-157.5
2019-06-12,154410.5,6,4794.250000000006,-383.75
2019-06-13,155010.5,6,4794.250000000006,216.25
2019-06-14,154860.5,6,4794.250000000006,66.25
2019-06-16,155033.06,6,4779.310000000007,253.75
2019-06-17,154830.56,6,4779.310000000007,51.25
2019-06-18,155564.97,6,5531.2200000000075,33.75
2019-06-19,155649.97,1,5531.2200000000075,118.75
2019-06-20,155805.62,4,5724.370000000008,81.25
2019-06-21,155730.62,4,5724.370000000008,6.25
2019-06-23,155980.62,4,5724.370000000008,256.25
2019-06-24,155680.62,4,5724.370000000008,-43.75
2019-06-25,155165.01,7,5722.510000000008,-557.5
2019-06-26,155338.14,8,5721.8900000000085,-383.75
2019-06-27,155548.14,8,5721.8900000000085,-173.75
2019-06-28,156398.14,8,5721.8900000000085,676.25
2019-06-30,157028.14,8,5721.8900000000085,1306.25
2019-07-01,157381.95,8,7400.70000000001,-18.75
2019-07-02,157486.95,4,7400.70000000001,86.25
2019-07-03,157910.1,4,7898.85000000001,11.25
2019-07-04,157928.85,1,7898.85000000001,30.0
2019-07-05,158028.24000000002,4,7896.990000000011,131.25
2019-07-07,157888.24000000002,4,7896.990000000011,-8.75
2019-07-08,157518.24000000002,4,7896.990000000011,-378.75
2019-07-09,157906.37000000002,5,7896.370000000011,10.0
2019-07-10,158639.54,5,8519.540000000006,120.0
2019-07-11,158759.54,4,8519.540000000006,240.0
2019-07-12,158819.54,4,8519.540000000006,300.0
2019-07-14,158894.54,4,8519.540000000006,375.0
2019-07-15,158929.54,4,8519.540000000006,410.0
2019-07-16,158699.54,4,8519.540000000006,180.0
2019-07-17,158061.42,5,8518.920000000006,-457.5
2019-07-18,158892.05000000002,6,8518.300000000005,373.75
2019-07-19,157834.55000000002,6,8518.300000000005,-683.75
2019-07-21,157999.55000000002,6,8518.300000000005,-518.75
2019-07-22,158457.05000000002,6,8518.300000000005,-61.25
2019-07-23,158937.05000000002,6,8518.300000000005,418.75
2019-07-24,159283.96,6,9270.21,13.75
2019-07-25,159312.1,4,9268.349999999997,43.75
2019-07-26,159492.1,4,9268.349999999997,223.75
2019-07-28,159457.1,4,9268.349999999997,188.75
2019-07-29,159537.1,4,9268.349999999997,268.75
2019-07-30,159407.1,4,9268.349999999997,138.75
2019-07-31,158878.38,10,9264.629999999992,-386.25
2019-08-01,156890.88,10,9264.629999999992,-2373.75
2019-08-02,156365.88,10,9264.629999999992,-2898.75
2019-08-04,154578.38,10,9264.629999999992,-4686.25
2019-08-05,151640.88,10,9264.629999999992,-7623.75
2019-08-06,152715.88,10,9264.629999999992,-6548.75
2019-08-07,154328.38,10,9264.629999999992,-4936.25
2019-08-08,156002.75999999998,11,9264.009999999991,-3261.25
2019-08-09,155834.02,13,9262.76999999999,-3428.75
2019-08-11,155915.27,13,9262.76999999999,-3347.5
2019-08-12,153289.03999999998,17,9260.289999999986,-5971.25
2019-08-13,156880.28999999998,17,9260.289999999986,-2380.0
2019-08-14,150165.28999999998,17,9260.289999999986,-9095.0
2019-08-15,152535.93999999997,22,9257.189999999982,-6721.25
2019-08-16,155230.93999999997,22,9257.189999999982,-4026.25
2019-08-18,156798.43999999997,22,9257.189999999982,-2458.75
2019-08-19,159108.43999999997,22,9257.189999999982,-148.75
2019-08-20,156853.43999999997,22,9257.189999999982,-2403.75
2019-08-21,159080.93999999997,22,9257.189999999982,-176.25
2019-08-22,159685.93999999997,22,9257.189999999982,428.75
2019-08-23,150830.93999999997,22,9257.189999999982,-8426.25
2019-08-25,149620.93999999997,22,9257.189999999982,-9636.25
2019-08-26,154240.93999999997,22,9257.189999999982,-5016.25
2019-08-27,153443.43999999997,22,9257.189999999982,-5813.75
2019-08-28,153938.43999999997,22,9257.189999999982,-5318.75
2019-08-29,159823.43999999997,22,9257.189999999982,566.25
2019-08-30,158778.43999999997,22,9257.189999999982,-478.75
2019-09-01,157458.43999999997,22,9257.189999999982,-1798.75
2019-09-02,157045.93999999997,22,9257.189999999982,-2211.25
2019-09-03,157760.93999999997,22,9257.189999999982,-1496.25
2019-09-04,163563.43999999997,22,9257.189999999982,4306.25
2019-09-05,163442.92999999996,22,13384.179999999971,58.75
2019-09-06,163465.42999999996,1,13384.179999999971,81.25
2019-09-08,163479.17999999996,1,13384.179999999971,95.0
2019-09-09,163434.17999999996,1,13384.179999999971,50.0
2019-09-10,163534.80999999997,2,13383.55999999997,151.25
2019-09-11,163764.19999999995,2,13632.949999999968,131.25
2019-09-12,163799.21999999997,3,13755.469999999965,43.75
2019-09-13,163671.71999999997,3,13755.469999999965,-83.75
2019-09-15,163412.99999999997,3,13747.999999999965,-335.0
2019-09-16,163531.12999999998,4,13747.379999999965,-216.25
2019-09-17,163616.12999999998,4,13747.379999999965,-131.25
2019-09-18,163634.88999999996,6,13746.139999999963,-111.25
2019-09-19,163979.88999999996,6,13746.139999999963,233.75
2019-09-20,163334.88999999996,6,13746.139999999963,-411.25
2019-09-22,163694.88999999996,6,13746.139999999963,-51.25
2019-09-23,163792.38999999996,6,13746.139999999963,46.25
2019-09-24,162970.51999999996,7,13745.519999999962,-775.0
2019-09-25,163198.01999999996,7,13745.519999999962,-547.5
2019-09-26,163031.77999999997,9,13744.27999999996,-712.5
2019-09-27,162694.27999999997,9,13744.27999999996,-1050.0
2019-09-29,163076.77999999997,9,13744.27999999996,-667.5
2019-09-30,163673.02999999997,9,13744.27999999996,-71.25
2019-10-01,161636.15999999997,10,13743.65999999996,-2107.5
2019-10-02,158428.67999999996,14,13741.179999999957,-5312.5
2019-10-03,160454.31999999995,17,13739.319999999954,-3285.0
2019-10-04,164109.31999999995,17,13739.319999999954,370.0
2019-10-06,162983.06999999995,17,13739.319999999954,-756.25
2019-10-07,163790.56999999995,17,13739.319999999954,51.25
2019-10-08,159838.06999999995,17,13739.319999999954,-3901.25
2019-10-09,160943.06999999995,17,13739.319999999954,-2796.25
2019-10-10,164088.06999999995,17,13739.319999999954,348.75
2019-10-11,165873.78999999995,17,15861.289999999939,12.5
2019-10-13,165951.28999999995,2,15861.289999999939,90.0
2019-10-14,165891.28999999995,2,15861.289999999939,30.0
2019-10-15,166074.42999999993,2,16109.429999999937,-35.0
2019-10-16,166083.80999999994,2,16108.809999999936,-25.0
2019-10-17,166126.30999999994,2,16108.809999999936,17.5
2019-10-18,166170.06999999995,4,16107.569999999934,62.5
2019-10-20,166295.06999999995,4,16107.569999999934,187.5
2019-10-21,166625.06999999995,4,16107.569999999934,517.5
2019-10-22,166205.73999999993,5,16604.48999999994,-398.75
2019-10-23,166674.48999999993,5,16604.48999999994,70.0
2019-10-24,166636.98999999993,5,16604.48999999994,32.5
2019-10-25,167024.48999999993,5,16604.48999999994,420.0
2019-10-27,167161.98999999993,5,16604.48999999994,557.5
2019-10-28,167362.01999999996,5,17352.019999999946,10.0
2019-10-29,167339.51999999996,1,17352.019999999946,-12.5
2019-10-30,167593.27999999994,3,17350.779999999948,242.5
2019-10-31,167620.15999999995,4,17350.15999999995,270.0
2019-11-01,167888.30999999994,4,17847.059999999954,41.25
2019-11-03,167923.30999999994,1,17847.059999999954,76.25
2019-11-04,168017.07999999996,3,17977.079999999958,40.0
2019-11-05,167859.57999999996,3,17977.079999999958,-117.5
2019-11-06,167908.95999999996,4,17976.45999999996,-67.5
2019-11-07,168028.95999999996,4,17976.45999999996,52.5
2019-11-08,168298.95999999996,4,17976.45999999996,322.5
2019-11-10,168113.95999999996,4,17976.45999999996,137.5
2019-11-11,168158.95999999996,4,17976.45999999996,182.5
2019-11-12,168258.99999999997,4,18473.999999999967,-215.0
2019-11-13,168507.12999999998,5,18473.37999999997,33.75
2019-11-14,168894.62999999998,5,18473.37999999997,421.25
2019-11-15,169112.15999999997,5,19097.159999999974,15.0
2019-11-17,169100.90999999997,1,19097.159999999974,3.75
2019-11-18,169137.15999999997,1,19097.159999999974,40.0
2019-11-19,169085.90999999997,1,19097.159999999974,-11.25
2019-11-20,169007.18,5,19094.67999999998,-87.5
2019-11-21,169182.18,5,19094.67999999998,87.5
2019-11-22,169282.18,5,19094.67999999998,187.5
2019-11-24,169432.18,5,19094.67999999998,337.5
2019-11-25,169740.96,5,19715.959999999985,25.0
2019-11-26,169797.21,1,19715.959999999985,81.25
2019-11-27,169793.46999999997,1,19839.719999999987,-46.25
2019-11-28,169793.46999999997,1,19839.719999999987,-46.25
2019-11-29,169774.72999999998,3,19838.47999999999,-63.75
2019-12-01,169917.22999999998,3,19838.47999999999,78.75
2019-12-02,169267.88,8,19835.379999999994,-567.5
2019-12-03,168271.01,9,19834.759999999995,-1563.75
2019-12-04,169036.01,9,19834.759999999995,-798.75
2019-12-05,169497.26,9,19834.759999999995,-337.5
2019-12-06,170644.76,9,19834.759999999995,810.0
2019-12-08,170419.76,9,19834.759999999995,585.0
2019-12-09,170172.26,9,19834.759999999995,337.5
2019-12-10,170071.01,9,19834.759999999995,236.25
2019-12-11,170644.76,9,19834.759999999995,810.0
2019-12-12,171092.31,9,20953.560000000005,138.75
2019-12-13,171082.32,1,21077.320000000007,5.0
2019-12-15,171123.58000000002,1,21074.830000000005,48.75
2019-12-16,171188.59,1,21198.590000000007,-10.0
2019-12-17,171167.97,2,21197.97000000001,-30.0
2019-12-18,171192.97,2,21197.97000000001,-5.0
2019-12-19,171330.47,2,21197.97000000001,132.5
2019-12-20,171447.36000000002,2,21446.11000000001,1.25
2019-12-22,171466.11000000002,1,21446.11000000001,20.0
2019-12-23,171463.61000000002,1,21446.11000000001,17.5
2019-12-24,171457.36000000002,1,21446.11000000001,11.25
2019-12-25,171472.36000000002,1,21446.11000000001,26.25
2019-12-26,171569.86000000002,1,21446.11000000001,123.75
2019-12-27,171458.63,3,21573.630000000016,-115.0
2019-12-29,171567.38,3,21573.630000000016,-6.25
2019-12-30,171313.02000000002,6,21571.77000000002,-258.75
2019-12-31,171683.65000000002,7,21571.15000000002,112.5
2020-01-01,171814.90000000002,7,21571.15000000002,243.75
2020-01-02,172341.19000000003,7,22448.690000000028,-107.5
2020-01-03,172378.07000000004,2,22448.07000000003,-70.0
2020-01-05,172303.07000000004,2,22448.07000000003,-145.0
2020-01-06,172550.57000000004,2,22448.07000000003,102.5
2020-01-07,172263.07000000004,2,22448.07000000003,-185.0
2020-01-08,172734.97000000003,3,22694.970000000034,40.0
2020-01-09,173038.72000000003,3,22694.970000000034,343.75
2020-01-10,172746.22000000003,3,22694.970000000034,51.25
2020-01-12,172896.22000000003,3,22694.970000000034,201.25
2020-01-13,173088.74000000005,3,23069.990000000038,18.75
2020-01-14,173044.37000000005,2,23069.37000000004,-25.0
2020-01-15,173216.87000000005,2,23069.37000000004,147.5
2020-01-16,173365.01000000004,2,23317.510000000042,47.5
2020-01-17,173393.76000000004,1,23317.510000000042,76.25
2020-01-19,173407.51000000004,1,23317.510000000042,90.0
2020-01-20,173333.76000000004,1,23317.510000000042,16.25
2020-01-21,173448.76000000004,1,23317.510000000042,131.25
2020-01-22,173262.53000000006,3,23440.030000000046,-177.5
2020-01-23,173662.54000000004,5,23438.790000000048,223.75
2020-01-24,172693.79000000004,5,23438.790000000048,-745.0
2020-01-26,171962.54000000004,5,23438.790000000048,-1476.25
2020-01-27,171908.18000000005,8,23436.93000000005,-1528.75
2020-01-28,173218.18000000005,8,23436.93000000005,-218.75
2020-01-29,171828.18000000005,8,23436.93000000005,-1608.75
2020-01-30,173478.18000000005,8,23436.93000000005,41.25
2020-01-31,170778.18000000005,8,23436.93000000005,-2658.75
2020-02-02,171508.18000000005,8,23436.93000000005,-1928.75
2020-02-03,172228.18000000005,8,23436.93000000005,-1208.75
2020-02-04,173508.18000000005,8,23436.93000000005,71.25
2020-02-05,175240.11000000007,8,24801.360000000062,438.75
2020-02-06,175067.61000000007,3,24801.360000000062,266.25
2020-02-07,174797.61000000007,3,24801.360000000062,-3.75
2020-02-09,174842.61000000007,3,24801.360000000062,41.25
2020-02-10,175243.88000000006,3,25173.880000000067,70.0
2020-02-11,175317.66000000006,5,25295.160000000073,22.5
2020-02-12,175398.91000000006,5,25295.160000000073,103.75
2020-02-13,175817.66000000006,5,25295.160000000073,522.5
2020-02-14,175723.91000000006,5,25295.160000000073,428.75
2020-02-16,175892.66000000006,5,25295.160000000073,597.5
2020-02-17,175523.91000000006,5,25295.160000000073,228.75
2020-02-18,175680.16000000006,5,25295.160000000073,385.0
2020-02-19,175887.6900000001,5,25920.19000000008,-32.5
2020-02-20,175538.9700000001,7,25916.470000000085,-377.5
2020-02-21,174928.3600000001,10,25914.610000000088,-986.25
2020-02-23,172765.8600000001,10,25914.610000000088,-3148.75
2020-02-24,170713.99000000008,11,25913.99000000009,-5200.0
2020-02-25,165035.24000000008,11,25913.99000000009,-10878.75
2020-02-26,160181.49000000008,11,25913.99000000009,-15732.5
2020-02-27,159590.24000000008,11,25913.99000000009,-16323.75
2020-03-01,152398.99000000008,11,25913.99000000009,-23515.0
2020-03-03,158572.74000000008,11,25913.99000000009,-17341.25
2020-03-04,161721.49000000008,11,25913.99000000009,-14192.5
2020-03-05,155712.74000000008,11,25913.99000000009,-20201.25
2020-03-06,154846.49000000008,11,25913.99000000009,-21067.5
2020-03-08,146885.24000000008,11,25913.99000000009,-29028.75
2020-03-09,146871.49000000008,11,25913.99000000009,-29042.5
2020-03-10,146527.74000000008,11,25913.99000000009,-29386.25
2020-03-11,135912.74000000008,11,25913.99000000009,-40001.25
2020-03-12,123798.99000000008,11,25913.99000000009,-52115.0
2020-03-13,138401.49000000008,11,25913.99000000009,-37512.5
2020-03-15,133052.74000000008,11,25913.99000000009,-42861.25
2020-03-16,129120.3500000001,11,25886.60000000009,-46766.25
2020-03-17,124582.8500000001,11,25886.60000000009,-51303.75
2020-03-18,118026.63000000009,17,25882.880000000096,-57856.25
2020-03-19,125442.88000000009,17,25882.880000000096,-50440.0
2020-03-20,116411.63000000009,17,25882.880000000096,-59471.25
2020-03-22,110631.63000000009,17,25882.880000000096,-65251.25
2020-03-23,117638.12000000014,26,26238.120000000145,-58600.0
2020-03-24,125833.14000000016,15,27040.64000000015,-51207.5
2020-03-25,128734.39000000016,11,27040.64000000015,-48306.25
2020-03-26,135458.14000000016,11,27040.64000000015,-41582.5
2020-03-27,132171.89000000016,11,27040.64000000015,-44868.75
2020-03-29,131800.64000000016,11,27040.64000000015,-45240.0
2020-03-30,137548.14000000016,11,27040.64000000015,-39492.5
2020-03-31,132639.39000000016,11,27040.64000000015,-44401.25
2020-04-01,130054.39000000016,11,27040.64000000015,-46986.25
2020-04-02,130590.64000000016,11,27040.64000000015,-46450.0
2020-04-03,129985.64000000016,11,27040.64000000015,-47055.0
2020-04-05,134729.39000000016,11,27040.64000000015,-42311.25
2020-04-06,138029.39000000016,11,27040.64000000015,-39011.25
2020-04-07,139129.39000000016,11,27040.64000000015,-37911.25
2020-04-08,143886.89000000016,11,27040.64000000015,-33153.75
2020-04-09,146856.89000000016,11,27040.64000000015,-30183.75
2020-04-12,144230.64000000016,11,27040.64000000015,-32810.0
2020-04-13,147324.39000000016,11,27040.64000000015,-29716.25
2020-04-14,149084.39000000016,11,27040.64000000015,-27956.25
2020-04-15,145358.14000000016,11,27040.64000000015,-31682.5
2020-04-16,151600.64000000016,11,27040.64000000015,-25440.0
2020-04-17,151366.89000000016,11,27040.64000000015,-25673.75
2020-04-19,151490.64000000016,11,27040.64000000015,-25550.0
2020-04-20,146925.64000000016,11,27040.64000000015,-30115.0
2020-04-21,144216.89000000016,11,27040.64000000015,-32823.75
2020-04-22,146265.64000000016,11,27040.64000000015,-30775.0
2020-04-23,145688.14000000016,11,27040.64000000015,-31352.5
2020-04-24,149111.89000000016,11,27040.64000000015,-27928.75
2020-04-26,149936.89000000016,11,27040.64000000015,-27103.75
2020-04-27,150679.39000000016,11,27040.64000000015,-26361.25
2020-04-28,153003.14000000016,11,27040.64000000015,-24037.5
2020-04-29,156220.64000000016,11,27040.64000000015,-20820.0
2020-04-30,150871.89000000016,11,27040.64000000015,-26168.75
2020-05-01,148506.89000000016,11,27040.64000000015,-28533.75
2020-05-03,147888.14000000016,11,27040.64000000015,-29152.5
2020-05-04,149868.14000000016,11,27040.64000000015,-27172.5
2020-05-05,150940.64000000016,11,27040.64000000015,-26100.0
2020-05-06,150349.39000000016,11,27040.64000000015,-26691.25
2020-05-07,153814.39000000016,11,27040.64000000015,-23226.25
2020-05-08,154749.39000000016,11,27040.64000000015,-22291.25
2020-05-10,155381.89000000016,11,27040.64000000015,-21658.75
2020-05-11,153223.14000000016,11,27040.64000000015,-23817.5
2020-05-12,150514.39000000016,11,27040.64000000015,-26526.25
2020-05-13,148245.64000000016,11,27040.64000000015,-28795.0
2020-05-14,150198.14000000016,11,27040.64000000015,-26842.5
2020-05-15,150569.39000000016,11,27040.64000000015,-26471.25
2020-05-17,151916.89000000016,11,27040.64000000015,-25123.75
2020-05-18,155258.14000000016,11,27040.64000000015,-21782.5
2020-05-19,155038.14000000016,11,27040.64000000015,-22002.5
2020-05-20,155863.14000000016,11,27040.64000000015,-21177.5
2020-05-21,154130.64000000016,11,27040.64000000015,-22910.0
2020-05-22,156165.64000000016,11,27040.64000000015,-20875.0
2020-05-24,156481.89000000016,11,27040.64000000015,-20558.75
2020-05-25,158571.89000000016,11,27040.64000000015,-18468.75
2020-05-26,159369.39000000016,11,27040.64000000015,-17671.25
2020-05-27,160386.89000000016,11,27040.64000000015,-16653.75
2020-05-28,160043.14000000016,11,27040.64000000015,-16997.5
2020-05-29,161720.64000000016,11,27040.64000000015,-15320.0
2020-05-31,160565.64000000016,11,27040.64000000015,-16475.0
2020-06-01,160813.14000000016,11,27040.64000000015,-16227.5
2020-06-02,163233.14000000016,11,27040.64000000015,-13807.5
2020-06-03,164649.39000000016,11,27040.64000000015,-12391.25
2020-06-04,165446.89000000016,11,27040.64000000015,-11593.75
2020-06-05,168760.64000000016,11,27040.64000000015,-8280.0
2020-06-07,169228.14000000016,11,27040.64000000015,-7812.5
2020-06-08,170809.39000000016,11,27040.64000000015,-6231.25
2020-06-09,170768.14000000016,11,27040.64000000015,-6272.5
2020-06-10,167069.39000000016,11,27040.64000000015,-9971.25
2020-06-11,161019.39000000016,11,27040.64000000015,-16021.25
2020-06-12,160538.14000000016,11,27040.64000000015,-16502.5
2020-06-14,158448.14000000016,11,27040.64000000015,-18592.5
2020-06-15,165034.50000000015,11,27013.25000000015,-11978.75
2020-06-16,165130.75000000015,11,27013.25000000015,-11882.5
2020-06-17,163920.75000000015,11,27013.25000000015,-13092.5
2020-06-18,164952.00000000015,11,27013.25000000015,-12061.25
2020-06-19,162325.75000000015,11,27013.25000000015,-14687.5
2020-06-21,163508.25000000015,11,27013.25000000015,-13505.0
2020-06-22,165268.25000000015,11,27013.25000000015,-11745.0
2020-06-23,165735.75000000015,11,27013.25000000015,-11277.5
2020-06-24,161074.50000000015,11,27013.25000000015,-15938.75
2020-06-25,163150.75000000015,11,27013.25000000015,-13862.5
2020-06-26,159314.50000000015,11,27013.25000000015,-17698.75
2020-06-28,159383.25000000015,11,27013.25000000015,-17630.0
2020-06-29,162050.75000000015,11,27013.25000000015,-14962.5
2020-06-30,163810.75000000015,11,27013.25000000015,-13202.5
2020-07-01,164979.50000000015,11,27013.25000000015,-12033.75
2020-07-02,166079.50000000015,11,27013.25000000015,-10933.75
2020-07-03,165502.00000000015,11,27013.25000000015,-11511.25
2020-07-05,168279.50000000015,11,27013.25000000015,-8733.75
2020-07-06,168265.75000000015,11,27013.25000000015,-8747.5
2020-07-07,166987.00000000015,11,27013.25000000015,-10026.25
2020-07-08,168183.25000000015,11,27013.25000000015,-8830.0
2020-07-09,166588.25000000015,11,27013.25000000015,-10425.0
2020-07-10,169022.00000000015,11,27013.25000000015,-7991.25
2020-07-12,169709.50000000015,11,27013.25000000015,-7303.75
2020-07-13,167413.25000000015,11,27013.25000000015,-9600.0
2020-07-14,170575.75000000015,11,27013.25000000015,-6437.5
2020-07-15,170383.25000000015,11,27013.25000000015,-6630.0
2020-07-16,170342.00000000015,11,27013.25000000015,-6671.25
2020-07-17,170905.75000000015,11,27013.25000000015,-6107.5
2020-07-19,170424.50000000015,11,27013.25000000015,-6588.75
2020-07-20,172899.50000000015,11,27013.25000000015,-4113.75
2020-07-21,173600.75000000015,11,27013.25000000015,-3412.5
2020-07-22,173793.25000000015,11,27013.25000000015,-3220.0
2020-07-23,171057.00000000015,11,27013.25000000015,-5956.25
2020-07-24,170342.00000000015,11,27013.25000000015,-6671.25
2020-07-26,171263.25000000015,11,27013.25000000015,-5750.0
2020-07-27,172047.00000000015,11,27013.25000000015,-4966.25
2020-07-28,170740.75000000015,11,27013.25000000015,-6272.5
2020-07-29,172803.25000000015,11,27013.25000000015,-4210.0
2020-07-30,173380.75000000015,11,27013.25000000015,-3632.5
2020-07-31,173972.00000000015,11,27013.25000000015,-3041.25
2020-08-02,173545.75000000015,11,27013.25000000015,-3467.5
2020-08-03,174893.25000000015,11,27013.25000000015,-2120.0
2020-08-04,175745.75000000015,11,27013.25000000015,-1267.5
2020-08-05,176557.00000000015,11,27013.25000000015,-456.25
2020-08-06,177093.25000000015,11,27013.25000000015,80.0
2020-08-07,178248.25000000015,11,27013.25000000015,1235.0
2020-08-09,178399.50000000015,11,27013.25000000015,1386.25
2020-08-10,178766.45000000016,11,28390.200000000164,376.25
2020-08-11,178259.01000000018,8,28884.010000000177,-625.0
2020-08-12,179855.94000000018,8,29882.190000000188,-26.25
2020-08-13,179986.57000000018,4,29881.57000000019,105.0
2020-08-14,179806.57000000018,4,29881.57000000019,-75.0
2020-08-16,179961.57000000018,4,29881.57000000019,80.0
2020-08-17,180136.57000000018,4,29881.57000000019,255.0
2020-08-18,180381.57000000018,4,29881.57000000019,500.0
2020-08-19,179722.2400000002,5,30375.990000000198,-653.75
2020-08-20,180744.1200000002,6,30375.3700000002,368.75
2020-08-21,180819.1200000002,6,30375.3700000002,443.75
2020-08-23,181111.6200000002,6,30375.3700000002,736.25
2020-08-24,182083.5400000002,6,31676.04000000021,407.5
2020-08-25,182062.3100000002,3,32051.060000000212,11.25
2020-08-26,182218.5700000002,1,32174.820000000214,43.75
2020-08-27,182766.7200000002,4,32296.72000000022,470.0
2020-08-28,182766.7200000002,4,32296.72000000022,470.0
2020-08-30,183096.7200000002,4,32296.72000000022,800.0
2020-08-31,182773.6300000002,4,32792.380000000216,-18.75
2020-09-01,183283.6300000002,3,32792.380000000216,491.25
2020-09-02,183849.9500000002,3,33929.95000000018,-80.0
2020-09-03,179639.97000000018,7,33927.47000000017,-4287.5
2020-09-04,178677.47000000018,7,33927.47000000017,-5250.0
2020-09-06,178651.22000000018,7,33927.47000000017,-5276.25
2020-09-07,179132.47000000018,7,33927.47000000017,-4795.0
2020-09-08,175914.98000000016,9,33926.23000000016,-8011.25
2020-09-09,178176.23000000016,9,33926.23000000016,-5750.0
2020-09-10,176769.98000000016,9,33926.23000000016,-7156.25
2020-09-11,175813.73000000016,9,33926.23000000016,-8112.5
2020-09-13,177456.32000000015,9,33903.82000000016,-6447.5
2020-09-14,178097.57000000015,9,33903.82000000016,-5806.25
2020-09-15,179166.32000000015,9,33903.82000000016,-4737.5
2020-09-16,176567.57000000015,9,33903.82000000016,-7336.25
2020-09-17,176644.45000000016,10,33903.20000000016,-7258.75
2020-09-18,175800.73000000016,16,33899.48000000014,-8098.75
2020-09-20,175120.73000000016,16,33899.48000000014,-8778.75
2020-09-21,173114.51000000013,22,33895.760000000126,-10781.25
2020-09-22,176002.01000000013,22,33895.760000000126,-7893.75
2020-09-23,168467.01000000013,22,33895.760000000126,-15428.75
2020-09-24,170679.5700000001,25,34098.320000000094,-13418.75
2020-09-25,173481.4500000001,16,34122.70000000009,-10641.25
2020-09-27,174587.7000000001,15,34122.70000000009,-9535.0
2020-09-28,178022.73000000007,15,34897.730000000076,-6875.0
2020-09-29,176256.48000000007,9,34897.730000000076,-8641.25
2020-09-30,178607.73000000007,9,34897.730000000076,-6290.0
2020-10-01,178348.98000000007,9,34897.730000000076,-6548.75
2020-10-02,177617.73000000007,9,34897.730000000076,-7280.0
2020-10-04,178168.98000000007,9,34897.730000000076,-6728.75
2020-10-05,179856.48000000007,9,34897.730000000076,-5041.25
2020-10-06,178022.73000000007,9,34897.730000000076,-6875.0
2020-10-07,180835.23000000007,9,34897.730000000076,-4062.5
2020-10-08,182623.98000000007,9,34897.730000000076,-2273.75
2020-10-09,183512.73000000007,9,34897.730000000076,-1385.0
2020-10-11,183546.48000000007,9,34897.730000000076,-1351.25
2020-10-12,185908.41000000003,9,36025.91000000005,-117.5
2020-10-13,186157.19000000003,8,36022.19000000003,135.0
2020-10-14,183885.33000000002,11,36020.33000000002,-2135.0
2020-10-15,184634.71000000002,12,36019.71000000002,-1385.0
2020-10-16,183959.71000000002,12,36019.71000000002,-2060.0
2020-10-18,185159.71000000002,12,36019.71000000002,-860.0
2020-10-19,182649.73,16,36017.23000000001,-3367.5
2020-10-20,184009.73,16,36017.23000000001,-2007.5
2020-10-21,180149.73,16,36017.23000000001,-5867.5
2020-10-22,184072.86000000002,17,36016.61000000001,-1943.75
2020-10-23,184094.11000000002,17,36016.61000000001,-1922.5
2020-10-25,182415.36000000002,17,36016.61000000001,-3601.25
2020-10-26,179439.18999999997,25,36151.689999999966,-6712.5
2020-10-27,176327.93999999997,19,36151.689999999966,-9823.75
2020-10-28,170003.58999999997,21,36198.58999999995,-16195.0
2020-10-29,167896.73999999993,22,36270.48999999994,-18373.75
2020-10-30,168353.00999999992,20,36323.00999999993,-17970.0
2020-11-01,167474.25999999992,19,36323.00999999993,-18848.75
2020-11-02,171535.50999999992,19,36323.00999999993,-14787.5
2020-11-03,179111.75999999992,19,36323.00999999993,-7211.25
2020-11-04,184395.5499999999,19,36613.04999999991,-2217.5
2020-11-05,185165.5499999999,11,36613.04999999991,-1447.5
2020-11-06,186898.0499999999,11,36613.04999999991,285.0
2020-11-08,189730.5499999999,11,36613.04999999991,3117.5
2020-11-09,188318.79999999984,14,44046.29999999984,-5727.5
2020-11-10,190791.93999999983,17,44044.439999999835,-3252.5
2020-11-11,190366.93999999983,17,44044.439999999835,-3677.5
2020-11-12,189871.31999999983,18,44043.81999999983,-4172.5
2020-11-13,194191.31999999983,18,44043.81999999983,147.5
2020-11-15,196756.31999999983,18,44043.81999999983,2712.5
2020-11-16,196812.04999999978,18,46765.79999999978,46.25
2020-11-17,196769.55999999976,5,46764.55999999977,5.0
2020-11-18,195614.57999999975,9,46762.07999999976,-1147.5
2020-11-19,195873.33999999976,11,46760.83999999976,-887.5
2020-11-20,195117.08999999976,11,46760.83999999976,-1643.75
2020-11-22,195790.83999999976,11,46760.83999999976,-970.0
2020-11-23,198032.08999999976,11,46760.83999999976,1271.25
2020-11-24,198365.28999999972,11,48257.78999999972,107.5
2020-11-25,198371.5499999997,4,48256.54999999971,115.0
2020-11-26,198246.5499999997,4,48256.54999999971,-10.0
2020-11-27,198501.5499999997,4,48256.54999999971,245.0
2020-11-29,198151.5499999997,4,48256.54999999971,-105.0
2020-11-30,199540.9399999997,7,48254.689999999704,1286.25
2020-12-01,199626.6099999997,7,49640.35999999968,-13.75
2020-12-02,199793.48999999967,3,49639.73999999968,153.75
2020-12-03,200059.14999999967,4,50010.39999999966,48.75
2020-12-04,200484.79999999964,4,50511.04999999965,-26.25
2020-12-06,200481.04999999964,1,50511.04999999965,-30.0
2020-12-07,200381.05999999965,3,50509.80999999964,-128.75
2020-12-08,201000.43999999965,4,50509.18999999964,491.25
2020-12-09,200317.94999999963,6,50507.94999999963,-190.0
2020-12-10,200049.82999999964,7,50507.32999999963,-457.5
2020-12-11,200256.09999999963,11,50504.84999999962,-248.75
2020-12-13,201328.7099999996,11,50477.45999999962,851.25
2020-12-14,200905.05999999956,11,51852.55999999957,-947.5
2020-12-15,202988.23999999953,9,52979.48999999954,8.75
2020-12-16,203160.73999999953,2,52979.48999999954,181.25
2020-12-17,203188.88999999952,3,53242.63999999953,-53.75
2020-12-18,204063.2899999995,8,53239.53999999951,823.75
2020-12-20,203463.2899999995,8,53239.53999999951,223.75
2020-12-21,202475.16999999952,9,53238.91999999951,-763.75
2020-12-22,202340.16999999952,9,53238.91999999951,-898.75
2020-12-23,203071.41999999952,9,53238.91999999951,-167.5
2020-12-24,203296.41999999952,9,53238.91999999951,57.5
2020-12-27,204387.66999999952,9,53238.91999999951,1148.75
2020-12-28,204733.96999999948,9,54628.969999999485,105.0
2020-12-29,204773.99999999948,5,54750.24999999947,23.75
2020-12-30,204542.74999999948,5,54750.24999999947,-207.5
2020-12-31,205167.74999999948,5,54750.24999999947,417.5
2021-01-03,205155.24999999948,5,54750.24999999947,405.0
2021-01-04,203373.44999999943,10,55395.94999999943,-2022.5
2021-01-05,203448.44999999943,10,55395.94999999943,-1947.5
2021-01-06,206951.6599999994,11,56766.659999999385,185.0
2021-01-07,207494.18999999936,5,57391.68999999937,102.5
2021-01-08,208393.01999999932,7,58384.26999999933,8.75
2021-01-10,208249.26999999932,1,58384.26999999933,-135.0
2021-01-11,208278.64999999932,2,58383.649999999325,-105.0
2021-01-12,208671.15999999933,4,58382.40999999932,288.75
2021-01-13,208964.3199999993,4,58881.8199999993,82.5
2021-01-14,208306.8299999993,5,58880.579999999296,-573.75
2021-01-15,207216.22999999928,10,58877.47999999928,-1661.25
2021-01-17,207616.22999999928,10,58877.47999999928,-1261.25
2021-01-18,209378.72999999928,10,58877.47999999928,501.25
2021-01-19,209591.22999999928,10,58877.47999999928,713.75
2021-01-20,210881.91999999926,10,60783.16999999925,98.75
2021-01-21,210779.41999999926,1,60783.16999999925,-3.75
2021-01-22,210763.79999999923,2,60782.549999999246,-18.75
2021-01-24,210953.79999999923,2,60782.549999999246,171.25
2021-01-25,211489.4999999992,7,61648.24999999921,-158.75
2021-01-26,211692.6599999992,4,62021.40999999919,-328.75
2021-01-27,208480.17999999918,8,62018.92999999918,-3538.75
2021-01-28,208790.17999999918,8,62018.92999999918,-3228.75
2021-01-29,206148.94999999917,12,62016.44999999917,-5867.5
2021-01-31,207738.94999999917,12,62016.44999999917,-4277.5
2021-02-01,211578.94999999917,12,62016.44999999917,-437.5
2021-02-02,213584.63999999914,12,63520.88999999913,63.75
2021-02-03,213514.01999999915,2,63520.26999999913,-6.25
2021-02-04,213909.6699999991,2,63893.41999999912,16.25
2021-02-05,213982.1699999991,1,63893.41999999912,88.75
2021-02-07,214044.6699999991,1,63893.41999999912,151.25
2021-02-08,214166.55999999912,2,64035.30999999911,131.25
2021-02-09,214286.55999999912,2,64035.30999999911,251.25
2021-02-10,214381.60999999908,8,64325.359999999084,56.25
2021-02-11,214231.60999999908,8,64325.359999999084,-93.75
2021-02-12,215347.27999999907,8,65326.02999999906,21.25
2021-02-14,215401.02999999907,1,65326.02999999906,75.0
2021-02-15,215459.77999999907,1,65326.02999999906,133.75
2021-02-16,215326.03999999905,3,65324.789999999055,1.25
2021-02-17,215387.29999999906,5,65323.54999999905,63.75
2021-02-18,214994.18999999904,8,65321.68999999904,-327.5
2021-02-19,215064.18999999904,8,65321.68999999904,-257.5
2021-02-21,214944.18999999904,8,65321.68999999904,-377.5
2021-02-22,214959.81999999905,9,65321.06999999904,-361.25
2021-02-23,215569.22999999902,16,65316.72999999902,252.5
2021-02-24,217432.439999999,16,67318.68999999901,113.75
2021-02-25,214936.83999999904,6,67315.58999999904,-2378.75
2021-02-26,214696.83999999904,6,67315.58999999904,-2618.75
2021-02-28,215596.83999999904,6,67315.58999999904,-1718.75
2021-03-01,217021.83999999904,6,67315.58999999904,-293.75
2021-03-02,217040.59999999905,8,67314.34999999905,-273.75
2021-03-03,211750.00999999908,15,67310.00999999908,-5560.0
2021-03-04,208825.00999999908,15,67310.00999999908,-8485.0
2021-03-05,215218.75999999908,15,67310.00999999908,-2091.25
2021-03-07,214300.00999999908,15,67310.00999999908,-3010.0
2021-03-08,216006.25999999908,15,67310.00999999908,-1303.75
2021-03-09,218851.35999999917,15,69181.35999999917,-330.0
2021-03-10,220138.2799999992,5,69802.02999999921,336.25
2021-03-11,220495.82999999926,4,70437.07999999926,58.75
2021-03-12,220633.33999999927,6,70435.83999999927,197.5
2021-03-14,220783.39999999927,6,70420.89999999927,362.5
2021-03-15,221202.8099999993,6,71169.0599999993,33.75
2021-03-16,221174.6899999993,2,71168.4399999993,6.25
2021-03-17,221678.47999999934,4,71664.72999999934,13.75
2021-03-18,220589.13999999937,9,71660.38999999937,-1071.25
2021-03-19,220210.4099999994,13,71657.90999999939,-1447.5
2021-03-21,220259.1599999994,13,71657.90999999939,-1398.75
2021-03-22,223072.98999999947,13,73287.98999999947,-215.0
2021-03-23,222538.0199999995,9,73284.2699999995,-746.25
2021-03-24,222048.6599999995,12,73282.40999999951,-1233.75
2021-03-25,224669.92999999953,16,73279.92999999953,1390.0
2021-03-26,225896.93999999965,16,75901.93999999965,-5.0
2021-03-28,225816.93999999965,1,75901.93999999965,-85.0
2021-03-29,226318.20999999967,5,75899.45999999967,418.75
2021-03-30,225943.20999999967,5,75899.45999999967,43.75
2021-03-31,226495.1199999997,5,76520.1199999997,-25.0
2021-04-01,226872.00999999972,2,76768.25999999972,103.75
2021-04-02,226925.75999999972,1,76768.25999999972,157.5
2021-04-04,226929.50999999972,1,76768.25999999972,161.25
2021-04-05,227070.77999999974,1,77102.02999999974,-31.25
2021-04-06,227122.65999999974,2,77101.40999999974,21.25
2021-04-07,227345.15999999974,2,77101.40999999974,243.75
2021-04-08,227383.29999999976,2,77350.79999999976,32.5
2021-04-09,227470.80999999976,1,77474.55999999976,-3.75
2021-04-11,227442.05999999976,1,77474.55999999976,-32.5
2021-04-12,227562.68999999977,2,77473.93999999977,88.75
2021-04-13,227697.7099999998,2,77722.70999999979,-25.0
2021-04-14,227638.3499999998,5,77720.8499999998,-82.5
2021-04-15,228368.37999999983,5,78347.12999999983,21.25
2021-04-16,228499.64999999985,3,78472.14999999985,27.5
2021-04-18,228465.89999999985,3,78472.14999999985,-6.25
2021-04-19,228562.78999999986,6,78470.28999999986,92.5
2021-04-20,226992.8199999999,12,78466.56999999989,-1473.75
2021-04-21,229377.8199999999,12,78466.56999999989,911.25
2021-04-22,229612.27999999997,12,79967.27999999997,-355.0
2021-04-23,230525.44,5,80589.19,-63.75
2021-04-25,230610.44,2,80589.19,21.25
2021-04-26,230690.44,2,80589.19,101.25
2021-04-27,230700.44,2,80589.19,111.25
2021-04-28,230850.44,2,80589.19,261.25
2021-04-29,230789.84000000003,3,80929.84000000003,-140.0
2021-04-30,230659.85000000003,5,80928.60000000003,-268.75
2021-05-02,230853.60000000003,5,80928.60000000003,-75.0
2021-05-03,230516.10000000003,5,80928.60000000003,-412.5
2021-05-04,230904.88000000006,11,80924.88000000006,-20.0
2021-05-05,230162.38000000006,11,80924.88000000006,-762.5
2021-05-06,232311.19000000012,11,82299.94000000012,11.25
2021-05-07,232485.58000000013,2,82423.08000000013,62.5
2021-05-09,232550.58000000013,2,82423.08000000013,127.5
2021-05-10,230839.36000000016,8,82419.36000000016,-1580.0
2021-05-11,228958.12000000017,10,82418.12000000017,-3460.0
2021-05-12,226633.12000000017,10,82418.12000000017,-5785.0
2021-05-13,229295.62000000017,10,82418.12000000017,-3122.5
2021-05-14,231720.62000000017,10,82418.12000000017,-697.5
2021-05-16,230933.12000000017,10,82418.12000000017,-1485.0
2021-05-17,231508.12000000017,10,82418.12000000017,-910.0
2021-05-18,228496.25000000017,11,82417.50000000017,-3921.25
2021-05-19,228841.26000000018,13,82416.26000000018,-3575.0
2021-05-20,232075.01000000018,13,82416.26000000018,-341.25
2021-05-21,232042.51000000018,13,82416.26000000018,-373.75
2021-05-23,232400.01000000018,13,82416.26000000018,-16.25
2021-05-24,234098.83000000025,13,84032.58000000025,66.25
2021-05-25,234148.21000000025,2,84031.96000000025,116.25
2021-05-26,234058.21000000025,2,84031.96000000025,26.25
2021-05-27,234310.71000000025,2,84031.96000000025,278.75
2021-05-28,234234.48000000027,2,84290.73000000027,-56.25
2021-05-30,234269.48000000027,2,84290.73000000027,-21.25
2021-05-31,234216.98000000027,2,84290.73000000027,-73.75
2021-06-01,234199.49000000028,4,84289.49000000028,-90.0
2021-06-02,234399.49000000028,4,84289.49000000028,110.0
2021-06-03,234318.8800000003,7,84287.6300000003,31.25
2021-06-04,235290.80000000034,7,85162.05000000034,128.75
2021-06-06,235243.30000000034,2,85162.05000000034,81.25
2021-06-07,235285.80000000034,2,85162.05000000034,123.75
2021-06-08,235278.30000000034,2,85162.05000000034,116.25
2021-06-09,235258.30000000034,2,85162.05000000034,96.25
2021-06-10,235600.83000000037,4,85409.58000000037,191.25
2021-06-11,235690.83000000037,4,85409.58000000037,281.25
2021-06-13,235775.87000000034,4,85399.62000000036,376.25
2021-06-14,235924.02000000037,4,85897.77000000038,26.25
2021-06-15,235838.41000000038,4,85895.9100000004,-57.5
2021-06-16,234819.0500000004,7,85894.05000000041,-1075.0
2021-06-17,235457.8000000004,7,85894.05000000041,-436.25
2021-06-18,232539.0600000004,9,85892.81000000042,-3353.75
2021-06-20,232089.0600000004,9,85892.81000000042,-3803.75
2021-06-21,236082.8100000004,9,85892.81000000042,190.0
2021-06-22,237062.24000000046,9,87020.99000000047,41.25
2021-06-23,237062.24000000046,2,87020.99000000047,41.25
2021-06-24,237269.74000000046,2,87020.99000000047,248.75
2021-06-25,237316.63000000047,2,87272.88000000048,43.75
2021-06-27,237310.38000000047,1,87272.88000000048,37.5
2021-06-28,237310.38000000047,1,87272.88000000048,37.5
2021-06-29,237427.9000000005,3,87395.4000000005,32.5
2021-06-30,237555.4000000005,3,87395.4000000005,160.0
2021-07-01,237776.6700000005,3,87770.42000000052,6.25
2021-07-02,237906.68000000052,1,87894.18000000053,12.5
2021-07-04,237896.68000000052,1,87894.18000000053,2.5
2021-07-05,237924.18000000052,1,87894.18000000053,30.0
2021-07-06,238191.08000000054,6,87891.08000000055,300.0
2021-07-07,238577.37000000058,6,88636.12000000059,-58.75
2021-07-08,238287.3800000006,4,88634.8800000006,-347.5
2021-07-09,239183.0300000006,4,89134.28000000062,48.75
2021-07-11,239133.0300000006,1,89134.28000000062,-1.25
2021-07-12,239256.79000000062,1,89258.04000000063,-1.25
2021-07-13,239088.05000000063,3,89256.80000000064,-168.75
2021-07-14,239189.30000000063,3,89256.80000000064,-67.5
2021-07-15,239043.07000000065,7,89254.32000000066,-211.25
2021-07-16,237748.09000000067,11,89251.84000000068,-1503.75
2021-07-18,236978.09000000067,11,89251.84000000068,-2273.75
2021-07-19,234454.35000000068,13,89250.60000000069,-4796.25
2021-07-20,237980.60000000068,13,89250.60000000069,-1270.0
2021-07-21,240580.60000000068,13,89250.60000000069,1330.0
2021-07-22,241261.31000000075,13,90878.81000000077,382.5
2021-07-23,241680.7300000008,4,91690.73000000081,-10.0
2021-07-25,241633.2300000008,1,91690.73000000081,-57.5
2021-07-26,241723.2300000008,1,91690.73000000081,32.5
2021-07-27,241649.50000000081,5,91688.25000000083,-38.75
2021-07-28,241580.75000000081,5,91688.25000000083,-107.5
2021-07-29,241813.29000000085,5,92313.29000000087,-500.0
2021-07-30,242111.42000000086,4,92312.67000000087,-201.25
2021-08-01,242436.42000000086,4,92312.67000000087,123.75
2021-08-02,241977.05000000086,5,92312.05000000088,-335.0
2021-08-03,242947.06000000087,7,92310.81000000089,636.25
2021-08-04,242658.31000000087,7,92310.81000000089,347.5
2021-08-05,243195.8500000009,7,93187.10000000092,8.75
2021-08-06,243248.3500000009,1,93187.10000000092,61.25
2021-08-08,243199.6000000009,1,93187.10000000092,12.5
2021-08-09,243190.8500000009,1,93187.10000000092,3.75
2021-08-10,243228.3500000009,1,93187.10000000092,41.25
2021-08-11,243307.1000000009,1,93187.10000000092,120.0
2021-08-12,243364.61000000092,1,93310.86000000093,53.75
2021-08-13,243394.61000000092,1,93310.86000000093,83.75
2021-08-15,243352.11000000092,1,93310.86000000093,41.25
2021-08-16,243548.38000000094,2,93558.38000000095,-10.0
2021-08-17,243522.14000000095,3,93557.14000000096,-35.0
2021-08-18,241855.30000000098,10,93552.80000000099,-1697.5
2021-08-19,242067.80000000098,10,93552.80000000099,-1485.0
2021-08-20,244155.30000000098,10,93552.80000000099,602.5
2021-08-22,244917.80000000098,10,93552.80000000099,1365.0
2021-08-23,245151.62000000104,10,95134.12000000106,17.5
2021-08-24,245109.12000000104,2,95134.12000000106,-25.0
2021-08-25,245184.12000000104,2,95134.12000000106,50.0
2021-08-26,245130.38000000105,4,95132.88000000107,-2.5
2021-08-27,245719.16000000108,4,95631.6600000011,87.5
2021-08-29,245734.16000000108,2,95631.6600000011,102.5
2021-08-30,245911.0500000011,2,95879.80000000111,31.25
2021-08-31,246064.8100000011,3,95878.56000000112,186.25
2021-09-01,245866.0600000011,3,95878.56000000112,-12.5
2021-09-02,246229.8100000011,3,95878.56000000112,351.25
2021-09-03,246087.3100000011,3,95878.56000000112,208.75
2021-09-05,246079.8100000011,3,95878.56000000112,201.25
2021-09-06,246166.0600000011,3,95878.56000000112,287.5
2021-09-07,245858.5600000011,3,95878.56000000112,-20.0
2021-09-08,245535.45000000112,6,95876.70000000113,-341.25
2021-09-09,245596.08000000112,7,95876.08000000114,-280.0
2021-09-10,243864.86000000115,13,95872.36000000116,-2007.5
2021-09-12,244092.49000000115,13,95839.99000000117,-1747.5
2021-09-13,245221.25000000116,15,95838.75000000118,-617.5
2021-09-14,243129.38000000117,16,95838.13000000118,-2708.75
2021-09-15,245349.38000000117,16,95838.13000000118,-488.75
2021-09-16,245029.38000000117,16,95838.13000000118,-808.75
2021-09-17,240388.77000000118,19,95836.2700000012,-5447.5
2021-09-19,238488.77000000118,19,95836.2700000012,-7347.5
2021-09-20,237150.6500000012,20,95835.6500000012,-8685.0
2021-09-21,234425.6500000012,20,95835.6500000012,-11410.0
2021-09-22,239275.6500000012,20,95835.6500000012,-6560.0
2021-09-23,243900.6500000012,20,95835.6500000012,-1935.0
2021-09-24,244475.6500000012,20,95835.6500000012,-1360.0
2021-09-26,246025.6500000012,20,95835.6500000012,190.0
2021-09-27,243000.6500000012,20,95835.6500000012,-2835.0
2021-09-28,236425.6500000012,20,95835.6500000012,-9410.0
2021-09-29,237150.6500000012,20,95835.6500000012,-8685.0
2021-09-30,226058.7900000012,23,95833.79000000122,-19775.0
2021-10-01,235201.2900000012,23,95833.79000000122,-10632.5
2021-10-03,232815.0400000012,23,95833.79000000122,-13018.75
2021-10-04,229200.72000000125,25,95891.97000000127,-16691.25
2021-10-05,231946.37000000128,24,96038.87000000129,-14092.5
2021-10-06,237503.87000000128,19,96038.87000000129,-8535.0
2021-10-07,239163.25000000128,19,96063.2500000013,-6900.0
2021-10-08,238150.75000000128,18,96063.2500000013,-7912.5
2021-10-10,237408.25000000128,18,96063.2500000013,-8655.0
2021-10-11,233470.75000000128,18,96063.2500000013,-12592.5
2021-10-12,234033.25000000128,18,96063.2500000013,-12030.0
2021-10-13,237160.75000000128,18,96063.2500000013,-8902.5
2021-10-14,243643.2600000013,18,96112.0100000013,-2468.75
2021-10-15,245091.4100000013,16,96360.16000000133,-1268.75
2021-10-17,244802.6600000013,11,96360.16000000133,-1557.5
2021-10-18,245765.1600000013,11,96360.16000000133,-595.0
2021-10-19,247726.47000000137,11,97737.72000000138,-11.25
2021-10-20,247776.47000000137,1,97737.72000000138,38.75
2021-10-21,247857.73000000138,1,97861.4800000014,-3.75
2021-10-22,247895.2500000014,5,97859.00000000141,36.25
2021-10-24,248132.7500000014,5,97859.00000000141,273.75
2021-10-25,248562.78000000142,5,98485.28000000144,77.5
2021-10-26,248529.68000000145,4,98607.18000000146,-77.5
2021-10-27,248290.32000000146,7,98605.32000000148,-315.0
2021-10-28,249414.1100000015,7,99475.36000000151,-61.25
2021-10-29,249737.88000000152,2,99724.13000000153,13.75
2021-10-31,249757.88000000152,1,99724.13000000153,33.75
2021-11-01,249739.14000000153,3,99722.89000000154,16.25
2021-11-02,250091.66000000155,3,100096.66000000156,-5.0
2021-11-03,250387.93000000156,2,100344.18000000158,43.75
2021-11-04,250615.45000000158,3,100466.7000000016,148.75
2021-11-05,250943.61000000162,4,100978.61000000163,-35.0
2021-11-07,250823.61000000162,4,100978.61000000163,-155.0
2021-11-08,250863.61000000162,4,100978.61000000163,-115.0
2021-11-09,250378.62000000163,6,100977.37000000164,-598.75
2021-11-10,249784.28000000166,13,100973.03000000167,-1188.75
2021-11-11,250206.78000000166,13,100973.03000000167,-766.25
2021-11-12,252270.53000000166,13,100973.03000000167,1297.5
2021-11-14,252221.78000000166,13,100973.03000000167,1248.75
2021-11-15,252870.61000000173,13,102910.61000000175,-40.0
2021-11-16,253184.39000000176,3,103283.14000000177,-98.75
2021-11-17,253216.28000000177,6,103281.28000000179,-65.0
2021-11-18,254298.16000000178,7,103280.6600000018,1017.5
2021-11-19,253528.16000000178,7,103280.6600000018,247.5
2021-11-21,253851.91000000178,7,103280.6600000018,571.25
2021-11-22,253640.73000000184,7,104149.48000000186,-508.75
2021-11-23,253517.61000000185,8,104148.86000000186,-631.25
2021-11-24,254897.61000000185,8,104148.86000000186,748.75
2021-11-25,252547.61000000185,8,104148.86000000186,-1601.25
2021-11-26,248594.51000000187,13,104145.76000000189,-5551.25
2021-11-28,251990.76000000187,13,104145.76000000189,-2155.0
2021-11-29,253664.51000000187,13,104145.76000000189,-481.25
2021-11-30,250382.01000000187,13,104145.76000000189,-3763.75
2021-12-01,245637.01000000187,13,104145.76000000189,-8508.75
2021-12-02,248318.26000000187,13,104145.76000000189,-5827.5
2021-12-03,245620.76000000187,13,104145.76000000189,-8525.0
2021-12-05,247375.76000000187,13,104145.76000000189,-6770.0
2021-12-06,250496.4000000019,16,104143.9000000019,-3647.5
2021-12-07,256750.88000000198,16,106143.380000002,607.5
2021-12-08,256712.160000002,5,106765.91000000203,-53.75
2021-12-09,256490.31000000203,6,106762.81000000205,-272.5
2021-12-10,257864.11000000208,6,107511.6100000021,352.5
2021-12-12,258169.1500000021,4,107501.65000000209,667.5
2021-12-13,257115.4200000021,8,107499.17000000211,-383.75
2021-12-14,256407.95000000214,14,107495.45000000214,-1087.5
2021-12-15,259375.5300000022,14,109375.53000000221,0.0
2021-12-16,258987.44000000224,7,109371.19000000224,-383.75
2021-12-17,257816.21000000226,11,109368.71000000226,-1552.5
2021-12-19,255038.71000000226,11,109368.71000000226,-4330.0
2021-12-20,256932.48000000228,15,109366.23000000228,-2433.75
2021-12-21,260438.73000000228,15,109366.23000000228,1072.5
2021-12-22,261560.70000000237,15,111358.20000000237,202.5
2021-12-23,261721.9800000024,2,111754.4800000024,-32.5
2021-12-26,261756.9800000024,2,111754.4800000024,2.5
2021-12-27,262297.64000000246,2,112250.14000000243,47.5
2021-12-28,262341.4200000025,5,112371.42000000246,-30.0
2021-12-29,262347.6700000025,5,112371.42000000246,-23.75
2021-12-30,261860.1700000025,5,112371.42000000246,-511.25
2021-12-31,261781.4300000025,7,112370.18000000247,-588.75
2022-01-02,262341.4300000025,7,112370.18000000247,-28.75
2022-01-03,263154.5600000025,8,112369.56000000247,785.0
2022-01-04,262939.01000000257,8,113395.26000000254,-456.25
2022-01-05,255671.57000000263,19,113387.8200000026,-7716.25
2022-01-06,258600.96000000264,22,113385.96000000261,-4785.0
2022-01-07,255409.11000000266,24,113457.86000000263,-8048.75
2022-01-09,256117.86000000266,21,113457.86000000263,-7340.0
2022-01-10,254802.87000000267,22,113481.62000000264,-8678.75
2022-01-11,259524.1400000027,21,113579.14000000266,-4055.0
2022-01-12,260042.29000000271,17,113773.54000000269,-3731.25
2022-01-13,256727.29000000271,12,113773.54000000269,-7046.25
2022-01-14,257357.29000000271,12,113773.54000000269,-6416.25
2022-01-16,256157.29000000271,12,113773.54000000269,-7616.25
2022-01-17,255542.29000000271,12,113773.54000000269,-8231.25
2022-01-18,250286.06000000273,13,113827.3100000027,-13541.25
2022-01-19,250219.82000000274,13,113851.07000000271,-13631.25
2022-01-20,244153.58000000275,13,113874.83000000272,-19721.25
2022-01-21,240541.10000000277,13,113922.35000000274,-23381.25
2022-01-23,242911.10000000277,12,113922.35000000274,-21011.25
2022-01-24,238362.3800000028,13,113993.63000000277,-25631.25
2022-01-25,239337.3800000028,12,113993.63000000277,-24656.25
2022-01-26,234627.3800000028,12,113993.63000000277,-29366.25
2022-01-27,237672.3800000028,12,113993.63000000277,-26321.25
2022-01-28,242892.3800000028,12,113993.63000000277,-21101.25
2022-01-30,243657.3800000028,12,113993.63000000277,-20336.25
2022-01-31,247212.3800000028,12,113993.63000000277,-16781.25
2022-02-01,251142.3800000028,12,113993.63000000277,-12851.25
2022-02-02,249852.3800000028,12,113993.63000000277,-14141.25
2022-02-03,248937.3800000028,12,113993.63000000277,-15056.25
2022-02-04,246852.3800000028,12,113993.63000000277,-17141.25
2022-02-06,247347.3800000028,12,113993.63000000277,-16646.25
2022-02-07,246447.3800000028,12,113993.63000000277,-17546.25
2022-02-08,249792.3800000028,12,113993.63000000277,-14201.25
2022-02-09,251877.3800000028,12,113993.63000000277,-12116.25
2022-02-10,245652.3800000028,12,113993.63000000277,-18341.25
2022-02-11,242802.3800000028,12,113993.63000000277,-21191.25
2022-02-13,243027.3800000028,12,113993.63000000277,-20966.25
2022-02-14,241557.3800000028,12,113993.63000000277,-22436.25
2022-02-15,244992.3800000028,12,113993.63000000277,-19001.25
2022-02-16,244362.3800000028,12,113993.63000000277,-19631.25
2022-02-17,241977.3800000028,12,113993.63000000277,-22016.25
2022-02-18,238377.3800000028,12,113993.63000000277,-25616.25
2022-02-20,239727.3800000028,12,113993.63000000277,-24266.25
2022-02-21,234282.3800000028,12,113993.63000000277,-29711.25
2022-02-22,237222.3800000028,12,113993.63000000277,-26771.25
2022-02-23,226212.3800000028,12,113993.63000000277,-37781.25
2022-02-24,233526.1400000028,13,114017.39000000278,-30491.25
2022-02-25,240576.1400000028,12,114017.39000000278,-23441.25
2022-02-27,234321.1400000028,12,114017.39000000278,-29696.25
2022-02-28,239916.1400000028,12,114017.39000000278,-24101.25
2022-03-01,236901.1400000028,12,114017.39000000278,-27116.25
2022-03-02,240681.1400000028,12,114017.39000000278,-23336.25
2022-03-03,237291.1400000028,12,114017.39000000278,-26726.25
2022-03-04,236961.1400000028,12,114017.39000000278,-27056.25
2022-03-06,234291.1400000028,12,114017.39000000278,-29726.25
2022-03-07,229221.1400000028,12,114017.39000000278,-34796.25
2022-03-08,229326.1400000028,12,114017.39000000278,-34691.25
2022-03-09,233811.1400000028,12,114017.39000000278,-30206.25
2022-03-10,232086.1400000028,12,114017.39000000278,-31931.25
2022-03-11,230091.1400000028,12,114017.39000000278,-33926.25
2022-03-13,230871.2600000028,12,113987.51000000277,-33116.25
2022-03-14,228741.2600000028,12,113987.51000000277,-35246.25
2022-03-15,233121.2600000028,12,113987.51000000277,-30866.25
2022-03-16,238731.2600000028,12,113987.51000000277,-25256.25
2022-03-17,240561.2600000028,12,113987.51000000277,-23426.25
2022-03-18,246156.2600000028,12,113987.51000000277,-17831.25
2022-03-20,244836.2600000028,12,113987.51000000277,-19151.25
2022-03-21,244866.2600000028,12,113987.51000000277,-19121.25
2022-03-22,248886.2600000028,12,113987.51000000277,-15101.25
2022-03-23,245841.2600000028,12,113987.51000000277,-18146.25
2022-03-24,248976.2600000028,12,113987.51000000277,-15011.25
2022-03-25,250416.2600000028,12,113987.51000000277,-13571.25
2022-03-27,249546.2600000028,12,113987.51000000277,-14441.25
2022-03-28,252441.2600000028,12,113987.51000000277,-11546.25
2022-03-29,255366.2600000028,12,113987.51000000277,-8621.25
2022-03-30,254616.2600000028,12,113987.51000000277,-9371.25
2022-03-31,251031.2600000028,12,113987.51000000277,-12956.25
2022-04-01,250566.2600000028,12,113987.51000000277,-13421.25
2022-04-03,250641.2600000028,12,113987.51000000277,-13346.25
2022-04-04,252606.2600000028,12,113987.51000000277,-11381.25
2022-04-05,249111.2600000028,12,113987.51000000277,-14876.25
2022-04-06,245676.2600000028,12,113987.51000000277,-18311.25
2022-04-07,247971.2600000028,12,113987.51000000277,-16016.25
2022-04-08,247266.2600000028,12,113987.51000000277,-16721.25
2022-04-10,245586.2600000028,12,113987.51000000277,-18401.25
2022-04-11,241476.2600000028,12,113987.51000000277,-22511.25
2022-04-12,243171.2600000028,12,113987.51000000277,-20816.25
2022-04-13,245001.2600000028,12,113987.51000000277,-18986.25
2022-04-14,241596.2600000028,12,113987.51000000277,-22391.25
2022-04-17,240276.2600000028,12,113987.51000000277,-23711.25
2022-04-18,242511.2600000028,12,113987.51000000277,-21476.25
2022-04-19,244941.2600000028,12,113987.51000000277,-19046.25
2022-04-20,246516.2600000028,12,113987.51000000277,-17471.25
2022-04-21,240726.2600000028,12,113987.51000000277,-23261.25
2022-04-22,233331.2600000028,12,113987.51000000277,-30656.25
2022-04-24,233001.2600000028,12,113987.51000000277,-30986.25
2022-04-25,236346.2600000028,12,113987.51000000277,-27641.25
2022-04-26,229821.2600000028,12,113987.51000000277,-34166.25
2022-04-27,230796.2600000028,12,113987.51000000277,-33191.25
2022-04-28,234096.2600000028,12,113987.51000000277,-29891.25
2022-04-29,226476.2600000028,12,113987.51000000277,-37511.25
2022-05-01,227226.2600000028,12,113987.51000000277,-36761.25
2022-05-02,228111.2600000028,12,113987.51000000277,-35876.25
2022-05-03,228546.2600000028,12,113987.51000000277,-35441.25
2022-05-04,235776.2600000028,12,113987.51000000277,-28211.25
2022-05-05,226971.2600000028,12,113987.51000000277,-37016.25
2022-05-06,224925.0200000028,13,114011.27000000278,-39086.25
2022-05-08,223110.0200000028,12,114011.27000000278,-40901.25
2022-05-09,218766.92000000284,13,114058.1700000028,-45291.25
2022-05-10,219223.81000000285,13,114250.06000000282,-45026.25
2022-05-11,214961.32000000286,13,114307.57000000283,-49346.25
2022-05-12,216613.84000000288,14,114355.09000000285,-47741.25
2022-05-13,219433.84000000288,12,114355.09000000285,-44921.25
2022-05-15,218173.84000000288,12,114355.09000000285,-46181.25
2022-05-16,219643.84000000288,12,114355.09000000285,-44711.25
2022-05-17,223003.84000000288,12,114355.09000000285,-41351.25
2022-05-18,214408.84000000288,12,114355.09000000285,-49946.25
2022-05-19,214020.1000000029,13,114386.35000000286,-50366.25
2022-05-20,212813.8600000029,13,114410.11000000287,-51596.25
2022-05-22,214523.8600000029,12,114410.11000000287,-49886.25
2022-05-23,215153.8600000029,12,114410.11000000287,-49256.25
2022-05-24,216698.8600000029,12,114410.11000000287,-47711.25
2022-05-25,217208.8600000029,12,114410.11000000287,-47201.25
2022-05-26,221573.8600000029,12,114410.11000000287,-42836.25
2022-05-27,228758.8600000029,12,114410.11000000287,-35651.25
2022-05-29,229073.8600000029,12,114410.11000000287,-35336.25
2022-05-30,228563.8600000029,12,114410.11000000287,-35846.25
2022-05-31,227438.8600000029,12,114410.11000000287,-36971.25
2022-06-01,224648.8600000029,12,114410.11000000287,-39761.25
2022-06-02,229268.8600000029,12,114410.11000000287,-35141.25
2022-06-03,225248.8600000029,12,114410.11000000287,-39161.25
2022-06-05,226313.8600000029,12,114410.11000000287,-38096.25
2022-06-06,224828.8600000029,12,114410.11000000287,-39581.25
2022-06-07,227258.8600000029,12,114410.11000000287,-37151.25
2022-06-08,225398.8600000029,12,114410.11000000287,-39011.25
2022-06-09,220163.8600000029,12,114410.11000000287,-44246.25
2022-06-10,213008.8600000029,12,114410.11000000287,-51401.25
2022-06-12,209603.8600000029,12,114410.11000000287,-54806.25
2022-06-13,205286.5000000029,13,114427.75000000288,-59141.25
2022-06-14,203830.30000000296,14,114546.55000000293,-60716.25
2022-06-15,207175.30000000296,12,114546.55000000293,-57371.25
2022-06-16,199977.83000000298,16,114567.83000000296,-64590.0
2022-06-17,199618.470000003,16,114640.97000000297,-65022.5
2022-06-19,200073.470000003,13,114640.97000000297,-64567.5
2022-06-20,202965.970000003,13,114640.97000000297,-61675.0
2022-06-21,202847.850000003,13,114794.10000000297,-61946.25
2022-06-22,204032.850000003,12,114794.10000000297,-60761.25
2022-06-23,207827.850000003,12,114794.10000000297,-56966.25
2022-06-24,213767.850000003,12,114794.10000000297,-51026.25
2022-06-26,214457.850000003,12,114794.10000000297,-50336.25
2022-06-27,212852.850000003,12,114794.10000000297,-51941.25
2022-06-28,208757.850000003,12,114794.10000000297,-56036.25
2022-06-29,207512.850000003,12,114794.10000000297,-57281.25
2022-06-30,204242.850000003,12,114794.10000000297,-60551.25
2022-07-01,208412.850000003,12,114794.10000000297,-56381.25
2022-07-03,207197.850000003,12,114794.10000000297,-57596.25
2022-07-04,209042.850000003,12,114794.10000000297,-55751.25
2022-07-05,208892.850000003,12,114794.10000000297,-55901.25
2022-07-06,209867.850000003,12,114794.10000000297,-54926.25
2022-07-07,212192.850000003,12,114794.10000000297,-52601.25
2022-07-08,213212.850000003,12,114794.10000000297,-51581.25
2022-07-10,211532.850000003,12,114794.10000000297,-53261.25
2022-07-11,209117.850000003,12,114794.10000000297,-55676.25
2022-07-12,208667.850000003,12,114794.10000000297,-56126.25
2022-07-13,206927.850000003,12,114794.10000000297,-57866.25
2022-07-14,207332.850000003,12,114794.10000000297,-57461.25
2022-07-15,210887.850000003,12,114794.10000000297,-53906.25
2022-07-17,211742.850000003,12,114794.10000000297,-53051.25
2022-07-18,209297.850000003,12,114794.10000000297,-55496.25
2022-07-19,216482.850000003,12,114794.10000000297,-48311.25
2022-07-20,216257.850000003,12,114794.10000000297,-48536.25
2022-07-21,218012.850000003,12,114794.10000000297,-46781.25
2022-07-22,216677.850000003,12,114794.10000000297,-48116.25
2022-07-24,216557.850000003,12,114794.10000000297,-48236.25
2022-07-25,216437.850000003,12,114794.10000000297,-48356.25
2022-07-26,216032.850000003,12,114794.10000000297,-48761.25
2022-07-27,219782.850000003,12,114794.10000000297,-45011.25
2022-07-28,224627.850000003,12,114794.10000000297,-40166.25
2022-07-29,226832.850000003,12,114794.10000000297,-37961.25
2022-07-31,225722.850000003,12,114794.10000000297,-39071.25
2022-08-01,225152.850000003,12,114794.10000000297,-39641.25
2022-08-02,224867.850000003,12,114794.10000000297,-39926.25
2022-08-03,227942.850000003,12,114794.10000000297,-36851.25
2022-08-04,228662.850000003,12,114794.10000000297,-36131.25
2022-08-05,227387.850000003,12,114794.10000000297,-37406.25
2022-08-07,227237.850000003,12,114794.10000000297,-37556.25
2022-08-08,228032.850000003,12,114794.10000000297,-36761.25
2022-08-09,226217.850000003,12,114794.10000000297,-38576.25
2022-08-10,232232.850000003,12,114794.10000000297,-32561.25
2022-08-11,231842.850000003,12,114794.10000000297,-32951.25
2022-08-12,235727.850000003,12,114794.10000000297,-29066.25
2022-08-14,235142.850000003,12,114794.10000000297,-29651.25
2022-08-15,236492.850000003,12,114794.10000000297,-28301.25
2022-08-16,237302.850000003,12,114794.10000000297,-27491.25
2022-08-17,235217.850000003,12,114794.10000000297,-29576.25
2022-08-18,235622.850000003,12,114794.10000000297,-29171.25
2022-08-19,232592.850000003,12,114794.10000000297,-32201.25
2022-08-21,231782.850000003,12,114794.10000000297,-33011.25
2022-08-22,227702.850000003,12,114794.10000000297,-37091.25
2022-08-23,225857.850000003,12,114794.10000000297,-38936.25
2022-08-24,228122.850000003,12,114794.10000000297,-36671.25
2022-08-25,230777.850000003,12,114794.10000000297,-34016.25
2022-08-26,221447.850000003,12,114794.10000000297,-43346.25
2022-08-28,220622.850000003,12,114794.10000000297,-44171.25
2022-08-29,221312.850000003,12,114794.10000000297,-43481.25
2022-08-30,219437.850000003,12,114794.10000000297,-45356.25
2022-08-31,214517.850000003,12,114794.10000000297,-50276.25
2022-09-01,216782.850000003,12,114794.10000000297,-48011.25
2022-09-02,214877.850000003,12,114794.10000000297,-49916.25
2022-09-04,214832.850000003,12,114794.10000000297,-49961.25
2022-09-05,215267.850000003,12,114794.10000000297,-49526.25
2022-09-06,212432.850000003,12,114794.10000000297,-52361.25
2022-09-07,217742.850000003,12,114794.10000000297,-47051.25
2022-09-08,220007.850000003,12,114794.10000000297,-44786.25
2022-09-09,222857.850000003,12,114794.10000000297,-41936.25
2022-09-11,222857.850000003,12,114794.10000000297,-41936.25
2022-09-12,225677.970000003,12,114764.22000000297,-39086.25
2022-09-13,215162.970000003,12,114764.22000000297,-49601.25
2022-09-14,215867.970000003,12,114764.22000000297,-48896.25
2022-09-15,211187.970000003,12,114764.22000000297,-53576.25
2022-09-16,211877.970000003,12,114764.22000000297,-52886.25
2022-09-18,210587.970000003,12,114764.22000000297,-54176.25
2022-09-19,213272.970000003,12,114764.22000000297,-51491.25
2022-09-20,210452.970000003,12,114764.22000000297,-54311.25
2022-09-21,204662.970000003,12,114764.22000000297,-60101.25
2022-09-22,203717.970000003,12,114764.22000000297,-61046.25
2022-09-23,200402.970000003,12,114764.22000000297,-64361.25
2022-09-25,199067.970000003,12,114764.22000000297,-65696.25
2022-09-26,199427.970000003,12,114764.22000000297,-65336.25
2022-09-27,196082.970000003,12,114764.22000000297,-68681.25
2022-09-28,201521.730000003,13,114787.98000000298,-63266.25
2022-09-29,196454.25000000303,13,114835.500000003,-68381.25
2022-09-30,194078.01000000304,13,114859.260000003,-70781.25
2022-10-02,193763.01000000304,12,114859.260000003,-71096.25
2022-10-03,201151.77000000305,13,114883.02000000302,-63731.25
2022-10-04,205006.77000000305,12,114883.02000000302,-59876.25
2022-10-05,206611.77000000305,12,114883.02000000302,-58271.25
2022-10-06,202966.77000000305,12,114883.02000000302,-61916.25
2022-10-07,196891.77000000305,12,114883.02000000302,-67991.25
2022-10-09,196021.77000000305,12,114883.02000000302,-68861.25
2022-10-10,194206.77000000305,12,114883.02000000302,-70676.25
2022-10-11,194164.29000000306,14,114930.54000000303,-70766.25
2022-10-12,193519.29000000306,12,114930.54000000303,-71411.25
2022-10-13,200518.05000000307,13,114954.30000000304,-64436.25
2022-10-14,193708.05000000307,12,114954.30000000304,-71246.25
2022-10-16,194668.05000000307,12,114954.30000000304,-70286.25
2022-10-17,202468.05000000307,12,114954.30000000304,-62486.25
2022-10-18,203623.05000000307,12,114954.30000000304,-61331.25
2022-10-19,198988.05000000307,12,114954.30000000304,-65966.25
2022-10-20,197833.05000000307,12,114954.30000000304,-67121.25
2022-10-21,204238.05000000307,12,114954.30000000304,-60716.25
2022-10-23,203863.05000000307,12,114954.30000000304,-61091.25
2022-10-24,206473.05000000307,12,114954.30000000304,-58481.25
2022-10-25,208078.05000000307,12,114954.30000000304,-56876.25
2022-10-26,209593.05000000307,12,114954.30000000304,-55361.25
2022-10-27,206158.05000000307,12,114954.30000000304,-58796.25
2022-10-28,213298.05000000307,12,114954.30000000304,-51656.25
2022-10-30,212458.05000000307,12,114954.30000000304,-52496.25
2022-10-31,211723.05000000307,12,114954.30000000304,-53231.25
2022-11-01,210448.05000000307,12,114954.30000000304,-54506.25
2022-11-02,204568.05000000307,12,114954.30000000304,-60386.25
2022-11-03,201613.05000000307,12,114954.30000000304,-63341.25
2022-11-04,204283.05000000307,12,114954.30000000304,-60671.25
2022-11-06,204313.05000000307,12,114954.30000000304,-60641.25
2022-11-07,206668.05000000307,12,114954.30000000304,-58286.25
2022-11-08,208243.05000000307,12,114954.30000000304,-56711.25
2022-11-09,203788.05000000307,12,114954.30000000304,-61166.25
2022-11-10,216043.05000000307,12,114954.30000000304,-48911.25
2022-11-11,217888.05000000307,12,114954.30000000304,-47066.25
2022-11-13,217288.05000000307,12,114954.30000000304,-47666.25
2022-11-14,216868.05000000307,12,114954.30000000304,-48086.25
2022-11-15,217243.05000000307,12,114954.30000000304,-47711.25
2022-11-16,216148.05000000307,12,114954.30000000304,-48806.25
2022-11-17,215203.05000000307,12,114954.30000000304,-49751.25
2022-11-18,216208.05000000307,12,114954.30000000304,-48746.25
2022-11-20,215698.05000000307,12,114954.30000000304,-49256.25
2022-11-21,215653.05000000307,12,114954.30000000304,-49301.25
2022-11-22,218383.05000000307,12,114954.30000000304,-46571.25
2022-11-23,220438.05000000307,12,114954.30000000304,-44516.25
2022-11-24,220483.05000000307,12,114954.30000000304,-44471.25
2022-11-25,219973.05000000307,12,114954.30000000304,-44981.25
2022-11-27,218323.05000000307,12,114954.30000000304,-46631.25
2022-11-28,216913.05000000307,12,114954.30000000304,-48041.25
2022-11-29,215968.05000000307,12,114954.30000000304,-48986.25
2022-11-30,223228.05000000307,12,114954.30000000304,-41726.25
2022-12-01,222343.05000000307,12,114954.30000000304,-42611.25
2022-12-02,221923.05000000307,12,114954.30000000304,-43031.25
2022-12-04,222148.05000000307,12,114954.30000000304,-42806.25
2022-12-05,218323.05000000307,12,114954.30000000304,-46631.25
2022-12-06,215038.05000000307,12,114954.30000000304,-49916.25
2022-12-07,213868.05000000307,12,114954.30000000304,-51086.25
2022-12-08,216373.05000000307,12,114954.30000000304,-48581.25
2022-12-09,213823.05000000307,12,114954.30000000304,-51131.25
2022-12-11,213928.05000000307,12,114954.30000000304,-51026.25
2022-12-12,217228.17000000307,12,114924.42000000304,-47696.25
2022-12-13,219973.17000000307,12,114924.42000000304,-44951.25
2022-12-14,217783.17000000307,12,114924.42000000304,-47141.25
2022-12-15,211303.17000000307,12,114924.42000000304,-53621.25
2022-12-16,208228.17000000307,12,114924.42000000304,-56696.25
2022-12-18,208978.17000000307,12,114924.42000000304,-55946.25
2022-12-19,204628.17000000307,12,114924.42000000304,-60296.25
2022-12-20,207673.17000000307,12,114924.42000000304,-57251.25
2022-12-21,210988.17000000307,12,114924.42000000304,-53936.25
2022-12-22,207073.17000000307,12,114924.42000000304,-57851.25
2022-12-23,208003.17000000307,12,114924.42000000304,-56921.25
2022-12-26,209578.17000000307,12,114924.42000000304,-55346.25
2022-12-27,207403.17000000307,12,114924.42000000304,-57521.25
2022-12-28,204598.17000000307,12,114924.42000000304,-60326.25
2022-12-29,207958.17000000307,12,114924.42000000304,-56966.25
2022-12-30,207973.17000000307,12,114924.42000000304,-56951.25
2023-01-02,207763.17000000307,12,114924.42000000304,-57161.25
2023-01-03,207088.17000000307,12,114924.42000000304,-57836.25
2023-01-04,208288.17000000307,12,114924.42000000304,-56636.25
2023-01-05,206803.17000000307,12,114924.42000000304,-58121.25
2023-01-06,210733.17000000307,12,114924.42000000304,-54191.25
2023-01-08,211693.17000000307,12,114924.42000000304,-53231.25
2023-01-09,210058.17000000307,12,114924.42000000304,-54866.25
2023-01-10,212458.17000000307,12,114924.42000000304,-52466.25
2023-01-11,215563.17000000307,12,114924.42000000304,-49361.25
2023-01-12,215533.17000000307,12,114924.42000000304,-49391.25
2023-01-13,217048.17000000307,12,114924.42000000304,-47876.25
2023-01-15,217303.17000000307,12,114924.42000000304,-47621.25
2023-01-16,216238.17000000307,12,114924.42000000304,-48686.25
2023-01-17,216778.17000000307,12,114924.42000000304,-48146.25
2023-01-18,212383.17000000307,12,114924.42000000304,-52541.25
2023-01-19,211378.17000000307,12,114924.42000000304,-53546.25
2023-01-20,215188.17000000307,12,114924.42000000304,-49736.25
2023-01-22,215008.17000000307,12,114924.42000000304,-49916.25
2023-01-23,218128.17000000307,12,114924.42000000304,-46796.25
2023-01-24,216778.17000000307,12,114924.42000000304,-48146.25
2023-01-25,218113.17000000307,12,114924.42000000304,-46811.25
2023-01-26,219763.17000000307,12,114924.42000000304,-45161.25
2023-01-27,220948.17000000307,12,114924.42000000304,-43976.25
2023-01-29,220228.17000000307,12,114924.42000000304,-44696.25
2023-01-30,217708.17000000307,12,114924.42000000304,-47216.25
2023-01-31,220723.17000000307,12,114924.42000000304,-44201.25
2023-02-01,224728.17000000307,12,114924.42000000304,-40196.25
2023-02-02,226123.17000000307,12,114924.42000000304,-38801.25
2023-02-03,224668.17000000307,12,114924.42000000304,-40256.25
2023-02-05,223873.17000000307,12,114924.42000000304,-41051.25
2023-02-06,223513.17000000307,12,114924.42000000304,-41411.25
2023-02-07,226408.17000000307,12,114924.42000000304,-38516.25
2023-02-08,224218.17000000307,12,114924.42000000304,-40706.25
2023-02-09,220978.17000000307,12,114924.42000000304,-43946.25
2023-02-10,221878.17000000307,12,114924.42000000304,-43046.25
2023-02-12,220903.17000000307,12,114924.42000000304,-44021.25
2023-02-13,224488.17000000307,12,114924.42000000304,-40436.25
2023-02-14,223603.17000000307,12,114924.42000000304,-41321.25
2023-02-15,225868.17000000307,12,114924.42000000304,-39056.25
2023-02-16,220918.17000000307,12,114924.42000000304,-44006.25
2023-02-17,221053.17000000307,12,114924.42000000304,-43871.25
2023-02-19,221068.17000000307,12,114924.42000000304,-43856.25
2023-02-20,220093.17000000307,12,114924.42000000304,-44831.25
2023-02-21,216748.17000000307,12,114924.42000000304,-48176.25
2023-02-22,217018.17000000307,12,114924.42000000304,-47906.25
2023-02-23,216793.17000000307,12,114924.42000000304,-48131.25
2023-02-24,214378.17000000307,12,114924.42000000304,-50546.25
2023-02-26,214783.17000000307,12,114924.42000000304,-50141.25
2023-02-27,215398.17000000307,12,114924.42000000304,-49526.25
2023-02-28,214453.17000000307,12,114924.42000000304,-50471.25
2023-03-01,212458.17000000307,12,114924.42000000304,-52466.25
2023-03-02,214543.17000000307,12,114924.42000000304,-50381.25
2023-03-03,219058.17000000307,12,114924.42000000304,-45866.25
2023-03-05,219208.17000000307,12,114924.42000000304,-45716.25
2023-03-06,219568.17000000307,12,114924.42000000304,-45356.25
2023-03-07,215308.17000000307,12,114924.42000000304,-49616.25
2023-03-08,215323.17000000307,12,114924.42000000304,-49601.25
2023-03-09,209248.17000000307,12,114924.42000000304,-55676.25
2023-03-10,208648.17000000307,12,114924.42000000304,-56276.25
2023-03-12,211723.17000000307,12,114924.42000000304,-53201.25
2023-03-13,208468.29000000306,12,114894.54000000303,-56426.25
2023-03-14,211468.29000000306,12,114894.54000000303,-53426.25
2023-03-15,210148.29000000306,12,114894.54000000303,-54746.25
2023-03-16,213583.29000000306,12,114894.54000000303,-51311.25
2023-03-17,210853.29000000306,12,114894.54000000303,-54041.25
2023-03-19,211123.29000000306,12,114894.54000000303,-53771.25
2023-03-20,213223.29000000306,12,114894.54000000303,-51671.25
2023-03-21,216208.29000000306,12,114894.54000000303,-48686.25
2023-03-22,213268.29000000306,12,114894.54000000303,-51626.25
2023-03-23,212863.29000000306,12,114894.54000000303,-52031.25
2023-03-24,214603.29000000306,12,114894.54000000303,-50291.25
2023-03-26,215293.29000000306,12,114894.54000000303,-49601.25
2023-03-27,214768.29000000306,12,114894.54000000303,-50126.25
2023-03-28,215053.29000000306,12,114894.54000000303,-49841.25
2023-03-29,217318.29000000306,12,114894.54000000303,-47576.25
2023-03-30,219463.29000000306,12,114894.54000000303,-45431.25
2023-03-31,222343.29000000306,12,114894.54000000303,-42551.25
2023-04-02,221443.29000000306,12,114894.54000000303,-43451.25
2023-04-03,223093.29000000306,12,114894.54000000303,-41801.25
2023-04-04,221833.29000000306,12,114894.54000000303,-43061.25
2023-04-05,220363.29000000306,12,114894.54000000303,-44531.25
2023-04-06,221683.29000000306,12,114894.54000000303,-43211.25
2023-04-07,222493.29000000306,12,114894.54000000303,-42401.25
2023-04-09,221863.29000000306,12,114894.54000000303,-43031.25
2023-04-10,222388.29000000306,12,114894.54000000303,-42506.25
2023-04-11,222238.29000000306,12,114894.54000000303,-42656.25
2023-04-12,221293.29000000306,12,114894.54000000303,-43601.25
2023-04-13,224248.29000000306,12,114894.54000000303,-40646.25
2023-04-14,224278.29000000306,12,114894.54000000303,-40616.25
2023-04-16,224188.29000000306,12,114894.54000000303,-40706.25
2023-04-17,224443.29000000306,12,114894.54000000303,-40451.25
2023-04-18,224443.29000000306,12,114894.54000000303,-40451.25
2023-04-19,224203.29000000306,12,114894.54000000303,-40691.25
2023-04-20,223273.29000000306,12,114894.54000000303,-41621.25
2023-04-21,223168.29000000306,12,114894.54000000303,-41726.25
2023-04-23,222628.29000000306,12,114894.54000000303,-42266.25
2023-04-24,222883.29000000306,12,114894.54000000303,-42011.25
2023-04-25,220543.29000000306,12,114894.54000000303,-44351.25
2023-04-26,219043.29000000306,12,114894.54000000303,-45851.25
2023-04-27,222883.29000000306,12,114894.54000000303,-42011.25
2023-04-28,225403.29000000306,12,114894.54000000303,-39491.25
2023-04-30,225433.29000000306,12,114894.54000000303,-39461.25
2023-05-01,224998.29000000306,12,114894.54000000303,-39896.25
2023-05-02,222568.29000000306,12,114894.54000000303,-42326.25
2023-05-03,220738.29000000306,12,114894.54000000303,-44156.25
2023-05-04,219523.29000000306,12,114894.54000000303,-45371.25
2023-05-05,222913.29000000306,12,114894.54000000303,-41981.25
2023-05-07,222763.29000000306,12,114894.54000000303,-42131.25
2023-05-08,223063.29000000306,12,114894.54000000303,-41831.25
2023-05-09,222223.29000000306,12,114894.54000000303,-42671.25
2023-05-10,223588.29000000306,12,114894.54000000303,-41306.25
2023-05-11,222913.29000000306,12,114894.54000000303,-41981.25
2023-05-12,221893.29000000306,12,114894.54000000303,-43001.25
2023-05-14,222208.29000000306,12,114894.54000000303,-42686.25
2023-05-15,222523.29000000306,12,114894.54000000303,-42371.25
2023-05-16,221788.29000000306,12,114894.54000000303,-43106.25
2023-05-17,224143.29000000306,12,114894.54000000303,-40751.25
2023-05-18,227098.29000000306,12,114894.54000000303,-37796.25
2023-05-19,225868.29000000306,12,114894.54000000303,-39026.25
2023-05-21,226183.29000000306,12,114894.54000000303,-38711.25
2023-05-22,226783.29000000306,12,114894.54000000303,-38111.25
2023-05-23,223753.29000000306,12,114894.54000000303,-41141.25
2023-05-24,222433.29000000306,12,114894.54000000303,-42461.25
2023-05-25,223063.29000000306,12,114894.54000000303,-41831.25
2023-05-26,227128.29000000306,12,114894.54000000303,-37766.25
2023-05-28,227308.29000000306,12,114894.54000000303,-37586.25
2023-05-29,227323.29000000306,12,114894.54000000303,-37571.25
2023-05-30,226288.29000000306,12,114894.54000000303,-38606.25
2023-05-31,225553.29000000306,12,114894.54000000303,-39341.25
2023-06-01,228088.29000000306,12,114894.54000000303,-36806.25
2023-06-02,231298.29000000306,12,114894.54000000303,-33596.25
2023-06-04,231013.29000000306,12,114894.54000000303,-33881.25
2023-06-05,230848.29000000306,12,114894.54000000303,-34046.25
2023-06-06,231613.29000000306,12,114894.54000000303,-33281.25
2023-06-07,230173.29000000306,12,114894.54000000303,-34721.25
2023-06-08,231688.29000000306,12,114894.54000000303,-33206.25
2023-06-09,232258.29000000306,12,114894.54000000303,-32636.25
2023-06-11,232558.29000000306,12,114894.54000000303,-32336.25
2023-06-12,235033.41000000306,12,114864.66000000303,-29831.25
2023-06-13,236173.41000000306,12,114864.66000000303,-28691.25
2023-06-14,236323.41000000306,12,114864.66000000303,-28541.25
2023-06-15,239128.41000000306,12,114864.66000000303,-25736.25
2023-06-16,238768.41000000306,12,114864.66000000303,-26096.25
2023-06-18,238198.41000000306,12,114864.66000000303,-26666.25
2023-06-19,237853.41000000306,12,114864.66000000303,-27011.25
2023-06-20,237283.41000000306,12,114864.66000000303,-27581.25
2023-06-21,235723.41000000306,12,114864.66000000303,-29141.25
2023-06-22,235588.41000000306,12,114864.66000000303,-29276.25
2023-06-23,234538.41000000306,12,114864.66000000303,-30326.25
2023-06-25,235228.41000000306,12,114864.66000000303,-29636.25
2023-06-26,233953.41000000306,12,114864.66000000303,-30911.25
2023-06-27,235918.41000000306,12,114864.66000000303,-28946.25
2023-06-28,236443.41000000306,12,114864.66000000303,-28421.25
2023-06-29,237448.41000000306,12,114864.66000000303,-27416.25
2023-06-30,240178.41000000306,12,114864.66000000303,-24686.25
2023-07-02,240553.41000000306,12,114864.66000000303,-24311.25
2023-07-03,240703.41000000306,12,114864.66000000303,-24161.25
2023-07-04,240583.41000000306,12,114864.66000000303,-24281.25
2023-07-05,239413.41000000306,12,114864.66000000303,-25451.25
2023-07-06,237973.41000000306,12,114864.66000000303,-26891.25
2023-07-07,237508.41000000306,12,114864.66000000303,-27356.25
2023-07-09,236683.41000000306,12,114864.66000000303,-28181.25
2023-07-10,238048.41000000306,12,114864.66000000303,-26816.25
2023-07-11,239713.41000000306,12,114864.66000000303,-25151.25
2023-07-12,242368.41000000306,12,114864.66000000303,-22496.25
2023-07-13,243748.41000000306,12,114864.66000000303,-21116.25
2023-07-14,243343.41000000306,12,114864.66000000303,-21521.25
2023-07-16,243178.41000000306,12,114864.66000000303,-21686.25
2023-07-17,244198.41000000306,12,114864.66000000303,-20666.25
2023-07-18,246418.41000000306,12,114864.66000000303,-18446.25
2023-07-19,246598.41000000306,12,114864.66000000303,-18266.25
2023-07-20,245398.41000000306,12,114864.66000000303,-19466.25
2023-07-21,245068.41000000306,12,114864.66000000303,-19796.25
2023-07-23,245023.41000000306,12,114864.66000000303,-19841.25
2023-07-24,246193.41000000306,12,114864.66000000303,-18671.25
2023-07-25,246973.41000000306,12,114864.66000000303,-17891.25
2023-07-26,247648.41000000306,12,114864.66000000303,-17216.25
2023-07-27,245488.41000000306,12,114864.66000000303,-19376.25
2023-07-28,247648.41000000306,12,114864.66000000303,-17216.25
2023-07-30,247138.41000000306,12,114864.66000000303,-17726.25
2023-07-31,248278.41000000306,12,114864.66000000303,-16586.25
2023-08-01,246043.41000000306,12,114864.66000000303,-18821.25
2023-08-02,243748.41000000306,12,114864.66000000303,-21116.25
2023-08-03,243388.41000000306,12,114864.66000000303,-21476.25
2023-08-04,241108.41000000306,12,114864.66000000303,-23756.25
2023-08-06,242173.41000000306,12,114864.66000000303,-22691.25
2023-08-07,242878.41000000306,12,114864.66000000303,-21986.25
2023-08-08,242488.41000000306,12,114864.66000000303,-22376.25
2023-08-09,241378.41000000306,12,114864.66000000303,-23486.25
2023-08-10,240343.41000000306,12,114864.66000000303,-24521.25
2023-08-11,240283.41000000306,12,114864.66000000303,-24581.25
2023-08-13,239443.41000000306,12,114864.66000000303,-25421.25
2023-08-14,242098.41000000306,12,114864.66000000303,-22766.25
2023-08-15,238603.41000000306,12,114864.66000000303,-26261.25
2023-08-16,236608.41000000306,12,114864.66000000303,-28256.25
2023-08-17,234298.41000000306,12,114864.66000000303,-30566.25
2023-08-18,234028.41000000306,12,114864.66000000303,-30836.25
2023-08-20,234328.41000000306,12,114864.66000000303,-30536.25
2023-08-21,235843.41000000306,12,114864.66000000303,-29021.25
2023-08-22,235873.41000000306,12,114864.66000000303,-28991.25
2023-08-23,239863.41000000306,12,114864.66000000303,-25001.25
2023-08-24,234463.41000000306,12,114864.66000000303,-30401.25
2023-08-25,236023.41000000306,12,114864.66000000303,-28841.25
2023-08-27,236203.41000000306,12,114864.66000000303,-28661.25
2023-08-28,237898.41000000306,12,114864.66000000303,-26966.25
2023-08-29,242083.41000000306,12,114864.66000000303,-22781.25
2023-08-30,242893.41000000306,12,114864.66000000303,-21971.25
2023-08-31,242443.41000000306,12,114864.66000000303,-22421.25
2023-09-01,242368.41000000306,12,114864.66000000303,-22496.25
2023-09-03,242533.41000000306,12,114864.66000000303,-22331.25
2023-09-04,242083.41000000306,12,114864.66000000303,-22781.25
2023-09-05,241063.41000000306,12,114864.66000000303,-23801.25
2023-09-06,239353.41000000306,12,114864.66000000303,-25511.25
2023-09-07,238678.41000000306,12,114864.66000000303,-26186.25
2023-09-08,239038.41000000306,12,114864.66000000303,-25826.25
2023-09-10,239113.41000000306,12,114864.66000000303,-25751.25
2023-09-11,240418.53000000305,12,114834.78000000303,-24416.25
2023-09-12,238588.53000000305,12,114834.78000000303,-26246.25
2023-09-13,240103.53000000305,12,114834.78000000303,-24731.25
2023-09-14,242098.53000000305,12,114834.78000000303,-22736.25
2023-09-15,238168.53000000305,12,114834.78000000303,-26666.25
2023-09-17,238603.53000000305,12,114834.78000000303,-26231.25
2023-09-18,238303.53000000305,12,114834.78000000303,-26531.25
2023-09-19,237343.53000000305,12,114834.78000000303,-27491.25
2023-09-20,234358.53000000305,12,114834.78000000303,-30476.25
2023-09-21,230983.53000000305,12,114834.78000000303,-33851.25
2023-09-22,229993.53000000305,12,114834.78000000303,-34841.25
2023-09-24,230578.53000000305,12,114834.78000000303,-34256.25
2023-09-25,230083.53000000305,12,114834.78000000303,-34751.25
2023-09-26,227533.53000000305,12,114834.78000000303,-37301.25
2023-09-27,227083.53000000305,12,114834.78000000303,-37751.25
2023-09-28,228703.53000000305,12,114834.78000000303,-36131.25
2023-09-29,227983.53000000305,12,114834.78000000303,-36851.25
2023-10-01,229183.53000000305,12,114834.78000000303,-35651.25
2023-10-02,227623.53000000305,12,114834.78000000303,-37211.25
2023-10-03,223108.53000000305,12,114834.78000000303,-41726.25
2023-10-04,226213.53000000305,12,114834.78000000303,-38621.25
2023-10-05,225538.53000000305,12,114834.78000000303,-39296.25
2023-10-06,228943.53000000305,12,114834.78000000303,-35891.25
2023-10-08,226498.53000000305,12,114834.78000000303,-38336.25
2023-10-09,230608.53000000305,12,114834.78000000303,-34226.25
2023-10-10,231823.53000000305,12,114834.78000000303,-33011.25
2023-10-11,233518.53000000305,12,114834.78000000303,-31316.25
2023-10-12,231343.53000000305,12,114834.78000000303,-33491.25
2023-10-13,229318.53000000305,12,114834.78000000303,-35516.25
2023-10-15,230233.53000000305,12,114834.78000000303,-34601.25
2023-10-16,231973.53000000305,12,114834.78000000303,-32861.25
2023-10-17,232003.53000000305,12,114834.78000000303,-32831.25
2023-10-18,228163.53000000305,12,114834.78000000303,-36671.25
2023-10-19,226033.53000000305,12,114834.78000000303,-38801.25
2023-10-20,222898.53000000305,12,114834.78000000303,-41936.25
2023-10-22,223558.53000000305,12,114834.78000000303,-41276.25
2023-10-23,223303.53000000305,12,114834.78000000303,-41531.25
2023-10-24,223933.53000000305,12,114834.78000000303,-40901.25
2023-10-25,219223.53000000305,12,114834.78000000303,-45611.25
2023-10-26,218968.53000000305,12,114834.78000000303,-45866.25
2023-10-27,216418.53000000305,12,114834.78000000303,-48416.25
2023-10-29,217393.53000000305,12,114834.78000000303,-47441.25
2023-10-30,218533.53000000305,12,114834.78000000303,-46301.25
2023-10-31,220573.53000000305,12,114834.78000000303,-44261.25
2023-11-01,224263.53000000305,12,114834.78000000303,-40571.25
2023-11-02,228163.53000000305,12,114834.78000000303,-36671.25
2023-11-03,230938.53000000305,12,114834.78000000303,-33896.25
2023-11-05,230848.53000000305,12,114834.78000000303,-33986.25
2023-11-06,230668.53000000305,12,114834.78000000303,-34166.25
2023-11-07,231808.53000000305,12,114834.78000000303,-33026.25
2023-11-08,232018.53000000305,12,114834.78000000303,-32816.25
2023-11-09,230188.53000000305,12,114834.78000000303,-34646.25
2023-11-10,233698.53000000305,12,114834.78000000303,-31136.25
2023-11-12,232813.53000000305,12,114834.78000000303,-32021.25
2023-11-13,233878.53000000305,12,114834.78000000303,-30956.25
2023-11-14,239488.53000000305,12,114834.78000000303,-25346.25
2023-11-15,238993.53000000305,12,114834.78000000303,-25841.25
2023-11-16,239923.53000000305,12,114834.78000000303,-24911.25
2023-11-17,239653.53000000305,12,114834.78000000303,-25181.25
2023-11-19,239608.53000000305,12,114834.78000000303,-25226.25
2023-11-20,242053.53000000305,12,114834.78000000303,-22781.25
2023-11-21,241273.53000000305,12,114834.78000000303,-23561.25
2023-11-22,242188.53000000305,12,114834.78000000303,-22646.25
2023-11-23,242413.53000000305,12,114834.78000000303,-22421.25
2023-11-24,242323.53000000305,12,114834.78000000303,-22511.25
2023-11-26,241528.53000000305,12,114834.78000000303,-23306.25
2023-11-27,241888.53000000305,12,114834.78000000303,-22946.25
2023-11-28,242428.53000000305,12,114834.78000000303,-22406.25
2023-11-29,242158.53000000305,12,114834.78000000303,-22676.25
2023-11-30,242668.53000000305,12,114834.78000000303,-22166.25
2023-12-01,244468.53000000305,12,114834.78000000303,-20366.25
2023-12-03,243943.53000000305,12,114834.78000000303,-20891.25
2023-12-04,242248.53000000305,12,114834.78000000303,-22586.25
2023-12-05,243553.53000000305,12,114834.78000000303,-21281.25
2023-12-06,241468.53000000305,12,114834.78000000303,-23366.25
2023-12-07,243613.53000000305,12,114834.78000000303,-21221.25
2023-12-08,244663.53000000305,12,114834.78000000303,-20171.25
2023-12-10,244513.53000000305,12,114834.78000000303,-20321.25
2023-12-11,245848.65000000305,12,114804.90000000302,-18956.25
2023-12-12,247273.65000000305,12,114804.90000000302,-17531.25
2023-12-13,251878.65000000305,12,114804.90000000302,-12926.25
2023-12-14,251773.65000000305,12,114804.90000000302,-13031.25
2023-12-15,251218.65000000305,12,114804.90000000302,-13586.25
2023-12-17,251923.65000000305,12,114804.90000000302,-12881.25
2023-12-18,252658.65000000305,12,114804.90000000302,-12146.25
2023-12-19,254383.65000000305,12,114804.90000000302,-10421.25
2023-12-20,250948.65000000305,12,114804.90000000302,-13856.25
2023-12-21,252448.65000000305,12,114804.90000000302,-12356.25
2023-12-22,253003.65000000305,12,114804.90000000302,-11801.25
2023-12-25,253738.65000000305,12,114804.90000000302,-11066.25
2023-12-26,254593.65000000305,12,114804.90000000302,-10211.25
2023-12-27,255373.65000000305,12,114804.90000000302,-9431.25
2023-12-28,255178.65000000305,12,114804.90000000302,-9626.25
2023-12-29,253813.65000000305,12,114804.90000000302,-10991.25
2024-01-01,254293.65000000305,12,114804.90000000302,-10511.25
2024-01-02,252058.65000000305,12,114804.90000000302,-12746.25
2024-01-03,250033.65000000305,12,114804.90000000302,-14771.25
2024-01-04,248983.65000000305,12,114804.90000000302,-15821.25
2024-01-05,249178.65000000305,12,114804.90000000302,-15626.25
2024-01-07,248983.65000000305,12,114804.90000000302,-15821.25
2024-01-08,252808.65000000305,12,114804.90000000302,-11996.25
2024-01-09,252373.65000000305,12,114804.90000000302,-12431.25
2024-01-10,254758.65000000305,12,114804.90000000302,-10046.25
2024-01-11,253513.65000000305,12,114804.90000000302,-11291.25
2024-01-12,253723.65000000305,12,114804.90000000302,-11081.25
2024-01-14,254128.65000000305,12,114804.90000000302,-10676.25
2024-01-15,253078.65000000305,12,114804.90000000302,-11726.25
2024-01-16,252403.65000000305,12,114804.90000000302,-12401.25
2024-01-17,250978.65000000305,12,114804.90000000302,-13826.25
2024-01-18,253903.65000000305,12,114804.90000000302,-10901.25
2024-01-19,257233.65000000305,12,114804.90000000302,-7571.25
2024-01-21,257968.65000000305,12,114804.90000000302,-6836.25
2024-01-22,257938.65000000305,12,114804.90000000302,-6866.25
2024-01-23,259378.65000000305,12,114804.90000000302,-5426.25
2024-01-24,258913.65000000305,12,114804.90000000302,-5891.25
2024-01-25,259183.65000000305,12,114804.90000000302,-5621.25
2024-01-26,259813.65000000305,12,114804.90000000302,-4991.25
2024-01-28,259753.65000000305,12,114804.90000000302,-5051.25
2024-01-29,262228.65000000305,12,114804.90000000302,-2576.25
2024-01-30,260983.65000000305,12,114804.90000000302,-3821.25
2024-01-31,258103.65000000305,12,114804.90000000302,-6701.25
2024-02-01,262333.65000000305,12,114804.90000000302,-2471.25
2024-02-02,263384.28000000305,12,114829.28000000303,-1445.0
2024-02-04,263095.53000000305,11,114829.28000000303,-1733.75
2024-02-05,263026.78000000305,11,114829.28000000303,-1802.5
2024-02-06,263521.78000000305,11,114829.28000000303,-1307.5
2024-02-07,265639.28000000305,11,114829.28000000303,810.0
2024-02-08,265708.03000000305,11,114829.28000000303,878.75
2024-02-09,266301.8400000031,11,116209.34000000308,92.5
2024-02-11,266299.3400000031,1,116209.34000000308,90.0
2024-02-12,266184.36000000313,3,116331.8600000031,-147.5
2024-02-13,265773.77000000316,10,116327.52000000313,-553.75
2024-02-14,267964.48000000324,10,117953.23000000321,11.25
2024-02-15,268101.99000000325,1,118076.99000000322,25.0
2024-02-16,268072.6900000033,6,118696.44000000329,-623.75
2024-02-18,268357.6900000033,6,118696.44000000329,-338.75
2024-02-19,267787.6900000033,6,118696.44000000329,-908.75
2024-02-20,267064.60000000335,13,118692.10000000332,-1627.5
2024-02-21,270899.61000000336,15,118690.86000000333,2208.75
2024-02-22,273263.45000000345,15,123169.70000000342,93.75
2024-02-23,273074.10000000347,4,123317.85000000344,-243.75
2024-02-25,273004.10000000347,4,123317.85000000344,-313.75
2024-02-26,272620.9900000035,7,123315.99000000345,-695.0
2024-02-27,273098.5000000035,9,123314.75000000346,-216.25
2024-02-28,272963.5000000035,9,123314.75000000346,-351.25
2024-02-29,274099.7500000035,9,123314.75000000346,785.0
2024-03-01,274724.82000000356,9,124689.82000000353,35.0
2024-03-03,274734.82000000356,1,124689.82000000353,45.0
2024-03-04,274457.9700000036,4,124811.72000000355,-353.75
2024-03-05,273685.5200000036,14,124805.5200000036,-1120.0
2024-03-06,276116.8700000037,14,126543.12000000369,-426.25
2024-03-07,277398.78000000375,6,127357.53000000372,41.25
2024-03-08,276400.0700000038,7,127477.57000000376,-1077.5
2024-03-10,275962.5700000038,7,127477.57000000376,-1515.0
2024-03-11,276689.53000000375,8,127457.03000000377,-767.5
2024-03-12,278427.7000000038,8,128453.95000000381,-26.25
2024-03-13,278519.5900000038,4,128452.09000000382,67.5
2024-03-14,278448.99000000383,9,128448.99000000385,0.0
2024-03-15,277023.38000000385,12,128447.13000000386,-1423.75
2024-03-17,277623.38000000385,12,128447.13000000386,-823.75
2024-03-18,279612.8400000039,12,129937.84000000394,-325.0
2024-03-19,280786.640000004,7,130806.64000000399,-20.0
2024-03-20,281706.070000004,3,131427.32000000402,278.75
2024-03-21,281674.22000000405,3,131785.47000000405,-111.25
2024-03-22,281387.36000000406,6,131783.61000000406,-396.25
2024-03-24,281387.36000000406,6,131783.61000000406,-396.25
2024-03-25,281196.74000000407,7,131782.99000000407,-586.25
2024-03-26,281168.0000000041,9,131781.75000000407,-613.75
2024-03-27,282360.5000000041,9,131781.75000000407,578.75
2024-03-28,282799.31000000413,9,132904.31000000413,-105.0
2024-03-31,283159.31000000413,3,132904.31000000413,255.0
2024-04-01,282499.33000000415,7,132901.83000000415,-402.5
2024-04-02,281470.60000000417,11,132899.35000000417,-1428.75
2024-04-03,282845.60000000417,11,132899.35000000417,-53.75
2024-04-04,279883.8600000043,16,134258.8600000043,-4375.0
2024-04-05,283923.8600000043,16,134258.8600000043,-335.0
2024-04-07,283123.8600000043,16,134258.8600000043,-1135.0
2024-04-08,283823.8600000043,16,134258.8600000043,-435.0
2024-04-09,284603.8600000043,16,134258.8600000043,345.0
2024-04-10,279983.8600000043,16,134258.8600000043,-4275.0
2024-04-11,283023.8600000043,16,134258.8600000043,-1235.0
2024-04-12,276525.7600000043,21,134255.76000000432,-7730.0
2024-04-14,278100.7600000043,21,134255.76000000432,-6155.0
2024-04-15,268782.0100000043,21,134255.76000000432,-15473.75
2024-04-16,270093.2700000043,23,134254.52000000433,-14161.25
2024-04-17,266971.41000000434,24,134302.66000000434,-17331.25
2024-04-18,258717.67000000435,23,134326.42000000435,-25608.75
2024-04-19,258865.81000000436,23,134349.56000000436,-25483.75
2024-04-21,260303.31000000436,23,134349.56000000436,-24046.25
2024-04-22,263955.2100000044,24,134421.4600000044,-20466.25
2024-04-23,272384.5900000044,22,134445.8400000044,-12061.25
2024-04-24,267029.5900000044,21,134445.8400000044,-17416.25
2024-04-25,272279.5900000044,21,134445.8400000044,-12166.25
2024-04-26,273067.0900000044,21,134445.8400000044,-11378.75
2024-04-28,274327.0900000044,21,134445.8400000044,-10118.75
2024-04-29,274248.3400000044,21,134445.8400000044,-10197.5
2024-04-30,266058.3400000044,21,134445.8400000044,-18387.5
2024-05-01,266793.3400000044,21,134445.8400000044,-17652.5
2024-05-02,270468.3400000044,21,134445.8400000044,-13977.5
2024-05-03,276203.3500000044,21,134494.6000000044,-8291.25
2024-05-05,276037.1000000044,19,134494.6000000044,-8457.5
2024-05-06,280453.3600000044,19,134567.1100000044,-4113.75
2024-05-07,280902.7500000044,17,134672.75000000442,-3770.0
2024-05-08,280570.2500000044,14,134672.75000000442,-4102.5
2024-05-09,282827.76000000443,14,134721.51000000443,-1893.75
2024-05-10,282946.52000000444,12,134800.27000000444,-1853.75
2024-05-12,283321.52000000444,10,134800.27000000444,-1478.75
2024-05-13,282946.52000000444,10,134800.27000000444,-1853.75
2024-05-14,284634.02000000444,10,134800.27000000444,-166.25
2024-05-15,286340.3400000045,10,136175.3400000045,165.0
2024-05-16,286107.2200000045,3,136174.7200000045,-67.5
2024-05-17,286329.1000000045,4,136174.10000000452,155.0
2024-05-19,286459.1000000045,4,136174.10000000452,285.0
2024-05-20,286575.39000000455,4,136669.14000000455,-93.75
2024-05-21,286845.39000000455,4,136669.14000000455,176.25
2024-05-22,287859.78000000457,7,136667.28000000457,1192.5
2024-05-23,287715.4400000046,7,137715.4400000046,0.0
2024-05-24,287736.0800000046,3,137713.58000000461,22.5
2024-05-26,287679.8300000046,3,137713.58000000461,-33.75
2024-05-27,287867.3300000046,3,137713.58000000461,153.75
2024-05-28,287561.0900000046,5,137712.34000000462,-151.25
2024-05-29,286076.10000000463,7,137711.10000000463,-1635.0
2024-05-30,285377.38000000466,13,137707.38000000466,-2330.0
2024-05-31,289464.33000000473,14,139464.33000000473,0.0
2024-06-02,289464.33000000473,0,139464.33000000473,0.0
2024-06-03,289464.33000000473,0,139464.33000000473,0.0
2024-06-04,289813.11000000476,4,139585.61000000476,227.5
2024-06-05,290455.6500000048,4,140213.1500000048,242.5
2024-06-06,290648.8100000048,5,140458.81000000483,190.0
2024-06-07,290784.5000000049,6,141205.7500000049,-421.25
2024-06-09,290852.0000000049,6,141205.7500000049,-353.75
2024-06-10,291267.6300000049,7,141205.1300000049,62.5
2024-06-11,292208.30000000494,8,142208.30000000494,0.0
2024-06-12,292478.33000000496,4,142329.58000000496,148.75
2024-06-13,292749.590000005,6,142328.34000000497,421.25
2024-06-14,292577.090000005,6,142328.34000000497,248.75
2024-06-16,292577.090000005,6,142328.34000000497,248.75
2024-06-17,293188.41000000504,6,143193.410000005,-5.0
2024-06-18,293335.91000000504,2,143193.410000005,142.5
2024-06-19,293435.91000000504,2,143193.410000005,242.5
2024-06-20,293149.0900000051,9,143436.59000000506,-287.5
2024-06-21,292819.7200000051,10,143435.97000000507,-616.25
2024-06-23,292332.2200000051,10,143435.97000000507,-1103.75
2024-06-24,292209.1000000051,11,143435.35000000507,-1226.25
2024-06-25,293102.8500000051,11,143435.35000000507,-332.5
2024-06-26,292154.1000000051,11,143435.35000000507,-1281.25
2024-06-27,294285.3500000051,11,143435.35000000507,850.0
2024-06-28,294176.7100000052,11,144807.96000000517,-631.25
2024-06-30,294396.7100000052,11,144807.96000000517,-411.25
2024-07-01,293638.5900000052,12,144807.34000000518,-1168.75
2024-07-02,296274.28000000527,12,146300.53000000524,-26.25
2024-07-03,296408.0400000053,1,146424.29000000525,-16.25
2024-07-04,296430.5400000053,1,146424.29000000525,6.25
2024-07-05,296671.8100000053,2,146673.06000000527,-1.25
2024-07-07,296668.0600000053,1,146673.06000000527,-5.0
2024-07-08,296786.8100000053,1,146673.06000000527,113.75
2024-07-09,296784.9500000053,2,146796.20000000528,-11.25
2024-07-10,297165.60000000533,2,147169.3500000053,-3.75
2024-07-11,296273.14000000537,9,147164.39000000534,-891.25
2024-07-12,297954.5000000055,9,148659.50000000544,-705.0
2024-07-14,298217.0000000055,7,148659.50000000544,-442.5
2024-07-15,299872.69000000553,7,149530.1900000055,342.5
2024-07-16,300372.73000000557,6,150280.23000000554,92.5
2024-07-17,299805.2400000056,4,150278.99000000555,-473.75
2024-07-18,298918.3900000056,9,150275.89000000557,-1357.5
2024-07-19,296635.2800000056,12,150274.0300000056,-3638.75
2024-07-21,297280.2800000056,12,150274.0300000056,-2993.75
2024-07-22,299455.2800000056,12,150274.0300000056,-818.75
2024-07-23,298000.2800000056,12,150274.0300000056,-2273.75
2024-07-24,291422.2300000057,24,150339.73000000566,-8917.5
2024-07-25,290241.0200000057,22,150509.7700000057,-10268.75
2024-07-26,293091.0200000057,15,150509.7700000057,-7418.75
2024-07-28,294928.5200000057,15,150509.7700000057,-5581.25
2024-07-29,292359.7700000057,15,150509.7700000057,-8150.0
2024-07-30,292828.5200000057,15,150509.7700000057,-7681.25
2024-07-31,299109.79000000574,15,150616.0400000057,-1506.25
2024-08-01,290830.42000000575,12,150615.42000000572,-9785.0
2024-08-02,285748.56000000576,15,150613.56000000573,-14865.0
2024-08-04,280854.81000000576,15,150613.56000000573,-19758.75
2024-08-05,281874.19000000576,16,150612.94000000574,-18738.75
2024-08-06,282974.19000000576,16,150612.94000000574,-17638.75
2024-08-07,276254.19000000576,16,150612.94000000574,-24358.75
2024-08-08,286514.19000000576,16,150612.94000000574,-14098.75
2024-08-09,287334.19000000576,16,150612.94000000574,-13278.75
2024-08-11,287614.19000000576,16,150612.94000000574,-12998.75
2024-08-12,288174.19000000576,16,150612.94000000574,-12438.75
2024-08-13,294734.19000000576,16,150612.94000000574,-5878.75
2024-08-14,297374.19000000576,16,150612.94000000574,-3238.75
2024-08-15,302703.65000000584,16,152603.65000000581,100.0
2024-08-16,302893.05000000587,2,152850.55000000584,42.5
2024-08-18,302948.05000000587,2,152850.55000000584,97.5
2024-08-19,303367.4600000059,2,153347.46000000587,20.0
2024-08-20,303523.1000000059,4,153345.60000000588,177.5
2024-08-21,303970.64000000595,4,153843.14000000592,127.5
2024-08-22,303598.220000006,12,154470.720000006,-872.5
2024-08-23,306708.97000000614,12,156720.2200000061,-11.25
2024-08-25,306683.97000000614,1,156720.2200000061,-36.25
2024-08-26,306570.87000000617,6,156717.12000000614,-146.25
2024-08-27,307043.3800000062,8,156715.88000000615,327.5
2024-08-28,304674.0300000062,13,156712.78000000617,-2038.75
2024-08-29,308033.5400000063,13,158704.7900000063,-671.25
2024-08-30,309824.2200000064,9,159830.47000000635,-6.25
2024-09-01,309806.7200000064,1,159830.47000000635,-23.75
2024-09-02,309802.9700000064,1,159830.47000000635,-27.5
2024-09-03,303836.81000000646,19,159819.31000000643,-5982.5
2024-09-04,304472.44000000646,20,159818.69000000643,-5346.25
2024-09-05,302888.0800000065,23,159816.83000000645,-6928.75
2024-09-06,291268.0900000065,24,159840.59000000646,-18572.5
2024-09-08,294861.8400000065,23,159840.59000000646,-14978.75
2024-09-09,299686.8500000065,24,159864.35000000647,-10177.5
2024-09-10,300071.8600000065,23,159913.11000000648,-9841.25
2024-09-11,308241.29000000656,22,160156.29000000653,-1915.0
2024-09-12,310300.67000000656,12,160180.67000000653,120.0
2024-09-13,311618.2400000066,11,161556.9900000066,61.25
2024-09-15,311708.2400000066,3,161556.9900000066,151.25
2024-09-16,311791.4100000066,4,161546.4100000066,245.0
2024-09-17,312352.72000000667,8,162353.97000000667,-1.25
2024-09-18,314202.80000000674,8,163352.80000000674,850.0
2024-09-19,315774.7300000068,8,165885.9800000068,-111.25
2024-09-20,315804.1300000068,8,165882.88000000681,-78.75
2024-09-22,316634.1300000068,8,165882.88000000681,751.25
2024-09-23,316194.1300000068,8,165882.88000000681,311.25
2024-09-24,316854.18000000686,8,166877.93000000686,-23.75
2024-09-25,317404.19000000687,4,166876.69000000687,527.5
2024-09-26,317816.1200000069,7,167762.37000000692,53.75
2024-09-27,317247.3700000069,7,167762.37000000692,-515.0
2024-09-29,317588.6200000069,7,167762.37000000692,-173.75
2024-09-30,319025.570000007,10,169010.570000007,15.0
2024-10-01,317862.49000000703,11,169004.99000000703,-1142.5
2024-10-02,317583.13000000705,14,169003.13000000705,-1420.0
2024-10-03,317740.63000000705,14,169003.13000000705,-1262.5
2024-10-04,321498.8900000072,14,171505.14000000717,-6.25
2024-10-06,321502.6400000072,1,171505.14000000717,-2.5
2024-10-07,320481.4300000072,9,171500.1800000072,-1018.75
2024-10-08,322729.6200000073,9,172622.12000000727,107.5
2024-10-09,323353.4100000073,4,173244.6600000073,108.75
2024-10-10,323414.6700000073,4,173243.42000000732,171.25
2024-10-11,323761.57000000734,4,173741.57000000734,20.0
2024-10-13,323772.82000000734,1,173741.57000000734,31.25
2024-10-14,324173.47000000736,2,173998.47000000736,175.0
2024-10-15,323592.2600000074,10,173993.5100000074,-401.25
2024-10-16,323867.2600000074,10,173993.5100000074,-126.25
2024-10-17,325753.5900000075,10,176294.84000000748,-541.25
2024-10-18,326451.0900000075,6,176294.84000000748,156.25
2024-10-20,326466.0900000075,6,176294.84000000748,171.25
2024-10-21,325942.9800000075,9,176292.9800000075,-350.0
2024-10-22,326137.3600000075,10,176292.3600000075,-155.0
2024-10-23,325131.78000000754,19,176286.78000000754,-1155.0
2024-10-24,324846.78000000754,19,176286.78000000754,-1440.0
2024-10-25,327762.54000000766,19,178653.79000000766,-891.25
2024-10-27,329012.54000000766,8,178653.79000000766,358.75
2024-10-28,328182.54000000766,8,178653.79000000766,-471.25
2024-10-29,329362.54000000766,8,178653.79000000766,708.75
2024-10-30,327202.54000000766,8,178653.79000000766,-1451.25
2024-10-31,322964.4600000077,17,178648.2100000077,-5683.75
2024-11-01,323920.7100000077,17,178648.2100000077,-4727.5
2024-11-03,325068.2100000077,17,178648.2100000077,-3580.0
2024-11-04,322588.8400000077,18,178647.5900000077,-6058.75
2024-11-05,335706.3400000077,18,178647.5900000077,7058.75
2024-11-06,340412.0700000078,18,190340.8200000078,71.25
2024-11-07,340573.97000000783,2,190588.97000000783,-15.0
2024-11-08,340810.24000000785,2,190836.49000000785,-26.25
2024-11-10,340940.24000000785,2,190836.49000000785,103.75
2024-11-11,340892.12000000785,3,190835.87000000785,56.25
2024-11-12,340597.7700000079,8,190832.77000000788,-235.0
2024-11-13,341569.71000000794,8,191829.71000000794,-260.0
2024-11-14,339365.37000000797,12,191825.37000000797,-2460.0
2024-11-15,335261.660000008,20,191820.410000008,-6558.75
2024-11-17,336661.660000008,20,191820.410000008,-5158.75
2024-11-18,338286.660000008,20,191820.410000008,-3533.75
2024-11-19,340011.660000008,20,191820.410000008,-1808.75
2024-11-20,337661.660000008,20,191820.410000008,-4158.75
2024-11-21,342136.660000008,20,191820.410000008,316.25
2024-11-22,344673.6600000081,20,194321.16000000812,352.5
2024-11-24,345242.4100000081,5,194321.16000000812,921.25
2024-11-25,345686.8500000082,8,195553.10000000818,133.75
2024-11-26,346649.40000000823,8,196550.65000000823,98.75
2024-11-27,346763.17000000825,6,196548.17000000825,215.0
2024-11-28,347130.67000000825,6,196548.17000000825,582.5
2024-11-29,347346.3300000083,6,197298.83000000828,47.5
2024-12-01,347290.0800000083,1,197298.83000000828,-8.75
2024-12-02,347418.8400000083,1,197422.5900000083,-3.75
2024-12-03,347728.2300000083,4,197420.7300000083,307.5
2024-12-04,348053.26000000833,4,197919.51000000833,133.75
2024-12-05,347895.17000000837,5,198166.42000000837,-271.25
2024-12-06,348195.17000000837,5,198166.42000000837,28.75
2024-12-08,348132.67000000837,5,198166.42000000837,-33.75
2024-12-09,347092.6900000084,9,198163.94000000838,-1071.25
2024-12-10,346547.7100000084,13,198161.4600000084,-1613.75
2024-12-11,349627.7900000085,13,199787.79000000848,-160.0
2024-12-12,349229.6900000085,8,199784.6900000085,-555.0
2024-12-13,348631.5800000085,11,199782.83000000851,-1151.25
2024-12-15,349030.3300000085,11,199782.83000000851,-752.5
2024-12-16,349965.4400000085,11,199755.4400000085,210.0
2024-12-17,349250.4400000085,11,199755.4400000085,-505.0
2024-12-18,335146.0900000085,16,199752.34000000852,-14606.25
2024-12-19,332446.0900000085,16,199752.34000000852,-17306.25
2024-12-20,339086.0900000085,16,199752.34000000852,-10666.25
2024-12-22,341646.0900000085,16,199752.34000000852,-8106.25
2024-12-23,342404.23000000854,19,199750.48000000854,-7346.25
2024-12-24,348436.73000000854,19,199750.48000000854,-1313.75
2024-12-25,348674.23000000854,19,199750.48000000854,-1076.25
2024-12-26,346892.98000000854,19,199750.48000000854,-2857.5
2024-12-27,341810.48000000854,19,199750.48000000854,-7940.0
2024-12-29,340717.98000000854,19,199750.48000000854,-9032.5
2024-12-30,334780.48000000854,19,199750.48000000854,-14970.0
2024-12-31,333165.48000000854,19,199750.48000000854,-16585.0
2025-01-01,334780.48000000854,19,199750.48000000854,-14970.0
2025-01-02,332120.48000000854,19,199750.48000000854,-17630.0
2025-01-03,337624.86000000854,20,199749.86000000854,-12125.0
2025-01-05,337874.86000000854,20,199749.86000000854,-11875.0
2025-01-06,340849.86000000854,20,199749.86000000854,-8900.0
2025-01-07,335581.1500000086,26,199764.90000000858,-14183.75
2025-01-08,333597.69000000885,26,200088.94000000885,-16491.25
2025-01-09,333542.69000000885,22,200088.94000000885,-16546.25
2025-01-10,323869.4100000093,28,200470.6600000093,-26601.25
2025-01-12,321069.4100000093,28,200470.6600000093,-29401.25
2025-01-13,328450.4800000097,32,200865.4800000097,-22415.0
2025-01-14,327732.65000001,30,201296.40000000998,-23563.75
2025-01-15,340877.06000001,26,202522.06000001,-11645.0
2025-01-16,340449.56000001,19,202522.06000001,-12072.5
2025-01-17,344822.70000001,19,202608.95000001002,-7786.25
2025-01-19,344782.70000001,16,202608.95000001002,-7826.25
2025-01-20,345562.70000001,16,202608.95000001002,-7046.25
2025-01-21,350472.08000001,16,202633.33000001003,-2161.25
2025-01-22,351282.10000001005,15,202900.85000001005,-1618.75
2025-01-23,352959.60000001005,11,202900.85000001005,58.75
2025-01-24,352162.10000001005,11,202900.85000001005,-738.75
2025-01-26,349068.35000001005,11,202900.85000001005,-3832.5
2025-01-27,347500.85000001005,11,202900.85000001005,-5400.0
2025-01-28,350237.10000001005,11,202900.85000001005,-2663.75
2025-01-29,349865.85000001005,11,202900.85000001005,-3035.0
2025-01-30,351048.35000001005,11,202900.85000001005,-1852.5
2025-01-31,348504.60000001005,11,202900.85000001005,-4396.25
2025-02-02,341794.60000001005,11,202900.85000001005,-11106.25
2025-02-03,346538.35000001005,11,202900.85000001005,-6362.5
2025-02-04,346964.60000001005,11,202900.85000001005,-5936.25
2025-02-05,350305.85000001005,11,202900.85000001005,-2595.0
2025-02-06,350429.60000001005,11,202900.85000001005,-2471.25
2025-02-07,347652.10000001005,11,202900.85000001005,-5248.75
2025-02-09,348435.85000001005,11,202900.85000001005,-4465.0
2025-02-10,349027.10000001005,11,202900.85000001005,-3873.75
2025-02-11,349700.85000001005,11,202900.85000001005,-3200.0
2025-02-12,349687.10000001005,11,202900.85000001005,-3213.75
2025-02-13,352794.60000001005,11,202900.85000001005,-106.25
2025-02-14,352272.10000001005,11,202900.85000001005,-628.75
2025-02-16,352849.60000001005,11,202900.85000001005,-51.25
2025-02-17,352918.35000001005,11,202900.85000001005,17.5
2025-02-18,353303.35000001005,11,202900.85000001005,402.5
2025-02-19,352890.85000001005,11,202900.85000001005,-10.0
2025-02-20,352148.35000001005,11,202900.85000001005,-752.5
2025-02-21,346552.10000001005,11,202900.85000001005,-6348.75
2025-02-23,348078.35000001005,11,202900.85000001005,-4822.5
2025-02-24,345397.10000001005,11,202900.85000001005,-7503.75
2025-02-25,344379.60000001005,11,202900.85000001005,-8521.25
2025-02-26,343499.60000001005,11,202900.85000001005,-9401.25
2025-02-27,338205.85000001005,11,202900.85000001005,-14695.0
2025-02-28,342592.10000001005,11,202900.85000001005,-10308.75
2025-03-02,343375.85000001005,11,202900.85000001005,-9525.0
2025-03-03,337807.10000001005,11,202900.85000001005,-15093.75
2025-03-04,335373.35000001005,11,202900.85000001005,-17527.5
2025-03-05,336610.85000001005,11,202900.85000001005,-16290.0
2025-03-06,331908.35000001005,11,202900.85000001005,-20992.5
2025-03-07,332348.35000001005,11,202900.85000001005,-20552.5
2025-03-09,331179.60000001005,11,202900.85000001005,-21721.25
2025-03-10,325057.1500000101,21,202894.6500000101,-27837.5
2025-03-11,321382.1500000101,21,202894.6500000101,-31512.5
2025-03-12,321355.9000000101,21,202894.6500000101,-31538.75
2025-03-13,319412.21000001015,26,202952.21000001015,-33540.0
2025-03-14,324857.2700000102,23,203274.7700000102,-28417.5
2025-03-16,323798.5200000102,11,203274.7700000102,-29476.25
2025-03-17,326617.3800000102,11,203247.3800000102,-26630.0
2025-03-18,324843.6300000102,11,203247.3800000102,-28403.75
2025-03-19,328996.1300000102,11,203247.3800000102,-24251.25
2025-03-20,326741.1300000102,11,203247.3800000102,-26506.25
2025-03-21,327016.1300000102,11,203247.3800000102,-26231.25
2025-03-23,328886.1300000102,11,203247.3800000102,-24361.25
2025-03-24,331801.1300000102,11,203247.3800000102,-21446.25
2025-03-25,332804.8800000102,11,203247.3800000102,-20442.5
2025-03-26,329587.3800000102,11,203247.3800000102,-23660.0
2025-03-27,328377.3800000102,11,203247.3800000102,-24870.0
2025-03-28,320553.6300000102,11,203247.3800000102,-32693.75
2025-03-30,319219.8800000102,11,203247.3800000102,-34027.5
2025-03-31,324344.2800000102,16,203244.2800000102,-28900.0
2025-04-01,326844.2800000102,16,203244.2800000102,-26400.0
2025-04-02,317824.2800000102,16,203244.2800000102,-35420.0
2025-04-03,303181.21000001027,24,203312.46000001027,-50131.25
2025-04-04,270249.3600000103,23,203359.3600000103,-83110.0
2025-04-06,252016.8600000103,22,203359.3600000103,-101342.5
2025-04-07,278304.3800000103,24,203411.8800000103,-75107.5
2025-04-08,251271.8800000103,22,203411.8800000103,-102140.0
2025-04-09,309491.9000000103,22,203509.40000001033,-44017.5
2025-04-10,295564.4000000103,18,203509.40000001033,-57945.0
2025-04-11,304204.4000000103,18,203509.40000001033,-49305.0
2025-04-13,307916.9000000103,18,203509.40000001033,-45592.5
2025-04-14,307939.4000000103,18,203509.40000001033,-45570.0
2025-04-15,302764.4000000103,18,203509.40000001033,-50745.0
2025-04-16,299591.9000000103,18,203509.40000001033,-53917.5
2025-04-17,297971.9000000103,18,203509.40000001033,-55537.5
2025-04-20,292639.4000000103,18,203509.40000001033,-60870.0
2025-04-21,286901.9000000103,18,203509.40000001033,-66607.5
2025-04-22,304136.9000000103,18,203509.40000001033,-49372.5
2025-04-23,303956.9000000103,18,203509.40000001033,-49552.5
2025-04-24,317178.16000001034,18,203558.16000001034,-36380.0
2025-04-25,318044.42000001034,16,203606.92000001034,-35562.5
2025-04-27,315664.42000001034,14,203606.92000001034,-37942.5
2025-04-28,318797.56000001036,14,203705.06000001036,-34907.5
2025-04-29,318536.31000001036,11,203705.06000001036,-35168.75
2025-04-30,323500.06000001036,11,203705.06000001036,-30205.0
2025-05-01,324600.06000001036,11,203705.06000001036,-29105.0
2025-05-02,326951.31000001036,11,203705.06000001036,-26753.75
2025-05-04,324696.31000001036,11,203705.06000001036,-29008.75
2025-05-05,324325.06000001036,11,203705.06000001036,-29380.0
2025-05-06,324118.81000001036,11,203705.06000001036,-29586.25
2025-05-07,326195.06000001036,11,203705.06000001036,-27510.0
2025-05-08,325878.81000001036,11,203705.06000001036,-27826.25
2025-05-09,325493.81000001036,11,203705.06000001036,-28211.25
2025-05-11,329687.56000001036,11,203705.06000001036,-24017.5
2025-05-12,334225.06000001036,11,203705.06000001036,-19480.0
2025-05-13,337676.31000001036,11,203705.06000001036,-16028.75
2025-05-14,337263.81000001036,11,203705.06000001036,-16441.25
2025-05-15,339202.56000001036,11,203705.06000001036,-14502.5
2025-05-16,340041.31000001036,11,203705.06000001036,-13663.75
2025-05-18,338006.31000001036,11,203705.06000001036,-15698.75
2025-05-19,340976.31000001036,11,203705.06000001036,-12728.75
2025-05-20,339738.81000001036,11,203705.06000001036,-13966.25
2025-05-21,335476.31000001036,11,203705.06000001036,-18228.75
2025-05-22,335283.81000001036,11,203705.06000001036,-18421.25
2025-05-23,332685.06000001036,11,203705.06000001036,-21020.0
2025-05-25,335998.81000001036,11,203705.06000001036,-17706.25
2025-05-26,335407.56000001036,11,203705.06000001036,-18297.5
2025-05-27,339023.81000001036,11,203705.06000001036,-14681.25
2025-05-28,342571.31000001036,11,203705.06000001036,-11133.75
2025-05-29,337882.56000001036,11,203705.06000001036,-15822.5
2025-05-30,338130.06000001036,11,203705.06000001036,-15575.0
2025-06-01,336713.81000001036,11,203705.06000001036,-16991.25
2025-06-02,338762.56000001036,11,203705.06000001036,-14942.5
2025-06-03,341608.81000001036,11,203705.06000001036,-12096.25
2025-06-04,341581.31000001036,11,203705.06000001036,-12123.75
2025-06-05,340673.81000001036,11,203705.06000001036,-13031.25
2025-06-06,343423.81000001036,11,203705.06000001036,-10281.25
2025-06-08,342667.56000001036,11,203705.06000001036,-11037.5
2025-06-09,344798.81000001036,11,203705.06000001036,-8906.25
2025-06-10,344468.81000001036,11,203705.06000001036,-9236.25
2025-06-11,343368.81000001036,11,203705.06000001036,-10336.25
2025-06-12,340728.81000001036,11,203705.06000001036,-12976.25
2025-06-13,341677.56000001036,11,203705.06000001036,-12027.5
2025-06-15,342186.31000001036,11,203705.06000001036,-11518.75
2025-06-16,343685.17000001034,11,203677.67000001034,-9992.5
2025-06-17,342145.17000001034,11,203677.67000001034,-11532.5
2025-06-18,341278.92000001034,11,203677.67000001034,-12398.75
2025-06-19,341045.17000001034,11,203677.67000001034,-12632.5
2025-06-20,341278.92000001034,11,203677.67000001034,-12398.75
2025-06-22,339958.92000001034,11,203677.67000001034,-13718.75
2025-06-23,346077.67000001034,11,203677.67000001034,-7600.0
2025-06-24,347796.42000001034,11,203677.67000001034,-5881.25
2025-06-25,348291.42000001034,11,203677.67000001034,-5386.25
2025-06-26,350986.42000001034,11,203677.67000001034,-2691.25
2025-06-27,352045.17000001034,11,203677.67000001034,-1632.5
2025-06-29,353530.17000001034,11,203677.67000001034,-147.5
2025-06-30,353502.67000001034,11,203677.67000001034,-175.0
2025-07-01,354148.92000001034,11,203677.67000001034,471.25
2025-07-02,355067.7300000104,11,205048.9800000104,18.75
2025-07-03,355147.1300000104,2,205295.88000001042,-148.75
2025-07-04,354902.1300000104,2,205295.88000001042,-393.75
2025-07-06,355079.6300000104,2,205295.88000001042,-216.25
2025-07-07,354600.93000001047,12,205289.68000001047,-688.75
2025-07-08,353940.93000001047,12,205289.68000001047,-1348.75
2025-07-09,356701.65000001056,12,206779.15000001056,-77.5
2025-07-10,357599.1900000106,7,207650.4400000106,-51.25
2025-07-11,357591.0800000106,4,207648.5800000106,-57.5
2025-07-13,357181.0800000106,4,207648.5800000106,-467.5
2025-07-14,358051.0800000106,4,207648.5800000106,402.5
2025-07-15,356315.5300000107,11,208456.78000001068,-2141.25
2025-07-16,357769.9200000107,14,208454.9200000107,-685.0
2025-07-17,360321.87000001076,14,210210.62000001076,111.25
2025-07-18,360243.1500000108,5,210331.9000000108,-88.75
2025-07-20,360349.4000000108,5,210331.9000000108,17.5
2025-07-21,360738.20000001084,5,210955.70000001084,-217.5
2025-07-22,361515.09000001085,8,210953.84000001085,561.25
2025-07-23,362355.7800000109,8,212297.0300000109,58.75
2025-07-24,362570.80000001093,3,212419.55000001093,151.25
2025-07-25,362705.80000001093,3,212419.55000001093,286.25
2025-07-27,363050.80000001093,3,212419.55000001093,631.25
2025-07-28,362750.80000001093,3,212419.55000001093,331.25
2025-07-29,362613.980000011,8,212822.73000001098,-208.75
2025-07-30,364316.56000001106,12,214316.56000001106,0.0
2025-07-31,364316.56000001106,0,214316.56000001106,0.0
2025-08-01,364316.56000001106,0,214316.56000001106,0.0
2025-08-03,364316.56000001106,0,214316.56000001106,0.0
2025-08-04,364603.4500000111,3,214314.70000001107,288.75
2025-08-05,364471.64000001113,10,214681.64000001113,-210.0
2025-08-06,366033.5700000112,10,215927.32000001118,106.25
2025-08-07,365999.8500000112,5,216126.1000000112,-126.25
2025-08-08,367338.65000001126,5,216749.90000001126,588.75
2025-08-10,367332.40000001126,5,216749.90000001126,582.5
2025-08-11,367159.9600000113,7,217368.7100000113,-208.75
2025-08-12,368780.0400000114,7,218736.2900000114,43.75
2025-08-13,369015.6900000114,4,218890.6900000114,125.0
2025-08-14,369380.6900000114,4,218890.6900000114,490.0
2025-08-15,368721.3200000114,5,218890.07000001142,-168.75
2025-08-17,369077.5700000114,5,218890.07000001142,187.5
2025-08-18,368555.7000000114,6,218889.45000001142,-333.75
2025-08-19,366166.36000001145,13,218885.11000001145,-2718.75
2025-08-20,367578.2800000115,22,218879.5300000115,-1301.25
2025-08-21,364470.7800000115,22,218879.5300000115,-4408.75
2025-08-22,371723.4200000116,22,221755.92000001163,-32.5
2025-08-24,371578.4200000116,4,221755.92000001163,-177.5
2025-08-25,370704.06000001164,7,221754.06000001164,-1050.0
2025-08-26,372309.69000001164,8,221753.44000001164,556.25
2025-08-27,372744.7400000117,8,222753.4900000117,-8.75
2025-08-28,373111.6400000117,3,223127.8900000117,-16.25
2025-08-29,372682.30000001175,8,223123.55000001175,-441.25
2025-08-31,372552.30000001175,8,223123.55000001175,-571.25
2025-09-01,372492.30000001175,8,223123.55000001175,-631.25
2025-09-02,371127.93000001175,9,223122.93000001175,-1995.0
2025-09-03,372489.18000001175,9,223122.93000001175,-633.75
2025-09-04,374352.9800000118,9,224249.2300000118,103.75
2025-09-05,373719.30000001186,13,224410.55000001186,-691.25
2025-09-07,374434.30000001186,13,224410.55000001186,23.75
2025-09-08,375409.30000001186,13,224410.55000001186,998.75
2025-09-09,376183.75000001193,13,226033.75000001193,150.0
2025-09-10,376616.91000001197,5,226336.91000001197,280.0
2025-09-11,377291.340000012,5,227210.09000001202,81.25
2025-09-12,377271.340000012,2,227210.09000001202,61.25
2025-09-14,377308.840000012,2,227210.09000001202,98.75
2025-09-15,377646.380000012,2,227468.88000001202,177.5
2025-09-16,377443.880000012,2,227468.88000001202,-25.0
2025-09-17,378520.150000012,6,227466.40000001204,1053.75
2025-09-18,378348.95000001206,6,228386.4500000121,-37.5
2025-09-19,378852.7300000121,4,228885.23000001212,-32.5
2025-09-21,378832.7300000121,2,228885.23000001212,-52.5
2025-09-22,379300.8800000121,3,229257.13000001214,43.75
2025-09-23,378975.91000001214,7,229253.41000001217,-277.5
2025-09-24,378899.06000001216,12,229250.3100000122,-351.25
2025-09-25,376607.8400000122,18,229246.59000001222,-2638.75
2025-09-26,380207.8400000122,18,229246.59000001222,961.25
2025-09-28,381827.8400000122,18,229246.59000001222,2581.25
2025-09-29,382473.5800000123,18,232376.08000001233,97.5
2025-09-30,382652.37000001234,5,232999.87000001236,-347.5
2025-10-01,383569.90000001236,4,233496.1500000124,73.75
2025-10-02,384229.3100000124,6,233621.81000001243,607.5
2025-10-03,384144.37000001245,6,234364.37000001248,-220.0
2025-10-05,384759.37000001245,6,234364.37000001248,395.0
2025-10-06,384991.9100000125,6,235114.41000001252,-122.5
2025-10-07,385066.3200000125,9,235110.07000001255,-43.75
2025-10-08,386240.7500000126,9,236229.5000000126,11.25
2025-10-09,386335.1500000126,7,236226.40000001263,108.75
2025-10-10,378153.9000000126,7,236226.40000001263,-8072.5
2025-10-12,382301.4000000126,7,236226.40000001263,-3925.0
2025-10-13,383185.1700000126,11,236223.92000001264,-3038.75
2025-10-14,385662.70000001264,17,236220.20000001267,-557.5
2025-10-15,388733.4100000127,17,238733.41000001275,0.0
2025-10-16,388733.4100000127,0,238733.41000001275,0.0
2025-10-17,388753.42000001273,2,238732.17000001276,21.25
2025-10-19,388875.92000001273,2,238732.17000001276,143.75
2025-10-20,389222.20000001276,2,239104.7000000128,117.5
2025-10-21,389244.70000001276,2,239104.7000000128,140.0
2025-10-22,389231.6100000128,9,239100.36000001282,131.25
2025-10-23,390459.79000001284,9,240226.04000001287,233.75
2025-10-24,390766.7000000129,3,240907.9500000129,-141.25
2025-10-26,391557.9500000129,3,240907.9500000129,650.0
2025-10-27,391875.4900000129,3,241875.49000001294,0.0
2025-10-28,392084.8800000129,2,241998.63000001296,86.25
2025-10-29,392618.67000001296,5,242618.670000013,0.0
2025-10-30,393523.710000013,8,242613.71000001303,910.0
2025-10-31,393570.6700000131,10,243860.6700000131,-290.0
2025-11-02,393926.9200000131,5,243860.6700000131,66.25
2025-11-03,393216.99000001315,9,244480.74000001317,-1263.75
2025-11-04,390046.38000001316,12,244478.8800000132,-4432.5
2025-11-05,392627.01000001316,13,244478.2600000132,-1851.25
2025-11-06,387174.5500000132,21,244473.30000001323,-7298.75
2025-11-07,388605.22000001324,24,244617.72000001327,-6012.5
2025-11-09,391935.22000001324,18,244617.72000001327,-2682.5
2025-11-10,395023.3900000133,18,246185.8900000133,-1162.5
2025-11-11,396294.6400000133,9,246185.8900000133,108.75
2025-11-12,396587.1400000133,9,246185.8900000133,401.25
2025-11-13,390523.3900000133,9,246185.8900000133,-5662.5
2025-11-14,391952.1500000133,11,246184.65000001332,-4232.5
2025-11-16,393093.4000000133,11,246184.65000001332,-3091.25
2025-11-17,386229.6600000133,13,246183.41000001333,-9953.75
2025-11-18,383852.8000000133,16,246181.55000001335,-12328.75
2025-11-19,393532.8000000133,16,246181.55000001335,-2648.75
2025-11-20,379792.8000000133,16,246181.55000001335,-16388.75
2025-11-21,384262.8100000133,18,246180.31000001336,-11917.5
2025-11-23,385815.3100000133,18,246180.31000001336,-10365.0
2025-11-24,392182.8100000133,18,246180.31000001336,-3997.5
2025-11-25,398554.1600000134,18,248425.41000001345,128.75
2025-11-26,398935.45000001346,2,248922.9500000135,12.5
2025-11-27,398987.95000001346,2,248922.9500000135,65.0
2025-11-28,399249.2200000135,2,249170.4700000135,78.75
2025-11-30,398761.7200000135,2,249170.4700000135,-408.75
2025-12-01,398886.1000000135,3,249169.8500000135,-283.75
2025-12-02,399399.8500000135,3,249169.8500000135,230.0
2025-12-03,399536.1200000135,3,249543.62000001353,-7.5
2025-12-04,400232.3900000135,5,249541.14000001355,691.25
2025-12-05,400251.81000001356,5,250164.3100000136,87.5
2025-12-07,400476.81000001356,4,250164.3100000136,312.5
2025-12-08,400164.9600000136,9,250161.2100000136,3.75
2025-12-09,399714.9600000136,9,250161.2100000136,-446.25
2025-12-10,401241.9300000137,9,251779.4300000137,-537.5
2025-12-11,402726.38000001374,7,252772.63000001377,-46.25
2025-12-12,401068.9400000138,13,252765.19000001383,-1696.25
2025-12-14,402076.4400000138,13,252765.19000001383,-688.75
2025-12-15,398452.8200000138,13,252732.82000001383,-4280.0
2025-12-16,398182.23000001383,20,252728.48000001386,-4546.25
2025-12-17,392203.59000001394,26,252804.84000001397,-10601.25
2025-12-18,398546.770000014,24,253915.52000001402,-5368.75
2025-12-19,402209.910000014,13,253988.66000001403,-1778.75
2025-12-21,402784.910000014,10,253988.66000001403,-1203.75
2025-12-22,403834.910000014,10,253988.66000001403,-153.75
2025-12-23,405234.34000001405,10,255240.59000001408,-6.25
2025-12-24,405365.60000001406,1,255364.3500000141,1.25
2025-12-25,405373.10000001406,1,255364.3500000141,8.75
2025-12-26,405366.23000001407,2,255363.7300000141,2.5
2025-12-28,405368.73000001407,2,255363.7300000141,5.0
2025-12-29,405305.6200000141,5,255361.8700000141,-56.25
2025-12-30,404774.3700000141,5,255361.8700000141,-587.5
2025-12-31,402801.2900000141,14,255356.29000001415,-2555.0
2026-01-01,404796.2900000141,14,255356.29000001415,-560.0
2026-01-02,403273.7900000141,14,255356.29000001415,-2082.5
2026-01-04,404043.7900000141,14,255356.29000001415,-1312.5
2026-01-05,407175.7500000142,14,257095.75000001423,80.0
2026-01-06,407943.31000001426,4,257965.8100000143,-22.5
2026-01-07,407325.2100000143,6,257962.7100000143,-637.5
2026-01-08,407655.2200000143,8,257961.47000001432,-306.25
2026-01-09,409392.1900000144,8,259457.1900000144,-65.0
2026-01-11,408833.4400000144,3,259457.1900000144,-623.75
2026-01-12,409626.5700000144,4,259456.5700000144,170.0
2026-01-13,409261.5700000144,4,259456.5700000144,-195.0
2026-01-14,408647.8400000144,8,259454.09000001443,-806.25
2026-01-15,410958.53000001446,8,260699.7800000145,258.75
2026-01-16,410489.1700000145,8,260697.9200000145,-208.75
2026-01-18,407959.1700000145,8,260697.9200000145,-2738.75
2026-01-19,407469.1700000145,8,260697.9200000145,-3228.75
2026-01-20,405074.8300000145,15,260693.58000001454,-5618.75
2026-01-21,411056.0800000145,15,260693.58000001454,362.5
2026-01-22,413294.3100000146,15,263011.8100000146,282.5
2026-01-23,412586.1900000146,7,263011.1900000146,-425.0
2026-01-25,412367.4400000146,7,263011.1900000146,-643.75
2026-01-26,414029.98000001465,7,263884.98000001465,145.0
2026-01-27,414158.74000001466,1,264008.74000001466,150.0
2026-01-28,414475.6600000147,8,264130.6600000147,345.0
2026-01-29,412348.8000000147,11,264128.8000000147,-1780.0
2026-01-30,412156.3000000147,11,264128.8000000147,-1972.5
2026-02-01,408705.0500000147,11,264128.8000000147,-5423.75
2026-02-02,415483.8000000147,11,264128.8000000147,1355.0
2026-02-03,411937.57000001473,15,264126.32000001473,-2188.75
2026-02-04,408825.07000001473,15,264126.32000001473,-5301.25
2026-02-05,400012.57000001473,15,264126.32000001473,-14113.75
2026-02-06,411993.82000001473,15,264126.32000001473,-2132.5
2026-02-08,412968.82000001473,15,264126.32000001473,-1157.5
2026-02-09,415859.5400000148,15,265994.5400000148,-135.0
2026-02-10,416010.81000001484,8,265992.06000001484,18.75
2026-02-11,417522.79000001494,13,266987.79000001494,535.0
2026-02-12,406816.000000015,25,267007.250000015,-10191.25
2026-02-13,407327.3600000151,27,267253.6100000151,-9926.25
2026-02-15,408812.3600000151,18,267253.6100000151,-8441.25
2026-02-16,405279.8600000151,18,267253.6100000151,-11973.75
2026-02-17,410046.13000001514,20,267317.38000001514,-7271.25
2026-02-18,411983.02000001515,18,267390.52000001515,-5407.5
2026-02-19,411608.02000001515,15,267390.52000001515,-5782.5
2026-02-20,414319.90000001516,15,267414.90000001516,-3095.0
2026-02-22,410539.90000001516,14,267414.90000001516,-6875.0
2026-02-23,410662.40000001516,14,267414.90000001516,-6752.5
2026-02-24,413007.40000001516,14,267414.90000001516,-4407.5
2026-02-25,415879.2900000152,14,267506.7900000152,-1627.5
2026-02-26,413143.0400000152,11,267506.7900000152,-4363.75
2026-02-27,411850.5400000152,11,267506.7900000152,-5656.25
2026-03-01,409416.7900000152,11,267506.7900000152,-8090.0
2026-03-02,409802.4200000152,12,267506.1700000152,-7703.75
2026-03-03,407970.5700000152,17,267503.0700000152,-9532.5
2026-03-04,414260.5700000152,17,267503.0700000152,-3242.5
2026-03-05,412475.5700000152,17,267503.0700000152,-5027.5
2026-03-06,403464.3300000152,19,267501.8300000152,-14037.5
2026-03-08,391114.3300000152,19,267501.8300000152,-26387.5
2026-03-09,406306.34000001533,25,267835.09000001533,-11528.75
2026-03-10,409246.97000001534,12,267859.47000001534,-8612.5
2026-03-11,403251.97000001534,11,267859.47000001534,-14607.5
2026-03-12,402660.72000001534,11,267859.47000001534,-15198.75
2026-03-13,397880.75000001537,17,267855.75000001537,-19975.0
2026-03-15,401939.50000001537,17,267855.75000001537,-15916.25
2026-03-16,402619.67000001535,17,267813.42000001535,-15193.75
2026-03-17,408144.67000001535,17,267813.42000001535,-9668.75
2026-03-18,398652.18000001536,19,267812.18000001536,-19160.0
2026-03-19,397884.69000001537,21,267810.94000001537,-19926.25
2026-03-20,389398.4700000154,24,267882.2200000154,-28483.75
2026-03-22,382704.7200000154,21,267882.2200000154,-35177.5
2026-03-23,393897.26000001543,21,268394.76000001543,-24497.5
2026-03-24,396854.77000001544,14,268427.27000001544,-21572.5
2026-03-25,396318.52000001544,13,268427.27000001544,-22108.75
2026-03-26,390647.27000001544,13,268427.27000001544,-27780.0
2026-03-27,380684.79000001546,14,268474.79000001546,-37790.0
2026-03-29,381416.04000001546,13,268474.79000001546,-37058.75
2026-03-30,383698.5500000155,14,268498.5500000155,-34800.0
2026-03-31,392538.5500000155,13,268498.5500000155,-25960.0
2026-04-01,389759.8000000155,13,268498.5500000155,-28738.75
2026-04-02,394683.5500000155,13,268498.5500000155,-23815.0
2026-04-03,394082.3000000155,13,268498.5500000155,-24416.25
2026-04-05,394634.8000000155,13,268498.5500000155,-23863.75
2026-04-06,395317.3000000155,13,268498.5500000155,-23181.25
2026-04-07,407829.8000000155,13,268498.5500000155,-10668.75
2026-04-08,407653.5600000155,13,269689.8100000155,-12036.25
2026-04-09,410788.5600000155,11,269689.8100000155,-8901.25
2026-04-10,410623.5600000155,11,269689.8100000155,-9066.25
2026-04-12,407227.3100000155,11,269689.8100000155,-12462.5
2026-04-13,413964.8100000155,11,269689.8100000155,-5725.0
2026-04-14,418681.0600000155,11,269689.8100000155,-1008.75
2026-04-15,421158.62000001554,11,271066.12000001554,92.5
2026-04-16,421395.52000001556,4,271188.02000001556,207.5
2026-04-17,422554.3300000156,4,272493.0800000156,61.25
2026-04-19,421654.3300000156,4,272493.0800000156,-838.75
2026-04-20,422956.23000001564,9,272489.98000001564,466.25
2026-04-21,423916.97000001575,14,273605.72000001575,311.25
2026-04-22,425079.5500000158,14,275359.5500000158,-280.0
2026-04-23,426207.1400000159,16,275598.3900000159,608.75
2026-04-24,428243.490000016,16,278159.740000016,83.75
2026-04-26,428315.990000016,2,278159.740000016,156.25
2026-04-27,428541.020000016,3,278532.270000016,8.75
2026-04-28,428679.16000001604,5,278530.41000001604,148.75
2026-04-29,428563.54000001604,6,278529.79000001604,33.75
2026-04-30,430125.5000000161,6,279995.5000000161,130.0
2026-05-01,429531.80000001617,7,280261.80000001617,-730.0
2026-05-03,430188.05000001617,7,280261.80000001617,-73.75
2026-05-04,429601.2000000162,12,280258.7000000162,-657.5
2026-05-05,432260.6700000163,12,281999.4200000163,261.25
2026-05-06,432904.4600000163,3,282850.7100000163,53.75
2026-05-07,432808.26000001637,9,282969.51000001637,-161.25
2026-05-08,434173.9400000164,9,284095.1900000164,78.75
2026-05-10,434083.9400000164,2,284095.1900000164,-11.25
2026-05-11,434229.59000001644,3,284343.34000001644,-113.75
2026-05-12,435837.82000001654,11,285707.82000001654,130.0
2026-05-13,436501.0000000166,5,286452.2500000166,48.75
2026-05-14,436291.68000001664,6,286820.43000001664,-528.75
2026-05-15,433232.3400000167,13,286816.0900000167,-3583.75
2026-05-17,431168.5900000167,13,286816.0900000167,-5647.5
2026-05-18,432858.5900000167,13,286816.0900000167,-3957.5
2026-05-19,429034.2500000167,20,286811.7500000167,-7777.5
2026-05-20,436884.2500000167,20,286811.7500000167,72.5
2026-05-21,439946.8700000168,20,289319.3700000168,627.5
2026-05-22,439657.5700000169,7,290352.5700000169,-695.0
2026-05-24,442177.5700000169,7,290352.5700000169,1825.0
2026-05-25,441635.0700000169,7,290352.5700000169,1282.5
2026-05-26,441643.25000001694,7,291383.25000001694,260.0
2026-05-27,441943.25000001694,4,291383.25000001694,560.0
