dt,equity,qty,realized,unrealized
2019-05-05,150000.0,0,0.0,0.0
2019-05-06,149900.03,4,121.27999999999997,-221.25
2019-05-07,149372.65,18,276.39999999999986,-903.75
2019-05-08,148309.55,12,328.29999999999984,-2018.75
2019-05-09,147913.35,16,367.0999999999998,-2453.75
2019-05-10,149441.55,18,557.7999999999997,-1116.25
2019-05-12,147941.55,10,557.7999999999997,-2616.25
2019-05-13,146235.37,18,689.1199999999997,-4453.75
2019-05-14,147535.4,12,740.3999999999996,-3205.0
2019-05-15,147639.17,12,767.9199999999996,-3128.75
2019-05-16,148930.45,13,817.9499999999996,-1887.5
2019-05-17,148530.48,13,859.2299999999996,-2328.75
2019-05-19,149085.48,12,859.2299999999996,-1773.75
2019-05-20,148301.76,13,900.5099999999995,-2598.75
2019-05-21,148951.15,13,913.6499999999995,-1962.5
2019-05-22,147609.29,14,926.7899999999995,-3317.5
2019-05-23,146258.05,15,940.5499999999995,-4682.5
2019-05-24,146486.18,15,939.9299999999995,-4453.75
2019-05-26,146392.43,15,939.9299999999995,-4547.5
2019-05-27,147011.18,15,939.9299999999995,-3928.75
2019-05-28,143633.1,18,979.3499999999995,-7346.25
2019-05-29,142700.64,19,1014.3899999999994,-8313.75
2019-05-30,141541.28,20,1022.5299999999994,-9481.25
2019-05-31,139526.93,20,1039.4299999999998,-11512.5
2019-06-02,138126.93,20,1039.4299999999998,-12912.5
2019-06-03,139696.37,21,1101.3700000000013,-11405.0
2019-06-04,145249.5,19,1110.7500000000014,-5861.25
2019-06-05,146465.15,18,1218.900000000002,-4753.75
2019-06-06,148051.41,15,1260.1600000000021,-3208.75
2019-06-07,149724.57,13,1315.820000000003,-1591.25
2019-06-09,150054.57,12,1315.820000000003,-1261.25
2019-06-10,150742.72,12,1470.2200000000034,-727.5
2019-06-11,150488.99,11,1585.2400000000039,-1096.25
2019-06-12,150095.89,10,1612.1400000000044,-1516.25
2019-06-13,151076.53,10,1677.7800000000047,-601.25
2019-06-14,150892.81,10,1719.0600000000054,-826.25
2019-06-16,151151.65,9,1696.6500000000053,-545.0
2019-06-17,150875.42,10,1724.1700000000058,-848.75
2019-06-18,152324.80000000002,10,1723.5500000000059,601.25
2019-06-19,153094.18,10,1737.930000000006,1356.25
2019-06-20,153866.14,9,3796.1400000000076,70.0
2019-06-21,153730.54,7,3823.040000000008,-92.5
2019-06-23,154168.04,7,3823.040000000008,345.0
2019-06-24,153612.42,8,3822.4200000000083,-210.0
2019-06-25,152596.86000000002,13,3874.3600000000097,-1277.5
2019-06-26,152956.89,15,3928.1400000000103,-971.25
2019-06-27,153327.54,15,3990.040000000011,-662.5
2019-06-28,154721.94,14,4073.1900000000114,648.75
2019-06-30,155588.19,11,4073.1900000000114,1515.0
2019-07-01,156166.41,11,6113.9100000000135,52.5
2019-07-02,156392.71000000002,8,6182.710000000015,210.0
2019-07-03,156954.62000000002,6,6928.370000000015,26.25
2019-07-04,156973.37000000002,1,6928.370000000015,45.0
2019-07-05,157157.79,7,6967.790000000016,190.0
2019-07-07,157017.79,4,6967.790000000016,50.0
2019-07-08,156675.31000000003,5,6995.310000000017,-320.0
2019-07-09,157072.2,6,7008.450000000017,63.75
2019-07-10,157858.52000000002,5,7656.020000000019,202.5
2019-07-11,157995.42,5,7712.920000000019,282.5
2019-07-12,158069.18000000002,5,7726.680000000019,342.5
2019-07-14,158144.18000000002,4,7726.680000000019,417.5
2019-07-15,158220.46000000002,5,7767.96000000002,452.5
2019-07-16,158004.25000000003,6,7808.000000000021,196.25
2019-07-17,156839.89,9,7806.140000000021,-966.25
2019-07-18,158271.17,12,7847.420000000022,423.75
2019-07-19,156506.84000000003,12,7905.590000000023,-1398.75
2019-07-21,156836.84000000003,12,7905.590000000023,-1068.75
2019-07-22,157726.86000000002,12,7953.110000000023,-226.25
2019-07-23,158474.38000000003,10,8010.630000000024,463.75
2019-07-24,158827.56000000003,8,8798.81000000002,28.75
2019-07-25,158935.74000000002,6,8851.99000000001,83.75
2019-07-26,159069.5,4,8865.75000000001,203.75
2019-07-28,159034.5,4,8865.75000000001,168.75
2019-07-29,159143.89,6,8878.890000000007,265.0
2019-07-30,159039.54,6,8905.790000000003,133.75
2019-07-31,158052.75999999998,12,9016.509999999987,-963.75
2019-08-01,155802.25999999998,18,9181.009999999967,-3378.75
2019-08-02,155102.29999999996,15,9216.049999999961,-4113.75
2019-08-04,152599.79999999996,14,9216.049999999961,-6616.25
2019-08-05,148302.96999999994,16,9250.469999999954,-10947.5
2019-08-06,149915.46999999994,15,9250.469999999954,-9335.0
2019-08-07,152319.87999999995,16,9286.129999999948,-6966.25
2019-08-08,154699.89999999994,15,9303.649999999945,-4603.75
2019-08-09,154479.30999999994,17,9329.30999999994,-4850.0
2019-08-11,154573.05999999994,15,9329.30999999994,-4756.25
2019-08-12,151580.58999999994,16,9355.589999999935,-7775.0
2019-08-13,154743.73999999993,16,9382.48999999993,-4638.75
2019-08-14,149126.88999999993,16,9399.389999999927,-10272.5
2019-08-15,150569.40999999992,16,9416.909999999923,-8847.5
2019-08-16,152311.29999999993,15,9435.049999999921,-7123.75
2019-08-18,153308.79999999993,14,9435.049999999921,-6126.25
2019-08-19,154805.69999999992,15,9451.949999999917,-4646.25
2019-08-20,153326.3599999999,16,9477.609999999911,-6151.25
2019-08-21,154957.6399999999,16,9631.389999999907,-4673.75
2019-08-22,155410.7999999999,16,9657.049999999901,-4246.25
2019-08-23,149570.8599999999,16,9709.609999999891,-10138.75
2019-08-25,148745.8599999999,15,9709.609999999891,-10963.75
2019-08-26,151895.8599999999,15,9709.609999999891,-7813.75
2019-08-27,151414.64999999988,16,9744.649999999885,-8330.0
2019-08-28,151760.9099999999,16,9753.409999999883,-7992.5
2019-08-29,155705.30999999988,15,9906.55999999988,-4201.25
2019-08-30,155066.58999999988,15,9932.839999999875,-4866.25
2019-09-01,154226.58999999988,14,9932.839999999875,-5706.25
2019-09-02,153964.08999999988,14,9932.839999999875,-5968.75
2019-09-03,154445.36999999988,15,9959.11999999987,-5513.75
2019-09-04,158146.62999999986,15,9967.879999999868,-1821.25
2019-09-05,158837.27999999985,14,10057.279999999864,-1220.0
2019-09-06,159096.05999999985,12,10099.80999999986,-1003.75
2019-09-08,159247.30999999985,11,10099.80999999986,-852.5
2019-09-09,158808.58999999985,13,10158.589999999855,-1350.0
2019-09-10,158987.37999999986,13,10213.629999999848,-1226.25
2019-09-11,160861.76999999984,11,10241.769999999846,620.0
2019-09-12,160998.70999999985,10,11046.209999999835,-47.5
2019-09-13,160734.97999999984,8,11073.729999999832,-338.75
2019-09-15,160131.29999999984,7,11056.299999999832,-925.0
2019-09-16,160436.34999999983,10,11110.099999999824,-673.75
2019-09-17,160641.3599999998,10,11123.859999999822,-482.5
2019-09-18,160700.17999999982,14,11190.179999999811,-490.0
2019-09-19,161565.8499999998,13,11259.599999999804,306.25
2019-09-20,160341.4999999998,13,11286.4999999998,-945.0
2019-09-22,161121.4999999998,13,11286.4999999998,-165.0
2019-09-23,161356.5199999998,13,11314.019999999797,42.5
2019-09-24,159764.7099999998,18,11458.459999999786,-1693.75
2019-09-25,160285.35999999978,15,11530.359999999782,-1245.0
2019-09-26,159948.54999999978,14,11612.299999999772,-1663.75
2019-09-27,159854.21999999977,15,11676.719999999765,-1822.5
2019-09-29,160491.71999999977,15,11676.719999999765,-1185.0
2019-09-30,161391.10999999975,15,11706.109999999762,-315.0
2019-10-01,158058.02999999977,18,11765.529999999755,-3707.5
2019-10-02,153139.92999999976,19,11782.429999999751,-8642.5
2019-10-03,154912.44999999975,19,11799.949999999748,-6887.5
2019-10-04,158605.59999999974,18,11859.349999999744,-3253.75
2019-10-06,157611.84999999974,15,11859.349999999744,-4247.5
2019-10-07,158406.26999999973,16,11893.769999999737,-3487.5
2019-10-08,154721.30999999974,18,11928.80999999973,-7207.5
2019-10-09,155705.68999999974,17,11928.18999999973,-6222.5
2019-10-10,158713.21999999974,17,11985.719999999725,-3272.5
2019-10-11,160199.5299999997,15,12233.279999999715,-2033.75
2019-10-13,160703.2799999997,13,12233.279999999715,-1530.0
2019-10-14,160351.41999999972,14,12246.419999999713,-1895.0
2019-10-15,161318.31999999972,14,12342.069999999709,-1023.75
2019-10-16,161455.84999999971,12,12383.349999999704,-927.5
2019-10-17,161714.6199999997,12,12410.8699999997,-696.25
2019-10-18,161470.2699999997,14,12437.769999999697,-967.5
2019-10-20,161845.2699999997,12,12437.769999999697,-592.5
2019-10-21,162737.7899999997,12,12491.539999999693,246.25
2019-10-22,161242.1999999997,13,12517.199999999688,-1275.0
2019-10-23,162444.08999999968,13,12545.339999999685,-101.25
2019-10-24,162465.99999999968,12,12618.49999999968,-152.5
2019-10-25,163267.2599999997,11,12632.259999999678,635.0
2019-10-27,163569.7599999997,11,12632.259999999678,937.5
2019-10-28,163995.44999999966,11,13987.949999999668,7.5
2019-10-29,164009.22999999966,3,14029.229999999663,-20.0
2019-10-30,164281.13999999966,5,14069.889999999657,211.25
2019-10-31,164349.92999999964,7,14109.929999999651,240.0
2019-11-01,164714.96999999965,5,14679.969999999645,35.0
2019-11-03,164749.96999999965,1,14679.969999999645,70.0
2019-11-04,164856.86999999965,4,14803.11999999964,53.75
2019-11-05,164665.62999999963,4,14816.879999999639,-151.25
2019-11-06,164781.90999999963,7,14843.159999999634,-61.25
2019-11-07,164986.92999999964,6,14918.179999999631,68.75
2019-11-08,165386.31999999963,7,14946.319999999629,440.0
2019-11-10,165155.06999999963,5,14946.319999999629,208.75
2019-11-11,165223.2099999996,6,14959.459999999626,263.75
2019-11-12,165295.77999999962,7,15612.029999999615,-316.25
2019-11-13,165657.0699999996,7,15667.069999999609,-10.0
2019-11-14,166149.58999999962,7,15694.589999999605,455.0
2019-11-15,166429.0199999996,6,16417.7699999996,11.25
2019-11-17,166417.7699999996,1,16417.7699999996,0.0
2019-11-18,166560.30999999962,3,16457.80999999961,102.5
2019-11-19,166462.83999999962,4,16511.589999999615,-48.75
2019-11-20,166258.5199999996,9,16549.769999999626,-291.25
2019-11-21,166572.90999999963,9,16562.90999999963,10.0
2019-11-22,166755.42999999964,9,16622.929999999633,132.5
2019-11-24,166965.42999999964,7,16622.929999999633,342.5
2019-11-25,167324.22999999963,7,17299.229999999643,25.0
2019-11-26,167394.23999999964,2,17312.989999999645,81.25
2019-11-27,167353.62999999966,2,17436.129999999648,-82.5
2019-11-28,167353.62999999966,2,17436.129999999648,-82.5
2019-11-29,167315.52999999965,6,17448.029999999653,-132.5
2019-12-01,167553.02999999965,5,17448.029999999653,105.0
2019-12-02,166689.34999999966,12,17499.349999999667,-810.0
2019-12-03,165501.27999999968,15,17552.52999999968,-2051.25
2019-12-04,166678.15999999968,15,17551.90999999968,-873.75
2019-12-05,167468.80999999968,15,17612.559999999685,-143.75
2019-12-06,169035.7699999997,14,19032.019999999702,3.75
2019-12-08,168960.7699999997,3,19032.019999999702,-71.25
2019-12-09,168887.6699999997,6,19043.919999999707,-156.25
2019-12-10,168885.19999999972,8,19085.199999999713,-200.0
2019-12-11,169280.84999999971,7,19127.09999999972,153.75
2019-12-12,169883.39999999973,5,19543.39999999973,340.0
2019-12-13,169945.95999999973,7,19928.45999999974,17.5
2019-12-15,170234.77999999974,7,19911.02999999974,323.75
2019-12-16,170755.44999999975,7,20780.44999999975,-25.0
2019-12-17,170694.20999999976,4,20779.20999999975,-85.0
2019-12-18,170756.08999999976,4,20798.589999999753,-42.5
2019-12-19,170937.97999999975,3,20826.729999999756,111.25
2019-12-20,171057.99999999977,2,21075.49999999976,-17.5
2019-12-22,171095.49999999977,2,21075.49999999976,20.0
2019-12-23,171103.00999999978,2,21091.759999999762,11.25
2019-12-24,171090.50999999978,2,21091.759999999762,-1.25
2019-12-25,171120.50999999978,2,21091.759999999762,28.75
2019-12-26,171249.90999999977,2,21133.659999999767,116.25
2019-12-27,171151.81999999977,5,21269.319999999774,-117.5
2019-12-29,171296.81999999977,4,21269.319999999774,27.5
2019-12-30,170991.22999999978,9,21279.97999999978,-288.75
2019-12-31,171444.38999999978,11,21335.63999999979,108.75
2020-01-01,171594.38999999978,8,21335.63999999979,258.75
2020-01-02,172153.8299999998,8,22252.5799999998,-98.75
2020-01-03,172197.6099999998,3,22278.859999999808,-81.25
2020-01-05,172085.1099999998,3,22278.859999999808,-193.75
2020-01-06,172551.36999999982,4,22292.61999999981,258.75
2020-01-07,172103.2899999998,4,22347.03999999982,-243.75
2020-01-08,172810.21999999983,4,22760.21999999983,50.0
2020-01-09,173052.09999999983,3,22814.59999999983,237.5
2020-01-10,172731.49999999983,5,22826.499999999836,-95.0
2020-01-12,172981.49999999983,5,22826.499999999836,155.0
2020-01-13,173180.28999999983,5,23154.039999999844,26.25
2020-01-14,173192.20999999985,3,23208.459999999854,-16.25
2020-01-15,173392.22999999986,3,23235.979999999858,156.25
2020-01-16,173551.62999999986,2,23499.129999999863,52.5
2020-01-17,173607.89999999988,2,23526.649999999867,81.25
2020-01-19,173621.64999999988,1,23526.649999999867,95.0
2020-01-20,173547.89999999988,1,23526.649999999867,21.25
2020-01-21,173721.02999999985,2,23526.029999999868,195.0
2020-01-22,173466.05999999988,4,23684.809999999874,-218.75
2020-01-23,173887.95999999988,6,23711.70999999988,176.25
2020-01-24,172791.1399999999,12,23766.13999999989,-975.0
2020-01-26,171328.6399999999,10,23766.13999999989,-2437.5
2020-01-27,171102.3999999999,12,23764.899999999892,-2662.5
2020-01-28,172956.1599999999,12,23799.909999999894,-843.75
2020-01-29,170992.4499999999,12,23896.199999999903,-2903.75
2020-01-30,173405.59999999992,14,23938.099999999908,-532.5
2020-01-31,169386.93999999992,18,24046.939999999926,-4660.0
2020-02-02,170755.68999999992,15,24046.939999999926,-3291.25
2020-02-03,171888.22999999992,15,24153.229999999934,-2265.0
2020-02-04,173812.00999999995,13,24607.00999999994,-795.0
2020-02-05,176011.46999999997,11,25820.219999999958,191.25
2020-02-06,175896.46999999997,2,25820.219999999958,76.25
2020-02-07,175732.76999999996,5,25874.019999999968,-141.25
2020-02-09,175792.76999999996,4,25874.019999999968,-81.25
2020-02-10,176539.67999999996,5,26494.679999999975,45.0
2020-02-11,176586.58,3,26521.57999999998,65.0
2020-02-12,176667.24,2,26722.239999999987,-55.0
2020-02-13,177001.65,5,26747.899999999994,253.75
2020-02-14,176940.41,5,26761.659999999996,178.75
2020-02-16,177075.41,4,26761.659999999996,313.75
2020-02-17,176780.41,4,26761.659999999996,18.75
2020-02-18,177070.43,6,26774.18,296.25
2020-02-19,177267.36000000002,6,27356.11000000001,-88.75
2020-02-20,176591.79000000004,9,27394.290000000023,-802.5
2020-02-21,175894.95000000004,12,27419.95000000003,-1525.0
2020-02-23,173516.20000000004,11,27419.95000000003,-3903.75
2020-02-24,171901.24000000005,17,27429.990000000038,-5528.75
2020-02-25,163197.55000000005,18,27502.55000000005,-14305.0
2020-02-26,155713.82000000007,18,27520.070000000054,-21806.25
2020-02-27,154826.35000000006,18,27546.35000000006,-22720.0
2020-03-01,143712.60000000006,17,27546.35000000006,-33833.75
2020-03-03,153280.13000000006,18,27572.630000000067,-24292.5
2020-03-04,158146.38000000006,17,27572.630000000067,-19426.25
2020-03-05,148868.89000000007,18,27581.39000000007,-28712.5
2020-03-06,147565.18000000008,18,27616.430000000077,-30051.25
2020-03-08,135261.43000000008,17,27616.430000000077,-42355.0
2020-03-09,135275.2200000001,17,27651.470000000085,-42376.25
2020-03-10,134743.9700000001,17,27651.470000000085,-42907.5
2020-03-11,118365.25000000009,18,27677.75000000009,-59312.5
2020-03-12,99661.5200000001,17,27695.270000000095,-78033.75
2020-03-13,122246.5400000001,17,27712.7900000001,-55466.25
2020-03-15,113980.2900000001,17,27712.7900000001,-63732.5
2020-03-16,107920.4800000001,18,27687.9800000001,-69767.5
2020-03-17,100916.7400000001,18,27696.740000000103,-76780.0
2020-03-18,91019.2700000001,18,27723.02000000011,-86703.75
2020-03-19,98453.04000000012,17,27740.540000000114,-79287.5
2020-03-20,89474.35000000012,17,27793.100000000126,-88318.75
2020-03-22,83694.35000000012,17,27793.100000000126,-94098.75
2020-03-23,90418.11000000013,17,27801.860000000128,-87383.75
2020-03-24,101170.61000000013,17,27801.860000000128,-76631.25
2020-03-25,105448.77000000014,19,27827.520000000135,-72378.75
2020-03-26,116106.93000000014,18,27863.180000000142,-61756.25
2020-03-27,111021.33000000013,18,27880.080000000147,-66858.75
2020-03-29,110413.83000000013,18,27880.080000000147,-67466.25
2020-03-30,119511.98000000016,18,28038.230000000152,-58526.25
2020-03-31,111943.25000000015,17,28055.750000000156,-66112.5
2020-04-01,107974.53000000017,18,28082.030000000163,-70107.5
2020-04-02,108803.28000000017,17,28082.030000000163,-69278.75
2020-04-03,107877.04000000015,17,28090.790000000165,-70213.75
2020-04-05,115208.29000000015,17,28090.790000000165,-62882.5
2020-04-06,120308.29000000015,17,28090.790000000165,-57782.5
2020-04-07,122017.05000000016,17,28099.550000000167,-56082.5
2020-04-08,129378.31000000017,18,28108.31000000017,-48730.0
2020-04-09,134003.35000000018,18,28143.350000000177,-44140.0
2020-04-12,129944.60000000018,17,28143.350000000177,-48198.75
2020-04-13,134752.13000000018,18,28169.630000000183,-43417.5
2020-04-14,137498.41000000018,18,28195.91000000019,-40697.5
2020-04-15,131765.9400000002,18,28222.190000000195,-46456.25
2020-04-16,141422.2000000002,18,28230.950000000197,-36808.75
2020-04-17,141060.9500000002,17,28230.950000000197,-37170.0
2020-04-19,141252.2000000002,17,28230.950000000197,-36978.75
2020-04-20,133957.8400000002,18,28239.0900000002,-44281.25
2020-04-21,129560.38000000021,19,28274.13000000021,-48713.75
2020-04-22,132921.64000000022,19,28282.89000000021,-45361.25
2020-04-23,131976.64000000022,18,28282.89000000021,-46306.25
2020-04-24,137579.14000000022,18,28282.89000000021,-40703.75
2020-04-26,138929.14000000022,18,28282.89000000021,-39353.75
2020-04-27,140036.6500000002,18,28336.650000000212,-38300.0
2020-04-28,144072.94000000024,19,28552.94000000022,-34480.0
2020-04-29,149133.59000000023,18,28802.340000000226,-29668.75
2020-04-30,140884.86000000022,18,28819.86000000023,-37935.0
2020-05-01,137264.90000000023,18,28854.900000000238,-41590.0
2020-05-03,136308.65000000023,17,28854.900000000238,-42546.25
2020-05-04,139386.17000000025,18,28872.420000000242,-39486.25
2020-05-05,140971.81000000023,19,28880.560000000245,-37908.75
2020-05-06,140231.23000000024,19,28914.980000000254,-38683.75
2020-05-07,145866.29000000027,19,29253.790000000266,-33387.5
2020-05-08,147320.05000000028,18,29262.55000000027,-31942.5
2020-05-10,148297.55000000028,17,29262.55000000027,-30965.0
2020-05-11,144850.71000000028,19,29288.210000000276,-34437.5
2020-05-12,140576.3800000003,19,29336.380000000285,-38760.0
2020-05-13,136692.6700000003,20,29371.420000000293,-42678.75
2020-05-14,140082.6900000003,20,29388.940000000297,-39306.25
2020-05-15,140741.4600000003,20,29406.4600000003,-38665.0
2020-05-17,143068.9600000003,19,29406.4600000003,-36337.5
2020-05-18,148677.1100000003,19,29873.360000000306,-31196.25
2020-05-19,148464.6500000003,19,29908.400000000314,-31443.75
2020-05-20,149849.0500000003,18,30070.30000000032,-30221.25
2020-05-21,147197.83000000034,18,30096.580000000326,-32898.75
2020-05-22,150360.35000000033,18,30114.10000000033,-29753.75
2020-05-24,150849.10000000033,17,30114.10000000033,-29265.0
2020-05-25,154079.10000000033,17,30114.10000000033,-26035.0
2020-05-26,155346.64000000033,18,30149.140000000338,-24802.5
2020-05-27,156936.66000000035,18,30166.660000000342,-23230.0
2020-05-28,156286.05000000034,18,30174.800000000345,-23888.75
2020-05-29,159050.47000000035,19,30219.220000000354,-21168.75
2020-05-31,157265.47000000035,17,30219.220000000354,-22953.75
2020-06-01,157607.38000000035,18,30244.88000000036,-22637.5
2020-06-02,161479.29000000036,18,30310.54000000037,-18831.25
2020-06-03,163676.80000000037,18,30319.30000000037,-16642.5
2020-06-04,164986.22000000038,19,30353.72000000038,-15367.5
2020-06-05,170466.25000000038,18,30658.750000000386,-10192.5
2020-06-07,171146.25000000038,16,30658.750000000386,-9512.5
2020-06-08,173438.78000000038,16,30765.03000000039,-7326.25
2020-06-09,173411.3000000004,13,30782.550000000396,-7371.25
2020-06-10,169411.3400000004,14,30817.590000000404,-11406.25
2020-06-11,162855.14000000042,13,30861.390000000414,-18006.25
2020-06-12,162365.18000000043,13,30896.430000000422,-18531.25
2020-06-14,160085.18000000043,12,30896.430000000422,-20811.25
2020-06-15,167279.06000000043,12,30875.310000000423,-13596.25
2020-06-16,167401.58000000042,12,30892.830000000427,-13491.25
2020-06-17,165983.49000000043,13,30918.490000000435,-14935.0
2020-06-18,167228.52000000043,14,30944.77000000044,-13716.25
2020-06-19,164592.96000000046,13,31144.210000000454,-16551.25
2020-06-21,165882.96000000046,12,31144.210000000454,-15261.25
2020-06-22,167811.72000000047,13,31152.970000000456,-13341.25
2020-06-23,168296.12000000046,13,31169.87000000046,-12873.75
2020-06-24,162813.65000000046,14,31196.150000000467,-18382.5
2020-06-25,165293.68000000046,14,31222.430000000473,-15928.75
2020-06-26,160515.5900000005,15,31248.09000000048,-20732.5
2020-06-28,160603.0900000005,14,31248.09000000048,-20645.0
2020-06-29,164015.61000000048,15,31265.610000000484,-17250.0
2020-06-30,166126.2400000005,14,31274.990000000485,-15148.75
2020-07-01,167507.4900000005,13,31274.990000000485,-13767.5
2020-07-02,168866.2800000005,14,31367.530000000494,-12501.25
2020-07-03,168183.7800000005,13,31367.530000000494,-13183.75
2020-07-05,171466.2800000005,13,31367.530000000494,-9901.25
2020-07-06,171445.6700000005,13,31516.920000000497,-10071.25
2020-07-07,170072.6000000005,14,31560.100000000508,-11487.5
2020-07-08,171425.75000000052,13,31587.000000000513,-10161.25
2020-07-09,169738.31000000052,13,31639.560000000525,-11901.25
2020-07-10,172393.31000000052,12,31639.560000000525,-9246.25
2020-07-12,173143.31000000052,12,31639.560000000525,-8496.25
2020-07-13,170944.63000000053,16,31715.88000000054,-10771.25
2020-07-14,174410.32000000056,18,31902.820000000553,-7492.5
2020-07-15,174245.34000000055,12,31930.340000000557,-7685.0
2020-07-16,174271.00000000055,12,31971.000000000564,-7700.0
2020-07-17,174931.65000000058,12,32094.15000000057,-7162.5
2020-07-19,174450.40000000058,11,32094.15000000057,-7643.75
2020-07-20,176939.16000000056,12,32107.91000000057,-5168.75
2020-07-21,177710.4500000006,14,32147.95000000058,-4437.5
2020-07-22,177942.99000000057,13,32217.990000000587,-4275.0
2020-07-23,174939.2800000006,13,32258.030000000595,-7318.75
2020-07-24,174108.0400000006,14,32271.790000000598,-8163.75
2020-07-26,175196.7900000006,13,32271.790000000598,-7075.0
2020-07-27,176150.5600000006,14,32299.3100000006,-6148.75
2020-07-28,174553.10000000062,16,32339.35000000061,-7786.25
2020-07-29,177072.5000000006,15,32396.250000000615,-5323.75
2020-07-30,177743.7800000006,14,32437.53000000062,-4693.75
2020-07-31,178369.42000000062,13,32465.670000000624,-4096.25
2020-08-02,177943.17000000062,11,32465.670000000624,-4522.5
2020-08-03,179281.31000000064,13,32478.810000000627,-3197.5
2020-08-04,180198.21000000063,12,32520.710000000632,-2322.5
2020-08-05,181036.98000000062,12,32548.230000000636,-1511.25
2020-08-06,181600.75000000064,12,32575.75000000064,-975.0
2020-08-07,182769.51000000065,12,32589.510000000642,180.0
2020-08-09,182920.76000000065,11,32589.510000000642,331.25
2020-08-10,183538.90000000063,11,32617.650000000645,921.25
2020-08-11,182798.43000000058,15,33883.43000000058,-1085.0
2020-08-12,185434.78000000052,15,35477.28000000053,-42.5
2020-08-13,185639.8200000005,6,35517.32000000051,122.5
2020-08-14,185420.4700000005,7,35544.220000000496,-123.75
2020-08-16,185652.9700000005,6,35544.220000000496,108.75
2020-08-17,185896.7300000005,6,35610.48000000049,286.25
2020-08-18,186197.38000000047,6,35637.38000000048,560.0
2020-08-19,184948.71000000043,10,36158.710000000436,-1210.0
2020-08-20,186606.23000000042,10,36186.230000000425,420.0
2020-08-21,186730.0000000004,10,36228.750000000415,501.25
2020-08-23,187071.2500000004,7,36228.750000000415,842.5
2020-08-24,188152.57000000039,7,37757.57000000038,395.0
2020-08-25,188146.35000000036,4,38145.10000000036,1.25
2020-08-26,188374.50000000035,3,38282.00000000035,92.5
2020-08-27,189087.04000000033,5,38542.04000000033,545.0
2020-08-28,189075.2100000003,5,39066.460000000305,8.75
2020-08-30,189157.7100000003,1,39066.460000000305,91.25
2020-08-31,189177.15000000026,5,39133.40000000027,43.75
2020-09-01,189607.82000000024,4,39555.32000000025,52.5
2020-09-02,190225.39000000022,5,40202.89000000021,22.5
2020-09-03,184763.0900000001,18,40383.090000000106,-5620.0
2020-09-04,183562.5000000001,15,40463.75000000009,-6901.25
2020-09-06,183517.5000000001,12,40463.75000000009,-6946.25
2020-09-07,184342.5000000001,12,40463.75000000009,-6121.25
2020-09-08,179085.06000000006,14,40516.310000000056,-11431.25
2020-09-09,182108.82000000007,13,40525.07000000005,-8416.25
2020-09-10,180268.25000000003,13,40568.25000000002,-10300.0
2020-09-11,179011.38,13,40577.63000000002,-11566.25
2020-09-13,181201.50000000003,12,40547.75000000002,-9346.25
2020-09-14,182065.26,13,40556.51000000002,-8491.25
2020-09-15,183513.41,14,40573.41,-7060.0
2020-09-16,179805.95999999996,13,40623.45999999998,-10817.5
2020-09-17,179774.72999999998,14,40640.97999999997,-10866.25
2020-09-18,178085.99999999994,14,40658.499999999956,-12572.5
2020-09-20,177533.49999999994,13,40658.499999999956,-13125.0
2020-09-21,175178.51999999996,14,40676.019999999946,-15497.5
2020-09-22,176893.52999999994,14,40684.77999999994,-13791.25
2020-09-23,172421.68999999992,15,40710.43999999992,-18288.75
2020-09-24,173868.61999999988,15,40763.61999999989,-16895.0
2020-09-25,176127.36999999988,13,40763.61999999989,-14636.25
2020-09-27,177086.11999999988,13,40763.61999999989,-13677.5
2020-09-28,180638.64999999988,14,40789.89999999988,-10151.25
2020-09-29,178122.43999999986,14,40824.93999999986,-12702.5
2020-09-30,181544.96999999986,14,40851.21999999984,-9306.25
2020-10-01,181206.25999999983,14,40886.25999999982,-9680.0
2020-10-02,180158.76999999981,14,40895.019999999815,-10736.25
2020-10-04,180955.01999999981,13,40895.019999999815,-9940.0
2020-10-05,183401.2799999998,14,40903.77999999981,-7502.5
2020-10-06,180619.47999999978,15,40964.47999999977,-10345.0
2020-10-07,184825.74999999977,14,40991.99999999976,-6166.25
2020-10-08,187219.50999999975,13,41000.759999999755,-3781.25
2020-10-09,188430.78999999975,13,41027.03999999974,-2596.25
2020-10-11,188475.78999999975,12,41027.03999999974,-2551.25
2020-10-12,190563.30999999974,12,41198.30999999973,-635.0
2020-10-13,190450.2199999997,12,41238.96999999971,-788.75
2020-10-14,187625.87999999968,13,41279.62999999969,-3653.75
2020-10-15,188407.7599999997,13,41279.00999999969,-2871.25
2020-10-16,187476.55999999965,17,41347.80999999966,-3871.25
2020-10-18,189176.55999999965,17,41347.80999999966,-2171.25
2020-10-19,186712.87999999963,17,41622.879999999626,-4910.0
2020-10-20,188029.7899999996,17,41663.53999999961,-3633.75
2020-10-21,184211.0699999996,17,41704.81999999959,-7493.75
2020-10-22,187517.36999999956,18,41848.619999999566,-4331.25
2020-10-23,187594.26999999955,12,41903.01999999955,-4308.75
2020-10-25,186508.01999999955,11,41903.01999999955,-5395.0
2020-10-26,184504.95999999953,18,42004.95999999952,-7500.0
2020-10-27,182229.97999999952,15,42022.47999999951,-9792.5
2020-10-28,177566.25999999949,15,42048.75999999949,-14482.5
2020-10-29,175875.67999999947,15,42083.17999999947,-16207.5
2020-10-30,176229.46999999945,17,42118.21999999945,-15888.75
2020-11-01,175535.71999999945,15,42118.21999999945,-16582.5
2020-11-02,178700.10999999943,15,42150.10999999944,-13450.0
2020-11-03,184471.99999999942,15,42158.24999999943,-7686.25
2020-11-04,188953.32999999938,15,42615.82999999939,-3662.5
2020-11-05,189737.08999999939,12,42629.589999999385,-2892.5
2020-11-06,191510.86999999936,12,42670.86999999937,-1160.0
2020-11-08,194343.36999999936,11,42670.86999999937,1672.5
2020-11-09,193353.5199999993,13,48701.01999999929,-5347.5
2020-11-10,195552.31999999925,18,48819.819999999265,-3267.5
2020-11-11,195347.97999999925,14,48927.97999999925,-3580.0
2020-11-12,195025.53999999922,13,49010.539999999215,-3985.0
2020-11-13,197908.0599999992,13,49053.059999999205,-1145.0
2020-11-15,199333.0599999992,10,49053.059999999205,280.0
2020-11-16,199288.0999999992,12,49108.09999999918,180.0
2020-11-17,198847.49999999919,12,49134.99999999917,-287.5
2020-11-18,196521.92999999915,15,49188.17999999914,-2666.25
2020-11-19,196741.31999999913,15,49216.319999999134,-2475.0
2020-11-20,195949.4999999991,15,49284.499999999105,-3335.0
2020-11-22,196806.9999999991,14,49284.499999999105,-2477.5
2020-11-23,199424.5299999991,14,49465.77999999909,-41.25
2020-11-24,200941.48999999906,12,50755.239999999045,186.25
2020-11-25,200894.66999999902,6,50823.419999999016,71.25
2020-11-26,200769.66999999902,4,50823.419999999016,-53.75
2020-11-27,201042.809999999,6,50836.55999999901,206.25
2020-11-29,200605.309999999,5,50836.55999999901,-231.25
2020-11-30,202417.86999999898,9,50889.11999999898,1528.75
2020-12-01,202403.56999999893,9,52558.56999999894,-155.0
2020-12-02,202706.09999999893,6,52599.84999999892,106.25
2020-12-03,203134.3099999989,7,53024.30999999888,110.0
2020-12-04,203791.23999999886,7,53803.73999999885,-12.5
2020-12-06,203783.73999999886,2,53803.73999999885,-20.0
2020-12-07,203748.79999999882,6,53871.29999999882,-122.5
2020-12-08,204415.6899999988,5,53884.43999999881,531.25
2020-12-09,203725.78999999876,11,54012.03999999876,-286.25
2020-12-10,203450.82999999874,13,54052.079999998736,-601.25
2020-12-11,203367.79999999868,18,54260.299999998686,-892.5
2020-12-13,204342.89999999868,10,54235.399999998685,107.5
2020-12-14,202864.80999999866,11,54276.059999998666,-1411.25
2020-12-15,205153.57999999865,11,54407.329999998656,746.25
2020-12-16,205846.1799999986,9,55568.6799999986,277.5
2020-12-17,206085.62999999855,5,56189.379999998564,-103.75
2020-12-18,207176.96999999852,12,56268.21999999852,908.75
2020-12-20,206426.96999999852,10,56268.21999999852,158.75
2020-12-21,205872.6299999985,15,56278.8799999985,-406.25
2020-12-22,205644.52999999849,16,56305.779999998485,-661.25
2020-12-23,206781.44999999847,18,57325.19999999846,-543.75
2020-12-24,207020.22999999844,13,57433.979999998446,-413.75
2020-12-27,208111.47999999844,9,57433.979999998446,677.5
2020-12-28,208700.9099999984,9,58562.15999999842,138.75
2020-12-29,208867.19999999838,5,58665.9499999984,201.25
2020-12-30,208695.9699999984,5,58693.469999998386,2.5
2020-12-31,209139.14999999836,5,59124.14999999836,15.0
2021-01-03,209136.64999999836,1,59124.14999999836,12.5
2021-01-04,208025.5099999983,16,59170.5099999983,-1145.0
2021-01-05,210084.97999999824,15,60704.97999999825,-620.0
2021-01-06,211571.99999999817,8,61433.249999998174,138.75
2021-01-07,212460.78999999815,7,62310.78999999815,150.0
2021-01-08,213495.90999999808,9,63487.15999999809,8.75
2021-01-10,213352.15999999808,1,63487.15999999809,-135.0
2021-01-11,213427.20999999807,4,63540.959999998064,-113.75
2021-01-12,213790.36999999805,6,63581.619999998045,208.75
2021-01-13,214070.40999999802,5,63636.659999998024,433.75
2021-01-14,213049.819999998,8,63662.319999998006,-612.5
2021-01-15,211745.49999999796,12,63700.49999999798,-1955.0
2021-01-17,212225.49999999796,12,63700.49999999798,-1475.0
2021-01-18,214340.49999999796,12,63700.49999999798,640.0
2021-01-19,214561.77999999796,12,64016.77999999796,545.0
2021-01-20,215935.60999999795,10,65766.85999999796,168.75
2021-01-21,215795.659999998,3,65851.90999999801,-56.25
2021-01-22,215795.68999999802,4,65878.18999999804,-82.5
2021-01-24,216175.68999999802,4,65878.18999999804,297.5
2021-01-25,216477.66999999812,8,66595.16999999814,-117.5
2021-01-26,216497.70999999816,4,66635.20999999817,-137.5
2021-01-27,213540.3699999983,15,66765.36999999832,-3225.0
2021-01-28,215219.30999999848,15,68820.5599999985,-3601.25
2021-01-29,211923.14999999857,19,68919.39999999858,-6996.25
2021-01-31,214175.64999999857,17,68919.39999999858,-4743.75
2021-02-01,218523.8199999986,17,69270.06999999862,-746.25
2021-02-02,220779.5499999987,12,70637.04999999872,142.5
2021-02-03,220428.97999999876,9,70675.22999999877,-246.25
2021-02-04,221603.41999999882,8,71590.91999999883,12.5
2021-02-05,221689.67999999883,2,71604.67999999884,85.0
2021-02-07,221752.17999999883,1,71604.67999999884,147.5
2021-02-08,221899.07999999885,3,71756.57999999887,142.5
2021-02-09,222133.4999999989,3,71810.99999999891,322.5
2021-02-10,222198.599999999,8,72263.599999999,-65.0
2021-02-11,222108.62999999902,8,72304.87999999903,-196.25
2021-02-12,223199.92999999906,8,73193.67999999908,6.25
2021-02-14,223253.67999999906,1,73193.67999999908,60.0
2021-02-15,223312.42999999906,1,73193.67999999908,118.75
2021-02-16,223197.50999999914,6,73273.75999999915,-76.25
2021-02-17,223289.42999999918,9,73313.17999999919,-23.75
2021-02-18,222472.60999999923,13,73351.35999999924,-878.75
2021-02-19,222654.51999999926,14,73437.01999999928,-782.5
2021-02-21,222444.51999999926,14,73437.01999999928,-992.5
2021-02-22,222512.6799999993,18,73473.92999999931,-961.25
2021-02-23,220963.97999999934,18,73577.72999999936,-2613.75
2021-02-24,224287.76999999938,13,73672.7699999994,615.0
2021-02-25,217845.4099999995,18,73850.40999999952,-6005.0
2021-02-26,217512.32999999955,16,73909.82999999957,-6397.5
2021-02-28,219612.32999999955,14,73909.82999999957,-4297.5
2021-03-01,222557.98999999958,14,74010.4899999996,-1452.5
2021-03-02,222641.80999999965,13,74091.80999999966,-1450.0
2021-03-03,216260.6199999997,17,74144.36999999972,-7883.75
2021-03-04,213899.44999999978,18,74279.4499999998,-10380.0
2021-03-05,220160.7199999998,15,74356.96999999981,-4196.25
2021-03-07,219364.4699999998,13,74356.96999999981,-4992.5
2021-03-08,221132.00999999983,13,74437.00999999985,-3305.0
2021-03-09,222082.65999999986,12,74463.90999999987,-2381.25
2021-03-10,224598.3199999999,12,74725.8199999999,-127.5
2021-03-11,225952.75999999995,9,75850.25999999997,102.5
2021-03-12,226259.68,7,75904.68000000001,355.0
2021-03-14,226384.73,5,75892.23000000001,492.5
2021-03-15,226731.67000000007,6,76559.17000000007,172.5
2021-03-16,226484.88000000015,9,76858.63000000015,-373.75
2021-03-17,227659.3100000002,12,76911.8100000002,747.5
2021-03-18,224639.37000000026,17,76949.37000000026,-2310.0
2021-03-19,223952.57000000033,18,77075.07000000033,-3122.5
2021-03-21,224008.82000000033,15,77075.07000000033,-3066.25
2021-03-22,225799.47000000035,15,77141.97000000035,-1342.5
2021-03-23,224671.42000000042,17,77207.67000000042,-2536.25
2021-03-24,223819.57000000044,18,77254.57000000044,-3435.0
2021-03-25,225505.2500000005,19,77422.7500000005,-1917.5
2021-03-26,228255.29000000053,12,77477.79000000053,777.5
2021-03-28,227375.29000000053,11,77477.79000000053,-102.5
2021-03-29,228392.81000000055,13,77505.31000000055,887.5
2021-03-30,227622.8500000006,13,77560.35000000059,62.5
2021-03-31,228844.8300000007,11,78959.83000000069,-115.0
2021-04-01,229645.49000000072,6,79541.74000000072,103.75
2021-04-02,229699.24000000072,1,79541.74000000072,157.5
2021-04-04,229702.99000000072,1,79541.74000000072,161.25
2021-04-05,229858.02000000075,2,79889.27000000075,-31.25
2021-04-06,229932.4500000008,4,79942.4500000008,-10.0
2021-04-07,230311.86000000083,5,79998.11000000083,313.75
2021-04-08,230359.40000000087,3,80329.40000000087,30.0
2021-04-09,230463.1700000009,2,80466.92000000089,-3.75
2021-04-11,230434.4200000009,1,80466.92000000089,-32.5
2021-04-12,230573.8200000009,3,80493.82000000091,80.0
2021-04-13,230699.47000000093,3,80740.72000000093,-41.25
2021-04-14,230570.14000000097,7,80780.14000000097,-210.0
2021-04-15,231463.32000000103,6,81450.82000000103,12.5
2021-04-16,231560.85000000105,5,81572.10000000105,-11.25
2021-04-18,231504.60000000105,5,81572.10000000105,-67.5
2021-04-19,231730.30000000112,13,81622.80000000112,107.5
2021-04-20,228693.5000000012,19,81688.5000000012,-2995.0
2021-04-21,231600.43000000124,18,81856.68000000124,-256.25
2021-04-22,230654.8600000013,12,81924.8600000013,-1270.0
2021-04-23,232895.56000000137,11,83080.56000000137,-185.0
2021-04-25,233065.56000000137,4,83080.56000000137,-15.0
2021-04-26,233216.20000000138,4,83114.95000000138,101.25
2021-04-27,233300.00000000143,4,83183.75000000143,116.25
2021-04-28,233566.28000000145,4,83225.03000000145,341.25
2021-04-29,233745.75000000154,12,83723.25000000154,22.5
2021-04-30,233200.16000000158,11,83763.91000000158,-563.75
2021-05-02,233626.41000000158,11,83763.91000000158,-137.5
2021-05-03,232885.8100000016,12,83864.5600000016,-978.75
2021-05-04,232767.13000000166,18,83945.88000000166,-1178.75
2021-05-05,232100.9200000017,14,84122.1700000017,-2021.25
2021-05-06,234710.99000000177,14,84233.49000000177,477.5
2021-05-07,235567.93000000183,10,85492.93000000183,75.0
2021-05-09,235600.43000000183,1,85492.93000000183,107.5
2021-05-10,233089.30000000194,13,85568.05000000194,-2478.75
2021-05-11,230355.620000002,18,85694.370000002,-5338.75
2021-05-12,227359.40000000203,14,85720.65000000203,-8361.25
2021-05-13,230820.65000000203,13,85720.65000000203,-4900.0
2021-05-14,233981.91000000204,13,85729.41000000204,-1747.5
2021-05-16,232958.16000000204,13,85729.41000000204,-2771.25
2021-05-17,233740.70000000208,14,85764.45000000208,-2023.75
2021-05-18,229604.49000000212,16,85789.49000000212,-6185.0
2021-05-19,229518.27000000214,16,85815.77000000214,-6297.5
2021-05-20,233150.19000000219,15,85860.19000000219,-2710.0
2021-05-21,233340.23000000222,14,85987.73000000222,-2647.5
2021-05-23,233670.23000000222,12,85987.73000000222,-2317.5
2021-05-24,235930.25000000224,12,86030.25000000224,-100.0
2021-05-25,235847.1800000023,10,86134.68000000229,-287.5
2021-05-26,235483.46000000232,10,86175.96000000232,-692.5
2021-05-27,236639.14000000237,10,86282.89000000237,356.25
2021-05-28,236186.6600000024,10,86295.41000000239,-108.75
2021-05-30,236361.6600000024,10,86295.41000000239,66.25
2021-05-31,236099.1600000024,10,86295.41000000239,-196.25
2021-06-01,237069.88000000248,10,87452.38000000248,-382.5
2021-06-02,237437.4000000025,8,87479.9000000025,-42.5
2021-06-03,237131.83000000255,12,87533.08000000255,-401.25
2021-06-04,238636.8900000026,10,88626.8900000026,10.0
2021-06-06,238589.3900000026,2,88626.8900000026,-37.5
2021-06-07,238756.94000000265,6,88680.69000000265,76.25
2021-06-08,238897.6100000027,6,88751.36000000269,146.25
2021-06-09,238888.26000000272,6,88798.26000000272,90.0
2021-06-10,239590.8500000028,6,89394.6000000028,196.25
2021-06-11,239750.25000000282,6,89454.00000000282,296.25
2021-06-13,239856.55000000284,5,89441.55000000283,415.0
2021-06-14,240170.31000000285,6,89455.31000000284,715.0
2021-06-15,239810.33000000287,6,89482.83000000285,327.5
2021-06-16,238552.2400000029,10,89493.49000000289,-941.25
2021-06-17,239736.01000000292,13,89506.0100000029,230.0
2021-06-18,234629.82000000298,18,89568.57000000296,-4938.75
2021-06-20,233829.82000000298,16,89568.57000000296,-5738.75
2021-06-21,240011.75000000303,16,89754.25000000301,257.5
2021-06-22,241016.8400000031,12,90933.0900000031,83.75
2021-06-23,241098.75000000314,4,90973.75000000313,125.0
2021-06-24,241502.52000000316,4,91073.77000000315,428.75
2021-06-25,241646.9500000032,4,91535.7000000032,111.25
2021-06-27,241628.2000000032,3,91535.7000000032,92.5
2021-06-28,241673.85000000324,3,91588.85000000322,85.0
2021-06-29,241918.27000000328,6,91848.27000000326,70.0
2021-06-30,242107.6600000033,5,91876.41000000328,231.25
2021-07-01,242415.83000000333,5,92402.08000000332,13.75
2021-07-02,242560.85000000335,2,92539.60000000334,21.25
2021-07-04,242550.85000000335,1,92539.60000000334,11.25
2021-07-05,242578.35000000335,1,92539.60000000334,38.75
2021-07-06,242921.55000000342,9,92605.30000000341,316.25
2021-07-07,243364.7500000035,6,93271.00000000348,93.75
2021-07-08,242567.30000000354,8,93324.80000000352,-757.5
2021-07-09,244182.97000000358,7,94086.72000000357,96.25
2021-07-11,244082.97000000358,2,94086.72000000357,-3.75
2021-07-12,244259.8700000036,2,94238.62000000359,21.25
2021-07-13,244015.54000000365,6,94263.04000000363,-247.5
2021-07-14,244427.4600000037,8,94399.96000000367,27.5
2021-07-15,244141.91000000376,15,94450.66000000374,-308.75
2021-07-16,241821.9600000038,18,94514.46000000379,-2692.5
2021-07-18,240701.9600000038,16,94514.46000000379,-3812.5
2021-07-19,237077.65000000386,18,94566.40000000385,-7488.75
2021-07-20,241462.67000000388,17,94583.92000000387,-3121.25
2021-07-21,244433.96000000392,17,94746.4600000039,-312.5
2021-07-22,245396.49000000395,13,94787.74000000393,608.75
2021-07-23,246167.810000004,11,96099.060000004,68.75
2021-07-25,246120.310000004,1,96099.060000004,21.25
2021-07-26,246239.72000000405,3,96249.72000000403,-10.0
2021-07-27,246418.56000000413,11,96357.31000000412,61.25
2021-07-28,246247.95000000414,11,96370.45000000413,-122.5
2021-07-29,246984.9000000042,11,97656.1500000042,-671.25
2021-07-30,247401.81000000425,7,97696.81000000423,-295.0
2021-08-01,247808.06000000425,5,97696.81000000423,111.25
2021-08-02,247394.97000000428,7,97737.47000000426,-342.5
2021-08-03,248491.29000000434,8,98523.79000000433,-32.5
2021-08-04,248523.83000000438,6,98548.83000000437,-25.0
2021-08-05,248966.3400000044,6,98606.34000000438,360.0
2021-08-06,249139.51000000443,4,99115.76000000442,23.75
2021-08-08,248993.26000000443,3,99115.76000000442,-122.5
2021-08-09,248982.66000000446,5,99142.66000000444,-160.0
2021-08-10,249203.9600000045,4,99211.46000000449,-7.5
2021-08-11,249543.36000000453,4,99297.11000000451,246.25
2021-08-12,249699.64000000455,4,99685.89000000454,13.75
2021-08-13,249743.40000000456,2,99699.65000000455,43.75
2021-08-15,249700.90000000456,1,99699.65000000455,1.25
2021-08-16,250350.99000000465,8,100373.49000000463,-22.5
2021-08-17,250924.20000000473,8,100437.95000000471,486.25
2021-08-18,248441.7700000048,14,100489.27000000478,-2047.5
2021-08-19,249040.57000000484,16,100558.07000000482,-1517.5
2021-08-20,251911.84000000486,14,100585.59000000484,1326.25
2021-08-22,252979.34000000486,14,100585.59000000484,2393.75
2021-08-23,253266.32000000495,14,103246.32000000494,20.0
2021-08-24,253192.58000000496,3,103260.08000000495,-67.5
2021-08-25,253331.97000000498,3,103288.22000000496,43.75
2021-08-26,253301.44000000507,10,103366.44000000505,-65.0
2021-08-27,254367.75000000512,9,104267.75000000511,100.0
2021-08-29,254390.25000000512,3,104267.75000000511,122.5
2021-08-30,254617.78000000515,3,104559.03000000514,58.75
2021-08-31,254820.3200000052,7,104599.07000000517,221.25
2021-09-01,254501.5900000052,5,104629.09000000519,-127.5
2021-09-02,255098.49000000523,5,104708.49000000521,390.0
2021-09-03,254937.27000000526,5,104749.77000000524,187.5
2021-09-05,254927.27000000526,4,104749.77000000524,177.5
2021-09-06,255042.27000000526,4,104749.77000000524,292.5
2021-09-07,254597.30000000529,7,104776.05000000527,-178.75
2021-09-08,254059.23000000534,10,104829.23000000532,-770.0
2021-09-09,254150.52000000537,13,104854.27000000536,-703.75
2021-09-10,251525.60000000545,19,105005.60000000543,-3480.0
2021-09-12,251858.29000000545,19,104958.29000000544,-3100.0
2021-09-13,253546.49000000552,19,105498.9900000055,-1952.5
2021-09-14,251862.77000000555,13,105525.27000000553,-3662.5
2021-09-15,253527.77000000555,12,105525.27000000553,-1997.5
2021-09-16,253340.3300000056,14,105577.83000000559,-2237.5
2021-09-17,250056.65000000567,13,105639.15000000565,-5582.5
2021-09-19,248856.65000000567,12,105639.15000000565,-6782.5
2021-09-20,247952.9300000057,13,105665.43000000568,-7712.5
2021-09-21,246326.6900000057,12,105674.19000000569,-9347.5
2021-09-22,249254.21000000573,13,105691.71000000571,-6437.5
2021-09-23,252026.10000000574,13,105699.85000000572,-3673.75
2021-09-24,252391.73000000574,13,105709.23000000573,-3317.5
2021-09-26,253321.73000000574,12,105709.23000000573,-2387.5
2021-09-27,251502.37000000576,13,105717.37000000574,-4215.0
2021-09-28,246994.9300000058,16,105759.9300000058,-8765.0
2021-09-29,247615.57000000583,17,105768.07000000581,-8152.5
2021-09-30,239823.11000000587,16,105826.86000000585,-16003.75
2021-10-01,246020.0100000059,16,105891.26000000587,-9871.25
2021-10-03,244463.7600000059,15,105891.26000000587,-11427.5
2021-10-04,242107.56000000593,16,105935.06000000592,-13827.5
2021-10-05,243425.70000000595,16,105943.20000000593,-12517.5
2021-10-06,247956.33000000595,16,105952.58000000594,-7996.25
2021-10-07,249232.640000006,15,106015.140000006,-6782.5
2021-10-08,248518.91000000603,14,106032.66000000601,-7513.75
2021-10-10,247982.66000000603,13,106032.66000000601,-8050.0
2021-10-11,244687.69000000606,15,106048.94000000604,-11361.25
2021-10-12,245182.72000000608,16,106075.22000000607,-10892.5
2021-10-13,247797.7300000061,16,106083.98000000608,-8286.25
2021-10-14,252854.0000000061,15,106289.0000000061,-3435.0
2021-10-15,254215.88000000612,13,106378.3800000061,-2162.5
2021-10-17,253900.88000000612,12,106378.3800000061,-2477.5
2021-10-18,254959.64000000613,13,106387.14000000611,-1427.5
2021-10-19,256734.67000000615,12,106560.92000000614,173.75
2021-10-20,257362.25000000623,8,107378.50000000621,-16.25
2021-10-21,257559.77000000625,3,107406.02000000623,153.75
2021-10-22,257585.4600000063,8,107694.2100000063,-108.75
2021-10-24,257822.9600000063,5,107694.2100000063,128.75
2021-10-25,258469.90000000637,6,108359.90000000635,110.0
2021-10-26,258321.2000000064,8,108603.7000000064,-282.5
2021-10-27,257869.38000000647,11,108656.88000000645,-787.5
2021-10-28,259075.02000000648,11,108685.02000000647,390.0
2021-10-29,260156.96000000654,10,109929.46000000653,227.5
2021-10-31,260216.96000000654,3,109929.46000000653,287.5
2021-11-01,260100.74000000657,5,109970.74000000655,130.0
2021-11-02,260388.2700000066,3,110359.52000000658,28.75
2021-11-03,260568.30000000662,2,110510.80000000661,57.5
2021-11-04,260772.71000000666,3,110661.46000000664,111.25
2021-11-05,261012.1300000067,5,111042.13000000668,-30.0
2021-11-07,260922.1300000067,3,111042.13000000668,-120.0
2021-11-08,260924.03000000672,4,111069.0300000067,-145.0
2021-11-09,260460.97000000678,8,111147.22000000677,-686.25
2021-11-10,259363.57000000688,18,111244.82000000686,-1881.25
2021-11-11,259941.7200000069,15,111356.72000000688,-1415.0
2021-11-12,261694.2300000069,12,111395.4800000069,298.75
2021-11-14,261656.7300000069,10,111395.4800000069,261.25
2021-11-15,261668.64000000694,10,111451.14000000693,217.5
2021-11-16,262535.580000007,9,112586.83000000699,-51.25
2021-11-17,262590.62000000704,6,112626.87000000702,-36.25
2021-11-18,263540.0300000071,7,112667.53000000706,872.5
2021-11-19,263226.99000000715,7,113330.74000000714,-103.75
2021-11-21,263504.49000000715,6,113330.74000000714,173.75
2021-11-22,263071.46000000724,8,113985.21000000722,-913.75
2021-11-23,263327.1300000073,11,114024.63000000727,-697.5
2021-11-24,265026.5400000073,12,114080.2900000073,946.25
2021-11-25,262382.7900000073,9,114080.2900000073,-1697.5
2021-11-26,258250.3800000074,18,114214.13000000738,-5963.75
2021-11-28,261646.6300000074,13,114214.13000000738,-2567.5
2021-11-29,263167.30000000744,13,114699.80000000742,-1532.5
2021-11-30,261514.2300000075,16,114737.98000000748,-3223.75
2021-12-01,255536.15000000753,19,114772.40000000752,-9236.25
2021-12-02,259083.07000000757,18,114936.82000000756,-5853.75
2021-12-03,256952.56000000768,18,115147.56000000767,-8195.0
2021-12-05,258572.56000000768,12,115147.56000000767,-6575.0
2021-12-06,261160.7100000077,12,115295.71000000769,-4135.0
2021-12-07,266004.51000000775,12,115519.51000000774,485.0
2021-12-08,265545.77000000776,10,115533.27000000775,12.5
2021-12-09,264511.4500000078,12,115601.4500000078,-1090.0
2021-12-10,266570.2800000079,11,116672.78000000787,-102.5
2021-12-12,266722.80000000785,2,116667.80000000788,55.0
2021-12-13,265707.27000000793,13,116716.02000000796,-1008.75
2021-12-14,263747.340000008,19,116852.34000000803,-3105.0
2021-12-15,268046.15000000806,14,116954.90000000809,1091.25
2021-12-16,265450.6800000082,18,118604.43000000823,-3153.75
2021-12-17,263035.72000000824,15,118639.47000000827,-5603.75
2021-12-19,259500.72000000824,14,118639.47000000827,-9138.75
2021-12-20,260839.50000000827,14,118665.7500000083,-7826.25
2021-12-21,264120.7600000083,15,118674.5100000083,-4553.75
2021-12-22,267852.6500000083,14,118747.65000000832,-895.0
2021-12-23,269788.35000000836,11,119904.60000000839,-116.25
2021-12-26,269858.35000000836,4,119904.60000000839,-46.25
2021-12-27,270545.2800000084,4,120465.28000000844,80.0
2021-12-28,270710.97000000847,7,120863.4700000085,-152.5
2021-12-29,270719.1100000085,7,120876.61000000851,-157.5
2021-12-30,269969.16000000853,9,120930.41000000856,-961.25
2021-12-31,269865.4600000086,13,120969.2100000086,-1103.75
2022-01-02,270905.4600000086,13,120969.2100000086,-63.75
2022-01-03,272077.3800000086,13,121067.38000000865,1010.0
2022-01-04,271973.75000000873,12,122536.25000000876,-562.5
2022-01-05,265012.00000000885,18,122640.75000000888,-7628.75
2022-01-06,267503.2800000089,18,122667.0300000089,-5163.75
2022-01-07,264958.3100000089,18,122693.31000000893,-7735.0
2022-01-09,265532.0600000089,17,122693.31000000893,-7161.25
2022-01-10,264474.59000000893,18,122719.59000000896,-8245.0
2022-01-11,268457.10000000894,17,122728.35000000897,-4271.25
2022-01-12,268885.88000000897,17,122873.380000009,-3987.5
2022-01-13,265205.34000000905,15,122942.84000000908,-7737.5
2022-01-14,265975.3800000091,14,122977.88000000911,-7002.5
2022-01-16,264575.3800000091,14,122977.88000000911,-8402.5
2022-01-17,263857.8800000091,14,122977.88000000911,-9120.0
2022-01-18,257741.72000000917,15,123056.7200000092,-15315.0
2022-01-19,257654.2400000092,14,123074.24000000922,-15420.0
2022-01-20,250137.43000000925,16,123126.18000000928,-22988.75
2022-01-21,245571.19000000926,15,123134.94000000929,-27563.75
2022-01-23,248533.69000000926,15,123134.94000000929,-24601.25
2022-01-24,242776.21000000928,15,123152.4600000093,-30376.25
2022-01-25,243994.96000000928,15,123152.4600000093,-29157.5
2022-01-26,237605.67000000936,17,123221.92000000938,-35616.25
2022-01-27,241992.55000000936,16,123231.30000000939,-31238.75
2022-01-28,248535.07000000938,15,123248.82000000941,-24713.75
2022-01-30,249491.32000000938,15,123248.82000000941,-23757.5
2022-01-31,253943.8300000094,16,123257.58000000942,-19313.75
2022-02-01,258765.7200000094,15,123275.72000000943,-14510.0
2022-02-02,257099.49000000942,16,123283.24000000945,-16183.75
2022-02-03,255930.18000000948,18,123335.18000000951,-17405.0
2022-02-04,253187.0900000095,17,123370.84000000954,-20183.75
2022-02-06,253847.0900000095,16,123370.84000000954,-19523.75
2022-02-07,252570.23000000953,18,123378.98000000956,-20808.75
2022-02-08,257142.13000000955,17,123405.88000000958,-16263.75
2022-02-09,259825.90000000957,16,123478.4000000096,-13652.5
2022-02-10,252607.20000000962,15,123522.20000000965,-20915.0
2022-02-11,248936.61000000965,16,123547.86000000968,-24611.25
2022-02-13,249217.86000000965,15,123547.86000000968,-24330.0
2022-02-14,247415.4000000097,17,123582.90000000971,-26167.5
2022-02-15,251726.6700000097,16,123600.42000000973,-21873.75
2022-02-16,250849.85000000976,16,123643.60000000978,-22793.75
2022-02-17,247754.93000000983,19,123703.68000000986,-25948.75
2022-02-18,242389.97000000987,18,123738.7200000099,-31348.75
2022-02-20,244414.97000000987,18,123738.7200000099,-29323.75
2022-02-21,236247.47000000987,18,123738.7200000099,-37491.25
2022-02-22,240674.9900000099,19,123756.24000000992,-33081.25
2022-02-23,223736.8800000099,19,123764.38000000993,-50027.5
2022-02-24,235112.5100000099,19,123773.76000000993,-38661.25
2022-02-25,245687.5100000099,18,123773.76000000993,-28086.25
2022-02-27,236305.0100000099,18,123773.76000000993,-37468.75
2022-02-28,244697.5100000099,18,123773.76000000993,-29076.25
2022-03-01,240201.29000000993,19,123800.04000000996,-33598.75
2022-03-02,245942.56000000995,18,123817.56000000998,-27875.0
2022-03-03,241735.11000001,18,123988.86000001003,-32253.75
2022-03-04,241330.15000001004,17,124023.90000001006,-32693.75
2022-03-06,237770.15000001004,16,124023.90000001006,-36253.75
2022-03-07,230968.3400000101,18,124075.84000001012,-43107.5
2022-03-08,231255.27000001015,17,124129.02000001018,-42873.75
2022-03-09,237244.03000001016,16,124137.78000001019,-36893.75
2022-03-10,234944.03000001016,16,124137.78000001019,-39193.75
2022-03-11,232114.0800000102,18,124171.58000001023,-42057.5
2022-03-13,233284.26000001025,18,124126.76000001022,-40842.5
2022-03-14,230566.8100000103,18,124180.56000001027,-43613.75
2022-03-15,236415.5700000103,17,124189.32000001028,-37773.75
2022-03-16,243956.89000001037,18,124250.64000001035,-30293.75
2022-03-17,246396.89000001037,16,124250.64000001035,-27853.75
2022-03-18,253865.65000001038,16,124259.40000001036,-20393.75
2022-03-20,252105.65000001038,16,124259.40000001036,-22153.75
2022-03-21,252280.07000001043,17,124303.8200000104,-22023.75
2022-03-22,257186.96000001044,15,124321.96000001041,-17135.0
2022-03-23,253682.62000001047,15,124347.62000001044,-20665.0
2022-03-24,257388.2600000105,15,124418.26000001046,-17030.0
2022-03-25,259094.54000001051,15,124444.54000001049,-15350.0
2022-03-27,258079.54000001051,14,124444.54000001049,-16365.0
2022-03-28,261474.56000001053,16,124462.0600000105,-12987.5
2022-03-29,264887.06000001053,14,124462.0600000105,-9575.0
2022-03-30,264029.58000001055,15,124479.58000001052,-10450.0
2022-03-31,259608.3900000106,16,124522.14000001058,-14913.75
2022-04-01,259032.19000001065,17,124565.94000001063,-15533.75
2022-04-03,259132.19000001065,16,124565.94000001063,-15433.75
2022-04-04,261731.58000001067,16,124584.08000001064,-12852.5
2022-04-05,257686.6200000107,15,124619.12000001068,-16932.5
2022-04-06,253427.91000001074,17,124654.16000001071,-21226.25
2022-04-07,256296.66000001074,15,124654.16000001071,-18357.5
2022-04-08,255450.45000001078,16,124689.20000001075,-19238.75
2022-04-10,253350.45000001078,15,124689.20000001075,-21338.75
2022-04-11,248124.87000001082,17,124723.6200000108,-26598.75
2022-04-12,250545.54000001086,16,124903.04000001083,-24357.5
2022-04-13,252833.04000001086,15,124903.04000001083,-22070.0
2022-04-14,248326.8200000109,17,124919.32000001086,-26592.5
2022-04-17,246456.8200000109,17,124919.32000001086,-28462.5
2022-04-18,249592.47000001092,17,124946.22000001089,-25353.75
2022-04-19,252819.36000001093,16,124964.3600000109,-22145.0
2022-04-20,254788.11000001093,15,124964.3600000109,-20176.25
2022-04-21,246186.300000011,19,125006.30000001096,-28820.0
2022-04-22,235003.200000011,19,125023.20000001098,-40020.0
2022-04-24,234480.700000011,19,125023.20000001098,-40542.5
2022-04-25,239660.10000001104,20,125050.100000011,-35390.0
2022-04-26,229890.12000001105,19,125067.62000001103,-45177.5
2022-04-27,231378.90000001108,19,125093.90000001105,-43715.0
2022-04-28,236243.32000001112,20,125128.3200000111,-38885.0
2022-04-29,224022.75000001118,20,125171.50000001115,-51148.75
2022-05-01,225272.75000001118,20,125171.50000001115,-49898.75
2022-05-02,226782.7900000112,21,125206.54000001118,-48423.75
2022-05-03,227552.18000001123,20,125224.6800000112,-47672.5
2022-05-04,239024.10000001127,20,125269.10000001124,-36245.0
2022-05-05,225851.6400000113,18,125304.14000001128,-49452.5
2022-05-06,222781.68000001134,19,125339.18000001131,-52557.5
2022-05-08,220059.18000001134,18,125339.18000001131,-55280.0
2022-05-09,213650.46000001137,19,125365.46000001134,-61715.0
2022-05-10,213933.0000000114,19,125400.50000001138,-61467.5
2022-05-11,207479.28000001144,19,125426.78000001141,-67947.5
2022-05-12,209913.06000001146,18,125453.06000001144,-65540.0
2022-05-13,214143.06000001146,18,125453.06000001144,-61310.0
2022-05-15,212253.06000001146,18,125453.06000001144,-63200.0
2022-05-16,214436.2200000115,20,125478.72000001147,-61042.5
2022-05-17,219754.37000001152,19,125709.37000001149,-55955.0
2022-05-18,206905.67000001157,19,125753.17000001154,-68847.5
2022-05-19,206284.43000001158,19,125761.93000001155,-69477.5
2022-05-20,204465.7100000116,19,125788.21000001158,-71322.5
2022-05-22,207030.7100000116,18,125788.21000001158,-68757.5
2022-05-23,207993.23000001162,19,125805.7300000116,-67812.5
2022-05-24,210319.49000001163,18,125814.4900000116,-65495.0
2022-05-25,211110.77000001166,19,125840.77000001163,-64730.0
2022-05-26,217684.5500000117,19,125867.05000001166,-58182.5
2022-05-27,228470.8100000117,19,125875.81000001167,-47405.0
2022-05-29,228943.3100000117,18,125875.81000001167,-46932.5
2022-05-30,228178.3100000117,18,125875.81000001167,-47697.5
2022-05-31,226517.09000001173,20,125902.0900000117,-49385.0
2022-06-01,222347.75000001176,19,125927.75000001173,-53580.0
2022-06-02,229323.4100000118,20,125963.41000001176,-46640.0
2022-06-03,223319.69000001182,19,125989.69000001179,-52670.0
2022-06-05,224917.19000001182,18,125989.69000001179,-51072.5
2022-06-06,222698.45000001183,19,125998.4500000118,-53300.0
2022-06-07,226352.21000001184,18,126007.21000001181,-49655.0
2022-06-08,223588.49000001187,18,126033.49000001184,-52445.0
2022-06-09,215535.43000001193,20,126085.4300000119,-60550.0
2022-06-10,204268.000000012,21,126146.75000001196,-71878.75
2022-06-12,198876.750000012,19,126146.75000001196,-77270.0
2022-06-13,192009.49000001198,20,126143.24000001201,-84133.75
2022-06-14,189533.260000012,19,126160.76000001203,-86627.5
2022-06-15,194873.31000001205,20,126204.56000001208,-81331.25
2022-06-16,183568.31000001205,19,126204.56000001208,-92636.25
2022-06-17,182959.57000001206,19,126213.32000001209,-93253.75
2022-06-19,183624.57000001206,19,126213.32000001209,-92588.75
2022-06-20,187852.07000001206,19,126213.32000001209,-88361.25
2022-06-21,187466.46000001207,20,126221.4600000121,-88755.0
2022-06-22,189558.3700000121,20,126257.12000001213,-86698.75
2022-06-23,195575.8800000121,20,126265.88000001214,-80690.0
2022-06-24,204980.8800000121,19,126265.88000001214,-71285.0
2022-06-26,206073.3800000121,19,126265.88000001214,-70192.5
2022-06-27,203584.69000001217,20,126318.4400000122,-72733.75
2022-06-28,197135.9800000122,20,126353.48000001223,-79217.5
2022-06-29,195199.77000001224,20,126388.52000001227,-81188.75
2022-06-30,190048.55000001227,19,126414.8000000123,-86366.25
2022-07-01,196651.05000001227,19,126414.8000000123,-79763.75
2022-07-03,194727.30000001227,19,126414.8000000123,-81687.5
2022-07-04,197648.55000001227,19,126414.8000000123,-78766.25
2022-07-05,197446.0900000123,20,126449.84000001234,-79003.75
2022-07-06,199024.88000001234,20,126484.88000001237,-77460.0
2022-07-07,202714.89000001235,20,126493.64000001238,-73778.75
2022-07-08,204417.49000001245,20,126581.24000001248,-72163.75
2022-07-10,201757.49000001245,19,126581.24000001248,-74823.75
2022-07-11,197830.6600000125,21,126615.66000001252,-78785.0
2022-07-12,197200.70000001253,21,126650.70000001256,-79450.0
2022-07-13,194326.98000001255,21,126676.98000001258,-82350.0
2022-07-14,195010.74000001256,21,126685.74000001259,-81675.0
2022-07-15,200867.6400000126,20,126712.64000001262,-75845.0
2022-07-17,202221.3900000126,19,126712.64000001262,-74491.25
2022-07-18,198173.30000001262,21,126738.30000001265,-78565.0
2022-07-19,209761.43000001262,20,126747.68000001265,-66986.25
2022-07-20,209431.46000001265,20,126773.96000001268,-67342.5
2022-07-21,212227.73000001267,19,126791.4800000127,-64563.75
2022-07-22,210122.74000001268,19,126800.24000001271,-66677.5
2022-07-24,209932.74000001268,19,126800.24000001271,-66867.5
2022-07-25,209751.5000000127,19,126809.00000001272,-67057.5
2022-07-26,209154.05000001274,20,126852.80000001276,-67698.75
2022-07-27,215109.07000001275,20,126870.32000001278,-61761.25
2022-07-28,222710.96000001277,19,126888.4600000128,-54177.5
2022-07-29,226027.22000001278,19,126897.2200000128,-50870.0
2022-07-31,224362.22000001278,18,126897.2200000128,-52535.0
2022-08-01,223524.7400000128,19,126914.74000001283,-53390.0
2022-08-02,223132.28000001283,19,126949.78000001286,-53817.5
2022-08-03,227714.16000001284,19,126949.16000001287,-49235.0
2022-08-04,228859.82000001287,19,126984.8200000129,-48125.0
2022-08-05,226956.08000001288,19,126993.58000001291,-50037.5
2022-08-07,226731.08000001288,18,126993.58000001291,-50262.5
2022-08-08,227941.1000000129,19,127011.10000001293,-49070.0
2022-08-09,225253.64000001294,19,127046.14000001297,-51792.5
2022-08-10,234284.90000001295,19,127054.90000001297,-42770.0
2022-08-11,233724.31000001298,19,127080.560000013,-43356.25
2022-08-12,239624.94000001298,19,127152.44000001301,-37527.5
2022-08-14,238747.44000001298,18,127152.44000001301,-38405.0
2022-08-15,240746.820000013,19,127151.82000001302,-36405.0
2022-08-16,242031.24000001303,20,127196.24000001306,-35165.0
2022-08-17,238912.50000001304,19,127205.00000001307,-38292.5
2022-08-18,239498.16000001307,19,127230.6600000131,-37732.5
2022-08-19,234471.96000001312,22,127264.46000001315,-42792.5
2022-08-21,233054.46000001312,21,127264.46000001315,-44210.0
2022-08-22,225838.87000001315,23,127290.12000001318,-51451.25
2022-08-23,222388.26000001316,23,127298.2600000132,-54910.0
2022-08-24,226635.15000001318,23,127316.40000001321,-50681.25
2022-08-25,231357.03000001318,22,127325.78000001321,-45968.75
2022-08-26,213891.49000001326,24,127385.24000001329,-63493.75
2022-08-28,212241.49000001326,24,127385.24000001329,-65143.75
2022-08-29,213639.01000001328,25,127402.76000001331,-63763.75
2022-08-30,209905.9100000133,25,127419.66000001333,-67513.75
2022-08-31,200101.57000001334,25,127455.32000001337,-77353.75
2022-09-01,204640.33000001335,25,127464.08000001337,-72823.75
2022-09-02,200533.46000001335,25,127463.46000001338,-76930.0
2022-09-04,200439.71000001335,25,127463.46000001338,-77023.75
2022-09-05,201345.96000001335,25,127463.46000001338,-76117.5
2022-09-06,195439.71000001335,25,127463.46000001338,-82023.75
2022-09-07,206502.21000001335,25,127463.46000001338,-70961.25
2022-09-08,211116.61000001337,25,127490.3600000134,-66373.75
2022-09-09,216855.99000001338,24,127499.74000001341,-60643.75
2022-09-11,216855.99000001338,23,127499.74000001341,-60643.75
2022-09-12,222269.98000001343,24,127451.23000001341,-55181.25
2022-09-13,201981.27000001346,25,127476.27000001345,-75495.0
2022-09-14,203537.5600000135,25,127521.31000001349,-73983.75
2022-09-15,194593.84000001353,24,127547.59000001352,-82953.75
2022-09-16,195933.86000001355,24,127565.11000001353,-81631.25
2022-09-18,193461.36000001355,23,127565.11000001353,-84103.75
2022-09-19,198616.37000001356,24,127573.87000001354,-78957.5
2022-09-20,193246.4100000136,25,127608.91000001358,-84362.5
2022-09-21,182166.4300000136,24,127626.4300000136,-95460.0
2022-09-22,180372.70000001363,25,127643.95000001362,-97271.25
2022-09-23,173977.11000001366,25,127669.61000001365,-103692.5
2022-09-25,171307.11000001366,24,127669.61000001365,-106362.5
2022-09-26,172194.00000001368,24,127687.75000001366,-105493.75
2022-09-27,165800.2700000137,24,127705.27000001368,-111905.0
2022-09-28,176179.0200000137,23,127705.27000001368,-101526.25
2022-09-29,166212.18000001373,25,127730.93000001372,-111518.75
2022-09-30,161810.9900000138,25,127783.49000001377,-115972.5
2022-10-02,161180.9900000138,24,127783.49000001377,-116602.5
2022-10-03,175487.8800000138,24,127905.38000001379,-102417.5
2022-10-04,182885.3900000138,24,127914.1400000138,-95028.75
2022-10-05,185987.92000001384,24,127940.42000001382,-91952.5
2022-10-06,179027.95000001387,24,127966.70000001385,-98938.75
2022-10-07,167428.0000000139,24,128010.5000000139,-110582.5
2022-10-09,165760.5000000139,23,128010.5000000139,-112250.0
2022-10-10,162325.55000001396,24,128054.30000001394,-115728.75
2022-10-11,162141.230000014,25,128097.480000014,-115956.25
2022-10-12,160986.88000001403,24,128124.38000001402,-117137.5
2022-10-13,174373.15000001405,24,128141.90000001404,-103768.75
2022-10-14,161348.8300000141,24,128185.08000001409,-116836.25
2022-10-16,163268.8300000141,24,128185.08000001409,-114916.25
2022-10-17,178474.47000001412,24,128505.7200000141,-100031.25
2022-10-18,180705.74000001414,24,128523.24000001412,-97817.5
2022-10-19,171830.75000001414,24,128532.00000001413,-106701.25
2022-10-20,169461.4500000142,25,128592.7000000142,-109131.25
2022-10-21,181980.85000001424,24,128619.60000001422,-96638.75
2022-10-23,181262.10000001424,23,128619.60000001422,-97357.5
2022-10-24,186290.88000001427,24,128645.88000001425,-92355.0
2022-10-25,189375.89000001427,23,128654.64000001426,-89278.75
2022-10-26,192305.9200000143,24,128680.92000001429,-86375.0
2022-10-27,185765.97000001435,24,128724.72000001433,-92958.75
2022-10-28,199450.97000001435,23,128724.72000001433,-79273.75
2022-10-30,197840.97000001435,23,128724.72000001433,-80883.75
2022-10-31,196476.0200000144,24,128768.52000001438,-82292.5
2022-11-01,194041.0300000144,24,128777.28000001439,-84736.25
2022-11-02,182814.83000001445,24,128821.08000001444,-96006.25
2022-11-03,177168.60000001447,24,128838.60000001446,-101670.0
2022-11-04,182286.10000001447,23,128838.60000001446,-96552.5
2022-11-06,182343.60000001447,23,128838.60000001446,-96495.0
2022-11-07,186857.35000001447,23,128838.60000001446,-91981.25
2022-11-08,189902.3800000145,25,128864.88000001448,-88962.5
2022-11-09,181228.04000001453,25,128890.54000001452,-97662.5
2022-11-10,205363.67000001454,24,129376.17000001452,-74012.5
2022-11-11,208917.44000001455,24,129393.69000001454,-70476.25
2022-11-13,207767.44000001455,23,129393.69000001454,-71626.25
2022-11-14,206980.59000001458,24,129410.59000001456,-72430.0
2022-11-15,207936.2400000146,24,129648.74000001459,-71712.5
2022-11-16,205863.77000001463,24,129675.02000001461,-73811.25
2022-11-17,204078.80000001466,24,129701.30000001464,-75622.5
2022-11-18,206013.81000001467,24,129710.06000001465,-73696.25
2022-11-20,205036.31000001467,23,129710.06000001465,-74673.75
2022-11-21,204976.3400000147,25,129736.34000001468,-74760.0
2022-11-22,210208.8400000147,23,129736.34000001468,-69527.5
2022-11-23,214165.1100000147,25,129753.8600000147,-65588.75
2022-11-24,214251.3600000147,23,129753.8600000147,-65502.5
2022-11-25,213290.75000001473,24,129762.00000001471,-66471.25
2022-11-27,209990.75000001473,24,129762.00000001471,-69771.25
2022-11-28,207197.03000001475,25,129788.28000001474,-72591.25
2022-11-29,205315.79000001476,25,129797.04000001475,-74481.25
2022-11-30,219591.4500000148,25,129832.70000001478,-60241.25
2022-12-01,217895.2000000148,23,129832.70000001478,-61937.5
2022-12-02,217098.9600000148,24,129841.46000001479,-62742.5
2022-12-04,217530.2100000148,23,129841.46000001479,-62311.25
2022-12-05,210234.00000001484,24,129876.50000001483,-69642.5
2022-12-06,203981.5500000149,24,129920.30000001487,-75938.75
2022-12-07,201756.5700000149,24,129937.8200000149,-78181.25
2022-12-08,206575.34000001493,24,129955.34000001491,-73380.0
2022-12-09,201492.87000001495,25,129971.62000001494,-78478.75
2022-12-11,201711.62000001495,25,129971.62000001494,-78260.0
2022-12-12,208258.11000001495,25,129941.86000001495,-71683.75
2022-12-13,213519.36000001495,23,129941.86000001495,-66422.5
2022-12-14,209356.90000001498,23,129976.90000001498,-70620.0
2022-12-15,196945.660000015,24,129985.66000001499,-83040.0
2022-12-16,191069.430000015,24,130003.18000001501,-88933.75
2022-12-18,192506.930000015,23,130003.18000001501,-87496.25
2022-12-19,183990.08000001503,25,130020.08000001503,-96030.0
2022-12-20,190067.00000001508,25,130064.50000001508,-89997.5
2022-12-21,196438.2700000151,24,130082.0200000151,-83643.75
2022-12-22,188893.9100000151,25,130090.16000001511,-91196.25
2022-12-23,190752.06000001513,24,130117.06000001513,-89365.0
2022-12-26,193770.81000001513,23,130117.06000001513,-86346.25
2022-12-27,189654.6200000152,24,130169.62000001519,-90515.0
2022-12-28,184295.8900000152,24,130187.1400000152,-95891.25
2022-12-29,190719.03000001522,24,130195.28000001522,-89476.25
2022-12-30,190784.07000001526,25,130230.32000001526,-89446.25
2023-01-02,190364.07000001526,24,130230.32000001526,-89866.25
2023-01-03,189196.0000000153,25,130314.75000001531,-91118.75
2023-01-04,191531.04000001535,24,130349.79000001535,-88818.75
2023-01-05,188711.07000001537,25,130376.07000001537,-91665.0
2023-01-06,196224.20000001538,24,130375.45000001538,-84151.25
2023-01-08,198144.20000001538,24,130375.45000001538,-82231.25
2023-01-09,194787.3600000154,25,130499.86000001541,-85712.5
2023-01-10,199692.37000001542,25,130518.62000001542,-80826.25
2023-01-11,205661.14000001544,24,130536.14000001544,-74875.0
2023-01-12,205621.16000001546,24,130553.66000001546,-74932.5
2023-01-13,208533.67000001547,23,130562.42000001547,-72028.75
2023-01-15,209022.42000001547,23,130562.42000001547,-71540.0
2023-01-16,206981.17000001547,23,130562.42000001547,-73581.25
2023-01-17,208033.6900000155,24,130579.94000001549,-72546.25
2023-01-18,199221.23000001552,25,130604.98000001552,-81383.75
2023-01-19,197127.48000001552,25,130604.98000001552,-83477.5
2023-01-20,204894.37000001554,25,130623.12000001554,-75728.75
2023-01-22,204534.37000001554,24,130623.12000001554,-76088.75
2023-01-23,210636.89000001556,25,130640.64000001556,-70003.75
2023-01-24,207963.17000001558,25,130666.92000001558,-72703.75
2023-01-25,210668.21000001562,25,130701.96000001562,-70033.75
2023-01-26,213940.09000001563,24,130765.09000001563,-66825.0
2023-01-27,216146.36000001564,25,130772.61000001564,-64626.25
2023-01-29,214646.36000001564,25,130772.61000001564,-66126.25
2023-01-30,209396.36000001564,25,130772.61000001564,-71376.25
2023-01-31,215716.99000001565,25,130781.99000001565,-65065.0
2023-02-01,223517.6600000157,25,130826.41000001569,-57308.75
2023-02-02,226342.08000001573,24,130870.83000001573,-54528.75
2023-02-03,223683.34000001574,23,130879.59000001574,-57196.25
2023-02-05,222225.84000001574,22,130879.59000001574,-58653.75
2023-02-06,221592.12000001577,23,130905.87000001577,-59313.75
2023-02-07,226925.9000000158,23,130932.1500000158,-54006.25
2023-02-08,222919.6600000158,23,130940.9100000158,-58021.25
2023-02-09,216915.32000001584,23,130966.57000001584,-64051.25
2023-02-10,218649.08000001585,24,130975.33000001585,-62326.25
2023-02-12,216780.33000001585,23,130975.33000001585,-64195.0
2023-02-13,223478.47000001586,23,131004.72000001586,-57526.25
2023-02-14,221882.2500000159,23,131031.00000001589,-59148.75
2023-02-15,226069.79000001593,23,131066.04000001593,-54996.25
2023-02-16,216696.07000001596,24,131082.32000001596,-64386.25
2023-02-17,216992.35000001598,25,131108.60000001598,-64116.25
2023-02-19,217022.35000001598,24,131108.60000001598,-64086.25
2023-02-20,215072.35000001598,24,131108.60000001598,-66036.25
2023-02-21,208351.77000001603,25,131143.02000001603,-72791.25
2023-02-22,208914.27000001603,25,131143.02000001603,-72228.75
2023-02-23,208524.91000001604,25,131161.16000001604,-72636.25
2023-02-24,203712.43000001606,25,131178.68000001606,-77466.25
2023-02-26,204522.43000001606,24,131178.68000001606,-76656.25
2023-02-27,205754.32000001607,25,131186.82000001607,-75432.5
2023-02-28,203818.08000001608,25,131195.58000001608,-77377.5
2023-03-01,199661.83000001608,25,131195.58000001608,-81533.75
2023-03-02,204068.7100000161,25,131204.9600000161,-77136.25
2023-03-03,213107.4700000161,25,131213.7200000161,-68106.25
2023-03-05,213407.4700000161,24,131213.7200000161,-67806.25
2023-03-06,214108.1100000161,25,131221.8600000161,-67113.75
2023-03-07,205233.1100000161,25,131221.8600000161,-75988.75
2023-03-08,205264.3600000161,25,131221.8600000161,-75957.5
2023-03-09,192608.1100000161,25,131221.8600000161,-88613.75
2023-03-10,191358.1100000161,25,131221.8600000161,-89863.75
2023-03-12,197764.3600000161,25,131221.8600000161,-83457.5
2023-03-13,190983.3600000161,25,131159.6100000161,-90176.25
2023-03-14,197233.3600000161,25,131159.6100000161,-83926.25
2023-03-15,194483.3600000161,25,131159.6100000161,-86676.25
2023-03-16,201639.6100000161,25,131159.6100000161,-79520.0
2023-03-17,195952.1100000161,25,131159.6100000161,-85207.5
2023-03-19,196514.6100000161,25,131159.6100000161,-84645.0
2023-03-20,200889.6100000161,25,131159.6100000161,-80270.0
2023-03-21,207108.3600000161,25,131159.6100000161,-74051.25
2023-03-22,200983.3600000161,25,131159.6100000161,-80176.25
2023-03-23,200139.6100000161,25,131159.6100000161,-81020.0
2023-03-24,203764.6100000161,25,131159.6100000161,-77395.0
2023-03-26,205202.1100000161,25,131159.6100000161,-75957.5
2023-03-27,204108.3600000161,25,131159.6100000161,-77051.25
2023-03-28,204702.1100000161,25,131159.6100000161,-76457.5
2023-03-29,209420.8600000161,25,131159.6100000161,-71738.75
2023-03-30,213889.6100000161,25,131159.6100000161,-67270.0
2023-03-31,219672.13000001613,25,131187.13000001613,-61515.0
2023-04-02,217947.13000001613,23,131187.13000001613,-63240.0
2023-04-03,221127.15000001615,24,131204.65000001615,-60077.5
2023-04-04,218684.0800000162,25,131247.8300000162,-62563.75
2023-04-05,215761.60000001622,25,131265.35000001622,-65503.75
2023-04-06,218427.88000001624,25,131291.63000001624,-62863.75
2023-04-07,220047.88000001624,24,131291.63000001624,-61243.75
2023-04-09,218787.88000001624,24,131291.63000001624,-62503.75
2023-04-10,219846.64000001625,25,131300.39000001625,-61453.75
2023-04-11,219592.91000001627,25,131317.91000001627,-61725.0
2023-04-12,217844.87000001635,25,131469.87000001635,-63625.0
2023-04-13,223608.65000001638,25,131531.15000001638,-57922.5
2023-04-14,223754.36000001646,23,131610.61000001646,-57856.25
2023-04-16,223589.36000001646,22,131610.61000001646,-58021.25
2023-04-17,224065.62000001647,23,131619.37000001647,-57553.75
2023-04-18,224071.2800000165,23,131645.0300000165,-57573.75
2023-04-19,223669.42000001651,23,131663.17000001651,-57993.75
2023-04-20,221945.07000001654,24,131680.07000001654,-59735.0
2023-04-21,221761.34000001656,24,131697.59000001656,-59936.25
2023-04-23,220726.34000001656,23,131697.59000001656,-60971.25
2023-04-24,221241.37000001658,24,131723.87000001658,-60482.5
2023-04-25,216738.32000001665,25,131784.57000001665,-65046.25
2023-04-26,213697.72000001668,25,131801.47000001668,-68103.75
2023-04-27,221440.8800000167,25,131854.6300000167,-60413.75
2023-04-28,226069.64000001672,23,131863.39000001672,-55793.75
2023-04-30,226124.64000001672,22,131863.39000001672,-55738.75
2023-05-01,225285.30000001675,24,131889.05000001675,-56603.75
2023-05-02,220447.81000001676,25,131887.81000001676,-61440.0
2023-05-03,216922.29000001686,25,131984.79000001686,-65062.5
2023-05-04,214492.29000001686,24,131984.79000001686,-67492.5
2023-05-05,221254.17000001686,25,131984.17000001686,-60730.0
2023-05-07,220941.67000001686,25,131984.17000001686,-61042.5
2023-05-08,221633.61000001692,25,132046.11000001692,-60412.5
2023-05-09,219979.89000001695,25,132072.39000001695,-62092.5
2023-05-10,222736.17000001698,25,132098.67000001698,-59362.5
2023-05-11,221394.930000017,25,132107.430000017,-60712.5
2023-05-12,219389.97000001703,25,132142.47000001703,-62752.5
2023-05-14,220019.97000001703,24,132142.47000001703,-62122.5
2023-05-15,220658.73000001704,25,132151.23000001704,-61492.5
2023-05-16,219218.12000001705,25,132159.37000001705,-62941.25
2023-05-17,224030.65000001708,25,132273.15000001708,-58242.5
2023-05-18,229622.5600000171,24,132308.8100000171,-52686.25
2023-05-19,227294.47000001714,24,132334.47000001714,-55040.0
2023-05-21,227898.22000001714,23,132334.47000001714,-54436.25
2023-05-22,229118.24000001716,23,132351.99000001716,-53233.75
2023-05-23,223345.7800000172,24,132387.0300000172,-59041.25
2023-05-24,220833.30000001722,24,132404.55000001722,-61571.25
2023-05-25,222049.56000001723,24,132413.31000001723,-60363.75
2023-05-26,229808.96000001725,23,132440.21000001725,-52631.25
2023-05-28,230138.96000001725,22,132440.21000001725,-52301.25
2023-05-29,230166.46000001725,22,132440.21000001725,-52273.75
2023-05-30,228321.5200000173,23,132492.7700000173,-54171.25
2023-05-31,227000.30000001733,24,132519.05000001733,-55518.75
2023-06-01,231674.08000001736,23,132545.33000001736,-50871.25
2023-06-02,237375.34000001737,22,132620.34000001737,-45245.0
2023-06-04,236852.84000001737,22,132620.34000001737,-45767.5
2023-06-05,236561.6200000174,23,132646.6200000174,-46085.0
2023-06-06,237990.40000001743,23,132672.90000001743,-44682.5
2023-06-07,235514.82000001747,22,132717.32000001747,-47202.5
2023-06-08,238183.5900000175,22,132734.8400000175,-44551.25
2023-06-09,239216.13000001753,22,132769.88000001753,-43553.75
2023-06-11,239741.13000001753,21,132769.88000001753,-43028.75
2023-06-12,243998.22000001755,22,132738.22000001755,-38740.0
2023-06-13,245874.5100000176,20,132839.5100000176,-36965.0
2023-06-14,246152.07000001764,19,132892.07000001764,-36740.0
2023-06-15,250318.95000001765,19,132891.45000001765,-32572.5
2023-06-16,249851.48000001768,20,133003.98000001768,-33152.5
2023-06-18,248948.98000001768,19,133003.98000001768,-34055.0
2023-06-19,248402.73000001768,19,133003.98000001768,-34601.25
2023-06-20,247548.40000001772,21,133038.40000001772,-35490.0
2023-06-21,245000.96000001777,21,133090.96000001777,-38090.0
2023-06-22,244793.4800000178,21,133108.4800000178,-38315.0
2023-06-23,243005.38000001782,22,133125.38000001782,-40120.0
2023-06-25,244212.88000001782,21,133125.38000001782,-38912.5
2023-06-26,242134.18000001786,21,133169.18000001786,-41035.0
2023-06-27,245374.19000001787,21,133177.94000001787,-37803.75
2023-06-28,246332.3600000179,22,133222.3600000179,-36890.0
2023-06-29,248006.76000001794,20,133249.26000001794,-35242.5
2023-06-30,252327.42000001797,19,133284.92000001797,-30957.5
2023-07-02,252889.92000001797,18,133284.92000001797,-30395.0
2023-07-03,253123.68000001798,19,133293.68000001798,-30170.0
2023-07-04,252943.68000001798,18,133293.68000001798,-30350.0
2023-07-05,251125.580000018,19,133310.580000018,-32185.0
2023-07-06,248863.10000001802,21,133328.10000001802,-34465.0
2023-07-07,247856.24000001804,22,133326.24000001804,-35470.0
2023-07-09,246343.74000001804,22,133326.24000001804,-36982.5
2023-07-10,248853.13000001805,23,133344.38000001805,-34491.25
2023-07-11,251670.66000001808,21,133380.66000001808,-31710.0
2023-07-12,255866.3200000181,19,133538.8200000181,-27672.5
2023-07-13,257936.3200000181,18,133538.8200000181,-25602.5
2023-07-14,257308.22000001813,19,133555.72000001813,-26247.5
2023-07-16,257046.97000001813,19,133555.72000001813,-26508.75
2023-07-17,258610.73000001814,19,133564.48000001814,-24953.75
2023-07-18,261959.49000001815,19,133583.24000001815,-21623.75
2023-07-19,262302.6700000182,17,133636.4200000182,-21333.75
2023-07-20,260688.34000001824,18,133670.84000001824,-22982.5
2023-07-21,260257.74000001827,18,133688.99000001827,-23431.25
2023-07-23,260190.24000001827,18,133688.99000001827,-23498.75
2023-07-24,261891.5200000183,18,133765.2700000183,-21873.75
2023-07-25,262949.0400000183,17,133782.7900000183,-20833.75
2023-07-26,263892.84000001836,17,133826.59000001836,-19933.75
2023-07-27,261201.66000001843,17,133911.66000001843,-22710.0
2023-07-28,264081.06000001845,16,133938.56000001845,-19857.5
2023-07-30,263443.56000001845,15,133938.56000001845,-20495.0
2023-07-31,264894.8400000185,16,133964.84000001848,-19070.0
2023-08-01,262118.6100000185,16,133982.3600000185,-21863.75
2023-08-02,259284.90000001853,16,134017.40000001853,-24732.5
2023-08-03,258869.94000001857,16,134052.44000001857,-25182.5
2023-08-04,255781.2200000186,18,134068.7200000186,-28287.5
2023-08-06,257289.9700000186,17,134068.7200000186,-26778.75
2023-08-07,258276.24000001862,17,134096.24000001862,-25820.0
2023-08-08,257797.50000001863,16,134105.00000001863,-26307.5
2023-08-09,256507.56000001868,18,134147.56000001868,-27640.0
2023-08-10,255318.87000001874,17,134307.62000001874,-28988.75
2023-08-11,255243.87000001874,15,134307.62000001874,-29063.75
2023-08-13,254193.87000001874,15,134307.62000001874,-30113.75
2023-08-14,257538.90000001877,16,134333.90000001877,-26795.0
2023-08-15,253047.08000001882,18,134377.08000001882,-31330.0
2023-08-16,250422.12000001885,18,134412.12000001885,-33990.0
2023-08-17,247281.51000001887,18,134420.26000001887,-37138.75
2023-08-18,246907.77000001888,18,134429.02000001888,-37521.25
2023-08-20,247332.77000001888,17,134429.02000001888,-37096.25
2023-08-21,249445.9200000189,17,134455.9200000189,-35010.0
2023-08-22,249485.9200000189,16,134455.9200000189,-34970.0
2023-08-23,254814.6800000189,17,134464.6800000189,-29650.0
2023-08-24,247323.49000001897,19,134507.24000001897,-37183.75
2023-08-25,249639.140000019,18,134534.140000019,-34895.0
2023-08-27,249894.140000019,17,134534.140000019,-34640.0
2023-08-28,252291.040000019,17,134561.040000019,-32270.0
2023-08-29,257765.43000001903,16,134579.18000001903,-26813.75
2023-08-30,258812.97000001906,16,134614.22000001906,-25801.25
2023-08-31,258268.6200000191,16,134631.1200000191,-26362.5
2023-09-01,258303.0200000191,16,134760.5200000191,-26457.5
2023-09-03,258509.2700000191,15,134760.5200000191,-26251.25
2023-09-04,257946.7700000191,15,134760.5200000191,-26813.75
2023-09-05,256683.72000001918,17,134821.22000001918,-28137.5
2023-09-06,254361.8800000192,18,134846.8800000192,-30485.0
2023-09-07,253423.15000001923,18,134864.40000001923,-31441.25
2023-09-08,253941.91000001924,18,134873.16000001924,-30931.25
2023-09-10,254048.16000001924,17,134873.16000001924,-30825.0
2023-09-11,255912.7100000193,17,134870.21000001926,-28957.5
2023-09-12,253413.37000001932,18,134895.8700000193,-31482.5
2023-09-13,255597.16000001936,17,134930.91000001933,-29333.75
2023-09-14,258295.9400000194,17,135053.44000001936,-26757.5
2023-09-15,253301.62000001944,17,135096.6200000194,-31795.0
2023-09-17,253881.62000001944,16,135096.6200000194,-31215.0
2023-09-18,253499.14000001946,17,135114.14000001943,-31615.0
2023-09-19,252254.1800000195,17,135149.18000001946,-32895.0
2023-09-20,248139.84000001953,18,135174.8400000195,-37035.0
2023-09-21,243231.74000001955,20,135181.74000001952,-41950.0
2023-09-22,241845.5300000196,20,135260.53000001956,-43415.0
2023-09-24,242723.0300000196,18,135260.53000001956,-42537.5
2023-09-25,241980.5300000196,18,135260.53000001956,-43280.0
2023-09-26,238079.94000001962,20,135286.1900000196,-47206.25
2023-09-27,237384.96000001964,20,135303.7100000196,-47918.75
2023-09-28,239971.85000001965,19,135321.85000001962,-45350.0
2023-09-29,238909.37000001967,19,135339.37000001964,-46430.0
2023-10-01,240709.37000001967,18,135339.37000001964,-44630.0
2023-10-02,238369.37000001967,18,135339.37000001964,-46970.0
2023-10-03,231631.9100000197,19,135374.41000001968,-53742.5
2023-10-04,236298.17000001972,19,135383.1700000197,-49085.0
2023-10-05,235311.95000001974,19,135409.45000001971,-50097.5
2023-10-06,240445.73000001977,19,135435.73000001974,-44990.0
2023-10-08,236778.23000001977,18,135435.73000001974,-48657.5
2023-10-09,242951.99000001978,18,135444.49000001975,-42492.5
2023-10-10,244789.5100000198,19,135462.01000001977,-40672.5
2023-10-11,247272.67000001983,18,135497.6700000198,-38225.0
2023-10-12,244143.32000001986,19,135514.57000001983,-41371.25
2023-10-13,241185.84000001987,19,135532.09000001985,-44346.25
2023-10-15,242558.34000001987,18,135532.09000001985,-42973.75
2023-10-16,245154.0000000199,18,135567.75000001988,-40413.75
2023-10-17,245214.02000001993,18,135585.2700000199,-40371.25
2023-10-18,239800.30000001995,18,135611.55000001992,-45811.25
2023-10-19,236619.70000001998,19,135628.45000001995,-49008.75
2023-10-20,231681.59000002,19,135636.59000001996,-53955.0
2023-10-22,232726.59000002,19,135636.59000001996,-52910.0
2023-10-23,232349.12000002002,20,135662.87000002,-53313.75
2023-10-24,233364.14000002004,20,135680.39000002,-52316.25
2023-10-25,225932.92000002007,21,135706.67000002004,-59773.75
2023-10-26,225590.49000002013,21,135767.9900000201,-60177.5
2023-10-27,221501.14000002015,21,135784.89000002012,-64283.75
2023-10-29,223126.14000002015,20,135784.89000002012,-62658.75
2023-10-30,224926.16000002017,20,135868.66000002014,-60942.5
2023-10-31,228261.8000000202,20,135898.05000002016,-57636.25
2023-11-01,234148.10000002023,20,135941.8500000202,-51793.75
2023-11-02,240149.36000002024,19,135960.6100000202,-45811.25
2023-11-03,244072.50000002026,18,135968.75000002023,-41896.25
2023-11-05,243937.50000002026,18,135968.75000002023,-42031.25
2023-11-06,243741.9100000203,19,136004.41000002026,-42262.5
2023-11-07,245400.71000002034,18,136048.2100000203,-40647.5
2023-11-08,245742.01000002038,18,136092.01000002035,-40350.0
2023-11-09,243157.70000002044,19,136143.9500000204,-42986.25
2023-11-10,248225.84000002046,18,136195.84000002043,-37970.0
2023-11-12,246972.09000002046,17,136195.84000002043,-39223.75
2023-11-13,248501.49000002048,18,136212.74000002045,-37711.25
2023-11-14,256576.5100000205,18,136611.51000002047,-30035.0
2023-11-15,255903.42000002053,17,136637.1700000205,-30733.75
2023-11-16,257190.33000002056,17,136672.83000002053,-29482.5
2023-11-17,256885.9800000206,17,136699.73000002056,-29813.75
2023-11-19,256829.7300000206,15,136699.73000002056,-29870.0
2023-11-20,259884.1100000206,16,136699.11000002056,-26815.0
2023-11-21,258870.39000002062,17,136725.3900000206,-27855.0
2023-11-22,260099.78000002063,16,136744.7800000206,-26645.0
2023-11-23,260381.03000002063,15,136744.7800000206,-26363.75
2023-11-24,260294.81000002066,16,136771.06000002063,-26476.25
2023-11-26,259301.06000002066,15,136771.06000002063,-27470.0
2023-11-27,259731.70000002068,16,136779.20000002065,-27047.5
2023-11-28,260469.8600000207,17,136814.86000002068,-26345.0
2023-11-29,260120.51000002073,17,136831.7600000207,-26711.25
2023-11-30,260831.18000002077,17,136876.18000002074,-26045.0
2023-12-01,263081.1800000208,15,136876.18000002074,-23795.0
2023-12-03,262424.9300000208,15,136876.18000002074,-24451.25
2023-12-04,260314.94000002078,16,136884.94000002075,-26570.0
2023-12-05,261954.9500000208,16,136893.70000002076,-24938.75
2023-12-06,259383.74000002083,16,136928.7400000208,-27545.0
2023-12-07,262073.75000002084,16,136937.5000000208,-24863.75
2023-12-08,263412.53000002087,16,136963.78000002084,-23551.25
2023-12-10,263225.03000002087,15,136963.78000002084,-23738.75
2023-12-11,264920.21000002086,16,136952.71000002086,-22032.5
2023-12-12,266710.22000002087,16,136961.47000002087,-20251.25
2023-12-13,272382.1100000209,16,136979.61000002088,-14597.5
2023-12-14,272268.3700000209,14,136988.3700000209,-14720.0
2023-12-15,271638.3900000209,15,137005.8900000209,-15367.5
2023-12-17,272460.8900000209,14,137005.8900000209,-14545.0
2023-12-18,273307.7800000209,15,137014.03000002092,-13706.25
2023-12-19,275365.93000002095,15,137040.93000002095,-11675.0
2023-12-20,270717.250000021,18,137082.250000021,-16365.0
2023-12-21,272921.630000021,18,137165.38000002102,-14243.75
2023-12-22,273844.1900000211,17,137259.19000002107,-13415.0
2023-12-25,274762.9400000211,15,137259.19000002107,-12496.25
2023-12-26,275831.7000000211,15,137267.95000002108,-11436.25
2023-12-27,276766.0900000211,15,137286.0900000211,-10520.0
2023-12-28,276564.8700000211,15,137312.37000002112,-10747.5
2023-12-29,274948.0600000212,16,137364.31000002119,-12416.25
2024-01-01,275548.0600000212,15,137364.31000002119,-11816.25
2024-01-02,272780.5900000212,17,137390.5900000212,-14610.0
2024-01-03,270284.38000002125,16,137425.63000002125,-17141.25
2024-01-04,268890.65000002127,17,137433.15000002127,-18542.5
2024-01-05,269188.8100000213,17,137468.8100000213,-18280.0
2024-01-07,268928.8100000213,16,137468.8100000213,-18540.0
2024-01-08,273805.6900000213,16,137478.1900000213,-13672.5
2024-01-09,273305.74000002135,16,137521.99000002135,-14216.25
2024-01-10,276313.2700000214,16,137548.27000002138,-11235.0
2024-01-11,274885.1700000214,15,137575.1700000214,-12690.0
2024-01-12,275147.6900000214,15,137592.69000002142,-12445.0
2024-01-14,275620.1900000214,14,137592.69000002142,-11972.5
2024-01-15,274395.1900000214,14,137592.69000002142,-13197.5
2024-01-16,273651.49000002147,16,137636.49000002147,-13985.0
2024-01-17,272006.5100000215,15,137654.0100000215,-15647.5
2024-01-18,275436.5300000215,15,137671.5300000215,-12235.0
2024-01-19,279321.5300000215,14,137671.5300000215,-8350.0
2024-01-21,280179.0300000215,14,137671.5300000215,-7492.5
2024-01-22,280115.9100000215,15,137670.9100000215,-7555.0
2024-01-23,281841.5500000215,15,137689.05000002153,-5847.5
2024-01-24,281460.97000002157,14,137788.47000002157,-6327.5
2024-01-25,281770.9900000216,14,137805.9900000216,-6035.0
2024-01-26,282419.1400000216,15,137822.8900000216,-5403.75
2024-01-28,282349.1400000216,14,137822.8900000216,-5473.75
2024-01-29,285096.0200000216,14,137832.2700000216,-2736.25
2024-01-30,283684.18000002165,14,137857.93000002165,-4173.75
2024-01-31,280385.5000000217,16,137919.2500000217,-7533.75
2024-02-01,285320.5000000217,14,137919.2500000217,-2598.75
2024-02-02,286524.29000002175,14,138019.29000002175,-1495.0
2024-02-04,286261.79000002175,10,138019.29000002175,-1757.5
2024-02-05,286254.3300000218,12,138074.3300000218,-1820.0
2024-02-06,286731.8500000218,11,138101.8500000218,-1370.0
2024-02-07,288653.7300000218,11,138101.2300000218,552.5
2024-02-08,288788.15000002185,12,138170.65000002185,617.5
2024-02-09,289395.0900000219,10,139318.8400000219,76.25
2024-02-11,289392.5900000219,1,139318.8400000219,73.75
2024-02-12,289115.15000002197,5,139481.40000002197,-366.25
2024-02-13,288239.60000002204,15,139517.10000002204,-1277.5
2024-02-14,291315.36000002216,14,141671.61000002216,-356.25
2024-02-15,291736.6300000222,4,141809.13000002218,-72.5
2024-02-16,291072.94000002224,9,141846.69000002224,-773.75
2024-02-18,291500.44000002224,9,141846.69000002224,-346.25
2024-02-19,290645.44000002224,9,141846.69000002224,-1201.25
2024-02-20,289650.54000002233,18,142004.29000002233,-2353.75
2024-02-21,292466.83000002237,14,142079.33000002237,387.5
2024-02-22,294323.17000002245,11,144286.92000002245,36.25
2024-02-23,294130.06000002247,5,144300.06000002247,-170.0
2024-02-25,294060.06000002247,4,144300.06000002247,-240.0
2024-02-26,293620.1200000225,9,144352.62000002252,-732.5
2024-02-27,294252.04000002256,13,144392.04000002256,-140.0
2024-02-28,294198.9600000226,12,144446.4600000226,-247.5
2024-02-29,295765.9300000227,12,145637.1800000227,128.75
2024-03-01,296252.23000002274,5,146058.48000002274,193.75
2024-03-03,296282.23000002274,3,146058.48000002274,223.75
2024-03-04,296192.9200000228,4,146472.9200000228,-280.0
2024-03-05,295034.94000002294,19,146634.94000002294,-1600.0
2024-03-06,295967.480000023,13,146822.48000002297,-855.0
2024-03-07,298558.2100000231,11,148524.46000002307,33.75
2024-03-08,297109.6100000232,15,148862.1100000232,-1752.5
2024-03-10,296234.6100000232,14,148862.1100000232,-2627.5
2024-03-11,297520.4300000233,18,148956.68000002328,-1436.25
2024-03-12,299723.5900000233,13,149086.0900000233,637.5
2024-03-13,299739.87000002334,11,149127.37000002334,612.5
2024-03-14,298757.4100000234,12,149182.41000002337,-425.0
2024-03-15,297109.9300000234,11,149209.9300000234,-2100.0
2024-03-17,297609.9300000234,10,149209.9300000234,-1600.0
2024-03-18,298306.8200000234,11,149223.0700000234,-916.25
2024-03-19,299802.47000002343,12,149264.97000002343,537.5
2024-03-20,300806.9200000235,11,150645.6700000235,161.25
2024-03-21,300671.35000002355,7,150871.35000002355,-200.0
2024-03-22,300137.0400000236,11,150923.2900000236,-786.25
2024-03-24,300137.0400000236,11,150923.2900000236,-786.25
2024-03-25,299795.82000002364,15,150934.57000002364,-1138.75
2024-03-26,299652.7400000237,18,151010.24000002368,-1357.5
2024-03-27,301537.17000002373,18,151554.67000002373,-17.5
2024-03-28,301626.57000002376,9,151596.57000002376,30.0
2024-03-31,302586.57000002376,8,151596.57000002376,990.0
2024-04-01,301076.5900000238,9,151637.84000002377,-561.25
2024-04-02,299945.3800000238,13,151662.8800000238,-1717.5
2024-04-03,301524.79000002384,15,151703.54000002384,-178.75
2024-04-04,298072.50000002404,18,153338.75000002404,-5266.25
2024-04-05,301990.0500000241,17,153507.5500000241,-1517.5
2024-04-07,301540.0500000241,9,153507.5500000241,-1967.5
2024-04-08,301975.0800000241,10,153548.8300000241,-1573.75
2024-04-09,302968.89000002417,13,153616.39000002417,-647.5
2024-04-10,300020.7900000242,16,153613.2900000242,-3592.5
2024-04-11,303437.72000002424,18,155478.97000002424,-2041.25
2024-04-12,299062.1800000243,18,155603.43000002432,-6541.25
2024-04-14,300112.1800000243,14,155603.43000002432,-5491.25
2024-04-15,294430.3900000244,18,156055.3900000244,-11625.0
2024-04-16,295594.20000002446,18,156147.95000002446,-10553.75
2024-04-17,293502.96000002447,16,156156.71000002447,-12653.75
2024-04-18,287558.6200000245,17,156182.3700000245,-18623.75
2024-04-19,287642.41000002454,18,156207.41000002454,-18565.0
2024-04-21,288767.41000002454,18,156207.41000002454,-17440.0
2024-04-22,291498.69000002457,18,156347.44000002457,-14848.75
2024-04-23,297435.5900000246,16,156414.3400000246,-8978.75
2024-04-24,293809.39000002464,16,156473.14000002464,-12663.75
2024-04-25,297430.05000002467,16,156508.80000002467,-9078.75
2024-04-26,298028.8200000247,14,156541.3200000247,-8512.5
2024-04-28,298868.8200000247,14,156541.3200000247,-7672.5
2024-04-29,298853.2200000247,15,156640.7200000247,-7787.5
2024-04-30,293818.26000002475,14,156675.76000002475,-12857.5
2024-05-01,294351.4200000248,14,156701.42000002478,-12350.0
2024-05-02,296689.5600000248,14,156817.0600000248,-10127.5
2024-05-03,300273.3300000248,13,156879.5800000248,-6606.25
2024-05-05,300177.0800000248,11,156879.5800000248,-6702.5
2024-05-06,302885.86000002484,12,156920.86000002484,-4035.0
2024-05-07,303149.0200000249,13,156961.52000002487,-3812.5
2024-05-08,302905.3000000249,13,157002.8000000249,-4097.5
2024-05-09,304824.7000000249,13,157044.70000002492,-2220.0
2024-05-10,305029.750000025,11,157188.50000002497,-2158.75
2024-05-12,305367.250000025,9,157188.50000002497,-1821.25
2024-05-13,305029.160000025,11,157229.160000025,-2200.0
2024-05-14,306617.300000025,10,157257.30000002502,-640.0
2024-05-15,308217.35000002506,9,158099.85000002506,117.5
2024-05-16,307763.6600000251,7,158247.41000002512,-483.75
2024-05-17,308374.3500000252,12,158314.35000002518,60.0
2024-05-19,308699.3500000252,10,158314.35000002518,385.0
2024-05-20,308641.8700000252,11,158341.8700000252,300.0
2024-05-21,309301.2600000252,11,158370.0100000252,931.25
2024-05-22,310067.56000002526,12,158438.81000002526,1628.75
2024-05-23,308637.1000000254,17,159927.1000000254,-1290.0
2024-05-24,310827.7400000254,16,159982.74000002543,845.0
2024-05-26,310546.4900000254,15,159982.74000002543,563.75
2024-05-27,311483.9900000254,15,159982.74000002543,1501.25
2024-05-28,310085.35000002553,18,160942.85000002553,-857.5
2024-05-29,308244.76000002556,8,160983.51000002556,-2738.75
2024-05-30,307273.61000002566,17,161061.11000002566,-3787.5
2024-05-31,310416.8100000257,19,161266.81000002573,-850.0
2024-06-02,310799.3100000257,9,161266.81000002573,-467.5
2024-06-03,310444.33000002574,10,161294.33000002574,-850.0
2024-06-04,311088.09000002575,10,161308.09000002575,-220.0
2024-06-05,312712.5300000258,9,162445.0300000258,267.5
2024-06-06,312978.2300000259,8,162740.73000002588,237.5
2024-06-07,313361.470000026,10,163795.220000026,-433.75
2024-06-09,313428.970000026,6,163795.220000026,-366.25
2024-06-10,313878.380000026,7,163850.88000002602,27.5
2024-06-11,314659.7100000261,7,164653.4600000261,6.25
2024-06-12,315243.5700000262,10,165058.5700000262,185.0
2024-06-13,315791.11000002624,14,165083.61000002624,707.5
2024-06-14,315486.1600000263,14,165152.41000002628,333.75
2024-06-16,315486.1600000263,13,165152.41000002628,333.75
2024-06-17,316890.04000002635,14,166906.29000002638,-16.25
2024-06-18,317104.4500000264,3,166961.9500000264,142.5
2024-06-19,317204.4500000264,2,166961.9500000264,242.5
2024-06-20,317028.3000000265,9,167274.5500000265,-246.25
2024-06-21,316808.3400000265,11,167314.59000002654,-506.25
2024-06-23,316320.8400000265,10,167314.59000002654,-993.75
2024-06-24,316150.28000002657,15,167366.5300000266,-1216.25
2024-06-25,317340.3300000266,17,167450.33000002665,-110.0
2024-06-26,316348.48000002664,14,167492.23000002667,-1143.75
2024-06-27,318687.24000002665,13,167505.99000002668,1181.25
2024-06-28,318370.5100000268,13,169044.2600000268,-673.75
2024-06-30,318590.5100000268,11,169044.2600000268,-453.75
2024-07-01,317859.9200000268,13,169084.92000002685,-1225.0
2024-07-02,320449.3600000269,12,170475.6100000269,-26.25
2024-07-03,320583.1200000269,1,170599.37000002692,-16.25
2024-07-04,320605.6200000269,1,170599.37000002692,6.25
2024-07-05,320854.4000000269,2,170860.65000002694,-6.25
2024-07-07,320850.6500000269,1,170860.65000002694,-10.0
2024-07-08,320996.92000002693,3,170888.17000002696,108.75
2024-07-09,320977.58000002697,6,171008.830000027,-31.25
2024-07-10,321805.760000027,6,171809.51000002705,-3.75
2024-07-11,321252.1100000271,10,171887.11000002714,-635.0
2024-07-12,322656.00000002724,9,173201.00000002727,-545.0
2024-07-14,322918.50000002724,7,173201.00000002727,-282.5
2024-07-15,324000.48000002734,9,173816.73000002737,183.75
2024-07-16,324926.8000000274,8,174826.80000002743,100.0
2024-07-17,323898.11000002746,13,174849.3600000275,-951.25
2024-07-18,321040.71000002755,18,174986.96000002758,-3946.25
2024-07-19,317514.4900000276,15,175013.2400000276,-7498.75
2024-07-21,318266.9900000276,14,175013.2400000276,-6746.25
2024-07-22,320813.2500000276,15,175022.00000002762,-4208.75
2024-07-23,319372.67000002763,14,175081.42000002766,-5708.75
2024-07-24,313479.56000002765,14,175089.56000002768,-11610.0
2024-07-25,311995.8500000277,14,175124.6000000277,-13128.75
2024-07-26,314594.03000002773,14,175259.03000002776,-10665.0
2024-07-28,316186.53000002773,13,175259.03000002776,-9072.5
2024-07-29,313890.91000002774,14,175258.41000002777,-11367.5
2024-07-30,314446.56000002776,14,175339.0600000278,-10892.5
2024-07-31,320729.0900000278,14,175365.34000002782,-4636.25
2024-08-01,310747.2400000278,15,175382.24000002784,-14635.0
2024-08-02,304858.52000002784,15,175408.52000002787,-20550.0
2024-08-04,300291.02000002784,14,175408.52000002787,-25117.5
2024-08-05,300588.54000002786,15,175426.0400000279,-24837.5
2024-08-06,301749.1900000279,15,175442.9400000279,-23693.75
2024-08-07,295764.2200000279,16,175725.47000002794,-29961.25
2024-08-08,305028.62000002794,15,175806.12000002796,-20777.5
2024-08-09,305772.40000002796,15,175832.400000028,-20060.0
2024-08-11,306017.40000002796,14,175832.400000028,-19815.0
2024-08-12,306542.440000028,15,175867.44000002803,-19325.0
2024-08-13,312291.200000028,14,175876.20000002804,-13585.0
2024-08-14,314636.24000002805,15,175911.24000002808,-11275.0
2024-08-15,320459.38000002806,14,176086.8800000281,-5627.5
2024-08-16,320713.1600000281,14,176113.16000002812,-5400.0
2024-08-18,321070.6600000281,13,176113.16000002812,-5042.5
2024-08-19,323931.9300000281,14,176130.68000002814,-2198.75
2024-08-20,323950.10000002815,13,176245.10000002818,-2295.0
2024-08-21,324342.6400000282,12,176300.14000002822,-1957.5
2024-08-22,323601.45000002824,14,176352.70000002827,-2751.25
2024-08-23,326481.47000002826,15,176380.2200000283,101.25
2024-08-25,326131.47000002826,14,176380.2200000283,-248.75
2024-08-26,325329.6400000283,16,176434.64000002833,-1105.0
2024-08-27,325937.80000002834,16,176475.30000002836,-537.5
2024-08-28,322040.3800000284,18,177191.63000002844,-5151.25
2024-08-29,324796.7000000285,14,177349.2000000285,-2552.5
2024-08-30,326537.3500000285,10,177391.10000002853,-853.75
2024-09-01,326379.8500000285,9,177391.10000002853,-1011.25
2024-09-02,326346.1000000285,9,177391.10000002853,-1045.0
2024-09-03,316873.0700000286,19,177444.32000002862,-10571.25
2024-09-04,317874.3500000286,18,177500.60000002864,-9626.25
2024-09-05,316591.87000002863,17,177518.12000002866,-10926.25
2024-09-06,308518.15000002866,18,177544.4000000287,-19026.25
2024-09-08,311018.15000002866,16,177544.4000000287,-16526.25
2024-09-09,314384.4300000287,17,177570.68000002872,-13186.25
2024-09-10,314484.4300000287,16,177570.68000002872,-13086.25
2024-09-11,321725.75000002875,17,177632.00000002878,-5906.25
2024-09-12,324284.5300000288,16,177728.2800000288,-3443.75
2024-09-13,325592.6800000288,12,177785.18000002883,-2192.5
2024-09-15,325862.6800000288,9,177785.18000002883,-1922.5
2024-09-16,325831.53000002884,10,177776.53000002884,-1945.0
2024-09-17,326300.31000002887,9,177817.81000002887,-1517.5
2024-09-18,327867.8700000289,10,177900.37000002892,-32.5
2024-09-19,330000.49000002904,9,180270.49000002904,-270.0
2024-09-20,329961.8200000291,12,180335.5700000291,-373.75
2024-09-22,331103.0700000291,11,180335.5700000291,767.5
2024-09-23,330525.59000002913,12,180363.09000002913,162.5
2024-09-24,331726.3200000292,12,181781.32000002923,-55.0
2024-09-25,332845.74000002927,9,181805.74000002927,1040.0
2024-09-26,333757.1200000294,11,183710.8700000294,46.25
2024-09-27,332790.29000002943,12,183750.29000002943,-960.0
2024-09-29,333375.29000002943,12,183750.29000002943,-375.0
2024-09-30,334293.5100000295,18,183958.51000002952,335.0
2024-10-01,332616.1000000296,14,184037.3500000296,-1421.25
2024-10-02,332159.27000002965,15,184091.77000002965,-1932.5
2024-10-03,332497.4500000297,15,184159.9500000297,-1662.5
2024-10-04,335941.2900000298,15,185958.79000002978,-17.5
2024-10-06,335945.0400000298,1,185958.79000002978,-13.75
2024-10-07,334460.1700000299,13,186047.6700000299,-1587.5
2024-10-08,337581.52000003,13,187501.52000003,80.0
2024-10-09,338497.85000003007,6,188276.60000003007,221.25
2024-10-10,338569.81000003015,10,188371.06000003015,198.75
2024-10-11,339423.0100000302,8,189400.51000003022,22.5
2024-10-13,339456.7600000302,3,189400.51000003022,56.25
2024-10-14,340214.9500000303,4,189922.45000003028,292.5
2024-10-15,339171.3100000304,14,189998.81000003038,-827.5
2024-10-16,339548.1900000304,14,190013.1900000304,-465.0
2024-10-17,342109.5700000305,13,192730.8200000305,-621.25
2024-10-18,343130.22000003053,9,192780.22000003053,350.0
2024-10-20,343150.22000003053,8,192780.22000003053,370.0
2024-10-21,342496.5500000306,14,192875.3000000306,-378.75
2024-10-22,342707.1900000306,12,192888.44000003062,-181.25
2024-10-23,340745.4000000307,18,192987.9000000307,-2242.5
2024-10-24,340606.0400000307,16,193107.2900000307,-2501.25
2024-10-25,341014.8600000308,13,193518.61000003078,-2503.75
2024-10-27,342421.1100000308,9,193518.61000003078,-1097.5
2024-10-28,341415.5000000308,10,193531.7500000308,-2116.25
2024-10-29,342869.9000000308,11,193573.65000003082,-703.75
2024-10-30,340338.1100000309,11,193683.1100000309,-3345.0
2024-10-31,335580.080000031,18,193791.33000003098,-8211.25
2024-11-01,336957.620000031,15,193916.37000003102,-6958.75
2024-11-03,337700.120000031,11,193916.37000003102,-6216.25
2024-11-04,336189.5500000311,16,193969.55000003107,-7780.0
2024-11-05,346405.8100000311,15,193983.31000003108,2422.5
2024-11-06,350454.6800000312,14,200409.6800000312,45.0
2024-11-07,350722.24000003125,4,200807.24000003125,-85.0
2024-11-08,351195.4200000313,6,201315.4200000313,-120.0
2024-11-10,351520.4200000313,5,201315.4200000313,205.0
2024-11-11,351449.21000003134,6,201414.21000003134,35.0
2024-11-12,350831.1500000314,11,201466.1500000314,-635.0
2024-11-13,351365.57000003144,11,201535.57000003144,-170.0
2024-11-14,348103.80000003154,18,201612.55000003154,-3508.75
2024-11-15,342707.58000003156,19,201638.83000003156,-8931.25
2024-11-17,343967.58000003156,18,201638.83000003156,-7671.25
2024-11-18,345447.6000000316,19,201656.35000003158,-6208.75
2024-11-19,347026.3800000316,19,201682.6300000316,-4656.25
2024-11-20,344920.1400000316,19,201691.39000003162,-6771.25
2024-11-21,349118.92000003165,19,201787.67000003165,-2668.75
2024-11-22,350809.6000000317,14,201915.8500000317,-1106.25
2024-11-24,352060.8500000317,11,201915.8500000317,145.0
2024-11-25,353349.0700000318,11,203265.3200000318,83.75
2024-11-26,354086.6100000318,6,204011.61000003183,75.0
2024-11-27,354204.8300000319,12,204074.8300000319,130.0
2024-11-28,354878.5800000319,11,204074.8300000319,803.75
2024-11-29,355265.520000032,11,205231.77000003197,33.75
2024-12-01,355153.020000032,2,205231.77000003197,-78.75
2024-12-02,355377.420000032,2,205273.670000032,103.75
2024-12-03,355479.97000003204,2,205342.47000003204,137.5
2024-12-04,355613.7500000321,2,205546.25000003207,67.5
2024-12-05,355534.4300000321,4,205709.43000003212,-175.0
2024-12-06,355745.70000003214,5,205755.70000003214,-10.0
2024-12-08,355695.70000003214,4,205755.70000003214,-60.0
2024-12-09,354551.3900000322,13,205777.6400000322,-1226.25
2024-12-10,353870.19000003225,18,205842.69000003225,-1972.5
2024-12-11,356254.6200000323,17,206459.6200000323,-205.0
2024-12-12,355424.68000003236,12,206542.18000003236,-1117.5
2024-12-13,354703.4600000324,12,206583.46000003238,-1880.0
2024-12-15,355065.9600000324,10,206583.46000003238,-1517.5
2024-12-16,355909.2300000324,12,206596.7300000324,-687.5
2024-12-17,355249.27000003244,13,206651.77000003244,-1402.5
2024-12-18,339901.9200000326,20,206773.17000003258,-16871.25
2024-12-19,336695.6700000326,19,206773.17000003258,-20077.5
2024-12-20,345130.7100000326,19,206838.21000003262,-11707.5
2024-12-22,347850.7100000326,17,206838.21000003262,-8987.5
2024-12-23,348489.51000003266,18,206882.01000003266,-8392.5
2024-12-24,353532.6600000327,17,207003.9100000327,-3471.25
2024-12-25,353682.6600000327,12,207003.9100000327,-3321.25
2024-12-26,352652.7000000327,12,207053.95000003272,-4401.25
2024-12-27,349422.7700000328,18,207165.2700000328,-7742.5
2024-12-29,348617.7700000328,14,207165.2700000328,-8547.5
2024-12-30,344260.2900000328,15,207182.7900000328,-12922.5
2024-12-31,343105.33000003285,15,207217.83000003285,-14112.5
2025-01-01,344295.33000003285,14,207217.83000003285,-12922.5
2025-01-02,342352.85000003286,15,207235.35000003286,-14882.5
2025-01-03,346430.3700000329,15,207252.87000003288,-10822.5
2025-01-05,346605.3700000329,14,207252.87000003288,-10647.5
2025-01-06,348714.20000003296,15,207342.95000003296,-8628.75
2025-01-07,345484.28000003303,14,207434.28000003303,-11950.0
2025-01-08,344186.19000003306,15,207469.94000003306,-13283.75
2025-01-09,344153.69000003306,13,207469.94000003306,-13316.25
2025-01-10,338861.27000003314,14,207540.02000003314,-18678.75
2025-01-12,337561.27000003314,13,207540.02000003314,-19978.75
2025-01-13,340860.02000003314,13,207540.02000003314,-16680.0
2025-01-14,340341.29000003316,14,207557.54000003316,-17216.25
2025-01-15,347230.67000003316,14,207556.92000003316,-10326.25
2025-01-16,347076.9600000332,14,207629.4600000332,-10552.5
2025-01-17,350311.9900000332,14,207899.49000003323,-7587.5
2025-01-19,350276.9900000332,14,207899.49000003323,-7622.5
2025-01-20,350959.4900000332,14,207899.49000003323,-6940.0
2025-01-21,354937.01000003325,14,208048.26000003325,-3111.25
2025-01-22,355568.90000003326,13,208156.40000003326,-2587.5
2025-01-23,357373.9300000333,14,208212.6800000333,-838.75
2025-01-24,356707.12000003335,13,208294.62000003335,-1587.5
2025-01-26,353332.12000003335,12,208294.62000003335,-4962.5
2025-01-27,351649.64000003337,13,208322.14000003337,-6672.5
2025-01-28,354665.2800000334,13,208335.28000003338,-3670.0
2025-01-29,354322.85000003345,15,208431.60000003345,-4108.75
2025-01-30,355698.5200000335,14,208501.0200000335,-2802.5
2025-01-31,352941.1200000336,14,208623.62000003358,-5682.5
2025-02-02,344401.1200000336,14,208623.62000003358,-14222.5
2025-02-03,350564.94000003365,18,208749.94000003365,-8185.0
2025-02-04,351133.7200000337,15,208776.22000003367,-7642.5
2025-02-05,355263.1200000337,14,208808.1200000337,-3545.0
2025-02-06,355458.79000003374,13,208870.04000003374,-3411.25
2025-02-07,352455.07000003377,12,208896.32000003377,-6441.25
2025-02-09,353310.07000003377,12,208896.32000003377,-5586.25
2025-02-10,353981.3500000338,13,208922.6000000338,-4941.25
2025-02-11,354733.8700000338,13,208940.1200000338,-4206.25
2025-02-12,354745.15000003384,13,208966.40000003384,-4221.25
2025-02-13,358068.3100000339,13,209007.06000003387,-938.75
2025-02-14,357595.2200000339,12,209047.7200000339,-1452.5
2025-02-16,358225.2200000339,12,209047.7200000339,-822.5
2025-02-17,358300.2200000339,12,209047.7200000339,-747.5
2025-02-18,358716.53000003396,12,209184.03000003396,-467.5
2025-02-19,358369.050000034,11,209211.55000003398,-842.5
2025-02-20,357688.450000034,13,209238.450000034,-1550.0
2025-02-21,351364.76000003406,14,209306.01000003406,-7941.25
2025-02-23,353168.51000003406,13,209306.01000003406,-6137.5
2025-02-24,350041.0400000341,14,209347.2900000341,-9306.25
2025-02-25,348912.98000003415,18,209444.23000003415,-10531.25
2025-02-26,347953.6600000342,14,209502.4100000342,-11548.75
2025-02-27,341741.84000003425,14,209545.59000003425,-17803.75
2025-02-28,346960.0000000343,14,209581.25000003428,-12621.25
2025-03-02,347886.2500000343,13,209581.25000003428,-11695.0
2025-03-03,341322.5200000343,14,209598.7700000343,-18276.25
2025-03-04,338481.31000003434,13,209633.81000003434,-21152.5
2025-03-05,339952.57000003435,13,209642.57000003435,-19690.0
2025-03-06,334421.3500000344,13,209668.85000003438,-25247.5
2025-03-07,334958.8700000344,14,209686.3700000344,-24727.5
2025-03-09,333577.6200000344,13,209686.3700000344,-26108.75
2025-03-10,325405.1400000344,13,209703.89000003441,-34298.75
2025-03-11,323147.66000003443,14,209721.41000003443,-36573.75
2025-03-12,323148.93000003445,14,209738.93000003445,-36590.0
2025-03-13,321933.9900000345,15,209791.4900000345,-37857.5
2025-03-14,325768.9900000345,13,209791.4900000345,-34022.5
2025-03-16,324517.7400000345,13,209791.4900000345,-35273.75
2025-03-17,327711.03000003455,14,209773.53000003455,-32062.5
2025-03-18,325422.9500000346,16,209807.9500000346,-34385.0
2025-03-19,330754.2400000346,15,209852.99000003462,-29098.75
2025-03-20,328124.28000003466,14,209888.03000003466,-31763.75
2025-03-21,328484.3200000347,14,209923.0700000347,-31438.75
2025-03-23,330694.3200000347,13,209923.0700000347,-29228.75
2025-03-24,334156.8400000347,14,209940.59000003472,-25783.75
2025-03-25,335369.37000003475,14,209966.87000003475,-24597.5
2025-03-26,331186.9100000348,16,209991.91000003478,-28805.0
2025-03-27,329563.1900000348,16,210018.1900000348,-30455.0
2025-03-28,318552.60000003484,17,210043.85000003484,-41491.25
2025-03-30,316612.60000003484,16,210043.85000003484,-43431.25
2025-03-31,321158.8800000349,17,210070.13000003487,-38911.25
2025-04-01,323753.3000000349,17,210114.5500000349,-36361.25
2025-04-02,315332.09000003495,17,210149.59000003495,-44817.5
2025-04-03,303761.500000035,16,210175.25000003498,-56413.75
2025-04-04,279465.30000003503,17,210219.05000003503,-80753.75
2025-04-06,266205.30000003503,16,210219.05000003503,-94013.75
2025-04-07,285329.1000000351,16,210262.85000003508,-74933.75
2025-04-08,265712.9000000351,18,210306.65000003512,-94593.75
2025-04-09,308101.04000003514,16,210324.79000003514,-52223.75
2025-04-10,296521.07000003516,17,210351.07000003516,-63830.0
2025-04-11,303738.5900000352,16,210368.59000003518,-56630.0
2025-04-13,306832.3400000352,15,210368.59000003518,-53536.25
2025-04-14,306744.2400000352,16,210385.4900000352,-53641.25
2025-04-15,302591.15000003524,16,210421.15000003524,-57830.0
2025-04-16,299990.63000003534,17,210508.13000003534,-60517.5
2025-04-17,298711.28000003536,16,210535.03000003536,-61823.75
2025-04-20,294267.53000003536,15,210535.03000003536,-66267.5
2025-04-21,289254.4200000354,17,210543.17000003537,-71288.75
2025-04-22,303910.1000000354,17,210596.35000003543,-56686.25
2025-04-23,303777.62000003544,15,210613.87000003544,-56836.25
2025-04-24,314896.37000003544,15,210613.87000003544,-45717.5
2025-04-25,315792.6800000355,17,210666.4300000355,-44873.75
2025-04-27,313242.6800000355,15,210666.4300000355,-47423.75
2025-04-28,316550.2100000355,16,210692.71000003553,-44142.5
2025-04-29,316211.48000003555,16,210710.23000003555,-44498.75
2025-04-30,323032.7900000356,16,210762.7900000356,-37730.0
2025-05-01,325009.09000003565,17,210796.59000003565,-35787.5
2025-05-02,328416.6200000357,17,211440.37000003568,-33023.75
2025-05-04,325341.6200000357,15,211440.37000003568,-36098.75
2025-05-05,324784.82000003575,17,211501.07000003575,-36716.25
2025-05-06,324604.21000003576,17,211509.21000003576,-36905.0
2025-05-07,327548.6200000358,17,211544.8700000358,-33996.25
2025-05-08,326971.7700000358,18,211569.27000003582,-34597.5
2025-05-09,326506.2100000359,17,211637.46000003588,-35131.25
2025-05-11,332606.2100000359,16,211637.46000003588,-29031.25
2025-05-12,339313.1000000359,16,212773.1000000359,-23460.0
2025-05-13,343376.8800000359,15,212789.38000003592,-19412.5
2025-05-14,343040.710000036,15,212909.460000036,-19868.75
2025-05-15,345367.00000003603,14,212944.50000003603,-17577.5
2025-05-16,346367.01000003604,13,212953.26000003604,-16586.25
2025-05-18,343962.01000003604,13,212953.26000003604,-18991.25
2025-05-19,347489.53000003606,14,212970.78000003606,-15481.25
2025-05-20,346079.5900000361,15,213023.3400000361,-16943.75
2025-05-21,340234.0500000362,18,213082.8000000362,-22848.75
2025-05-22,339971.5700000362,17,213100.3200000362,-23128.75
2025-05-23,336217.85000003624,17,213126.60000003624,-26908.75
2025-05-25,341037.85000003624,16,213126.60000003624,-22088.75
2025-05-26,340177.85000003624,16,213126.60000003624,-22948.75
2025-05-27,345383.5100000363,17,213172.26000003627,-17788.75
2025-05-28,350051.6800000363,14,213206.68000003631,-13155.0
2025-05-29,344337.34000003635,14,213474.84000003635,-19137.5
2025-05-30,344682.4000000364,15,213527.4000000364,-18845.0
2025-06-01,343008.6500000364,13,213527.4000000364,-20518.75
2025-06-02,345438.6600000364,14,213536.1600000364,-18097.5
2025-06-03,348828.69000003644,14,213562.44000003644,-14733.75
2025-06-04,348745.59000003646,15,213579.34000003646,-14833.75
2025-06-05,347825.04000003653,15,213663.79000003653,-15838.75
2025-06-06,351092.56000003655,14,213681.31000003655,-12588.75
2025-06-08,350198.81000003655,13,213681.31000003655,-13482.5
2025-06-09,352856.9600000366,14,213698.21000003658,-10841.25
2025-06-10,352397.6200000366,15,213751.3700000366,-11353.75
2025-06-11,350970.8200000367,16,213812.07000003668,-12841.25
2025-06-12,348073.9800000367,14,213847.7300000367,-15773.75
2025-06-13,349282.8300000368,14,213935.3300000368,-14652.5
2025-06-15,349884.0800000368,13,213935.3300000368,-14051.25
2025-06-16,351681.74000003684,14,213929.24000003684,-12247.5
2025-06-17,349705.5400000369,16,213963.04000003688,-14257.5
2025-06-18,348943.11000003695,15,214034.36000003695,-15091.25
2025-06-19,348666.86000003695,13,214034.36000003695,-15367.5
2025-06-20,348960.63000003697,14,214051.88000003697,-15091.25
2025-06-22,347400.63000003697,13,214051.88000003697,-16651.25
2025-06-23,354649.400000037,15,214069.40000003699,-9420.0
2025-06-24,356660.030000037,14,214068.780000037,-7408.75
2025-06-25,357328.800000037,15,214112.550000037,-6783.75
2025-06-26,360594.45000003703,14,214213.20000003703,-3618.75
2025-06-27,361847.6600000371,15,214337.6600000371,-2490.0
2025-06-29,363467.6600000371,12,214337.6600000371,-870.0
2025-06-30,363471.44000003714,12,214463.94000003714,-992.5
2025-07-01,364100.22000003717,11,214505.22000003717,-405.0
2025-07-02,365098.3600000372,11,214533.36000003718,565.0
2025-07-03,365691.56000003725,9,215847.81000003725,-156.25
2025-07-04,365446.56000003725,2,215847.81000003725,-401.25
2025-07-06,365624.06000003725,2,215847.81000003725,-223.75
2025-07-07,364896.04000003735,16,215894.79000003735,-998.75
2025-07-08,364189.1900000374,15,215936.69000003737,-1747.5
2025-07-09,366166.1000000374,15,215999.8500000374,166.25
2025-07-10,367540.5800000375,14,217660.5800000375,-120.0
2025-07-11,367540.64000003756,6,217728.14000003756,-187.5
2025-07-13,367130.64000003756,4,217728.14000003756,-597.5
2025-07-14,368058.7900000376,6,217755.04000003758,303.75
2025-07-15,366029.5300000377,14,218593.2800000377,-2563.75
2025-07-16,367549.6300000378,18,218877.13000003778,-1327.5
2025-07-17,370098.45000003785,10,220025.95000003785,72.5
2025-07-18,370066.0200000379,8,220092.2700000379,-26.25
2025-07-20,370193.5200000379,6,220092.2700000379,101.25
2025-07-21,370456.730000038,7,220865.480000038,-408.75
2025-07-22,371253.65000003803,10,220919.90000003803,333.75
2025-07-23,372221.8500000381,8,222163.1000000381,58.75
2025-07-24,372657.53000003815,6,222311.28000003815,346.25
2025-07-25,372856.9300000382,6,222353.18000003818,503.75
2025-07-27,373431.9300000382,5,222353.18000003818,1078.75
2025-07-28,373260.76000003825,8,223002.01000003825,258.75
2025-07-29,372953.3100000383,10,223109.5600000383,-156.25
2025-07-30,374970.97000003845,15,224833.47000003845,137.5
2025-07-31,373244.19000003854,10,224896.69000003854,-1652.5
2025-08-01,368278.6200000386,16,224934.8700000386,-6656.25
2025-08-03,370266.1200000386,15,224934.8700000386,-4668.75
2025-08-04,375651.7500000386,15,224976.7500000386,675.0
2025-08-05,373868.05000003864,17,225030.55000003864,-1162.5
2025-08-06,377358.69000003865,16,225058.69000003865,2300.0
2025-08-07,379588.8600000388,15,228826.3600000388,762.5
2025-08-08,380641.4600000389,13,230611.4600000389,30.0
2025-08-10,380640.2100000389,1,230611.4600000389,28.75
2025-08-11,380585.90000003896,7,230663.40000003896,-77.5
2025-08-12,381949.10000003903,6,231785.35000003903,163.75
2025-08-13,382469.1600000391,7,232312.9100000391,156.25
2025-08-14,383041.0700000391,6,232353.57000003912,687.5
2025-08-15,382071.7600000392,9,232456.76000003918,-385.0
2025-08-17,382713.0100000392,9,232456.76000003918,256.25
2025-08-18,381823.6600000392,11,232483.6600000392,-660.0
2025-08-19,378378.7500000393,18,232562.5000000393,-4183.75
2025-08-20,378674.43000003934,18,232605.68000003934,-3931.25
2025-08-21,376290.70000003936,18,232623.20000003936,-6332.5
2025-08-22,383077.66000003944,17,232887.66000003944,190.0
2025-08-24,382860.16000003944,6,232887.66000003944,-27.5
2025-08-25,381792.69000003947,8,232913.94000003947,-1121.25
2025-08-26,383284.0000000395,9,233011.50000003952,272.5
2025-08-27,383589.6900000396,6,233673.44000003958,-83.75
2025-08-28,384103.49000003963,5,234183.49000003963,-80.0
2025-08-29,383201.10000003973,14,234259.85000003973,-1058.75
2025-08-31,382989.85000003973,13,234259.85000003973,-1270.0
2025-09-01,382892.35000003973,13,234259.85000003973,-1367.5
2025-09-02,380473.6600000398,18,234392.4100000398,-3918.75
2025-09-03,382454.2900000398,13,234416.7900000398,-1962.5
2025-09-04,385538.6900000398,12,234483.69000003982,1055.0
2025-09-05,386053.20000003994,14,236163.20000003994,-110.0
2025-09-07,386713.20000003994,12,236163.20000003994,550.0
2025-09-08,387908.31000004004,12,237618.31000004004,290.0
2025-09-09,388597.07000004005,7,237632.07000004005,965.0
2025-09-10,389413.4000000401,7,239089.65000004013,323.75
2025-09-11,390153.4600000402,6,240084.71000004018,68.75
2025-09-12,390174.7400000402,3,240125.9900000402,48.75
2025-09-14,390212.2400000402,2,240125.9900000402,86.25
2025-09-15,390634.1900000402,4,240396.69000004025,237.5
2025-09-16,390373.60000004026,5,240437.3500000403,-63.75
2025-09-17,392323.72000004037,10,240557.4700000404,1766.25
2025-09-18,392481.9600000405,10,242488.2100000405,-6.25
2025-09-19,393238.2600000405,7,243249.51000004055,-11.25
2025-09-21,393228.2600000405,1,243249.51000004055,-21.25
2025-09-22,393563.29000004055,2,243512.04000004058,51.25
2025-09-23,393315.8500000406,8,243549.60000004063,-233.75
2025-09-24,393324.02000004065,12,243615.27000004068,-291.25
2025-09-25,391361.5800000407,15,243667.83000004073,-2306.25
2025-09-26,394161.5800000407,14,243667.83000004073,493.75
2025-09-28,395421.5800000407,14,243667.83000004073,1753.75
2025-09-29,395846.6900000408,14,245926.69000004084,-80.0
2025-09-30,396848.6600000409,9,246978.66000004092,-130.0
2025-10-01,397869.380000041,6,247736.880000041,132.5
2025-10-02,398573.170000041,7,247945.67000004105,627.5
2025-10-03,398535.80000004114,7,248789.55000004117,-253.75
2025-10-05,399150.80000004114,6,248789.55000004117,361.25
2025-10-06,399016.44000004116,7,248901.44000004118,115.0
2025-10-07,399288.4400000413,13,249617.1900000413,-328.75
2025-10-08,400804.78000004136,12,250814.78000004138,-10.0
2025-10-09,401027.39000004146,13,250891.1400000415,136.25
2025-10-10,387958.2700000417,18,252314.52000004172,-14356.25
2025-10-12,398030.7700000417,17,252314.52000004172,-4283.75
2025-10-13,399416.4300000417,17,253062.68000004176,-3646.25
2025-10-14,400422.7500000418,13,253144.00000004182,-2721.25
2025-10-15,403183.54000004195,15,254472.29000004198,-1288.75
2025-10-16,398577.990000042,18,254602.99000004205,-6025.0
2025-10-17,403081.15000004205,14,254693.65000004208,-1612.5
2025-10-19,403754.90000004205,11,254693.65000004208,-938.75
2025-10-20,405987.4700000421,11,255932.47000004214,55.0
2025-10-21,406264.4100000422,5,255999.4100000422,265.0
2025-10-22,407015.2000000423,15,256180.20000004236,835.0
2025-10-23,408820.35000004247,15,258687.8500000425,132.5
2025-10-24,409142.2800000425,6,259429.78000004255,-287.5
2025-10-26,410724.7800000425,6,259429.78000004255,1295.0
2025-10-27,411106.71000004257,6,261111.7100000426,-5.0
2025-10-28,411598.0100000426,5,261370.51000004265,227.5
2025-10-29,412458.7400000427,7,262236.2400000427,222.5
2025-10-30,412786.28000004275,8,262246.28000004275,540.0
2025-10-31,412090.0800000428,13,262285.0800000428,-195.0
2025-11-02,412945.0800000428,12,262285.0800000428,660.0
2025-11-03,413436.4400000429,12,264251.4400000429,-815.0
2025-11-04,411206.4600000429,10,264248.9600000429,-3042.5
2025-11-05,413072.12000004295,13,264274.62000004295,-1202.5
2025-11-06,407730.98000004306,18,264420.98000004306,-6690.0
2025-11-07,408864.74000004306,15,264429.74000004306,-5565.0
2025-11-09,411639.74000004306,15,264429.74000004306,-2790.0
2025-11-10,414231.6600000431,15,264979.1600000431,-747.5
2025-11-11,415147.96000004315,7,265047.96000004315,100.0
2025-11-12,415370.4800000432,7,265075.4800000432,295.0
2025-11-13,411303.05000004324,11,265141.80000004324,-3838.75
2025-11-14,412434.95000004326,12,265168.70000004326,-2733.75
2025-11-16,413576.20000004326,11,265168.70000004326,-1592.5
2025-11-17,406731.2300000433,13,265194.9800000433,-8463.75
2025-11-18,405080.05000004335,18,265376.30000004335,-10296.25
2025-11-19,411735.05000004335,11,265376.30000004335,-3641.25
2025-11-20,401375.1300000434,19,265426.3800000434,-14051.25
2025-11-21,405203.30000004347,19,265783.30000004347,-10580.0
2025-11-23,406238.30000004347,12,265783.30000004347,-9545.0
2025-11-24,410295.1900000435,12,265821.4400000435,-5526.25
2025-11-25,414288.3500000435,11,265877.1000000435,-1588.75
2025-11-26,415917.75000004354,12,265904.00000004354,13.75
2025-11-27,416206.50000004354,11,265904.00000004354,302.5
2025-11-28,417271.5700000436,11,267171.5700000436,100.0
2025-11-30,416540.3200000436,3,267171.5700000436,-631.25
2025-12-01,416433.50000004366,9,267209.75000004366,-776.25
2025-12-02,418334.86000004376,8,267954.86000004376,380.0
2025-12-03,418597.4200000438,6,268622.4200000438,-25.0
2025-12-04,419534.3800000439,8,268701.8800000439,832.5
2025-12-05,419729.490000044,8,269624.490000044,105.0
2025-12-07,420123.240000044,7,269624.490000044,498.75
2025-12-08,419460.18000004406,14,269661.43000004406,-201.25
2025-12-09,418743.3500000441,17,269700.8500000441,-957.5
2025-12-10,420308.50000004424,18,271148.50000004424,-840.0
2025-12-11,422151.7000000443,7,272030.4500000443,121.25
2025-12-12,420374.97000004444,15,272132.47000004444,-1757.5
2025-12-14,421537.47000004444,15,272132.47000004444,-595.0
2025-12-15,417397.6500000445,16,272136.4000000445,-4738.75
2025-12-16,417318.35000004456,18,272272.10000004456,-4953.75
2025-12-17,413319.6700000446,15,272333.4200000446,-9013.75
2025-12-18,416513.43000004464,15,272342.18000004464,-5828.75
2025-12-19,420559.71000004467,14,272428.46000004467,-1868.75
2025-12-21,421249.71000004467,12,272428.46000004467,-1178.75
2025-12-22,422534.7400000447,12,272634.7400000447,-100.0
2025-12-23,423743.55000004475,10,273773.55000004475,-30.0
2025-12-24,423912.32000004477,2,273911.07000004477,1.25
2025-12-25,423927.32000004477,2,273911.07000004477,16.25
2025-12-26,423954.2200000448,3,273937.9700000448,16.25
2025-12-28,423957.9700000448,3,273937.9700000448,20.0
2025-12-29,423881.1300000448,8,273948.6300000448,-67.5
2025-12-30,423059.30000004487,9,274003.05000004487,-943.75
2025-12-31,420293.75000004494,18,274038.75000004494,-3745.0
2026-01-01,422858.75000004494,18,274038.75000004494,-1180.0
2026-01-02,422516.320000045,18,274790.070000045,-2273.75
2026-01-04,423286.320000045,14,274790.070000045,-1503.75
2026-01-05,426176.4300000451,14,276232.6800000451,-56.25
2026-01-06,427337.7800000452,8,277382.7800000452,-45.0
2026-01-07,426287.8900000453,10,277474.1400000453,-1186.25
2026-01-08,426874.19000004535,15,277527.94000004535,-653.75
2026-01-09,428946.80000004545,13,279061.80000004545,-115.0
2026-01-11,428201.80000004545,4,279061.80000004545,-860.0
2026-01-12,429216.2000000455,5,279103.7000000455,112.5
2026-01-13,428840.03000004555,7,279198.78000004555,-358.75
2026-01-14,428194.4800000456,14,279234.4800000456,-1040.0
2026-01-15,432277.75000004575,14,281856.50000004575,421.25
2026-01-16,431004.0300000458,14,281882.7800000458,-878.75
2026-01-18,426892.7800000458,13,281882.7800000458,-4990.0
2026-01-19,426096.5300000458,13,281882.7800000458,-5786.25
2026-01-20,422176.60000004584,18,281954.10000004584,-9777.5
2026-01-21,428054.1400000459,17,282069.1400000459,-4015.0
2026-01-22,429947.9000000459,14,282077.9000000459,-2130.0
2026-01-23,428356.6700000459,14,282095.4200000459,-3738.75
2026-01-25,427950.4200000459,13,282095.4200000459,-4145.0
2026-01-26,432622.95000004594,13,282156.70000004594,466.25
2026-01-27,433773.05000004603,13,283388.05000004603,385.0
2026-01-28,433773.7500000461,7,283517.5000000461,256.25
2026-01-29,434902.05000004626,14,285337.05000004626,-435.0
2026-01-30,434968.38000004634,11,285387.13000004634,-418.75
2026-02-01,431517.13000004634,11,285387.13000004634,-3870.0
2026-02-02,436952.23000004643,11,286817.23000004643,135.0
2026-02-03,435984.9100000466,19,287054.9100000466,-1070.0
2026-02-04,434179.97000004665,15,287107.47000004665,-2927.5
2026-02-05,425461.2700000467,18,287201.2700000467,-11740.0
2026-02-06,436358.1700000467,15,287313.1700000467,-955.0
2026-02-08,437008.1700000467,10,287313.1700000467,-305.0
2026-02-09,438495.16000004683,10,288522.66000004683,-27.5
2026-02-10,438658.9700000469,10,288560.2200000469,98.75
2026-02-11,440044.090000047,9,289784.090000047,260.0
2026-02-12,432857.29000004707,18,289799.79000004707,-6942.5
2026-02-13,433116.0900000471,19,289923.5900000471,-6807.5
2026-02-15,434271.0900000471,14,289923.5900000471,-5652.5
2026-02-16,431523.5900000471,14,289923.5900000471,-8400.0
2026-02-17,435233.6500000472,15,289976.1500000472,-4742.5
2026-02-18,436733.0800000472,14,290094.3300000472,-3361.25
2026-02-19,437301.87000004726,17,290104.37000004726,-2802.5
2026-02-20,438578.7900000473,18,290297.5400000473,-1718.75
2026-02-22,435878.7900000473,10,290297.5400000473,-4418.75
2026-02-23,436275.72000004735,16,290335.72000004735,-4060.0
2026-02-24,439034.5000000474,16,290377.0000000474,-1342.5
2026-02-25,442496.5100000475,15,292635.2600000475,-138.75
2026-02-26,440488.53000004764,15,292737.28000004764,-2248.75
2026-02-27,439031.1000000477,18,292923.6000000477,-3892.5
2026-03-01,436597.3500000477,11,292923.6000000477,-6326.25
2026-03-02,436970.50000004773,13,292950.50000004773,-5980.0
2026-03-03,434792.49000004784,18,293181.24000004784,-8388.75
2026-03-04,438890.01000004786,12,293208.76000004786,-4318.75
2026-03-05,437831.3300000479,13,293305.0800000479,-5473.75
2026-03-06,432084.49000004795,13,293345.74000004795,-11261.25
2026-03-08,424284.49000004795,12,293345.74000004795,-19061.25
2026-03-09,436837.650000048,17,293356.400000048,-6518.75
2026-03-10,439973.99000004807,18,296822.74000004807,-6848.75
2026-03-11,433992.7500000481,12,296836.5000000481,-12843.75
2026-03-12,433456.5400000481,12,296891.5400000481,-13435.0
2026-03-13,428717.81000004814,15,296889.06000004814,-18171.25
2026-03-15,432299.06000004814,15,296889.06000004814,-14590.0
2026-03-16,432871.7400000482,15,296900.4900000482,-14028.75
2026-03-17,437825.5200000482,15,297073.0200000482,-9247.5
2026-03-18,429479.9700000483,18,297153.7200000483,-17673.75
2026-03-19,428388.1100000483,18,297216.8600000483,-18828.75
2026-03-20,422312.5100000483,17,297233.7600000483,-24921.25
2026-03-22,417212.5100000483,16,297233.7600000483,-30021.25
2026-03-23,425127.54000004835,16,297671.29000004835,-22543.75
2026-03-24,427845.06000004837,13,297688.81000004837,-19843.75
2026-03-25,427350.06000004837,12,297688.81000004837,-20338.75
2026-03-26,422158.8600000484,13,297732.6100000484,-25573.75
2026-03-27,412927.6200000484,13,297741.3700000484,-34813.75
2026-03-29,413602.6200000484,12,297741.3700000484,-34138.75
2026-03-30,415687.6200000484,12,297741.3700000484,-32053.75
2026-03-31,423847.6200000484,12,297741.3700000484,-23893.75
2026-04-01,421317.66000004846,13,297776.41000004846,-26458.75
2026-04-02,425888.9400000485,13,297802.6900000485,-21913.75
2026-04-03,425333.9400000485,12,297802.6900000485,-22468.75
2026-04-05,425843.9400000485,12,297802.6900000485,-21958.75
2026-04-06,426500.2200000485,13,297828.9700000485,-21328.75
2026-04-07,438085.26000004855,13,297864.01000004855,-9778.75
2026-04-08,437907.1800000486,12,298179.6800000486,-10272.5
2026-04-09,441055.9400000486,11,298193.4400000486,-7137.5
2026-04-10,440932.22000004863,12,298234.72000004863,-7302.5
2026-04-12,437535.97000004863,11,298234.72000004863,-10698.75
2026-04-13,444300.99000004865,13,298262.24000004865,-3961.25
2026-04-14,448859.7600000487,11,298304.7600000487,555.0
2026-04-15,449940.48000004876,9,299617.98000004876,322.5
2026-04-16,451002.4800000489,7,300706.2300000489,296.25
2026-04-17,452785.710000049,8,302750.710000049,35.0
2026-04-19,450985.710000049,8,302750.710000049,-1765.0
2026-04-20,452967.65000004903,14,302802.65000004903,165.0
2026-04-21,451596.4700000491,18,302946.4700000491,-1350.0
2026-04-22,451460.26000004914,13,303051.51000004914,-1591.25
2026-04-23,452101.65000004927,18,303259.15000004927,-1157.5
2026-04-24,454576.72000004933,11,304471.72000004933,105.0
2026-04-26,454685.47000004933,3,304471.72000004933,213.75
2026-04-27,454927.37000004936,5,304498.62000004936,428.75
2026-04-28,455111.8200000494,9,304564.3200000494,547.5
2026-04-29,456217.6200000496,15,306296.3700000496,-78.75
2026-04-30,457385.82000004966,4,307290.82000004966,95.0
2026-05-01,456212.16000004974,11,307559.66000004974,-1347.5
2026-05-03,457243.41000004974,11,307559.66000004974,-316.25
2026-05-04,456107.8700000498,17,307639.1200000498,-1531.25
2026-05-05,460149.2200000499,16,309635.4700000499,513.75
2026-05-06,460934.91000005,4,310881.16000005,53.75
2026-05-07,461173.7800000501,14,311066.2800000501,107.5
2026-05-08,462781.37000005017,13,312738.87000005017,42.5
2026-05-10,462646.37000005017,3,312738.87000005017,-92.5
2026-05-11,462909.56000005023,4,313152.06000005023,-242.5
2026-05-12,464740.3700000504,14,314631.6200000504,108.75
2026-05-13,465532.3200000505,5,315518.5700000505,13.75
2026-05-14,465935.54000005056,5,316116.79000005056,-181.25
2026-05-15,464373.75000005064,8,316196.25000005064,-1822.5
2026-05-17,463103.75000005064,8,316196.25000005064,-3092.5
2026-05-18,465212.5500000507,12,316235.0500000507,-1022.5
2026-05-19,462238.25000005076,18,316367.00000005076,-4128.75
2026-05-20,466442.6600000508,15,316800.1600000508,-357.5
2026-05-21,468532.7700000509,9,317849.0200000509,683.75
2026-05-22,468486.660000051,10,319294.160000051,-807.5
2026-05-24,472086.660000051,10,319294.160000051,2792.5
2026-05-25,471311.660000051,10,319294.160000051,2017.5
2026-05-26,471258.03000005113,10,321006.78000005113,251.25
2026-05-27,472033.69000005117,8,321047.44000005117,986.25
