dt,equity,qty,realized,unrealized
2019-05-05,150000.0,0,0.0,0.0
2019-05-06,150042.52,2,122.51999999999998,-80.0
2019-05-07,150158.19,11,116.93999999999994,41.25
2019-05-08,149030.69,11,116.93999999999994,-1086.25
2019-05-09,148648.21,15,114.45999999999992,-1466.25
2019-05-10,151278.22,17,113.21999999999991,1165.0
2019-05-12,148728.22,17,113.21999999999991,-1385.0
2019-05-13,145854.49,21,110.7399999999999,-4256.25
2019-05-14,148190.74,21,110.7399999999999,-1920.0
2019-05-15,148453.24,21,110.7399999999999,-1657.5
2019-05-16,152573.36,21,2743.3600000000006,-170.0
2019-05-17,152483.99,4,2742.7400000000007,-258.75
2019-05-19,152668.99,4,2742.7400000000007,-73.75
2019-05-20,152567.75,6,2741.500000000001,-173.75
2019-05-21,152882.75,6,2741.500000000001,141.25
2019-05-22,152282.75,6,2741.500000000001,-458.75
2019-05-23,151915.9,11,2738.4000000000015,-822.5
2019-05-24,152094.65,11,2738.4000000000015,-643.75
2019-05-26,152025.9,11,2738.4000000000015,-712.5
2019-05-27,152479.65,11,2738.4000000000015,-258.75
2019-05-28,150140.28,12,2737.7800000000016,-2597.5
2019-05-29,149639.05,16,2735.300000000002,-3096.25
2019-05-30,148699.05,16,2735.300000000002,-4036.25
2019-05-31,147066.57,18,2782.8200000000024,-5716.25
2019-06-02,145946.57,16,2782.8200000000024,-6836.25
2019-06-03,147126.57,16,2782.8200000000024,-5656.25
2019-06-04,151272.84,16,2880.340000000003,-1607.5
2019-06-05,152022.86000000002,12,3106.6100000000033,-1083.75
2019-06-06,152720.38,8,3204.1300000000037,-483.75
2019-06-07,153187.89,4,3252.890000000004,-65.0
2019-06-09,153242.89,2,3252.890000000004,-10.0
2019-06-10,153369.16,2,3321.6600000000044,47.5
2019-06-11,153299.79,3,3321.0400000000045,-21.25
2019-06-12,153162.92,4,3320.4200000000046,-157.5
2019-06-13,153562.92,4,3320.4200000000046,242.5
2019-06-14,153462.92,4,3320.4200000000046,142.5
2019-06-16,153577.96,4,3310.4600000000046,267.5
2019-06-17,153442.96,4,3310.4600000000046,132.5
2019-06-18,153886.11000000002,4,3809.860000000005,76.25
2019-06-19,153971.11000000002,1,3809.860000000005,161.25
2019-06-20,154108.64,5,4044.890000000006,63.75
2019-06-21,154014.89,5,4044.890000000006,-30.0
2019-06-23,154327.39,5,4044.890000000006,282.5
2019-06-24,153952.39,5,4044.890000000006,-92.5
2019-06-25,153325.53,8,4043.030000000006,-717.5
2019-06-26,153517.41,9,4042.410000000006,-525.0
2019-06-27,153753.66,9,4042.410000000006,-288.75
2019-06-28,154709.91,9,4042.410000000006,667.5
2019-06-30,155418.66,9,4042.410000000006,1376.25
2019-07-01,155842.48,9,5837.480000000008,5.0
2019-07-02,155973.73,5,5837.480000000008,136.25
2019-07-03,156480.01,5,6463.760000000008,16.25
2019-07-04,156498.76,1,6463.760000000008,35.0
2019-07-05,156598.15000000002,4,6461.900000000009,136.25
2019-07-07,156458.15000000002,4,6461.900000000009,-3.75
2019-07-08,156088.15000000002,4,6461.900000000009,-373.75
2019-07-09,156476.28,5,6461.280000000009,15.0
2019-07-10,157213.2,5,7083.20000000001,130.0
2019-07-11,157333.2,4,7083.20000000001,250.0
2019-07-12,157393.2,4,7083.20000000001,310.0
2019-07-14,157468.2,4,7083.20000000001,385.0
2019-07-15,157503.2,4,7083.20000000001,420.0
2019-07-16,157273.2,4,7083.20000000001,190.0
2019-07-17,156635.08000000002,5,7082.58000000001,-447.5
2019-07-18,157465.71000000002,6,7081.96000000001,383.75
2019-07-19,156408.21000000002,6,7081.96000000001,-673.75
2019-07-21,156573.21000000002,6,7081.96000000001,-508.75
2019-07-22,157030.71000000002,6,7081.96000000001,-51.25
2019-07-23,157510.71000000002,6,7081.96000000001,428.75
2019-07-24,157847.62000000002,6,7828.870000000011,18.75
2019-07-25,157907.01,4,7827.010000000011,80.0
2019-07-26,158087.01,4,7827.010000000011,260.0
2019-07-28,158052.01,4,7827.010000000011,225.0
2019-07-29,158132.01,4,7827.010000000011,305.0
2019-07-30,158002.01,4,7827.010000000011,175.0
2019-07-31,157479.54,10,7823.290000000012,-343.75
2019-08-01,155406.43000000002,13,7821.430000000012,-2415.0
2019-08-02,154942.08000000002,18,7818.330000000013,-2876.25
2019-08-04,151724.58000000002,18,7818.330000000013,-6093.75
2019-08-05,145479.64,30,7810.890000000014,-12331.25
2019-08-06,148704.64,30,7810.890000000014,-9106.25
2019-08-07,153542.14,30,7810.890000000014,-4268.75
2019-08-08,158587.22,30,12183.470000000005,-3596.25
2019-08-09,158324.72,14,12183.470000000005,-3858.75
2019-08-11,158412.22,14,12183.470000000005,-3771.25
2019-08-12,155594.72,14,12183.470000000005,-6588.75
2019-08-13,158622.85,14,12207.850000000004,-3585.0
2019-08-14,153487.85,13,12207.850000000004,-8720.0
2019-08-15,154722.85,13,12207.850000000004,-7485.0
2019-08-16,156315.35,13,12207.850000000004,-5892.5
2019-08-18,157241.6,13,12207.850000000004,-4966.25
2019-08-19,158606.6,13,12207.850000000004,-3601.25
2019-08-20,157274.1,13,12207.850000000004,-4933.75
2019-08-21,158590.35,13,12207.850000000004,-3617.5
2019-08-22,158947.85,13,12207.850000000004,-3260.0
2019-08-23,153715.35,13,12207.850000000004,-8492.5
2019-08-25,153000.35,13,12207.850000000004,-9207.5
2019-08-26,155730.35,13,12207.850000000004,-6477.5
2019-08-27,155259.1,13,12207.850000000004,-6948.75
2019-08-28,155551.6,13,12207.850000000004,-6656.25
2019-08-29,159029.1,13,12207.850000000004,-3178.75
2019-08-30,158411.6,13,12207.850000000004,-3796.25
2019-09-01,157631.6,13,12207.850000000004,-4576.25
2019-09-02,157387.85,13,12207.850000000004,-4820.0
2019-09-03,157810.35,13,12207.850000000004,-4397.5
2019-09-04,161239.1,13,12207.850000000004,-968.75
2019-09-05,161715.38,13,12519.13,-803.75
2019-09-06,161872.88,7,12519.13,-646.25
2019-09-08,161969.13,7,12519.13,-550.0
2019-09-09,161708.51,7,12547.259999999998,-838.75
2019-09-10,161776.01,6,12547.259999999998,-771.25
2019-09-11,162706.02,6,12596.019999999997,110.0
2019-09-12,162661.66,4,12676.659999999994,-15.0
2019-09-13,162619.16,1,12676.659999999994,-57.5
2019-09-15,162532.91999999998,1,12674.169999999995,-141.25
2019-09-16,162567.91999999998,1,12674.169999999995,-106.25
2019-09-17,162589.16999999998,1,12674.169999999995,-85.0
2019-09-18,162565.41999999998,1,12674.169999999995,-108.75
2019-09-19,162622.91999999998,1,12674.169999999995,-51.25
2019-09-20,162515.41999999998,1,12674.169999999995,-158.75
2019-09-22,162575.41999999998,1,12674.169999999995,-98.75
2019-09-23,162591.66999999998,1,12674.169999999995,-82.5
2019-09-24,162452.91999999998,1,12674.169999999995,-221.25
2019-09-25,162485.41999999998,1,12674.169999999995,-188.75
2019-09-26,162449.16999999998,1,12674.169999999995,-225.0
2019-09-27,162411.66999999998,1,12674.169999999995,-262.5
2019-09-29,162454.16999999998,1,12674.169999999995,-220.0
2019-09-30,162520.41999999998,1,12674.169999999995,-153.75
2019-10-01,162292.91999999998,1,12674.169999999995,-381.25
2019-10-02,162010.41999999998,1,12674.169999999995,-663.75
2019-10-03,162107.91999999998,1,12674.169999999995,-566.25
2019-10-04,162322.91999999998,1,12674.169999999995,-351.25
2019-10-06,162256.66999999998,1,12674.169999999995,-417.5
2019-10-07,162304.16999999998,1,12674.169999999995,-370.0
2019-10-08,162071.66999999998,1,12674.169999999995,-602.5
2019-10-09,162136.66999999998,1,12674.169999999995,-537.5
2019-10-10,162321.66999999998,1,12674.169999999995,-352.5
2019-10-11,162420.41999999998,1,12674.169999999995,-253.75
2019-10-13,162459.16999999998,1,12674.169999999995,-215.0
2019-10-14,162429.16999999998,1,12674.169999999995,-245.0
2019-10-15,162507.91999999998,1,12674.169999999995,-166.25
2019-10-16,162516.66999999998,1,12674.169999999995,-157.5
2019-10-17,162537.91999999998,1,12674.169999999995,-136.25
2019-10-18,162515.41999999998,1,12674.169999999995,-158.75
2019-10-20,162546.66999999998,1,12674.169999999995,-127.5
2019-10-21,162629.16999999998,1,12674.169999999995,-45.0
2019-10-22,162504.16999999998,1,12674.169999999995,-170.0
2019-10-23,162597.91999999998,1,12674.169999999995,-76.25
2019-10-24,162590.41999999998,1,12674.169999999995,-83.75
2019-10-25,162662.31,2,12697.309999999992,-35.0
2019-10-27,162717.31,2,12697.309999999992,20.0
2019-10-28,162844.81,2,12697.309999999992,147.5
2019-10-29,162799.81,2,12697.309999999992,102.5
2019-10-30,162949.19999999998,2,12945.44999999999,3.75
2019-10-31,163135.46999999997,5,12942.969999999987,192.5
2019-11-01,163614.87999999998,5,13568.629999999981,46.25
2019-11-03,163684.87999999998,2,13568.629999999981,116.25
2019-11-04,163794.87999999998,2,13568.629999999981,226.25
2019-11-05,163689.87999999998,2,13568.629999999981,121.25
2019-11-06,163709.87999999998,2,13568.629999999981,141.25
2019-11-07,163784.89999999997,2,13859.899999999978,-75.0
2019-11-08,164008.02999999997,3,13859.279999999977,148.75
2019-11-10,163869.27999999997,3,13859.279999999977,10.0
2019-11-11,163903.02999999997,3,13859.279999999977,43.75
2019-11-12,163873.02999999997,3,13859.279999999977,13.75
2019-11-13,164011.77999999997,3,13859.279999999977,152.5
2019-11-14,164244.27999999997,3,13859.279999999977,385.0
2019-11-15,164397.42999999996,3,14282.429999999973,115.0
2019-11-17,164374.92999999996,2,14282.429999999973,92.5
2019-11-18,164447.42999999996,2,14282.429999999973,165.0
2019-11-19,164344.92999999996,2,14282.429999999973,62.5
2019-11-20,164266.18999999997,4,14281.189999999971,-15.0
2019-11-21,164406.18999999997,4,14281.189999999971,125.0
2019-11-22,164486.18999999997,4,14281.189999999971,205.0
2019-11-24,164606.18999999997,4,14281.189999999971,325.0
2019-11-25,164818.08999999997,4,14778.089999999967,40.0
2019-11-26,164874.33999999997,1,14778.089999999967,96.25
2019-11-27,164868.09999999998,1,14901.849999999966,-33.75
2019-11-28,164868.09999999998,1,14901.849999999966,-33.75
2019-11-29,164849.35999999996,3,14900.609999999964,-51.25
2019-12-01,164991.85999999996,3,14900.609999999964,91.25
2019-12-02,164343.75999999995,8,14897.50999999996,-553.75
2019-12-03,163456.26999999996,10,14896.269999999959,-1440.0
2019-12-04,164306.26999999996,10,14896.269999999959,-590.0
2019-12-05,164818.76999999996,10,14896.269999999959,-77.5
2019-12-06,166139.44999999995,10,16149.44999999995,-10.0
2019-12-08,166114.44999999995,1,16149.44999999995,-35.0
2019-12-09,166051.33999999994,4,16147.589999999947,-96.25
2019-12-10,166035.71999999994,5,16146.969999999947,-111.25
2019-12-11,166354.46999999994,5,16146.969999999947,207.5
2019-12-12,167130.75999999995,5,16768.25999999995,362.5
2019-12-13,167225.79999999996,5,17140.79999999996,85.0
2019-12-15,167432.09999999995,5,17128.34999999996,303.75
2019-12-16,167760.87999999998,5,17753.379999999965,7.5
2019-12-17,167744.62999999998,1,17753.379999999965,-8.75
2019-12-18,167757.12999999998,1,17753.379999999965,3.75
2019-12-19,167825.87999999998,1,17753.379999999965,72.5
2019-12-20,167888.38999999996,1,17877.139999999967,11.25
2019-12-22,167907.13999999996,1,17877.139999999967,30.0
2019-12-23,167904.63999999996,1,17877.139999999967,27.5
2019-12-24,167898.38999999996,1,17877.139999999967,21.25
2019-12-25,167913.38999999996,1,17877.139999999967,36.25
2019-12-26,168010.88999999996,1,17877.139999999967,133.75
2019-12-27,167899.65999999997,3,18014.65999999997,-115.0
2019-12-29,168008.40999999997,3,18014.65999999997,-6.25
2019-12-30,167754.05,6,18012.799999999974,-258.75
2019-12-31,168124.67999999996,7,18012.179999999975,112.5
2020-01-01,168255.92999999996,7,18012.179999999975,243.75
2020-01-02,168782.21999999997,7,18889.719999999983,-107.5
2020-01-03,168819.09999999998,2,18889.099999999984,-70.0
2020-01-05,168744.09999999998,2,18889.099999999984,-145.0
2020-01-06,169175.97999999998,3,18888.479999999985,287.5
2020-01-07,168744.72999999998,3,18888.479999999985,-143.75
2020-01-08,169324.13,3,19262.87999999999,61.25
2020-01-09,169526.63,2,19262.87999999999,263.75
2020-01-10,169309.79,5,19509.789999999997,-200.0
2020-01-12,169559.79,5,19509.789999999997,50.0
2020-01-13,169959.79,5,19509.789999999997,450.0
2020-01-14,169741.04,5,19509.789999999997,231.25
2020-01-15,170253.58000000002,5,20129.830000000005,123.75
2020-01-16,170511.1,3,20502.35000000001,8.75
2020-01-17,170539.85,1,20502.35000000001,37.5
2020-01-19,170553.6,1,20502.35000000001,51.25
2020-01-20,170479.85,1,20502.35000000001,-22.5
2020-01-21,170594.85,1,20502.35000000001,92.5
2020-01-22,170503.6,1,20502.35000000001,1.25
2020-01-23,170786.11000000002,3,20501.11000000001,285.0
2020-01-24,170209.88,7,20498.630000000016,-288.75
2020-01-26,169186.13,7,20498.630000000016,-1312.5
2020-01-27,169054.26,8,20498.010000000017,-1443.75
2020-01-28,170364.26,8,20498.010000000017,-133.75
2020-01-29,168974.26,8,20498.010000000017,-1523.75
2020-01-30,170624.26,8,20498.010000000017,126.25
2020-01-31,167960.53000000003,11,20531.78000000002,-2571.25
2020-02-02,168873.03000000003,10,20531.78000000002,-1658.75
2020-02-03,169467.42,10,20727.420000000024,-1260.0
2020-02-04,170594.94000000003,7,20827.440000000028,-232.5
2020-02-05,171589.97000000003,3,21093.720000000034,496.25
2020-02-06,171485.62000000005,3,21466.87000000004,18.75
2020-02-07,171250.63000000003,4,21465.63000000004,-215.0
2020-02-09,171310.63000000003,4,21465.63000000004,-155.0
2020-02-10,172256.26000000004,5,21465.010000000042,791.25
2020-02-11,172397.55000000005,5,22345.05000000005,52.5
2020-02-12,172446.30000000005,3,22345.05000000005,101.25
2020-02-13,172697.55000000005,3,22345.05000000005,352.5
2020-02-14,172641.30000000005,3,22345.05000000005,296.25
2020-02-16,172742.55000000005,3,22345.05000000005,397.5
2020-02-17,172521.30000000005,3,22345.05000000005,176.25
2020-02-18,172615.05000000005,3,22345.05000000005,270.0
2020-02-19,172698.82000000007,3,22717.570000000054,-18.75
2020-02-20,172350.10000000006,7,22713.85000000006,-363.75
2020-02-21,171698.24000000005,10,22711.990000000063,-1013.75
2020-02-23,169535.74000000005,10,22711.990000000063,-3176.25
2020-02-24,168070.14000000007,15,22708.89000000007,-4638.75
2020-02-25,159077.7200000001,31,22698.970000000085,-13621.25
2020-02-26,145130.8500000001,32,22698.350000000086,-27567.5
2020-02-27,143410.8500000001,32,22698.350000000086,-29287.5
2020-03-01,122490.8500000001,32,22698.350000000086,-50207.5
2020-03-03,140450.8500000001,32,22698.350000000086,-32247.5
2020-03-04,149610.8500000001,32,22698.350000000086,-23087.5
2020-03-05,132130.8500000001,32,22698.350000000086,-40567.5
2020-03-06,129610.8500000001,32,22698.350000000086,-43087.5
2020-03-08,106450.8500000001,32,22698.350000000086,-66247.5
2020-03-09,106410.8500000001,32,22698.350000000086,-66287.5
2020-03-10,105410.8500000001,32,22698.350000000086,-67287.5
2020-03-11,74530.8500000001,32,22698.350000000086,-98167.5
2020-03-12,39290.85000000009,32,22698.350000000086,-133407.5
2020-03-13,81770.8500000001,32,22698.350000000086,-90927.5
2020-03-15,66210.8500000001,32,22698.350000000086,-106487.5
2020-03-16,54771.1700000001,32,22618.670000000086,-117847.5
2020-03-17,41571.1700000001,32,22618.670000000086,-131047.5
2020-03-18,22891.1700000001,32,22618.670000000086,-149727.5
2020-03-19,36851.1700000001,32,22618.670000000086,-135767.5
2020-03-20,19851.1700000001,32,22618.670000000086,-152767.5
2020-03-22,8971.1700000001,32,22618.670000000086,-163647.5
2020-03-23,21611.1700000001,32,22618.670000000086,-151007.5
2020-03-24,41851.1700000001,32,22618.670000000086,-130767.5
2020-03-25,50291.1700000001,32,22618.670000000086,-122327.5
2020-03-26,69851.1700000001,32,22618.670000000086,-102767.5
2020-03-27,60291.1700000001,32,22618.670000000086,-112327.5
2020-03-29,59211.1700000001,32,22618.670000000086,-113407.5
2020-03-30,75931.1700000001,32,22618.670000000086,-96687.5
2020-03-31,61651.1700000001,32,22618.670000000086,-110967.5
2020-04-01,54131.1700000001,32,22618.670000000086,-118487.5
2020-04-02,55691.1700000001,32,22618.670000000086,-116927.5
2020-04-03,53931.1700000001,32,22618.670000000086,-118687.5
2020-04-05,67731.1700000001,32,22618.670000000086,-104887.5
2020-04-06,77331.1700000001,32,22618.670000000086,-95287.5
2020-04-07,80531.1700000001,32,22618.670000000086,-92087.5
2020-04-08,94371.1700000001,32,22618.670000000086,-78247.5
2020-04-09,103011.1700000001,32,22618.670000000086,-69607.5
2020-04-12,95371.1700000001,32,22618.670000000086,-77247.5
2020-04-13,104371.1700000001,32,22618.670000000086,-68247.5
2020-04-14,109491.1700000001,32,22618.670000000086,-63127.5
2020-04-15,98651.1700000001,32,22618.670000000086,-73967.5
2020-04-16,116811.1700000001,32,22618.670000000086,-55807.5
2020-04-17,116131.1700000001,32,22618.670000000086,-56487.5
2020-04-19,116491.1700000001,32,22618.670000000086,-56127.5
2020-04-20,103211.1700000001,32,22618.670000000086,-69407.5
2020-04-21,95331.1700000001,32,22618.670000000086,-77287.5
2020-04-22,101291.1700000001,32,22618.670000000086,-71327.5
2020-04-23,99611.1700000001,32,22618.670000000086,-73007.5
2020-04-24,109571.1700000001,32,22618.670000000086,-63047.5
2020-04-26,111971.1700000001,32,22618.670000000086,-60647.5
2020-04-27,114131.1700000001,32,22618.670000000086,-58487.5
2020-04-28,120891.1700000001,32,22618.670000000086,-51727.5
2020-04-29,130251.1700000001,32,22618.670000000086,-42367.5
2020-04-30,114691.1700000001,32,22618.670000000086,-57927.5
2020-05-01,107811.1700000001,32,22618.670000000086,-64807.5
2020-05-03,106011.1700000001,32,22618.670000000086,-66607.5
2020-05-04,111771.1700000001,32,22618.670000000086,-60847.5
2020-05-05,114891.1700000001,32,22618.670000000086,-57727.5
2020-05-06,113171.1700000001,32,22618.670000000086,-59447.5
2020-05-07,123251.1700000001,32,22618.670000000086,-49367.5
2020-05-08,125971.1700000001,32,22618.670000000086,-46647.5
2020-05-10,127811.1700000001,32,22618.670000000086,-44807.5
2020-05-11,121531.1700000001,32,22618.670000000086,-51087.5
2020-05-12,113651.1700000001,32,22618.670000000086,-58967.5
2020-05-13,107051.1700000001,32,22618.670000000086,-65567.5
2020-05-14,112731.1700000001,32,22618.670000000086,-59887.5
2020-05-15,113811.1700000001,32,22618.670000000086,-58807.5
2020-05-17,117731.1700000001,32,22618.670000000086,-54887.5
2020-05-18,127451.1700000001,32,22618.670000000086,-45167.5
2020-05-19,126811.1700000001,32,22618.670000000086,-45807.5
2020-05-20,129211.1700000001,32,22618.670000000086,-43407.5
2020-05-21,124171.1700000001,32,22618.670000000086,-48447.5
2020-05-22,130091.1700000001,32,22618.670000000086,-42527.5
2020-05-24,131011.1700000001,32,22618.670000000086,-41607.5
2020-05-25,137091.1700000001,32,22618.670000000086,-35527.5
2020-05-26,139411.1700000001,32,22618.670000000086,-33207.5
2020-05-27,142371.1700000001,32,22618.670000000086,-30247.5
2020-05-28,141371.1700000001,32,22618.670000000086,-31247.5
2020-05-29,146251.1700000001,32,22618.670000000086,-26367.5
2020-05-31,142891.1700000001,32,22618.670000000086,-29727.5
2020-06-01,143611.1700000001,32,22618.670000000086,-29007.5
2020-06-02,150651.1700000001,32,22618.670000000086,-21967.5
2020-06-03,154929.9400000001,32,22716.19000000009,-17786.25
2020-06-04,156959.9400000001,28,22716.19000000009,-15756.25
2020-06-05,165093.7600000001,28,23837.510000000104,-8743.75
2020-06-07,165688.7600000001,14,23837.510000000104,-8148.75
2020-06-08,167683.78000000012,14,23935.030000000108,-6251.25
2020-06-09,167646.28000000012,10,23935.030000000108,-6288.75
2020-06-10,164283.78000000012,10,23935.030000000108,-9651.25
2020-06-11,158783.78000000012,10,23935.030000000108,-15151.25
2020-06-12,158346.28000000012,10,23935.030000000108,-15588.75
2020-06-14,156446.28000000012,10,23935.030000000108,-17488.75
2020-06-15,162433.88000000012,10,23910.130000000107,-11476.25
2020-06-16,162521.38000000012,10,23910.130000000107,-11388.75
2020-06-17,161421.38000000012,10,23910.130000000107,-12488.75
2020-06-18,162358.88000000012,10,23910.130000000107,-11551.25
2020-06-19,159971.38000000012,10,23910.130000000107,-13938.75
2020-06-21,161046.38000000012,10,23910.130000000107,-12863.75
2020-06-22,162646.38000000012,10,23910.130000000107,-11263.75
2020-06-23,163071.38000000012,10,23910.130000000107,-10838.75
2020-06-24,158833.88000000012,10,23910.130000000107,-15076.25
2020-06-25,160721.38000000012,10,23910.130000000107,-13188.75
2020-06-26,157233.88000000012,10,23910.130000000107,-16676.25
2020-06-28,157296.38000000012,10,23910.130000000107,-16613.75
2020-06-29,159721.38000000012,10,23910.130000000107,-14188.75
2020-06-30,161321.38000000012,10,23910.130000000107,-12588.75
2020-07-01,162383.88000000012,10,23910.130000000107,-11526.25
2020-07-02,163383.88000000012,10,23910.130000000107,-10526.25
2020-07-03,162858.88000000012,10,23910.130000000107,-11051.25
2020-07-05,165383.88000000012,10,23910.130000000107,-8526.25
2020-07-06,165371.38000000012,10,23910.130000000107,-8538.75
2020-07-07,164208.88000000012,10,23910.130000000107,-9701.25
2020-07-08,165296.38000000012,10,23910.130000000107,-8613.75
2020-07-09,163846.38000000012,10,23910.130000000107,-10063.75
2020-07-10,166058.88000000012,10,23910.130000000107,-7851.25
2020-07-12,166683.88000000012,10,23910.130000000107,-7226.25
2020-07-13,164596.38000000012,10,23910.130000000107,-9313.75
2020-07-14,167471.38000000012,10,23910.130000000107,-6438.75
2020-07-15,167296.38000000012,10,23910.130000000107,-6613.75
2020-07-16,167258.88000000012,10,23910.130000000107,-6651.25
2020-07-17,167771.38000000012,10,23910.130000000107,-6138.75
2020-07-19,167333.88000000012,10,23910.130000000107,-6576.25
2020-07-20,169583.88000000012,10,23910.130000000107,-4326.25
2020-07-21,170221.38000000012,10,23910.130000000107,-3688.75
2020-07-22,170396.38000000012,10,23910.130000000107,-3513.75
2020-07-23,167908.88000000012,10,23910.130000000107,-6001.25
2020-07-24,167258.88000000012,10,23910.130000000107,-6651.25
2020-07-26,168096.38000000012,10,23910.130000000107,-5813.75
2020-07-27,168808.88000000012,10,23910.130000000107,-5101.25
2020-07-28,167621.38000000012,10,23910.130000000107,-6288.75
2020-07-29,169496.38000000012,10,23910.130000000107,-4413.75
2020-07-30,170021.38000000012,10,23910.130000000107,-3888.75
2020-07-31,170558.88000000012,10,23910.130000000107,-3351.25
2020-08-02,170171.38000000012,10,23910.130000000107,-3738.75
2020-08-03,171396.38000000012,10,23910.130000000107,-2513.75
2020-08-04,172171.38000000012,10,23910.130000000107,-1738.75
2020-08-05,172913.8900000001,10,23958.89000000011,-1045.0
2020-08-06,173455.16000000012,8,24056.410000000113,-601.25
2020-08-07,173875.16000000012,4,24056.410000000113,-181.25
2020-08-09,173930.16000000012,4,24056.410000000113,-126.25
2020-08-10,174117.04000000012,4,24080.790000000114,36.25
2020-08-11,173658.97000000012,8,24233.970000000125,-575.0
2020-08-12,175224.02000000014,8,25232.770000000135,-8.75
2020-08-13,175318.40000000014,3,25232.150000000136,86.25
2020-08-14,175183.40000000014,3,25232.150000000136,-48.75
2020-08-16,175299.65000000014,3,25232.150000000136,67.5
2020-08-17,175430.90000000014,3,25232.150000000136,198.75
2020-08-18,175614.65000000014,3,25232.150000000136,382.5
2020-08-19,174948.44000000015,5,25602.190000000144,-653.75
2020-08-20,175970.32000000015,6,25601.570000000145,368.75
2020-08-21,176045.32000000015,6,25601.570000000145,443.75
2020-08-23,176337.82000000015,6,25601.570000000145,736.25
2020-08-24,177309.74000000017,6,26902.240000000154,407.5
2020-08-25,177288.51000000015,3,27277.26000000016,11.25
2020-08-26,177444.77000000016,1,27401.02000000016,43.75
2020-08-27,178181.05000000016,5,27522.300000000167,658.75
2020-08-28,178149.83000000016,5,28146.080000000173,3.75
2020-08-30,178232.33000000016,1,28146.080000000173,86.25
2020-08-31,178153.59000000017,3,28144.840000000175,8.75
2020-09-01,178571.1100000002,3,28518.61000000018,52.5
2020-09-02,179174.91000000018,4,29138.66000000019,36.25
2020-09-03,172865.64000000022,22,29125.64000000021,-6260.0
2020-09-04,171203.19000000024,32,29119.44000000022,-7916.25
2020-09-06,171083.19000000024,32,29119.44000000022,-8036.25
2020-09-07,173283.19000000024,32,29119.44000000022,-5836.25
2020-09-08,159123.19000000024,32,29119.44000000022,-19996.25
2020-09-09,167163.19000000024,32,29119.44000000022,-11956.25
2020-09-10,162163.19000000024,32,29119.44000000022,-16956.25
2020-09-11,158763.19000000024,32,29119.44000000022,-20356.25
2020-09-13,164603.5100000002,32,29039.76000000022,-14436.25
2020-09-14,166883.5100000002,32,29039.76000000022,-12156.25
2020-09-15,170683.5100000002,32,29039.76000000022,-8356.25
2020-09-16,161443.5100000002,32,29039.76000000022,-17596.25
2020-09-17,161322.89000000022,32,29064.14000000022,-17741.25
2020-09-18,157254.14000000022,31,29064.14000000022,-21810.0
2020-09-20,155936.64000000022,31,29064.14000000022,-23127.5
2020-09-21,150279.14000000022,31,29064.14000000022,-28785.0
2020-09-22,154347.89000000022,31,29064.14000000022,-24716.25
2020-09-23,143730.39000000022,31,29064.14000000022,-35333.75
2020-09-24,146946.64000000022,31,29064.14000000022,-32117.5
2020-09-25,152332.89000000022,31,29064.14000000022,-26731.25
2020-09-27,154619.14000000022,31,29064.14000000022,-24445.0
2020-09-28,163027.89000000022,31,29064.14000000022,-16036.25
2020-09-29,156944.14000000022,31,29064.14000000022,-22120.0
2020-09-30,165104.16000000024,31,29161.660000000225,-14057.5
2020-10-01,164451.0400000002,27,29186.040000000226,-14735.0
2020-10-02,162338.5400000002,26,29186.040000000226,-16847.5
2020-10-04,163931.0400000002,26,29186.040000000226,-15255.0
2020-10-05,168787.92000000022,26,29210.420000000227,-10422.5
2020-10-06,164799.19000000024,25,29307.94000000023,-14508.75
2020-10-07,171361.69000000024,21,29307.94000000023,-7946.25
2020-10-08,175157.33000000025,21,29388.580000000235,-4231.25
2020-10-09,176676.10000000024,18,29527.35000000024,-2851.25
2020-10-11,176728.60000000024,14,29527.35000000024,-2798.75
2020-10-12,179308.65000000026,14,29893.65000000025,-585.0
2020-10-13,179258.65000000026,4,29893.65000000025,-635.0
2020-10-14,178243.65000000026,4,29893.65000000025,-1650.0
2020-10-15,178443.65000000026,4,29893.65000000025,-1450.0
2020-10-16,178218.65000000026,4,29893.65000000025,-1675.0
2020-10-18,178618.65000000026,4,29893.65000000025,-1275.0
2020-10-19,177673.65000000026,4,29893.65000000025,-2220.0
2020-10-20,178013.65000000026,4,29893.65000000025,-1880.0
2020-10-21,177048.65000000026,4,29893.65000000025,-2845.0
2020-10-22,177973.65000000026,4,29893.65000000025,-1920.0
2020-10-23,177978.65000000026,4,29893.65000000025,-1915.0
2020-10-25,177583.65000000026,4,29893.65000000025,-2310.0
2020-10-26,176858.65000000026,4,29893.65000000025,-3035.0
2020-10-27,176203.65000000026,4,29893.65000000025,-3690.0
2020-10-28,174863.65000000026,4,29893.65000000025,-5030.0
2020-10-29,174403.65000000026,4,29893.65000000025,-5490.0
2020-10-30,174488.65000000026,4,29893.65000000025,-5405.0
2020-11-01,174303.65000000026,4,29893.65000000025,-5590.0
2020-11-02,175158.65000000026,4,29893.65000000025,-4735.0
2020-11-03,176753.65000000026,4,29893.65000000025,-3140.0
2020-11-04,178213.65000000026,4,29893.65000000025,-1680.0
2020-11-05,178493.65000000026,4,29893.65000000025,-1400.0
2020-11-06,179123.65000000026,4,29893.65000000025,-770.0
2020-11-08,180153.65000000026,4,29893.65000000025,260.0
2020-11-09,176027.49000000028,14,31717.490000000267,-5690.0
2020-11-10,178815.64000000028,19,31714.390000000272,-2898.75
2020-11-11,178340.64000000028,19,31714.390000000272,-3373.75
2020-11-12,177699.39000000028,19,31714.390000000272,-4015.0
2020-11-13,182259.39000000028,19,31714.390000000272,545.0
2020-11-15,184966.89000000028,19,31714.390000000272,3252.5
2020-11-16,185023.25000000026,19,34977.00000000026,46.25
2020-11-17,184980.76000000024,5,34975.76000000026,5.0
2020-11-18,183825.78000000026,9,34973.280000000246,-1147.5
2020-11-19,184084.54000000024,11,34972.04000000024,-887.5
2020-11-20,183328.29000000024,11,34972.04000000024,-1643.75
2020-11-22,184002.04000000024,11,34972.04000000024,-970.0
2020-11-23,186243.29000000024,11,34972.04000000024,1271.25
2020-11-24,186576.4900000002,11,36468.9900000002,107.5
2020-11-25,186582.7500000002,4,36467.7500000002,115.0
2020-11-26,186457.7500000002,4,36467.7500000002,-10.0
2020-11-27,186712.7500000002,4,36467.7500000002,245.0
2020-11-29,186362.7500000002,4,36467.7500000002,-105.0
2020-11-30,187752.1400000002,7,36465.89000000019,1286.25
2020-12-01,187837.81000000017,7,37851.560000000165,-13.75
2020-12-02,188004.69000000018,3,37850.94000000016,153.75
2020-12-03,188270.35000000015,4,38221.600000000144,48.75
2020-12-04,188696.00000000012,4,38722.25000000013,-26.25
2020-12-06,188692.25000000012,1,38722.25000000013,-30.0
2020-12-07,188592.26000000013,3,38721.010000000126,-128.75
2020-12-08,189211.64000000013,4,38720.39000000012,491.25
2020-12-09,188529.1500000001,6,38719.15000000012,-190.0
2020-12-10,188377.91000000012,8,38717.91000000011,-340.0
2020-12-11,188430.4200000001,10,38716.67000000011,-286.25
2020-12-13,189405.5200000001,10,38691.770000000106,713.75
2020-12-14,188983.74000000005,10,39931.240000000056,-947.5
2020-12-15,191066.92000000004,9,41058.17000000003,8.75
2020-12-16,191239.42000000004,2,41058.17000000003,181.25
2020-12-17,191267.57,3,41321.320000000014,-53.75
2020-12-18,192141.97,8,41318.22,823.75
2020-12-20,191541.97,8,41318.22,223.75
2020-12-21,191281.37,13,41315.11999999999,-33.75
2020-12-22,191086.37,13,41315.11999999999,-228.75
2020-12-23,192927.70999999993,13,42943.95999999994,-16.25
2020-12-24,193052.70999999993,5,42943.95999999994,108.75
2020-12-27,193658.95999999993,5,42943.95999999994,715.0
2020-12-28,193897.73999999993,5,43792.739999999925,105.0
2020-12-29,193937.7699999999,5,43914.01999999991,23.75
2020-12-30,193706.5199999999,5,43914.01999999991,-207.5
2020-12-31,194331.5199999999,5,43914.01999999991,417.5
2021-01-03,194319.0199999999,5,43914.01999999991,405.0
2021-01-04,192996.62999999986,17,44555.37999999985,-1558.75
2021-01-05,193124.12999999986,17,44555.37999999985,-1431.25
2021-01-06,197094.87999999977,17,46803.62999999979,291.25
2021-01-07,197919.30999999976,6,47678.05999999976,241.25
2021-01-08,198339.34999999974,5,48300.59999999974,38.75
2021-01-10,198195.59999999974,1,48300.59999999974,-105.0
2021-01-11,198224.97999999975,2,48299.979999999734,-75.0
2021-01-12,198617.48999999973,4,48298.73999999973,318.75
2021-01-13,198867.51999999973,4,48798.76999999971,68.75
2021-01-14,198357.5299999997,4,48797.52999999971,-440.0
2021-01-15,197428.1799999997,9,48794.429999999695,-1366.25
2021-01-17,197788.1799999997,9,48794.429999999695,-1006.25
2021-01-18,199374.4299999997,9,48794.429999999695,580.0
2021-01-19,199565.6799999997,9,48794.429999999695,771.25
2021-01-20,200749.48999999967,9,50650.73999999966,98.75
2021-01-21,200646.98999999967,1,50650.73999999966,-3.75
2021-01-22,200631.36999999965,2,50650.11999999966,-18.75
2021-01-24,200821.36999999965,2,50650.11999999966,171.25
2021-01-25,201350.81999999963,7,51515.81999999962,-165.0
2021-01-26,201557.7299999996,4,51886.4799999996,-328.75
2021-01-27,197855.29999999958,18,51877.799999999566,-4022.5
2021-01-28,201831.68999999948,18,54240.43999999949,-2408.75
2021-01-29,198697.36999999947,19,54233.619999999464,-5536.25
2021-01-31,201214.86999999947,19,54233.619999999464,-3018.75
2021-02-01,207294.86999999947,19,54233.619999999464,3061.25
2021-02-02,208608.1099999994,19,58521.859999999404,86.25
2021-02-03,208458.7399999994,3,58521.2399999994,-62.5
2021-02-04,209031.26999999938,3,59018.769999999386,12.5
2021-02-05,209103.76999999938,1,59018.769999999386,85.0
2021-02-07,209166.26999999938,1,59018.769999999386,147.5
2021-02-08,209288.1599999994,2,59156.90999999938,131.25
2021-02-09,209408.1599999994,2,59156.90999999938,251.25
2021-02-10,209503.20999999935,8,59446.95999999935,56.25
2021-02-11,209353.20999999935,8,59446.95999999935,-93.75
2021-02-12,210468.87999999934,8,60447.62999999933,21.25
2021-02-14,210522.62999999934,1,60447.62999999933,75.0
2021-02-15,210581.37999999934,1,60447.62999999933,133.75
2021-02-16,210447.63999999932,3,60446.38999999932,1.25
2021-02-17,210508.89999999932,5,60445.14999999932,63.75
2021-02-18,210115.7899999993,8,60443.28999999931,-327.5
2021-02-19,210185.7899999993,8,60443.28999999931,-257.5
2021-02-21,210065.7899999993,8,60443.28999999931,-377.5
2021-02-22,210081.4199999993,9,60442.66999999931,-361.25
2021-02-23,210690.8299999993,16,60438.32999999929,252.5
2021-02-24,212697.17999999924,16,62563.429999999236,133.75
2021-02-25,207403.5199999992,20,62552.26999999919,-5148.75
2021-02-26,206736.6599999992,23,62550.40999999918,-5813.75
2021-02-28,210186.6599999992,23,62550.40999999918,-2363.75
2021-03-01,215310.54999999912,23,65555.54999999913,-245.0
2021-03-02,215358.69999999914,8,65552.44999999915,-193.75
2021-03-03,209764.36999999918,17,65546.8699999992,-5782.5
2021-03-04,205596.30999999924,30,65538.80999999926,-9942.5
2021-03-05,219277.71999999924,30,69301.46999999924,-23.75
2021-03-07,219155.21999999924,2,69301.46999999924,-146.25
2021-03-08,220012.7899999993,10,69667.78999999931,345.0
2021-03-09,220687.2499999994,10,71039.74999999939,-352.5
2021-03-10,221996.66999999943,5,71662.91999999943,333.75
2021-03-11,222354.21999999948,4,72295.46999999948,58.75
2021-03-12,222491.7299999995,6,72294.22999999949,197.5
2021-03-14,222641.78999999948,6,72279.28999999948,362.5
2021-03-15,223061.19999999952,6,73027.44999999952,33.75
2021-03-16,223033.07999999952,2,73026.82999999952,6.25
2021-03-17,223536.86999999956,4,73523.11999999956,13.75
2021-03-18,222447.5299999996,9,73518.77999999959,-1071.25
2021-03-19,222068.7999999996,13,73516.29999999961,-1447.5
2021-03-21,222117.5499999996,13,73516.29999999961,-1398.75
2021-03-22,224931.37999999968,13,75146.37999999968,-215.0
2021-03-23,224396.4099999997,9,75142.65999999971,-746.25
2021-03-24,223907.04999999973,12,75140.79999999973,-1233.75
2021-03-25,226528.31999999975,16,75138.31999999975,1390.0
2021-03-26,227755.32999999987,16,77760.32999999987,-5.0
2021-03-28,227675.32999999987,1,77760.32999999987,-85.0
2021-03-29,228176.5999999999,5,77757.84999999989,418.75
2021-03-30,227801.5999999999,5,77757.84999999989,43.75
2021-03-31,228353.50999999992,5,78378.50999999992,-25.0
2021-04-01,228730.39999999994,2,78626.64999999994,103.75
2021-04-02,228784.14999999994,1,78626.64999999994,157.5
2021-04-04,228787.89999999994,1,78626.64999999994,161.25
2021-04-05,228929.16999999995,1,78960.41999999995,-31.25
2021-04-06,228981.04999999996,2,78959.79999999996,21.25
2021-04-07,229203.54999999996,2,78959.79999999996,243.75
2021-04-08,229241.68999999997,2,79209.18999999997,32.5
2021-04-09,229329.19999999998,1,79332.94999999998,-3.75
2021-04-11,229300.44999999998,1,79332.94999999998,-32.5
2021-04-12,229421.08,2,79332.32999999999,88.75
2021-04-13,229556.1,2,79581.1,-25.0
2021-04-14,229496.74000000002,5,79579.24000000002,-82.5
2021-04-15,230226.77000000005,5,80205.52000000005,21.25
2021-04-16,230358.04000000007,3,80330.54000000007,27.5
2021-04-18,230324.29000000007,3,80330.54000000007,-6.25
2021-04-19,230422.43000000008,6,80328.68000000008,93.75
2021-04-20,228863.7100000001,12,80324.96000000011,-1461.25
2021-04-21,231248.7100000001,12,80324.96000000011,923.75
2021-04-22,231627.5600000002,12,81821.3100000002,-193.75
2021-04-23,232819.48000000024,8,82821.98000000024,-2.5
2021-04-25,232861.98000000024,1,82821.98000000024,40.0
2021-04-26,232901.98000000024,1,82821.98000000024,80.0
2021-04-27,232906.98000000024,1,82821.98000000024,85.0
2021-04-28,233233.88000000027,4,82943.88000000027,290.0
2021-04-29,233551.44000000032,8,83436.44000000032,115.0
2021-04-30,233081.44000000032,8,83436.44000000032,-355.0
2021-05-02,233391.44000000032,8,83436.44000000032,-45.0
2021-05-03,232851.44000000032,8,83436.44000000032,-585.0
2021-05-04,233806.48000000036,16,83431.48000000036,375.0
2021-05-05,232726.48000000036,16,83431.48000000036,-705.0
2021-05-06,235492.19000000044,16,85435.94000000044,56.25
2021-05-07,235635.95000000045,1,85559.70000000045,76.25
2021-05-09,235668.45000000045,1,85559.70000000045,108.75
2021-05-10,234393.48000000048,7,85555.98000000048,-1162.5
2021-05-11,232743.5000000005,11,85553.5000000005,-2810.0
2021-05-12,229717.93000000055,22,85546.68000000055,-5828.75
2021-05-13,235575.43000000055,22,85546.68000000055,28.75
2021-05-14,238539.94000000067,22,88531.19000000067,8.75
2021-05-16,238461.19000000067,1,88531.19000000067,-70.0
2021-05-17,238917.4600000007,5,88528.71000000069,388.75
2021-05-18,237149.3500000007,8,88526.8500000007,-1377.5
2021-05-19,237767.49000000072,11,88524.99000000072,-757.5
2021-05-20,240019.43000000078,11,89904.43000000078,115.0
2021-05-21,240007.5900000008,5,90150.09000000081,-142.5
2021-05-23,240145.0900000008,5,90150.09000000081,-5.0
2021-05-24,240838.87000000084,5,90772.62000000084,66.25
2021-05-25,240888.25000000084,2,90772.00000000084,116.25
2021-05-26,240798.25000000084,2,90772.00000000084,26.25
2021-05-27,241050.75000000084,2,90772.00000000084,278.75
2021-05-28,240974.52000000086,2,91030.77000000086,-56.25
2021-05-30,241009.52000000086,2,91030.77000000086,-21.25
2021-05-31,240957.02000000086,2,91030.77000000086,-73.75
2021-06-01,240939.53000000087,4,91029.53000000087,-90.0
2021-06-02,241139.53000000087,4,91029.53000000087,110.0
2021-06-03,241058.9200000009,7,91027.67000000089,31.25
2021-06-04,242030.84000000093,7,91902.09000000093,128.75
2021-06-06,241983.34000000093,2,91902.09000000093,81.25
2021-06-07,242025.84000000093,2,91902.09000000093,123.75
2021-06-08,242018.34000000093,2,91902.09000000093,116.25
2021-06-09,241998.34000000093,2,91902.09000000093,96.25
2021-06-10,242340.87000000096,4,92149.62000000096,191.25
2021-06-11,242430.87000000096,4,92149.62000000096,281.25
2021-06-13,242515.91000000096,4,92139.66000000095,376.25
2021-06-14,242664.060000001,4,92637.81000000097,26.25
2021-06-15,242578.450000001,4,92635.95000000099,-57.5
2021-06-16,241579.72000000102,8,92633.470000001,-1053.75
2021-06-17,242446.60000000102,9,92632.85000000101,-186.25
2021-06-18,238543.50000000105,14,92629.75000000103,-4086.25
2021-06-20,237843.50000000105,14,92629.75000000103,-4786.25
2021-06-21,244056.00000000105,14,92629.75000000103,1426.25
2021-06-22,244466.70000000112,14,94379.2000000011,87.5
2021-06-23,244466.70000000112,1,94379.2000000011,87.5
2021-06-24,244569.21000000113,1,94521.71000000111,47.5
2021-06-25,244624.21000000113,1,94521.71000000111,102.5
2021-06-27,244617.96000000113,1,94521.71000000111,96.25
2021-06-28,244616.72000000114,1,94645.47000000112,-28.75
2021-06-29,244687.97000000114,1,94645.47000000112,42.5
2021-06-30,244730.47000000114,1,94645.47000000112,85.0
2021-07-01,244807.98000000115,1,94769.23000000113,38.75
2021-07-02,244936.74000000115,1,94892.99000000114,43.75
2021-07-04,244926.74000000115,1,94892.99000000114,33.75
2021-07-05,244954.24000000115,1,94892.99000000114,61.25
2021-07-06,245218.01000000117,5,94890.51000000116,327.5
2021-07-07,245701.81000000122,5,95511.8100000012,190.0
2021-07-08,244932.45000000123,8,95509.95000000122,-577.5
2021-07-09,246601.87000000128,8,96506.87000000126,95.0
2021-07-11,246551.87000000128,1,96506.87000000126,45.0
2021-07-12,246666.88000000129,1,96630.63000000127,36.25
2021-07-13,246563.7600000013,2,96630.01000000128,-66.25
2021-07-14,246671.8900000013,3,96629.39000000128,42.5
2021-07-15,246653.1600000013,7,96626.9100000013,26.25
2021-07-16,245465.05000000133,10,96625.05000000131,-1160.0
2021-07-18,244765.05000000133,10,96625.05000000131,-1860.0
2021-07-19,243077.59000000136,18,96620.09000000135,-3542.5
2021-07-20,248798.94000000146,18,98870.19000000144,-71.25
2021-07-21,249155.83000000147,2,99119.58000000146,36.25
2021-07-22,249239.58000000147,1,99119.58000000146,120.0
2021-07-23,249522.1100000015,2,99532.11000000148,-10.0
2021-07-25,249474.6100000015,1,99532.11000000148,-57.5
2021-07-26,249564.6100000015,1,99532.11000000148,32.5
2021-07-27,249667.14000000153,7,99528.39000000151,138.75
2021-07-28,249570.89000000153,7,99528.39000000151,42.5
2021-07-29,250257.18000000156,7,100405.93000000155,-148.75
2021-07-30,250387.81000000157,2,100405.31000000155,-17.5
2021-08-01,250550.31000000157,2,100405.31000000155,145.0
2021-08-02,250335.94000000157,3,100404.69000000156,-68.75
2021-08-03,251034.7300000016,5,101029.7300000016,5.0
2021-08-04,251039.74000000162,3,101028.4900000016,11.25
2021-08-05,251302.24000000162,3,101028.4900000016,273.75
2021-08-06,251424.14000000164,3,101400.39000000163,23.75
2021-08-08,251326.64000000164,2,101400.39000000163,-73.75
2021-08-09,251306.02000000165,3,101399.77000000163,-93.75
2021-08-10,251418.52000000165,3,101399.77000000163,18.75
2021-08-11,251654.77000000165,3,101399.77000000163,255.0
2021-08-12,251791.04000000167,3,101772.29000000165,18.75
2021-08-13,251821.04000000167,1,101772.29000000165,48.75
2021-08-15,251778.54000000167,1,101772.29000000165,6.25
2021-08-16,252246.0800000017,4,102268.58000000169,-22.5
2021-08-17,252658.61000000173,7,102264.86000000172,393.75
2021-08-18,250450.51000000176,12,102261.76000000174,-1811.25
2021-08-19,250824.89000000176,13,102261.14000000175,-1436.25
2021-08-20,253538.64000000176,13,102261.14000000175,1277.5
2021-08-22,254529.89000000176,13,102261.14000000175,2268.75
2021-08-23,254791.85000000184,13,104774.35000000182,17.5
2021-08-24,254749.35000000184,2,104774.35000000182,-25.0
2021-08-25,254824.35000000184,2,104774.35000000182,50.0
2021-08-26,254770.61000000185,4,104773.11000000183,-2.5
2021-08-27,255359.39000000188,4,105271.89000000186,87.5
2021-08-29,255374.39000000188,2,105271.89000000186,102.5
2021-08-30,255551.2800000019,2,105520.03000000188,31.25
2021-08-31,255705.0400000019,3,105518.79000000189,186.25
2021-09-01,255506.2900000019,3,105518.79000000189,-12.5
2021-09-02,255870.0400000019,3,105518.79000000189,351.25
2021-09-03,255727.5400000019,3,105518.79000000189,208.75
2021-09-05,255720.0400000019,3,105518.79000000189,201.25
2021-09-06,255806.2900000019,3,105518.79000000189,287.5
2021-09-07,255498.7900000019,3,105518.79000000189,-20.0
2021-09-08,255175.6800000019,6,105516.9300000019,-341.25
2021-09-09,255236.31000000192,7,105516.3100000019,-280.0
2021-09-10,253510.09000000195,13,105512.59000000193,-2002.5
2021-09-12,253737.72000000195,13,105480.22000000194,-1742.5
2021-09-13,254843.98000000196,15,105478.98000000195,-635.0
2021-09-14,252845.87000000197,15,105563.37000000196,-2717.5
2021-09-15,254527.140000002,12,105660.89000000198,-1133.75
2021-09-16,254367.140000002,8,105660.89000000198,-1293.75
2021-09-17,252137.140000002,8,105660.89000000198,-3523.75
2021-09-19,251337.140000002,8,105660.89000000198,-4323.75
2021-09-20,250717.140000002,8,105660.89000000198,-4943.75
2021-09-21,249627.140000002,8,105660.89000000198,-6033.75
2021-09-22,251567.140000002,8,105660.89000000198,-4093.75
2021-09-23,253417.140000002,8,105660.89000000198,-2243.75
2021-09-24,253647.140000002,8,105660.89000000198,-2013.75
2021-09-26,254267.140000002,8,105660.89000000198,-1393.75
2021-09-27,253057.140000002,8,105660.89000000198,-2603.75
2021-09-28,250427.140000002,8,105660.89000000198,-5233.75
2021-09-29,250717.140000002,8,105660.89000000198,-4943.75
2021-09-30,246657.140000002,8,105660.89000000198,-9003.75
2021-10-01,249837.140000002,8,105660.89000000198,-5823.75
2021-10-03,249007.140000002,8,105660.89000000198,-6653.75
2021-10-04,247727.140000002,8,105660.89000000198,-7933.75
2021-10-05,248497.140000002,8,105660.89000000198,-7163.75
2021-10-06,250837.140000002,8,105660.89000000198,-4823.75
2021-10-07,251477.140000002,8,105660.89000000198,-4183.75
2021-10-08,251027.140000002,8,105660.89000000198,-4633.75
2021-10-10,250697.140000002,8,105660.89000000198,-4963.75
2021-10-11,248947.140000002,8,105660.89000000198,-6713.75
2021-10-12,249197.140000002,8,105660.89000000198,-6463.75
2021-10-13,250587.140000002,8,105660.89000000198,-5073.75
2021-10-14,253537.140000002,8,105660.89000000198,-2123.75
2021-10-15,254417.140000002,8,105660.89000000198,-1243.75
2021-10-17,254207.140000002,8,105660.89000000198,-1453.75
2021-10-18,254907.140000002,8,105660.89000000198,-753.75
2021-10-19,255869.67000000202,8,105884.670000002,-15.0
2021-10-20,255949.69000000204,2,105932.19000000203,17.5
2021-10-21,256119.69000000204,2,105932.19000000203,187.5
2021-10-22,256077.23000000208,6,106177.23000000206,-100.0
2021-10-24,256362.23000000208,6,106177.23000000206,185.0
2021-10-25,256982.8900000021,6,106927.8900000021,55.0
2021-10-26,256876.67000000214,5,107049.17000000212,-172.5
2021-10-27,256569.81000000215,8,107047.31000000214,-477.5
2021-10-28,257917.3600000022,8,108043.61000000218,-126.25
2021-10-29,258389.2400000022,3,108042.99000000219,346.25
2021-10-31,258449.2400000022,3,108042.99000000219,406.25
2021-11-01,258452.40000000224,4,108463.65000000222,-11.25
2021-11-02,258954.30000000226,4,108964.30000000224,-10.0
2021-11-03,259246.82000000228,2,109213.07000000226,33.75
2021-11-04,259476.8400000023,3,109335.59000000228,141.25
2021-11-05,259805.00000000233,4,109840.00000000231,-35.0
2021-11-07,259685.00000000233,4,109840.00000000231,-155.0
2021-11-08,259725.00000000233,4,109840.00000000231,-115.0
2021-11-09,259236.26000000234,6,109838.76000000232,-602.5
2021-11-10,258641.92000000237,13,109834.42000000236,-1192.5
2021-11-11,259064.42000000237,13,109834.42000000236,-770.0
2021-11-12,261128.17000000237,13,109834.42000000236,1293.75
2021-11-14,261079.42000000237,13,109834.42000000236,1245.0
2021-11-15,261728.25000000244,13,111768.25000000243,-40.0
2021-11-16,262042.03000000247,3,112140.78000000246,-98.75
2021-11-17,262073.9200000025,6,112138.92000000247,-65.0
2021-11-18,263155.8000000025,7,112138.30000000248,1017.5
2021-11-19,262385.8000000025,7,112138.30000000248,247.5
2021-11-21,262709.5500000025,7,112138.30000000248,571.25
2021-11-22,262498.37000000256,7,113007.12000000254,-508.75
2021-11-23,262755.2700000026,12,113004.02000000257,-248.75
2021-11-24,264825.2700000026,12,113004.02000000257,1821.25
2021-11-25,261300.27000000258,12,113004.02000000257,-1703.75
2021-11-26,255582.19000000262,21,112998.4400000026,-7416.25
2021-11-28,261068.44000000262,21,112998.4400000026,-1930.0
2021-11-29,263772.1900000026,21,112998.4400000026,773.75
2021-11-30,259239.71000000264,25,112995.96000000263,-3756.25
2021-12-01,250134.12000000267,32,112991.62000000266,-12857.5
2021-12-02,256734.12000000267,32,112991.62000000266,-6257.5
2021-12-03,250094.12000000267,32,112991.62000000266,-12897.5
2021-12-05,254414.12000000267,32,112991.62000000266,-8577.5
2021-12-06,261734.12000000267,32,112991.62000000266,-1257.5
2021-12-07,268794.30000000284,32,118476.80000000283,317.5
2021-12-08,268880.58000000287,4,118723.08000000285,157.5
2021-12-09,268469.3400000029,6,118721.84000000286,-252.5
2021-12-10,270350.070000003,7,120343.82000000296,6.25
2021-12-12,270426.330000003,1,120341.33000000296,85.0
2021-12-13,269678.250000003,10,120335.750000003,-657.5
2021-12-14,268642.03000000305,16,120332.03000000303,-1690.0
2021-12-15,272622.12000000314,16,122330.87000000311,291.25
2021-12-16,270652.2000000032,14,122709.70000000318,-2057.5
2021-12-17,268512.23000000324,20,122705.98000000321,-4193.75
2021-12-19,263462.23000000324,20,122705.98000000321,-9243.75
2021-12-20,266787.26000000327,26,122702.26000000324,-5915.0
2021-12-21,272864.76000000327,26,122702.26000000324,162.5
2021-12-22,276085.5300000034,26,126059.28000000337,26.25
2021-12-23,276218.0400000034,1,126183.04000000338,35.0
2021-12-26,276235.5400000034,1,126183.04000000338,52.5
2021-12-27,276516.81000000343,1,126430.5600000034,86.25
2021-12-28,276603.08000000345,3,126561.83000000342,41.25
2021-12-29,276606.83000000345,3,126561.83000000342,45.0
2021-12-30,276314.33000000345,3,126561.83000000342,-247.5
2021-12-31,276255.59000000346,5,126560.59000000343,-305.0
2022-01-02,276655.59000000346,5,126560.59000000343,95.0
2022-01-03,277296.22000000346,6,126559.97000000344,736.25
2022-01-04,277019.4100000035,7,127475.6600000035,-456.25
2022-01-05,269637.6000000036,20,127467.60000000356,-7830.0
2022-01-06,272972.6200000036,24,127465.12000000358,-4492.5
2022-01-07,269416.3800000036,26,127463.88000000358,-8047.5
2022-01-09,270293.8800000036,26,127463.88000000358,-7170.0
2022-01-10,269915.16000000364,32,127460.16000000361,-7545.0
2022-01-11,277395.16000000364,32,127460.16000000361,-65.0
2022-01-12,281339.7200000038,32,131452.22000000378,-112.5
2022-01-13,279321.01000000385,13,131447.26000000382,-2126.25
2022-01-14,280721.65000000386,16,131445.40000000384,-723.75
2022-01-16,279121.65000000386,16,131445.40000000384,-2323.75
2022-01-17,278301.65000000386,16,131445.40000000384,-3143.75
2022-01-18,269947.3100000039,23,131441.06000000387,-11493.75
2022-01-19,269895.47000000393,30,131436.7200000039,-11541.25
2022-01-20,253947.98000000394,32,131435.4800000039,-27487.5
2022-01-21,244187.98000000394,32,131435.4800000039,-37247.5
2022-01-23,250507.98000000394,32,131435.4800000039,-30927.5
2022-01-24,238187.98000000394,32,131435.4800000039,-43247.5
2022-01-25,240787.98000000394,32,131435.4800000039,-40647.5
2022-01-26,228227.98000000394,32,131435.4800000039,-53207.5
2022-01-27,236347.98000000394,32,131435.4800000039,-45087.5
2022-01-28,250267.98000000394,32,131435.4800000039,-31167.5
2022-01-30,252307.98000000394,32,131435.4800000039,-29127.5
2022-01-31,261787.98000000394,32,131435.4800000039,-19647.5
2022-02-01,271532.38000000396,32,131557.38000000393,-10025.0
2022-02-02,269711.790000004,27,131838.04000000397,-12126.25
2022-02-03,268186.790000004,20,131838.04000000397,-13651.25
2022-02-04,264711.790000004,20,131838.04000000397,-17126.25
2022-02-06,265536.790000004,20,131838.04000000397,-16301.25
2022-02-07,264036.790000004,20,131838.04000000397,-17801.25
2022-02-08,269611.790000004,20,131838.04000000397,-12226.25
2022-02-09,273086.790000004,20,131838.04000000397,-8751.25
2022-02-10,262711.790000004,20,131838.04000000397,-19126.25
2022-02-11,257961.790000004,20,131838.04000000397,-23876.25
2022-02-13,258336.790000004,20,131838.04000000397,-23501.25
2022-02-14,255886.790000004,20,131838.04000000397,-25951.25
2022-02-15,261611.790000004,20,131838.04000000397,-20226.25
2022-02-16,260561.790000004,20,131838.04000000397,-21276.25
2022-02-17,256586.790000004,20,131838.04000000397,-25251.25
2022-02-18,250586.790000004,20,131838.04000000397,-31251.25
2022-02-20,252836.790000004,20,131838.04000000397,-29001.25
2022-02-21,243761.790000004,20,131838.04000000397,-38076.25
2022-02-22,248661.790000004,20,131838.04000000397,-33176.25
2022-02-23,230311.790000004,20,131838.04000000397,-51526.25
2022-02-24,242461.790000004,20,131838.04000000397,-39376.25
2022-02-25,254211.790000004,20,131838.04000000397,-27626.25
2022-02-27,243786.790000004,20,131838.04000000397,-38051.25
2022-02-28,253111.790000004,20,131838.04000000397,-28726.25
2022-03-01,248086.790000004,20,131838.04000000397,-33751.25
2022-03-02,254386.790000004,20,131838.04000000397,-27451.25
2022-03-03,248736.790000004,20,131838.04000000397,-33101.25
2022-03-04,248186.790000004,20,131838.04000000397,-33651.25
2022-03-06,243736.790000004,20,131838.04000000397,-38101.25
2022-03-07,235286.790000004,20,131838.04000000397,-46551.25
2022-03-08,235461.790000004,20,131838.04000000397,-46376.25
2022-03-09,242936.790000004,20,131838.04000000397,-38901.25
2022-03-10,240061.790000004,20,131838.04000000397,-41776.25
2022-03-11,236736.790000004,20,131838.04000000397,-45101.25
2022-03-13,238036.99000000395,20,131788.24000000398,-43751.25
2022-03-14,234486.99000000395,20,131788.24000000398,-47301.25
2022-03-15,241786.99000000395,20,131788.24000000398,-40001.25
2022-03-16,251136.99000000395,20,131788.24000000398,-30651.25
2022-03-17,254186.99000000395,20,131788.24000000398,-27601.25
2022-03-18,263511.99000000395,20,131788.24000000398,-18276.25
2022-03-20,261311.99000000395,20,131788.24000000398,-20476.25
2022-03-21,261361.99000000395,20,131788.24000000398,-20426.25
2022-03-22,268061.99000000395,20,131788.24000000398,-13726.25
2022-03-23,262986.99000000395,20,131788.24000000398,-18801.25
2022-03-24,268211.99000000395,20,131788.24000000398,-13576.25
2022-03-25,270611.99000000395,20,131788.24000000398,-11176.25
2022-03-27,269161.99000000395,20,131788.24000000398,-12626.25
2022-03-28,273986.99000000395,20,131788.24000000398,-7801.25
2022-03-29,278668.900000004,20,132501.400000004,-3832.5
2022-03-30,277856.400000004,13,132501.400000004,-4645.0
2022-03-31,273972.650000004,13,132501.400000004,-8528.75
2022-04-01,273468.900000004,13,132501.400000004,-9032.5
2022-04-03,273550.150000004,13,132501.400000004,-8951.25
2022-04-04,275678.900000004,13,132501.400000004,-6822.5
2022-04-05,271892.650000004,13,132501.400000004,-10608.75
2022-04-06,268171.400000004,13,132501.400000004,-14330.0
2022-04-07,270657.650000004,13,132501.400000004,-11843.75
2022-04-08,269893.900000004,13,132501.400000004,-12607.5
2022-04-10,268073.900000004,13,132501.400000004,-14427.5
2022-04-11,263621.400000004,13,132501.400000004,-18880.0
2022-04-12,265457.650000004,13,132501.400000004,-17043.75
2022-04-13,267440.150000004,13,132501.400000004,-15061.25
2022-04-14,263751.400000004,13,132501.400000004,-18750.0
2022-04-17,262321.400000004,13,132501.400000004,-20180.0
2022-04-18,264742.650000004,13,132501.400000004,-17758.75
2022-04-19,267375.150000004,13,132501.400000004,-15126.25
2022-04-20,269081.400000004,13,132501.400000004,-13420.0
2022-04-21,262808.900000004,13,132501.400000004,-19692.5
2022-04-22,254797.65000000398,13,132501.400000004,-27703.75
2022-04-24,254440.15000000398,13,132501.400000004,-28061.25
2022-04-25,258063.90000000398,13,132501.400000004,-24437.5
2022-04-26,250995.15000000398,13,132501.400000004,-31506.25
2022-04-27,252051.40000000398,13,132501.400000004,-30450.0
2022-04-28,255626.40000000398,13,132501.400000004,-26875.0
2022-04-29,247371.40000000398,13,132501.400000004,-35130.0
2022-05-01,248183.90000000398,13,132501.400000004,-34317.5
2022-05-02,249142.65000000398,13,132501.400000004,-33358.75
2022-05-03,249613.90000000398,13,132501.400000004,-32887.5
2022-05-04,257446.40000000398,13,132501.400000004,-25055.0
2022-05-05,247907.65000000398,13,132501.400000004,-34593.75
2022-05-06,245665.15000000398,13,132501.400000004,-36836.25
2022-05-08,243698.90000000398,13,132501.400000004,-38802.5
2022-05-09,239051.40000000398,13,132501.400000004,-43450.0
2022-05-10,239230.15000000398,13,132501.400000004,-43271.25
2022-05-11,234550.15000000398,13,132501.400000004,-47951.25
2022-05-12,236288.90000000398,13,132501.400000004,-46212.5
2022-05-13,239343.90000000398,13,132501.400000004,-43157.5
2022-05-15,237978.90000000398,13,132501.400000004,-44522.5
2022-05-16,239571.40000000398,13,132501.400000004,-42930.0
2022-05-17,243211.40000000398,13,132501.400000004,-39290.0
2022-05-18,233900.15000000398,13,132501.400000004,-48601.25
2022-05-19,233445.15000000398,13,132501.400000004,-49056.25
2022-05-20,232112.65000000398,13,132501.400000004,-50388.75
2022-05-22,233965.15000000398,13,132501.400000004,-48536.25
2022-05-23,234647.65000000398,13,132501.400000004,-47853.75
2022-05-24,236321.40000000398,13,132501.400000004,-46180.0
2022-05-25,236873.90000000398,13,132501.400000004,-45627.5
2022-05-26,241602.65000000398,13,132501.400000004,-40898.75
2022-05-27,249386.40000000398,13,132501.400000004,-33115.0
2022-05-29,249727.65000000398,13,132501.400000004,-32773.75
2022-05-30,249175.15000000398,13,132501.400000004,-33326.25
2022-05-31,247956.40000000398,13,132501.400000004,-34545.0
2022-06-01,244933.90000000398,13,132501.400000004,-37567.5
2022-06-02,249938.90000000398,13,132501.400000004,-32562.5
2022-06-03,245583.90000000398,13,132501.400000004,-36917.5
2022-06-05,246737.65000000398,13,132501.400000004,-35763.75
2022-06-06,245128.90000000398,13,132501.400000004,-37372.5
2022-06-07,247761.40000000398,13,132501.400000004,-34740.0
2022-06-08,245746.40000000398,13,132501.400000004,-36755.0
2022-06-09,240075.15000000398,13,132501.400000004,-42426.25
2022-06-10,232323.90000000398,13,132501.400000004,-50177.5
2022-06-12,228635.15000000398,13,132501.400000004,-53866.25
2022-06-13,223906.530000004,13,132469.03000000402,-58562.5
2022-06-14,222200.280000004,13,132469.03000000402,-60268.75
2022-06-15,225824.030000004,13,132469.03000000402,-56645.0
2022-06-16,218089.030000004,13,132469.03000000402,-64380.0
2022-06-17,217666.530000004,13,132469.03000000402,-64802.5
2022-06-19,218121.530000004,13,132469.03000000402,-64347.5
2022-06-20,221014.030000004,13,132469.03000000402,-61455.0
2022-06-21,220867.780000004,13,132469.03000000402,-61601.25
2022-06-22,222151.530000004,13,132469.03000000402,-60317.5
2022-06-23,226262.780000004,13,132469.03000000402,-56206.25
2022-06-24,232697.780000004,13,132469.03000000402,-49771.25
2022-06-26,233445.280000004,13,132469.03000000402,-49023.75
2022-06-27,231706.530000004,13,132469.03000000402,-50762.5
2022-06-28,227270.280000004,13,132469.03000000402,-55198.75
2022-06-29,225921.530000004,13,132469.03000000402,-56547.5
2022-06-30,222379.030000004,13,132469.03000000402,-60090.0
2022-07-01,226896.530000004,13,132469.03000000402,-55572.5
2022-07-03,225580.280000004,13,132469.03000000402,-56888.75
2022-07-04,227579.030000004,13,132469.03000000402,-54890.0
2022-07-05,227416.530000004,13,132469.03000000402,-55052.5
2022-07-06,228472.780000004,13,132469.03000000402,-53996.25
2022-07-07,230991.530000004,13,132469.03000000402,-51477.5
2022-07-08,232096.530000004,13,132469.03000000402,-50372.5
2022-07-10,230276.530000004,13,132469.03000000402,-52192.5
2022-07-11,227660.280000004,13,132469.03000000402,-54808.75
2022-07-12,227172.780000004,13,132469.03000000402,-55296.25
2022-07-13,225287.780000004,13,132469.03000000402,-57181.25
2022-07-14,225726.530000004,13,132469.03000000402,-56742.5
2022-07-15,229577.780000004,13,132469.03000000402,-52891.25
2022-07-17,230504.030000004,13,132469.03000000402,-51965.0
2022-07-18,227855.280000004,13,132469.03000000402,-54613.75
2022-07-19,235639.030000004,13,132469.03000000402,-46830.0
2022-07-20,235395.280000004,13,132469.03000000402,-47073.75
2022-07-21,237296.530000004,13,132469.03000000402,-45172.5
2022-07-22,235850.280000004,13,132469.03000000402,-46618.75
2022-07-24,235720.280000004,13,132469.03000000402,-46748.75
2022-07-25,235590.280000004,13,132469.03000000402,-46878.75
2022-07-26,235151.530000004,13,132469.03000000402,-47317.5
2022-07-27,239214.030000004,13,132469.03000000402,-43255.0
2022-07-28,244462.780000004,13,132469.03000000402,-38006.25
2022-07-29,246851.530000004,13,132469.03000000402,-35617.5
2022-07-31,245649.030000004,13,132469.03000000402,-36820.0
2022-08-01,245031.530000004,13,132469.03000000402,-37437.5
2022-08-02,244722.780000004,13,132469.03000000402,-37746.25
2022-08-03,248054.030000004,13,132469.03000000402,-34415.0
2022-08-04,248834.030000004,13,132469.03000000402,-33635.0
2022-08-05,247452.780000004,13,132469.03000000402,-35016.25
2022-08-07,247290.280000004,13,132469.03000000402,-35178.75
2022-08-08,248151.530000004,13,132469.03000000402,-34317.5
2022-08-09,246185.280000004,13,132469.03000000402,-36283.75
2022-08-10,252701.530000004,13,132469.03000000402,-29767.5
2022-08-11,252279.030000004,13,132469.03000000402,-30190.0
2022-08-12,256487.780000004,13,132469.03000000402,-25981.25
2022-08-14,255854.030000004,13,132469.03000000402,-26615.0
2022-08-15,257316.530000004,13,132469.03000000402,-25152.5
2022-08-16,258194.030000004,13,132469.03000000402,-24275.0
2022-08-17,255935.280000004,13,132469.03000000402,-26533.75
2022-08-18,256374.030000004,13,132469.03000000402,-26095.0
2022-08-19,253091.530000004,13,132469.03000000402,-29377.5
2022-08-21,252214.030000004,13,132469.03000000402,-30255.0
2022-08-22,247794.030000004,13,132469.03000000402,-34675.0
2022-08-23,245795.280000004,13,132469.03000000402,-36673.75
2022-08-24,248249.030000004,13,132469.03000000402,-34220.0
2022-08-25,251125.280000004,13,132469.03000000402,-31343.75
2022-08-26,241017.780000004,13,132469.03000000402,-41451.25
2022-08-28,240124.030000004,13,132469.03000000402,-42345.0
2022-08-29,240871.530000004,13,132469.03000000402,-41597.5
2022-08-30,238840.280000004,13,132469.03000000402,-43628.75
2022-08-31,233510.280000004,13,132469.03000000402,-48958.75
2022-09-01,235964.030000004,13,132469.03000000402,-46505.0
2022-09-02,233900.280000004,13,132469.03000000402,-48568.75
2022-09-04,233851.530000004,13,132469.03000000402,-48617.5
2022-09-05,234322.780000004,13,132469.03000000402,-48146.25
2022-09-06,231251.530000004,13,132469.03000000402,-51217.5
2022-09-07,237004.030000004,13,132469.03000000402,-45465.0
2022-09-08,239457.780000004,13,132469.03000000402,-43011.25
2022-09-09,242545.280000004,13,132469.03000000402,-39923.75
2022-09-11,242545.280000004,13,132469.03000000402,-39923.75
2022-09-12,245600.410000004,13,132436.66000000402,-36836.25
2022-09-13,234209.160000004,13,132436.66000000402,-48227.5
2022-09-14,234972.910000004,13,132436.66000000402,-47463.75
2022-09-15,229902.910000004,13,132436.66000000402,-52533.75
2022-09-16,230650.410000004,13,132436.66000000402,-51786.25
2022-09-18,229252.910000004,13,132436.66000000402,-53183.75
2022-09-19,232161.660000004,13,132436.66000000402,-50275.0
2022-09-20,229106.660000004,13,132436.66000000402,-53330.0
2022-09-21,222834.160000004,13,132436.66000000402,-59602.5
2022-09-22,221810.410000004,13,132436.66000000402,-60626.25
2022-09-23,218219.160000004,13,132436.66000000402,-64217.5
2022-09-25,216772.910000004,13,132436.66000000402,-65663.75
2022-09-26,217162.910000004,13,132436.66000000402,-65273.75
2022-09-27,213539.160000004,13,132436.66000000402,-68897.5
2022-09-28,219405.410000004,13,132436.66000000402,-63031.25
2022-09-29,213864.160000004,13,132436.66000000402,-68572.5
2022-09-30,211264.160000004,13,132436.66000000402,-71172.5
2022-10-02,210922.910000004,13,132436.66000000402,-71513.75
2022-10-03,218901.660000004,13,132436.66000000402,-63535.0
2022-10-04,223077.910000004,13,132436.66000000402,-59358.75
2022-10-05,224816.660000004,13,132436.66000000402,-57620.0
2022-10-06,220867.910000004,13,132436.66000000402,-61568.75
2022-10-07,214286.660000004,13,132436.66000000402,-68150.0
2022-10-09,213344.160000004,13,132436.66000000402,-69092.5
2022-10-10,211377.910000004,13,132436.66000000402,-71058.75
2022-10-11,211280.410000004,13,132436.66000000402,-71156.25
2022-10-12,210581.660000004,13,132436.66000000402,-71855.0
2022-10-13,218137.910000004,13,132436.66000000402,-64298.75
2022-10-14,210760.410000004,13,132436.66000000402,-71676.25
2022-10-16,211800.410000004,13,132436.66000000402,-70636.25
2022-10-17,220250.410000004,13,132436.66000000402,-62186.25
2022-10-18,221501.660000004,13,132436.66000000402,-60935.0
2022-10-19,216480.410000004,13,132436.66000000402,-65956.25
2022-10-20,215229.160000004,13,132436.66000000402,-67207.5
2022-10-21,222167.910000004,13,132436.66000000402,-60268.75
2022-10-23,221761.660000004,13,132436.66000000402,-60675.0
2022-10-24,224589.160000004,13,132436.66000000402,-57847.5
2022-10-25,226327.910000004,13,132436.66000000402,-56108.75
2022-10-26,227969.160000004,13,132436.66000000402,-54467.5
2022-10-27,224247.910000004,13,132436.66000000402,-58188.75
2022-10-28,231982.910000004,13,132436.66000000402,-50453.75
2022-10-30,231072.910000004,13,132436.66000000402,-51363.75
2022-10-31,230276.660000004,13,132436.66000000402,-52160.0
2022-11-01,228895.410000004,13,132436.66000000402,-53541.25
2022-11-02,222525.410000004,13,132436.66000000402,-59911.25
2022-11-03,219324.160000004,13,132436.66000000402,-63112.5
2022-11-04,222216.660000004,13,132436.66000000402,-60220.0
2022-11-06,222249.160000004,13,132436.66000000402,-60187.5
2022-11-07,224800.410000004,13,132436.66000000402,-57636.25
2022-11-08,226506.660000004,13,132436.66000000402,-55930.0
2022-11-09,221680.410000004,13,132436.66000000402,-60756.25
2022-11-10,234956.660000004,13,132436.66000000402,-47480.0
2022-11-11,236955.410000004,13,132436.66000000402,-45481.25
2022-11-13,236305.410000004,13,132436.66000000402,-46131.25
2022-11-14,235850.410000004,13,132436.66000000402,-46586.25
2022-11-15,236256.660000004,13,132436.66000000402,-46180.0
2022-11-16,235070.410000004,13,132436.66000000402,-47366.25
2022-11-17,234046.660000004,13,132436.66000000402,-48390.0
2022-11-18,235135.410000004,13,132436.66000000402,-47301.25
2022-11-20,234582.910000004,13,132436.66000000402,-47853.75
2022-11-21,234534.160000004,13,132436.66000000402,-47902.5
2022-11-22,237491.660000004,13,132436.66000000402,-44945.0
2022-11-23,239717.910000004,13,132436.66000000402,-42718.75
2022-11-24,239766.660000004,13,132436.66000000402,-42670.0
2022-11-25,239214.160000004,13,132436.66000000402,-43222.5
2022-11-27,237426.660000004,13,132436.66000000402,-45010.0
2022-11-28,235899.160000004,13,132436.66000000402,-46537.5
2022-11-29,234875.410000004,13,132436.66000000402,-47561.25
2022-11-30,242740.410000004,13,132436.66000000402,-39696.25
2022-12-01,241781.660000004,13,132436.66000000402,-40655.0
2022-12-02,241326.660000004,13,132436.66000000402,-41110.0
2022-12-04,241570.410000004,13,132436.66000000402,-40866.25
2022-12-05,237426.660000004,13,132436.66000000402,-45010.0
2022-12-06,233867.910000004,13,132436.66000000402,-48568.75
2022-12-07,232600.410000004,13,132436.66000000402,-49836.25
2022-12-08,235314.160000004,13,132436.66000000402,-47122.5
2022-12-09,232551.660000004,13,132436.66000000402,-49885.0
2022-12-11,232665.410000004,13,132436.66000000402,-49771.25
2022-12-12,236240.540000004,13,132404.29000000402,-46163.75
2022-12-13,239214.290000004,13,132404.29000000402,-43190.0
2022-12-14,236841.790000004,13,132404.29000000402,-45562.5
2022-12-15,229821.790000004,13,132404.29000000402,-52582.5
2022-12-16,226490.540000004,13,132404.29000000402,-55913.75
2022-12-18,227303.040000004,13,132404.29000000402,-55101.25
2022-12-19,222590.540000004,13,132404.29000000402,-59813.75
2022-12-20,225889.290000004,13,132404.29000000402,-56515.0
2022-12-21,229480.540000004,13,132404.29000000402,-52923.75
2022-12-22,225239.290000004,13,132404.29000000402,-57165.0
2022-12-23,226246.790000004,13,132404.29000000402,-56157.5
2022-12-26,227953.040000004,13,132404.29000000402,-54451.25
2022-12-27,225596.790000004,13,132404.29000000402,-56807.5
2022-12-28,222558.040000004,13,132404.29000000402,-59846.25
2022-12-29,226198.040000004,13,132404.29000000402,-56206.25
2022-12-30,226214.290000004,13,132404.29000000402,-56190.0
2023-01-02,225986.790000004,13,132404.29000000402,-56417.5
2023-01-03,225255.540000004,13,132404.29000000402,-57148.75
2023-01-04,226555.540000004,13,132404.29000000402,-55848.75
2023-01-05,224946.790000004,13,132404.29000000402,-57457.5
2023-01-06,229204.290000004,13,132404.29000000402,-53200.0
2023-01-08,230244.290000004,13,132404.29000000402,-52160.0
2023-01-09,228473.040000004,13,132404.29000000402,-53931.25
2023-01-10,231073.040000004,13,132404.29000000402,-51331.25
2023-01-11,234436.790000004,13,132404.29000000402,-47967.5
2023-01-12,234404.290000004,13,132404.29000000402,-48000.0
2023-01-13,236045.540000004,13,132404.29000000402,-46358.75
2023-01-15,236321.790000004,13,132404.29000000402,-46082.5
2023-01-16,235168.040000004,13,132404.29000000402,-47236.25
2023-01-17,235753.040000004,13,132404.29000000402,-46651.25
2023-01-18,230991.790000004,13,132404.29000000402,-51412.5
2023-01-19,229903.040000004,13,132404.29000000402,-52501.25
2023-01-20,234030.540000004,13,132404.29000000402,-48373.75
2023-01-22,233835.540000004,13,132404.29000000402,-48568.75
2023-01-23,237215.540000004,13,132404.29000000402,-45188.75
2023-01-24,235753.040000004,13,132404.29000000402,-46651.25
2023-01-25,237199.290000004,13,132404.29000000402,-45205.0
2023-01-26,238986.790000004,13,132404.29000000402,-43417.5
2023-01-27,240270.540000004,13,132404.29000000402,-42133.75
2023-01-29,239490.540000004,13,132404.29000000402,-42913.75
2023-01-30,236760.540000004,13,132404.29000000402,-45643.75
2023-01-31,240026.790000004,13,132404.29000000402,-42377.5
2023-02-01,244365.540000004,13,132404.29000000402,-38038.75
2023-02-02,245876.790000004,13,132404.29000000402,-36527.5
2023-02-03,244300.540000004,13,132404.29000000402,-38103.75
2023-02-05,243439.290000004,13,132404.29000000402,-38965.0
2023-02-06,243049.290000004,13,132404.29000000402,-39355.0
2023-02-07,246185.540000004,13,132404.29000000402,-36218.75
2023-02-08,243813.040000004,13,132404.29000000402,-38591.25
2023-02-09,240303.040000004,13,132404.29000000402,-42101.25
2023-02-10,241278.040000004,13,132404.29000000402,-41126.25
2023-02-12,240221.790000004,13,132404.29000000402,-42182.5
2023-02-13,244105.540000004,13,132404.29000000402,-38298.75
2023-02-14,243146.790000004,13,132404.29000000402,-39257.5
2023-02-15,245600.540000004,13,132404.29000000402,-36803.75
2023-02-16,240238.040000004,13,132404.29000000402,-42166.25
2023-02-17,240384.290000004,13,132404.29000000402,-42020.0
2023-02-19,240400.540000004,13,132404.29000000402,-42003.75
2023-02-20,239344.290000004,13,132404.29000000402,-43060.0
2023-02-21,235720.540000004,13,132404.29000000402,-46683.75
2023-02-22,236013.040000004,13,132404.29000000402,-46391.25
2023-02-23,235769.290000004,13,132404.29000000402,-46635.0
2023-02-24,233153.040000004,13,132404.29000000402,-49251.25
2023-02-26,233591.790000004,13,132404.29000000402,-48812.5
2023-02-27,234258.040000004,13,132404.29000000402,-48146.25
2023-02-28,233234.290000004,13,132404.29000000402,-49170.0
2023-03-01,231073.040000004,13,132404.29000000402,-51331.25
2023-03-02,233331.790000004,13,132404.29000000402,-49072.5
2023-03-03,238223.040000004,13,132404.29000000402,-44181.25
2023-03-05,238385.540000004,13,132404.29000000402,-44018.75
2023-03-06,238775.540000004,13,132404.29000000402,-43628.75
2023-03-07,234160.540000004,13,132404.29000000402,-48243.75
2023-03-08,234176.790000004,13,132404.29000000402,-48227.5
2023-03-09,227595.540000004,13,132404.29000000402,-54808.75
2023-03-10,226945.540000004,13,132404.29000000402,-55458.75
2023-03-12,230276.790000004,13,132404.29000000402,-52127.5
2023-03-13,226750.670000004,13,132371.92000000403,-55621.25
2023-03-14,230000.670000004,13,132371.92000000403,-52371.25
2023-03-15,228570.670000004,13,132371.92000000403,-53801.25
2023-03-16,232291.920000004,13,132371.92000000403,-50080.0
2023-03-17,229334.420000004,13,132371.92000000403,-53037.5
2023-03-19,229626.920000004,13,132371.92000000403,-52745.0
2023-03-20,231901.920000004,13,132371.92000000403,-50470.0
2023-03-21,235135.670000004,13,132371.92000000403,-47236.25
2023-03-22,231950.670000004,13,132371.92000000403,-50421.25
2023-03-23,231511.920000004,13,132371.92000000403,-50860.0
2023-03-24,233396.920000004,13,132371.92000000403,-48975.0
2023-03-26,234144.420000004,13,132371.92000000403,-48227.5
2023-03-27,233575.670000004,13,132371.92000000403,-48796.25
2023-03-28,233884.420000004,13,132371.92000000403,-48487.5
2023-03-29,236338.170000004,13,132371.92000000403,-46033.75
2023-03-30,238661.920000004,13,132371.92000000403,-43710.0
2023-03-31,241781.920000004,13,132371.92000000403,-40590.0
2023-04-02,240806.920000004,13,132371.92000000403,-41565.0
2023-04-03,242594.420000004,13,132371.92000000403,-39777.5
2023-04-04,241229.420000004,13,132371.92000000403,-41142.5
2023-04-05,239636.920000004,13,132371.92000000403,-42735.0
2023-04-06,241066.920000004,13,132371.92000000403,-41305.0
2023-04-07,241944.420000004,13,132371.92000000403,-40427.5
2023-04-09,241261.920000004,13,132371.92000000403,-41110.0
2023-04-10,241830.670000004,13,132371.92000000403,-40541.25
2023-04-11,241668.170000004,13,132371.92000000403,-40703.75
2023-04-12,240644.420000004,13,132371.92000000403,-41727.5
2023-04-13,243845.670000004,13,132371.92000000403,-38526.25
2023-04-14,243878.170000004,13,132371.92000000403,-38493.75
2023-04-16,243780.670000004,13,132371.92000000403,-38591.25
2023-04-17,244056.920000004,13,132371.92000000403,-38315.0
2023-04-18,244056.920000004,13,132371.92000000403,-38315.0
2023-04-19,243796.920000004,13,132371.92000000403,-38575.0
2023-04-20,242789.420000004,13,132371.92000000403,-39582.5
2023-04-21,242675.670000004,13,132371.92000000403,-39696.25
2023-04-23,242090.670000004,13,132371.92000000403,-40281.25
2023-04-24,242366.920000004,13,132371.92000000403,-40005.0
2023-04-25,239831.920000004,13,132371.92000000403,-42540.0
2023-04-26,238206.920000004,13,132371.92000000403,-44165.0
2023-04-27,242366.920000004,13,132371.92000000403,-40005.0
2023-04-28,245096.920000004,13,132371.92000000403,-37275.0
2023-04-30,245129.420000004,13,132371.92000000403,-37242.5
2023-05-01,244658.170000004,13,132371.92000000403,-37713.75
2023-05-02,242025.670000004,13,132371.92000000403,-40346.25
2023-05-03,240043.170000004,13,132371.92000000403,-42328.75
2023-05-04,238726.920000004,13,132371.92000000403,-43645.0
2023-05-05,242399.420000004,13,132371.92000000403,-39972.5
2023-05-07,242236.920000004,13,132371.92000000403,-40135.0
2023-05-08,242561.920000004,13,132371.92000000403,-39810.0
2023-05-09,241651.920000004,13,132371.92000000403,-40720.0
2023-05-10,243130.670000004,13,132371.92000000403,-39241.25
2023-05-11,242399.420000004,13,132371.92000000403,-39972.5
2023-05-12,241294.420000004,13,132371.92000000403,-41077.5
2023-05-14,241635.670000004,13,132371.92000000403,-40736.25
2023-05-15,241976.920000004,13,132371.92000000403,-40395.0
2023-05-16,241180.670000004,13,132371.92000000403,-41191.25
2023-05-17,243731.920000004,13,132371.92000000403,-38640.0
2023-05-18,246933.170000004,13,132371.92000000403,-35438.75
2023-05-19,245600.670000004,13,132371.92000000403,-36771.25
2023-05-21,245941.920000004,13,132371.92000000403,-36430.0
2023-05-22,246591.920000004,13,132371.92000000403,-35780.0
2023-05-23,243309.420000004,13,132371.92000000403,-39062.5
2023-05-24,241879.420000004,13,132371.92000000403,-40492.5
2023-05-25,242561.920000004,13,132371.92000000403,-39810.0
2023-05-26,246965.670000004,13,132371.92000000403,-35406.25
2023-05-28,247160.670000004,13,132371.92000000403,-35211.25
2023-05-29,247176.920000004,13,132371.92000000403,-35195.0
2023-05-30,246055.670000004,13,132371.92000000403,-36316.25
2023-05-31,245259.420000004,13,132371.92000000403,-37112.5
2023-06-01,248005.670000004,13,132371.92000000403,-34366.25
2023-06-02,251483.170000004,13,132371.92000000403,-30888.75
2023-06-04,251174.420000004,13,132371.92000000403,-31197.5
2023-06-05,250995.670000004,13,132371.92000000403,-31376.25
2023-06-06,251824.420000004,13,132371.92000000403,-30547.5
2023-06-07,250264.420000004,13,132371.92000000403,-32107.5
2023-06-08,251905.670000004,13,132371.92000000403,-30466.25
2023-06-09,252523.170000004,13,132371.92000000403,-29848.75
2023-06-11,252848.170000004,13,132371.92000000403,-29523.75
2023-06-12,255529.550000004,13,132339.55000000403,-26810.0
2023-06-13,256764.550000004,13,132339.55000000403,-25575.0
2023-06-14,256927.050000004,13,132339.55000000403,-25412.5
2023-06-15,259965.800000004,13,132339.55000000403,-22373.75
2023-06-16,259575.800000004,13,132339.55000000403,-22763.75
2023-06-18,258958.300000004,13,132339.55000000403,-23381.25
2023-06-19,258584.550000004,13,132339.55000000403,-23755.0
2023-06-20,257967.050000004,13,132339.55000000403,-24372.5
2023-06-21,256277.050000004,13,132339.55000000403,-26062.5
2023-06-22,256130.800000004,13,132339.55000000403,-26208.75
2023-06-23,254993.300000004,13,132339.55000000403,-27346.25
2023-06-25,255740.800000004,13,132339.55000000403,-26598.75
2023-06-26,254359.550000004,13,132339.55000000403,-27980.0
2023-06-27,256488.300000004,13,132339.55000000403,-25851.25
2023-06-28,257057.050000004,13,132339.55000000403,-25282.5
2023-06-29,258145.800000004,13,132339.55000000403,-24193.75
2023-06-30,261103.300000004,13,132339.55000000403,-21236.25
2023-07-02,261509.550000004,13,132339.55000000403,-20830.0
2023-07-03,261672.050000004,13,132339.55000000403,-20667.5
2023-07-04,261542.050000004,13,132339.55000000403,-20797.5
2023-07-05,260274.550000004,13,132339.55000000403,-22065.0
2023-07-06,258714.550000004,13,132339.55000000403,-23625.0
2023-07-07,258210.800000004,13,132339.55000000403,-24128.75
2023-07-09,257317.050000004,13,132339.55000000403,-25022.5
2023-07-10,258795.800000004,13,132339.55000000403,-23543.75
2023-07-11,260599.550000004,13,132339.55000000403,-21740.0
2023-07-12,263475.800000004,13,132339.55000000403,-18863.75
2023-07-13,264970.800000004,13,132339.55000000403,-17368.75
2023-07-14,264532.050000004,13,132339.55000000403,-17807.5
2023-07-16,264353.300000004,13,132339.55000000403,-17986.25
2023-07-17,265458.300000004,13,132339.55000000403,-16881.25
2023-07-18,267863.300000004,13,132339.55000000403,-14476.25
2023-07-19,268058.300000004,13,132339.55000000403,-14281.25
2023-07-20,266758.300000004,13,132339.55000000403,-15581.25
2023-07-21,266400.800000004,13,132339.55000000403,-15938.75
2023-07-23,266352.050000004,13,132339.55000000403,-15987.5
2023-07-24,267619.550000004,13,132339.55000000403,-14720.0
2023-07-25,268464.550000004,13,132339.55000000403,-13875.0
2023-07-26,269195.800000004,13,132339.55000000403,-13143.75
2023-07-27,266855.800000004,13,132339.55000000403,-15483.75
2023-07-28,269195.800000004,13,132339.55000000403,-13143.75
2023-07-30,268643.300000004,13,132339.55000000403,-13696.25
2023-07-31,269878.300000004,13,132339.55000000403,-12461.25
2023-08-01,267457.050000004,13,132339.55000000403,-14882.5
2023-08-02,264970.800000004,13,132339.55000000403,-17368.75
2023-08-03,264580.800000004,13,132339.55000000403,-17758.75
2023-08-04,262110.800000004,13,132339.55000000403,-20228.75
2023-08-06,263264.550000004,13,132339.55000000403,-19075.0
2023-08-07,264028.300000004,13,132339.55000000403,-18311.25
2023-08-08,263605.800000004,13,132339.55000000403,-18733.75
2023-08-09,262403.300000004,13,132339.55000000403,-19936.25
2023-08-10,261282.050000004,13,132339.55000000403,-21057.5
2023-08-11,261217.050000004,13,132339.55000000403,-21122.5
2023-08-13,260307.050000004,13,132339.55000000403,-22032.5
2023-08-14,263183.300000004,13,132339.55000000403,-19156.25
2023-08-15,259397.050000004,13,132339.55000000403,-22942.5
2023-08-16,257235.800000004,13,132339.55000000403,-25103.75
2023-08-17,254733.300000004,13,132339.55000000403,-27606.25
2023-08-18,254440.800000004,13,132339.55000000403,-27898.75
2023-08-20,254765.800000004,13,132339.55000000403,-27573.75
2023-08-21,256407.050000004,13,132339.55000000403,-25932.5
2023-08-22,256439.550000004,13,132339.55000000403,-25900.0
2023-08-23,260762.050000004,13,132339.55000000403,-21577.5
2023-08-24,254912.050000004,13,132339.55000000403,-27427.5
2023-08-25,256602.050000004,13,132339.55000000403,-25737.5
2023-08-27,256797.050000004,13,132339.55000000403,-25542.5
2023-08-28,258633.300000004,13,132339.55000000403,-23706.25
2023-08-29,263167.050000004,13,132339.55000000403,-19172.5
2023-08-30,264044.550000004,13,132339.55000000403,-18295.0
2023-08-31,263557.050000004,13,132339.55000000403,-18782.5
2023-09-01,263475.800000004,13,132339.55000000403,-18863.75
2023-09-03,263654.550000004,13,132339.55000000403,-18685.0
2023-09-04,263167.050000004,13,132339.55000000403,-19172.5
2023-09-05,262062.050000004,13,132339.55000000403,-20277.5
2023-09-06,260209.550000004,13,132339.55000000403,-22130.0
2023-09-07,259478.300000004,13,132339.55000000403,-22861.25
2023-09-08,259868.300000004,13,132339.55000000403,-22471.25
2023-09-10,259949.550000004,13,132339.55000000403,-22390.0
2023-09-11,261363.430000004,13,132307.18000000404,-20943.75
2023-09-12,259380.930000004,13,132307.18000000404,-22926.25
2023-09-13,261022.180000004,13,132307.18000000404,-21285.0
2023-09-14,263183.430000004,13,132307.18000000404,-19123.75
2023-09-15,258925.930000004,13,132307.18000000404,-23381.25
2023-09-17,259397.180000004,13,132307.18000000404,-22910.0
2023-09-18,259072.180000004,13,132307.18000000404,-23235.0
2023-09-19,258032.180000004,13,132307.18000000404,-24275.0
2023-09-20,254798.430000004,13,132307.18000000404,-27508.75
2023-09-21,251142.180000004,13,132307.18000000404,-31165.0
2023-09-22,250069.680000004,13,132307.18000000404,-32237.5
2023-09-24,250703.430000004,13,132307.18000000404,-31603.75
2023-09-25,250167.180000004,13,132307.18000000404,-32140.0
2023-09-26,247404.680000004,13,132307.18000000404,-34902.5
2023-09-27,246917.180000004,13,132307.18000000404,-35390.0
2023-09-28,248672.180000004,13,132307.18000000404,-33635.0
2023-09-29,247892.180000004,13,132307.18000000404,-34415.0
2023-10-01,249192.180000004,13,132307.18000000404,-33115.0
2023-10-02,247502.180000004,13,132307.18000000404,-34805.0
2023-10-03,242610.930000004,13,132307.18000000404,-39696.25
2023-10-04,245974.680000004,13,132307.18000000404,-36332.5
2023-10-05,245243.430000004,13,132307.18000000404,-37063.75
2023-10-06,248932.180000004,13,132307.18000000404,-33375.0
2023-10-08,246283.430000004,13,132307.18000000404,-36023.75
2023-10-09,250735.930000004,13,132307.18000000404,-31571.25
2023-10-10,252052.180000004,13,132307.18000000404,-30255.0
2023-10-11,253888.430000004,13,132307.18000000404,-28418.75
2023-10-12,251532.180000004,13,132307.18000000404,-30775.0
2023-10-13,249338.430000004,13,132307.18000000404,-32968.75
2023-10-15,250329.680000004,13,132307.18000000404,-31977.5
2023-10-16,252214.680000004,13,132307.18000000404,-30092.5
2023-10-17,252247.180000004,13,132307.18000000404,-30060.0
2023-10-18,248087.180000004,13,132307.18000000404,-34220.0
2023-10-19,245779.680000004,13,132307.18000000404,-36527.5
2023-10-20,242383.430000004,13,132307.18000000404,-39923.75
2023-10-22,243098.430000004,13,132307.18000000404,-39208.75
2023-10-23,242822.180000004,13,132307.18000000404,-39485.0
2023-10-24,243504.680000004,13,132307.18000000404,-38802.5
2023-10-25,238402.180000004,13,132307.18000000404,-43905.0
2023-10-26,238125.930000004,13,132307.18000000404,-44181.25
2023-10-27,235363.430000004,13,132307.18000000404,-46943.75
2023-10-29,236419.680000004,13,132307.18000000404,-45887.5
2023-10-30,237654.680000004,13,132307.18000000404,-44652.5
2023-10-31,239864.680000004,13,132307.18000000404,-42442.5
2023-11-01,243862.180000004,13,132307.18000000404,-38445.0
2023-11-02,248087.180000004,13,132307.18000000404,-34220.0
2023-11-03,251093.430000004,13,132307.18000000404,-31213.75
2023-11-05,250995.930000004,13,132307.18000000404,-31311.25
2023-11-06,250800.930000004,13,132307.18000000404,-31506.25
2023-11-07,252035.930000004,13,132307.18000000404,-30271.25
2023-11-08,252263.430000004,13,132307.18000000404,-30043.75
2023-11-09,250280.930000004,13,132307.18000000404,-32026.25
2023-11-10,254083.430000004,13,132307.18000000404,-28223.75
2023-11-12,253124.680000004,13,132307.18000000404,-29182.5
2023-11-13,254278.430000004,13,132307.18000000404,-28028.75
2023-11-14,260355.930000004,13,132307.18000000404,-21951.25
2023-11-15,259819.680000004,13,132307.18000000404,-22487.5
2023-11-16,260827.180000004,13,132307.18000000404,-21480.0
2023-11-17,260534.680000004,13,132307.18000000404,-21772.5
2023-11-19,260485.930000004,13,132307.18000000404,-21821.25
2023-11-20,263134.680000004,13,132307.18000000404,-19172.5
2023-11-21,262289.680000004,13,132307.18000000404,-20017.5
2023-11-22,263280.930000004,13,132307.18000000404,-19026.25
2023-11-23,263524.680000004,13,132307.18000000404,-18782.5
2023-11-24,263427.180000004,13,132307.18000000404,-18880.0
2023-11-26,262565.930000004,13,132307.18000000404,-19741.25
2023-11-27,262955.930000004,13,132307.18000000404,-19351.25
2023-11-28,263540.930000004,13,132307.18000000404,-18766.25
2023-11-29,263248.430000004,13,132307.18000000404,-19058.75
2023-11-30,263800.930000004,13,132307.18000000404,-18506.25
2023-12-01,265750.930000004,13,132307.18000000404,-16556.25
2023-12-03,265182.180000004,13,132307.18000000404,-17125.0
2023-12-04,263345.930000004,13,132307.18000000404,-18961.25
2023-12-05,264759.680000004,13,132307.18000000404,-17547.5
2023-12-06,262500.930000004,13,132307.18000000404,-19806.25
2023-12-07,264824.680000004,13,132307.18000000404,-17482.5
2023-12-08,265962.180000004,13,132307.18000000404,-16345.0
2023-12-10,265799.680000004,13,132307.18000000404,-16507.5
2023-12-11,267246.060000004,13,132274.81000000404,-15028.75
2023-12-12,268789.810000004,13,132274.81000000404,-13485.0
2023-12-13,273778.560000004,13,132274.81000000404,-8496.25
2023-12-14,273664.810000004,13,132274.81000000404,-8610.0
2023-12-15,273063.560000004,13,132274.81000000404,-9211.25
2023-12-17,273827.310000004,13,132274.81000000404,-8447.5
2023-12-18,274623.560000004,13,132274.81000000404,-7651.25
2023-12-19,276492.310000004,13,132274.81000000404,-5782.5
2023-12-20,272771.060000004,13,132274.81000000404,-9503.75
2023-12-21,274396.060000004,13,132274.81000000404,-7878.75
2023-12-22,274997.310000004,13,132274.81000000404,-7277.5
2023-12-25,275793.560000004,13,132274.81000000404,-6481.25
2023-12-26,276719.810000004,13,132274.81000000404,-5555.0
2023-12-27,277564.810000004,13,132274.81000000404,-4710.0
2023-12-28,277353.560000004,13,132274.81000000404,-4921.25
2023-12-29,275874.810000004,13,132274.81000000404,-6400.0
2024-01-01,276394.810000004,13,132274.81000000404,-5880.0
2024-01-02,273973.560000004,13,132274.81000000404,-8301.25
2024-01-03,271779.810000004,13,132274.81000000404,-10495.0
2024-01-04,270642.310000004,13,132274.81000000404,-11632.5
2024-01-05,270853.560000004,13,132274.81000000404,-11421.25
2024-01-07,270642.310000004,13,132274.81000000404,-11632.5
2024-01-08,274786.060000004,13,132274.81000000404,-7488.75
2024-01-09,274314.810000004,13,132274.81000000404,-7960.0
2024-01-10,276898.560000004,13,132274.81000000404,-5376.25
2024-01-11,275549.810000004,13,132274.81000000404,-6725.0
2024-01-12,275777.310000004,13,132274.81000000404,-6497.5
2024-01-14,276216.060000004,13,132274.81000000404,-6058.75
2024-01-15,275078.560000004,13,132274.81000000404,-7196.25
2024-01-16,274347.310000004,13,132274.81000000404,-7927.5
2024-01-17,272803.560000004,13,132274.81000000404,-9471.25
2024-01-18,275972.310000004,13,132274.81000000404,-6302.5
2024-01-19,279579.810000004,13,132274.81000000404,-2695.0
2024-01-21,280376.060000004,13,132274.81000000404,-1898.75
2024-01-22,280509.83000000403,13,132422.33000000406,-1912.5
2024-01-23,281589.83000000403,9,132422.33000000406,-832.5
2024-01-24,282004.86000000406,9,132741.1100000041,-736.25
2024-01-25,282072.36000000406,3,132741.1100000041,-668.75
2024-01-26,282229.86000000406,3,132741.1100000041,-511.25
2024-01-28,282214.86000000406,3,132741.1100000041,-526.25
2024-01-29,282767.37000000407,3,132789.8700000041,-22.5
2024-01-30,282663.62000000407,1,132789.8700000041,-126.25
2024-01-31,282423.62000000407,1,132789.8700000041,-366.25
2024-02-01,282776.12000000407,1,132789.8700000041,-13.75
2024-02-02,282735.5300000041,4,132935.53000000413,-200.0
2024-02-04,282630.5300000041,4,132935.53000000413,-305.0
2024-02-05,282953.06000000413,10,132931.81000000416,21.25
2024-02-06,283403.06000000413,10,132931.81000000416,471.25
2024-02-07,284706.8900000042,10,134743.14000000423,-36.25
2024-02-08,284743.7700000042,3,134742.52000000424,1.25
2024-02-09,285128.7900000042,3,135116.29000000426,12.5
2024-02-11,285126.2900000042,1,135116.29000000426,10.0
2024-02-12,284755.70000000426,6,135236.9500000043,-481.25
2024-02-13,283463.8600000043,13,135232.61000000432,-1768.75
2024-02-14,286437.6100000043,13,135232.61000000432,1205.0
2024-02-15,287097.0800000044,13,137098.3300000044,-1.25
2024-02-16,286528.3500000044,6,137095.85000000443,-567.5
2024-02-18,286813.3500000044,6,137095.85000000443,-282.5
2024-02-19,286243.3500000044,6,137095.85000000443,-852.5
2024-02-20,285520.26000000443,13,137091.51000000446,-1571.25
2024-02-21,289355.27000000444,15,137090.27000000447,2265.0
2024-02-22,291782.88000000454,15,141747.88000000457,35.0
2024-02-23,291666.63000000454,3,141747.88000000457,-81.25
2024-02-25,291614.13000000454,3,141747.88000000457,-133.75
2024-02-26,291370.39000000455,5,141746.64000000458,-376.25
2024-02-27,291752.90000000456,7,141745.4000000046,7.5
2024-02-28,291647.90000000456,7,141745.4000000046,-97.5
2024-02-29,292671.0700000046,7,142622.32000000463,48.75
2024-03-01,292912.9600000046,2,142871.71000000465,41.25
2024-03-03,292922.9600000046,1,142871.71000000465,51.25
2024-03-04,292642.36000000464,4,142993.61000000467,-351.25
2024-03-05,291869.9100000047,14,142987.41000000472,-1117.5
2024-03-06,294303.7600000048,14,144727.5100000048,-423.75
2024-03-07,295700.69000000483,6,145666.94000000486,33.75
2024-03-08,294653.8900000049,12,146032.64000000493,-1378.75
2024-03-10,293903.8900000049,12,146032.64000000493,-2128.75
2024-03-11,295539.07000000495,16,145990.32000000495,-451.25
2024-03-12,298427.9500000051,16,148484.20000000508,-56.25
2024-03-13,298515.4600000051,4,148482.96000000509,32.5
2024-03-14,298419.8600000051,9,148479.8600000051,-60.0
2024-03-15,296988.6300000051,13,148477.38000000513,-1488.75
2024-03-17,297638.6300000051,13,148477.38000000513,-838.75
2024-03-18,299772.4700000052,13,150097.4700000052,-325.0
2024-03-19,300946.27000000526,7,150966.27000000526,-20.0
2024-03-20,301865.7000000053,3,151586.9500000053,278.75
2024-03-21,301876.9700000053,2,151945.72000000533,-68.75
2024-03-22,301643.86000000534,5,151943.86000000534,-300.0
2024-03-24,301643.86000000534,5,151943.86000000534,-300.0
2024-03-25,301488.24000000535,6,151943.24000000535,-455.0
2024-03-26,301479.50000000536,8,151942.00000000536,-462.5
2024-03-27,302539.50000000536,8,151942.00000000536,597.5
2024-03-28,302836.4300000054,8,152942.6800000054,-106.25
2024-03-31,303196.4300000054,3,152942.6800000054,253.75
2024-04-01,302523.9500000054,7,152940.20000000542,-416.25
2024-04-02,301495.22000000544,11,152937.72000000544,-1442.5
2024-04-03,302870.22000000544,11,152937.72000000544,-67.5
2024-04-04,299983.4900000056,18,154295.99000000558,-4312.5
2024-04-05,304528.4900000056,18,154295.99000000558,232.5
2024-04-07,303628.4900000056,18,154295.99000000558,-667.5
2024-04-08,304415.9900000056,18,154295.99000000558,120.0
2024-04-09,305293.4900000056,18,154295.99000000558,997.5
2024-04-10,300182.8700000056,19,154295.37000000558,-4112.5
2024-04-11,304093.5000000056,20,154294.7500000056,-201.25
2024-04-12,296332.2800000056,26,154291.03000000562,-7958.75
2024-04-14,298282.2800000056,26,154291.03000000562,-6008.75
2024-04-15,285669.81000000564,32,154287.31000000564,-18617.5
2024-04-16,287509.81000000564,32,154287.31000000564,-16777.5
2024-04-17,283029.81000000564,32,154287.31000000564,-21257.5
2024-04-18,270989.81000000564,32,154287.31000000564,-33297.5
2024-04-19,271389.81000000564,32,154287.31000000564,-32897.5
2024-04-21,273389.81000000564,32,154287.31000000564,-30897.5
2024-04-22,278469.81000000564,32,154287.31000000564,-25817.5
2024-04-23,290869.81000000564,32,154287.31000000564,-13417.5
2024-04-24,283149.82000000565,32,154336.07000000565,-21186.25
2024-04-25,290682.95000000566,30,154360.45000000566,-13677.5
2024-04-26,291865.46000000567,29,154409.21000000567,-12543.75
2024-04-28,293485.46000000567,27,154409.21000000567,-10923.75
2024-04-29,293419.8400000057,27,154433.59000000567,-11013.75
2024-04-30,283279.8400000057,26,154433.59000000567,-21153.75
2024-05-01,284189.8400000057,26,154433.59000000567,-20243.75
2024-05-02,288739.8400000057,26,154433.59000000567,-15693.75
2024-05-03,295802.3500000057,26,154482.35000000568,-8680.0
2024-05-05,295592.3500000057,24,154482.35000000568,-8890.0
2024-05-06,300594.2600000057,24,154703.0100000057,-4108.75
2024-05-07,301043.6500000057,17,154813.65000000573,-3770.0
2024-05-08,300711.1500000057,14,154813.65000000573,-4102.5
2024-05-09,302968.66000000574,14,154862.41000000574,-1893.75
2024-05-10,303179.30000000575,12,154965.55000000575,-1786.25
2024-05-12,303516.80000000575,9,154965.55000000575,-1448.75
2024-05-13,303179.30000000575,9,154965.55000000575,-1786.25
2024-05-14,304616.81000000576,9,155014.31000000576,-397.5
2024-05-15,305643.7400000058,7,155547.4900000058,96.25
2024-05-16,305372.5000000058,4,155546.25000000582,-173.75
2024-05-17,305727.51000000583,6,155545.01000000583,182.5
2024-05-19,305922.51000000583,6,155545.01000000583,377.5
2024-05-20,306161.3100000059,6,156291.31000000588,-130.0
2024-05-21,306431.3100000059,4,156291.31000000588,140.0
2024-05-22,307445.7000000059,7,156289.4500000059,1156.25
2024-05-23,305838.300000006,13,157293.30000000598,-1455.0
2024-05-24,307674.550000006,13,157293.30000000598,381.25
2024-05-26,307430.800000006,13,157293.30000000598,137.5
2024-05-27,308243.300000006,13,157293.30000000598,950.0
2024-05-28,306813.300000006,13,157293.30000000598,-480.0
2024-05-29,303595.800000006,13,157293.30000000598,-3697.5
2024-05-30,302537.080000006,19,157289.580000006,-4752.5
2024-05-31,310286.61000000616,24,160286.61000000616,0.0
2024-06-02,310371.61000000616,2,160286.61000000616,85.0
2024-06-03,311532.33000000624,10,161531.08000000624,1.25
2024-06-04,312300.5100000063,4,162026.7600000063,273.75
2024-06-05,313096.20000000636,4,163074.95000000636,21.25
2024-06-06,313246.84000000637,4,163073.09000000637,173.75
2024-06-07,313274.4000000064,6,163695.65000000643,-421.25
2024-06-09,313341.9000000064,6,163695.65000000643,-353.75
2024-06-10,313865.66000000644,8,163694.41000000644,171.25
2024-06-11,314830.0900000065,9,164815.0900000065,15.0
2024-06-12,315207.6300000065,5,165162.63000000652,45.0
2024-06-13,315481.39000000653,7,165161.39000000653,320.0
2024-06-14,315280.14000000653,7,165161.39000000653,118.75
2024-06-16,315280.14000000653,7,165161.39000000653,118.75
2024-06-17,316147.7000000066,7,166157.7000000066,-10.0
2024-06-18,316221.4500000066,1,166157.7000000066,63.75
2024-06-19,316271.4500000066,1,166157.7000000066,113.75
2024-06-20,315989.00000000664,9,166276.50000000664,-287.5
2024-06-21,315659.63000000664,10,166275.88000000664,-616.25
2024-06-23,315172.13000000664,10,166275.88000000664,-1103.75
2024-06-24,315049.01000000664,11,166275.26000000664,-1226.25
2024-06-25,315942.76000000664,11,166275.26000000664,-332.5
2024-06-26,314994.01000000664,11,166275.26000000664,-1281.25
2024-06-27,317125.26000000664,11,166275.26000000664,850.0
2024-06-28,317016.62000000675,11,167647.87000000675,-631.25
2024-06-30,317236.62000000675,11,167647.87000000675,-411.25
2024-07-01,316478.50000000675,12,167647.25000000675,-1168.75
2024-07-02,319114.1900000068,12,169140.4400000068,-26.25
2024-07-03,319247.9500000068,1,169264.20000000682,-16.25
2024-07-04,319270.4500000068,1,169264.20000000682,6.25
2024-07-05,319511.72000000684,2,169512.97000000684,-1.25
2024-07-07,319507.97000000684,1,169512.97000000684,-5.0
2024-07-08,319626.72000000684,1,169512.97000000684,113.75
2024-07-09,319624.86000000685,2,169636.11000000685,-11.25
2024-07-10,320005.5100000069,2,170009.26000000688,-3.75
2024-07-11,319162.4300000069,10,170003.68000000692,-841.25
2024-07-12,320794.410000007,10,171499.41000000702,-705.0
2024-07-14,321056.910000007,7,171499.41000000702,-442.5
2024-07-15,322491.9900000071,9,172368.2400000071,123.75
2024-07-16,323460.79000000714,9,173487.04000000714,-26.25
2024-07-17,323212.69000000716,6,173483.94000000716,-271.25
2024-07-18,321765.8700000072,17,173477.1200000072,-1711.25
2024-07-19,317399.02000000724,22,173474.02000000724,-6075.0
2024-07-21,318581.52000000724,22,173474.02000000724,-4892.5
2024-07-22,322569.02000000724,22,173474.02000000724,-905.0
2024-07-23,319901.52000000724,22,173474.02000000724,-3572.5
2024-07-24,308757.8200000073,32,173467.82000000728,-14710.0
2024-07-25,304957.8200000073,32,173467.82000000728,-18510.0
2024-07-26,311037.8200000073,32,173467.82000000728,-12430.0
2024-07-28,314957.8200000073,32,173467.82000000728,-8510.0
2024-07-29,309477.8200000073,32,173467.82000000728,-13990.0
2024-07-30,310477.8200000073,32,173467.82000000728,-12990.0
2024-07-31,325287.90000000736,32,178069.15000000736,-2781.25
2024-08-01,315601.0400000074,16,178142.29000000737,-12541.25
2024-08-02,310108.5400000074,13,178142.29000000737,-18033.75
2024-08-04,305867.2900000074,13,178142.29000000737,-22275.0
2024-08-05,306127.2900000074,13,178142.29000000737,-22015.0
2024-08-06,307021.0400000074,13,178142.29000000737,-21121.25
2024-08-07,301561.0400000074,13,178142.29000000737,-26581.25
2024-08-08,309897.2900000074,13,178142.29000000737,-18245.0
2024-08-09,310563.5400000074,13,178142.29000000737,-17578.75
2024-08-11,310791.0400000074,13,178142.29000000737,-17351.25
2024-08-12,311246.0400000074,13,178142.29000000737,-16896.25
2024-08-13,316576.0400000074,13,178142.29000000737,-11566.25
2024-08-14,318721.0400000074,13,178142.29000000737,-9421.25
2024-08-15,324327.2900000074,13,178142.29000000737,-3815.0
2024-08-16,324554.7900000074,13,178142.29000000737,-3587.5
2024-08-18,324912.2900000074,13,178142.29000000737,-3230.0
2024-08-19,327383.5700000074,13,178288.5700000074,-905.0
2024-08-20,327387.3300000074,7,178337.3300000074,-950.0
2024-08-21,327731.0900000074,5,178386.09000000742,-655.0
2024-08-22,327646.7200000074,3,178422.97000000742,-776.25
2024-08-23,328054.2200000074,2,178422.97000000742,-368.75
2024-08-25,328004.2200000074,2,178422.97000000742,-418.75
2024-08-26,328048.6000000074,2,178447.35000000743,-398.75
2024-08-27,328087.3500000074,1,178447.35000000743,-360.0
2024-08-28,327819.8500000074,1,178447.35000000743,-627.5
2024-08-29,327973.6000000074,1,178447.35000000743,-473.75
2024-08-30,328157.3500000074,1,178447.35000000743,-290.0
2024-09-01,328139.8500000074,1,178447.35000000743,-307.5
2024-09-02,328136.1000000074,1,178447.35000000743,-311.25
2024-09-03,327448.6000000074,1,178447.35000000743,-998.75
2024-09-04,327481.1000000074,1,178447.35000000743,-966.25
2024-09-05,327399.8500000074,1,178447.35000000743,-1047.5
2024-09-06,326893.6000000074,1,178447.35000000743,-1553.75
2024-09-08,327049.8500000074,1,178447.35000000743,-1397.5
2024-09-09,327258.6000000074,1,178447.35000000743,-1188.75
2024-09-10,327264.8500000074,1,178447.35000000743,-1182.5
2024-09-11,327713.6000000074,1,178447.35000000743,-733.75
2024-09-12,327899.8500000074,1,178447.35000000743,-547.5
2024-09-13,328008.6000000074,1,178447.35000000743,-438.75
2024-09-15,328038.6000000074,1,178447.35000000743,-408.75
2024-09-16,328033.61000000744,1,178444.86000000744,-411.25
2024-09-17,328081.11000000744,1,178444.86000000744,-363.75
2024-09-18,328246.11000000744,1,178444.86000000744,-198.75
2024-09-19,328416.76000000746,4,178466.76000000746,-50.0
2024-09-20,328411.1600000075,9,178463.66000000748,-52.5
2024-09-22,329344.9100000075,9,178463.66000000748,881.25
2024-09-23,328849.9100000075,9,178463.66000000748,386.25
2024-09-24,329851.85000000754,9,179584.35000000754,267.5
2024-09-25,330718.1500000076,6,180080.6500000076,637.5
2024-09-26,331311.34000000765,7,181257.59000000765,53.75
2024-09-27,330742.59000000765,7,181257.59000000765,-515.0
2024-09-29,331083.84000000765,7,181257.59000000765,-173.75
2024-09-30,332520.7900000077,10,182505.79000000772,15.0
2024-10-01,331570.2200000078,13,182498.97000000777,-928.75
2024-10-02,331072.1000000078,14,182498.35000000778,-1426.25
2024-10-03,331229.6000000078,14,182498.35000000778,-1268.75
2024-10-04,334987.8600000079,14,184994.1100000079,-6.25
2024-10-06,334991.6100000079,1,184994.1100000079,-2.5
2024-10-07,333970.40000000794,9,184989.15000000794,-1018.75
2024-10-08,336218.590000008,9,186111.090000008,107.5
2024-10-09,336842.38000000804,4,186733.63000000804,108.75
2024-10-10,336903.64000000805,4,186732.39000000805,171.25
2024-10-11,337250.54000000807,4,187230.54000000807,20.0
2024-10-13,337261.79000000807,1,187230.54000000807,31.25
2024-10-14,337662.4400000081,2,187487.4400000081,175.0
2024-10-15,337081.23000000813,10,187482.48000000813,-401.25
2024-10-16,337356.23000000813,10,187482.48000000813,-126.25
2024-10-17,339242.5600000082,10,189783.8100000082,-541.25
2024-10-18,339940.0600000082,6,189783.8100000082,156.25
2024-10-20,339955.0600000082,6,189783.8100000082,171.25
2024-10-21,339431.9500000082,9,189781.95000000822,-350.0
2024-10-22,339626.3300000082,10,189781.33000000822,-155.0
2024-10-23,338620.75000000827,19,189775.75000000827,-1155.0
2024-10-24,338335.75000000827,19,189775.75000000827,-1440.0
2024-10-25,341251.5100000084,19,192142.7600000084,-891.25
2024-10-27,342501.5100000084,8,192142.7600000084,358.75
2024-10-28,341671.5100000084,8,192142.7600000084,-471.25
2024-10-29,342851.5100000084,8,192142.7600000084,708.75
2024-10-30,340691.5100000084,8,192142.7600000084,-1451.25
2024-10-31,336198.44000000844,19,192135.94000000844,-5937.5
2024-11-01,337267.19000000844,19,192135.94000000844,-4868.75
2024-11-03,338549.69000000844,19,192135.94000000844,-3586.25
2024-11-04,335770.32000000845,20,192135.32000000845,-6365.0
2024-11-05,350345.32000000845,20,192135.32000000845,8210.0
2024-11-06,356030.4800000086,20,205977.9800000086,52.5
2024-11-07,356306.1400000086,3,206348.64000000863,-42.5
2024-11-08,356669.92000000866,3,206722.42000000866,-52.5
2024-11-10,356864.92000000866,3,206722.42000000866,142.5
2024-11-11,356786.80000000866,4,206721.80000000866,65.0
2024-11-12,356396.8200000087,8,206719.32000000868,-322.5
2024-11-13,356736.8200000087,8,206719.32000000868,17.5
2024-11-14,354320.5900000087,12,206716.8400000087,-2396.25
2024-11-15,350258.77000000875,23,206710.02000000875,-6451.25
2024-11-17,351868.77000000875,23,206710.02000000875,-4841.25
2024-11-18,353737.52000000875,23,206710.02000000875,-2972.5
2024-11-19,355721.27000000875,23,206710.02000000875,-988.75
2024-11-20,353018.77000000875,23,206710.02000000875,-3691.25
2024-11-21,359483.90000000887,23,209586.40000000887,-102.5
2024-11-22,359949.5300000089,4,209585.78000000888,363.75
2024-11-24,360404.5300000089,4,209585.78000000888,818.75
2024-11-25,360785.84000000893,8,210652.09000000893,133.75
2024-11-26,361748.390000009,8,211649.64000000898,98.75
2024-11-27,361862.160000009,6,211647.160000009,215.0
2024-11-28,362229.660000009,6,211647.160000009,582.5
2024-11-29,362445.32000000903,6,212397.82000000903,47.5
2024-12-01,362389.07000000903,1,212397.82000000903,-8.75
2024-12-02,362517.83000000904,1,212521.58000000904,-3.75
2024-12-03,362827.22000000905,4,212519.72000000905,307.5
2024-12-04,363152.2500000091,4,213018.50000000908,133.75
2024-12-05,362994.1600000091,5,213265.4100000091,-271.25
2024-12-06,363294.1600000091,5,213265.4100000091,28.75
2024-12-08,363231.6600000091,5,213265.4100000091,-33.75
2024-12-09,362191.68000000913,9,213262.93000000913,-1071.25
2024-12-10,361646.70000000915,13,213260.45000000915,-1613.75
2024-12-11,364726.7800000092,13,214886.78000000922,-160.0
2024-12-12,364328.68000000925,8,214883.68000000925,-555.0
2024-12-13,363730.57000000926,11,214881.82000000926,-1151.25
2024-12-15,364129.32000000926,11,214881.82000000926,-752.5
2024-12-16,365064.43000000925,11,214854.43000000925,210.0
2024-12-17,364349.43000000925,11,214854.43000000925,-505.0
2024-12-18,345178.91000000935,32,214841.41000000935,-19662.5
2024-12-19,339778.91000000935,32,214841.41000000935,-25062.5
2024-12-20,353058.91000000935,32,214841.41000000935,-11782.5
2024-12-22,358178.91000000935,32,214841.41000000935,-6662.5
2024-12-23,359298.91000000935,32,214841.41000000935,-5542.5
2024-12-24,368853.4500000095,32,218838.4500000095,15.0
2024-12-25,368865.9500000095,1,218838.4500000095,27.5
2024-12-26,369096.00000000955,4,219333.50000000955,-237.5
2024-12-27,368792.3100000096,15,219326.0600000096,-533.75
2024-12-29,367929.8100000096,15,219326.0600000096,-1396.25
2024-12-30,363710.4600000096,20,219322.96000000963,-5612.5
2024-12-31,362109.84000000963,21,219322.34000000963,-7212.5
2025-01-01,363894.84000000963,21,219322.34000000963,-5427.5
2025-01-02,361893.62000000966,27,219318.62000000966,-7425.0
2025-01-03,369723.62000000966,27,219318.62000000966,405.0
2025-01-05,370061.12000000966,27,219318.62000000966,742.5
2025-01-06,375306.32000000984,27,226202.57000000984,-896.25
2025-01-07,372307.0000000099,22,226195.7500000099,-3888.75
2025-01-08,370223.2600000099,24,226194.5100000099,-5971.25
2025-01-09,370163.2600000099,24,226194.5100000099,-6031.25
2025-01-10,359032.05000000994,32,226189.55000000994,-17157.5
2025-01-12,355832.05000000994,32,226189.55000000994,-20357.5
2025-01-13,363952.05000000994,32,226189.55000000994,-12237.5
2025-01-14,362632.05000000994,32,226189.55000000994,-13557.5
2025-01-15,380159.7200000101,32,230170.9700000101,-11.25
2025-01-16,380247.8600000101,5,230169.1100000101,78.75
2025-01-17,381361.0500000102,5,231508.55000001017,-147.5
2025-01-19,381351.0500000102,4,231508.55000001017,-157.5
2025-01-20,381546.0500000102,4,231508.55000001017,37.5
2025-01-21,382630.49000001024,4,232506.74000001024,123.75
2025-01-22,382704.25000001024,1,232688.00000001024,16.25
2025-01-23,382923.64000001026,2,232811.14000001026,112.5
2025-01-24,382704.3100000103,7,233055.5600000103,-351.25
2025-01-26,380735.5600000103,7,233055.5600000103,-2320.0
2025-01-27,379894.9400000103,8,233054.9400000103,-3160.0
2025-01-28,381884.9400000103,8,233054.9400000103,-1170.0
2025-01-29,381614.9400000103,8,233054.9400000103,-1440.0
2025-01-30,382474.9400000103,8,233054.9400000103,-580.0
2025-01-31,380624.9400000103,8,233054.9400000103,-2430.0
2025-02-02,375744.9400000103,8,233054.9400000103,-7310.0
2025-02-03,380853.0900000103,13,233051.84000001033,-2198.75
2025-02-04,381356.8400000103,13,233051.84000001033,-1695.0
2025-02-05,384680.0300000104,13,234680.0300000104,0.0
2025-02-06,385025.6800000104,5,234676.9300000104,348.75
2025-02-07,384023.2500000105,9,235298.25000001048,-1275.0
2025-02-09,384664.5000000105,9,235298.25000001048,-633.75
2025-02-10,385148.2500000105,9,235298.25000001048,-150.0
2025-02-11,385699.5000000105,9,235298.25000001048,401.25
2025-02-12,385987.6300000105,10,235297.63000001048,690.0
2025-02-13,386913.33000001055,10,236815.83000001055,97.5
2025-02-14,386865.83000001055,1,236815.83000001055,50.0
2025-02-16,386918.33000001055,1,236815.83000001055,102.5
2025-02-17,386924.58000001055,1,236815.83000001055,108.75
2025-02-18,386964.59000001056,1,236939.59000001056,25.0
2025-02-19,386955.8700000106,3,237187.1200000106,-231.25
2025-02-20,386830.9000000106,9,237183.40000001062,-352.5
2025-02-21,379980.3400000107,22,237175.34000001068,-7195.0
2025-02-23,383032.8400000107,22,237175.34000001068,-4142.5
2025-02-24,377686.6100000107,26,237172.8600000107,-9486.25
2025-02-25,375627.8900000107,32,237169.14000001072,-11541.25
2025-02-26,373067.8900000107,32,237169.14000001072,-14101.25
2025-02-27,357667.8900000107,32,237169.14000001072,-29501.25
2025-02-28,370427.8900000107,32,237169.14000001072,-16741.25
2025-03-02,372707.8900000107,32,237169.14000001072,-14461.25
2025-03-03,356507.8900000107,32,237169.14000001072,-30661.25
2025-03-04,349427.8900000107,32,237169.14000001072,-37741.25
2025-03-05,353027.8900000107,32,237169.14000001072,-34141.25
2025-03-06,339347.8900000107,32,237169.14000001072,-47821.25
2025-03-07,340627.8900000107,32,237169.14000001072,-46541.25
2025-03-09,337227.8900000107,32,237169.14000001072,-49941.25
2025-03-10,317067.8900000107,32,237169.14000001072,-70101.25
2025-03-11,311467.8900000107,32,237169.14000001072,-75701.25
2025-03-12,311427.8900000107,32,237169.14000001072,-75741.25
2025-03-13,308307.8900000107,32,237169.14000001072,-78861.25
2025-03-14,317747.8900000107,32,237169.14000001072,-69421.25
2025-03-16,314667.8900000107,32,237169.14000001072,-72501.25
2025-03-17,322868.21000001073,32,237089.46000001073,-64221.25
2025-03-18,317708.21000001073,32,237089.46000001073,-69381.25
2025-03-19,329788.21000001073,32,237089.46000001073,-57301.25
2025-03-20,323228.21000001073,32,237089.46000001073,-63861.25
2025-03-21,324028.21000001073,32,237089.46000001073,-63061.25
2025-03-23,329468.21000001073,32,237089.46000001073,-57621.25
2025-03-24,337948.21000001073,32,237089.46000001073,-49141.25
2025-03-25,340868.21000001073,32,237089.46000001073,-46221.25
2025-03-26,331508.21000001073,32,237089.46000001073,-55581.25
2025-03-27,327988.21000001073,32,237089.46000001073,-59101.25
2025-03-28,305228.21000001073,32,237089.46000001073,-81861.25
2025-03-30,301348.21000001073,32,237089.46000001073,-85741.25
2025-03-31,310388.21000001073,32,237089.46000001073,-76701.25
2025-04-01,315388.21000001073,32,237089.46000001073,-71701.25
2025-04-02,297348.21000001073,32,237089.46000001073,-89741.25
2025-04-03,272988.21000001073,32,237089.46000001073,-114101.25
2025-04-04,224308.21000001073,32,237089.46000001073,-162781.25
2025-04-06,197788.21000001073,32,237089.46000001073,-189301.25
2025-04-07,235948.21000001073,32,237089.46000001073,-151141.25
2025-04-08,196628.21000001073,32,237089.46000001073,-190461.25
2025-04-09,281548.21000001073,32,237089.46000001073,-105541.25
2025-04-10,256788.21000001073,32,237089.46000001073,-130301.25
2025-04-11,272148.21000001073,32,237089.46000001073,-114941.25
2025-04-13,278748.21000001073,32,237089.46000001073,-108341.25
2025-04-14,278788.21000001073,32,237089.46000001073,-108301.25
2025-04-15,269588.21000001073,32,237089.46000001073,-117501.25
2025-04-16,263948.21000001073,32,237089.46000001073,-123141.25
2025-04-17,261068.21000001073,32,237089.46000001073,-126021.25
2025-04-20,251588.21000001073,32,237089.46000001073,-135501.25
2025-04-21,241388.21000001073,32,237089.46000001073,-145701.25
2025-04-22,272028.21000001073,32,237089.46000001073,-115061.25
2025-04-23,271708.21000001073,32,237089.46000001073,-115381.25
2025-04-24,295428.21000001073,32,237089.46000001073,-91661.25
2025-04-25,297228.21000001073,32,237089.46000001073,-89861.25
2025-04-27,291788.21000001073,32,237089.46000001073,-95301.25
2025-04-28,298788.21000001073,32,237089.46000001073,-88301.25
2025-04-29,298028.21000001073,32,237089.46000001073,-89061.25
2025-04-30,312468.21000001073,32,237089.46000001073,-74621.25
2025-05-01,315668.21000001073,32,237089.46000001073,-71421.25
2025-05-02,322508.21000001073,32,237089.46000001073,-64581.25
2025-05-04,315948.21000001073,32,237089.46000001073,-71141.25
2025-05-05,314868.21000001073,32,237089.46000001073,-72221.25
2025-05-06,314268.21000001073,32,237089.46000001073,-72821.25
2025-05-07,320308.21000001073,32,237089.46000001073,-66781.25
2025-05-08,319388.21000001073,32,237089.46000001073,-67701.25
2025-05-09,318268.21000001073,32,237089.46000001073,-68821.25
2025-05-11,330468.21000001073,32,237089.46000001073,-56621.25
2025-05-12,343668.21000001073,32,237089.46000001073,-43421.25
2025-05-13,353708.21000001073,32,237089.46000001073,-33381.25
2025-05-14,352508.21000001073,32,237089.46000001073,-34581.25
2025-05-15,358148.21000001073,32,237089.46000001073,-28941.25
2025-05-16,360588.21000001073,32,237089.46000001073,-26501.25
2025-05-18,354668.21000001073,32,237089.46000001073,-32421.25
2025-05-19,363308.21000001073,32,237089.46000001073,-23781.25
2025-05-20,359708.21000001073,32,237089.46000001073,-27381.25
2025-05-21,347308.21000001073,32,237089.46000001073,-39781.25
2025-05-22,346748.21000001073,32,237089.46000001073,-40341.25
2025-05-23,339188.21000001073,32,237089.46000001073,-47901.25
2025-05-25,348828.21000001073,32,237089.46000001073,-38261.25
2025-05-26,347108.21000001073,32,237089.46000001073,-39981.25
2025-05-27,357628.21000001073,32,237089.46000001073,-29461.25
2025-05-28,367948.21000001073,32,237089.46000001073,-19141.25
2025-05-29,354308.21000001073,32,237089.46000001073,-32781.25
2025-05-30,355028.21000001073,32,237089.46000001073,-32061.25
2025-06-01,350908.21000001073,32,237089.46000001073,-36181.25
2025-06-02,356868.21000001073,32,237089.46000001073,-30221.25
2025-06-03,365148.21000001073,32,237089.46000001073,-21941.25
2025-06-04,365068.21000001073,32,237089.46000001073,-22021.25
2025-06-05,362428.21000001073,32,237089.46000001073,-24661.25
2025-06-06,370480.09000001074,32,237113.84000001074,-16633.75
2025-06-08,368348.84000001074,31,237113.84000001074,-18765.0
2025-06-09,374310.72000001074,31,237138.22000001074,-12827.5
2025-06-10,373551.36000001075,30,237211.36000001075,-13660.0
2025-06-11,371540.75000001077,27,237289.50000001077,-15748.75
2025-06-12,365780.75000001077,24,237289.50000001077,-21508.75
2025-06-13,367850.75000001077,24,237289.50000001077,-19438.75
2025-06-15,368960.75000001077,24,237289.50000001077,-18328.75
2025-06-16,372230.99000001076,24,237229.74000001076,-14998.75
2025-06-17,368870.99000001076,24,237229.74000001076,-18358.75
2025-06-18,366980.99000001076,24,237229.74000001076,-20248.75
2025-06-19,366470.99000001076,24,237229.74000001076,-20758.75
2025-06-20,366980.99000001076,24,237229.74000001076,-20248.75
2025-06-22,364100.99000001076,24,237229.74000001076,-23128.75
2025-06-23,377450.99000001076,24,237229.74000001076,-9778.75
2025-06-24,381036.6400000108,24,237351.64000001078,-6315.0
2025-06-25,381913.5200000108,19,237376.0200000108,-5462.5
2025-06-26,385589.1800000108,18,237562.93000001082,-1973.75
2025-06-27,386653.58000001084,11,237686.08000001084,-1032.5
2025-06-29,387463.58000001084,6,237686.08000001084,-222.5
2025-06-30,387591.10000001086,6,237804.85000001086,-213.75
2025-07-01,387708.60000001086,2,237804.85000001086,-96.25
2025-07-02,387870.4900000109,2,237852.99000001088,17.5
2025-07-03,387951.1400000109,2,238099.8900000109,-148.75
2025-07-04,387706.1400000109,2,238099.8900000109,-393.75
2025-07-06,387883.6400000109,2,238099.8900000109,-216.25
2025-07-07,387404.94000001095,12,238093.69000001095,-688.75
2025-07-08,386744.94000001095,12,238093.69000001095,-1348.75
2025-07-09,389505.66000001103,12,239583.16000001103,-77.5
2025-07-10,390403.2000000111,7,240454.45000001107,-51.25
2025-07-11,390395.0900000111,4,240452.59000001109,-57.5
2025-07-13,389985.0900000111,4,240452.59000001109,-467.5
2025-07-14,390855.0900000111,4,240452.59000001109,402.5
2025-07-15,389119.54000001115,11,241260.79000001115,-2141.25
2025-07-16,391030.1900000112,16,241257.69000001118,-227.5
2025-07-17,393547.1700000113,16,243508.42000001128,38.75
2025-07-18,393517.8100000113,4,243506.5600000113,11.25
2025-07-20,393602.8100000113,4,243506.5600000113,96.25
2025-07-21,393882.8500000113,4,244002.85000001133,-120.0
2025-07-22,394592.24000001134,7,244000.99000001134,591.25
2025-07-23,395366.0500000114,7,245307.3000000114,58.75
2025-07-24,395581.0700000114,3,245429.82000001142,151.25
2025-07-25,395716.0700000114,3,245429.82000001142,286.25
2025-07-27,396061.0700000114,3,245429.82000001142,631.25
2025-07-28,395761.0700000114,3,245429.82000001142,331.25
2025-07-29,395624.25000001147,8,245833.00000001147,-208.75
2025-07-30,397432.46000001155,12,247326.21000001155,106.25
2025-07-31,395201.8900000116,12,247319.3900000116,-2117.5
2025-08-01,388787.56000001164,21,247313.81000001164,-8526.25
2025-08-03,391570.06000001164,21,247313.81000001164,-5743.75
2025-08-04,399550.06000001164,21,247313.81000001164,2236.25
2025-08-05,399714.5900000118,21,249924.59000001178,-210.0
2025-08-06,401363.40000001184,10,251169.65000001184,193.75
2025-08-07,402307.8400000119,11,251547.8400000119,760.0
2025-08-08,403215.420000012,11,253041.67000001197,173.75
2025-08-10,403211.670000012,3,253041.67000001197,170.0
2025-08-11,403006.060000012,6,253039.810000012,-33.75
2025-08-12,404386.76000001206,6,254288.01000001206,98.75
2025-08-13,404622.4100000121,4,254497.41000001208,125.0
2025-08-14,404987.4100000121,4,254497.41000001208,490.0
2025-08-15,404328.0400000121,5,254496.7900000121,-168.75
2025-08-17,404684.2900000121,5,254496.7900000121,187.5
2025-08-18,404162.4200000121,6,254496.1700000121,-333.75
2025-08-19,401773.0800000121,13,254491.83000001212,-2718.75
2025-08-20,403185.00000001217,22,254486.25000001217,-1301.25
2025-08-21,400077.50000001217,22,254486.25000001217,-4408.75
2025-08-22,407625.7700000123,22,257362.0200000123,263.75
2025-08-24,407444.5200000123,5,257362.0200000123,82.5
2025-08-25,406622.6500000123,6,257361.4000000123,-738.75
2025-08-26,408025.7800000123,7,257360.7800000123,665.0
2025-08-27,408290.83000001236,7,258229.58000001236,61.25
2025-08-28,408590.8500000124,3,258603.35000001237,-12.5
2025-08-29,408161.5100000124,8,258599.0100000124,-437.5
2025-08-31,408031.5100000124,8,258599.0100000124,-567.5
2025-09-01,407971.5100000124,8,258599.0100000124,-627.5
2025-09-02,407134.6500000124,11,258597.15000001242,-1462.5
2025-09-03,408798.4000000124,11,258597.15000001242,201.25
2025-09-04,410155.9700000125,11,260097.2200000125,58.75
2025-09-05,409681.67000001256,14,260212.92000001256,-531.25
2025-09-07,410451.67000001256,14,260212.92000001256,238.75
2025-09-08,411501.67000001256,14,260212.92000001256,1288.75
2025-09-09,412042.3700000126,14,261964.87000001263,77.5
2025-09-10,412397.40000001265,5,262117.40000001265,280.0
2025-09-11,413071.8300000127,5,262990.5800000127,81.25
2025-09-12,413051.8300000127,2,262990.5800000127,61.25
2025-09-14,413089.3300000127,2,262990.5800000127,98.75
2025-09-15,413426.87000001274,2,263249.37000001274,177.5
2025-09-16,413224.37000001274,2,263249.37000001274,-25.0
2025-09-17,414985.72000001284,9,264366.97000001284,618.75
2025-09-18,415122.0300000129,4,265143.2800000129,-21.25
2025-09-19,415610.8100000129,4,265643.3100000129,-32.5
2025-09-21,415590.8100000129,2,265643.3100000129,-52.5
2025-09-22,416058.96000001294,3,266015.21000001294,43.75
2025-09-23,415733.990000013,7,266011.490000013,-277.5
2025-09-24,415657.140000013,12,266008.390000013,-351.25
2025-09-25,413365.920000013,18,266004.670000013,-2638.75
2025-09-26,416965.920000013,18,266004.670000013,961.25
2025-09-28,418585.920000013,18,266004.670000013,2581.25
2025-09-29,419231.66000001313,18,269134.16000001313,97.5
2025-09-30,419410.45000001317,5,269757.95000001317,-347.5
2025-10-01,420327.9800000132,4,270254.2300000132,73.75
2025-10-02,420987.3900000132,6,270379.8900000132,607.5
2025-10-03,420902.4500000133,6,271122.4500000133,-220.0
2025-10-05,421517.4500000133,6,271122.4500000133,395.0
2025-10-06,421749.9900000133,6,271872.4900000133,-122.5
2025-10-07,421824.40000001335,9,271868.15000001335,-43.75
2025-10-08,422998.8300000134,9,272987.5800000134,11.25
2025-10-09,423093.2300000134,7,272984.4800000134,108.75
2025-10-10,403634.5800000135,27,272972.0800000135,-19337.5
2025-10-12,419632.0800000135,27,272972.0800000135,-3340.0
2025-10-13,422804.5800000135,27,272972.0800000135,-167.5
2025-10-14,426306.6200000137,27,276327.8700000137,-21.25
2025-10-15,427802.9800000138,14,277505.4800000138,297.5
2025-10-16,426251.2400000139,14,279291.2400000139,-3040.0
2025-10-17,430962.570000014,13,280921.320000014,41.25
2025-10-19,431146.320000014,3,280921.320000014,225.0
2025-10-20,431534.480000014,3,281416.980000014,117.5
2025-10-21,431556.980000014,2,281416.980000014,140.0
2025-10-22,431790.77000001405,10,281412.02000001405,378.75
2025-10-23,433388.38000001415,10,283280.88000001415,107.5
2025-10-24,433695.2900000142,3,283836.5400000142,-141.25
2025-10-26,434486.5400000142,3,283836.5400000142,650.0
2025-10-27,434804.0800000142,3,284804.0800000142,0.0
2025-10-28,435013.47000001423,2,284927.22000001423,86.25
2025-10-29,436018.5300000143,5,285544.7800000143,473.75
2025-10-30,435973.5600000143,10,285541.0600000143,432.5
2025-10-31,434814.8200000143,12,285539.8200000143,-725.0
2025-11-02,435669.8200000143,12,285539.8200000143,130.0
2025-11-03,433479.8200000143,12,285539.8200000143,-2060.0
2025-11-04,429352.96000001434,15,285537.96000001434,-6185.0
2025-11-05,432537.34000001434,16,285537.34000001434,-3000.0
2025-11-06,425937.3800000144,24,285532.3800000144,-9595.0
2025-11-07,430918.6700000144,32,285527.4200000144,-4608.75
2025-11-09,436838.6700000144,32,285527.4200000144,1311.25
2025-11-10,440247.0200000146,32,290282.0200000146,-35.0
2025-11-11,440887.69000001467,4,290780.19000001467,107.5
2025-11-12,441228.9500000147,4,290778.9500000147,450.0
2025-11-13,435145.90000001475,19,290769.65000001475,-5623.75
2025-11-14,437224.66000001476,21,290768.41000001476,-3543.75
2025-11-16,439403.41000001476,21,290768.41000001476,-1365.0
2025-11-17,426339.67000001477,23,290767.17000001477,-14427.5
2025-11-18,422612.8300000148,30,290762.8300000148,-18150.0
2025-11-19,440762.8300000148,30,290762.8300000148,0.0
2025-11-20,432078.1200000151,30,294476.8700000151,-12398.75
2025-11-21,440123.7500000151,29,294476.2500000151,-4352.5
2025-11-23,442625.0000000151,29,294476.2500000151,-1851.25
2025-11-24,448709.5900000153,29,298735.8400000153,-26.25
2025-11-25,450305.3200000154,8,300225.3200000154,80.0
2025-11-26,450609.7300000154,2,300597.2300000154,12.5
2025-11-27,450662.2300000154,2,300597.2300000154,65.0
2025-11-28,450923.5000000154,2,300844.7500000154,78.75
2025-11-30,450436.0000000154,2,300844.7500000154,-408.75
2025-12-01,450560.38000001543,3,300844.13000001543,-283.75
2025-12-02,451074.13000001543,3,300844.13000001543,230.0
2025-12-03,451210.40000001545,3,301217.90000001545,-7.5
2025-12-04,451906.67000001547,5,301215.42000001547,691.25
2025-12-05,451926.0900000155,5,301838.5900000155,87.5
2025-12-07,452151.0900000155,4,301838.5900000155,312.5
2025-12-08,451839.24000001553,9,301835.49000001553,3.75
2025-12-09,451389.24000001553,9,301835.49000001553,-446.25
2025-12-10,452916.2100000156,9,303453.7100000156,-537.5
2025-12-11,454400.6600000157,7,304446.9100000157,-46.25
2025-12-12,452743.22000001575,13,304439.47000001575,-1696.25
2025-12-14,453750.72000001575,13,304439.47000001575,-688.75
2025-12-15,450127.10000001575,13,304407.10000001575,-4280.0
2025-12-16,450059.0200000158,22,304401.5200000158,-4342.5
2025-12-17,443532.1800000158,29,304397.1800000158,-10865.0
2025-12-18,450129.6800000158,29,304397.1800000158,-4267.5
2025-12-19,458092.96000001597,29,308012.96000001597,80.0
2025-12-21,458207.96000001597,2,308012.96000001597,195.0
2025-12-22,458449.230000016,2,308370.480000016,78.75
2025-12-23,459089.91000001604,4,309116.16000001604,-26.25
2025-12-24,459215.55000001605,2,309239.30000001605,-23.75
2025-12-25,459230.55000001605,2,309239.30000001605,-8.75
2025-12-26,459201.18000001606,3,309238.68000001606,-37.5
2025-12-28,459204.93000001606,3,309238.68000001606,-33.75
2025-12-29,459038.0700000161,6,309236.8200000161,-198.75
2025-12-30,458400.5700000161,6,309236.8200000161,-836.25
2025-12-31,456219.9900000161,15,309231.2400000161,-3011.25
2026-01-01,458357.4900000161,15,309231.2400000161,-873.75
2026-01-02,457191.26000001613,19,309228.76000001613,-2037.5
2026-01-04,458236.26000001613,19,309228.76000001613,-992.5
2026-01-05,461778.87000001624,19,311595.12000001624,183.75
2026-01-06,462341.4200000163,3,312338.9200000163,2.5
2026-01-07,461248.98000001634,9,312581.48000001634,-1332.5
2026-01-08,461680.24000001635,11,312580.24000001635,-900.0
2026-01-09,463955.3000000164,11,313955.3000000164,0.0
2026-01-11,463769.0500000164,1,313955.3000000164,-186.25
2026-01-12,464169.0700000164,2,314202.8200000164,-33.75
2026-01-13,464019.72000001644,6,314199.72000001644,-180.0
2026-01-14,463391.0100000165,14,314194.7600000165,-803.75
2026-01-15,467331.1100000166,14,316983.6100000166,347.5
2026-01-16,466692.3700000166,8,316982.3700000166,-290.0
2026-01-18,464162.3700000166,8,316982.3700000166,-2820.0
2026-01-19,463672.3700000166,8,316982.3700000166,-3310.0
2026-01-20,461428.05000001664,19,316975.55000001664,-5547.5
2026-01-21,469567.55000001675,19,319345.05000001675,222.5
2026-01-22,470713.2300000168,6,320348.2300000168,365.0
2026-01-23,470128.8600000168,6,320347.6100000168,-218.75
2026-01-25,469941.3600000168,6,320347.6100000168,-406.25
2026-01-26,471439.54000001686,6,321222.04000001686,217.5
2026-01-27,471775.1900000169,3,321593.9400000169,181.25
2026-01-28,471993.3300000169,5,321592.0800000169,401.25
2026-01-29,473492.220000017,16,323592.220000017,-100.0
2026-01-30,473958.51000001706,9,323587.26000001706,371.25
2026-02-01,471134.76000001706,9,323587.26000001706,-2452.5
2026-02-02,475457.35000001715,9,325078.60000001715,378.75
2026-02-03,475004.9200000172,17,325069.9200000172,-65.0
2026-02-04,472014.94000001723,21,325067.44000001723,-3052.5
2026-02-05,458228.73000001727,29,325062.48000001727,-16833.75
2026-02-06,478914.53000001743,29,328938.28000001743,-23.75
2026-02-08,479044.53000001743,2,328938.28000001743,106.25
2026-02-09,479533.9600000175,3,329558.9600000175,-25.0
2026-02-10,479707.7300000175,7,329556.4800000175,151.25
2026-02-11,481070.3300000176,13,330535.3300000176,535.0
2026-02-12,470300.39000001765,25,330527.89000001765,-10227.5
2026-02-13,470046.03000001766,28,330526.03000001766,-10480.0
2026-02-15,472356.03000001766,28,330526.03000001766,-8170.0
2026-02-16,466861.03000001766,28,330526.03000001766,-13665.0
2026-02-17,475651.0500000177,32,330523.5500000177,-4872.5
2026-02-18,478691.0500000177,32,330523.5500000177,-1832.5
2026-02-19,477891.0500000177,32,330523.5500000177,-2632.5
2026-02-20,484587.48000001785,32,334508.73000001785,78.75
2026-02-22,483507.48000001785,4,334508.73000001785,-1001.25
2026-02-23,483752.5400000179,16,334501.2900000179,-748.75
2026-02-24,486573.260000018,16,336500.760000018,72.5
2026-02-25,487120.80000001803,3,337183.30000001803,-62.5
2026-02-26,485940.2400000181,14,337175.2400000181,-1235.0
2026-02-27,484770.2600000181,18,337172.7600000181,-2402.5
2026-03-01,480787.7600000181,18,337172.7600000181,-6385.0
2026-03-02,481357.1400000181,19,337172.1400000181,-5815.0
2026-03-03,479291.56000001816,28,337166.56000001816,-7875.0
2026-03-04,490623.5900000183,28,340647.3400000183,-23.75
2026-03-05,492156.77000001835,14,340640.52000001835,1516.25
2026-03-06,484811.7900000184,18,340638.0400000184,-5826.25
2026-03-08,473111.7900000184,18,340638.0400000184,-17526.25
2026-03-09,493623.25000001857,26,344130.75000001857,-507.5
2026-03-10,495533.34000001865,7,345122.09000001865,411.25
2026-03-11,490623.3700000187,12,345118.3700000187,-4495.0
2026-03-12,490177.7900000187,21,345112.7900000187,-4935.0
2026-03-13,481363.45000001875,28,345108.45000001875,-13745.0
2026-03-15,488048.45000001875,28,345108.45000001875,-7060.0
2026-03-16,489168.7300000188,28,345038.7300000188,-5870.0
2026-03-17,498900.15000001894,28,348527.65000001894,372.5
2026-03-18,494152.710000019,18,348520.210000019,-4367.5
2026-03-19,493453.970000019,20,348518.970000019,-5065.0
2026-03-20,486159.03000001906,32,348511.53000001906,-12352.5
2026-03-22,475959.03000001906,32,348511.53000001906,-22552.5
2026-03-23,499075.50000001927,32,352491.75000001927,-3416.25
2026-03-24,502742.3900000193,15,352489.8900000193,252.5
2026-03-25,504071.2600000194,15,354358.7600000194,-287.5
2026-03-26,499910.70000001945,22,354350.70000001945,-4440.0
2026-03-27,479952.0000000195,32,354344.5000000195,-24392.5
2026-03-29,481752.0000000195,32,354344.5000000195,-22592.5
2026-03-30,487312.0000000195,32,354344.5000000195,-17032.5
2026-03-31,508485.30000001966,32,358330.30000001966,155.0
2026-04-01,506141.64000001975,7,359365.39000001975,-3223.75
2026-04-02,510731.11000001983,10,360611.11000001983,120.0
2026-04-03,510453.61000001983,6,360611.11000001983,-157.5
2026-04-05,510708.61000001983,6,360611.11000001983,97.5
2026-04-06,511290.5600000199,6,361603.0600000199,-312.5
2026-04-07,515516.35000002006,11,363851.35000002006,1665.0
2026-04-08,516695.2300000202,9,366766.4800000202,-71.25
2026-04-09,517854.04000002024,6,367764.04000002024,90.0
2026-04-10,517926.5800000203,6,368009.0800000203,-82.5
2026-04-12,516074.0800000203,6,368009.0800000203,-1935.0
2026-04-13,519483.54000002035,8,369373.54000002035,110.0
2026-04-14,519897.3200000204,1,369794.8200000204,102.5
2026-04-15,520613.63000002044,3,370538.63000002044,75.0
2026-04-16,520993.04000002047,4,370785.54000002047,207.5
2026-04-17,522151.8500000205,4,372090.6000000205,61.25
2026-04-19,521251.8500000205,4,372090.6000000205,-838.75
2026-04-20,522553.75000002055,9,372087.50000002055,466.25
2026-04-21,523514.49000002065,14,373203.24000002065,311.25
2026-04-22,524558.9500000207,14,374956.45000002073,-397.5
2026-04-23,525928.4200000209,16,375319.6700000208,608.75
2026-04-24,528213.540000021,16,378129.79000002093,83.75
2026-04-26,528286.040000021,2,378129.79000002093,156.25
2026-04-27,528511.070000021,3,378502.32000002096,8.75
2026-04-28,528649.2100000209,5,378500.460000021,148.75
2026-04-29,528533.590000021,6,378499.840000021,33.75
2026-04-30,530748.7300000212,6,380588.7300000211,160.0
2026-05-01,529766.9200000211,9,380955.6700000212,-1188.75
2026-05-03,530610.6700000211,9,380955.6700000212,-345.0
2026-05-04,529766.3200000213,14,380952.5700000212,-1186.25
2026-05-05,533177.0300000212,14,382695.7800000213,481.25
2026-05-06,533820.8200000213,3,383767.0700000213,53.75
2026-05-07,533724.6200000213,9,383885.87000002136,-161.25
2026-05-08,535072.1700000213,9,385012.1700000214,60.0
2026-05-10,535027.1700000213,1,385012.1700000214,15.0
2026-05-11,534958.4700000214,5,385380.97000002145,-422.5
2026-05-12,537181.7200000216,13,386997.97000002157,183.75
2026-05-13,537876.1500000216,6,387867.4000000216,8.75
2026-05-14,538121.1900000216,3,388238.69000002166,-117.5
2026-05-15,536381.8500000217,10,388234.3500000217,-1852.5
2026-05-17,534794.3500000217,10,388234.3500000217,-3440.0
2026-05-18,536678.7500000217,15,388231.2500000217,-1552.5
2026-05-19,533175.0100000217,17,388230.0100000217,-5055.0
2026-05-20,540512.6200000218,17,390343.8700000218,168.75
2026-05-21,542198.340000022,7,391463.3400000219,735.0
2026-05-22,542535.9500000221,6,393057.200000022,-521.25
2026-05-24,544695.9500000221,6,393057.200000022,1638.75
2026-05-25,544230.9500000221,6,393057.200000022,1173.75
2026-05-26,544274.7500000221,6,394014.75000002206,260.0
2026-05-27,544574.7500000221,4,394014.75000002206,560.0
