exp,name,family,module,control,cfg,exec,realized,unreal_end,total_mtm,open_qty_end,max_mtm_dd,max_dd_trough,worst_cycle,min_equity,underwater_days,pf,trades,trades_day,cost,roll_cost,inv_avg,inv_p95,inv_max,share16,share_gt24,share32,lock32_days,gt24_days,sat_days,peak_notional,avg_notional,min_excess_2500,ret_over_dd,ret_per_avg_notional,core_trades_day,p1921_mtm,p1921_dd,p22_mtm,p22_dd,p23p_mtm,p23p_dd,worst_year_mtm,pos_years,n_years,w20_dd,w20_lock,w20_share32,w20_trades,w20_rec_trades,w20_gt24_days,w2223_dd,w2223_lock,w2223_share32,w2223_trades,w2223_rec_trades,w2223_gt24_days,w25_dd,w25_lock,w25_share32,w25_trades,w25_rec_trades,w25_gt24_days,runtime_s,rec_trades_day,rec_pnl,rec_loss_realized,rec_rotations,rec_full_share,rec_zero_free_days,rec_free_avg,rec_max,emerg_trades_day,emerg_pnl,emerg_loss_realized,emerg_rotations,emerg_full_share,emerg_zero_free_days,emerg_free_avg,emerg_max
FACTORY_S3,N_cap16__cap13,S3,N_cap16,N_cap16,"{""cap_total"": 13}",{},262521.9400000127,560.0,263081.9400000127,4,-87367.34999999998,2025-04-06,-84578.75,98368.94,763.7680555555555,23.72539916350939,1921,1.083474337281444,5854.309999999768,674.7900000000001,10.110349349015609,13.0,13,0.0,0.0,0.0,0.0,0.0,762.9520833333333,485387.5,230040.42930018128,65868.94,3.0112157459281157,1.1436334943398812,1.083474337281444,114140.46000000252,-74613.59,-60216.24999999988,-83559.57999999996,209221.47000001004,-87367.34999999998,-60216.24999999988,7,8,-74613.59,0.0,0.0,72,0,0.0,-83559.57999999996,0.0,0.0,7,0,0.0,-87367.34999999998,0.0,0.0,93,0,0.0,21.4667387008667,,,,,,,,,,,,,,,,
FACTORY_S3,N_cap16__cap14,S3,N_cap16,N_cap16,"{""cap_total"": 14}",{},277856.9100000138,560.0,278416.9100000138,4,-93832.95999999996,2025-04-06,-90857.5,93887.11000000004,763.7659722222222,17.908952242446016,2026,1.1426959954878737,6243.089999999745,717.1200000000002,10.635782147870257,14.0,14,0.0,0.0,0.0,0.0,0.0,762.8243055555556,522725.0,241145.36759184804,58887.110000000044,2.9671547183421896,1.1545604743743199,1.1426959954878737,116892.42000000272,-79792.94999999998,-64937.459999999905,-89737.66999999993,226516.940000011,-93832.95999999996,-64937.459999999905,7,8,-79792.94999999998,0.0,0.0,73,0,0.0,-89737.66999999993,0.0,0.0,6,0,0.0,-93832.95999999996,0.0,0.0,120,0,0.0,21.46459126472473,,,,,,,,,,,,,,,,
FACTORY_S3,N_cap16__cap18,S3,N_cap16,N_cap16,"{""cap_total"": 18}",{},335639.86000001675,560.0,336199.86000001675,4,-119392.90000000002,2025-04-06,-115600.0,74723.55000000005,758.9326388888888,12.449793596805346,2390,1.3479977439368303,7412.639999999666,856.5600000000004,12.699602993379488,18.0,18,0.5931732792410646,0.0,0.0,0.0,0.0,762.7645833333333,632790.0,286259.4702801881,29723.550000000047,2.8159116664392663,1.174458471787667,1.3479977439368303,130607.59000000358,-100211.63999999998,-82358.5199999999,-114167.52999999991,288023.28000001307,-119392.90000000002,-82358.5199999999,7,8,-100211.63999999998,0.0,0.0,79,0,0.0,-114167.52999999991,0.0,0.0,8,0,0.0,-119392.90000000002,0.0,0.0,144,0,0.0,21.3349130153656,,,,,,,,,,,,,,,,
FACTORY_S3,N_cap16__cap19,S3,N_cap16,N_cap16,"{""cap_total"": 19}",{},349482.0500000179,560.0,350042.0500000179,4,-125713.50999999995,2025-04-06,-121716.25,73857.00000000012,758.925,11.706629520912669,2470,1.3931190073322053,7734.199999999648,891.4199999999998,13.17069883811824,19.0,19,0.5833139546286153,0.0,0.0,0.0,0.0,762.7604166666666,667446.25,297230.04417294025,26357.000000000116,2.7844425790037843,1.1776805772580297,1.3931190073322053,137755.53000000428,-105238.5,-86740.34999999986,-120203.11999999994,299099.3600000135,-125713.50999999995,-86740.34999999986,7,8,-105238.5,0.0,0.0,73,0,0.0,-120203.11999999994,0.0,0.0,8,0,0.0,-125713.50999999995,0.0,0.0,144,0,0.0,21.403659343719482,,,,,,,,,,,,,,,,
FACTORY_S3,N_cap20__cap18,S3,N_cap20,N_cap20,"{""cap_total"": 18}",{},335639.86000001675,560.0,336199.86000001675,4,-119392.90000000002,2025-04-06,-115600.0,74723.55000000005,758.9326388888888,12.449793596805346,2390,1.3479977439368303,7412.639999999666,856.5600000000004,12.699602993379488,18.0,18,0.5931732792410646,0.0,0.0,0.0,0.0,762.7645833333333,632790.0,286259.4702801881,29723.550000000047,2.8159116664392663,1.174458471787667,1.3479977439368303,130607.59000000358,-100211.63999999998,-82358.5199999999,-114167.52999999991,288023.28000001307,-119392.90000000002,-82358.5199999999,7,8,-100211.63999999998,0.0,0.0,79,0,0.0,-114167.52999999991,0.0,0.0,8,0,0.0,-119392.90000000002,0.0,0.0,144,0,0.0,26.903101682662964,,,,,,,,,,,,,,,,
FACTORY_S3,N_cap20__cap24,S3,N_cap20,N_cap20,"{""cap_total"": 24}",{},374578.89000001986,560.0,375138.8900000199,4,-156817.80999999994,2025-04-06,-151798.75,50769.07000000012,758.8194444444445,7.861892506037037,2705,1.5256627185561196,8398.609999999597,1075.68,15.520151518123058,24.0,24,0.5657834646882643,0.0,0.0,0.0,0.0,757.1631944444445,835110.0,348573.0910306482,-9230.929999999877,2.3921956951191965,1.0762129942125565,1.5256627185561196,147117.74000000488,-129931.54999999999,-108218.24999999988,-149949.81999999995,336311.8900000149,-156817.80999999994,-108218.24999999988,7,8,-129931.54999999999,0.0,0.0,100,0,0.0,-149949.81999999995,0.0,0.0,8,0,0.0,-156817.80999999994,0.0,0.0,146,0,0.0,27.02232313156128,,,,,,,,,,,,,,,,
FACTORY_S3,N_cap20__cap22,S3,N_cap20,N_cap20,"{""cap_total"": 22}",{},362437.7500000191,560.0,362997.7500000191,4,-144492.83999999997,2025-04-06,-139882.5,59991.520000000135,758.8284722222222,8.93001834307507,2618,1.4765933446136492,8128.499999999615,1008.4499999999998,14.657540464136321,22.0,22,0.5757646650099042,0.0,0.0,0.0,0.0,757.1909722222222,771732.5,329723.79656317504,4991.520000000135,2.51221963662711,1.1009146254643127,1.4765933446136492,141767.2800000045,-120132.82999999999,-99712.08999999985,-138136.13999999996,321015.0500000144,-144492.83999999997,-99712.08999999985,7,8,-120132.82999999999,0.0,0.0,74,0,0.0,-138136.13999999996,0.0,0.0,8,0,0.0,-144492.83999999997,0.0,0.0,145,0,0.0,27.340601921081543,,,,,,,,,,,,,,,,
FACTORY_S3,N_cap20__cap16,S3,N_cap20,N_cap20,"{""cap_total"": 16}",{},306436.7600000153,560.0,306996.7600000153,4,-106662.93,2025-04-06,-103278.75,83992.19000000003,758.9513888888889,14.580323781949987,2231,1.2583192329385222,6890.739999999701,791.8200000000004,11.611258513788766,16.0,16,0.5994323673866205,0.0,0.0,0.0,0.0,762.8027777777778,595760.0,262432.1600805921,43992.19000000003,2.8781954517845643,1.1698137907554378,1.2583192329385222,120680.67000000301,-90061.67000000001,-73508.60999999987,-102010.09999999992,259897.19000001217,-106662.93,-73508.60999999987,7,8,-90061.67000000001,0.0,0.0,67,0,0.0,-102010.09999999992,0.0,0.0,8,0,0.0,-106662.93,0.0,0.0,131,0,0.0,27.629047870635986,,,,,,,,,,,,,,,,
FACTORY_S3,N_cap24__cap22,S3,N_cap24,N_cap24,"{""cap_total"": 22}",{},362437.7500000191,560.0,362997.7500000191,4,-144492.83999999997,2025-04-06,-139882.5,59991.520000000135,758.8284722222222,8.93001834307507,2618,1.4765933446136492,8128.499999999615,1008.4499999999998,14.657540464136321,22.0,22,0.5757646650099042,0.0,0.0,0.0,0.0,757.1909722222222,771732.5,329723.79656317504,4991.520000000135,2.51221963662711,1.1009146254643127,1.4765933446136492,141767.2800000045,-120132.82999999999,-99712.08999999985,-138136.13999999996,321015.0500000144,-144492.83999999997,-99712.08999999985,7,8,-120132.82999999999,0.0,0.0,74,0,0.0,-138136.13999999996,0.0,0.0,8,0,0.0,-144492.83999999997,0.0,0.0,145,0,0.0,27.843988180160522,,,,,,,,,,,,,,,,
FACTORY_S3,N_cap24__cap19,S3,N_cap24,N_cap24,"{""cap_total"": 19}",{},349482.0500000179,560.0,350042.0500000179,4,-125713.50999999995,2025-04-06,-121716.25,73857.00000000012,758.925,11.706629520912669,2470,1.3931190073322053,7734.199999999648,891.4199999999998,13.17069883811824,19.0,19,0.5833139546286153,0.0,0.0,0.0,0.0,762.7604166666666,667446.25,297230.04417294025,26357.000000000116,2.7844425790037843,1.1776805772580297,1.3931190073322053,137755.53000000428,-105238.5,-86740.34999999986,-120203.11999999994,299099.3600000135,-125713.50999999995,-86740.34999999986,7,8,-105238.5,0.0,0.0,73,0,0.0,-120203.11999999994,0.0,0.0,8,0,0.0,-125713.50999999995,0.0,0.0,144,0,0.0,28.36060118675232,,,,,,,,,,,,,,,,
FACTORY_S3,N_cap24__cap26,S3,N_cap24,N_cap24,"{""cap_total"": 26}",{},414383.4900000219,560.0,414943.4900000219,4,-168996.5299999999,2025-04-06,-163568.75,42512.88000000012,751.0534722222222,7.323597503805665,2887,1.6283135927805978,9079.009999999556,1145.4000000000003,16.3451085814508,26.0,26,0.5573180059452932,0.502992258791161,0.0,0.0,756.06875,756.0673611111112,903727.5,365142.6590285385,-22487.11999999988,2.455337337399899,1.1363873262685287,1.6283135927805978,153099.39000000537,-139627.77,-117013.16999999981,-162434.21999999997,378912.2600000163,-168996.5299999999,-117013.16999999981,7,8,-139627.77,0.0,0.0,102,0,146.8138888888889,-162434.21999999997,0.0,0.0,6,0,721.25625,-168996.5299999999,0.0,0.0,153,0,122.98611111111111,28.261007070541382,,,,,,,,,,,,,,,,
FACTORY_S3,N_cap24__cap29,S3,N_cap24,N_cap24,"{""cap_total"": 29}",{},449434.64000002504,560.0,449994.64000002504,4,-187070.85999999993,2025-04-06,-181030.0,30122.330000000075,751.0534722222222,5.929608863142187,3211,1.811054709531867,10036.609999999486,1247.4900000000005,17.42200514959893,29.0,29,0.5390464556582549,0.48188674804788734,0.0,0.0,756.0277777777778,753.0791666666667,1006336.25,385799.04423878115,-42377.669999999925,2.405476940663154,1.166396461369955,1.811054709531867,164375.08000000613,-153947.10000000003,-129128.6599999998,-181176.63,414803.2100000187,-187070.85999999993,-129128.6599999998,7,8,-153947.10000000003,0.0,0.0,108,0,146.06527777777777,-181176.63,0.0,0.0,6,0,721.25625,-187070.85999999993,0.0,0.0,151,0,122.97569444444444,28.257594347000122,,,,,,,,,,,,,,,,
FACTORY_S3,Q_16_16_rec_layer__lx4.0,S3,Q_16_16_rec_layer,Q_16_16_rec_layer,"{""core_cap"": 16, ""rec_activation"": ""core_full"", ""rec_anchor"": ""runhigh"", ""rec_cap"": 16, ""rec_spacing"": ""ladder"", ""rec_step"": 5.0, ""rec_tp"": 3.0, ""recovery"": {""h"": 16, ""layer_x"": 4.0, ""rec_step"": 10.0, ""rec_tp"": 2.0}}",{},247756.31000001752,560.0,248316.31000001752,4,-98414.76999999996,2025-04-06,-94351.25,87553.22000000003,763.7756944444444,27.55027519210011,2608,1.4709531866892274,7614.939999999618,674.7900000000001,9.885794055267132,15.0,30,0.00947128356134831,0.0011641231533028318,0.0,0.0,3.154861111111111,0.0,749925.0,225029.68080121372,50053.22000000003,2.523161005202955,1.1034824789151911,1.1725888324873097,105093.7800000023,-84919.78999999998,-55384.99999999988,-77271.44999999995,198680.0200000151,-98414.76999999996,-55384.99999999988,7,8,-84919.78999999998,0.0,0.0,78,1,0.0,-77271.44999999995,0.0,0.0,12,0,0.0,-98414.76999999996,0.0,0.0,105,0,0.0,52.52011203765869,0.29836435420191765,5327.790000000001,0.0,0.0,0.0,0.0,15.964077484933641,14.0,,,,,,,,
FACTORY_S3,Q_16_16_rec_layer__lx4.5,S3,Q_16_16_rec_layer,Q_16_16_rec_layer,"{""core_cap"": 16, ""rec_activation"": ""core_full"", ""rec_anchor"": ""runhigh"", ""rec_cap"": 16, ""rec_spacing"": ""ladder"", ""rec_step"": 5.0, ""rec_tp"": 3.0, ""recovery"": {""h"": 16, ""layer_x"": 4.5, ""rec_step"": 10.0, ""rec_tp"": 2.0}}",{},248710.11000001774,560.0,249270.11000001774,4,-98399.7699999999,2025-04-06,-94351.25,87605.72000000003,763.7756944444444,27.655740893942404,2613,1.4737732656514382,7629.8899999996165,674.7900000000001,9.89887958399758,15.0,30,0.009560939255465495,0.0011641231533028318,0.0,0.0,3.154861111111111,0.0,749925.0,225377.29761277707,50105.72000000003,2.5332387463915618,1.106012507205988,1.1725888324873097,105633.79000000248,-84917.28999999998,-55374.99999999988,-77261.44999999995,199083.81000001513,-98399.7699999999,-55374.99999999988,7,8,-84917.28999999998,0.0,0.0,78,1,0.0,-77261.44999999995,0.0,0.0,12,0,0.0,-98399.7699999999,0.0,0.0,108,3,0.0,52.39954710006714,0.3011844331641286,5371.590000000001,0.0,0.0,0.0,0.0,15.964056471880332,14.0,,,,,,,,
FACTORY_S3,Q_16_16_rec_layer__lx5.5,S3,Q_16_16_rec_layer,Q_16_16_rec_layer,"{""core_cap"": 16, ""rec_activation"": ""core_full"", ""rec_anchor"": ""runhigh"", ""rec_cap"": 16, ""rec_spacing"": ""ladder"", ""rec_step"": 5.0, ""rec_tp"": 3.0, ""recovery"": {""h"": 16, ""layer_x"": 5.5, ""rec_step"": 10.0, ""rec_tp"": 2.0}}",{},253938.5400000196,560.0,254498.5400000196,4,-97704.00999999925,2025-04-06,-94351.25,87742.00000000003,763.7736111111111,28.46777214168434,2831,1.5967287084038353,8168.959999999569,674.7900000000001,9.924755057841931,15.0,30,0.013313870576402062,0.0011739292448468988,0.0,0.0,3.154861111111111,0.0,749925.0,225987.78122995005,50242.00000000003,2.6047911441917435,1.1261606207862136,1.1754089114495205,107171.68000000267,-84912.29000000001,-55328.719999999856,-77215.16999999993,202728.07000001677,-97704.00999999925,-55328.719999999856,7,8,-84912.29000000001,0.0,0.0,78,1,0.0,-77215.16999999993,0.0,0.0,15,3,0.0,-97704.00999999925,0.0,0.0,184,79,0.0,52.0495240688324,0.4213197969543147,8181.220000000001,0.0,0.0,0.0,0.0,15.952234528088848,14.0,,,,,,,,
FACTORY_S3,Q_16_16_rec_layer__lx6.0,S3,Q_16_16_rec_layer,Q_16_16_rec_layer,"{""core_cap"": 16, ""rec_activation"": ""core_full"", ""rec_anchor"": ""runhigh"", ""rec_cap"": 16, ""rec_spacing"": ""ladder"", ""rec_step"": 5.0, ""rec_tp"": 3.0, ""recovery"": {""h"": 16, ""layer_x"": 6.0, ""rec_step"": 10.0, ""rec_tp"": 2.0}}",{},252355.8500000194,560.0,252915.85000001942,4,-97689.0099999992,2025-04-06,-94351.25,87797.00000000003,763.7736111111111,28.784249974745148,2811,1.5854483925549916,8127.899999999573,677.2800000000001,9.937486166406572,15.0,30,0.01349038022419527,0.0011739292448468988,0.0,0.0,3.154861111111111,0.0,749925.0,226328.47601955335,50297.00000000003,2.5889897952699235,1.1174725091957456,1.1630005640157925,107671.70000000269,-84909.79000000001,-55318.719999999856,-77205.16999999993,200635.36000001658,-97689.0099999992,-55318.719999999856,7,8,-84909.79000000001,0.0,0.0,78,1,0.0,-77205.16999999993,0.0,0.0,15,3,0.0,-97689.0099999992,0.0,0.0,184,79,0.0,51.99739193916321,0.4224478285391991,8198.740000000002,0.0,0.0,0.0,0.0,15.952203708943996,14.0,,,,,,,,
FACTORY_S3,Q_16_16_rec_layer__core14,S3,Q_16_16_rec_layer,Q_16_16_rec_layer,"{""core_cap"": 14, ""rec_activation"": ""core_full"", ""rec_anchor"": ""runhigh"", ""rec_cap"": 16, ""rec_spacing"": ""ladder"", ""rec_step"": 5.0, ""rec_tp"": 3.0, ""recovery"": {""h"": 14, ""layer_x"": 5.0, ""rec_step"": 10.0, ""rec_tp"": 2.0}}",{},271752.3900000365,560.0,272312.3900000365,4,-80693.37999999919,2025-04-06,-78058.75,102843.92000000001,763.76875,31.437902873481665,4723,2.6638465877044557,12955.109999999157,657.36,9.757010655018897,13.0,29,0.026322351444717458,0.0009161691242599903,0.0,0.0,2.93125,0.0,855717.5,223093.04763869316,72843.92000000001,3.374655888748733,1.2206224841262456,1.1302876480541455,106298.16000000574,-69202.91999999998,-55609.39999999991,-77298.96999999997,221663.00000003068,-80693.37999999919,-55609.39999999991,7,8,-69202.91999999998,0.0,0.0,77,1,0.0,-77298.96999999997,0.0,0.0,9,0,0.0,-80693.37999999919,0.0,0.0,337,235,0.0,51.3871328830719,1.5335589396503102,32567.19000000001,0.0,0.0,0.0,0.0,15.86956217202126,15.0,,,,,,,,
FACTORY_S3,Q_16_16_rec_layer__core13,S3,Q_16_16_rec_layer,Q_16_16_rec_layer,"{""core_cap"": 13, ""rec_activation"": ""core_full"", ""rec_anchor"": ""runhigh"", ""rec_cap"": 16, ""rec_spacing"": ""ladder"", ""rec_step"": 5.0, ""rec_tp"": 3.0, ""recovery"": {""h"": 13, ""layer_x"": 5.0, ""rec_step"": 10.0, ""rec_tp"": 2.0}}",{},305545.4100000355,560.0,306105.4100000355,4,-127741.81999999864,2020-03-22,-134470.0,45289.820000001375,758.925,44.09905672989375,7375,4.159616469261139,19770.839999999982,719.61,10.35447059713494,20.0,29,0.07816855830842119,0.03146774776491156,0.0,0.0,37.9875,0.0,754141.25,230670.2156412063,-27210.179999998625,2.396281891083427,1.3270261578814497,1.1393119007332206,138963.21000000305,-127741.81999999864,-53930.869999998366,-75817.31999999844,221145.5600000308,-80840.47999999998,-53930.869999998366,7,8,-127741.81999999864,0.0,0.0,1528,1439,37.9875,-75817.31999999844,0.0,0.0,175,166,0.0,-80840.47999999998,0.0,0.0,98,3,0.0,51.474679470062256,3.020304568527919,67842.3,0.0,0.0,0.02016412595504327,28.87361111111111,15.202665295681678,16.0,,,,,,,,
FACTORY_S3,Q_16_16_rec_layer__core19,S3,Q_16_16_rec_layer,Q_16_16_rec_layer,"{""core_cap"": 19, ""rec_activation"": ""core_full"", ""rec_anchor"": ""runhigh"", ""rec_cap"": 13, ""rec_spacing"": ""ladder"", ""rec_step"": 5.0, ""rec_tp"": 3.0, ""recovery"": {""h"": 19, ""layer_x"": 5.0, ""rec_step"": 10.0, ""rec_tp"": 2.0}}",{},273207.50000001956,560.0,273767.50000001956,4,-112993.51999999996,2025-04-06,-109452.5,76964.74000000002,763.76875,16.788006747508437,2827,1.5944726452340665,8287.49999999957,737.0400000000002,10.369881570431552,17.0,32,0.1649818867480479,0.0028367621966765757,0.00022413923529296398,2.7868055555555555,4.903472222222222,2.7868055555555555,914732.5,236612.34391328893,34464.74000000002,2.422860178176763,1.1570296607194206,1.2459108855047942,111950.54000000271,-95106.00999999998,-55450.57999999984,-77140.1499999999,217306.91000001668,-112993.51999999996,-55450.57999999984,7,8,-95106.00999999998,0.0,0.0,126,35,0.0006944444444444445,-77140.1499999999,0.0,0.0,16,2,0.0,-112993.51999999996,0.0,0.0,126,0,0.0,51.363043546676636,0.34856175972927245,7599.930000000002,0.0,0.0,0.00022413923529296398,2.7868055555555555,12.956787356305737,13.0,,,,,,,,
FACTORY_S3,Q_16_16_rec_layer__core18,S3,Q_16_16_rec_layer,Q_16_16_rec_layer,"{""core_cap"": 18, ""rec_activation"": ""core_full"", ""rec_anchor"": ""runhigh"", ""rec_cap"": 14, ""rec_spacing"": ""ladder"", ""rec_step"": 5.0, ""rec_tp"": 3.0, ""recovery"": {""h"": 18, ""layer_x"": 5.0, ""rec_step"": 10.0, ""rec_tp"": 2.0}}",{},273838.3900000172,560.0,274398.3900000172,4,-106615.40999999997,2025-04-06,-103278.75,76373.1,763.7736111111111,13.926577869595326,2797,1.577552171460801,8175.359999999577,722.1000000000001,10.130474250604475,17.0,30,0.134571795999675,0.0011921405577144523,0.0,0.0,2.9923611111111112,0.0,852062.5,230861.52516593307,33873.100000000006,2.573721659936563,1.1885843247496166,1.2650874224478286,118203.50000000227,-95121.00999999998,-55488.10999999987,-77177.67999999993,211722.37000001478,-106615.40999999997,-55488.10999999987,7,8,-95121.00999999998,0.0,0.0,112,1,0.0,-77177.67999999993,0.0,0.0,13,0,0.0,-106615.40999999997,0.0,0.0,125,0,0.0,51.429027795791626,0.3124647490129724,6009.290000000002,0.0,0.0,0.0,0.0,13.975511387674024,12.0,,,,,,,,
FACTORY_S3,Q_24_8_rec_confirm__lx4.5,S3,Q_24_8_rec_confirm,Q_24_8_rec_confirm,"{""core_cap"": 24, ""rec_activation"": ""core_full"", ""rec_anchor"": ""runhigh"", ""rec_cap"": 8, ""rec_spacing"": ""ladder"", ""rec_step"": 5.0, ""rec_tp"": 3.0, ""recovery"": {""confirm"": ""vwap"", ""h"": 24, ""layer_x"": 4.5, ""rec_step"": 10.0, ""rec_tp"": 2.0}}",{},310680.25000001997,560.0,311240.25000001997,4,-114707.06999999995,2020-03-22,-114147.5,62079.86000000007,758.925,14.7888990885408,2865,1.6159052453468696,8418.499999999562,704.6700000000001,10.446780940320126,21.0,32,0.13997915505111774,0.004297869836742584,0.00010506526654357687,0.7298611111111111,5.845833333333333,0.7298611111111111,947360.0,237312.36450958336,9579.860000000073,2.7133484448693537,1.3115214230122898,1.3948110547095318,125110.03000000352,-114707.06999999995,-54171.38999999943,-75931.5899999995,240340.98000001587,-98260.24999999983,-54171.38999999943,7,8,-114707.06999999995,0.0,0.0,97,1,0.0006944444444444445,-75931.5899999995,0.0,0.0,60,0,0.0,-98260.24999999983,0.0,0.0,110,0,0.0,51.199645042419434,0.22109419063733785,5700.17,0.0,0.0,0.00010506526654357687,0.7298611111111111,7.986050134343454,8.0,,,,,,,,
FACTORY_S3,Q_24_8_rec_confirm__lx5.5,S3,Q_24_8_rec_confirm,Q_24_8_rec_confirm,"{""core_cap"": 24, ""rec_activation"": ""core_full"", ""rec_anchor"": ""runhigh"", ""rec_cap"": 8, ""rec_spacing"": ""ladder"", ""rec_step"": 5.0, ""rec_tp"": 3.0, ""recovery"": {""confirm"": ""vwap"", ""h"": 24, ""layer_x"": 5.5, ""rec_step"": 10.0, ""rec_tp"": 2.0}}",{},313060.69000002014,560.0,313620.69000002014,4,-114420.53999999989,2020-03-22,-114147.5,62486.39000000013,758.8604166666667,14.902005186537684,2909,1.640721940214326,8524.309999999552,704.6700000000001,10.449235264946585,21.0,32,0.14019068645442548,0.004512202980491481,0.00010506526654357687,0.7298611111111111,5.845833333333333,0.7298611111111111,947360.0,237326.3547395642,9986.39000000013,2.7409474732423083,1.3214743484522793,1.3948110547095318,125909.06000000355,-114420.53999999989,-53937.63999999943,-75702.8399999995,241688.64000001602,-98165.24999999983,-53937.63999999943,7,8,-114420.53999999989,0.0,0.0,125,30,0.8243055555555555,-75702.8399999995,0.0,0.0,60,0,0.0,-98165.24999999983,0.0,0.0,110,0,0.0,51.183916330337524,0.24591088550479415,6099.360000000001,0.0,0.0,0.00010506526654357687,0.7298611111111111,7.9855037949574275,8.0,,,,,,,,
FACTORY_S3,Q_24_8_rec_confirm__lx4.0,S3,Q_24_8_rec_confirm,Q_24_8_rec_confirm,"{""core_cap"": 24, ""rec_activation"": ""core_full"", ""rec_anchor"": ""runhigh"", ""rec_cap"": 8, ""rec_spacing"": ""ladder"", ""rec_step"": 5.0, ""rec_tp"": 3.0, ""recovery"": {""confirm"": ""vwap"", ""h"": 24, ""layer_x"": 4.0, ""rec_step"": 10.0, ""rec_tp"": 2.0}}",{},309485.24000001996,560.0,310045.24000001996,4,-109745.19999999995,2020-03-22,-109221.25,66984.23000000007,758.93125,14.743484702675591,2865,1.6159052453468696,8421.009999999562,702.1800000000002,10.396261357555314,20.0,32,0.13971579144964852,0.004297869836742584,0.00010506526654357687,0.7298611111111111,5.845833333333333,0.7298611111111111,947360.0,236444.43362116546,16984.23000000007,2.8251371358384705,1.311281620174568,1.3948110547095318,124606.27000000351,-109745.19999999995,-54285.13999999943,-76042.8399999995,239763.48000001587,-98307.74999999983,-54285.13999999943,7,8,-109745.19999999995,0.0,0.0,97,1,0.0006944444444444445,-76042.8399999995,0.0,0.0,60,0,0.0,-98307.74999999983,0.0,0.0,110,0,0.0,51.38446521759033,0.22109419063733785,5700.17,0.0,0.0,0.00010506526654357687,0.7298611111111111,7.986050134343454,8.0,,,,,,,,
FACTORY_S3,Q_24_8_rec_confirm__lx6.0,S3,Q_24_8_rec_confirm,Q_24_8_rec_confirm,"{""core_cap"": 24, ""rec_activation"": ""core_full"", ""rec_anchor"": ""runhigh"", ""rec_cap"": 8, ""rec_spacing"": ""ladder"", ""rec_step"": 5.0, ""rec_tp"": 3.0, ""recovery"": {""confirm"": ""vwap"", ""h"": 24, ""layer_x"": 6.0, ""rec_step"": 10.0, ""rec_tp"": 2.0}}",{},314721.96000002016,560.0,315281.96000002016,4,-114398.03999999989,2020-03-22,-114147.5,62570.14000000013,758.8597222222222,14.975720836137572,2910,1.6412859560067683,8528.039999999552,707.1600000000001,10.462168098822989,21.0,32,0.14062355535258503,0.004530414293359035,0.00010506526654357687,0.7298611111111111,5.845833333333333,0.7298611111111111,947360.0,237731.11029471506,10070.14000000013,2.7560084071372244,1.3262124574657703,1.3942470389170898,126291.56000000355,-114398.03999999989,-53820.13999999943,-75587.8399999995,242849.91000001604,-98117.74999999983,-53820.13999999943,7,8,-114398.03999999989,0.0,0.0,125,30,0.8243055555555555,-75587.8399999995,0.0,0.0,60,0,0.0,-98117.74999999983,0.0,0.0,110,0,0.0,51.26562976837158,0.2470389170896785,6116.880000000001,0.0,0.0,0.00010506526654357687,0.7298611111111111,7.98548558364456,8.0,,,,,,,,
FACTORY_S3,Q_24_8_rec_confirm__h19,S3,Q_24_8_rec_confirm,Q_24_8_rec_confirm,"{""core_cap"": 19, ""rec_activation"": ""core_full"", ""rec_anchor"": ""runhigh"", ""rec_cap"": 8, ""rec_spacing"": ""ladder"", ""rec_step"": 5.0, ""rec_tp"": 3.0, ""recovery"": {""confirm"": ""vwap"", ""h"": 19, ""layer_x"": 5.0, ""rec_step"": 10.0, ""rec_tp"": 2.0}}",{},269983.6500000197,560.0,270543.6500000197,4,-98962.61999999965,2025-04-06,-95381.25,77686.16000000003,758.8645833333334,17.38690165922326,2835,1.598984771573604,8251.349999999567,692.22,10.114278789984338,17.0,27,0.11999994396519117,0.0028353613264559944,0.0,0.0,4.903472222222222,0.0,804060.0,229867.03971256944,35186.16000000003,2.7337963566447683,1.1769571241632255,1.2966723068245911,112404.23000000278,-94678.39999999997,-54085.13999999943,-75847.8399999995,212263.93000001635,-98962.61999999965,-54085.13999999943,7,8,-94678.39999999997,0.0,0.0,91,0,0.0,-75847.8399999995,0.0,0.0,60,2,0.0,-98962.61999999965,0.0,0.0,135,11,0.0,50.976330041885376,0.30231246474901297,5559.110000000001,0.0,0.0,0.0015451598533008704,4.032638888888889,7.960837272113437,8.0,,,,,,,,
FACTORY_S3,Q_24_8_rec_confirm__h22,S3,Q_24_8_rec_confirm,Q_24_8_rec_confirm,"{""core_cap"": 22, ""rec_activation"": ""core_full"", ""rec_anchor"": ""runhigh"", ""rec_cap"": 8, ""rec_spacing"": ""ladder"", ""rec_step"": 5.0, ""rec_tp"": 3.0, ""recovery"": {""confirm"": ""vwap"", ""h"": 22, ""layer_x"": 5.0, ""rec_step"": 10.0, ""rec_tp"": 2.0}}",{},298660.93000001815,560.0,299220.93000001815,4,-114714.56999999995,2020-03-22,-114147.5,60159.67000000004,758.8645833333334,16.36005633600476,2557,1.4421883812746756,7627.819999999629,707.1600000000001,10.342516971542722,21.0,26,0.14052689530736492,0.00014428963271984557,0.0,0.0,0.05555555555555555,0.0,828625.0,234906.28714932717,7659.670000000042,2.6083951672400314,1.273788512138915,1.3694303440496334,120154.21000000386,-114714.56999999995,-54102.65999999945,-75865.35999999952,233208.75000001374,-98227.74999999983,-54102.65999999945,7,8,-114714.56999999995,0.0,0.0,97,3,0.0,-75865.35999999952,0.0,0.0,58,0,0.0,-98227.74999999983,0.0,0.0,110,1,0.0,52.179720640182495,0.0727580372250423,1330.0400000000004,0.0,0.0,0.0,0.0,7.998225097430524,4.0,,,,,,,,
FACTORY_S3,Q_24_8_rec_confirm__h26,S3,Q_24_8_rec_confirm,Q_24_8_rec_confirm,"{""core_cap"": 24, ""rec_activation"": ""core_full"", ""rec_anchor"": ""runhigh"", ""rec_cap"": 8, ""rec_spacing"": ""ladder"", ""rec_step"": 5.0, ""rec_tp"": 3.0, ""recovery"": {""confirm"": ""vwap"", ""h"": 26, ""layer_x"": 5.0, ""rec_step"": 10.0, ""rec_tp"": 2.0}}",{},320628.4500000215,560.0,321188.4500000215,4,-114455.55999999991,2020-03-22,-114147.5,62947.67000000013,758.8284722222222,14.625454658013215,3059,1.7253243090806543,8939.049999999519,707.1600000000001,10.457828202879629,21.0,32,0.14033357521692474,0.005875249705116818,0.00010506526654357687,0.7298611111111111,5.845833333333333,0.7298611111111111,947360.0,237607.4623813813,10447.67000000013,2.806228461072767,1.3517607855450482,1.4049633389734912,126566.92000000388,-114455.55999999991,-53633.75999999931,-75396.45999999938,248294.6600000169,-98016.45999999973,-53633.75999999931,7,8,-114455.55999999991,0.0,0.0,123,28,0.8243055555555555,-75396.45999999938,0.0,0.0,73,13,0.005555555555555556,-98016.45999999973,0.0,0.0,114,4,0.002777777777777778,52.24840950965881,0.320360970107163,8908.180000000002,0.0,0.0,0.00010506526654357687,0.7298611111111111,7.981064437228406,8.0,,,,,,,,
FACTORY_S3,I_S6_recovexit__x4.0,S3,I_S6_recovexit,I_S6_recovexit,"{""state"": {""mult"": [1.0, 1.5, 3.0, Infinity], ""rec_exit_x"": 4.0, ""recovery_exit"": ""all_ind"", ""t"": [8, 16, 24]}}",{},312178.87000001577,560.0,312738.87000001577,4,-130149.7099999999,2025-04-06,-125145.0,73576.9200000001,757.9298611111111,8.682058944931955,2291,1.2921601804850535,7208.629999999687,856.5600000000002,12.430556061425358,21.0,24,0.48644237800521684,0.0,0.0,0.0,0.0,0.0,794580.0,281315.17339271156,26076.9200000001,2.4029163799136857,1.111702814421024,1.2921601804850535,131199.04000000376,-103432.19999999998,-81342.17999999982,-114843.13999999996,262954.5000000118,-130149.7099999999,-81342.17999999982,7,8,-103432.19999999998,0.0,0.0,101,0,0.0,-114843.13999999996,0.0,0.0,14,0,0.0,-130149.7099999999,0.0,0.0,102,0,0.0,55.498533964157104,,,,,,,,,,,,,,,,
FACTORY_S3,I_S6_recovexit__t0.8,S3,I_S6_recovexit,I_S6_recovexit,"{""state"": {""mult"": [1.0, 1.5, 3.0, Infinity], ""rec_exit_x"": 5.0, ""recovery_exit"": ""all_ind"", ""t"": [6, 13, 19]}}",{},271795.9500000137,560.0,272355.9500000137,4,-96751.03999999998,2025-04-06,-92615.0,79370.44000000003,758.925,13.067738702724775,2059,1.1613085166384658,6392.799999999737,707.1600000000001,10.4683151173509,17.0,19,0.14250352318860476,0.0,0.0,0.0,0.0,0.0,646641.25,235965.19175987123,36870.44000000003,2.8150183191830678,1.1542208745651577,1.1613085166384658,111652.61000000255,-93332.20999999999,-60169.00999999966,-87030.4899999997,220944.8400000108,-96751.03999999998,-60169.00999999966,7,8,-93332.20999999999,0.0,0.0,80,0,0.0,-87030.4899999997,0.0,0.0,48,0,0.0,-96751.03999999998,0.0,0.0,84,0,0.0,43.92920184135437,,,,,,,,,,,,,,,,
FACTORY_S3,I_S6_recovexit__x4.5,S3,I_S6_recovexit,I_S6_recovexit,"{""state"": {""mult"": [1.0, 1.5, 3.0, Infinity], ""rec_exit_x"": 4.5, ""recovery_exit"": ""all_ind"", ""t"": [8, 16, 24]}}",{},312402.62000001577,560.0,312962.62000001577,4,-130144.7099999999,2025-04-06,-125145.0,73589.4200000001,757.9298611111111,8.687549847579907,2291,1.2921601804850535,7206.129999999687,856.5600000000002,12.430802614584179,21.0,24,0.48644237800521684,0.0,0.0,0.0,0.0,0.0,794580.0,281322.64627536625,26089.4200000001,2.4047279370787793,1.1124686339459477,1.2921601804850535,131245.29000000376,-103419.69999999998,-81329.67999999982,-114830.63999999996,263119.5000000118,-130144.7099999999,-81329.67999999982,7,8,-103419.69999999998,0.0,0.0,101,0,0.0,-114830.63999999996,0.0,0.0,14,0,0.0,-130144.7099999999,0.0,0.0,102,0,0.0,54.340951919555664,,,,,,,,,,,,,,,,
FACTORY_S3,I_S6_recovexit__x5.5,S3,I_S6_recovexit,I_S6_recovexit,"{""state"": {""mult"": [1.0, 1.5, 3.0, Infinity], ""rec_exit_x"": 5.5, ""recovery_exit"": ""all_ind"", ""t"": [8, 16, 24]}}",{},313157.70000001584,560.0,313717.70000001584,4,-130129.7099999999,2025-04-06,-125145.0,73614.4200000001,757.9298611111111,8.706568616528124,2291,1.2921601804850535,7227.299999999686,876.48,12.691201974666663,21.0,24,0.4866146850423483,0.0,0.0,0.0,0.0,0.0,794580.0,286783.1070215818,26114.4200000001,2.41080764723149,1.0939197334813975,1.2921601804850535,131657.80000000377,-103394.69999999998,-85401.5299999998,-120556.24999999994,267533.92000001186,-130129.7099999999,-85401.5299999998,7,8,-103394.69999999998,0.0,0.0,101,0,0.0,-120556.24999999994,0.0,0.0,13,0,0.0,-130129.7099999999,0.0,0.0,102,0,0.0,54.272239446640015,,,,,,,,,,,,,,,,
FACTORY_S3,I_S6_recovexit__x6.0,S3,I_S6_recovexit,I_S6_recovexit,"{""state"": {""mult"": [1.0, 1.5, 3.0, Infinity], ""rec_exit_x"": 6.0, ""recovery_exit"": ""all_ind"", ""t"": [8, 16, 24]}}",{},313363.94000001583,560.0,313923.94000001583,4,-130122.2099999999,2025-04-06,-125145.0,73626.9200000001,757.9298611111111,8.705722299356115,2290,1.2915961646926113,7223.559999999687,876.48,12.692758341481728,21.0,24,0.48668332768315675,0.0,0.0,0.0,0.0,0.0,794580.0,286833.16113369627,26126.9200000001,2.412531573203499,1.0944478621622562,1.2915961646926113,131700.30000000377,-103382.19999999998,-85391.5299999998,-120546.24999999994,267687.66000001185,-130122.2099999999,-85391.5299999998,7,8,-103382.19999999998,0.0,0.0,101,0,0.0,-120546.24999999994,0.0,0.0,13,0,0.0,-130122.2099999999,0.0,0.0,102,0,0.0,54.78374123573303,,,,,,,,,,,,,,,,
FACTORY_S3,C_tiersT3__step0.8,S3,C_tiersT3,C_tiersT3,"{""spacing"": ""tiers"", ""tiers"": [[8, 4.0], [16, 8.0], [24, 16.0]]}",{},355516.6600000185,736.25,356252.9100000185,5,-154089.0299999999,2025-04-06,-149171.25,51752.66000000015,747.2166666666667,6.775361577107837,2546,1.4359842075578115,8082.089999999631,1070.7,15.385149654965664,24.0,24,0.5535594711434744,0.0,0.0,0.0,0.0,0.0,826740.0,345201.1556006091,-8247.339999999851,2.3119939816612427,1.0320154038307916,1.4359842075578115,144929.41000000486,-126169.67999999996,-105395.12999999989,-148143.02000000002,316776.1200000135,-154089.0299999999,-105395.12999999989,7,8,-126169.67999999996,0.0,0.0,104,0,0.0,-148143.02000000002,0.0,0.0,7,0,0.0,-154089.0299999999,0.0,0.0,158,0,0.0,21.755589246749878,,,,,,,,,,,,,,,,
FACTORY_S3,C_tiersT3__step0.9,S3,C_tiersT3,C_tiersT3,"{""spacing"": ""tiers"", ""tiers"": [[8, 4.5], [16, 9.0], [24, 18.0]]}",{},343520.12000001775,557.5,344077.62000001775,4,-152872.80999999994,2025-04-06,-147853.75,51337.47000000009,747.2048611111111,6.1833388964509535,2458,1.3863508178228992,7841.12999999965,1063.23,14.924949778802592,24.0,24,0.5303624611608732,0.0,0.0,0.0,0.0,0.0,826470.0,333922.1708830526,-8662.529999999912,2.2507443933294473,1.0304126230675525,1.3863508178228992,137903.7400000043,-124298.43,-104033.2599999999,-146932.39,310237.76000001334,-152872.80999999994,-104033.2599999999,7,8,-124298.43,0.0,0.0,118,0,0.0,-146932.39,0.0,0.0,6,0,0.0,-152872.80999999994,0.0,0.0,134,0,0.0,21.73824429512024,,,,,,,,,,,,,,,,
FACTORY_S3,I_S6_recovexit__t0.9,S3,I_S6_recovexit,I_S6_recovexit,"{""state"": {""mult"": [1.0, 1.5, 3.0, Infinity], ""rec_exit_x"": 5.0, ""recovery_exit"": ""all_ind"", ""t"": [7, 14, 22]}}",{},318699.1400000164,560.0,319259.1400000164,4,-108594.43,2022-10-13,-106670.0,76534.85000000006,757.9298611111111,7.0509971099907975,2338,1.3186689227298365,7293.359999999677,806.7600000000002,11.737200949229662,20.0,22,0.48664830592764224,0.0,0.0,0.0,0.0,0.0,725917.5,263705.90595152706,31534.850000000064,2.939921872604483,1.2106635945373967,1.3186689227298365,123563.31000000332,-98346.59999999998,-76891.60999999987,-108594.43,272659.930000013,-105949.11999999988,-76891.60999999987,7,8,-98346.59999999998,0.0,0.0,94,0,0.0,-108594.43,0.0,0.0,13,0,0.0,-105949.11999999988,0.0,0.0,126,0,0.0,52.599936723709106,,,,,,,,,,,,,,,,
FACTORY_S3,I_S6_recovexit__t1.1,S3,I_S6_recovexit,I_S6_recovexit,"{""state"": {""mult"": [1.0, 1.5, 3.0, Infinity], ""rec_exit_x"": 5.0, ""recovery_exit"": ""all_ind"", ""t"": [9, 18, 26]}}",{},328051.7400000173,560.0,328611.7400000173,4,-130756.55999999988,2025-04-06,-126703.75,68805.12000000011,757.9298611111111,7.154826891310356,2430,1.3705583756345177,7627.009999999656,913.8299999999998,13.08766365666352,22.0,26,0.507737006228269,0.01704438797380933,0.0,0.0,19.103472222222223,0.0,860795.0,295866.29740719934,18805.12000000011,2.513156815994682,1.110676487588414,1.3705583756345177,131290.32000000385,-109212.79999999999,-85600.24999999983,-121018.09999999992,282994.16000001325,-130756.55999999988,-85600.24999999983,7,8,-109212.79999999999,0.0,0.0,81,0,0.009027777777777777,-121018.09999999992,0.0,0.0,15,0,0.9305555555555556,-130756.55999999988,0.0,0.0,131,0,1.0319444444444446,58.22881627082825,,,,,,,,,,,,,,,,
FACTORY_S3,I_S6_recovexit__t1.2,S3,I_S6_recovexit,I_S6_recovexit,"{""state"": {""mult"": [1.0, 1.5, 3.0, Infinity], ""rec_exit_x"": 5.0, ""recovery_exit"": ""all_ind"", ""t"": [10, 19, 29]}}",{},344355.60000001837,560.0,344915.60000001837,4,-139857.11,2020-03-22,-138623.75,38112.060000000114,757.9298611111111,7.996388488791754,2549,1.4376762549351383,7948.14999999963,956.16,13.78628464001838,26.0,29,0.5102627752359766,0.06688314781142045,0.0,0.0,89.96111111111111,0.0,955078.75,309894.6330928273,-29387.939999999886,2.4661999665231065,1.113009272079587,1.4376762549351383,131500.39000000386,-139857.11,-89934.54999999981,-127018.03999999992,303422.2500000143,-137299.6499999999,-89934.54999999981,7,8,-139857.11,0.0,0.0,85,0,89.96111111111111,-127018.03999999992,0.0,0.0,17,0,15.084027777777777,-137299.6499999999,0.0,0.0,135,0,3.1791666666666667,58.476359128952026,,,,,,,,,,,,,,,,
FACTORY_S3,C_tiersT3__step1.1,S3,C_tiersT3,C_tiersT3,"{""spacing"": ""tiers"", ""tiers"": [[8, 5.5], [16, 11.0], [24, 22.0]]}",{},329371.8700000167,397.5,329769.3700000167,3,-151155.30999999994,2025-04-06,-146106.25,50495.90000000002,741.9118055555556,5.7640007256249435,2348,1.3243090806542583,7486.8799999996745,996.0,14.02784789911493,24.0,24,0.4862532605254384,0.0,0.0,0.0,0.0,0.0,823650.0,313435.39935307816,-9504.099999999977,2.181659182201517,1.0521127182208883,1.3243090806542583,134171.1800000039,-122424.67999999996,-101530.7599999999,-144359.88,297183.9400000127,-151155.30999999994,-101530.7599999999,7,8,-122424.67999999996,0.0,0.0,183,0,0.0,-144359.88,0.0,0.0,6,0,0.0,-151155.30999999994,0.0,0.0,130,0,0.0,20.79263973236084,,,,,,,,,,,,,,,,
FACTORY_S3,C_tiersT3__step1.2,S3,C_tiersT3,C_tiersT3,"{""spacing"": ""tiers"", ""tiers"": [[8, 6.0], [16, 12.0], [24, 24.0]]}",{},328031.4200000159,516.25,328547.6700000159,6,-149854.05999999994,2025-04-06,-144753.75,51977.06,741.5972222222222,6.010918390627092,2245,1.2662154540327129,7312.329999999696,981.06,13.785361466543016,24.0,24,0.4766138725376204,0.0,0.0,0.0,0.0,0.0,821490.0,308104.019259514,-8022.940000000002,2.192450908570752,1.0663530803318808,1.2662154540327129,128033.99000000354,-118972.79999999999,-99991.37999999983,-142705.49999999994,300562.55000001215,-149854.05999999994,-99991.37999999983,7,8,-118972.79999999999,0.0,0.0,177,0,0.0,-142705.49999999994,0.0,0.0,7,0,0.0,-149854.05999999994,0.0,0.0,126,0,0.0,19.69451093673706,,,,,,,,,,,,,,,,
FACTORY_S3,C_tiersT3__top20,S3,C_tiersT3,C_tiersT3,"{""spacing"": ""tiers"", ""tiers"": [[8, 5.0], [16, 10.0], [20, 20.0]]}",{},315193.43000001536,560.0,315753.43000001536,4,-129875.36999999994,2025-04-06,-125673.75,66787.24000000005,750.275,7.514702078692337,2227,1.2560631697687534,7116.5699999997005,906.3599999999999,13.099928275444706,20.0,20,0.530697269143592,0.0,0.0,0.0,0.0,0.0,694475.0,294438.97671858757,16787.24000000005,2.4312033143775875,1.0723900535145496,1.2560631697687534,122496.97000000312,-106849.10999999999,-88359.67999999993,-124120.02000000002,281688.63000001217,-129875.36999999994,-88359.67999999993,7,8,-106849.10999999999,0.0,0.0,93,0,0.0,-124120.02000000002,0.0,0.0,8,0,0.0,-129875.36999999994,0.0,0.0,119,0,0.0,20.899386882781982,,,,,,,,,,,,,,,,
FACTORY_S3,C_tiersT3__top22,S3,C_tiersT3,C_tiersT3,"{""spacing"": ""tiers"", ""tiers"": [[8, 5.0], [16, 10.0], [22, 20.0]]}",{},316843.86000001576,560.0,317403.86000001576,4,-140022.82999999996,2025-04-06,-135145.0,58588.52000000005,747.2041666666667,6.583706731282784,2244,1.2656514382402708,7186.139999999697,971.0999999999998,13.923901927877598,22.0,22,0.5269317299906702,0.0,0.0,0.0,0.0,0.0,759660.0,312114.2150503893,3588.5200000000477,2.2668007781303654,1.0169477860813627,1.2656514382402708,123827.07000000332,-115047.82999999999,-95570.83999999985,-134638.69999999995,289220.1200000123,-140022.82999999996,-95570.83999999985,7,8,-115047.82999999999,0.0,0.0,96,0,0.0,-134638.69999999995,0.0,0.0,8,0,0.0,-140022.82999999996,0.0,0.0,117,0,0.0,19.53699827194214,,,,,,,,,,,,,,,,
FACTORY_S3,C_tiersT3__top26,S3,C_tiersT3,C_tiersT3,"{""spacing"": ""tiers"", ""tiers"": [[8, 5.0], [16, 10.0], [26, 20.0]]}",{},340129.6500000174,560.0,340689.6500000174,4,-161120.2699999999,2025-04-06,-155425.0,44417.330000000045,741.40625,5.562774673547683,2408,1.3581500282007897,7776.599999999662,1070.7000000000003,15.094526519874146,26.0,26,0.5046901134985052,0.3853864020329429,0.0,0.0,733.7194444444444,0.0,891832.5,337923.09117073525,-20582.669999999955,2.1145052078178472,1.0081869481594095,1.3581500282007897,140685.70000000438,-129219.01999999999,-108706.9099999998,-154389.80999999994,308783.35000001284,-161120.2699999999,-108706.9099999998,7,8,-129219.01999999999,0.0,0.0,204,0,90.84166666666667,-154389.80999999994,0.0,0.0,8,0,708.03125,-161120.2699999999,0.0,0.0,122,0,112.9263888888889,20.37641191482544,,,,,,,,,,,,,,,,
FACTORY_S3,C_tiersT3__top28,S3,C_tiersT3,C_tiersT3,"{""spacing"": ""tiers"", ""tiers"": [[8, 5.0], [16, 10.0], [28, 20.0]]}",{},347593.8200000176,560.0,348153.8200000176,4,-170981.48999999993,2025-04-06,-164877.5,39856.110000000044,739.4090277777777,5.405993444614679,2428,1.3694303440496334,7921.179999999657,1125.4800000000002,15.82421180037039,28.0,28,0.5042810593940956,0.3849773479285332,0.0,0.0,733.7194444444444,0.0,958405.0,353547.80359484314,-30143.889999999956,2.0362076620107694,0.9847432693967265,1.3694303440496334,143652.02000000456,-133780.24,-114609.31999999983,-163599.74,319183.61000001285,-170981.48999999993,-114609.31999999983,7,8,-133780.24,0.0,0.0,209,0,90.77847222222222,-163599.74,0.0,0.0,8,0,708.03125,-170981.48999999993,0.0,0.0,128,0,112.80763888888889,20.25754427909851,,,,,,,,,,,,,,,,
FACTORY_S3,I_S1__mult0.8,S3,I_S1,I_S1,"{""state"": {""mult"": [1.0, 1.2000000000000002, 2.4000000000000004, Infinity], ""t"": [8, 16, 24]}}",{},363611.45000001893,560.0,364171.45000001893,4,-155451.55999999994,2025-04-06,-150432.5,48488.74000000011,751.0534722222222,6.987670233758524,2595,1.4636209813874788,8313.549999999621,1053.27,15.219293625199974,24.0,24,0.5524345723563477,0.0,0.0,0.0,0.0,0.0,833940.0,340181.402773653,-11511.259999999893,2.3426683527654473,1.0705213366479303,1.4636209813874788,140345.8600000044,-127981.54999999999,-106498.24999999988,-149939.28000000003,330396.3300000144,-155451.55999999994,-106498.24999999988,7,8,-127981.54999999999,0.0,0.0,97,0,0.0,-149939.28000000003,0.0,0.0,8,0,0.0,-155451.55999999994,0.0,0.0,144,0,0.0,20.73503851890564,,,,,,,,,,,,,,,,
FACTORY_S3,I_S5_rec__t0.8,S3,I_S5_rec,I_S5_rec,"{""core_cap"": 24, ""rec_activation"": ""state"", ""rec_anchor"": ""runhigh"", ""rec_cap"": 8, ""rec_spacing"": ""ladder"", ""rec_step"": 5.0, ""rec_tp"": 3.0, ""state"": {""mult"": [1.0, 1.5, 3.0, Infinity], ""rec_tp"": {""CRITICAL"": 2.5, ""ELEVATED"": 4.0, ""HIGH"": 3.0}, ""t"": [6, 13, 19]}}",{},340907.1800000577,560.0,341467.1800000577,4,-130623.47999999992,2025-04-06,-125837.5,73550.18000000014,763.7291666666666,38.41471030187353,7581,4.2758037225042305,20802.820000000313,958.6500000000001,14.160483692469763,19.0,21,0.6398250593268539,0.0,0.0,0.0,0.0,0.0,668655.0,322046.8903237691,26050.18000000014,2.6141332324024584,1.0603026772181046,0.8702763677382966,139193.91000001342,-107742.66999999995,-88121.26999999955,-121541.70999999979,290449.5300000438,-130623.47999999992,-88121.26999999955,7,8,-107742.66999999995,0.0,0.0,189,125,0.0,-121541.70999999979,0.0,0.0,40,34,0.0,-130623.47999999992,0.0,0.0,313,264,0.0,21.90015935897827,3.4055273547659333,126704.12999999998,0.0,0.0,0.60480750642299,757.8729166666667,2.608619274293191,8.0,,,,,,,,
FACTORY_S3,I_S1__mult0.9,S3,I_S1,I_S1,"{""state"": {""mult"": [1.0, 1.35, 2.7, Infinity], ""t"": [8, 16, 24]}}",{},365540.4200000192,560.0,366100.4200000192,4,-154732.80999999994,2025-04-06,-149713.75,50196.3600000001,750.275,6.553961762190489,2619,1.4771573604060915,8274.579999999616,1048.29,14.990849515719164,24.0,24,0.5389834164983288,0.0,0.0,0.0,0.0,0.0,821490.0,334508.73333314655,-9803.639999999898,2.366016748484173,1.0944420384845666,1.4771573604060915,137070.77000000433,-127327.79999999999,-105794.49999999988,-149109.90000000002,334896.64000001474,-154732.80999999994,-105794.49999999988,7,8,-127327.79999999999,0.0,0.0,93,0,0.0,-149109.90000000002,0.0,0.0,8,0,0.0,-154732.80999999994,0.0,0.0,143,0,0.0,20.72471261024475,,,,,,,,,,,,,,,,
FACTORY_S3,I_S5_rec__t0.9,S3,I_S5_rec,I_S5_rec,"{""core_cap"": 24, ""rec_activation"": ""state"", ""rec_anchor"": ""runhigh"", ""rec_cap"": 8, ""rec_spacing"": ""ladder"", ""rec_step"": 5.0, ""rec_tp"": 3.0, ""state"": {""mult"": [1.0, 1.5, 3.0, Infinity], ""rec_tp"": {""CRITICAL"": 2.5, ""ELEVATED"": 4.0, ""HIGH"": 3.0}, ""t"": [7, 14, 22]}}",{},383122.2600000581,560.0,383682.2600000581,4,-146219.67999999993,2025-04-06,-141892.5,59951.410000000265,758.925,17.58269752504203,7560,4.2639593908629445,20891.490000000274,1030.86,15.433254137470197,22.0,23,0.6137618688729439,0.0,0.0,0.0,0.0,0.0,817245.0,349129.15247351653,4951.410000000265,2.6240124448368256,1.0989694137018897,1.071630005640158,151766.85000001453,-122668.87999999995,-100564.88999999955,-139363.48999999976,332457.10000004305,-146219.67999999993,-100564.88999999955,7,8,-122668.87999999995,0.0,0.0,167,102,0.0,-139363.48999999976,0.0,0.0,41,33,0.0,-146219.67999999993,0.0,0.0,332,233,0.0,22.551475286483765,3.192329385222786,120541.59999999998,0.0,0.0,0.5836221460771431,757.8729166666667,2.8374864465806158,8.0,,,,,,,,
FACTORY_S3,I_S1__mult1.1,S3,I_S1,I_S1,"{""state"": {""mult"": [1.0, 1.6500000000000001, 3.3000000000000003, Infinity], ""t"": [8, 16, 24]}}",{},337208.090000017,560.0,337768.090000017,4,-151932.79999999993,2025-04-06,-146646.25,50567.40000000005,747.2166666666667,6.436701034970871,2387,1.3463056965595037,7681.909999999666,1045.8,14.877185707761662,24.0,24,0.531466346894691,0.0,0.0,0.0,0.0,0.0,826740.0,333313.2533617383,-9432.599999999948,2.2231413493335026,1.0133653150402753,1.3463056965595037,135080.29000000405,-124320.29999999999,-104675.74999999988,-148143.02000000002,307436.04000001284,-151932.79999999993,-104675.74999999988,7,8,-124320.29999999999,0.0,0.0,118,0,0.0,-148143.02000000002,0.0,0.0,8,0,0.0,-151932.79999999993,0.0,0.0,138,0,0.0,20.82282781600952,,,,,,,,,,,,,,,,
FACTORY_S3,I_S5_rec__t1.1,S3,I_S5_rec,I_S5_rec,"{""core_cap"": 24, ""rec_activation"": ""state"", ""rec_anchor"": ""runhigh"", ""rec_cap"": 8, ""rec_spacing"": ""ladder"", ""rec_step"": 5.0, ""rec_tp"": 3.0, ""state"": {""mult"": [1.0, 1.5, 3.0, Infinity], ""rec_tp"": {""CRITICAL"": 2.5, ""ELEVATED"": 4.0, ""HIGH"": 3.0}, ""t"": [9, 18, 26]}}",{},419629.48000005726,560.0,420189.48000005726,4,-168740.19999999984,2025-04-06,-163161.25,39528.04000000021,750.275,11.834885515464274,7471,4.213761985335589,20778.020000000135,1182.7500000000002,17.101309533482198,26.0,26,0.595626202997302,0.5076431479234901,0.0,0.0,746.2118055555555,0.0,902817.5,383575.7509452372,-25471.959999999788,2.4901563468578183,1.095453711462713,1.2617033276931755,159312.2400000135,-141364.9299999999,-116343.85999999929,-161645.75999999966,377293.59000004304,-168740.19999999984,-116343.85999999929,7,8,-141364.9299999999,0.0,0.0,268,198,104.07013888888889,-161645.75999999966,0.0,0.0,63,55,715.2819444444444,-168740.19999999984,0.0,0.0,423,290,121.00833333333334,24.39932870864868,2.952058657642414,110396.08999999998,0.0,0.0,0.5470608341901989,746.125,3.2265781503469957,8.0,,,,,,,,
FACTORY_S3,I_S1__mult1.2,S3,I_S1,I_S1,"{""state"": {""mult"": [1.0, 1.7999999999999998, 3.5999999999999996, Infinity], ""t"": [8, 16, 24]}}",{},349208.8400000177,560.0,349768.8400000177,4,-151249.04999999993,2025-04-06,-145962.5,50771.15000000005,747.2048611111111,6.1377981685022,2471,1.3936830231246475,7904.909999999648,1023.39,14.495578853583845,24.0,24,0.5149907122304376,0.0,0.0,0.0,0.0,0.0,826470.0,325154.95303407474,-9228.849999999948,2.3125357812165954,1.0756989451837247,1.3936830231246475,143484.63000000454,-124117.79999999999,-103623.24999999988,-146932.39,309979.95000001305,-151249.04999999993,-103623.24999999988,7,8,-124117.79999999999,0.0,0.0,198,0,0.0,-146932.39,0.0,0.0,8,0,0.0,-151249.04999999993,0.0,0.0,136,0,0.0,19.295175313949585,,,,,,,,,,,,,,,,
FACTORY_S3,I_S5_rec__t1.2,S3,I_S5_rec,I_S5_rec,"{""core_cap"": 24, ""rec_activation"": ""state"", ""rec_anchor"": ""runhigh"", ""rec_cap"": 8, ""rec_spacing"": ""ladder"", ""rec_step"": 5.0, ""rec_tp"": 3.0, ""state"": {""mult"": [1.0, 1.5, 3.0, Infinity], ""rec_tp"": {""CRITICAL"": 2.5, ""ELEVATED"": 4.0, ""HIGH"": 3.0}, ""t"": [10, 19, 29]}}",{},449526.02000005683,560.0,450086.02000005683,4,-188162.02999999985,2025-04-06,-182256.25,26744.680000000226,749.2861111111112,9.341962692139369,7341,4.140439932318105,20655.229999999927,1267.4100000000003,18.210301439254064,29.0,29,0.5787205011753301,0.49864255675625696,0.0,0.0,746.2222222222222,0.0,992633.75,407595.5264207626,-45755.319999999774,2.3920129900812466,1.1042467123042736,1.380710659898477,171670.56000001385,-153803.0199999999,-127731.42999999889,-179855.8599999998,406219.38000004186,-188162.02999999985,-127731.42999999889,7,8,-153803.0199999999,0.0,0.0,320,223,104.07777777777778,-179855.8599999998,0.0,0.0,105,97,715.2875,-188162.02999999985,0.0,0.0,410,269,122.15208333333334,25.105283498764038,2.759729272419628,106525.17999999998,0.0,0.0,0.533479397401666,740.8604166666667,3.36910548832935,8.0,,,,,,,,
FACTORY_S3,D_16_16al_low60_float__step4.0,S3,D_16_16al_low60_float,D_16_16al_low60_float,"{""core_cap"": 16, ""rec_activation"": ""always"", ""rec_anchor"": ""low60"", ""rec_cap"": 16, ""rec_spacing"": ""float"", ""rec_step"": 4.0, ""rec_tp"": 3.0}",{},403721.64000005164,560.0,404281.6400000516,4,-171794.0799999953,2022-10-13,-178490.0,76828.72999999978,722.00625,18.89649983976661,7324,4.130851663846587,20438.359999999895,1152.8700000000001,16.727513931654343,32.0,32,0.616071903866682,0.2054978552676923,0.1118258662281009,279.9590277777778,453.09444444444443,279.9590277777778,816712.5,372836.2769755072,29328.729999999778,2.353292034277681,1.084340942570377,1.2583192329385222,160692.2000000106,-107247.41000000027,-116401.10999999515,-171794.0799999953,360038.6200000361,-161435.99999999884,-116401.10999999515,7,8,-107247.41000000027,0.0,0.0,462,395,0.005555555555555556,-171794.0799999953,279.9590277777778,0.39454733273033715,962,954,453.09444444444443,-161435.99999999884,0.0,0.0,623,492,6.0125,27.198265314102173,2.8725324309080653,97645.93000000001,0.0,0.0,0.1118258662281009,279.9590277777778,10.883744582134423,16.0,,,,,,,,
FACTORY_S3,D_16_16al_low60_float__step4.5,S3,D_16_16al_low60_float,D_16_16al_low60_float,"{""core_cap"": 16, ""rec_activation"": ""always"", ""rec_anchor"": ""low60"", ""rec_cap"": 16, ""rec_spacing"": ""float"", ""rec_step"": 4.5, ""rec_tp"": 3.0}",{},402554.83000005124,560.0,403114.8300000513,4,-170186.55999999522,2022-10-13,-176926.25,76403.49999999977,720.96875,18.84448388273126,7272,4.101522842639594,20281.419999999813,1142.91,16.616660269359325,32.0,32,0.6149736216137465,0.20523729340666422,0.10005155202411738,160.01111111111112,453.09444444444443,160.01111111111112,796320.0,370280.07115895394,28903.499999999767,2.36866430580689,1.0886754686481683,1.2583192329385222,159462.82000001008,-107261.17000000027,-114793.58999999508,-170186.55999999522,358493.67000003625,-161435.99999999884,-114793.58999999508,7,8,-107261.17000000027,0.0,0.0,453,386,0.0,-170186.55999999522,160.01111111111112,0.35300484868255216,1009,1001,453.09444444444443,-161435.99999999884,0.0,0.0,615,484,6.0125,23.81956648826599,2.8432036097010718,96469.16,0.0,0.0,0.10005155202411738,160.01111111111112,10.99459824442944,16.0,,,,,,,,
FACTORY_S3,D_16_16al_low60_float__step5.5,S3,D_16_16al_low60_float,D_16_16al_low60_float,"{""core_cap"": 16, ""rec_activation"": ""always"", ""rec_anchor"": ""low60"", ""rec_cap"": 16, ""rec_spacing"": ""float"", ""rec_step"": 5.5, ""rec_tp"": 3.0}",{},403092.5300000523,560.0,403652.5300000523,4,-167034.0899999953,2022-10-13,-173781.25,75735.65999999992,712.8201388888889,18.867370956869593,7300,4.117315284827975,20322.46999999986,1122.99,16.39076294193953,32.0,32,0.6124618613082446,0.19887734260522635,0.05381302865339949,55.86388888888889,453.09444444444443,55.86388888888889,767880.0,364958.314560505,28235.659999999916,2.416587715717574,1.106023657759775,1.2583192329385222,157568.14000001003,-107261.17000000027,-108923.49999999447,-167034.0899999953,355069.7200000367,-154577.28999999887,-108923.49999999447,7,8,-107261.17000000027,0.0,0.0,434,367,0.0,-167034.0899999953,55.86388888888889,0.18986472126253565,1205,1197,453.09444444444443,-154577.28999999887,0.0,0.0,601,470,5.934027777777778,27.083503246307373,2.858996051889453,96986.94,0.0,0.0,0.05381302865339949,55.86388888888889,11.220495571849233,16.0,,,,,,,,
FACTORY_S3,D_16_16al_low60_float__step6.0,S3,D_16_16al_low60_float,D_16_16al_low60_float,"{""core_cap"": 16, ""rec_activation"": ""always"", ""rec_anchor"": ""low60"", ""rec_cap"": 16, ""rec_spacing"": ""float"", ""rec_step"": 6.0, ""rec_tp"": 3.0}",{},401837.95000005176,560.0,402397.95000005176,4,-167102.88999999536,2022-10-13,-173781.25,75586.83000000007,712.8479166666667,18.81191561778259,7217,4.070501974055274,20109.54999999973,1122.99,16.369245575351407,32.0,32,0.611698387038028,0.19271491450489045,0.053751390363693925,55.86388888888889,453.09444444444443,55.86388888888889,767880.0,364485.99483148934,28086.830000000075,2.408084923007992,1.1040148475007663,1.2583192329385222,156999.0200000099,-107261.17000000019,-108992.29999999452,-167102.88999999536,354453.0600000363,-151582.9299999989,-108992.29999999452,7,8,-107261.17000000019,0.0,0.0,430,363,0.0,-167102.88999999536,55.86388888888889,0.18964724722349907,1186,1178,453.09444444444443,-151582.9299999989,0.0,0.0,594,463,4.036111111111111,28.229885578155518,2.8121827411167515,95732.36000000002,0.0,0.0,0.053751390363693925,55.86388888888889,11.242012938437357,16.0,,,,,,,,
FACTORY_S3,D_16_16al_low60_float__tp2.5,S3,D_16_16al_low60_float,D_16_16al_low60_float,"{""core_cap"": 16, ""rec_activation"": ""always"", ""rec_anchor"": ""low60"", ""rec_cap"": 16, ""rec_spacing"": ""float"", ""rec_step"": 5.0, ""rec_tp"": 2.5}",{},389492.5500000527,560.0,390052.55000005267,4,-169836.54999999522,2022-10-13,-175436.25,80878.01000000033,720.9826388888889,18.265449924303535,7434,4.192893401015229,20601.200000000073,1105.56,16.189801104446083,32.0,32,0.6120920315700112,0.1892043337321144,0.06922260107979077,58.80625,453.05694444444447,58.80625,746157.5,360184.23640490475,35878.01000000033,2.2966349116256994,1.0829250993693438,1.2583192329385222,154234.2700000102,-101429.9299999999,-112933.04999999463,-169836.54999999522,348809.40000003704,-145087.2599999988,-112933.04999999463,7,8,-101429.9299999999,0.0,0.0,445,378,0.0,-169836.54999999522,58.80625,0.24423323102168315,1146,1138,453.05694444444447,-145087.2599999988,0.0,0.0,614,483,2.7333333333333334,27.56982445716858,2.9345741680767063,83369.53,0.0,0.0,0.06922260107979077,58.80625,11.421457409342684,16.0,,,,,,,,
FACTORY_S3,D_16_16al_low60_float__tp3.5,S3,D_16_16al_low60_float,D_16_16al_low60_float,"{""core_cap"": 16, ""rec_activation"": ""always"", ""rec_anchor"": ""low60"", ""rec_cap"": 16, ""rec_spacing"": ""float"", ""rec_step"": 5.0, ""rec_tp"": 3.5}",{},413677.6300000499,613.75,414291.38000004995,5,-173061.92999999563,2022-10-13,-180617.5,77020.01999999973,720.96875,19.337485551368612,6977,3.935138183869148,19628.619999999344,1172.7900000000002,17.11737051056116,32.0,32,0.6171407678449853,0.24229031074103233,0.11466963277588038,279.9590277777778,453.9013888888889,279.9590277777778,840375.0,381065.92416809325,27020.019999999728,2.3938909036785874,1.0871908342486707,1.2583192329385222,163559.33000001055,-107748.06000000026,-117653.95999999554,-173061.92999999563,368440.3400000349,-161167.25999999885,-117653.95999999554,7,8,-107748.06000000026,0.0,0.0,434,367,0.0,-173061.92999999563,279.9590277777778,0.404580794076798,889,881,453.9013888888889,-161167.25999999885,0.0,0.0,602,471,6.0125,26.10011076927185,2.676818950930626,107622.45999999998,0.0,0.0,0.11466963277588038,279.9590277777778,10.493888003227605,16.0,,,,,,,,
FACTORY_S3,D_16_16al_low60_float__low30,S3,D_16_16al_low60_float,D_16_16al_low60_float,"{""core_cap"": 16, ""rec_activation"": ""always"", ""rec_anchor"": ""low30"", ""rec_cap"": 16, ""rec_spacing"": ""float"", ""rec_step"": 5.0, ""rec_tp"": 3.0}",{},422051.4200000595,586.25,422637.67000005953,5,-174231.35999999515,2022-10-13,-181367.5,77789.23999999967,714.2638888888889,19.708396892577323,8349,4.708967851099831,23131.08000000154,1190.2200000000003,17.395008979578115,32.0,32,0.620906306997907,0.26062910279865853,0.12833652264786885,279.9590277777778,461.9236111111111,279.9590277777778,826173.75,387537.45251225063,30289.23999999967,2.4257267463220815,1.0905724524436753,1.2583192329385222,167032.71000001213,-107164.8500000003,-118627.74999999494,-174231.35999999515,374289.5300000423,-166002.64999999863,-118627.74999999494,7,8,-107164.8500000003,0.0,0.0,556,489,0.05347222222222222,-174231.35999999515,279.9590277777778,0.45280071964136553,1114,1106,461.9236111111111,-166002.64999999863,0.0,0.0,742,611,46.919444444444444,25.69039297103882,3.4506486181613085,116013.68,0.0,0.0,0.12833652264786885,279.9590277777778,10.216249534210652,16.0,,,,,,,,
FACTORY_S3,D_16_16al_low60_float__20_12,S3,D_16_16al_low60_float,D_16_16al_low60_float,"{""core_cap"": 20, ""rec_activation"": ""always"", ""rec_anchor"": ""low60"", ""rec_cap"": 12, ""rec_spacing"": ""float"", ""rec_step"": 5.0, ""rec_tp"": 3.0}",{},443435.34000005224,560.0,443995.34000005224,4,-186799.7099999988,2025-04-06,-186813.75,61147.53999999963,744.9222222222222,12.566944900884748,7285,4.108855047941343,20437.159999999836,1237.5300000000002,18.14898114708857,32.0,32,0.5929603469675362,0.38741065950168246,0.13355896683019491,297.2270833333333,616.9861111111111,297.2270833333333,912756.25,405369.45266074286,3647.53999999963,2.3768524051780116,1.0952856390282464,1.4275239706711789,177869.37000001164,-127426.11000000028,-126353.95999999612,-181550.04999999632,392533.0100000367,-186799.7099999988,-126353.95999999612,7,8,-127426.11000000028,0.0,0.0,445,372,8.751388888888888,-181550.04999999632,297.2270833333333,0.47001576686783014,803,796,616.9861111111111,-186799.7099999988,0.7326388888888888,0.0015527324057269612,618,474,125.85277777777777,27.77330780029297,2.6813310772701637,91991.29000000001,0.0,0.0,0.13358558336438595,297.2270833333333,7.482510135296046,12.0,,,,,,,,
FACTORY_S3,C_atr1.5__k1.2,S3,C_atr1.5,C_atr1.5,"{""atr_k"": 1.2, ""spacing"": ""atr""}",{},322584.61000001564,268.75,322853.36000001564,2,-176208.92999999988,2025-04-06,-169392.5,46868.85000000012,464.09722222222223,3.8308968968921677,2231,1.2583192329385222,7106.6399999997,881.4600000000003,13.330392439783594,32.0,32,0.3514601270309116,0.26714735193502204,0.22599678920545443,439.9902777777778,446.98819444444445,439.9902777777778,1095320.0,287129.3715310951,-32444.88999999987,1.832219059499515,1.1244177433970797,1.2583192329385222,119251.45000000298,-129992.10999999999,-76876.32999999874,-147025.49999999988,280500.1100000114,-176208.92999999988,-76876.32999999874,7,8,-129992.10999999999,63.90972222222222,0.30491062964303567,175,0,77.72847222222222,-147025.49999999988,439.9902777777778,0.6324935869871443,273,0,446.98819444444445,-176208.92999999988,46.145833333333336,0.2737447065940714,164,0,70.05972222222222,21.781373023986816,,,,,,,,,,,,,,,,
FACTORY_S3,C_atr1.5__k1.35,S3,C_atr1.5,C_atr1.5,"{""atr_k"": 1.35, ""spacing"": ""atr""}",{},301195.2800000142,278.75,301474.0300000142,2,-164647.08999999985,2025-04-06,-157898.75,61659.290000000066,464.1715277777778,3.655284086553443,2064,1.1641285956006768,6528.4699999997365,841.62,12.57112638370956,32.0,32,0.33581801014790386,0.24834767357482468,0.19140089823798542,437.8375,447.7319444444444,437.8375,1061091.25,270267.0230212008,-10236.949999999924,1.8310316325664453,1.1154673131407726,1.1641285956006768,113829.51000000251,-113465.24999999997,-78945.1499999988,-147713.6299999999,266611.54000001046,-164647.08999999985,-78945.1499999988,7,8,-113465.24999999997,0.0,0.0,167,0,70.9888888888889,-147713.6299999999,437.8375,0.6231372607167747,268,0,447.7319444444444,-164647.08999999985,39.017361111111114,0.21284533172010486,149,0,63.78541666666667,21.83040714263916,,,,,,,,,,,,,,,,
FACTORY_S3,C_atr1.5__k1.65,S3,C_atr1.5,C_atr1.5,"{""atr_k"": 1.65, ""spacing"": ""atr""}",{},258555.4500000115,102.5,258657.95000001148,1,-146075.8899999999,2025-04-06,-140008.75,74655.02999999997,302.93402777777777,3.398386683670106,1811,1.0214326001128031,5768.299999999792,737.0400000000002,11.014846422597717,32.0,32,0.28175562659524095,0.20438836605299213,0.1551912047764071,399.0236111111111,411.9527777777778,399.0236111111111,908842.5,233252.28146599667,12498.789999999979,1.770709389482492,1.1089192713329084,1.0214326001128031,92192.4000000009,-95755.93,-68219.769999999,-134799.68,234698.44000000958,-146075.8899999999,-68219.769999999,7,8,-95755.93,0.0,0.0,139,0,57.93194444444445,-134799.68,399.0236111111111,0.5475502043761707,252,0,411.9527777777778,-146075.8899999999,0.0,0.0,136,0,38.97152777777778,19.021496772766113,,,,,,,,,,,,,,,,
FACTORY_S3,C_atr1.5__k1.8,S3,C_atr1.5,C_atr1.5,"{""atr_k"": 1.8, ""spacing"": ""atr""}",{},281848.94000001217,102.5,281951.44000001217,1,-145858.38999999984,2025-04-06,-140011.25,75168.05999999997,132.07638888888889,3.2682191547771207,1867,1.0530174844895657,5813.559999999779,532.86,8.455218381658687,31.0,32,0.18480840297993115,0.08412365761611112,0.02510919783369429,64.09305555555555,105.92291666666667,64.09305555555555,908842.5,183466.32277170577,15501.819999999978,1.933049171871515,1.5368021538800625,1.0530174844895657,89288.16000000061,-94080.94,20846.250000001688,-103972.05999999988,171831.40000000986,-145858.38999999984,14552.459999999934,8,8,-94080.94,0.0,0.0,121,0,0.0,-103972.05999999988,64.09305555555555,0.0885910153566327,459,0,105.92291666666667,-145858.38999999984,0.0,0.0,130,0,38.94583333333333,21.2536404132843,,,,,,,,,,,,,,,,
FACTORY_S3,C_fixed15.0__g12.0,S3,C_fixed15.0,C_fixed15.0,"{""grid"": 12.0}",{},325211.05000001495,268.75,325479.80000001495,2,-185054.53999999986,2025-04-06,-178293.75,33056.72999999995,449.00069444444443,3.94160749150069,2128,1.200225606316977,6786.449999999723,873.9900000000004,12.764686022957461,32.0,32,0.3428167577699267,0.2742217465489562,0.25173077515752784,448.9736111111111,451.8958333333333,448.9736111111111,1095320.0,277207.63110744394,-46943.27000000005,1.7588317476567459,1.1741372295550587,1.200225606316977,106005.59000000177,-134177.03999999998,-76020.3199999985,-150621.79999999993,295507.65000001166,-185054.53999999986,-76020.3199999985,7,8,-134177.03999999998,76.26527777777778,0.3691159487736353,149,0,82.05625,-150621.79999999993,448.9736111111111,0.6448253535188783,281,0,451.8958333333333,-185054.53999999986,91.79930555555555,0.5168582375478927,120,0,94.00625,21.485267877578735,,,,,,,,,,,,,,,,
FACTORY_S3,C_fixed15.0__g13.5,S3,C_fixed15.0,C_fixed15.0,"{""grid"": 13.5}",{},282663.58000001375,278.75,282942.33000001375,2,-184390.78999999986,2025-04-06,-177826.25,36962.87999999992,447.98819444444445,3.4271042416569757,2018,1.1381838691483361,6378.919999999747,844.1100000000002,12.077885582523864,32.0,32,0.318297326299097,0.25907833946447534,0.2341638625914418,439.9763888888889,446.96666666666664,439.9763888888889,997537.5,261148.34034352138,-43037.12000000008,1.5344710546552458,1.0834544444273473,1.1381838691483361,99702.03000000119,-127917.65000000002,-72595.35999999847,-146256.78999999992,255861.91000001103,-184390.78999999986,-72595.35999999847,7,8,-127917.65000000002,74.72708333333334,0.348777082579244,148,0,77.98611111111111,-146256.78999999992,439.9763888888889,0.6003716829030807,278,0,446.96666666666664,-184390.78999999986,90.95625,0.5132486388384755,114,0,94.00416666666666,21.465539693832397,,,,,,,,,,,,,,,,
FACTORY_S3,C_fixed15.0__g16.5,S3,C_fixed15.0,C_fixed15.0,"{""grid"": 16.5}",{},257752.55000001212,292.5,258045.05000001215,2,-175895.78999999992,2025-04-06,-169238.75,51308.939999999915,436.97291666666666,3.240359035437788,1811,1.0214326001128031,5941.1999999997915,791.82,10.88173573423811,32.0,32,0.2670534936302431,0.22539021239994284,0.21131847103420645,435.8027777777778,442.90416666666664,435.8027777777778,953200.0,234409.70537422848,-28691.060000000085,1.4670336908007422,1.1008292066578493,1.0214326001128031,93215.65000000095,-111597.69000000003,-69975.03999999873,-140081.73999999987,234821.94000000993,-175895.78999999992,-69975.03999999873,7,8,-111597.69000000003,40.83125,0.19127152386369511,158,0,46.984027777777776,-140081.73999999987,435.8027777777778,0.5951325355990175,241,0,442.90416666666664,-175895.78999999992,66.93194444444444,0.39003831417624524,136,0,70.97430555555556,20.342639207839966,,,,,,,,,,,,,,,,
FACTORY_S3,C_fixed15.0__g18.0,S3,C_fixed15.0,C_fixed15.0,"{""grid"": 18.0}",{},241547.16000001092,102.5,241649.66000001092,1,-169353.9099999998,2025-04-06,-162593.75,56965.639999999956,420.1694444444444,3.121821161117972,1721,0.9706711787930062,5542.839999999812,764.4300000000004,10.139820856716192,32.0,32,0.24589054720792555,0.20443599564049186,0.1916194339923961,402.18055555555554,414.95208333333335,402.18055555555554,946240.0,217619.42140732822,-22269.98000000007,1.4268915314681025,1.1104232261867115,0.9706711787930062,83248.86000000013,-104548.34000000003,-67325.79999999882,-135773.0199999999,225739.7200000096,-169353.9099999998,-67325.79999999882,7,8,-104548.34000000003,25.25625,0.13201303066342623,163,0,35.984722222222224,-135773.0199999999,402.18055555555554,0.5546724791546191,235,0,414.95208333333335,-169353.9099999998,60.92638888888889,0.34087517644686427,136,0,66.98055555555555,21.986825942993164,,,,,,,,,,,,,,,,
FACTORY_S3,C_convex0.2__a0.16,S3,C_convex0.2,C_convex0.2,"{""convex_a"": 0.16, ""spacing"": ""convex""}",{},351987.4500000177,397.5,352384.9500000177,3,-186035.80999999982,2025-04-06,-179393.75,44664.580000000016,464.0833333333333,3.974223429968686,2401,1.3542019176536944,7806.299999999663,1008.4500000000002,14.568477338122442,32.0,32,0.39170712846820444,0.2907506142815917,0.2283166302907366,430.97291666666666,444.99930555555557,430.97291666666666,1061091.25,320872.57377683016,-35335.419999999984,1.8941780617399309,1.0982083817643595,1.3542019176536944,133188.89000000374,-126354.55999999994,-85633.80999999947,-146844.2599999999,304860.49000001344,-186035.80999999982,-85633.80999999947,7,8,-126354.55999999994,68.79861111111111,0.32309495492700413,201,0,74.99930555555555,-146844.2599999999,430.97291666666666,0.5903382215566199,173,0,444.99930555555557,-186035.80999999982,87.78333333333333,0.5000604960677556,158,0,93.99305555555556,22.282580137252808,,,,,,,,,,,,,,,,
FACTORY_S3,C_convex0.2__a0.18,S3,C_convex0.2,C_convex0.2,"{""convex_a"": 0.18, ""spacing"": ""convex""}",{},360998.92000001797,397.5,361396.42000001797,3,-184574.55999999982,2025-04-06,-177928.75,43753.28,463.02569444444447,4.057249241319232,2444,1.3784545967287085,7864.829999999653,956.1600000000002,13.960814858189908,32.0,32,0.3699418078510371,0.25698684022514784,0.22762740214221075,430.0201388888889,444.2048611111111,430.0201388888889,1026862.5,307457.9810798468,-36246.72,1.9579969200523535,1.1754335299110787,1.3784545967287085,129208.61000000348,-126233.30999999997,-75663.13999999873,-145080.5099999999,307881.5700000132,-184574.55999999982,-75663.13999999873,7,8,-126233.30999999997,68.79722222222222,0.3230604822724374,196,0,74.99930555555555,-145080.5099999999,430.0201388888889,0.5886725681212714,265,0,444.2048611111111,-184574.55999999982,86.95833333333333,0.4969751966122202,161,0,93.98402777777778,22.238271951675415,,,,,,,,,,,,,,,,
FACTORY_S3,C_convex0.2__a0.22,S3,C_convex0.2,C_convex0.2,"{""convex_a"": 0.22, ""spacing"": ""convex""}",{},343821.46000001667,397.5,344218.96000001667,3,-177845.17999999988,2025-04-06,-171277.5,50021.25999999998,436.97222222222223,3.9872267605453215,2324,1.3107727016356459,7453.53999999968,953.6700000000004,13.703112173282042,32.0,32,0.3579209404882313,0.2613491500920372,0.1819464251192841,425.99791666666664,441.7284722222222,425.99791666666664,955200.0,299327.1744465162,-26946.23000000004,1.935497830191501,1.1499756433291082,1.3107727016356459,121788.32000000309,-118111.43999999997,-77955.09999999951,-139713.6299999999,300416.3600000131,-177845.17999999988,-77955.09999999951,7,8,-118111.43999999997,0.0,0.0,198,0,67.24930555555555,-139713.6299999999,425.99791666666664,0.5805074064738067,171,0,441.7284722222222,-177845.17999999988,43.19513888888889,0.2506755394232708,189,0,70.16875,21.970524787902832,,,,,,,,,,,,,,,,
FACTORY_S3,C_convex0.2__a0.24,S3,C_convex0.2,C_convex0.2,"{""convex_a"": 0.24, ""spacing"": ""convex""}",{},334918.4600000164,397.5,335315.9600000164,3,-175191.43999999983,2025-04-06,-168626.25,54384.32999999996,436.2,3.900699470776274,2281,1.2865200225606317,7287.78999999969,936.2400000000004,13.349688026201877,32.0,32,0.347680579175784,0.2524382146189213,0.1775757100310713,413.99652777777777,426.94305555555553,413.99652777777777,953200.0,291354.7544309525,-20119.410000000033,1.9139973962199106,1.1508854923439464,1.2865200225606317,118868.08000000287,-113243.32999999999,-78397.63999999949,-137764.8799999999,294876.140000013,-175191.43999999983,-78397.63999999949,7,8,-113243.32999999999,0.0,0.0,193,0,66.94791666666667,-137764.8799999999,413.99652777777777,0.5673749400710745,173,0,426.94305555555553,-175191.43999999983,42.87361111111111,0.24133897963299053,181,0,70.01597222222222,23.867732286453247,,,,,,,,,,,,,,,,
FACTORY_S3,C_volpct2.0__k1.6,S3,C_volpct2.0,C_volpct2.0,"{""spacing"": ""volpct"", ""volpct_k"": 1.6}",{},417160.5300000228,442.5,417603.03000002285,3,-204875.1899999999,2025-04-06,-198205.0,42094.17000000007,448.9868055555556,4.627208636859642,2936,1.655950366610265,9219.469999999546,1065.7200000000005,14.909458955903407,32.0,32,0.41480607753536497,0.33820509300377394,0.29522499376612754,447.8097222222222,451.86805555555554,447.8097222222222,990720.0,324353.60032577236,-37905.82999999993,2.0383289455400777,1.2874931234942149,1.655950366610265,164703.63000000583,-141286.42000000007,-76791.98999999883,-150248.04999999993,329704.51000001584,-204875.1899999999,-76791.98999999883,7,8,-141286.42000000007,82.72916666666667,0.3907130668597135,165,0,88.99930555555555,-150248.04999999993,447.8097222222222,0.7041809384004785,303,0,451.86805555555554,-204875.1899999999,121.16597222222222,0.6908449284129865,140,0,122.16666666666667,24.73386263847351,,,,,,,,,,,,,,,,
FACTORY_S3,C_volpct2.0__k2.2,S3,C_volpct2.0,C_volpct2.0,"{""spacing"": ""volpct"", ""volpct_k"": 2.2}",{},396672.5500000217,268.75,396941.3000000217,2,-202952.67999999988,2025-04-06,-196047.5,53470.39000000007,446.9451388888889,4.4243463372205465,2836,1.5995487873660463,8868.699999999568,1040.8200000000002,14.476874434398649,32.0,32,0.39530316232443596,0.3305969668357984,0.2842926025647132,435.81041666666664,443.0076388888889,435.81041666666664,988400.0,314178.1922820456,-26529.609999999928,1.955831773199654,1.2634272834687317,1.5995487873660463,158004.5600000054,-129751.44000000006,-73430.2599999989,-142461.15999999992,312384.5000000152,-202952.67999999988,-73430.2599999989,7,8,-129751.44000000006,68.83402777777778,0.3239740076184567,163,0,77.98611111111111,-142461.15999999992,435.81041666666664,0.6881718835723076,304,0,443.0076388888889,-202952.67999999988,121.00763888888889,0.6862472272635612,140,0,121.03194444444445,24.665076971054077,,,,,,,,,,,,,,,,
FACTORY_S3,C_volpct2.0__k1.8,S3,C_volpct2.0,C_volpct2.0,"{""spacing"": ""volpct"", ""volpct_k"": 1.8}",{},408321.9900000223,255.0,408576.99000002234,2,-204875.1899999999,2025-04-06,-198205.0,45967.91000000009,448.2138888888889,4.47359983790167,2899,1.6350817822899042,9034.259999999555,1055.7600000000004,14.802573958943295,32.0,32,0.4085722050537794,0.3385272931545076,0.28964252593711215,440.7395833333333,447.77777777777777,440.7395833333333,990720.0,322181.37343242625,-34032.08999999991,1.994272659368968,1.2681583222740733,1.6350817822899042,161266.11000000557,-137265.17000000004,-76047.62999999872,-147991.16999999993,323376.0100000155,-204875.1899999999,-76047.62999999872,7,8,-137265.17000000004,73.11944444444444,0.35875691607632243,167,0,82.90833333333333,-147991.16999999993,440.7395833333333,0.6936729882415741,310,0,447.77777777777777,-204875.1899999999,121.16597222222222,0.6908449284129865,137,0,122.16666666666667,24.71443486213684,,,,,,,,,,,,,,,,
FACTORY_S3,C_volpct2.0__k2.4,S3,C_volpct2.0,C_volpct2.0,"{""spacing"": ""volpct"", ""volpct_k"": 2.4}",{},399909.87000002165,268.75,400178.62000002165,2,-202952.67999999988,2025-04-06,-196047.5,53702.89000000007,420.2006944444444,4.493643350033217,2822,1.5916525662718557,8910.129999999572,1030.8600000000001,14.194841435499733,32.0,32,0.38349942984582025,0.31585420863440367,0.272463654422127,402.73541666666665,415.7291666666667,402.73541666666665,988400.0,307760.0745280468,-26297.109999999928,1.9717828806203588,1.3002941353380537,1.5916525662718557,159739.62000000547,-129518.94000000006,-68237.83999999892,-136966.1499999999,308694.3400000151,-202952.67999999988,-68237.83999999892,7,8,-129518.94000000006,68.83402777777778,0.3239740076184567,161,0,77.98611111111111,-136966.1499999999,402.73541666666665,0.6464910069542267,323,0,415.7291666666667,-202952.67999999988,121.00763888888889,0.6862472272635612,140,0,121.03194444444445,24.44982123374939,,,,,,,,,,,,,,,,
FACTORY_S3,M_atr_spike1.5_core__x1.35,S3,M_atr_spike1.5_core,M_atr_spike1.5_core,"{""gov"": ""atr_spike"", ""gov_action"": ""core"", ""gov_x"": 1.35}",{},377233.0900000197,560.0,377793.09000001964,4,-201762.67999999988,2025-04-06,-194858.75,93819.53000000006,744.0319444444444,4.867374530712834,2596,1.464184997179921,8464.409999999622,1147.8900000000003,16.550757730702312,32.0,32,0.4529027431840659,0.3912658543487214,0.3593932550900619,740.9694444444444,749.2201388888889,740.9694444444444,1109800.0,376406.80843940255,13819.530000000057,1.8724626873513965,1.0036829343400155,1.464184997179921,174353.16000000644,-79344.13999999998,-137810.38999999978,-194414.62999999995,341322.810000013,-201762.67999999988,-137810.38999999978,7,8,-79344.13999999998,14.99375,0.0766327111019184,403,0,17.759027777777778,-194414.62999999995,710.0513888888889,0.9781290313014338,8,0,718.3020833333334,-201762.67999999988,107.86458333333333,0.6085904416212946,121,0,121.75138888888888,21.872786283493042,,,,,,,,,,,,,,,,
FACTORY_S3,M_atr_spike1.5_core__x1.65,S3,M_atr_spike1.5_core,M_atr_spike1.5_core,"{""gov"": ""atr_spike"", ""gov_action"": ""core"", ""gov_x"": 1.65}",{},478676.2900000265,560.0,479236.2900000266,4,-202952.67999999988,2025-04-06,-196083.75,110561.2800000002,617.9444444444445,4.802537042416854,3282,1.8510998307952622,10229.959999999472,1170.3000000000004,16.225304759316487,32.0,32,0.4442943956785955,0.37379840356829663,0.33233544677953947,611.875,617.0,611.875,1108200.0,365299.36808320327,35561.2800000002,2.3613203333901622,1.3119001341685108,1.8510998307952622,198409.60000000754,-70747.89999999997,-105890.37999999919,-170219.30999999994,386780.8100000182,-202952.67999999988,-105890.37999999919,7,8,-70747.89999999997,0.0,0.0,391,0,14.922222222222222,-170219.30999999994,611.875,0.9389342783568848,129,0,617.0,-202952.67999999988,121.00763888888889,0.6862472272635612,135,0,121.03194444444445,22.556338787078857,,,,,,,,,,,,,,,,
FACTORY_S3,M_atr_spike1.5_core__x1.2,S3,M_atr_spike1.5_core,M_atr_spike1.5_core,"{""gov"": ""atr_spike"", ""gov_action"": ""core"", ""gov_x"": 1.2}",{},338526.43000001664,560.0,339086.43000001664,4,-194309.62999999995,2022-10-13,-191772.5,104698.01999999999,742.1118055555555,4.9454938416263525,2342,1.3209249858996053,7702.319999999676,1055.7600000000002,15.79648297522421,32.0,32,0.4281283533330905,0.3617243031371088,0.3357591735986395,739.0326388888889,749.2201388888889,739.0326388888889,1103440.0,358766.3946503568,24698.01999999999,1.7450829894535682,0.9451454624965093,1.3209249858996053,156579.84000000503,-64446.02999999997,-137492.88999999978,-194309.62999999995,320071.9700000114,-191132.67999999993,-137492.88999999978,7,8,-64446.02999999997,3.2576388888888888,0.027336815071444576,426,0,6.022916666666666,-194309.62999999995,708.1145833333334,0.9745753077999041,8,0,718.3020833333334,-191132.67999999993,89.99513888888889,0.5062109296229078,140,0,105.98472222222222,22.684098482131958,,,,,,,,,,,,,,,,
FACTORY_S3,M_atr_spike1.5_core__x1.8,S3,M_atr_spike1.5_core,M_atr_spike1.5_core,"{""gov"": ""atr_spike"", ""gov_action"": ""core"", ""gov_x"": 1.8}",{},482806.34000002703,560.0,483366.3400000271,4,-202952.67999999988,2025-04-06,-196083.75,95330.11000000013,617.9534722222222,4.824998715850514,3393,1.9137055837563453,10551.159999999447,1217.6100000000004,16.72547986809406,32.0,32,0.4634498950748205,0.39058222968107786,0.35965101521064885,616.0604166666667,621.1097222222222,616.0604166666667,1108200.0,377553.3413591523,15655.120000000112,2.381670150894422,1.2802597329954999,1.9137055837563453,204584.0100000081,-85289.03999999995,-106683.49999999919,-171023.68999999994,385538.32000001817,-202952.67999999988,-106683.49999999919,7,8,-85289.03999999995,14.998611111111112,0.07675336539290208,438,0,19.834027777777777,-171023.68999999994,616.0604166666667,0.9443118182312441,123,0,621.1097222222222,-202952.67999999988,121.00763888888889,0.6862472272635612,135,0,121.03194444444445,25.040167331695557,,,,,,,,,,,,,,,,
FACTORY_S3,J_age15_recovery__age12.0,S3,J_age15_recovery,J_age15_recovery,"{""state"": {""age"": 12.0, ""mult"": [1, 1, 1, Infinity], ""rec_exit_x"": 5.0, ""recovery_exit"": ""all_ind"", ""recovery_until"": 1, ""t"": [1, 33, 33]}}",{},367429.1300000208,560.0,367989.1300000208,4,-153875.81999999995,2020-03-22,-152587.5,27252.35000000021,740.6993055555556,6.648206813111528,2854,1.6097010716300055,8543.369999999564,764.4300000000003,10.300143449110587,29.0,32,0.16251215254916354,0.07955401895657582,0.01755150299365966,11.98263888888889,100.81458333333333,11.98263888888889,1108200.0,227818.48511120107,-45247.64999999979,2.3914681981874795,1.6152733603702116,1.6097010716300055,127657.01000000362,-153875.81999999995,-50041.29999999935,-77261.8099999997,290428.4100000165,-39506.169999999925,-50041.29999999935,7,8,-153875.81999999995,5.847222222222222,0.00715307582260372,75,0,100.81458333333333,-77261.8099999997,11.98263888888889,0.019785194960533405,57,0,13.796527777777778,-20741.22000000003,0.0,0.0,74,0,0.0,63.162097692489624,,,,,,,,,,,,,,,,
FACTORY_S3,J_age15_recovery__age13.5,S3,J_age15_recovery,J_age15_recovery,"{""state"": {""age"": 13.5, ""mult"": [1, 1, 1, Infinity], ""rec_exit_x"": 5.0, ""recovery_exit"": ""all_ind"", ""recovery_until"": 1, ""t"": [1, 33, 33]}}",{},392938.7800000222,560.0,393498.78000002215,4,-204875.18999999983,2025-04-06,-198221.25,23016.82000000018,740.6993055555556,6.2639028079214505,3018,1.7021996615905246,9118.719999999528,891.4200000000002,11.844619677743815,32.0,32,0.21732119992939614,0.12631646778979103,0.06579887426069074,100.98333333333333,107.0125,100.98333333333333,1108200.0,270827.4198089353,-51983.17999999982,1.9206756074272462,1.4529502968260364,1.7021996615905246,128984.6100000036,-158618.93999999997,-50041.299999999406,-77261.80999999976,314610.46000001795,-204875.18999999983,-50041.299999999406,7,8,-158618.93999999997,7.081944444444445,0.019959666994156886,76,0,100.81458333333333,-77261.80999999976,11.98263888888889,0.019785194960533405,57,0,13.796527777777778,-204875.18999999983,100.98333333333333,0.5793708408953419,137,0,107.0125,63.767030477523804,,,,,,,,,,,,,,,,
FACTORY_S3,J_age15_recovery__age16.5,S3,J_age15_recovery,J_age15_recovery,"{""state"": {""age"": 16.5, ""mult"": [1, 1, 1, Infinity], ""rec_exit_x"": 5.0, ""recovery_exit"": ""all_ind"", ""recovery_until"": 1, ""t"": [1, 33, 33]}}",{},389996.03000002174,560.0,390556.0300000217,4,-204875.18999999983,2025-04-06,-198221.25,3607.430000000051,740.6993055555556,6.23809985808836,2994,1.6886632825719121,9035.219999999534,888.9300000000002,12.172668461648376,32.0,32,0.22503579223413583,0.14060114142905572,0.1126005474600822,100.98333333333333,107.0125,100.98333333333333,1108200.0,277754.7069677184,-76392.56999999995,1.9063119843843561,1.4061184930537054,1.6886632825719121,125561.86000000319,-168005.17999999996,-50041.299999999464,-77261.80999999982,315090.46000001795,-204875.18999999983,-50041.299999999464,7,8,-168005.17999999996,97.87777777777778,0.45272937242532363,81,0,100.81458333333333,-77261.80999999982,11.98263888888889,0.019785194960533405,57,0,13.796527777777778,-204875.18999999983,100.98333333333333,0.5793708408953419,137,0,107.0125,66.22462701797485,,,,,,,,,,,,,,,,
FACTORY_S3,J_age15_recovery__age18.0,S3,J_age15_recovery,J_age15_recovery,"{""state"": {""age"": 18.0, ""mult"": [1, 1, 1, Infinity], ""rec_exit_x"": 5.0, ""recovery_exit"": ""all_ind"", ""recovery_until"": 1, ""t"": [1, 33, 33]}}",{},389639.80000002176,560.0,390199.8000000217,4,-204875.18999999983,2025-04-06,-198221.25,3789.9500000000407,740.6993055555556,6.233326186382647,2996,1.6897913141567964,9036.449999999533,888.9300000000002,12.23138873868447,32.0,32,0.22568299427604427,0.14060114142905572,0.1126005474600822,100.98333333333333,107.0125,100.98333333333333,1108200.0,279026.4345909179,-76210.04999999996,1.904573218455695,1.3984330931658704,1.6897913141567964,125205.63000000315,-168005.18,-50041.299999999406,-77261.80999999976,315090.46000001795,-204875.18999999983,-50041.299999999406,7,8,-168005.18,97.87777777777778,0.45272937242532363,81,0,100.81458333333333,-77261.80999999976,11.98263888888889,0.019785194960533405,57,0,13.796527777777778,-204875.18999999983,100.98333333333333,0.5793708408953419,137,0,107.0125,66.71747756004333,,,,,,,,,,,,,,,,
FACTORY_S3,L_armed_ll_fail__g4.0,S3,L_armed_ll_fail,L_armed_ll_fail,"{""add_trigger"": ""armed"", ""grid"": 4.0, ""reversal"": ""ll_fail""}",{},538106.400000029,992.5,539098.900000029,7,-204927.6899999999,2025-04-06,-198030.0,22593.66999999975,737.2909722222222,6.723652033389319,3742,2.110547095318669,11659.84999999937,1449.1800000000005,19.92323231191216,32.0,32,0.5890855399374091,0.5013756545566106,0.4741973714071181,733.8534722222222,733.9763888888889,733.8534722222222,1110120.0,442884.938316182,-57406.33000000025,2.6306786554810104,1.2172436977641323,2.110547095318669,190564.40000000712,-167662.0000000001,-124821.30999999947,-184661.21999999974,473446.42000002135,-204927.6899999999,-124821.30999999947,7,8,-167662.0000000001,145.9638888888889,0.6852301911508696,145,0,146.00416666666666,-184661.21999999974,710.1652777777778,0.982691043529406,42,0,710.2881944444445,-204927.6899999999,121.14583333333333,0.690260133091349,203,0,122.15069444444444,20.945963621139526,,,,,,,,,,,,,,,,
FACTORY_S3,L_armed_bull_hc__g4.0,S3,L_armed_bull_hc,L_armed_bull_hc,"{""add_trigger"": ""armed"", ""grid"": 4.0, ""reversal"": ""bull_hc""}",{},534295.2500000309,788.75,535084.0000000309,6,-207867.6999999999,2025-04-06,-200896.25,21751.339999999676,751.0534722222222,7.229239744596487,3929,2.216018048505358,12320.999999999329,1476.5700000000004,20.506983338049597,32.0,32,0.5945153129123811,0.5246567167524466,0.49894794646434365,753.11875,757.1229166666667,753.11875,1117050.0,458538.46698218933,-58248.66000000032,2.5741565428396576,1.166933722096678,2.216018048505358,205409.83000000822,-170235.18000000005,-143065.97999999975,-199919.04000000004,472842.01000002236,-207867.6999999999,-143065.97999999975,7,8,-170235.18000000005,146.80972222222223,0.6883844390437286,133,0,146.8625,-199919.04000000004,718.30625,0.9899517108781503,13,0,722.3104166666667,-207867.6999999999,122.97777777777777,0.7017140552530752,225,0,125.79583333333333,31.24199390411377,,,,,,,,,,,,,,,,
FACTORY_S3,L_armed_ll_fail__g4.5,S3,L_armed_ll_fail,L_armed_ll_fail,"{""add_trigger"": ""armed"", ""grid"": 4.5, ""reversal"": ""ll_fail""}",{},515713.0500000285,986.25,516699.30000002845,7,-204433.9399999999,2025-04-06,-197625.0,22384.739999999845,737.2909722222222,6.2366269764719515,3672,2.0710659898477157,11478.199999999386,1411.8300000000008,19.3943001392465,32.0,32,0.5572031345872056,0.4888840947996896,0.45505728158331954,733.8534722222222,733.9763888888889,733.8534722222222,1109000.0,428840.53603948775,-57615.260000000155,2.527463394776957,1.2048751379054583,2.0710659898477157,185778.03000000666,-166049.5000000001,-124715.69999999949,-184661.21999999974,455705.08000002126,-204433.9399999999,-124715.69999999949,7,8,-166049.5000000001,137.99791666666667,0.6441904958891359,164,0,138.98055555555555,-184661.21999999974,710.1652777777778,0.9825081676329434,39,0,710.2881944444445,-204433.9399999999,121.125,0.6896551724137931,190,0,122.12986111111111,29.74660849571228,,,,,,,,,,,,,,,,
FACTORY_S3,J_age15_recovery__x4.0,S3,J_age15_recovery,J_age15_recovery,"{""state"": {""age"": 15.0, ""mult"": [1, 1, 1, Infinity], ""rec_exit_x"": 4.0, ""recovery_exit"": ""all_ind"", ""recovery_until"": 1, ""t"": [1, 33, 33]}}",{},392309.71000002173,560.0,392869.71000002173,4,-204875.1899999999,2025-04-06,-198221.25,4688.670000000071,740.9222222222222,6.267659951805834,2988,1.6852791878172588,9016.539999999535,886.4400000000002,11.99404630156253,32.0,32,0.21619770201249017,0.13416274189526534,0.10363918065902539,100.98333333333333,107.00972222222222,100.98333333333333,1108200.0,273421.15680710855,-75311.32999999993,1.9176051038684672,1.4368665343522813,1.6852791878172588,125794.33000000322,-168005.18,-50276.309999999474,-77496.81999999983,317406.680000018,-204875.1899999999,-50276.309999999474,7,8,-168005.18,97.86944444444444,0.452522536497923,79,0,100.81458333333333,-77496.81999999983,11.98263888888889,0.019785194960533405,57,0,13.79513888888889,-204875.1899999999,100.98333333333333,0.5793708408953419,137,0,107.00972222222222,72.66120910644531,,,,,,,,,,,,,,,,
FACTORY_S3,J_age15_recovery__x6.0,S3,J_age15_recovery,J_age15_recovery,"{""state"": {""age"": 15.0, ""mult"": [1, 1, 1, Infinity], ""rec_exit_x"": 6.0, ""recovery_exit"": ""all_ind"", ""recovery_until"": 1, ""t"": [1, 33, 33]}}",{},395054.75000002206,560.0,395614.7500000221,4,-204875.18999999983,2025-04-06,-198221.25,5382.450000000099,740.6951388888889,6.307577892594333,2991,1.6869712351945854,9023.999999999534,888.9300000000002,12.032920450183655,32.0,32,0.21630977163013665,0.13418235407835347,0.10367840502520166,100.98472222222222,107.01458333333333,100.98472222222222,1108200.0,274182.64005900465,-74617.5499999999,1.9310037003505522,1.4428876675594233,1.6869712351945854,127144.36000000348,-168005.17999999996,-49981.299999999406,-77201.80999999976,318506.68000001804,-204875.18999999983,-49981.299999999406,7,8,-168005.17999999996,97.88472222222222,0.45290173569815745,80,0,100.81458333333333,-77201.80999999976,11.98263888888889,0.019785194960533405,57,0,13.797916666666667,-204875.18999999983,100.98472222222222,0.5794111716071789,134,0,107.01458333333333,71.56620144844055,,,,,,,,,,,,,,,,
FACTORY_S3,L_armed_ll_fail__g5.5,S3,L_armed_ll_fail,L_armed_ll_fail,"{""add_trigger"": ""armed"", ""grid"": 5.5, ""reversal"": ""ll_fail""}",{},493820.7800000274,676.25,494497.0300000274,5,-203700.1899999999,2025-04-06,-196881.25,24702.259999999776,660.9430555555556,6.022423140641384,3466,1.954878736604625,10896.719999999432,1362.0300000000007,18.19189680629607,32.0,32,0.5093550113330401,0.45418874204655935,0.42440624115700676,732.7902777777778,733.8722222222223,732.7902777777778,1091360.0,403630.50953327207,-55297.74000000022,2.4275727479686084,1.2251230229643109,1.954878736604625,190099.4200000076,-164445.7500000001,-122183.2199999995,-183999.36,426666.44000001927,-203700.1899999999,-122183.2199999995,7,8,-164445.7500000001,103.075,0.4785666270231139,240,0,104.06736111111111,-183999.36,709.1020833333333,0.9764880908250668,38,0,710.1840277777778,-203700.1899999999,120.99375,0.6858439201451906,169,0,121.80486111111111,19.958024740219116,,,,,,,,,,,,,,,,
FACTORY_S3,L_armed_bull_hc__g4.5,S3,L_armed_bull_hc,L_armed_bull_hc,"{""add_trigger"": ""armed"", ""grid"": 4.5, ""reversal"": ""bull_hc""}",{},524891.3500000298,541.25,525432.6000000298,4,-206112.6899999999,2025-04-06,-199291.25,22327.41999999975,751.0534722222222,6.6494573057635495,3806,2.146644106034969,11898.649999999358,1436.7300000000007,19.962042020503137,32.0,32,0.5744660583154255,0.5148492243381588,0.4849392442585334,753.0791666666667,757.0708333333333,753.0791666666667,1116680.0,444853.8808342742,-57672.58000000025,2.5492491510349513,1.1811352505560682,2.146644106034969,199272.21000000765,-168095.80000000008,-142511.61999999976,-199919.03999999992,468768.8700000219,-206112.6899999999,-142511.61999999976,7,8,-168095.80000000008,145.97916666666666,0.685609390351104,133,0,146.02430555555554,-199919.03999999992,718.2979166666667,0.9898923997765948,11,0,722.2895833333333,-206112.6899999999,121.99791666666667,0.6941318814277072,208,0,122.25138888888888,21.46479606628418,,,,,,,,,,,,,,,,
FACTORY_S3,P_eth_gapdown_init__k0.25,S3,P_eth_gapdown_init,P_eth_gapdown_init,"{""eth"": ""gapdown_init"", ""eth_k"": 0.25}",{},421055.16000002204,560.0,421615.16000002204,4,-203938.30999999988,2025-04-06,-197158.75,15095.460000000166,288.84791666666666,5.926504264617796,2975,1.6779469825155104,9257.339999999538,1030.8600000000001,12.96036237710866,32.0,32,0.3700132522322867,0.3215683582641537,0.29925529739073914,280.0083333333333,282.23055555555555,280.0083333333333,1004415.0,276467.88039930403,-64904.53999999983,2.067366155971491,1.5250059406216774,1.6779469825155104,121746.20000000286,-166679.55,-6564.6699999962,-113568.30999999988,306455.50000001537,-203938.30999999988,-6564.6699999962,7,8,-166679.55,139.86875,0.6549459641139666,75,0,140.85833333333332,-113568.30999999988,280.0083333333333,0.6353256920864163,582,0,282.23055555555555,-203938.30999999988,121.0736111111111,0.6881629360758217,70,0,122.07916666666667,17.352677583694458,,,,,,,,,,,,,,,,
FACTORY_S3,L_armed_ll_fail__g6.0,S3,L_armed_ll_fail,L_armed_ll_fail,"{""add_trigger"": ""armed"", ""grid"": 6.0, ""reversal"": ""ll_fail""}",{},492384.8600000269,676.25,493061.1100000269,5,-200434.54999999987,2025-04-06,-193331.25,17582.8400000002,660.9430555555556,5.76950187813306,3388,1.9108855047941342,10705.139999999448,1327.1700000000008,17.668407014437367,32.0,32,0.49382636493789944,0.4325677110621118,0.40105513545014165,729.9354166666667,731.0631944444444,729.9354166666667,1057255.0,388849.3140761541,-62417.1599999998,2.4599606704534085,1.2680004622650909,1.9108855047941342,185222.35000000708,-163880.74999999994,-122731.99999999953,-183999.36,430627.63000001933,-200434.54999999987,-122731.99999999953,7,8,-163880.74999999994,102.9798611111111,0.47620525018529053,219,0,104.0513888888889,-183999.36,709.0402777777778,0.9760482001551973,34,0,710.1680555555556,-200434.54999999987,118.78194444444445,0.6633595482960274,155,0,120.98194444444445,20.76008105278015,,,,,,,,,,,,,,,,
FACTORY_S3,L_armed_bull_hc__g5.5,S3,L_armed_bull_hc,L_armed_bull_hc,"{""add_trigger"": ""armed"", ""grid"": 5.5, ""reversal"": ""bull_hc""}",{},509685.7300000276,541.25,510226.9800000276,4,-205766.4399999999,2025-04-06,-198942.5,18786.840000000026,660.9430555555556,6.34449345177356,3512,1.9808234630569657,11030.51999999942,1391.9100000000005,18.956561816200225,32.0,32,0.5424813894391196,0.4815715522482566,0.45757464536970366,732.7423611111111,733.8604166666667,732.7423611111111,1111960.0,419512.3077620818,-61213.159999999974,2.4796413836971074,1.216238404832196,1.9808234630569657,174069.8500000066,-166794.55000000008,-123504.42999999947,-183999.36,459743.4200000204,-205766.4399999999,-123504.42999999947,7,8,-166794.55000000008,139.86805555555554,0.6549287277866832,134,0,140.85555555555555,-183999.36,709.0541666666667,0.9799380198988745,42,0,710.1722222222222,-205766.4399999999,121.18541666666667,0.6914095583787054,180,0,122.17708333333333,20.877973079681396,,,,,,,,,,,,,,,,
FACTORY_S3,L_armed_bull_hc__g6.0,S3,L_armed_bull_hc,L_armed_bull_hc,"{""add_trigger"": ""armed"", ""grid"": 6.0, ""reversal"": ""bull_hc""}",{},543188.0100000292,541.25,543729.2600000292,4,-205106.4399999999,2025-04-06,-198282.5,17362.8400000002,617.9527777777778,6.171505510118027,3630,2.047377326565144,11378.239999999396,1354.5600000000006,17.598144967653905,32.0,32,0.49838619750589064,0.432761031152552,0.39172954239173374,615.9993055555556,621.0631944444444,615.9993055555556,1110800.0,389502.9109155107,-62637.1599999998,2.650961422761906,1.395956858761378,2.047377326565144,193831.6400000077,-164351.99999999994,-106066.62999999919,-170803.68999999994,456021.1200000207,-205106.4399999999,-106066.62999999919,7,8,-164351.99999999994,102.25972222222222,0.47617077753072373,228,0,104.06736111111111,-170803.68999999994,615.9993055555556,0.9436692812977269,117,0,621.0631944444444,-205106.4399999999,121.16805555555555,0.6909054244807421,167,0,122.16388888888889,18.91031002998352,,,,,,,,,,,,,,,,
FACTORY_S3,P_eth_gapdown_init__k0.6,S3,P_eth_gapdown_init,P_eth_gapdown_init,"{""eth"": ""gapdown_init"", ""eth_k"": 0.6}",{},396454.31000002025,560.0,397014.3100000203,4,-203938.30999999988,2025-04-06,-197158.75,13246.540000000154,288.84791666666666,5.891345460042004,2809,1.584320360970107,8710.689999999575,921.3000000000003,12.673049498348375,32.0,32,0.3638270093382009,0.31825810193292076,0.29925529739073914,280.0083333333333,282.23055555555555,280.0083333333333,1004415.0,268616.85349313996,-66753.45999999985,1.9467372756007468,1.47799479011528,1.584320360970107,114627.50000000215,-166679.54999999996,-7206.609999996261,-113568.30999999988,289606.5400000144,-203938.30999999988,-7206.609999996261,7,8,-166679.54999999996,139.86875,0.6549459641139666,72,0,140.85833333333332,-113568.30999999988,280.0083333333333,0.6353256920864163,573,0,282.23055555555555,-203938.30999999988,121.0736111111111,0.6881629360758217,65,0,122.07916666666667,16.85484743118286,,,,,,,,,,,,,,,,
FACTORY_S3,P_eth_gapdown_init__k0.4,S3,P_eth_gapdown_init,P_eth_gapdown_init,"{""eth"": ""gapdown_init"", ""eth_k"": 0.4}",{},412194.1200000214,560.0,412754.1200000214,4,-203938.30999999988,2025-04-06,-197158.75,13861.570000000123,288.84791666666666,5.991611293292781,2903,1.637337845459673,9025.879999999554,951.1800000000002,12.807733363965696,32.0,32,0.36662734890914234,0.31825810193292076,0.29925529739073914,280.0083333333333,282.23055555555555,280.0083333333333,1004415.0,272515.81364818825,-66138.42999999988,2.023916546136043,1.5146061231253083,1.637337845459673,119287.20000000275,-166679.55,-6757.2099999962375,-113568.30999999988,300246.0000000149,-203938.30999999988,-6757.2099999962375,7,8,-166679.55,139.86875,0.6549459641139666,73,0,140.85833333333332,-113568.30999999988,280.0083333333333,0.6353256920864163,570,0,282.23055555555555,-203938.30999999988,121.0736111111111,0.6881629360758217,66,0,122.07916666666667,16.95629906654358,,,,,,,,,,,,,,,,
FACTORY_S3,P_eth_gapdown_init__k0.75,S3,P_eth_gapdown_init,P_eth_gapdown_init,"{""eth"": ""gapdown_init"", ""eth_k"": 0.75}",{},387964.8700000197,560.0,388524.87000001967,4,-203938.30999999988,2025-04-06,-197158.75,12173.960000000108,288.84791666666666,5.895751329621498,2743,1.5470953186689227,8526.379999999588,913.8300000000003,12.575205717791892,32.0,32,0.36319801860916,0.31610216266344654,0.29817242471023,280.0083333333333,282.23055555555555,280.0083333333333,1004415.0,266416.87671606604,-67826.03999999989,1.9051097854053016,1.4583343021999702,1.5470953186689227,111820.42000000208,-166679.55,-7402.259999996284,-113568.30999999988,284128.58000001387,-203938.30999999988,-7402.259999996284,7,8,-166679.55,139.86875,0.6549459641139666,72,0,140.85833333333332,-113568.30999999988,280.0083333333333,0.6315050686278871,570,0,282.23055555555555,-203938.30999999988,121.0736111111111,0.6881629360758217,65,0,122.07916666666667,16.854324102401733,,,,,,,,,,,,,,,,
FACTORY_S3,C_tiersT3_E8__es32.0,S3,C_tiersT3_E8,C_tiersT3_E8,"{""core_cap"": 24, ""emerg_cap"": 8, ""emerg_step"": 32.0, ""emerg_tp"": 15.0, ""spacing"": ""tiers"", ""tiers"": [[8, 5.0], [16, 10.0], [24, 20.0]]}",{},395710.39000002266,560.0,396270.3900000227,4,-176230.6499999991,2025-04-06,-176948.75,42221.01000000027,624.2069444444444,6.861570281195081,3069,1.7309644670050761,9542.109999999517,1165.3200000000004,16.412028151887952,32.0,32,0.5106732302106068,0.30814662068076687,0.18182034679943182,280.88958333333335,453.1173611111111,280.88958333333335,937896.25,365143.9631931856,-37778.98999999973,2.248589504720233,1.0852442596466236,1.3372814438804286,158566.47000000544,-131415.33999999976,-108139.85999999812,-167780.0999999995,345916.2700000154,-176230.6499999991,-108139.85999999812,7,8,-131415.33999999976,4.195138888888889,0.049278659703190446,401,0,48.72847222222222,-167780.0999999995,280.88958333333335,0.6025217103344652,278,0,453.1173611111111,-176230.6499999991,7.8375,0.1013914095583787,295,0,67.95902777777778,22.757713079452515,,,,,,,,,0.3936830231246475,61936.979999999996,0.0,0.0,0.18182034679943182,280.88958333333335,6.051820991199733,8.0
FACTORY_S3,C_tiersT3_E8__es48.0,S3,C_tiersT3_E8,C_tiersT3_E8,"{""core_cap"": 24, ""emerg_cap"": 8, ""emerg_step"": 48.0, ""emerg_tp"": 15.0, ""spacing"": ""tiers"", ""tiers"": [[8, 5.0], [16, 10.0], [24, 20.0]]}",{},396572.89000002283,560.0,397132.89000002283,4,-173046.93999999913,2025-04-06,-172747.5,40460.730000000214,623.7166666666667,6.873940956609442,3079,1.736604624929498,9539.609999999515,1140.4200000000003,16.15153073089003,32.0,32,0.5106732302106068,0.3011618817609499,0.11538968006925902,59.02152777777778,452.9479166666667,59.02152777777778,873213.75,359370.79127629084,-39539.269999999786,2.2949431524187878,1.1050783748718738,1.3372814438804286,153978.41000000498,-133175.61999999982,-100578.20999999769,-158808.27999999898,343805.18000001553,-173046.93999999913,-100578.20999999769,7,8,-133175.61999999982,4.026388888888889,0.03192167812882431,347,0,48.727777777777774,-158808.27999999898,59.02152777777778,0.3851020398076343,346,0,452.9479166666667,-173046.93999999913,5.763194444444444,0.0524904214559387,308,0,67.18194444444444,25.493507385253906,,,,,,,,,0.3993231810490694,62774.579999999994,0.0,0.0,0.11538968006925902,59.02152777777778,6.312318412197657,8.0
FACTORY_S3,C_tiersT3_E8__es36.0,S3,C_tiersT3_E8,C_tiersT3_E8,"{""core_cap"": 24, ""emerg_cap"": 8, ""emerg_step"": 36.0, ""emerg_tp"": 15.0, ""spacing"": ""tiers"", ""tiers"": [[8, 5.0], [16, 10.0], [24, 20.0]]}",{},394016.33000002237,560.0,394576.3300000224,4,-175693.12999999907,2025-04-06,-176301.25,42857.30000000022,624.7222222222222,6.836550383400845,3038,1.7134799774393683,9462.419999999523,1165.3200000000004,16.36206611547093,32.0,32,0.5106732302106068,0.3065132060035694,0.17083192078919424,279.95972222222224,453.06319444444443,279.95972222222224,926260.0,364035.68748056295,-37142.69999999978,2.2458267434818,1.083894638821888,1.3372814438804286,158500.1700000054,-130779.04999999981,-108755.08999999834,-167387.65999999957,344903.74000001536,-175693.12999999907,-108755.08999999834,7,8,-130779.04999999981,4.1930555555555555,0.043745798645224675,396,0,48.72847222222222,-167387.65999999957,279.95972222222224,0.5695002545434775,245,0,453.06319444444443,-175693.12999999907,6.919444444444444,0.08441217987497479,302,0,67.95277777777778,25.605424880981445,,,,,,,,,0.3761985335589397,60242.92,0.0,0.0,0.17083192078919424,279.95972222222224,6.101783027616755,8.0
FACTORY_S3,C_tiersT3_E8__es44.0,S3,C_tiersT3_E8,C_tiersT3_E8,"{""core_cap"": 24, ""emerg_cap"": 8, ""emerg_step"": 44.0, ""emerg_tp"": 15.0, ""spacing"": ""tiers"", ""tiers"": [[8, 5.0], [16, 10.0], [24, 20.0]]}",{},393677.69000002265,560.0,394237.69000002265,4,-172860.62999999907,2025-04-06,-174413.75,40419.52000000022,623.9618055555555,6.831328292411102,3055,1.7230682459108855,9492.309999999521,1150.3800000000003,16.239471759857224,32.0,32,0.5106732302106068,0.30261458417969245,0.14610936313638032,78.24027777777778,453.0409722222222,78.24027777777778,873213.75,361249.5652504336,-39580.47999999978,2.280667899914658,1.0913167181992878,1.3372814438804286,154546.04000000516,-133216.8299999998,-105086.05999999808,-162601.0099999992,344850.20000001555,-172860.62999999907,-105086.05999999808,7,8,-133216.8299999998,4.053472222222222,0.03676508609545478,360,0,48.72847222222222,-162601.0099999992,78.24027777777778,0.4913133949180271,292,0,453.0409722222222,-172860.62999999907,5.777777777777778,0.05569671304698528,322,0,67.18541666666667,25.660557746887207,,,,,,,,,0.38578680203045684,59889.34,0.0,0.0,0.14610936313638032,78.24027777777778,6.224377383230463,8.0
FACTORY_S3,B_16_16_newlow0_hi__step4.0,S3,B_16_16_newlow0_hi,B_16_16_newlow0_hi,"{""core_cap"": 16, ""rec_activation"": ""core_full"", ""rec_anchor"": ""runhigh"", ""rec_cap"": 16, ""rec_roll"": ""newlow"", ""rec_roll_x"": 0.0, ""rec_spacing"": ""ladder"", ""rec_step"": 4.0, ""rec_tp"": 3.0}",{},275692.88000035344,560.0,276252.88000035344,4,-213344.30999990087,2022-10-13,-119598.75,61054.0400000021,1051.870138888889,1.300151742658527,53254,30.0360970107163,138427.12000011705,1013.4300000000001,15.463721663897614,31.0,32,0.5994323673866205,0.20767060497981346,0.024578268020094083,3.7291666666666665,10.999305555555555,3.7291666666666665,1096640.0,347096.6243352871,-17199.719999997993,1.2948687499586082,0.7958961874936005,1.2583192329385222,157208.05000001175,-120924.07999999763,-166477.50999989893,-213344.30999990087,285594.8300002406,-158672.84999997256,-166477.50999989893,7,8,-120924.07999999763,0.7284722222222222,0.020200975576124238,6796,6729,5.879166666666666,-213344.30999990087,2.7819444444444446,0.0520158360641153,21180,21172,10.972916666666666,-158672.84999997256,3.7291666666666665,0.029219600725952814,7372,7241,4.750694444444444,26.64232850074768,28.77777777777778,-30522.270000000084,-899273.0799999998,1692.0,0.024578268020094083,3.7291666666666665,12.147536849891152,16.0,,,,,,,,
FACTORY_S3,B_16_16_newlow0_hi__step6.0,S3,B_16_16_newlow0_hi,B_16_16_newlow0_hi,"{""core_cap"": 16, ""rec_activation"": ""core_full"", ""rec_anchor"": ""runhigh"", ""rec_cap"": 16, ""rec_roll"": ""newlow"", ""rec_roll_x"": 0.0, ""rec_spacing"": ""ladder"", ""rec_step"": 6.0, ""rec_tp"": 3.0}",{},315495.4900002928,560.0,316055.4900002928,4,-197531.3699999199,2022-10-13,-123112.5,64823.280000001396,992.2375,1.4801216751470467,39387,22.214890016920474,102334.5100000503,1020.9000000000001,15.085140689396253,30.0,32,0.5994323673866205,0.18182314853987297,0.01900980889328451,3.7263888888888888,17.815277777777776,3.7263888888888888,1093200.0,338479.90380574414,-15176.719999998604,1.6000268210584523,0.9337496449469541,1.2583192329385222,169840.68000001332,-117660.64999999842,-142120.35999990054,-197531.3699999199,288407.66000018,-154255.93999997893,-142120.35999990054,7,8,-117660.64999999842,2.725,0.012513573607735664,5095,5028,4.889583333333333,-197531.3699999199,2.798611111111111,0.0424618061218942,15274,15266,17.815277777777776,-154255.93999997893,3.7263888888888888,0.021395442629562413,5612,5481,5.841666666666667,25.32859230041504,20.956570783981952,9287.81000000007,-636623.95,855.0,0.01900980889328451,3.7263888888888888,12.526117824392513,16.0,,,,,,,,
