dt,equity,qty,realized,unrealized
2019-05-05,150000.0,0,0.0,0.0
2019-05-06,150042.52,2,122.51999999999998,-80.0
2019-05-07,150158.19,11,116.93999999999994,41.25
2019-05-08,149030.69,11,116.93999999999994,-1086.25
2019-05-09,148648.21,15,114.45999999999992,-1466.25
2019-05-10,151278.22,17,113.21999999999991,1165.0
2019-05-12,148728.22,17,113.21999999999991,-1385.0
2019-05-13,145854.49,21,110.7399999999999,-4256.25
2019-05-14,148190.74,21,110.7399999999999,-1920.0
2019-05-15,148453.24,21,110.7399999999999,-1657.5
2019-05-16,152573.36,21,2743.3600000000006,-170.0
2019-05-17,152483.99,4,2742.7400000000007,-258.75
2019-05-19,152668.99,4,2742.7400000000007,-73.75
2019-05-20,152567.75,6,2741.500000000001,-173.75
2019-05-21,152882.75,6,2741.500000000001,141.25
2019-05-22,152282.75,6,2741.500000000001,-458.75
2019-05-23,151915.9,11,2738.4000000000015,-822.5
2019-05-24,152094.65,11,2738.4000000000015,-643.75
2019-05-26,152025.9,11,2738.4000000000015,-712.5
2019-05-27,152479.65,11,2738.4000000000015,-258.75
2019-05-28,150140.28,12,2737.7800000000016,-2597.5
2019-05-29,149639.05,16,2735.300000000002,-3096.25
2019-05-30,148699.05,16,2735.300000000002,-4036.25
2019-05-31,146952.19,19,2733.4400000000023,-5781.25
2019-06-02,145622.19,19,2733.4400000000023,-7111.25
2019-06-03,147243.47,21,2944.720000000003,-5701.25
2019-06-04,151477.87,17,3085.3700000000035,-1607.5
2019-06-05,152227.89,12,3311.640000000004,-1083.75
2019-06-06,152925.41,8,3409.1600000000044,-483.75
2019-06-07,153392.92,4,3457.9200000000046,-65.0
2019-06-09,153447.92,2,3457.9200000000046,-10.0
2019-06-10,153574.19,2,3526.690000000005,47.5
2019-06-11,153504.82,3,3526.070000000005,-21.25
2019-06-12,153367.95,4,3525.4500000000053,-157.5
2019-06-13,153767.95,4,3525.4500000000053,242.5
2019-06-14,153667.95,4,3525.4500000000053,142.5
2019-06-16,153782.99,4,3515.4900000000052,267.5
2019-06-17,153647.99,4,3515.4900000000052,132.5
2019-06-18,154091.14,4,4014.890000000006,76.25
2019-06-19,154176.14,1,4014.890000000006,161.25
2019-06-20,154313.67,5,4249.920000000006,63.75
2019-06-21,154219.92,5,4249.920000000006,-30.0
2019-06-23,154532.42,5,4249.920000000006,282.5
2019-06-24,154157.42,5,4249.920000000006,-92.5
2019-06-25,153530.56,8,4248.060000000007,-717.5
2019-06-26,153722.44,9,4247.440000000007,-525.0
2019-06-27,153958.69,9,4247.440000000007,-288.75
2019-06-28,154914.94,9,4247.440000000007,667.5
2019-06-30,155623.69,9,4247.440000000007,1376.25
2019-07-01,156047.51,9,6042.510000000008,5.0
2019-07-02,156178.76,5,6042.510000000008,136.25
2019-07-03,156685.04,5,6668.790000000009,16.25
2019-07-04,156703.79,1,6668.790000000009,35.0
2019-07-05,156803.18000000002,4,6666.930000000009,136.25
2019-07-07,156663.18000000002,4,6666.930000000009,-3.75
2019-07-08,156293.18000000002,4,6666.930000000009,-373.75
2019-07-09,156681.31,5,6666.3100000000095,15.0
2019-07-10,157418.23,5,7288.2300000000105,130.0
2019-07-11,157538.23,4,7288.2300000000105,250.0
2019-07-12,157598.23,4,7288.2300000000105,310.0
2019-07-14,157673.23,4,7288.2300000000105,385.0
2019-07-15,157708.23,4,7288.2300000000105,420.0
2019-07-16,157478.23,4,7288.2300000000105,190.0
2019-07-17,156840.11000000002,5,7287.610000000011,-447.5
2019-07-18,157670.74000000002,6,7286.990000000011,383.75
2019-07-19,156613.24000000002,6,7286.990000000011,-673.75
2019-07-21,156778.24000000002,6,7286.990000000011,-508.75
2019-07-22,157235.74000000002,6,7286.990000000011,-51.25
2019-07-23,157715.74000000002,6,7286.990000000011,428.75
2019-07-24,158052.65000000002,6,8033.9000000000115,18.75
2019-07-25,158112.04,4,8032.040000000012,80.0
2019-07-26,158292.04,4,8032.040000000012,260.0
2019-07-28,158257.04,4,8032.040000000012,225.0
2019-07-29,158337.04,4,8032.040000000012,305.0
2019-07-30,158207.04,4,8032.040000000012,175.0
2019-07-31,157684.57,10,8028.320000000012,-343.75
2019-08-01,155611.46000000002,13,8026.460000000013,-2415.0
2019-08-02,155147.11000000002,18,8023.360000000013,-2876.25
2019-08-04,151929.61000000002,18,8023.360000000013,-6093.75
2019-08-05,145684.67,30,8015.920000000015,-12331.25
2019-08-06,148909.67,30,8015.920000000015,-9106.25
2019-08-07,153747.17,30,8015.920000000015,-4268.75
2019-08-08,158809.67,30,8015.920000000015,793.75
2019-08-09,158247.17,30,8015.920000000015,231.25
2019-08-11,158434.67,30,8015.920000000015,418.75
2019-08-12,153484.73,30,10838.480000000007,-7353.75
2019-08-13,157375.38,18,10960.380000000003,-3585.0
2019-08-14,152240.38,13,10960.380000000003,-8720.0
2019-08-15,153475.38,13,10960.380000000003,-7485.0
2019-08-16,155067.88,13,10960.380000000003,-5892.5
2019-08-18,155994.13,13,10960.380000000003,-4966.25
2019-08-19,157359.13,13,10960.380000000003,-3601.25
2019-08-20,156026.63,13,10960.380000000003,-4933.75
2019-08-21,157342.88,13,10960.380000000003,-3617.5
2019-08-22,157700.38,13,10960.380000000003,-3260.0
2019-08-23,152467.88,13,10960.380000000003,-8492.5
2019-08-25,151752.88,13,10960.380000000003,-9207.5
2019-08-26,154482.88,13,10960.380000000003,-6477.5
2019-08-27,154011.63,13,10960.380000000003,-6948.75
2019-08-28,154304.13,13,10960.380000000003,-6656.25
2019-08-29,157781.63,13,10960.380000000003,-3178.75
2019-08-30,157164.13,13,10960.380000000003,-3796.25
2019-09-01,156384.13,13,10960.380000000003,-4576.25
2019-09-02,156140.38,13,10960.380000000003,-4820.0
2019-09-03,156562.88,13,10960.380000000003,-4397.5
2019-09-04,159991.63,13,10960.380000000003,-968.75
2019-09-05,160467.91,13,11271.659999999998,-803.75
2019-09-06,160625.41,7,11271.659999999998,-646.25
2019-09-08,160721.66,7,11271.659999999998,-550.0
2019-09-09,160461.04,7,11299.789999999997,-838.75
2019-09-10,160528.54,6,11299.789999999997,-771.25
2019-09-11,161458.55,6,11348.549999999996,110.0
2019-09-12,161414.19,4,11429.189999999993,-15.0
2019-09-13,161371.69,1,11429.189999999993,-57.5
2019-09-15,161285.44999999998,1,11426.699999999993,-141.25
2019-09-16,161320.44999999998,1,11426.699999999993,-106.25
2019-09-17,161341.69999999998,1,11426.699999999993,-85.0
2019-09-18,161317.94999999998,1,11426.699999999993,-108.75
2019-09-19,161375.44999999998,1,11426.699999999993,-51.25
2019-09-20,161267.94999999998,1,11426.699999999993,-158.75
2019-09-22,161327.94999999998,1,11426.699999999993,-98.75
2019-09-23,161344.19999999998,1,11426.699999999993,-82.5
2019-09-24,161205.44999999998,1,11426.699999999993,-221.25
2019-09-25,161237.94999999998,1,11426.699999999993,-188.75
2019-09-26,161201.69999999998,1,11426.699999999993,-225.0
2019-09-27,161164.19999999998,1,11426.699999999993,-262.5
2019-09-29,161206.69999999998,1,11426.699999999993,-220.0
2019-09-30,161272.94999999998,1,11426.699999999993,-153.75
2019-10-01,161045.44999999998,1,11426.699999999993,-381.25
2019-10-02,160762.94999999998,1,11426.699999999993,-663.75
2019-10-03,160860.44999999998,1,11426.699999999993,-566.25
2019-10-04,161075.44999999998,1,11426.699999999993,-351.25
2019-10-06,161009.19999999998,1,11426.699999999993,-417.5
2019-10-07,161056.69999999998,1,11426.699999999993,-370.0
2019-10-08,160824.19999999998,1,11426.699999999993,-602.5
2019-10-09,160889.19999999998,1,11426.699999999993,-537.5
2019-10-10,161074.19999999998,1,11426.699999999993,-352.5
2019-10-11,161172.94999999998,1,11426.699999999993,-253.75
2019-10-13,161211.69999999998,1,11426.699999999993,-215.0
2019-10-14,161181.69999999998,1,11426.699999999993,-245.0
2019-10-15,161260.44999999998,1,11426.699999999993,-166.25
2019-10-16,161269.19999999998,1,11426.699999999993,-157.5
2019-10-17,161290.44999999998,1,11426.699999999993,-136.25
2019-10-18,161267.94999999998,1,11426.699999999993,-158.75
2019-10-20,161299.19999999998,1,11426.699999999993,-127.5
2019-10-21,161381.69999999998,1,11426.699999999993,-45.0
2019-10-22,161256.69999999998,1,11426.699999999993,-170.0
2019-10-23,161350.44999999998,1,11426.699999999993,-76.25
2019-10-24,161342.94999999998,1,11426.699999999993,-83.75
2019-10-25,161414.84,2,11449.839999999991,-35.0
2019-10-27,161469.84,2,11449.839999999991,20.0
2019-10-28,161597.34,2,11449.839999999991,147.5
2019-10-29,161552.34,2,11449.839999999991,102.5
2019-10-30,161701.72999999998,2,11697.979999999989,3.75
2019-10-31,161888.0,5,11695.499999999985,192.5
2019-11-01,162367.40999999997,5,12321.15999999998,46.25
2019-11-03,162437.40999999997,2,12321.15999999998,116.25
2019-11-04,162547.40999999997,2,12321.15999999998,226.25
2019-11-05,162442.40999999997,2,12321.15999999998,121.25
2019-11-06,162462.40999999997,2,12321.15999999998,141.25
2019-11-07,162537.42999999996,2,12612.429999999977,-75.0
2019-11-08,162760.55999999997,3,12611.809999999976,148.75
2019-11-10,162621.80999999997,3,12611.809999999976,10.0
2019-11-11,162655.55999999997,3,12611.809999999976,43.75
2019-11-12,162625.55999999997,3,12611.809999999976,13.75
2019-11-13,162764.30999999997,3,12611.809999999976,152.5
2019-11-14,162996.80999999997,3,12611.809999999976,385.0
2019-11-15,163149.95999999996,3,13034.959999999972,115.0
2019-11-17,163127.45999999996,2,13034.959999999972,92.5
2019-11-18,163199.95999999996,2,13034.959999999972,165.0
2019-11-19,163097.45999999996,2,13034.959999999972,62.5
2019-11-20,163018.71999999997,4,13033.71999999997,-15.0
2019-11-21,163158.71999999997,4,13033.71999999997,125.0
2019-11-22,163238.71999999997,4,13033.71999999997,205.0
2019-11-24,163358.71999999997,4,13033.71999999997,325.0
2019-11-25,163570.61999999997,4,13530.619999999966,40.0
2019-11-26,163626.86999999997,1,13530.619999999966,96.25
2019-11-27,163620.62999999998,1,13654.379999999965,-33.75
2019-11-28,163620.62999999998,1,13654.379999999965,-33.75
2019-11-29,163601.88999999996,3,13653.139999999963,-51.25
2019-12-01,163744.38999999996,3,13653.139999999963,91.25
2019-12-02,163096.28999999995,8,13650.039999999959,-553.75
2019-12-03,162208.79999999996,10,13648.799999999957,-1440.0
2019-12-04,163058.79999999996,10,13648.799999999957,-590.0
2019-12-05,163571.29999999996,10,13648.799999999957,-77.5
2019-12-06,164891.97999999995,10,14901.979999999949,-10.0
2019-12-08,164866.97999999995,1,14901.979999999949,-35.0
2019-12-09,164803.86999999994,4,14900.119999999946,-96.25
2019-12-10,164788.24999999994,5,14899.499999999945,-111.25
2019-12-11,165106.99999999994,5,14899.499999999945,207.5
2019-12-12,165883.28999999995,5,15520.789999999939,362.5
2019-12-13,165978.32999999993,5,15893.329999999933,85.0
2019-12-15,166184.62999999995,5,15880.879999999932,303.75
2019-12-16,166513.40999999992,5,16505.90999999993,7.5
2019-12-17,166497.15999999992,1,16505.90999999993,-8.75
2019-12-18,166509.65999999992,1,16505.90999999993,3.75
2019-12-19,166578.40999999992,1,16505.90999999993,72.5
2019-12-20,166640.91999999993,1,16629.669999999933,11.25
2019-12-22,166659.66999999993,1,16629.669999999933,30.0
2019-12-23,166657.16999999993,1,16629.669999999933,27.5
2019-12-24,166650.91999999993,1,16629.669999999933,21.25
2019-12-25,166665.91999999993,1,16629.669999999933,36.25
2019-12-26,166763.41999999993,1,16629.669999999933,133.75
2019-12-27,166652.18999999994,3,16767.189999999937,-115.0
2019-12-29,166760.93999999994,3,16767.189999999937,-6.25
2019-12-30,166506.57999999993,6,16765.32999999994,-258.75
2019-12-31,166877.20999999993,7,16764.70999999994,112.5
2020-01-01,167008.45999999993,7,16764.70999999994,243.75
2020-01-02,167534.74999999994,7,17642.24999999995,-107.5
2020-01-03,167571.62999999995,2,17641.62999999995,-70.0
2020-01-05,167496.62999999995,2,17641.62999999995,-145.0
2020-01-06,167928.50999999995,3,17641.00999999995,287.5
2020-01-07,167497.25999999995,3,17641.00999999995,-143.75
2020-01-08,168076.65999999995,3,18015.409999999956,61.25
2020-01-09,168279.15999999995,2,18015.409999999956,263.75
2020-01-10,168062.31999999995,5,18262.319999999963,-200.0
2020-01-12,168312.31999999995,5,18262.319999999963,50.0
2020-01-13,168712.31999999995,5,18262.319999999963,450.0
2020-01-14,168493.56999999995,5,18262.319999999963,231.25
2020-01-15,169006.11,5,18882.35999999997,123.75
2020-01-16,169263.62999999998,3,19254.879999999976,8.75
2020-01-17,169292.37999999998,1,19254.879999999976,37.5
2020-01-19,169306.12999999998,1,19254.879999999976,51.25
2020-01-20,169232.37999999998,1,19254.879999999976,-22.5
2020-01-21,169347.37999999998,1,19254.879999999976,92.5
2020-01-22,169256.12999999998,1,19254.879999999976,1.25
2020-01-23,169538.63999999998,3,19253.639999999978,285.0
2020-01-24,168962.40999999997,7,19251.15999999998,-288.75
2020-01-26,167938.65999999997,7,19251.15999999998,-1312.5
2020-01-27,167806.78999999998,8,19250.539999999983,-1443.75
2020-01-28,169116.78999999998,8,19250.539999999983,-133.75
2020-01-29,167726.78999999998,8,19250.539999999983,-1523.75
2020-01-30,169376.78999999998,8,19250.539999999983,126.25
2020-01-31,166719.93,11,19248.679999999986,-2528.75
2020-02-02,167723.68,11,19248.679999999986,-1525.0
2020-02-03,168326.19999999998,11,19586.19999999999,-1260.0
2020-02-04,169453.72,7,19686.219999999994,-232.5
2020-02-05,170448.75,3,19952.5,496.25
2020-02-06,170344.4,3,20325.650000000005,18.75
2020-02-07,170109.41,4,20324.410000000007,-215.0
2020-02-09,170169.41,4,20324.410000000007,-155.0
2020-02-10,171115.04,5,20323.790000000008,791.25
2020-02-11,171256.33000000002,5,21203.830000000016,52.5
2020-02-12,171305.08000000002,3,21203.830000000016,101.25
2020-02-13,171556.33000000002,3,21203.830000000016,352.5
2020-02-14,171500.08000000002,3,21203.830000000016,296.25
2020-02-16,171601.33000000002,3,21203.830000000016,397.5
2020-02-17,171380.08000000002,3,21203.830000000016,176.25
2020-02-18,171473.83000000002,3,21203.830000000016,270.0
2020-02-19,171557.60000000003,3,21576.35000000002,-18.75
2020-02-20,171208.88000000003,7,21572.630000000026,-363.75
2020-02-21,170557.02000000002,10,21570.77000000003,-1013.75
2020-02-23,168394.52000000002,10,21570.77000000003,-3176.25
2020-02-24,166928.92000000004,15,21567.670000000035,-4638.75
2020-02-25,157936.50000000006,31,21557.75000000005,-13621.25
2020-02-26,143989.63000000006,32,21557.130000000052,-27567.5
2020-02-27,142269.63000000006,32,21557.130000000052,-29287.5
2020-03-01,121349.63000000006,32,21557.130000000052,-50207.5
2020-03-03,139309.63000000006,32,21557.130000000052,-32247.5
2020-03-04,148469.63000000006,32,21557.130000000052,-23087.5
2020-03-05,130989.63000000006,32,21557.130000000052,-40567.5
2020-03-06,128469.63000000006,32,21557.130000000052,-43087.5
2020-03-08,105309.63000000006,32,21557.130000000052,-66247.5
2020-03-09,105269.63000000006,32,21557.130000000052,-66287.5
2020-03-10,104269.63000000006,32,21557.130000000052,-67287.5
2020-03-11,73389.63000000006,32,21557.130000000052,-98167.5
2020-03-12,38149.63000000006,32,21557.130000000052,-133407.5
2020-03-13,80629.63000000006,32,21557.130000000052,-90927.5
2020-03-15,65069.63000000006,32,21557.130000000052,-106487.5
2020-03-16,53629.95000000004,32,21477.45000000005,-117847.5
2020-03-17,40429.95000000004,32,21477.45000000005,-131047.5
2020-03-18,21749.95000000004,32,21477.45000000005,-149727.5
2020-03-19,35709.95000000004,32,21477.45000000005,-135767.5
2020-03-20,18709.95000000004,32,21477.45000000005,-152767.5
2020-03-22,7829.950000000041,32,21477.45000000005,-163647.5
2020-03-23,20469.95000000004,32,21477.45000000005,-151007.5
2020-03-24,40709.95000000004,32,21477.45000000005,-130767.5
2020-03-25,49149.95000000004,32,21477.45000000005,-122327.5
2020-03-26,68709.95000000004,32,21477.45000000005,-102767.5
2020-03-27,59149.95000000004,32,21477.45000000005,-112327.5
2020-03-29,58069.95000000004,32,21477.45000000005,-113407.5
2020-03-30,74789.95000000004,32,21477.45000000005,-96687.5
2020-03-31,60509.95000000004,32,21477.45000000005,-110967.5
2020-04-01,52989.95000000004,32,21477.45000000005,-118487.5
2020-04-02,54549.95000000004,32,21477.45000000005,-116927.5
2020-04-03,52789.95000000004,32,21477.45000000005,-118687.5
2020-04-05,66589.95000000004,32,21477.45000000005,-104887.5
2020-04-06,76189.95000000004,32,21477.45000000005,-95287.5
2020-04-07,79389.95000000004,32,21477.45000000005,-92087.5
2020-04-08,93229.95000000004,32,21477.45000000005,-78247.5
2020-04-09,101869.95000000004,32,21477.45000000005,-69607.5
2020-04-12,94229.95000000004,32,21477.45000000005,-77247.5
2020-04-13,103229.95000000004,32,21477.45000000005,-68247.5
2020-04-14,108349.95000000004,32,21477.45000000005,-63127.5
2020-04-15,97509.95000000004,32,21477.45000000005,-73967.5
2020-04-16,115669.95000000004,32,21477.45000000005,-55807.5
2020-04-17,114989.95000000004,32,21477.45000000005,-56487.5
2020-04-19,115349.95000000004,32,21477.45000000005,-56127.5
2020-04-20,102069.95000000004,32,21477.45000000005,-69407.5
2020-04-21,94189.95000000004,32,21477.45000000005,-77287.5
2020-04-22,100149.95000000004,32,21477.45000000005,-71327.5
2020-04-23,98469.95000000004,32,21477.45000000005,-73007.5
2020-04-24,108429.95000000004,32,21477.45000000005,-63047.5
2020-04-26,110829.95000000004,32,21477.45000000005,-60647.5
2020-04-27,112989.95000000004,32,21477.45000000005,-58487.5
2020-04-28,119749.95000000004,32,21477.45000000005,-51727.5
2020-04-29,129109.95000000004,32,21477.45000000005,-42367.5
2020-04-30,113549.95000000004,32,21477.45000000005,-57927.5
2020-05-01,106669.95000000004,32,21477.45000000005,-64807.5
2020-05-03,104869.95000000004,32,21477.45000000005,-66607.5
2020-05-04,110629.95000000004,32,21477.45000000005,-60847.5
2020-05-05,113749.95000000004,32,21477.45000000005,-57727.5
2020-05-06,112029.95000000004,32,21477.45000000005,-59447.5
2020-05-07,122109.95000000004,32,21477.45000000005,-49367.5
2020-05-08,124829.95000000004,32,21477.45000000005,-46647.5
2020-05-10,126669.95000000004,32,21477.45000000005,-44807.5
2020-05-11,120389.95000000004,32,21477.45000000005,-51087.5
2020-05-12,112509.95000000004,32,21477.45000000005,-58967.5
2020-05-13,105909.95000000004,32,21477.45000000005,-65567.5
2020-05-14,111589.95000000004,32,21477.45000000005,-59887.5
2020-05-15,112669.95000000004,32,21477.45000000005,-58807.5
2020-05-17,116589.95000000004,32,21477.45000000005,-54887.5
2020-05-18,126309.95000000004,32,21477.45000000005,-45167.5
2020-05-19,125669.95000000004,32,21477.45000000005,-45807.5
2020-05-20,128069.95000000004,32,21477.45000000005,-43407.5
2020-05-21,123029.95000000004,32,21477.45000000005,-48447.5
2020-05-22,128949.95000000004,32,21477.45000000005,-42527.5
2020-05-24,129869.95000000004,32,21477.45000000005,-41607.5
2020-05-25,135949.95000000004,32,21477.45000000005,-35527.5
2020-05-26,138269.95000000004,32,21477.45000000005,-33207.5
2020-05-27,141229.95000000004,32,21477.45000000005,-30247.5
2020-05-28,140229.95000000004,32,21477.45000000005,-31247.5
2020-05-29,145109.95000000004,32,21477.45000000005,-26367.5
2020-05-31,141749.95000000004,32,21477.45000000005,-29727.5
2020-06-01,142469.95000000004,32,21477.45000000005,-29007.5
2020-06-02,149509.95000000004,32,21477.45000000005,-21967.5
2020-06-03,153788.72000000006,32,21574.970000000056,-17786.25
2020-06-04,155818.72000000006,28,21574.970000000056,-15756.25
2020-06-05,163952.54000000007,28,22696.29000000007,-8743.75
2020-06-07,164547.54000000007,14,22696.29000000007,-8148.75
2020-06-08,166542.56000000008,14,22793.810000000074,-6251.25
2020-06-09,166505.06000000008,10,22793.810000000074,-6288.75
2020-06-10,163142.56000000008,10,22793.810000000074,-9651.25
2020-06-11,157642.56000000008,10,22793.810000000074,-15151.25
2020-06-12,157205.06000000008,10,22793.810000000074,-15588.75
2020-06-14,155305.06000000008,10,22793.810000000074,-17488.75
2020-06-15,161292.66000000006,10,22768.910000000073,-11476.25
2020-06-16,161380.16000000006,10,22768.910000000073,-11388.75
2020-06-17,160280.16000000006,10,22768.910000000073,-12488.75
2020-06-18,161217.66000000006,10,22768.910000000073,-11551.25
2020-06-19,158830.16000000006,10,22768.910000000073,-13938.75
2020-06-21,159905.16000000006,10,22768.910000000073,-12863.75
2020-06-22,161505.16000000006,10,22768.910000000073,-11263.75
2020-06-23,161930.16000000006,10,22768.910000000073,-10838.75
2020-06-24,157692.66000000006,10,22768.910000000073,-15076.25
2020-06-25,159580.16000000006,10,22768.910000000073,-13188.75
2020-06-26,156092.66000000006,10,22768.910000000073,-16676.25
2020-06-28,156155.16000000006,10,22768.910000000073,-16613.75
2020-06-29,158580.16000000006,10,22768.910000000073,-14188.75
2020-06-30,160180.16000000006,10,22768.910000000073,-12588.75
2020-07-01,161242.66000000006,10,22768.910000000073,-11526.25
2020-07-02,162242.66000000006,10,22768.910000000073,-10526.25
2020-07-03,161717.66000000006,10,22768.910000000073,-11051.25
2020-07-05,164242.66000000006,10,22768.910000000073,-8526.25
2020-07-06,164230.16000000006,10,22768.910000000073,-8538.75
2020-07-07,163067.66000000006,10,22768.910000000073,-9701.25
2020-07-08,164155.16000000006,10,22768.910000000073,-8613.75
2020-07-09,162705.16000000006,10,22768.910000000073,-10063.75
2020-07-10,164917.66000000006,10,22768.910000000073,-7851.25
2020-07-12,165542.66000000006,10,22768.910000000073,-7226.25
2020-07-13,163455.16000000006,10,22768.910000000073,-9313.75
2020-07-14,166330.16000000006,10,22768.910000000073,-6438.75
2020-07-15,166155.16000000006,10,22768.910000000073,-6613.75
2020-07-16,166117.66000000006,10,22768.910000000073,-6651.25
2020-07-17,166630.16000000006,10,22768.910000000073,-6138.75
2020-07-19,166192.66000000006,10,22768.910000000073,-6576.25
2020-07-20,168442.66000000006,10,22768.910000000073,-4326.25
2020-07-21,169080.16000000006,10,22768.910000000073,-3688.75
2020-07-22,169255.16000000006,10,22768.910000000073,-3513.75
2020-07-23,166767.66000000006,10,22768.910000000073,-6001.25
2020-07-24,166117.66000000006,10,22768.910000000073,-6651.25
2020-07-26,166955.16000000006,10,22768.910000000073,-5813.75
2020-07-27,167667.66000000006,10,22768.910000000073,-5101.25
2020-07-28,166480.16000000006,10,22768.910000000073,-6288.75
2020-07-29,168355.16000000006,10,22768.910000000073,-4413.75
2020-07-30,168880.16000000006,10,22768.910000000073,-3888.75
2020-07-31,169417.66000000006,10,22768.910000000073,-3351.25
2020-08-02,169030.16000000006,10,22768.910000000073,-3738.75
2020-08-03,170255.16000000006,10,22768.910000000073,-2513.75
2020-08-04,171030.16000000006,10,22768.910000000073,-1738.75
2020-08-05,171772.67000000007,10,22817.670000000075,-1045.0
2020-08-06,172313.9400000001,8,22915.19000000008,-601.25
2020-08-07,172733.9400000001,4,22915.19000000008,-181.25
2020-08-09,172788.9400000001,4,22915.19000000008,-126.25
2020-08-10,172975.82000000007,4,22939.57000000008,36.25
2020-08-11,172517.7500000001,8,23092.75000000009,-575.0
2020-08-12,174082.8000000001,8,24091.5500000001,-8.75
2020-08-13,174177.1800000001,3,24090.930000000102,86.25
2020-08-14,174042.1800000001,3,24090.930000000102,-48.75
2020-08-16,174158.4300000001,3,24090.930000000102,67.5
2020-08-17,174289.6800000001,3,24090.930000000102,198.75
2020-08-18,174473.4300000001,3,24090.930000000102,382.5
2020-08-19,173807.22000000012,5,24460.97000000011,-653.75
2020-08-20,174829.10000000012,6,24460.35000000011,368.75
2020-08-21,174904.10000000012,6,24460.35000000011,443.75
2020-08-23,175196.60000000012,6,24460.35000000011,736.25
2020-08-24,176168.52000000014,6,25761.02000000012,407.5
2020-08-25,176147.29000000012,3,26136.040000000125,11.25
2020-08-26,176303.55000000013,1,26259.800000000127,43.75
2020-08-27,177039.83000000013,5,26381.080000000133,658.75
2020-08-28,177008.61000000013,5,27004.86000000014,3.75
2020-08-30,177091.11000000013,1,27004.86000000014,86.25
2020-08-31,177012.37000000014,3,27003.62000000014,8.75
2020-09-01,177429.89000000013,3,27377.390000000145,52.5
2020-09-02,178033.69000000015,4,27997.440000000155,36.25
2020-09-03,171724.4200000002,22,27984.420000000177,-6260.0
2020-09-04,170061.97000000018,32,27978.220000000187,-7916.25
2020-09-06,169941.97000000018,32,27978.220000000187,-8036.25
2020-09-07,172141.97000000018,32,27978.220000000187,-5836.25
2020-09-08,157981.97000000018,32,27978.220000000187,-19996.25
2020-09-09,166021.97000000018,32,27978.220000000187,-11956.25
2020-09-10,161021.97000000018,32,27978.220000000187,-16956.25
2020-09-11,157621.97000000018,32,27978.220000000187,-20356.25
2020-09-13,163462.29000000018,32,27898.540000000186,-14436.25
2020-09-14,165742.29000000018,32,27898.540000000186,-12156.25
2020-09-15,169542.29000000018,32,27898.540000000186,-8356.25
2020-09-16,160302.29000000018,32,27898.540000000186,-17596.25
2020-09-17,160182.29000000018,32,27898.540000000186,-17716.25
2020-09-18,155982.29000000018,32,27898.540000000186,-21916.25
2020-09-20,154622.29000000018,32,27898.540000000186,-23276.25
2020-09-21,148782.29000000018,32,27898.540000000186,-29116.25
2020-09-22,152982.29000000018,32,27898.540000000186,-24916.25
2020-09-23,142022.29000000018,32,27898.540000000186,-35876.25
2020-09-24,145342.29000000018,32,27898.540000000186,-32556.25
2020-09-25,150902.29000000018,32,27898.540000000186,-26996.25
2020-09-27,153262.29000000018,32,27898.540000000186,-24636.25
2020-09-28,161886.6700000002,32,27922.920000000187,-16036.25
2020-09-29,155802.9200000002,31,27922.920000000187,-22120.0
2020-09-30,163962.94000000018,31,28020.44000000019,-14057.5
2020-10-01,163309.82000000018,27,28044.820000000193,-14735.0
2020-10-02,161197.32000000018,26,28044.820000000193,-16847.5
2020-10-04,162789.82000000018,26,28044.820000000193,-15255.0
2020-10-05,167646.7000000002,26,28069.200000000194,-10422.5
2020-10-06,163657.9700000002,25,28166.720000000198,-14508.75
2020-10-07,170220.4700000002,21,28166.720000000198,-7946.25
2020-10-08,174016.1100000002,21,28247.3600000002,-4231.25
2020-10-09,175534.8800000002,18,28386.130000000205,-2851.25
2020-10-11,175587.3800000002,14,28386.130000000205,-2798.75
2020-10-12,178167.43000000023,14,28752.430000000215,-585.0
2020-10-13,178117.43000000023,4,28752.430000000215,-635.0
2020-10-14,177102.43000000023,4,28752.430000000215,-1650.0
2020-10-15,177302.43000000023,4,28752.430000000215,-1450.0
2020-10-16,177077.43000000023,4,28752.430000000215,-1675.0
2020-10-18,177477.43000000023,4,28752.430000000215,-1275.0
2020-10-19,176532.43000000023,4,28752.430000000215,-2220.0
2020-10-20,176872.43000000023,4,28752.430000000215,-1880.0
2020-10-21,175907.43000000023,4,28752.430000000215,-2845.0
2020-10-22,176832.43000000023,4,28752.430000000215,-1920.0
2020-10-23,176837.43000000023,4,28752.430000000215,-1915.0
2020-10-25,176442.43000000023,4,28752.430000000215,-2310.0
2020-10-26,175717.43000000023,4,28752.430000000215,-3035.0
2020-10-27,175062.43000000023,4,28752.430000000215,-3690.0
2020-10-28,173722.43000000023,4,28752.430000000215,-5030.0
2020-10-29,173262.43000000023,4,28752.430000000215,-5490.0
2020-10-30,173347.43000000023,4,28752.430000000215,-5405.0
2020-11-01,173162.43000000023,4,28752.430000000215,-5590.0
2020-11-02,174017.43000000023,4,28752.430000000215,-4735.0
2020-11-03,175612.43000000023,4,28752.430000000215,-3140.0
2020-11-04,177072.43000000023,4,28752.430000000215,-1680.0
2020-11-05,177352.43000000023,4,28752.430000000215,-1400.0
2020-11-06,177982.43000000023,4,28752.430000000215,-770.0
2020-11-08,179012.43000000023,4,28752.430000000215,260.0
2020-11-09,174886.27000000022,14,30576.270000000233,-5690.0
2020-11-10,177674.42000000025,19,30573.17000000024,-2898.75
2020-11-11,177199.42000000025,19,30573.17000000024,-3373.75
2020-11-12,176558.17000000025,19,30573.17000000024,-4015.0
2020-11-13,181118.17000000025,19,30573.17000000024,545.0
2020-11-15,183825.67000000025,19,30573.17000000024,3252.5
2020-11-16,183882.03000000023,19,33835.78000000024,46.25
2020-11-17,183839.54000000024,5,33834.540000000234,5.0
2020-11-18,182684.56000000023,9,33832.06000000022,-1147.5
2020-11-19,182943.3200000002,11,33830.82000000022,-887.5
2020-11-20,182187.0700000002,11,33830.82000000022,-1643.75
2020-11-22,182860.8200000002,11,33830.82000000022,-970.0
2020-11-23,185102.0700000002,11,33830.82000000022,1271.25
2020-11-24,185435.2700000002,11,35327.77000000018,107.5
2020-11-25,185441.53000000017,4,35326.53000000017,115.0
2020-11-26,185316.53000000017,4,35326.53000000017,-10.0
2020-11-27,185571.53000000017,4,35326.53000000017,245.0
2020-11-29,185221.53000000017,4,35326.53000000017,-105.0
2020-11-30,186610.92000000016,7,35324.670000000166,1286.25
2020-12-01,186696.59000000014,7,36710.34000000014,-13.75
2020-12-02,186863.47000000015,3,36709.72000000014,153.75
2020-12-03,187129.13000000012,4,37080.38000000012,48.75
2020-12-04,187554.78000000012,4,37581.03000000011,-26.25
2020-12-06,187551.03000000012,1,37581.03000000011,-30.0
2020-12-07,187451.0400000001,3,37579.7900000001,-128.75
2020-12-08,188070.4200000001,4,37579.1700000001,491.25
2020-12-09,187387.9300000001,6,37577.930000000095,-190.0
2020-12-10,187236.6900000001,8,37576.69000000009,-340.0
2020-12-11,187289.20000000007,10,37575.450000000084,-286.25
2020-12-13,188264.30000000008,10,37550.55000000008,713.75
2020-12-14,187842.52000000002,10,38790.02000000003,-947.5
2020-12-15,189925.7,9,39916.950000000004,8.75
2020-12-16,190098.2,2,39916.950000000004,181.25
2020-12-17,190126.34999999998,3,40180.09999999999,-53.75
2020-12-18,191000.74999999997,8,40176.99999999998,823.75
2020-12-20,190400.74999999997,8,40176.99999999998,223.75
2020-12-21,190140.14999999997,13,40173.899999999965,-33.75
2020-12-22,189945.14999999997,13,40173.899999999965,-228.75
2020-12-23,191786.48999999993,13,41802.73999999992,-16.25
2020-12-24,191911.48999999993,5,41802.73999999992,108.75
2020-12-27,192517.73999999993,5,41802.73999999992,715.0
2020-12-28,192756.5199999999,5,42651.5199999999,105.0
2020-12-29,192796.54999999987,5,42772.79999999989,23.75
2020-12-30,192565.29999999987,5,42772.79999999989,-207.5
2020-12-31,193190.29999999987,5,42772.79999999989,417.5
2021-01-03,193177.79999999987,5,42772.79999999989,405.0
2021-01-04,191855.40999999983,17,43414.15999999983,-1558.75
2021-01-05,191982.90999999983,17,43414.15999999983,-1431.25
2021-01-06,195953.65999999977,17,45662.40999999976,291.25
2021-01-07,196778.08999999973,6,46536.839999999735,241.25
2021-01-08,197198.1299999997,5,47159.37999999971,38.75
2021-01-10,197054.3799999997,1,47159.37999999971,-105.0
2021-01-11,197083.75999999972,2,47158.75999999971,-75.0
2021-01-12,197476.2699999997,4,47157.519999999706,318.75
2021-01-13,197726.2999999997,4,47657.54999999969,68.75
2021-01-14,197216.30999999968,4,47656.309999999685,-440.0
2021-01-15,196286.95999999967,9,47653.20999999967,-1366.25
2021-01-17,196646.95999999967,9,47653.20999999967,-1006.25
2021-01-18,198233.20999999967,9,47653.20999999967,580.0
2021-01-19,198424.45999999967,9,47653.20999999967,771.25
2021-01-20,199608.26999999964,9,49509.51999999964,98.75
2021-01-21,199505.76999999964,1,49509.51999999964,-3.75
2021-01-22,199490.14999999964,2,49508.89999999964,-18.75
2021-01-24,199680.14999999964,2,49508.89999999964,171.25
2021-01-25,200209.5999999996,7,50374.5999999996,-165.0
2021-01-26,200416.50999999957,4,50745.25999999958,-328.75
2021-01-27,196714.07999999955,18,50736.57999999954,-4022.5
2021-01-28,200690.46999999948,18,53099.21999999947,-2408.75
2021-01-29,197556.14999999944,19,53092.39999999944,-5536.25
2021-01-31,200073.64999999944,19,53092.39999999944,-3018.75
2021-02-01,206153.64999999944,19,53092.39999999944,3061.25
2021-02-02,207466.88999999937,19,57380.63999999938,86.25
2021-02-03,207317.51999999938,3,57380.01999999938,-62.5
2021-02-04,207890.04999999935,3,57877.54999999936,12.5
2021-02-05,207962.54999999935,1,57877.54999999936,85.0
2021-02-07,208025.04999999935,1,57877.54999999936,147.5
2021-02-08,208146.93999999936,2,58015.689999999355,131.25
2021-02-09,208266.93999999936,2,58015.689999999355,251.25
2021-02-10,208361.98999999932,8,58305.73999999933,56.25
2021-02-11,208211.98999999932,8,58305.73999999933,-93.75
2021-02-12,209327.6599999993,8,59306.409999999305,21.25
2021-02-14,209381.4099999993,1,59306.409999999305,75.0
2021-02-15,209440.1599999993,1,59306.409999999305,133.75
2021-02-16,209306.41999999929,3,59305.1699999993,1.25
2021-02-17,209367.6799999993,5,59303.929999999295,63.75
2021-02-18,208974.56999999928,8,59302.06999999929,-327.5
2021-02-19,209044.56999999928,8,59302.06999999929,-257.5
2021-02-21,208924.56999999928,8,59302.06999999929,-377.5
2021-02-22,208940.19999999928,9,59301.449999999284,-361.25
2021-02-23,209549.60999999926,16,59297.109999999266,252.5
2021-02-24,211555.9599999992,16,61422.20999999921,133.75
2021-02-25,206262.29999999917,20,61411.049999999166,-5148.75
2021-02-26,205595.43999999916,23,61409.18999999916,-5813.75
2021-02-28,209045.43999999916,23,61409.18999999916,-2363.75
2021-03-01,214169.32999999908,23,64414.329999999085,-245.0
2021-03-02,214217.47999999908,8,64411.22999999907,-193.75
2021-03-03,208623.14999999903,17,64405.64999999905,-5782.5
2021-03-04,204455.089999999,30,64397.589999999014,-9942.5
2021-03-05,218136.49999999898,30,68160.24999999898,-23.75
2021-03-07,218013.99999999898,2,68160.24999999898,-146.25
2021-03-08,218871.56999999905,10,68526.56999999905,345.0
2021-03-09,219546.02999999913,10,69898.52999999913,-352.5
2021-03-10,220855.44999999917,5,70521.69999999917,333.75
2021-03-11,221212.9999999992,4,71154.24999999921,58.75
2021-03-12,221350.50999999922,6,71153.00999999922,197.5
2021-03-14,221500.56999999922,6,71138.06999999922,362.5
2021-03-15,221919.97999999925,6,71886.22999999925,33.75
2021-03-16,221891.85999999926,2,71885.60999999926,6.25
2021-03-17,222395.6499999993,4,72381.8999999993,13.75
2021-03-18,221306.30999999933,9,72377.55999999933,-1071.25
2021-03-19,220927.57999999935,13,72375.07999999935,-1447.5
2021-03-21,220976.32999999935,13,72375.07999999935,-1398.75
2021-03-22,223790.15999999942,13,74005.15999999942,-215.0
2021-03-23,223255.18999999945,9,74001.43999999945,-746.25
2021-03-24,222765.82999999946,12,73999.57999999946,-1233.75
2021-03-25,225387.09999999948,16,73997.09999999948,1390.0
2021-03-26,226614.1099999996,16,76619.10999999961,-5.0
2021-03-28,226534.1099999996,1,76619.10999999961,-85.0
2021-03-29,227035.37999999963,5,76616.62999999963,418.75
2021-03-30,226660.37999999963,5,76616.62999999963,43.75
2021-03-31,227212.28999999966,5,77237.28999999966,-25.0
2021-04-01,227589.17999999967,2,77485.42999999967,103.75
2021-04-02,227642.92999999967,1,77485.42999999967,157.5
2021-04-04,227646.67999999967,1,77485.42999999967,161.25
2021-04-05,227787.9499999997,1,77819.19999999969,-31.25
2021-04-06,227839.8299999997,2,77818.5799999997,21.25
2021-04-07,228062.3299999997,2,77818.5799999997,243.75
2021-04-08,228100.4699999997,2,78067.96999999971,32.5
2021-04-09,228187.97999999972,1,78191.72999999972,-3.75
2021-04-11,228159.22999999972,1,78191.72999999972,-32.5
2021-04-12,228279.85999999972,2,78191.10999999972,88.75
2021-04-13,228414.87999999974,2,78439.87999999974,-25.0
2021-04-14,228355.51999999976,5,78438.01999999976,-82.5
2021-04-15,229085.54999999978,5,79064.29999999978,21.25
2021-04-16,229216.8199999998,3,79189.3199999998,27.5
2021-04-18,229183.0699999998,3,79189.3199999998,-6.25
2021-04-19,229281.20999999982,6,79187.45999999982,93.75
2021-04-20,227722.48999999985,12,79183.73999999985,-1461.25
2021-04-21,230107.48999999985,12,79183.73999999985,923.75
2021-04-22,230486.33999999994,12,80680.08999999994,-193.75
2021-04-23,231678.25999999998,8,81680.75999999998,-2.5
2021-04-25,231720.75999999998,1,81680.75999999998,40.0
2021-04-26,231760.75999999998,1,81680.75999999998,80.0
2021-04-27,231765.75999999998,1,81680.75999999998,85.0
2021-04-28,232092.66,4,81802.66,290.0
2021-04-29,232410.22000000006,8,82295.22000000006,115.0
2021-04-30,231940.22000000006,8,82295.22000000006,-355.0
2021-05-02,232250.22000000006,8,82295.22000000006,-45.0
2021-05-03,231710.22000000006,8,82295.22000000006,-585.0
2021-05-04,232665.2600000001,16,82290.2600000001,375.0
2021-05-05,231585.2600000001,16,82290.2600000001,-705.0
2021-05-06,234350.97000000018,16,84294.72000000018,56.25
2021-05-07,234494.73000000019,1,84418.48000000019,76.25
2021-05-09,234527.23000000019,1,84418.48000000019,108.75
2021-05-10,233252.2600000002,7,84414.76000000021,-1162.5
2021-05-11,231602.28000000023,11,84412.28000000023,-2810.0
2021-05-12,228576.71000000028,22,84405.46000000028,-5828.75
2021-05-13,234434.21000000028,22,84405.46000000028,28.75
2021-05-14,237398.7200000004,22,87389.97000000041,8.75
2021-05-16,237319.9700000004,1,87389.97000000041,-70.0
2021-05-17,237776.24000000043,5,87387.49000000043,388.75
2021-05-18,236008.13000000044,8,87385.63000000044,-1377.5
2021-05-19,236626.27000000046,11,87383.77000000046,-757.5
2021-05-20,238878.21000000052,11,88763.21000000052,115.0
2021-05-21,238866.37000000055,5,89008.87000000055,-142.5
2021-05-23,239003.87000000055,5,89008.87000000055,-5.0
2021-05-24,239697.65000000058,5,89631.40000000058,66.25
2021-05-25,239747.03000000058,2,89630.78000000058,116.25
2021-05-26,239657.03000000058,2,89630.78000000058,26.25
2021-05-27,239909.53000000058,2,89630.78000000058,278.75
2021-05-28,239833.3000000006,2,89889.5500000006,-56.25
2021-05-30,239868.3000000006,2,89889.5500000006,-21.25
2021-05-31,239815.8000000006,2,89889.5500000006,-73.75
2021-06-01,239798.3100000006,4,89888.31000000061,-90.0
2021-06-02,239998.3100000006,4,89888.31000000061,110.0
2021-06-03,239917.70000000062,7,89886.45000000062,31.25
2021-06-04,240889.62000000066,7,90760.87000000066,128.75
2021-06-06,240842.12000000066,2,90760.87000000066,81.25
2021-06-07,240884.62000000066,2,90760.87000000066,123.75
2021-06-08,240877.12000000066,2,90760.87000000066,116.25
2021-06-09,240857.12000000066,2,90760.87000000066,96.25
2021-06-10,241199.6500000007,4,91008.40000000069,191.25
2021-06-11,241289.6500000007,4,91008.40000000069,281.25
2021-06-13,241374.6900000007,4,90998.44000000069,376.25
2021-06-14,241522.84000000072,4,91496.59000000071,26.25
2021-06-15,241437.23000000074,4,91494.73000000072,-57.5
2021-06-16,240438.50000000076,8,91492.25000000074,-1053.75
2021-06-17,241305.38000000076,9,91491.63000000075,-186.25
2021-06-18,237402.28000000078,14,91488.53000000077,-4086.25
2021-06-20,236702.28000000078,14,91488.53000000077,-4786.25
2021-06-21,242914.78000000078,14,91488.53000000077,1426.25
2021-06-22,243325.48000000085,14,93237.98000000084,87.5
2021-06-23,243325.48000000085,1,93237.98000000084,87.5
2021-06-24,243427.99000000086,1,93380.49000000085,47.5
2021-06-25,243482.99000000086,1,93380.49000000085,102.5
2021-06-27,243476.74000000086,1,93380.49000000085,96.25
2021-06-28,243475.50000000087,1,93504.25000000086,-28.75
2021-06-29,243546.75000000087,1,93504.25000000086,42.5
2021-06-30,243589.25000000087,1,93504.25000000086,85.0
2021-07-01,243666.76000000088,1,93628.01000000087,38.75
2021-07-02,243795.5200000009,1,93751.77000000088,43.75
2021-07-04,243785.5200000009,1,93751.77000000088,33.75
2021-07-05,243813.0200000009,1,93751.77000000088,61.25
2021-07-06,244076.7900000009,5,93749.2900000009,327.5
2021-07-07,244560.59000000096,5,94370.59000000094,190.0
2021-07-08,243791.23000000097,8,94368.73000000096,-577.5
2021-07-09,245460.650000001,8,95365.650000001,95.0
2021-07-11,245410.650000001,1,95365.650000001,45.0
2021-07-12,245525.66000000102,1,95489.41000000101,36.25
2021-07-13,245422.54000000103,2,95488.79000000101,-66.25
2021-07-14,245530.67000000103,3,95488.17000000102,42.5
2021-07-15,245511.94000000105,7,95485.69000000104,26.25
2021-07-16,244323.83000000106,10,95483.83000000105,-1160.0
2021-07-18,243623.83000000106,10,95483.83000000105,-1860.0
2021-07-19,241936.3700000011,18,95478.87000000109,-3542.5
2021-07-20,247657.7200000012,18,97728.97000000118,-71.25
2021-07-21,248014.6100000012,2,97978.3600000012,36.25
2021-07-22,248098.3600000012,1,97978.3600000012,120.0
2021-07-23,248380.89000000124,2,98390.89000000122,-10.0
2021-07-25,248333.39000000124,1,98390.89000000122,-57.5
2021-07-26,248423.39000000124,1,98390.89000000122,32.5
2021-07-27,248525.92000000126,7,98387.17000000125,138.75
2021-07-28,248429.67000000126,7,98387.17000000125,42.5
2021-07-29,249115.9600000013,7,99264.71000000129,-148.75
2021-07-30,249246.5900000013,2,99264.09000000129,-17.5
2021-08-01,249409.0900000013,2,99264.09000000129,145.0
2021-08-02,249194.7200000013,3,99263.4700000013,-68.75
2021-08-03,249893.51000000135,5,99888.51000000133,5.0
2021-08-04,249898.52000000136,3,99887.27000000134,11.25
2021-08-05,250161.02000000136,3,99887.27000000134,273.75
2021-08-06,250282.92000000138,3,100259.17000000137,23.75
2021-08-08,250185.42000000138,2,100259.17000000137,-73.75
2021-08-09,250164.80000000139,3,100258.55000000137,-93.75
2021-08-10,250277.30000000139,3,100258.55000000137,18.75
2021-08-11,250513.55000000139,3,100258.55000000137,255.0
2021-08-12,250649.8200000014,3,100631.07000000139,18.75
2021-08-13,250679.8200000014,1,100631.07000000139,48.75
2021-08-15,250637.3200000014,1,100631.07000000139,6.25
2021-08-16,251104.86000000144,4,101127.36000000143,-22.5
2021-08-17,251517.39000000147,7,101123.64000000145,393.75
2021-08-18,249309.2900000015,12,101120.54000000148,-1811.25
2021-08-19,249683.6700000015,13,101119.92000000148,-1436.25
2021-08-20,252397.4200000015,13,101119.92000000148,1277.5
2021-08-22,253388.6700000015,13,101119.92000000148,2268.75
2021-08-23,253650.63000000158,13,103633.13000000156,17.5
2021-08-24,253608.13000000158,2,103633.13000000156,-25.0
2021-08-25,253683.13000000158,2,103633.13000000156,50.0
2021-08-26,253629.3900000016,4,103631.89000000157,-2.5
2021-08-27,254218.1700000016,4,104130.6700000016,87.5
2021-08-29,254233.1700000016,2,104130.6700000016,102.5
2021-08-30,254410.06000000163,2,104378.81000000161,31.25
2021-08-31,254563.82000000164,3,104377.57000000162,186.25
2021-09-01,254365.07000000164,3,104377.57000000162,-12.5
2021-09-02,254728.82000000164,3,104377.57000000162,351.25
2021-09-03,254586.32000000164,3,104377.57000000162,208.75
2021-09-05,254578.82000000164,3,104377.57000000162,201.25
2021-09-06,254665.07000000164,3,104377.57000000162,287.5
2021-09-07,254357.57000000164,3,104377.57000000162,-20.0
2021-09-08,254034.46000000165,6,104375.71000000164,-341.25
2021-09-09,254095.09000000166,7,104375.09000000164,-280.0
2021-09-10,252368.87000000168,13,104371.37000000167,-2002.5
2021-09-12,252596.5000000017,13,104339.00000000167,-1742.5
2021-09-13,253702.7600000017,15,104337.76000000168,-635.0
2021-09-14,251651.5200000017,17,104336.52000000169,-2685.0
2021-09-15,254010.2700000017,17,104336.52000000169,-326.25
2021-09-16,253670.2700000017,17,104336.52000000169,-666.25
2021-09-17,249212.78000000172,17,104385.2800000017,-5172.5
2021-09-19,247712.78000000172,15,104385.2800000017,-6672.5
2021-09-20,246550.28000000172,15,104385.2800000017,-7835.0
2021-09-21,244506.53000000172,15,104385.2800000017,-9878.75
2021-09-22,248144.03000000172,15,104385.2800000017,-6241.25
2021-09-23,251667.79000000173,15,104434.04000000171,-2766.25
2021-09-24,252041.54000000173,13,104434.04000000171,-2392.5
2021-09-26,253049.04000000173,13,104434.04000000171,-1385.0
2021-09-27,251082.79000000173,13,104434.04000000171,-3351.25
2021-09-28,246809.04000000173,13,104434.04000000171,-7625.0
2021-09-29,247280.29000000173,13,104434.04000000171,-7153.75
2021-09-30,240682.79000000173,13,104434.04000000171,-13751.25
2021-10-01,245850.29000000173,13,104434.04000000171,-8583.75
2021-10-03,244501.54000000173,13,104434.04000000171,-9932.5
2021-10-04,242421.54000000173,13,104434.04000000171,-12012.5
2021-10-05,243672.79000000173,13,104434.04000000171,-10761.25
2021-10-06,247475.29000000173,13,104434.04000000171,-6958.75
2021-10-07,248515.29000000173,13,104434.04000000171,-5918.75
2021-10-08,247784.04000000173,13,104434.04000000171,-6650.0
2021-10-10,247247.79000000173,13,104434.04000000171,-7186.25
2021-10-11,244404.04000000173,13,104434.04000000171,-10030.0
2021-10-12,244810.29000000173,13,104434.04000000171,-9623.75
2021-10-13,247069.04000000173,13,104434.04000000171,-7365.0
2021-10-14,251862.79000000173,13,104434.04000000171,-2571.25
2021-10-15,253224.68000000174,13,104507.18000000172,-1282.5
2021-10-17,252962.18000000174,10,104507.18000000172,-1545.0
2021-10-18,253802.19000000175,10,104555.94000000173,-753.75
2021-10-19,254764.72000000178,8,104779.72000000176,-15.0
2021-10-20,254844.7400000018,2,104827.24000000178,17.5
2021-10-21,255014.7400000018,2,104827.24000000178,187.5
2021-10-22,254972.28000000183,6,105072.28000000182,-100.0
2021-10-24,255257.28000000183,6,105072.28000000182,185.0
2021-10-25,255877.94000000186,6,105822.94000000185,55.0
2021-10-26,255771.7200000019,5,105944.22000000188,-172.5
2021-10-27,255464.8600000019,8,105942.36000000189,-477.5
2021-10-28,256812.41000000195,8,106938.66000000194,-126.25
2021-10-29,257284.29000000196,3,106938.04000000194,346.25
2021-10-31,257344.29000000196,3,106938.04000000194,406.25
2021-11-01,257347.450000002,4,107358.70000000198,-11.25
2021-11-02,257849.350000002,4,107859.350000002,-10.0
2021-11-03,258141.87000000203,2,108108.12000000202,33.75
2021-11-04,258371.89000000205,3,108230.64000000204,141.25
2021-11-05,258700.05000000208,4,108735.05000000207,-35.0
2021-11-07,258580.05000000208,4,108735.05000000207,-155.0
2021-11-08,258620.05000000208,4,108735.05000000207,-115.0
2021-11-09,258131.3100000021,6,108733.81000000208,-602.5
2021-11-10,257536.97000000213,13,108729.47000000211,-1192.5
2021-11-11,257959.47000000213,13,108729.47000000211,-770.0
2021-11-12,260023.22000000213,13,108729.47000000211,1293.75
2021-11-14,259974.47000000213,13,108729.47000000211,1245.0
2021-11-15,260623.3000000022,13,110663.30000000219,-40.0
2021-11-16,260937.08000000223,3,111035.83000000221,-98.75
2021-11-17,260968.97000000224,6,111033.97000000223,-65.0
2021-11-18,262050.85000000225,7,111033.35000000223,1017.5
2021-11-19,261280.85000000225,7,111033.35000000223,247.5
2021-11-21,261604.60000000225,7,111033.35000000223,571.25
2021-11-22,261393.4200000023,7,111902.1700000023,-508.75
2021-11-23,261650.32000000234,12,111899.07000000232,-248.75
2021-11-24,263720.32000000234,12,111899.07000000232,1821.25
2021-11-25,260195.32000000234,12,111899.07000000232,-1703.75
2021-11-26,254477.24000000238,21,111893.49000000236,-7416.25
2021-11-28,259963.49000000238,21,111893.49000000236,-1930.0
2021-11-29,262667.2400000024,21,111893.49000000236,773.75
2021-11-30,258134.7600000024,25,111891.01000000238,-3756.25
2021-12-01,249029.17000000243,32,111886.67000000241,-12857.5
2021-12-02,255629.17000000243,32,111886.67000000241,-6257.5
2021-12-03,248989.17000000243,32,111886.67000000241,-12897.5
2021-12-05,253309.17000000243,32,111886.67000000241,-8577.5
2021-12-06,260629.17000000243,32,111886.67000000241,-1257.5
2021-12-07,267689.3500000026,32,117371.85000000258,317.5
2021-12-08,267775.6300000026,4,117618.13000000261,157.5
2021-12-09,267364.39000000263,6,117616.89000000262,-252.5
2021-12-10,269245.12000000273,7,119238.87000000272,6.25
2021-12-12,269321.3800000027,1,119236.38000000271,85.0
2021-12-13,268573.3000000027,10,119230.80000000275,-657.5
2021-12-14,267537.08000000275,16,119227.08000000278,-1690.0
2021-12-15,271517.17000000284,16,121225.92000000286,291.25
2021-12-16,269547.2500000029,14,121604.75000000294,-2057.5
2021-12-17,267407.28000000294,20,121601.03000000297,-4193.75
2021-12-19,262357.28000000294,20,121601.03000000297,-9243.75
2021-12-20,265682.31000000297,26,121597.310000003,-5915.0
2021-12-21,271759.81000000297,26,121597.310000003,162.5
2021-12-22,274980.5800000031,26,124954.33000000313,26.25
2021-12-23,275113.0900000031,1,125078.09000000314,35.0
2021-12-26,275130.5900000031,1,125078.09000000314,52.5
2021-12-27,275411.86000000313,1,125325.61000000316,86.25
2021-12-28,275498.13000000315,3,125456.88000000318,41.25
2021-12-29,275501.88000000315,3,125456.88000000318,45.0
2021-12-30,275209.38000000315,3,125456.88000000318,-247.5
2021-12-31,275150.64000000316,5,125455.64000000319,-305.0
2022-01-02,275550.64000000316,5,125455.64000000319,95.0
2022-01-03,276191.27000000316,6,125455.02000000319,736.25
2022-01-04,275914.4600000032,7,126370.71000000325,-456.25
2022-01-05,268532.6500000033,20,126362.65000000331,-7830.0
2022-01-06,271867.6700000033,24,126360.17000000333,-4492.5
2022-01-07,268311.4300000033,26,126358.93000000334,-8047.5
2022-01-09,269188.9300000033,26,126358.93000000334,-7170.0
2022-01-10,268810.21000000334,32,126355.21000000337,-7545.0
2022-01-11,276290.21000000334,32,126355.21000000337,-65.0
2022-01-12,280234.7700000035,32,130347.27000000354,-112.5
2022-01-13,278216.06000000355,13,130342.31000000358,-2126.25
2022-01-14,279616.70000000356,16,130340.45000000359,-723.75
2022-01-16,278016.70000000356,16,130340.45000000359,-2323.75
2022-01-17,277196.70000000356,16,130340.45000000359,-3143.75
2022-01-18,268842.3600000036,23,130336.11000000362,-11493.75
2022-01-19,268790.5200000036,30,130331.77000000366,-11541.25
2022-01-20,252843.03000000364,32,130330.53000000367,-27487.5
2022-01-21,243083.03000000364,32,130330.53000000367,-37247.5
2022-01-23,249403.03000000364,32,130330.53000000367,-30927.5
2022-01-24,237083.03000000364,32,130330.53000000367,-43247.5
2022-01-25,239683.03000000364,32,130330.53000000367,-40647.5
2022-01-26,227123.03000000364,32,130330.53000000367,-53207.5
2022-01-27,235243.03000000364,32,130330.53000000367,-45087.5
2022-01-28,249163.03000000364,32,130330.53000000367,-31167.5
2022-01-30,251203.03000000364,32,130330.53000000367,-29127.5
2022-01-31,260683.03000000364,32,130330.53000000367,-19647.5
2022-02-01,270427.43000000366,32,130452.43000000369,-10025.0
2022-02-02,268606.8400000037,27,130733.09000000372,-12126.25
2022-02-03,267081.8400000037,20,130733.09000000372,-13651.25
2022-02-04,263606.8400000037,20,130733.09000000372,-17126.25
2022-02-06,264431.8400000037,20,130733.09000000372,-16301.25
2022-02-07,262931.8400000037,20,130733.09000000372,-17801.25
2022-02-08,268506.8400000037,20,130733.09000000372,-12226.25
2022-02-09,271981.8400000037,20,130733.09000000372,-8751.25
2022-02-10,261606.8400000037,20,130733.09000000372,-19126.25
2022-02-11,256856.8400000037,20,130733.09000000372,-23876.25
2022-02-13,257231.8400000037,20,130733.09000000372,-23501.25
2022-02-14,254781.8400000037,20,130733.09000000372,-25951.25
2022-02-15,260506.8400000037,20,130733.09000000372,-20226.25
2022-02-16,259456.8400000037,20,130733.09000000372,-21276.25
2022-02-17,255481.8400000037,20,130733.09000000372,-25251.25
2022-02-18,249481.8400000037,20,130733.09000000372,-31251.25
2022-02-20,251731.8400000037,20,130733.09000000372,-29001.25
2022-02-21,242656.8400000037,20,130733.09000000372,-38076.25
2022-02-22,247556.8400000037,20,130733.09000000372,-33176.25
2022-02-23,229206.8400000037,20,130733.09000000372,-51526.25
2022-02-24,241356.8400000037,20,130733.09000000372,-39376.25
2022-02-25,253106.8400000037,20,130733.09000000372,-27626.25
2022-02-27,242681.8400000037,20,130733.09000000372,-38051.25
2022-02-28,252006.8400000037,20,130733.09000000372,-28726.25
2022-03-01,246981.8400000037,20,130733.09000000372,-33751.25
2022-03-02,253281.8400000037,20,130733.09000000372,-27451.25
2022-03-03,247631.8400000037,20,130733.09000000372,-33101.25
2022-03-04,247081.8400000037,20,130733.09000000372,-33651.25
2022-03-06,242631.8400000037,20,130733.09000000372,-38101.25
2022-03-07,234181.8400000037,20,130733.09000000372,-46551.25
2022-03-08,234356.8400000037,20,130733.09000000372,-46376.25
2022-03-09,241831.8400000037,20,130733.09000000372,-38901.25
2022-03-10,238956.8400000037,20,130733.09000000372,-41776.25
2022-03-11,235631.8400000037,20,130733.09000000372,-45101.25
2022-03-13,236932.0400000037,20,130683.29000000372,-43751.25
2022-03-14,233382.0400000037,20,130683.29000000372,-47301.25
2022-03-15,240682.0400000037,20,130683.29000000372,-40001.25
2022-03-16,250032.0400000037,20,130683.29000000372,-30651.25
2022-03-17,253082.0400000037,20,130683.29000000372,-27601.25
2022-03-18,262407.0400000037,20,130683.29000000372,-18276.25
2022-03-20,260207.0400000037,20,130683.29000000372,-20476.25
2022-03-21,260257.0400000037,20,130683.29000000372,-20426.25
2022-03-22,266957.0400000037,20,130683.29000000372,-13726.25
2022-03-23,261882.0400000037,20,130683.29000000372,-18801.25
2022-03-24,267107.0400000037,20,130683.29000000372,-13576.25
2022-03-25,269507.0400000037,20,130683.29000000372,-11176.25
2022-03-27,268057.0400000037,20,130683.29000000372,-12626.25
2022-03-28,272882.0400000037,20,130683.29000000372,-7801.25
2022-03-29,277563.95000000374,20,131396.45000000374,-3832.5
2022-03-30,276751.45000000374,13,131396.45000000374,-4645.0
2022-03-31,272867.70000000374,13,131396.45000000374,-8528.75
2022-04-01,272363.95000000374,13,131396.45000000374,-9032.5
2022-04-03,272445.20000000374,13,131396.45000000374,-8951.25
2022-04-04,274573.95000000374,13,131396.45000000374,-6822.5
2022-04-05,270787.70000000374,13,131396.45000000374,-10608.75
2022-04-06,267066.45000000374,13,131396.45000000374,-14330.0
2022-04-07,269552.70000000374,13,131396.45000000374,-11843.75
2022-04-08,268788.95000000374,13,131396.45000000374,-12607.5
2022-04-10,266968.95000000374,13,131396.45000000374,-14427.5
2022-04-11,262516.45000000374,13,131396.45000000374,-18880.0
2022-04-12,264352.70000000374,13,131396.45000000374,-17043.75
2022-04-13,266335.20000000374,13,131396.45000000374,-15061.25
2022-04-14,262646.45000000374,13,131396.45000000374,-18750.0
2022-04-17,261216.45000000374,13,131396.45000000374,-20180.0
2022-04-18,263637.70000000374,13,131396.45000000374,-17758.75
2022-04-19,266270.20000000374,13,131396.45000000374,-15126.25
2022-04-20,267976.45000000374,13,131396.45000000374,-13420.0
2022-04-21,261703.95000000374,13,131396.45000000374,-19692.5
2022-04-22,253692.70000000374,13,131396.45000000374,-27703.75
2022-04-24,253335.20000000374,13,131396.45000000374,-28061.25
2022-04-25,256958.95000000374,13,131396.45000000374,-24437.5
2022-04-26,249890.20000000374,13,131396.45000000374,-31506.25
2022-04-27,250946.45000000374,13,131396.45000000374,-30450.0
2022-04-28,254521.45000000374,13,131396.45000000374,-26875.0
2022-04-29,246266.45000000374,13,131396.45000000374,-35130.0
2022-05-01,247078.95000000374,13,131396.45000000374,-34317.5
2022-05-02,248037.70000000374,13,131396.45000000374,-33358.75
2022-05-03,248508.95000000374,13,131396.45000000374,-32887.5
2022-05-04,256341.45000000374,13,131396.45000000374,-25055.0
2022-05-05,246802.70000000374,13,131396.45000000374,-34593.75
2022-05-06,244560.20000000374,13,131396.45000000374,-36836.25
2022-05-08,242593.95000000374,13,131396.45000000374,-38802.5
2022-05-09,237946.45000000374,13,131396.45000000374,-43450.0
2022-05-10,238125.20000000374,13,131396.45000000374,-43271.25
2022-05-11,233445.20000000374,13,131396.45000000374,-47951.25
2022-05-12,235183.95000000374,13,131396.45000000374,-46212.5
2022-05-13,238238.95000000374,13,131396.45000000374,-43157.5
2022-05-15,236873.95000000374,13,131396.45000000374,-44522.5
2022-05-16,238466.45000000374,13,131396.45000000374,-42930.0
2022-05-17,242106.45000000374,13,131396.45000000374,-39290.0
2022-05-18,232795.20000000374,13,131396.45000000374,-48601.25
2022-05-19,232340.20000000374,13,131396.45000000374,-49056.25
2022-05-20,231007.70000000374,13,131396.45000000374,-50388.75
2022-05-22,232860.20000000374,13,131396.45000000374,-48536.25
2022-05-23,233542.70000000374,13,131396.45000000374,-47853.75
2022-05-24,235216.45000000374,13,131396.45000000374,-46180.0
2022-05-25,235768.95000000374,13,131396.45000000374,-45627.5
2022-05-26,240497.70000000374,13,131396.45000000374,-40898.75
2022-05-27,248281.45000000374,13,131396.45000000374,-33115.0
2022-05-29,248622.70000000374,13,131396.45000000374,-32773.75
2022-05-30,248070.20000000374,13,131396.45000000374,-33326.25
2022-05-31,246851.45000000374,13,131396.45000000374,-34545.0
2022-06-01,243828.95000000374,13,131396.45000000374,-37567.5
2022-06-02,248833.95000000374,13,131396.45000000374,-32562.5
2022-06-03,244478.95000000374,13,131396.45000000374,-36917.5
2022-06-05,245632.70000000374,13,131396.45000000374,-35763.75
2022-06-06,244023.95000000374,13,131396.45000000374,-37372.5
2022-06-07,246656.45000000374,13,131396.45000000374,-34740.0
2022-06-08,244641.45000000374,13,131396.45000000374,-36755.0
2022-06-09,238970.20000000374,13,131396.45000000374,-42426.25
2022-06-10,231218.95000000374,13,131396.45000000374,-50177.5
2022-06-12,227530.20000000374,13,131396.45000000374,-53866.25
2022-06-13,222801.58000000374,13,131364.08000000374,-58562.5
2022-06-14,221095.33000000374,13,131364.08000000374,-60268.75
2022-06-15,224719.08000000374,13,131364.08000000374,-56645.0
2022-06-16,216984.08000000374,13,131364.08000000374,-64380.0
2022-06-17,216561.58000000374,13,131364.08000000374,-64802.5
2022-06-19,217016.58000000374,13,131364.08000000374,-64347.5
2022-06-20,219909.08000000374,13,131364.08000000374,-61455.0
2022-06-21,219762.83000000374,13,131364.08000000374,-61601.25
2022-06-22,221046.58000000374,13,131364.08000000374,-60317.5
2022-06-23,225157.83000000374,13,131364.08000000374,-56206.25
2022-06-24,231592.83000000374,13,131364.08000000374,-49771.25
2022-06-26,232340.33000000374,13,131364.08000000374,-49023.75
2022-06-27,230601.58000000374,13,131364.08000000374,-50762.5
2022-06-28,226165.33000000374,13,131364.08000000374,-55198.75
2022-06-29,224816.58000000374,13,131364.08000000374,-56547.5
2022-06-30,221274.08000000374,13,131364.08000000374,-60090.0
2022-07-01,225791.58000000374,13,131364.08000000374,-55572.5
2022-07-03,224475.33000000374,13,131364.08000000374,-56888.75
2022-07-04,226474.08000000374,13,131364.08000000374,-54890.0
2022-07-05,226311.58000000374,13,131364.08000000374,-55052.5
2022-07-06,227367.83000000374,13,131364.08000000374,-53996.25
2022-07-07,229886.58000000374,13,131364.08000000374,-51477.5
2022-07-08,230991.58000000374,13,131364.08000000374,-50372.5
2022-07-10,229171.58000000374,13,131364.08000000374,-52192.5
2022-07-11,226555.33000000374,13,131364.08000000374,-54808.75
2022-07-12,226067.83000000374,13,131364.08000000374,-55296.25
2022-07-13,224182.83000000374,13,131364.08000000374,-57181.25
2022-07-14,224621.58000000374,13,131364.08000000374,-56742.5
2022-07-15,228472.83000000374,13,131364.08000000374,-52891.25
2022-07-17,229399.08000000374,13,131364.08000000374,-51965.0
2022-07-18,226750.33000000374,13,131364.08000000374,-54613.75
2022-07-19,234534.08000000374,13,131364.08000000374,-46830.0
2022-07-20,234290.33000000374,13,131364.08000000374,-47073.75
2022-07-21,236191.58000000374,13,131364.08000000374,-45172.5
2022-07-22,234745.33000000374,13,131364.08000000374,-46618.75
2022-07-24,234615.33000000374,13,131364.08000000374,-46748.75
2022-07-25,234485.33000000374,13,131364.08000000374,-46878.75
2022-07-26,234046.58000000374,13,131364.08000000374,-47317.5
2022-07-27,238109.08000000374,13,131364.08000000374,-43255.0
2022-07-28,243357.83000000374,13,131364.08000000374,-38006.25
2022-07-29,245746.58000000374,13,131364.08000000374,-35617.5
2022-07-31,244544.08000000374,13,131364.08000000374,-36820.0
2022-08-01,243926.58000000374,13,131364.08000000374,-37437.5
2022-08-02,243617.83000000374,13,131364.08000000374,-37746.25
2022-08-03,246949.08000000374,13,131364.08000000374,-34415.0
2022-08-04,247729.08000000374,13,131364.08000000374,-33635.0
2022-08-05,246347.83000000374,13,131364.08000000374,-35016.25
2022-08-07,246185.33000000374,13,131364.08000000374,-35178.75
2022-08-08,247046.58000000374,13,131364.08000000374,-34317.5
2022-08-09,245080.33000000374,13,131364.08000000374,-36283.75
2022-08-10,251596.58000000374,13,131364.08000000374,-29767.5
2022-08-11,251174.08000000374,13,131364.08000000374,-30190.0
2022-08-12,255382.83000000374,13,131364.08000000374,-25981.25
2022-08-14,254749.08000000374,13,131364.08000000374,-26615.0
2022-08-15,256211.58000000374,13,131364.08000000374,-25152.5
2022-08-16,257089.08000000374,13,131364.08000000374,-24275.0
2022-08-17,254830.33000000374,13,131364.08000000374,-26533.75
2022-08-18,255269.08000000374,13,131364.08000000374,-26095.0
2022-08-19,251986.58000000374,13,131364.08000000374,-29377.5
2022-08-21,251109.08000000374,13,131364.08000000374,-30255.0
2022-08-22,246689.08000000374,13,131364.08000000374,-34675.0
2022-08-23,244690.33000000374,13,131364.08000000374,-36673.75
2022-08-24,247144.08000000374,13,131364.08000000374,-34220.0
2022-08-25,250020.33000000374,13,131364.08000000374,-31343.75
2022-08-26,239912.83000000374,13,131364.08000000374,-41451.25
2022-08-28,239019.08000000374,13,131364.08000000374,-42345.0
2022-08-29,239766.58000000374,13,131364.08000000374,-41597.5
2022-08-30,237735.33000000374,13,131364.08000000374,-43628.75
2022-08-31,232405.33000000374,13,131364.08000000374,-48958.75
2022-09-01,234859.08000000374,13,131364.08000000374,-46505.0
2022-09-02,232795.33000000374,13,131364.08000000374,-48568.75
2022-09-04,232746.58000000374,13,131364.08000000374,-48617.5
2022-09-05,233217.83000000374,13,131364.08000000374,-48146.25
2022-09-06,230146.58000000374,13,131364.08000000374,-51217.5
2022-09-07,235899.08000000374,13,131364.08000000374,-45465.0
2022-09-08,238352.83000000374,13,131364.08000000374,-43011.25
2022-09-09,241440.33000000374,13,131364.08000000374,-39923.75
2022-09-11,241440.33000000374,13,131364.08000000374,-39923.75
2022-09-12,244495.46000000375,13,131331.71000000375,-36836.25
2022-09-13,233104.21000000375,13,131331.71000000375,-48227.5
2022-09-14,233867.96000000375,13,131331.71000000375,-47463.75
2022-09-15,228797.96000000375,13,131331.71000000375,-52533.75
2022-09-16,229545.46000000375,13,131331.71000000375,-51786.25
2022-09-18,228147.96000000375,13,131331.71000000375,-53183.75
2022-09-19,231056.71000000375,13,131331.71000000375,-50275.0
2022-09-20,228001.71000000375,13,131331.71000000375,-53330.0
2022-09-21,221729.21000000375,13,131331.71000000375,-59602.5
2022-09-22,220705.46000000375,13,131331.71000000375,-60626.25
2022-09-23,217114.21000000375,13,131331.71000000375,-64217.5
2022-09-25,215667.96000000375,13,131331.71000000375,-65663.75
2022-09-26,216057.96000000375,13,131331.71000000375,-65273.75
2022-09-27,212434.21000000375,13,131331.71000000375,-68897.5
2022-09-28,218300.46000000375,13,131331.71000000375,-63031.25
2022-09-29,212759.21000000375,13,131331.71000000375,-68572.5
2022-09-30,210159.21000000375,13,131331.71000000375,-71172.5
2022-10-02,209817.96000000375,13,131331.71000000375,-71513.75
2022-10-03,217796.71000000375,13,131331.71000000375,-63535.0
2022-10-04,221972.96000000375,13,131331.71000000375,-59358.75
2022-10-05,223711.71000000375,13,131331.71000000375,-57620.0
2022-10-06,219762.96000000375,13,131331.71000000375,-61568.75
2022-10-07,213181.71000000375,13,131331.71000000375,-68150.0
2022-10-09,212239.21000000375,13,131331.71000000375,-69092.5
2022-10-10,210272.96000000375,13,131331.71000000375,-71058.75
2022-10-11,210175.46000000375,13,131331.71000000375,-71156.25
2022-10-12,209476.71000000375,13,131331.71000000375,-71855.0
2022-10-13,217032.96000000375,13,131331.71000000375,-64298.75
2022-10-14,209655.46000000375,13,131331.71000000375,-71676.25
2022-10-16,210695.46000000375,13,131331.71000000375,-70636.25
2022-10-17,219145.46000000375,13,131331.71000000375,-62186.25
2022-10-18,220396.71000000375,13,131331.71000000375,-60935.0
2022-10-19,215375.46000000375,13,131331.71000000375,-65956.25
2022-10-20,214124.21000000375,13,131331.71000000375,-67207.5
2022-10-21,221062.96000000375,13,131331.71000000375,-60268.75
2022-10-23,220656.71000000375,13,131331.71000000375,-60675.0
2022-10-24,223484.21000000375,13,131331.71000000375,-57847.5
2022-10-25,225222.96000000375,13,131331.71000000375,-56108.75
2022-10-26,226864.21000000375,13,131331.71000000375,-54467.5
2022-10-27,223142.96000000375,13,131331.71000000375,-58188.75
2022-10-28,230877.96000000375,13,131331.71000000375,-50453.75
2022-10-30,229967.96000000375,13,131331.71000000375,-51363.75
2022-10-31,229171.71000000375,13,131331.71000000375,-52160.0
2022-11-01,227790.46000000375,13,131331.71000000375,-53541.25
2022-11-02,221420.46000000375,13,131331.71000000375,-59911.25
2022-11-03,218219.21000000375,13,131331.71000000375,-63112.5
2022-11-04,221111.71000000375,13,131331.71000000375,-60220.0
2022-11-06,221144.21000000375,13,131331.71000000375,-60187.5
2022-11-07,223695.46000000375,13,131331.71000000375,-57636.25
2022-11-08,225401.71000000375,13,131331.71000000375,-55930.0
2022-11-09,220575.46000000375,13,131331.71000000375,-60756.25
2022-11-10,233851.71000000375,13,131331.71000000375,-47480.0
2022-11-11,235850.46000000375,13,131331.71000000375,-45481.25
2022-11-13,235200.46000000375,13,131331.71000000375,-46131.25
2022-11-14,234745.46000000375,13,131331.71000000375,-46586.25
2022-11-15,235151.71000000375,13,131331.71000000375,-46180.0
2022-11-16,233965.46000000375,13,131331.71000000375,-47366.25
2022-11-17,232941.71000000375,13,131331.71000000375,-48390.0
2022-11-18,234030.46000000375,13,131331.71000000375,-47301.25
2022-11-20,233477.96000000375,13,131331.71000000375,-47853.75
2022-11-21,233429.21000000375,13,131331.71000000375,-47902.5
2022-11-22,236386.71000000375,13,131331.71000000375,-44945.0
2022-11-23,238612.96000000375,13,131331.71000000375,-42718.75
2022-11-24,238661.71000000375,13,131331.71000000375,-42670.0
2022-11-25,238109.21000000375,13,131331.71000000375,-43222.5
2022-11-27,236321.71000000375,13,131331.71000000375,-45010.0
2022-11-28,234794.21000000375,13,131331.71000000375,-46537.5
2022-11-29,233770.46000000375,13,131331.71000000375,-47561.25
2022-11-30,241635.46000000375,13,131331.71000000375,-39696.25
2022-12-01,240676.71000000375,13,131331.71000000375,-40655.0
2022-12-02,240221.71000000375,13,131331.71000000375,-41110.0
2022-12-04,240465.46000000375,13,131331.71000000375,-40866.25
2022-12-05,236321.71000000375,13,131331.71000000375,-45010.0
2022-12-06,232762.96000000375,13,131331.71000000375,-48568.75
2022-12-07,231495.46000000375,13,131331.71000000375,-49836.25
2022-12-08,234209.21000000375,13,131331.71000000375,-47122.5
2022-12-09,231446.71000000375,13,131331.71000000375,-49885.0
2022-12-11,231560.46000000375,13,131331.71000000375,-49771.25
2022-12-12,235135.59000000375,13,131299.34000000375,-46163.75
2022-12-13,238109.34000000375,13,131299.34000000375,-43190.0
2022-12-14,235736.84000000375,13,131299.34000000375,-45562.5
2022-12-15,228716.84000000375,13,131299.34000000375,-52582.5
2022-12-16,225385.59000000375,13,131299.34000000375,-55913.75
2022-12-18,226198.09000000375,13,131299.34000000375,-55101.25
2022-12-19,221485.59000000375,13,131299.34000000375,-59813.75
2022-12-20,224784.34000000375,13,131299.34000000375,-56515.0
2022-12-21,228375.59000000375,13,131299.34000000375,-52923.75
2022-12-22,224134.34000000375,13,131299.34000000375,-57165.0
2022-12-23,225141.84000000375,13,131299.34000000375,-56157.5
2022-12-26,226848.09000000375,13,131299.34000000375,-54451.25
2022-12-27,224491.84000000375,13,131299.34000000375,-56807.5
2022-12-28,221453.09000000375,13,131299.34000000375,-59846.25
2022-12-29,225093.09000000375,13,131299.34000000375,-56206.25
2022-12-30,225109.34000000375,13,131299.34000000375,-56190.0
2023-01-02,224881.84000000375,13,131299.34000000375,-56417.5
2023-01-03,224150.59000000375,13,131299.34000000375,-57148.75
2023-01-04,225450.59000000375,13,131299.34000000375,-55848.75
2023-01-05,223841.84000000375,13,131299.34000000375,-57457.5
2023-01-06,228099.34000000375,13,131299.34000000375,-53200.0
2023-01-08,229139.34000000375,13,131299.34000000375,-52160.0
2023-01-09,227368.09000000375,13,131299.34000000375,-53931.25
2023-01-10,229968.09000000375,13,131299.34000000375,-51331.25
2023-01-11,233331.84000000375,13,131299.34000000375,-47967.5
2023-01-12,233299.34000000375,13,131299.34000000375,-48000.0
2023-01-13,234940.59000000375,13,131299.34000000375,-46358.75
2023-01-15,235216.84000000375,13,131299.34000000375,-46082.5
2023-01-16,234063.09000000375,13,131299.34000000375,-47236.25
2023-01-17,234648.09000000375,13,131299.34000000375,-46651.25
2023-01-18,229886.84000000375,13,131299.34000000375,-51412.5
2023-01-19,228798.09000000375,13,131299.34000000375,-52501.25
2023-01-20,232925.59000000375,13,131299.34000000375,-48373.75
2023-01-22,232730.59000000375,13,131299.34000000375,-48568.75
2023-01-23,236110.59000000375,13,131299.34000000375,-45188.75
2023-01-24,234648.09000000375,13,131299.34000000375,-46651.25
2023-01-25,236094.34000000375,13,131299.34000000375,-45205.0
2023-01-26,237881.84000000375,13,131299.34000000375,-43417.5
2023-01-27,239165.59000000375,13,131299.34000000375,-42133.75
2023-01-29,238385.59000000375,13,131299.34000000375,-42913.75
2023-01-30,235655.59000000375,13,131299.34000000375,-45643.75
2023-01-31,238921.84000000375,13,131299.34000000375,-42377.5
2023-02-01,243260.59000000375,13,131299.34000000375,-38038.75
2023-02-02,244771.84000000375,13,131299.34000000375,-36527.5
2023-02-03,243195.59000000375,13,131299.34000000375,-38103.75
2023-02-05,242334.34000000375,13,131299.34000000375,-38965.0
2023-02-06,241944.34000000375,13,131299.34000000375,-39355.0
2023-02-07,245080.59000000375,13,131299.34000000375,-36218.75
2023-02-08,242708.09000000375,13,131299.34000000375,-38591.25
2023-02-09,239198.09000000375,13,131299.34000000375,-42101.25
2023-02-10,240173.09000000375,13,131299.34000000375,-41126.25
2023-02-12,239116.84000000375,13,131299.34000000375,-42182.5
2023-02-13,243000.59000000375,13,131299.34000000375,-38298.75
2023-02-14,242041.84000000375,13,131299.34000000375,-39257.5
2023-02-15,244495.59000000375,13,131299.34000000375,-36803.75
2023-02-16,239133.09000000375,13,131299.34000000375,-42166.25
2023-02-17,239279.34000000375,13,131299.34000000375,-42020.0
2023-02-19,239295.59000000375,13,131299.34000000375,-42003.75
2023-02-20,238239.34000000375,13,131299.34000000375,-43060.0
2023-02-21,234615.59000000375,13,131299.34000000375,-46683.75
2023-02-22,234908.09000000375,13,131299.34000000375,-46391.25
2023-02-23,234664.34000000375,13,131299.34000000375,-46635.0
2023-02-24,232048.09000000375,13,131299.34000000375,-49251.25
2023-02-26,232486.84000000375,13,131299.34000000375,-48812.5
2023-02-27,233153.09000000375,13,131299.34000000375,-48146.25
2023-02-28,232129.34000000375,13,131299.34000000375,-49170.0
2023-03-01,229968.09000000375,13,131299.34000000375,-51331.25
2023-03-02,232226.84000000375,13,131299.34000000375,-49072.5
2023-03-03,237118.09000000375,13,131299.34000000375,-44181.25
2023-03-05,237280.59000000375,13,131299.34000000375,-44018.75
2023-03-06,237670.59000000375,13,131299.34000000375,-43628.75
2023-03-07,233055.59000000375,13,131299.34000000375,-48243.75
2023-03-08,233071.84000000375,13,131299.34000000375,-48227.5
2023-03-09,226490.59000000375,13,131299.34000000375,-54808.75
2023-03-10,225840.59000000375,13,131299.34000000375,-55458.75
2023-03-12,229171.84000000375,13,131299.34000000375,-52127.5
2023-03-13,225645.72000000376,13,131266.97000000376,-55621.25
2023-03-14,228895.72000000376,13,131266.97000000376,-52371.25
2023-03-15,227465.72000000376,13,131266.97000000376,-53801.25
2023-03-16,231186.97000000376,13,131266.97000000376,-50080.0
2023-03-17,228229.47000000376,13,131266.97000000376,-53037.5
2023-03-19,228521.97000000376,13,131266.97000000376,-52745.0
2023-03-20,230796.97000000376,13,131266.97000000376,-50470.0
2023-03-21,234030.72000000376,13,131266.97000000376,-47236.25
2023-03-22,230845.72000000376,13,131266.97000000376,-50421.25
2023-03-23,230406.97000000376,13,131266.97000000376,-50860.0
2023-03-24,232291.97000000376,13,131266.97000000376,-48975.0
2023-03-26,233039.47000000376,13,131266.97000000376,-48227.5
2023-03-27,232470.72000000376,13,131266.97000000376,-48796.25
2023-03-28,232779.47000000376,13,131266.97000000376,-48487.5
2023-03-29,235233.22000000376,13,131266.97000000376,-46033.75
2023-03-30,237556.97000000376,13,131266.97000000376,-43710.0
2023-03-31,240676.97000000376,13,131266.97000000376,-40590.0
2023-04-02,239701.97000000376,13,131266.97000000376,-41565.0
2023-04-03,241489.47000000376,13,131266.97000000376,-39777.5
2023-04-04,240124.47000000376,13,131266.97000000376,-41142.5
2023-04-05,238531.97000000376,13,131266.97000000376,-42735.0
2023-04-06,239961.97000000376,13,131266.97000000376,-41305.0
2023-04-07,240839.47000000376,13,131266.97000000376,-40427.5
2023-04-09,240156.97000000376,13,131266.97000000376,-41110.0
2023-04-10,240725.72000000376,13,131266.97000000376,-40541.25
2023-04-11,240563.22000000376,13,131266.97000000376,-40703.75
2023-04-12,239539.47000000376,13,131266.97000000376,-41727.5
2023-04-13,242740.72000000376,13,131266.97000000376,-38526.25
2023-04-14,242773.22000000376,13,131266.97000000376,-38493.75
2023-04-16,242675.72000000376,13,131266.97000000376,-38591.25
2023-04-17,242951.97000000376,13,131266.97000000376,-38315.0
2023-04-18,242951.97000000376,13,131266.97000000376,-38315.0
2023-04-19,242691.97000000376,13,131266.97000000376,-38575.0
2023-04-20,241684.47000000376,13,131266.97000000376,-39582.5
2023-04-21,241570.72000000376,13,131266.97000000376,-39696.25
2023-04-23,240985.72000000376,13,131266.97000000376,-40281.25
2023-04-24,241261.97000000376,13,131266.97000000376,-40005.0
2023-04-25,238726.97000000376,13,131266.97000000376,-42540.0
2023-04-26,237101.97000000376,13,131266.97000000376,-44165.0
2023-04-27,241261.97000000376,13,131266.97000000376,-40005.0
2023-04-28,243991.97000000376,13,131266.97000000376,-37275.0
2023-04-30,244024.47000000376,13,131266.97000000376,-37242.5
2023-05-01,243553.22000000376,13,131266.97000000376,-37713.75
2023-05-02,240920.72000000376,13,131266.97000000376,-40346.25
2023-05-03,238938.22000000376,13,131266.97000000376,-42328.75
2023-05-04,237621.97000000376,13,131266.97000000376,-43645.0
2023-05-05,241294.47000000376,13,131266.97000000376,-39972.5
2023-05-07,241131.97000000376,13,131266.97000000376,-40135.0
2023-05-08,241456.97000000376,13,131266.97000000376,-39810.0
2023-05-09,240546.97000000376,13,131266.97000000376,-40720.0
2023-05-10,242025.72000000376,13,131266.97000000376,-39241.25
2023-05-11,241294.47000000376,13,131266.97000000376,-39972.5
2023-05-12,240189.47000000376,13,131266.97000000376,-41077.5
2023-05-14,240530.72000000376,13,131266.97000000376,-40736.25
2023-05-15,240871.97000000376,13,131266.97000000376,-40395.0
2023-05-16,240075.72000000376,13,131266.97000000376,-41191.25
2023-05-17,242626.97000000376,13,131266.97000000376,-38640.0
2023-05-18,245828.22000000376,13,131266.97000000376,-35438.75
2023-05-19,244495.72000000376,13,131266.97000000376,-36771.25
2023-05-21,244836.97000000376,13,131266.97000000376,-36430.0
2023-05-22,245486.97000000376,13,131266.97000000376,-35780.0
2023-05-23,242204.47000000376,13,131266.97000000376,-39062.5
2023-05-24,240774.47000000376,13,131266.97000000376,-40492.5
2023-05-25,241456.97000000376,13,131266.97000000376,-39810.0
2023-05-26,245860.72000000376,13,131266.97000000376,-35406.25
2023-05-28,246055.72000000376,13,131266.97000000376,-35211.25
2023-05-29,246071.97000000376,13,131266.97000000376,-35195.0
2023-05-30,244950.72000000376,13,131266.97000000376,-36316.25
2023-05-31,244154.47000000376,13,131266.97000000376,-37112.5
2023-06-01,246900.72000000376,13,131266.97000000376,-34366.25
2023-06-02,250378.22000000376,13,131266.97000000376,-30888.75
2023-06-04,250069.47000000376,13,131266.97000000376,-31197.5
2023-06-05,249890.72000000376,13,131266.97000000376,-31376.25
2023-06-06,250719.47000000376,13,131266.97000000376,-30547.5
2023-06-07,249159.47000000376,13,131266.97000000376,-32107.5
2023-06-08,250800.72000000376,13,131266.97000000376,-30466.25
2023-06-09,251418.22000000376,13,131266.97000000376,-29848.75
2023-06-11,251743.22000000376,13,131266.97000000376,-29523.75
2023-06-12,254424.60000000376,13,131234.60000000376,-26810.0
2023-06-13,255659.60000000376,13,131234.60000000376,-25575.0
2023-06-14,255822.10000000376,13,131234.60000000376,-25412.5
2023-06-15,258860.85000000376,13,131234.60000000376,-22373.75
2023-06-16,258470.85000000376,13,131234.60000000376,-22763.75
2023-06-18,257853.35000000376,13,131234.60000000376,-23381.25
2023-06-19,257479.60000000376,13,131234.60000000376,-23755.0
2023-06-20,256862.10000000376,13,131234.60000000376,-24372.5
2023-06-21,255172.10000000376,13,131234.60000000376,-26062.5
2023-06-22,255025.85000000376,13,131234.60000000376,-26208.75
2023-06-23,253888.35000000376,13,131234.60000000376,-27346.25
2023-06-25,254635.85000000376,13,131234.60000000376,-26598.75
2023-06-26,253254.60000000376,13,131234.60000000376,-27980.0
2023-06-27,255383.35000000376,13,131234.60000000376,-25851.25
2023-06-28,255952.10000000376,13,131234.60000000376,-25282.5
2023-06-29,257040.85000000376,13,131234.60000000376,-24193.75
2023-06-30,259998.35000000376,13,131234.60000000376,-21236.25
2023-07-02,260404.60000000376,13,131234.60000000376,-20830.0
2023-07-03,260567.10000000376,13,131234.60000000376,-20667.5
2023-07-04,260437.10000000376,13,131234.60000000376,-20797.5
2023-07-05,259169.60000000376,13,131234.60000000376,-22065.0
2023-07-06,257609.60000000376,13,131234.60000000376,-23625.0
2023-07-07,257105.85000000376,13,131234.60000000376,-24128.75
2023-07-09,256212.10000000376,13,131234.60000000376,-25022.5
2023-07-10,257690.85000000376,13,131234.60000000376,-23543.75
2023-07-11,259494.60000000376,13,131234.60000000376,-21740.0
2023-07-12,262370.85000000376,13,131234.60000000376,-18863.75
2023-07-13,263865.85000000376,13,131234.60000000376,-17368.75
2023-07-14,263427.10000000376,13,131234.60000000376,-17807.5
2023-07-16,263248.35000000376,13,131234.60000000376,-17986.25
2023-07-17,264353.35000000376,13,131234.60000000376,-16881.25
2023-07-18,266758.35000000376,13,131234.60000000376,-14476.25
2023-07-19,266953.35000000376,13,131234.60000000376,-14281.25
2023-07-20,265653.35000000376,13,131234.60000000376,-15581.25
2023-07-21,265295.85000000376,13,131234.60000000376,-15938.75
2023-07-23,265247.10000000376,13,131234.60000000376,-15987.5
2023-07-24,266514.60000000376,13,131234.60000000376,-14720.0
2023-07-25,267359.60000000376,13,131234.60000000376,-13875.0
2023-07-26,268090.85000000376,13,131234.60000000376,-13143.75
2023-07-27,265750.85000000376,13,131234.60000000376,-15483.75
2023-07-28,268090.85000000376,13,131234.60000000376,-13143.75
2023-07-30,267538.35000000376,13,131234.60000000376,-13696.25
2023-07-31,268773.35000000376,13,131234.60000000376,-12461.25
2023-08-01,266352.10000000376,13,131234.60000000376,-14882.5
2023-08-02,263865.85000000376,13,131234.60000000376,-17368.75
2023-08-03,263475.85000000376,13,131234.60000000376,-17758.75
2023-08-04,261005.85000000376,13,131234.60000000376,-20228.75
2023-08-06,262159.60000000376,13,131234.60000000376,-19075.0
2023-08-07,262923.35000000376,13,131234.60000000376,-18311.25
2023-08-08,262500.85000000376,13,131234.60000000376,-18733.75
2023-08-09,261298.35000000376,13,131234.60000000376,-19936.25
2023-08-10,260177.10000000376,13,131234.60000000376,-21057.5
2023-08-11,260112.10000000376,13,131234.60000000376,-21122.5
2023-08-13,259202.10000000376,13,131234.60000000376,-22032.5
2023-08-14,262078.35000000376,13,131234.60000000376,-19156.25
2023-08-15,258292.10000000376,13,131234.60000000376,-22942.5
2023-08-16,256130.85000000376,13,131234.60000000376,-25103.75
2023-08-17,253628.35000000376,13,131234.60000000376,-27606.25
2023-08-18,253335.85000000376,13,131234.60000000376,-27898.75
2023-08-20,253660.85000000376,13,131234.60000000376,-27573.75
2023-08-21,255302.10000000376,13,131234.60000000376,-25932.5
2023-08-22,255334.60000000376,13,131234.60000000376,-25900.0
2023-08-23,259657.10000000376,13,131234.60000000376,-21577.5
2023-08-24,253807.10000000376,13,131234.60000000376,-27427.5
2023-08-25,255497.10000000376,13,131234.60000000376,-25737.5
2023-08-27,255692.10000000376,13,131234.60000000376,-25542.5
2023-08-28,257528.35000000376,13,131234.60000000376,-23706.25
2023-08-29,262062.10000000376,13,131234.60000000376,-19172.5
2023-08-30,262939.60000000376,13,131234.60000000376,-18295.0
2023-08-31,262452.10000000376,13,131234.60000000376,-18782.5
2023-09-01,262370.85000000376,13,131234.60000000376,-18863.75
2023-09-03,262549.60000000376,13,131234.60000000376,-18685.0
2023-09-04,262062.10000000376,13,131234.60000000376,-19172.5
2023-09-05,260957.10000000376,13,131234.60000000376,-20277.5
2023-09-06,259104.60000000376,13,131234.60000000376,-22130.0
2023-09-07,258373.35000000376,13,131234.60000000376,-22861.25
2023-09-08,258763.35000000376,13,131234.60000000376,-22471.25
2023-09-10,258844.60000000376,13,131234.60000000376,-22390.0
2023-09-11,260258.48000000376,13,131202.23000000376,-20943.75
2023-09-12,258275.98000000376,13,131202.23000000376,-22926.25
2023-09-13,259917.23000000376,13,131202.23000000376,-21285.0
2023-09-14,262078.48000000376,13,131202.23000000376,-19123.75
2023-09-15,257820.98000000376,13,131202.23000000376,-23381.25
2023-09-17,258292.23000000376,13,131202.23000000376,-22910.0
2023-09-18,257967.23000000376,13,131202.23000000376,-23235.0
2023-09-19,256927.23000000376,13,131202.23000000376,-24275.0
2023-09-20,253693.48000000376,13,131202.23000000376,-27508.75
2023-09-21,250037.23000000376,13,131202.23000000376,-31165.0
2023-09-22,248964.73000000376,13,131202.23000000376,-32237.5
2023-09-24,249598.48000000376,13,131202.23000000376,-31603.75
2023-09-25,249062.23000000376,13,131202.23000000376,-32140.0
2023-09-26,246299.73000000376,13,131202.23000000376,-34902.5
2023-09-27,245812.23000000376,13,131202.23000000376,-35390.0
2023-09-28,247567.23000000376,13,131202.23000000376,-33635.0
2023-09-29,246787.23000000376,13,131202.23000000376,-34415.0
2023-10-01,248087.23000000376,13,131202.23000000376,-33115.0
2023-10-02,246397.23000000376,13,131202.23000000376,-34805.0
2023-10-03,241505.98000000376,13,131202.23000000376,-39696.25
2023-10-04,244869.73000000376,13,131202.23000000376,-36332.5
2023-10-05,244138.48000000376,13,131202.23000000376,-37063.75
2023-10-06,247827.23000000376,13,131202.23000000376,-33375.0
2023-10-08,245178.48000000376,13,131202.23000000376,-36023.75
2023-10-09,249630.98000000376,13,131202.23000000376,-31571.25
2023-10-10,250947.23000000376,13,131202.23000000376,-30255.0
2023-10-11,252783.48000000376,13,131202.23000000376,-28418.75
2023-10-12,250427.23000000376,13,131202.23000000376,-30775.0
2023-10-13,248233.48000000376,13,131202.23000000376,-32968.75
2023-10-15,249224.73000000376,13,131202.23000000376,-31977.5
2023-10-16,251109.73000000376,13,131202.23000000376,-30092.5
2023-10-17,251142.23000000376,13,131202.23000000376,-30060.0
2023-10-18,246982.23000000376,13,131202.23000000376,-34220.0
2023-10-19,244674.73000000376,13,131202.23000000376,-36527.5
2023-10-20,241278.48000000376,13,131202.23000000376,-39923.75
2023-10-22,241993.48000000376,13,131202.23000000376,-39208.75
2023-10-23,241717.23000000376,13,131202.23000000376,-39485.0
2023-10-24,242399.73000000376,13,131202.23000000376,-38802.5
2023-10-25,237297.23000000376,13,131202.23000000376,-43905.0
2023-10-26,237020.98000000376,13,131202.23000000376,-44181.25
2023-10-27,234258.48000000376,13,131202.23000000376,-46943.75
2023-10-29,235314.73000000376,13,131202.23000000376,-45887.5
2023-10-30,236549.73000000376,13,131202.23000000376,-44652.5
2023-10-31,238759.73000000376,13,131202.23000000376,-42442.5
2023-11-01,242757.23000000376,13,131202.23000000376,-38445.0
2023-11-02,246982.23000000376,13,131202.23000000376,-34220.0
2023-11-03,249988.48000000376,13,131202.23000000376,-31213.75
2023-11-05,249890.98000000376,13,131202.23000000376,-31311.25
2023-11-06,249695.98000000376,13,131202.23000000376,-31506.25
2023-11-07,250930.98000000376,13,131202.23000000376,-30271.25
2023-11-08,251158.48000000376,13,131202.23000000376,-30043.75
2023-11-09,249175.98000000376,13,131202.23000000376,-32026.25
2023-11-10,252978.48000000376,13,131202.23000000376,-28223.75
2023-11-12,252019.73000000376,13,131202.23000000376,-29182.5
2023-11-13,253173.48000000376,13,131202.23000000376,-28028.75
2023-11-14,259250.98000000376,13,131202.23000000376,-21951.25
2023-11-15,258714.73000000376,13,131202.23000000376,-22487.5
2023-11-16,259722.23000000376,13,131202.23000000376,-21480.0
2023-11-17,259429.73000000376,13,131202.23000000376,-21772.5
2023-11-19,259380.98000000376,13,131202.23000000376,-21821.25
2023-11-20,262029.73000000376,13,131202.23000000376,-19172.5
2023-11-21,261184.73000000376,13,131202.23000000376,-20017.5
2023-11-22,262175.98000000376,13,131202.23000000376,-19026.25
2023-11-23,262419.73000000376,13,131202.23000000376,-18782.5
2023-11-24,262322.23000000376,13,131202.23000000376,-18880.0
2023-11-26,261460.98000000376,13,131202.23000000376,-19741.25
2023-11-27,261850.98000000376,13,131202.23000000376,-19351.25
2023-11-28,262435.98000000376,13,131202.23000000376,-18766.25
2023-11-29,262143.48000000376,13,131202.23000000376,-19058.75
2023-11-30,262695.98000000376,13,131202.23000000376,-18506.25
2023-12-01,264645.98000000376,13,131202.23000000376,-16556.25
2023-12-03,264077.23000000376,13,131202.23000000376,-17125.0
2023-12-04,262240.98000000376,13,131202.23000000376,-18961.25
2023-12-05,263654.73000000376,13,131202.23000000376,-17547.5
2023-12-06,261395.98000000376,13,131202.23000000376,-19806.25
2023-12-07,263719.73000000376,13,131202.23000000376,-17482.5
2023-12-08,264857.23000000376,13,131202.23000000376,-16345.0
2023-12-10,264694.73000000376,13,131202.23000000376,-16507.5
2023-12-11,266141.11000000377,13,131169.86000000377,-15028.75
2023-12-12,267684.86000000377,13,131169.86000000377,-13485.0
2023-12-13,272673.61000000377,13,131169.86000000377,-8496.25
2023-12-14,272559.86000000377,13,131169.86000000377,-8610.0
2023-12-15,271958.61000000377,13,131169.86000000377,-9211.25
2023-12-17,272722.36000000377,13,131169.86000000377,-8447.5
2023-12-18,273518.61000000377,13,131169.86000000377,-7651.25
2023-12-19,275387.36000000377,13,131169.86000000377,-5782.5
2023-12-20,271666.11000000377,13,131169.86000000377,-9503.75
2023-12-21,273291.11000000377,13,131169.86000000377,-7878.75
2023-12-22,273892.36000000377,13,131169.86000000377,-7277.5
2023-12-25,274688.61000000377,13,131169.86000000377,-6481.25
2023-12-26,275614.86000000377,13,131169.86000000377,-5555.0
2023-12-27,276459.86000000377,13,131169.86000000377,-4710.0
2023-12-28,276248.61000000377,13,131169.86000000377,-4921.25
2023-12-29,274769.86000000377,13,131169.86000000377,-6400.0
2024-01-01,275289.86000000377,13,131169.86000000377,-5880.0
2024-01-02,272868.61000000377,13,131169.86000000377,-8301.25
2024-01-03,270674.86000000377,13,131169.86000000377,-10495.0
2024-01-04,269537.36000000377,13,131169.86000000377,-11632.5
2024-01-05,269748.61000000377,13,131169.86000000377,-11421.25
2024-01-07,269537.36000000377,13,131169.86000000377,-11632.5
2024-01-08,273681.11000000377,13,131169.86000000377,-7488.75
2024-01-09,273209.86000000377,13,131169.86000000377,-7960.0
2024-01-10,275793.61000000377,13,131169.86000000377,-5376.25
2024-01-11,274444.86000000377,13,131169.86000000377,-6725.0
2024-01-12,274672.36000000377,13,131169.86000000377,-6497.5
2024-01-14,275111.11000000377,13,131169.86000000377,-6058.75
2024-01-15,273973.61000000377,13,131169.86000000377,-7196.25
2024-01-16,273242.36000000377,13,131169.86000000377,-7927.5
2024-01-17,271698.61000000377,13,131169.86000000377,-9471.25
2024-01-18,274867.36000000377,13,131169.86000000377,-6302.5
2024-01-19,278474.86000000377,13,131169.86000000377,-2695.0
2024-01-21,279271.11000000377,13,131169.86000000377,-1898.75
2024-01-22,279404.8800000038,13,131317.3800000038,-1912.5
2024-01-23,280484.8800000038,9,131317.3800000038,-832.5
2024-01-24,280899.9100000038,9,131636.16000000382,-736.25
2024-01-25,280967.4100000038,3,131636.16000000382,-668.75
2024-01-26,281124.9100000038,3,131636.16000000382,-511.25
2024-01-28,281109.9100000038,3,131636.16000000382,-526.25
2024-01-29,281662.4200000038,3,131684.92000000383,-22.5
2024-01-30,281558.6700000038,1,131684.92000000383,-126.25
2024-01-31,281318.6700000038,1,131684.92000000383,-366.25
2024-02-01,281671.1700000038,1,131684.92000000383,-13.75
2024-02-02,281630.58000000386,4,131830.58000000386,-200.0
2024-02-04,281525.58000000386,4,131830.58000000386,-305.0
2024-02-05,281848.1100000039,10,131826.8600000039,21.25
2024-02-06,282298.1100000039,10,131826.8600000039,471.25
2024-02-07,283601.94000000396,10,133638.19000000396,-36.25
2024-02-08,283638.82000000397,3,133637.57000000397,1.25
2024-02-09,284023.840000004,3,134011.34000000398,12.5
2024-02-11,284021.340000004,1,134011.34000000398,10.0
2024-02-12,283650.750000004,6,134132.00000000402,-481.25
2024-02-13,282358.91000000405,13,134127.66000000405,-1768.75
2024-02-14,285332.66000000405,13,134127.66000000405,1205.0
2024-02-15,285992.13000000414,13,135993.38000000414,-1.25
2024-02-16,285423.40000000416,6,135990.90000000416,-567.5
2024-02-18,285708.40000000416,6,135990.90000000416,-282.5
2024-02-19,285138.40000000416,6,135990.90000000416,-852.5
2024-02-20,284415.3100000042,13,135986.5600000042,-1571.25
2024-02-21,288250.3200000042,15,135985.3200000042,2265.0
2024-02-22,290677.9300000043,15,140642.9300000043,35.0
2024-02-23,290561.6800000043,3,140642.9300000043,-81.25
2024-02-25,290509.1800000043,3,140642.9300000043,-133.75
2024-02-26,290265.4400000043,5,140641.6900000043,-376.25
2024-02-27,290647.9500000043,7,140640.45000000432,7.5
2024-02-28,290542.9500000043,7,140640.45000000432,-97.5
2024-02-29,291566.12000000436,7,141517.37000000436,48.75
2024-03-01,291808.0100000044,2,141766.76000000437,41.25
2024-03-03,291818.0100000044,1,141766.76000000437,51.25
2024-03-04,291537.4100000044,4,141888.6600000044,-351.25
2024-03-05,290764.96000000444,14,141882.46000000444,-1117.5
2024-03-06,293198.81000000454,14,143622.56000000454,-423.75
2024-03-07,294595.7400000046,6,144561.9900000046,33.75
2024-03-08,293548.94000000466,12,144927.69000000466,-1378.75
2024-03-10,292798.94000000466,12,144927.69000000466,-2128.75
2024-03-11,294434.12000000465,16,144885.37000000468,-451.25
2024-03-12,297323.0000000048,16,147379.2500000048,-56.25
2024-03-13,297410.5100000048,4,147378.0100000048,32.5
2024-03-14,297314.9100000048,9,147374.91000000483,-60.0
2024-03-15,295883.6800000048,13,147372.43000000485,-1488.75
2024-03-17,296533.6800000048,13,147372.43000000485,-838.75
2024-03-18,298667.5200000049,13,148992.52000000494,-325.0
2024-03-19,299841.32000000495,7,149861.32000000498,-20.0
2024-03-20,300760.750000005,3,150482.00000000503,278.75
2024-03-21,300772.020000005,2,150840.77000000505,-68.75
2024-03-22,300538.91000000504,5,150838.91000000507,-300.0
2024-03-24,300538.91000000504,5,150838.91000000507,-300.0
2024-03-25,300383.29000000504,6,150838.29000000507,-455.0
2024-03-26,300374.55000000505,8,150837.05000000508,-462.5
2024-03-27,301434.55000000505,8,150837.05000000508,597.5
2024-03-28,301731.4800000051,8,151837.73000000513,-106.25
2024-03-31,302091.4800000051,3,151837.73000000513,253.75
2024-04-01,301419.0000000051,7,151835.25000000515,-416.25
2024-04-02,300390.27000000514,11,151832.77000000517,-1442.5
2024-04-03,301765.27000000514,11,151832.77000000517,-67.5
2024-04-04,298878.5400000053,18,153191.0400000053,-4312.5
2024-04-05,303423.5400000053,18,153191.0400000053,232.5
2024-04-07,302523.5400000053,18,153191.0400000053,-667.5
2024-04-08,303311.0400000053,18,153191.0400000053,120.0
2024-04-09,304188.5400000053,18,153191.0400000053,997.5
2024-04-10,299077.9200000053,19,153190.4200000053,-4112.5
2024-04-11,302988.5500000053,20,153189.8000000053,-201.25
2024-04-12,295227.3300000053,26,153186.08000000534,-7958.75
2024-04-14,297177.3300000053,26,153186.08000000534,-6008.75
2024-04-15,284564.86000000534,32,153182.36000000537,-18617.5
2024-04-16,286404.86000000534,32,153182.36000000537,-16777.5
2024-04-17,281924.86000000534,32,153182.36000000537,-21257.5
2024-04-18,269884.86000000534,32,153182.36000000537,-33297.5
2024-04-19,270284.86000000534,32,153182.36000000537,-32897.5
2024-04-21,272284.86000000534,32,153182.36000000537,-30897.5
2024-04-22,277364.86000000534,32,153182.36000000537,-25817.5
2024-04-23,289764.86000000534,32,153182.36000000537,-13417.5
2024-04-24,282044.87000000535,32,153231.12000000538,-21186.25
2024-04-25,289578.00000000536,30,153255.50000000538,-13677.5
2024-04-26,290760.51000000536,29,153304.2600000054,-12543.75
2024-04-28,292380.51000000536,27,153304.2600000054,-10923.75
2024-04-29,292314.89000000537,27,153328.6400000054,-11013.75
2024-04-30,282174.89000000537,26,153328.6400000054,-21153.75
2024-05-01,283084.89000000537,26,153328.6400000054,-20243.75
2024-05-02,287634.89000000537,26,153328.6400000054,-15693.75
2024-05-03,294697.4000000054,26,153377.4000000054,-8680.0
2024-05-05,294487.4000000054,24,153377.4000000054,-8890.0
2024-05-06,299489.3100000054,24,153598.06000000544,-4108.75
2024-05-07,299938.7000000054,17,153708.70000000545,-3770.0
2024-05-08,299606.2000000054,14,153708.70000000545,-4102.5
2024-05-09,301863.71000000543,14,153757.46000000546,-1893.75
2024-05-10,302074.35000000545,12,153860.60000000548,-1786.25
2024-05-12,302411.85000000545,9,153860.60000000548,-1448.75
2024-05-13,302074.35000000545,9,153860.60000000548,-1786.25
2024-05-14,303511.86000000546,9,153909.3600000055,-397.5
2024-05-15,304538.7900000055,7,154442.54000000554,96.25
2024-05-16,304267.5500000055,4,154441.30000000555,-173.75
2024-05-17,304622.5600000055,6,154440.06000000556,182.5
2024-05-19,304817.5600000055,6,154440.06000000556,377.5
2024-05-20,305056.3600000056,6,155186.3600000056,-130.0
2024-05-21,305326.3600000056,4,155186.3600000056,140.0
2024-05-22,306340.7500000056,7,155184.50000000562,1156.25
2024-05-23,304733.3500000057,13,156188.3500000057,-1455.0
2024-05-24,306569.6000000057,13,156188.3500000057,381.25
2024-05-26,306325.8500000057,13,156188.3500000057,137.5
2024-05-27,307138.3500000057,13,156188.3500000057,950.0
2024-05-28,305708.3500000057,13,156188.3500000057,-480.0
2024-05-29,302490.8500000057,13,156188.3500000057,-3697.5
2024-05-30,301432.1300000057,19,156184.63000000574,-4752.5
2024-05-31,309181.66000000585,24,159181.66000000588,0.0
2024-06-02,309266.66000000585,2,159181.66000000588,85.0
2024-06-03,310427.38000000594,10,160426.13000000597,1.25
2024-06-04,311195.560000006,4,160921.81000000602,273.75
2024-06-05,311991.25000000605,4,161970.00000000608,21.25
2024-06-06,312141.89000000607,4,161968.1400000061,173.75
2024-06-07,312169.4500000061,6,162590.70000000615,-421.25
2024-06-09,312236.9500000061,6,162590.70000000615,-353.75
2024-06-10,312760.71000000613,8,162589.46000000616,171.25
2024-06-11,313725.1400000062,9,163710.1400000062,15.0
2024-06-12,314102.6800000062,5,164057.68000000625,45.0
2024-06-13,314376.44000000623,7,164056.44000000626,320.0
2024-06-14,314175.19000000623,7,164056.44000000626,118.75
2024-06-16,314175.19000000623,7,164056.44000000626,118.75
2024-06-17,315042.7500000063,7,165052.75000000632,-10.0
2024-06-18,315116.5000000063,1,165052.75000000632,63.75
2024-06-19,315166.5000000063,1,165052.75000000632,113.75
2024-06-20,314884.05000000633,9,165171.55000000636,-287.5
2024-06-21,314554.68000000634,10,165170.93000000637,-616.25
2024-06-23,314067.18000000634,10,165170.93000000637,-1103.75
2024-06-24,313944.06000000634,11,165170.31000000637,-1226.25
2024-06-25,314837.81000000634,11,165170.31000000637,-332.5
2024-06-26,313889.06000000634,11,165170.31000000637,-1281.25
2024-06-27,316020.31000000634,11,165170.31000000637,850.0
2024-06-28,315911.67000000644,11,166542.92000000647,-631.25
2024-06-30,316131.67000000644,11,166542.92000000647,-411.25
2024-07-01,315373.55000000645,12,166542.30000000648,-1168.75
2024-07-02,318009.2400000065,12,168035.49000000654,-26.25
2024-07-03,318143.0000000065,1,168159.25000000655,-16.25
2024-07-04,318165.5000000065,1,168159.25000000655,6.25
2024-07-05,318406.77000000654,2,168408.02000000657,-1.25
2024-07-07,318403.02000000654,1,168408.02000000657,-5.0
2024-07-08,318521.77000000654,1,168408.02000000657,113.75
2024-07-09,318519.91000000655,2,168531.16000000658,-11.25
2024-07-10,318900.5600000066,2,168904.3100000066,-3.75
2024-07-11,318057.4800000066,10,168898.73000000665,-841.25
2024-07-12,319689.4600000067,10,170394.46000000674,-705.0
2024-07-14,319951.9600000067,7,170394.46000000674,-442.5
2024-07-15,321387.0400000068,9,171263.29000000682,123.75
2024-07-16,322355.84000000684,9,172382.09000000687,-26.25
2024-07-17,322107.74000000686,6,172378.9900000069,-271.25
2024-07-18,320660.9200000069,17,172372.17000000694,-1711.25
2024-07-19,316294.07000000693,22,172369.07000000696,-6075.0
2024-07-21,317476.57000000693,22,172369.07000000696,-4892.5
2024-07-22,321464.07000000693,22,172369.07000000696,-905.0
2024-07-23,318796.57000000693,22,172369.07000000696,-3572.5
2024-07-24,307652.870000007,32,172362.870000007,-14710.0
2024-07-25,303852.870000007,32,172362.870000007,-18510.0
2024-07-26,309932.870000007,32,172362.870000007,-12430.0
2024-07-28,313852.870000007,32,172362.870000007,-8510.0
2024-07-29,308372.870000007,32,172362.870000007,-13990.0
2024-07-30,309372.870000007,32,172362.870000007,-12990.0
2024-07-31,324772.870000007,32,172362.870000007,2410.0
2024-08-01,300852.870000007,32,172362.870000007,-21510.0
2024-08-02,287332.870000007,32,172362.870000007,-35030.0
2024-08-04,276892.870000007,32,172362.870000007,-45470.0
2024-08-05,277532.870000007,32,172362.870000007,-44830.0
2024-08-06,279732.870000007,32,172362.870000007,-42630.0
2024-08-07,266292.870000007,32,172362.870000007,-56070.0
2024-08-08,286812.870000007,32,172362.870000007,-35550.0
2024-08-09,288452.870000007,32,172362.870000007,-33910.0
2024-08-11,289012.870000007,32,172362.870000007,-33350.0
2024-08-12,290132.870000007,32,172362.870000007,-32230.0
2024-08-13,303252.870000007,32,172362.870000007,-19110.0
2024-08-14,308511.000000007,32,172387.250000007,-13876.25
2024-08-15,319707.94000000705,31,173645.44000000707,-3937.5
2024-08-16,319972.95000000705,18,173694.20000000708,-3721.25
2024-08-18,320412.95000000705,16,173694.20000000708,-3281.25
2024-08-19,323008.6200000071,16,173913.62000000713,-905.0
2024-08-20,323012.3800000071,7,173962.38000000714,-950.0
2024-08-21,323356.1400000071,5,174011.14000000714,-655.0
2024-08-22,323271.7700000071,3,174048.02000000715,-776.25
2024-08-23,323679.2700000071,2,174048.02000000715,-368.75
2024-08-25,323629.2700000071,2,174048.02000000715,-418.75
2024-08-26,323673.6500000071,2,174072.40000000715,-398.75
2024-08-27,323712.4000000071,1,174072.40000000715,-360.0
2024-08-28,323444.9000000071,1,174072.40000000715,-627.5
2024-08-29,323598.6500000071,1,174072.40000000715,-473.75
2024-08-30,323782.4000000071,1,174072.40000000715,-290.0
2024-09-01,323764.9000000071,1,174072.40000000715,-307.5
2024-09-02,323761.1500000071,1,174072.40000000715,-311.25
2024-09-03,323073.6500000071,1,174072.40000000715,-998.75
2024-09-04,323106.1500000071,1,174072.40000000715,-966.25
2024-09-05,323024.9000000071,1,174072.40000000715,-1047.5
2024-09-06,322518.6500000071,1,174072.40000000715,-1553.75
2024-09-08,322674.9000000071,1,174072.40000000715,-1397.5
2024-09-09,322883.6500000071,1,174072.40000000715,-1188.75
2024-09-10,322889.9000000071,1,174072.40000000715,-1182.5
2024-09-11,323338.6500000071,1,174072.40000000715,-733.75
2024-09-12,323524.9000000071,1,174072.40000000715,-547.5
2024-09-13,323633.6500000071,1,174072.40000000715,-438.75
2024-09-15,323663.6500000071,1,174072.40000000715,-408.75
2024-09-16,323658.66000000713,1,174069.91000000716,-411.25
2024-09-17,323706.16000000713,1,174069.91000000716,-363.75
2024-09-18,323871.16000000713,1,174069.91000000716,-198.75
2024-09-19,324041.81000000716,4,174091.8100000072,-50.0
2024-09-20,324036.2100000072,9,174088.7100000072,-52.5
2024-09-22,324969.9600000072,9,174088.7100000072,881.25
2024-09-23,324474.9600000072,9,174088.7100000072,386.25
2024-09-24,325476.90000000724,9,175209.40000000727,267.5
2024-09-25,326343.2000000073,6,175705.70000000732,637.5
2024-09-26,326936.39000000735,7,176882.64000000738,53.75
2024-09-27,326367.64000000735,7,176882.64000000738,-515.0
2024-09-29,326708.89000000735,7,176882.64000000738,-173.75
2024-09-30,328145.8400000074,10,178130.84000000745,15.0
2024-10-01,327195.27000000747,13,178124.0200000075,-928.75
2024-10-02,326697.1500000075,14,178123.4000000075,-1426.25
2024-10-03,326854.6500000075,14,178123.4000000075,-1268.75
2024-10-04,330612.9100000076,14,180619.16000000763,-6.25
2024-10-06,330616.6600000076,1,180619.16000000763,-2.5
2024-10-07,329595.45000000764,9,180614.20000000767,-1018.75
2024-10-08,331843.6400000077,9,181736.14000000773,107.5
2024-10-09,332467.43000000773,4,182358.68000000776,108.75
2024-10-10,332528.69000000774,4,182357.44000000777,171.25
2024-10-11,332875.59000000777,4,182855.5900000078,20.0
2024-10-13,332886.84000000777,1,182855.5900000078,31.25
2024-10-14,333287.4900000078,2,183112.49000000782,175.0
2024-10-15,332706.2800000078,10,183107.53000000786,-401.25
2024-10-16,332981.2800000078,10,183107.53000000786,-126.25
2024-10-17,334867.6100000079,10,185408.86000000793,-541.25
2024-10-18,335565.1100000079,6,185408.86000000793,156.25
2024-10-20,335580.1100000079,6,185408.86000000793,171.25
2024-10-21,335057.0000000079,9,185407.00000000795,-350.0
2024-10-22,335251.3800000079,10,185406.38000000795,-155.0
2024-10-23,334245.80000000796,19,185400.800000008,-1155.0
2024-10-24,333960.80000000796,19,185400.800000008,-1440.0
2024-10-25,336876.5600000081,19,187767.81000000812,-891.25
2024-10-27,338126.5600000081,8,187767.81000000812,358.75
2024-10-28,337296.5600000081,8,187767.81000000812,-471.25
2024-10-29,338476.5600000081,8,187767.81000000812,708.75
2024-10-30,336316.5600000081,8,187767.81000000812,-1451.25
2024-10-31,331823.49000000814,19,187760.99000000817,-5937.5
2024-11-01,332892.24000000814,19,187760.99000000817,-4868.75
2024-11-03,334174.74000000814,19,187760.99000000817,-3586.25
2024-11-04,331395.37000000814,20,187760.37000000817,-6365.0
2024-11-05,345970.37000000814,20,187760.37000000817,8210.0
2024-11-06,351655.5300000083,20,201603.03000000832,52.5
2024-11-07,351931.1900000083,3,201973.69000000836,-42.5
2024-11-08,352294.97000000835,3,202347.47000000838,-52.5
2024-11-10,352489.97000000835,3,202347.47000000838,142.5
2024-11-11,352411.85000000836,4,202346.8500000084,65.0
2024-11-12,352021.8700000084,8,202344.3700000084,-322.5
2024-11-13,352361.8700000084,8,202344.3700000084,17.5
2024-11-14,349945.6400000084,12,202341.89000000842,-2396.25
2024-11-15,345883.82000000845,23,202335.07000000848,-6451.25
2024-11-17,347493.82000000845,23,202335.07000000848,-4841.25
2024-11-18,349362.57000000845,23,202335.07000000848,-2972.5
2024-11-19,351346.32000000845,23,202335.07000000848,-988.75
2024-11-20,348643.82000000845,23,202335.07000000848,-3691.25
2024-11-21,355108.95000000857,23,205211.4500000086,-102.5
2024-11-22,355574.5800000086,4,205210.8300000086,363.75
2024-11-24,356029.5800000086,4,205210.8300000086,818.75
2024-11-25,356410.8900000086,8,206277.14000000866,133.75
2024-11-26,357373.4400000087,8,207274.6900000087,98.75
2024-11-27,357487.2100000087,6,207272.21000000872,215.0
2024-11-28,357854.7100000087,6,207272.21000000872,582.5
2024-11-29,358070.3700000087,6,208022.87000000876,47.5
2024-12-01,358014.1200000087,1,208022.87000000876,-8.75
2024-12-02,358142.88000000874,1,208146.63000000876,-3.75
2024-12-03,358452.27000000875,4,208144.77000000878,307.5
2024-12-04,358777.3000000088,4,208643.5500000088,133.75
2024-12-05,358619.2100000088,5,208890.46000000884,-271.25
2024-12-06,358919.2100000088,5,208890.46000000884,28.75
2024-12-08,358856.7100000088,5,208890.46000000884,-33.75
2024-12-09,357816.7300000088,9,208887.98000000886,-1071.25
2024-12-10,357271.75000000885,13,208885.50000000888,-1613.75
2024-12-11,360351.8300000089,13,210511.83000000895,-160.0
2024-12-12,359953.73000000895,8,210508.73000000897,-555.0
2024-12-13,359355.62000000896,11,210506.870000009,-1151.25
2024-12-15,359754.37000000896,11,210506.870000009,-752.5
2024-12-16,360689.48000000895,11,210479.48000000897,210.0
2024-12-17,359974.48000000895,11,210479.48000000897,-505.0
2024-12-18,340803.96000000904,32,210466.46000000907,-19662.5
2024-12-19,335403.96000000904,32,210466.46000000907,-25062.5
2024-12-20,348683.96000000904,32,210466.46000000907,-11782.5
2024-12-22,353803.96000000904,32,210466.46000000907,-6662.5
2024-12-23,354923.96000000904,32,210466.46000000907,-5542.5
2024-12-24,364478.5000000092,32,214463.50000000923,15.0
2024-12-25,364491.0000000092,1,214463.50000000923,27.5
2024-12-26,364721.05000000924,4,214958.55000000927,-237.5
2024-12-27,364417.3600000093,15,214951.11000000933,-533.75
2024-12-29,363554.8600000093,15,214951.11000000933,-1396.25
2024-12-30,359335.5100000093,20,214948.01000000935,-5612.5
2024-12-31,357734.8900000093,21,214947.39000000936,-7212.5
2025-01-01,359519.8900000093,21,214947.39000000936,-5427.5
2025-01-02,357518.67000000936,27,214943.67000000938,-7425.0
2025-01-03,365348.67000000936,27,214943.67000000938,405.0
2025-01-05,365686.17000000936,27,214943.67000000938,742.5
2025-01-06,370931.37000000954,27,221827.62000000957,-896.25
2025-01-07,367932.0500000096,22,221820.80000000962,-3888.75
2025-01-08,365848.3100000096,24,221819.56000000963,-5971.25
2025-01-09,365788.3100000096,24,221819.56000000963,-6031.25
2025-01-10,354657.10000000964,32,221814.60000000967,-17157.5
2025-01-12,351457.10000000964,32,221814.60000000967,-20357.5
2025-01-13,359577.10000000964,32,221814.60000000967,-12237.5
2025-01-14,358257.10000000964,32,221814.60000000967,-13557.5
2025-01-15,375784.7700000098,32,225796.02000000983,-11.25
2025-01-16,375872.9100000098,5,225794.16000000984,78.75
2025-01-17,376986.1000000099,5,227133.6000000099,-147.5
2025-01-19,376976.1000000099,4,227133.6000000099,-157.5
2025-01-20,377171.1000000099,4,227133.6000000099,37.5
2025-01-21,378255.54000000993,4,228131.79000000996,123.75
2025-01-22,378329.30000000994,1,228313.05000000997,16.25
2025-01-23,378548.69000000996,2,228436.19000000998,112.5
2025-01-24,378329.36000001,7,228680.61000001003,-351.25
2025-01-26,376360.61000001,7,228680.61000001003,-2320.0
2025-01-27,375519.99000001,8,228679.99000001003,-3160.0
2025-01-28,377509.99000001,8,228679.99000001003,-1170.0
2025-01-29,377239.99000001,8,228679.99000001003,-1440.0
2025-01-30,378099.99000001,8,228679.99000001003,-580.0
2025-01-31,376249.99000001,8,228679.99000001003,-2430.0
2025-02-02,371369.99000001,8,228679.99000001003,-7310.0
2025-02-03,376478.14000001,13,228676.89000001005,-2198.75
2025-02-04,376981.89000001,13,228676.89000001005,-1695.0
2025-02-05,380305.0800000101,13,230305.08000001012,0.0
2025-02-06,380650.7300000101,5,230301.98000001014,348.75
2025-02-07,379648.3000000102,9,230923.3000000102,-1275.0
2025-02-09,380289.5500000102,9,230923.3000000102,-633.75
2025-02-10,380773.3000000102,9,230923.3000000102,-150.0
2025-02-11,381324.5500000102,9,230923.3000000102,401.25
2025-02-12,381612.6800000102,10,230922.6800000102,690.0
2025-02-13,382538.38000001025,10,232440.88000001028,97.5
2025-02-14,382490.88000001025,1,232440.88000001028,50.0
2025-02-16,382543.38000001025,1,232440.88000001028,102.5
2025-02-17,382549.63000001025,1,232440.88000001028,108.75
2025-02-18,382589.64000001026,1,232564.6400000103,25.0
2025-02-19,382580.9200000103,3,232812.17000001032,-231.25
2025-02-20,382455.9500000103,9,232808.45000001034,-352.5
2025-02-21,375605.3900000104,22,232800.3900000104,-7195.0
2025-02-23,378657.8900000104,22,232800.3900000104,-4142.5
2025-02-24,373311.6600000104,26,232797.91000001042,-9486.25
2025-02-25,371252.9400000104,32,232794.19000001045,-11541.25
2025-02-26,368692.9400000104,32,232794.19000001045,-14101.25
2025-02-27,353292.9400000104,32,232794.19000001045,-29501.25
2025-02-28,366052.9400000104,32,232794.19000001045,-16741.25
2025-03-02,368332.9400000104,32,232794.19000001045,-14461.25
2025-03-03,352132.9400000104,32,232794.19000001045,-30661.25
2025-03-04,345052.9400000104,32,232794.19000001045,-37741.25
2025-03-05,348652.9400000104,32,232794.19000001045,-34141.25
2025-03-06,334972.9400000104,32,232794.19000001045,-47821.25
2025-03-07,336252.9400000104,32,232794.19000001045,-46541.25
2025-03-09,332852.9400000104,32,232794.19000001045,-49941.25
2025-03-10,312692.9400000104,32,232794.19000001045,-70101.25
2025-03-11,307092.9400000104,32,232794.19000001045,-75701.25
2025-03-12,307052.9400000104,32,232794.19000001045,-75741.25
2025-03-13,303932.9400000104,32,232794.19000001045,-78861.25
2025-03-14,313372.9400000104,32,232794.19000001045,-69421.25
2025-03-16,310292.9400000104,32,232794.19000001045,-72501.25
2025-03-17,318493.2600000105,32,232714.51000001046,-64221.25
2025-03-18,313333.2600000105,32,232714.51000001046,-69381.25
2025-03-19,325413.2600000105,32,232714.51000001046,-57301.25
2025-03-20,318853.2600000105,32,232714.51000001046,-63861.25
2025-03-21,319653.2600000105,32,232714.51000001046,-63061.25
2025-03-23,325093.2600000105,32,232714.51000001046,-57621.25
2025-03-24,333573.2600000105,32,232714.51000001046,-49141.25
2025-03-25,336493.2600000105,32,232714.51000001046,-46221.25
2025-03-26,327133.2600000105,32,232714.51000001046,-55581.25
2025-03-27,323613.2600000105,32,232714.51000001046,-59101.25
2025-03-28,300853.2600000105,32,232714.51000001046,-81861.25
2025-03-30,296973.2600000105,32,232714.51000001046,-85741.25
2025-03-31,306013.2600000105,32,232714.51000001046,-76701.25
2025-04-01,311013.2600000105,32,232714.51000001046,-71701.25
2025-04-02,292973.2600000105,32,232714.51000001046,-89741.25
2025-04-03,268613.2600000105,32,232714.51000001046,-114101.25
2025-04-04,219933.2600000105,32,232714.51000001046,-162781.25
2025-04-06,193413.2600000105,32,232714.51000001046,-189301.25
2025-04-07,231573.2600000105,32,232714.51000001046,-151141.25
2025-04-08,192253.2600000105,32,232714.51000001046,-190461.25
2025-04-09,277173.2600000105,32,232714.51000001046,-105541.25
2025-04-10,252413.2600000105,32,232714.51000001046,-130301.25
2025-04-11,267773.2600000105,32,232714.51000001046,-114941.25
2025-04-13,274373.2600000105,32,232714.51000001046,-108341.25
2025-04-14,274413.2600000105,32,232714.51000001046,-108301.25
2025-04-15,265213.2600000105,32,232714.51000001046,-117501.25
2025-04-16,259573.2600000105,32,232714.51000001046,-123141.25
2025-04-17,256693.2600000105,32,232714.51000001046,-126021.25
2025-04-20,247213.2600000105,32,232714.51000001046,-135501.25
2025-04-21,237013.2600000105,32,232714.51000001046,-145701.25
2025-04-22,267653.2600000105,32,232714.51000001046,-115061.25
2025-04-23,267333.2600000105,32,232714.51000001046,-115381.25
2025-04-24,291053.2600000105,32,232714.51000001046,-91661.25
2025-04-25,292853.2600000105,32,232714.51000001046,-89861.25
2025-04-27,287413.2600000105,32,232714.51000001046,-95301.25
2025-04-28,294413.2600000105,32,232714.51000001046,-88301.25
2025-04-29,293653.2600000105,32,232714.51000001046,-89061.25
2025-04-30,308093.2600000105,32,232714.51000001046,-74621.25
2025-05-01,311293.2600000105,32,232714.51000001046,-71421.25
2025-05-02,318133.2600000105,32,232714.51000001046,-64581.25
2025-05-04,311573.2600000105,32,232714.51000001046,-71141.25
2025-05-05,310493.2600000105,32,232714.51000001046,-72221.25
2025-05-06,309893.2600000105,32,232714.51000001046,-72821.25
2025-05-07,315933.2600000105,32,232714.51000001046,-66781.25
2025-05-08,315013.2600000105,32,232714.51000001046,-67701.25
2025-05-09,313893.2600000105,32,232714.51000001046,-68821.25
2025-05-11,326093.2600000105,32,232714.51000001046,-56621.25
2025-05-12,339293.2600000105,32,232714.51000001046,-43421.25
2025-05-13,349333.2600000105,32,232714.51000001046,-33381.25
2025-05-14,348133.2600000105,32,232714.51000001046,-34581.25
2025-05-15,353773.2600000105,32,232714.51000001046,-28941.25
2025-05-16,356213.2600000105,32,232714.51000001046,-26501.25
2025-05-18,350293.2600000105,32,232714.51000001046,-32421.25
2025-05-19,358933.2600000105,32,232714.51000001046,-23781.25
2025-05-20,355333.2600000105,32,232714.51000001046,-27381.25
2025-05-21,342933.2600000105,32,232714.51000001046,-39781.25
2025-05-22,342373.2600000105,32,232714.51000001046,-40341.25
2025-05-23,334813.2600000105,32,232714.51000001046,-47901.25
2025-05-25,344453.2600000105,32,232714.51000001046,-38261.25
2025-05-26,342733.2600000105,32,232714.51000001046,-39981.25
2025-05-27,353253.2600000105,32,232714.51000001046,-29461.25
2025-05-28,363573.2600000105,32,232714.51000001046,-19141.25
2025-05-29,349933.2600000105,32,232714.51000001046,-32781.25
2025-05-30,350653.2600000105,32,232714.51000001046,-32061.25
2025-06-01,346533.2600000105,32,232714.51000001046,-36181.25
2025-06-02,352493.2600000105,32,232714.51000001046,-30221.25
2025-06-03,360773.2600000105,32,232714.51000001046,-21941.25
2025-06-04,360693.2600000105,32,232714.51000001046,-22021.25
2025-06-05,358053.2600000105,32,232714.51000001046,-24661.25
2025-06-06,366105.1400000105,32,232738.89000001046,-16633.75
2025-06-08,363973.8900000105,31,232738.89000001046,-18765.0
2025-06-09,369935.7700000105,31,232763.27000001047,-12827.5
2025-06-10,369176.4100000105,30,232836.41000001048,-13660.0
2025-06-11,367165.8000000105,27,232914.5500000105,-15748.75
2025-06-12,361405.8000000105,24,232914.5500000105,-21508.75
2025-06-13,363475.8000000105,24,232914.5500000105,-19438.75
2025-06-15,364585.8000000105,24,232914.5500000105,-18328.75
2025-06-16,367856.0400000105,24,232854.7900000105,-14998.75
2025-06-17,364496.0400000105,24,232854.7900000105,-18358.75
2025-06-18,362606.0400000105,24,232854.7900000105,-20248.75
2025-06-19,362096.0400000105,24,232854.7900000105,-20758.75
2025-06-20,362606.0400000105,24,232854.7900000105,-20248.75
2025-06-22,359726.0400000105,24,232854.7900000105,-23128.75
2025-06-23,373076.0400000105,24,232854.7900000105,-9778.75
2025-06-24,376661.69000001054,24,232976.6900000105,-6315.0
2025-06-25,377538.57000001054,19,233001.0700000105,-5462.5
2025-06-26,381214.2300000106,18,233187.98000001055,-1973.75
2025-06-27,382278.6300000106,11,233311.13000001057,-1032.5
2025-06-29,383088.6300000106,6,233311.13000001057,-222.5
2025-06-30,383216.1500000106,6,233429.9000000106,-213.75
2025-07-01,383333.6500000106,2,233429.9000000106,-96.25
2025-07-02,383495.54000001063,2,233478.0400000106,17.5
2025-07-03,383576.19000001065,2,233724.94000001063,-148.75
2025-07-04,383331.19000001065,2,233724.94000001063,-393.75
2025-07-06,383508.69000001065,2,233724.94000001063,-216.25
2025-07-07,383029.9900000107,12,233718.74000001067,-688.75
2025-07-08,382369.9900000107,12,233718.74000001067,-1348.75
2025-07-09,385130.7100000108,12,235208.21000001076,-77.5
2025-07-10,386028.2500000108,7,236079.5000000108,-51.25
2025-07-11,386020.14000001084,4,236077.6400000108,-57.5
2025-07-13,385610.14000001084,4,236077.6400000108,-467.5
2025-07-14,386480.14000001084,4,236077.6400000108,402.5
2025-07-15,384744.5900000109,11,236885.84000001088,-2141.25
2025-07-16,386655.24000001093,16,236882.7400000109,-227.5
2025-07-17,389172.22000001103,16,239133.470000011,38.75
2025-07-18,389142.86000001105,4,239131.61000001102,11.25
2025-07-20,389227.86000001105,4,239131.61000001102,96.25
2025-07-21,389507.9000000111,4,239627.90000001105,-120.0
2025-07-22,390217.2900000111,7,239626.04000001107,591.25
2025-07-23,390991.10000001115,7,240932.35000001112,58.75
2025-07-24,391206.1200000112,3,241054.87000001114,151.25
2025-07-25,391341.1200000112,3,241054.87000001114,286.25
2025-07-27,391686.1200000112,3,241054.87000001114,631.25
2025-07-28,391386.1200000112,3,241054.87000001114,331.25
2025-07-29,391249.3000000112,8,241458.0500000112,-208.75
2025-07-30,393057.5100000113,12,242951.26000001127,106.25
2025-07-31,390826.94000001135,12,242944.44000001132,-2117.5
2025-08-01,384412.6100000114,21,242938.86000001137,-8526.25
2025-08-03,387195.1100000114,21,242938.86000001137,-5743.75
2025-08-04,395175.1100000114,21,242938.86000001137,2236.25
2025-08-05,395339.64000001154,21,245549.6400000115,-210.0
2025-08-06,396988.4500000116,10,246794.70000001157,193.75
2025-08-07,397932.89000001166,11,247172.89000001163,760.0
2025-08-08,398840.47000001173,11,248666.7200000117,173.75
2025-08-10,398836.72000001173,3,248666.7200000117,170.0
2025-08-11,398631.11000001174,6,248664.86000001171,-33.75
2025-08-12,400011.8100000118,6,249913.06000001178,98.75
2025-08-13,400247.46000001184,4,250122.4600000118,125.0
2025-08-14,400612.46000001184,4,250122.4600000118,490.0
2025-08-15,399953.09000001184,5,250121.8400000118,-168.75
2025-08-17,400309.34000001184,5,250121.8400000118,187.5
2025-08-18,399787.47000001185,6,250121.22000001182,-333.75
2025-08-19,397398.1300000119,13,250116.88000001185,-2718.75
2025-08-20,398810.0500000119,22,250111.3000000119,-1301.25
2025-08-21,395702.5500000119,22,250111.3000000119,-4408.75
2025-08-22,403250.82000001206,22,252987.07000001203,263.75
2025-08-24,403069.57000001206,5,252987.07000001203,82.5
2025-08-25,402247.70000001206,6,252986.45000001203,-738.75
2025-08-26,403650.83000001207,7,252985.83000001204,665.0
2025-08-27,403915.8800000121,7,253854.63000001208,61.25
2025-08-28,404215.90000001213,3,254228.4000000121,-12.5
2025-08-29,403786.56000001216,8,254224.06000001213,-437.5
2025-08-31,403656.56000001216,8,254224.06000001213,-567.5
2025-09-01,403596.56000001216,8,254224.06000001213,-627.5
2025-09-02,402759.7000000122,11,254222.20000001215,-1462.5
2025-09-03,404423.4500000122,11,254222.20000001215,201.25
2025-09-04,405781.02000001224,11,255722.2700000122,58.75
2025-09-05,405306.7200000123,14,255837.97000001228,-531.25
2025-09-07,406076.7200000123,14,255837.97000001228,238.75
2025-09-08,407126.7200000123,14,255837.97000001228,1288.75
2025-09-09,407667.4200000124,14,257589.92000001235,77.5
2025-09-10,408022.4500000124,5,257742.45000001238,280.0
2025-09-11,408696.88000001246,5,258615.63000001243,81.25
2025-09-12,408676.88000001246,2,258615.63000001243,61.25
2025-09-14,408714.38000001246,2,258615.63000001243,98.75
2025-09-15,409051.92000001244,2,258874.42000001244,177.5
2025-09-16,408849.42000001244,2,258874.42000001244,-25.0
2025-09-17,410610.77000001253,9,259992.02000001253,618.75
2025-09-18,410747.0800000126,4,260768.3300000126,-21.25
2025-09-19,411235.8600000126,4,261268.36000001262,-32.5
2025-09-21,411215.8600000126,2,261268.36000001262,-52.5
2025-09-22,411684.01000001264,3,261640.26000001264,43.75
2025-09-23,411359.04000001267,7,261636.54000001267,-277.5
2025-09-24,411282.1900000127,12,261633.4400000127,-351.25
2025-09-25,408990.9700000127,18,261629.72000001272,-2638.75
2025-09-26,412590.9700000127,18,261629.72000001272,961.25
2025-09-28,414210.9700000127,18,261629.72000001272,2581.25
2025-09-29,414856.7100000128,18,264759.2100000128,97.5
2025-09-30,415035.50000001286,5,265383.00000001286,-347.5
2025-10-01,415953.0300000129,4,265879.2800000129,73.75
2025-10-02,416612.4400000129,6,266004.9400000129,607.5
2025-10-03,416527.500000013,6,266747.500000013,-220.0
2025-10-05,417142.500000013,6,266747.500000013,395.0
2025-10-06,417375.040000013,6,267497.540000013,-122.5
2025-10-07,417449.45000001305,9,267493.20000001305,-43.75
2025-10-08,418623.8800000131,9,268612.6300000131,11.25
2025-10-09,418718.2800000131,7,268609.5300000131,108.75
2025-10-10,399259.6300000132,27,268597.1300000132,-19337.5
2025-10-12,415257.1300000132,27,268597.1300000132,-3340.0
2025-10-13,418429.6300000132,27,268597.1300000132,-167.5
2025-10-14,421931.6700000134,27,271952.9200000134,-21.25
2025-10-15,423428.0300000135,14,273130.5300000135,297.5
2025-10-16,421876.2900000136,14,274916.2900000136,-3040.0
2025-10-17,426587.6200000137,13,276546.3700000137,41.25
2025-10-19,426771.3700000137,3,276546.3700000137,225.0
2025-10-20,427159.5300000137,3,277042.0300000137,117.5
2025-10-21,427182.0300000137,2,277042.0300000137,140.0
2025-10-22,427415.82000001374,10,277037.07000001374,378.75
2025-10-23,429013.43000001385,10,278905.93000001385,107.5
2025-10-24,429320.3400000139,3,279461.5900000139,-141.25
2025-10-26,430111.5900000139,3,279461.5900000139,650.0
2025-10-27,430429.1300000139,3,280429.1300000139,0.0
2025-10-28,430638.52000001393,2,280552.27000001393,86.25
2025-10-29,431643.580000014,5,281169.830000014,473.75
2025-10-30,431598.610000014,10,281166.110000014,432.5
2025-10-31,430439.870000014,12,281164.870000014,-725.0
2025-11-02,431294.870000014,12,281164.870000014,130.0
2025-11-03,429104.870000014,12,281164.870000014,-2060.0
2025-11-04,424978.01000001404,15,281163.01000001404,-6185.0
2025-11-05,428162.39000001404,16,281162.39000001404,-3000.0
2025-11-06,421562.4300000141,24,281157.4300000141,-9595.0
2025-11-07,426543.7200000141,32,281152.4700000141,-4608.75
2025-11-09,432463.7200000141,32,281152.4700000141,1311.25
2025-11-10,435872.0700000143,32,285907.0700000143,-35.0
2025-11-11,436512.74000001437,4,286405.24000001437,107.5
2025-11-12,436854.0000000144,4,286404.0000000144,450.0
2025-11-13,430770.95000001445,19,286394.70000001445,-5623.75
2025-11-14,432849.71000001446,21,286393.46000001446,-3543.75
2025-11-16,435028.46000001446,21,286393.46000001446,-1365.0
2025-11-17,421964.72000001447,23,286392.22000001447,-14427.5
2025-11-18,418237.8800000145,30,286387.8800000145,-18150.0
2025-11-19,436387.8800000145,30,286387.8800000145,0.0
2025-11-20,427703.17000001477,30,290101.92000001477,-12398.75
2025-11-21,435748.8000000148,29,290101.3000000148,-4352.5
2025-11-23,438250.0500000148,29,290101.3000000148,-1851.25
2025-11-24,444334.640000015,29,294360.890000015,-26.25
2025-11-25,445930.3700000151,8,295850.3700000151,80.0
2025-11-26,446234.7800000151,2,296222.2800000151,12.5
2025-11-27,446287.2800000151,2,296222.2800000151,65.0
2025-11-28,446548.5500000151,2,296469.8000000151,78.75
2025-11-30,446061.0500000151,2,296469.8000000151,-408.75
2025-12-01,446185.4300000151,3,296469.1800000151,-283.75
2025-12-02,446699.1800000151,3,296469.1800000151,230.0
2025-12-03,446835.45000001515,3,296842.95000001515,-7.5
2025-12-04,447531.72000001516,5,296840.47000001516,691.25
2025-12-05,447551.1400000152,5,297463.6400000152,87.5
2025-12-07,447776.1400000152,4,297463.6400000152,312.5
2025-12-08,447464.29000001523,9,297460.54000001523,3.75
2025-12-09,447014.29000001523,9,297460.54000001523,-446.25
2025-12-10,448541.2600000153,9,299078.7600000153,-537.5
2025-12-11,450025.7100000154,7,300071.9600000154,-46.25
2025-12-12,448368.27000001544,13,300064.52000001544,-1696.25
2025-12-14,449375.77000001544,13,300064.52000001544,-688.75
2025-12-15,445752.15000001545,13,300032.15000001545,-4280.0
2025-12-16,445684.0700000155,22,300026.5700000155,-4342.5
2025-12-17,439157.2300000155,29,300022.2300000155,-10865.0
2025-12-18,445754.7300000155,29,300022.2300000155,-4267.5
2025-12-19,453718.01000001567,29,303638.01000001567,80.0
2025-12-21,453833.01000001567,2,303638.01000001567,195.0
2025-12-22,454074.2800000157,2,303995.5300000157,78.75
2025-12-23,454714.96000001574,4,304741.21000001574,-26.25
2025-12-24,454840.60000001575,2,304864.35000001575,-23.75
2025-12-25,454855.60000001575,2,304864.35000001575,-8.75
2025-12-26,454826.23000001576,3,304863.73000001576,-37.5
2025-12-28,454829.98000001576,3,304863.73000001576,-33.75
2025-12-29,454663.12000001577,6,304861.87000001577,-198.75
2025-12-30,454025.62000001577,6,304861.87000001577,-836.25
2025-12-31,451845.0400000158,15,304856.2900000158,-3011.25
2026-01-01,453982.5400000158,15,304856.2900000158,-873.75
2026-01-02,452816.31000001583,19,304853.81000001583,-2037.5
2026-01-04,453861.31000001583,19,304853.81000001583,-992.5
2026-01-05,457403.92000001593,19,307220.17000001593,183.75
2026-01-06,457966.470000016,3,307963.970000016,2.5
2026-01-07,456874.03000001604,9,308206.53000001604,-1332.5
2026-01-08,457305.29000001604,11,308205.29000001604,-900.0
2026-01-09,459580.3500000161,11,309580.3500000161,0.0
2026-01-11,459394.1000000161,1,309580.3500000161,-186.25
2026-01-12,459794.1200000161,2,309827.8700000161,-33.75
2026-01-13,459644.77000001614,6,309824.77000001614,-180.0
2026-01-14,459016.0600000162,14,309819.8100000162,-803.75
2026-01-15,462956.1600000163,14,312608.6600000163,347.5
2026-01-16,462317.4200000163,8,312607.4200000163,-290.0
2026-01-18,459787.4200000163,8,312607.4200000163,-2820.0
2026-01-19,459297.4200000163,8,312607.4200000163,-3310.0
2026-01-20,457053.10000001633,19,312600.60000001633,-5547.5
2026-01-21,465192.60000001645,19,314970.10000001645,222.5
2026-01-22,466338.2800000165,6,315973.2800000165,365.0
2026-01-23,465753.9100000165,6,315972.6600000165,-218.75
2026-01-25,465566.4100000165,6,315972.6600000165,-406.25
2026-01-26,467064.59000001656,6,316847.09000001656,217.5
2026-01-27,467400.2400000166,3,317218.9900000166,181.25
2026-01-28,467618.3800000166,5,317217.1300000166,401.25
2026-01-29,469117.2700000167,16,319217.2700000167,-100.0
2026-01-30,469583.56000001676,9,319212.31000001676,371.25
2026-02-01,466759.81000001676,9,319212.31000001676,-2452.5
2026-02-02,471082.40000001685,9,320703.65000001685,378.75
2026-02-03,470629.9700000169,17,320694.9700000169,-65.0
2026-02-04,467639.99000001693,21,320692.49000001693,-3052.5
2026-02-05,453853.78000001697,29,320687.53000001697,-16833.75
2026-02-06,474539.58000001713,29,324563.33000001713,-23.75
2026-02-08,474669.58000001713,2,324563.33000001713,106.25
2026-02-09,475159.0100000172,3,325184.0100000172,-25.0
2026-02-10,475332.7800000172,7,325181.5300000172,151.25
2026-02-11,476695.3800000173,13,326160.3800000173,535.0
2026-02-12,465925.44000001735,25,326152.94000001735,-10227.5
2026-02-13,465671.08000001736,28,326151.08000001736,-10480.0
2026-02-15,467981.08000001736,28,326151.08000001736,-8170.0
2026-02-16,462486.08000001736,28,326151.08000001736,-13665.0
2026-02-17,471276.1000000174,32,326148.6000000174,-4872.5
2026-02-18,474316.1000000174,32,326148.6000000174,-1832.5
2026-02-19,473516.1000000174,32,326148.6000000174,-2632.5
2026-02-20,480212.53000001755,32,330133.78000001755,78.75
2026-02-22,479132.53000001755,4,330133.78000001755,-1001.25
2026-02-23,479377.5900000176,16,330126.3400000176,-748.75
2026-02-24,482198.3100000177,16,332125.8100000177,72.5
2026-02-25,482745.85000001773,3,332808.35000001773,-62.5
2026-02-26,481565.2900000178,14,332800.2900000178,-1235.0
2026-02-27,480395.3100000178,18,332797.8100000178,-2402.5
2026-03-01,476412.8100000178,18,332797.8100000178,-6385.0
2026-03-02,476982.1900000178,19,332797.1900000178,-5815.0
2026-03-03,474916.61000001786,28,332791.61000001786,-7875.0
2026-03-04,486248.640000018,28,336272.390000018,-23.75
2026-03-05,487781.82000001805,14,336265.57000001805,1516.25
2026-03-06,480436.84000001807,18,336263.09000001807,-5826.25
2026-03-08,468736.84000001807,18,336263.09000001807,-17526.25
2026-03-09,489248.30000001827,26,339755.80000001827,-507.5
2026-03-10,491158.39000001835,7,340747.14000001835,411.25
2026-03-11,486248.4200000184,12,340743.4200000184,-4495.0
2026-03-12,485802.8400000184,21,340737.8400000184,-4935.0
2026-03-13,476988.50000001845,28,340733.50000001845,-13745.0
2026-03-15,483673.50000001845,28,340733.50000001845,-7060.0
2026-03-16,484793.7800000185,28,340663.7800000185,-5870.0
2026-03-17,494525.20000001864,28,344152.70000001864,372.5
2026-03-18,489777.7600000187,18,344145.2600000187,-4367.5
2026-03-19,489079.0200000187,20,344144.0200000187,-5065.0
2026-03-20,481784.08000001876,32,344136.58000001876,-12352.5
2026-03-22,471584.08000001876,32,344136.58000001876,-22552.5
2026-03-23,494700.55000001896,32,348116.80000001896,-3416.25
2026-03-24,498367.440000019,15,348114.940000019,252.5
2026-03-25,499696.3100000191,15,349983.8100000191,-287.5
2026-03-26,495535.75000001915,22,349975.75000001915,-4440.0
2026-03-27,475577.0500000192,32,349969.5500000192,-24392.5
2026-03-29,477377.0500000192,32,349969.5500000192,-22592.5
2026-03-30,482937.0500000192,32,349969.5500000192,-17032.5
2026-03-31,504110.35000001936,32,353955.35000001936,155.0
2026-04-01,501766.69000001944,7,354990.44000001944,-3223.75
2026-04-02,506356.16000001953,10,356236.16000001953,120.0
2026-04-03,506078.66000001953,6,356236.16000001953,-157.5
2026-04-05,506333.66000001953,6,356236.16000001953,97.5
2026-04-06,506915.6100000196,6,357228.1100000196,-312.5
2026-04-07,511141.40000001976,11,359476.40000001976,1665.0
2026-04-08,512320.2800000199,9,362391.5300000199,-71.25
2026-04-09,513479.09000001993,6,363389.09000001993,90.0
2026-04-10,513551.63000001997,6,363634.13000001997,-82.5
2026-04-12,511699.13000001997,6,363634.13000001997,-1935.0
2026-04-13,515108.59000002005,8,364998.59000002005,110.0
2026-04-14,515522.3700000201,1,365419.8700000201,102.5
2026-04-15,516238.68000002013,3,366163.68000002013,75.0
2026-04-16,516618.09000002017,4,366410.59000002017,207.5
2026-04-17,517776.9000000202,4,367715.6500000202,61.25
2026-04-19,516876.9000000202,4,367715.6500000202,-838.75
2026-04-20,518178.80000002024,9,367712.55000002024,466.25
2026-04-21,519139.54000002035,14,368828.29000002035,311.25
2026-04-22,520184.00000002043,14,370581.50000002043,-397.5
2026-04-23,521553.4700000205,16,370944.7200000205,608.75
2026-04-24,523838.59000002063,16,373754.84000002063,83.75
2026-04-26,523911.09000002063,2,373754.84000002063,156.25
2026-04-27,524136.12000002066,3,374127.37000002066,8.75
2026-04-28,524274.2600000207,5,374125.5100000207,148.75
2026-04-29,524158.6400000207,6,374124.8900000207,33.75
2026-04-30,526373.7800000207,6,376213.7800000208,160.0
2026-05-01,525391.9700000209,9,376580.72000002087,-1188.75
2026-05-03,526235.7200000209,9,376580.72000002087,-345.0
2026-05-04,525391.3700000208,14,376577.6200000209,-1186.25
2026-05-05,528802.080000021,14,378320.830000021,481.25
2026-05-06,529445.8700000211,3,379392.120000021,53.75
2026-05-07,529349.6700000211,9,379510.92000002105,-161.25
2026-05-08,530697.2200000212,9,380637.2200000211,60.0
2026-05-10,530652.2200000212,1,380637.2200000211,15.0
2026-05-11,530583.5200000212,5,381006.02000002115,-422.5
2026-05-12,532806.7700000212,13,382623.02000002126,183.75
2026-05-13,533501.2000000214,6,383492.4500000213,8.75
2026-05-14,533746.2400000214,3,383863.74000002135,-117.5
2026-05-15,532006.9000000213,10,383859.4000000214,-1852.5
2026-05-17,530419.4000000213,10,383859.4000000214,-3440.0
2026-05-18,532303.8000000215,15,383856.3000000214,-1552.5
2026-05-19,528800.0600000215,17,383855.0600000214,-5055.0
2026-05-20,536137.6700000216,17,385968.9200000215,168.75
2026-05-21,537823.3900000216,7,387088.3900000216,735.0
2026-05-22,538161.0000000217,6,388682.2500000217,-521.25
2026-05-24,540321.0000000217,6,388682.2500000217,1638.75
2026-05-25,539856.0000000217,6,388682.2500000217,1173.75
2026-05-26,539899.8000000217,6,389639.80000002176,260.0
2026-05-27,540199.8000000217,4,389639.80000002176,560.0
