dt,equity,qty,realized,unrealized
2019-05-05,150000.0,0,0.0,0.0
2019-05-06,149935.65,3,121.89999999999998,-186.25
2019-05-07,149619.49,12,205.7399999999999,-586.25
2019-05-08,148538.26,12,233.25999999999988,-1695.0
2019-05-09,147965.79,13,279.53999999999985,-2313.75
2019-05-10,149565.22,13,357.7199999999998,-792.5
2019-05-12,148065.22,10,357.7199999999998,-2292.5
2019-05-13,146217.74,13,365.2399999999998,-4147.5
2019-05-14,147587.16,12,522.1599999999997,-2935.0
2019-05-15,147702.19,12,573.4399999999997,-2871.25
2019-05-16,148879.72,12,623.4699999999997,-1743.75
2019-05-17,148519.75,12,664.7499999999997,-2145.0
2019-05-19,149028.5,11,664.7499999999997,-1636.25
2019-05-20,148313.53,12,706.0299999999996,-2392.5
2019-05-21,148910.42,12,719.1699999999996,-1808.75
2019-05-22,147719.18,13,727.9299999999996,-3008.75
2019-05-23,146557.94,13,736.6899999999996,-4178.75
2019-05-24,146753.57,13,736.0699999999996,-3982.5
2019-05-26,146672.32,13,736.0699999999996,-4063.75
2019-05-27,147208.57,13,736.0699999999996,-3527.5
2019-05-28,144436.74,15,770.4899999999996,-6333.75
2019-05-29,143719.28,15,805.5299999999995,-7086.25
2019-05-30,142794.92,16,813.6699999999995,-8018.75
2019-05-31,141200.57,16,830.5699999999995,-9630.0
2019-06-02,140080.57,16,830.5699999999995,-10750.0
2019-06-03,141355.01,17,892.5099999999994,-9537.5
2019-06-04,145723.14,15,901.8899999999994,-5178.75
2019-06-05,146700.03,14,940.0299999999994,-4240.0
2019-06-06,148113.16,13,956.9099999999994,-2843.75
2019-06-07,149730.69,12,998.1899999999994,-1267.5
2019-06-09,150060.69,12,998.1899999999994,-937.5
2019-06-10,150748.84,12,1152.5899999999997,-403.75
2019-06-11,150495.11,11,1267.6100000000001,-772.5
2019-06-12,150102.01,10,1294.5100000000007,-1192.5
2019-06-13,151082.65,10,1360.150000000001,-277.5
2019-06-14,150898.93,10,1401.4300000000017,-502.5
2019-06-16,151157.77,9,1379.0200000000016,-221.25
2019-06-17,150881.54,10,1406.540000000002,-525.0
2019-06-18,152382.22,9,2405.970000000003,-23.75
2019-06-19,152641.6,4,2420.350000000003,221.25
2019-06-20,152946.65,6,2882.900000000004,63.75
2019-06-21,152829.80000000002,6,2909.8000000000047,-80.0
2019-06-23,153204.80000000002,6,2909.8000000000047,295.0
2019-06-24,152724.18,7,2909.180000000005,-185.0
2019-06-25,151829.87,12,2961.1200000000063,-1131.25
2019-06-26,152076.13,12,3002.3800000000065,-926.25
2019-06-27,152379.28,12,3054.280000000007,-675.0
2019-06-28,153454.93,11,3137.4300000000076,317.5
2019-06-30,154084.93,8,3137.4300000000076,947.5
2019-07-01,154475.63,8,4470.630000000009,5.0
2019-07-02,154675.68000000002,7,4539.43000000001,136.25
2019-07-03,155181.96000000002,5,5165.710000000011,16.25
2019-07-04,155200.71000000002,1,5165.710000000011,35.0
2019-07-05,155341.38,7,5205.130000000012,136.25
2019-07-07,155201.38,4,5205.130000000012,-3.75
2019-07-08,154858.90000000002,5,5232.650000000012,-373.75
2019-07-09,155260.79,6,5245.790000000013,15.0
2019-07-10,156064.61000000002,5,5894.610000000014,170.0
2019-07-11,156201.51,5,5951.510000000015,250.0
2019-07-12,156275.27000000002,5,5965.270000000015,310.0
2019-07-14,156350.27000000002,4,5965.270000000015,385.0
2019-07-15,156426.55000000002,5,6006.550000000016,420.0
2019-07-16,156210.34000000003,6,6046.5900000000165,163.75
2019-07-17,155007.86000000002,10,6044.110000000017,-1036.25
2019-07-18,156443.51,12,6086.0100000000175,357.5
2019-07-19,154748.56000000003,12,6168.560000000019,-1420.0
2019-07-21,155051.06000000003,11,6168.560000000019,-1117.5
2019-07-22,155864.83000000002,11,6216.080000000019,-351.25
2019-07-23,156532.35,9,6273.6000000000195,258.75
2019-07-24,156948.65000000002,7,6939.900000000021,8.75
2019-07-25,157027.46000000002,7,6992.460000000022,35.0
2019-07-26,157206.22000000003,5,7006.220000000022,200.0
2019-07-28,157162.47000000003,5,7006.220000000022,156.25
2019-07-29,157291.86000000002,7,7019.360000000022,272.5
2019-07-30,157155.01,7,7046.260000000023,108.75
2019-07-31,155898.85000000003,13,7147.600000000025,-1248.75
2019-08-01,153905.21000000002,12,7353.960000000027,-3448.75
2019-08-02,153320.88000000003,13,7388.380000000028,-4067.5
2019-08-04,151175.88000000003,12,7388.380000000028,-6212.5
2019-08-05,147466.55000000002,14,7422.800000000029,-9956.25
2019-08-06,148864.05000000002,13,7422.800000000029,-8558.75
2019-08-07,150945.96000000002,14,7458.46000000003,-6512.5
2019-08-08,152988.48000000004,13,7475.9800000000305,-4487.5
2019-08-09,152805.39000000004,15,7501.640000000031,-4696.25
2019-08-11,152886.64000000004,13,7501.640000000031,-4615.0
2019-08-12,150296.67000000004,14,7527.920000000032,-7231.25
2019-08-13,153037.32000000004,14,7554.820000000032,-4517.5
2019-08-14,148210.47000000003,14,7571.720000000033,-9361.25
2019-08-15,149462.99000000002,14,7589.240000000033,-8126.25
2019-08-16,150959.88000000003,13,7607.380000000034,-6647.5
2019-08-18,151814.88000000003,12,7607.380000000034,-5792.5
2019-08-19,153101.78000000003,13,7624.280000000034,-4522.5
2019-08-20,151827.44000000003,14,7649.940000000035,-5822.5
2019-08-21,153256.22000000003,14,7803.720000000036,-4547.5
2019-08-22,153654.38000000003,14,7829.3800000000365,-4175.0
2019-08-23,148619.44000000003,14,7881.940000000038,-9262.5
2019-08-25,147904.44000000003,13,7881.940000000038,-9977.5
2019-08-26,150634.44000000003,13,7881.940000000038,-7247.5
2019-08-27,150225.73000000004,14,7916.980000000039,-7691.25
2019-08-28,150526.99000000005,14,7925.740000000039,-7398.75
2019-08-29,153936.39000000004,13,8078.890000000039,-4142.5
2019-08-30,153392.67000000004,13,8105.17000000004,-4712.5
2019-09-01,152672.67000000004,12,8105.17000000004,-5432.5
2019-09-02,152447.67000000004,12,8105.17000000004,-5657.5
2019-09-03,152863.95000000004,13,8131.450000000041,-5267.5
2019-09-04,156037.71000000005,13,8140.210000000041,-2102.5
2019-09-05,156690.85000000003,12,8270.850000000039,-1580.0
2019-09-06,156949.63000000003,12,8313.380000000034,-1363.75
2019-09-08,157100.88000000003,11,8313.380000000034,-1212.5
2019-09-09,156648.40000000002,12,8358.40000000003,-1710.0
2019-09-10,156799.67000000004,12,8385.920000000027,-1586.25
2019-09-11,158674.06000000003,11,8414.060000000025,260.0
2019-09-12,158662.83000000002,10,8467.830000000022,195.0
2019-09-13,158271.6,11,8495.350000000019,-223.75
2019-09-15,157409.2,10,8470.450000000019,-1061.25
2019-09-16,157814.24000000002,11,8525.490000000013,-711.25
2019-09-17,158040.5,11,8539.250000000011,-498.75
2019-09-18,157871.8,11,8608.050000000003,-736.25
2019-09-19,158564.97,10,8677.469999999996,-112.5
2019-09-20,157663.12,10,8704.369999999992,-1041.25
2019-09-22,158263.12,10,8704.369999999992,-441.25
2019-09-23,158449.38999999998,10,8731.889999999989,-282.5
2019-09-24,157225.68,12,8829.429999999982,-1603.75
2019-09-25,157601.31999999998,11,8857.56999999998,-1256.25
2019-09-26,157337.00999999998,12,8939.50999999997,-1602.5
2019-09-27,157100.78999999998,10,9005.789999999964,-1905.0
2019-09-29,157525.78999999998,10,9005.789999999964,-1480.0
2019-09-30,158093.92999999996,10,9035.179999999962,-941.25
2019-10-01,155874.58999999997,12,9070.839999999956,-3196.25
2019-10-02,152368.98999999996,14,9087.739999999952,-6718.75
2019-10-03,153654.00999999995,14,9105.25999999995,-5451.25
2019-10-04,156267.77999999994,13,9145.279999999946,-2877.5
2019-10-06,155539.02999999994,11,9145.279999999946,-3606.25
2019-10-07,156093.42999999993,12,9172.179999999942,-3078.75
2019-10-08,153338.46999999994,14,9207.219999999936,-5868.75
2019-10-09,154062.84999999995,13,9206.599999999935,-5143.75
2019-10-10,156364.74999999994,13,9233.49999999993,-2868.75
2019-10-11,157534.17999999993,12,9449.179999999922,-1915.0
2019-10-13,157960.42999999993,11,9449.179999999922,-1488.75
2019-10-14,157668.56999999992,12,9462.31999999992,-1793.75
2019-10-15,158477.9699999999,12,9557.969999999916,-1080.0
2019-10-16,158597.9999999999,10,9599.24999999991,-1001.25
2019-10-17,158814.2699999999,10,9626.769999999908,-812.5
2019-10-18,158614.9199999999,12,9653.669999999904,-1038.75
2019-10-20,158927.4199999999,10,9653.669999999904,-726.25
2019-10-21,159654.9399999999,10,9707.4399999999,-52.5
2019-10-22,158409.3499999999,11,9733.099999999895,-1323.75
2019-10-23,159423.7399999999,11,9761.239999999892,-337.5
2019-10-24,159460.64999999988,10,9834.399999999887,-373.75
2019-10-25,160106.9099999999,9,9848.159999999885,258.75
2019-10-27,160354.4099999999,9,9848.159999999885,506.25
2019-10-28,160733.83999999988,9,10726.339999999876,7.5
2019-10-29,160747.61999999988,3,10767.619999999872,-20.0
2019-10-30,161050.77999999985,4,10808.279999999866,242.5
2019-10-31,161133.31999999986,7,10848.31999999986,285.0
2019-11-01,161459.60999999984,5,11418.359999999853,41.25
2019-11-03,161494.60999999984,1,11418.359999999853,76.25
2019-11-04,161611.50999999983,4,11547.75999999985,63.75
2019-11-05,161420.26999999984,4,11561.519999999848,-141.25
2019-11-06,161507.16999999984,6,11588.419999999844,-81.25
2019-11-07,161682.18999999983,5,11663.43999999984,18.75
2019-11-08,162014.07999999984,6,11691.579999999838,322.5
2019-11-10,161829.07999999984,4,11691.579999999838,137.5
2019-11-11,161885.96999999983,5,11704.719999999836,181.25
2019-11-12,161911.65999999983,7,12232.909999999825,-321.25
2019-11-13,162300.4499999998,8,12287.949999999819,12.5
2019-11-14,162792.96999999983,7,12315.469999999816,477.5
2019-11-15,163051.14999999982,6,13036.149999999807,15.0
2019-11-17,163039.89999999982,1,13036.149999999807,3.75
2019-11-18,163128.0599999998,2,13076.809999999801,51.25
2019-11-19,163081.8399999998,3,13130.589999999796,-48.75
2019-11-20,162873.1499999998,9,13168.149999999787,-295.0
2019-11-21,163187.53999999978,9,13181.289999999784,6.25
2019-11-22,163370.0599999998,9,13241.309999999781,128.75
2019-11-24,163580.0599999998,7,13241.309999999781,338.75
2019-11-25,163938.85999999978,7,13913.859999999773,25.0
2019-11-26,164008.86999999976,2,13927.619999999772,81.25
2019-11-27,163968.25999999978,2,14050.75999999977,-82.5
2019-11-28,163968.25999999978,2,14050.75999999977,-82.5
2019-11-29,163938.90999999977,6,14062.659999999765,-123.75
2019-12-01,164176.40999999977,5,14062.659999999765,113.75
2019-12-02,163178.35999999975,12,14138.359999999753,-960.0
2019-12-03,161950.91999999975,13,14235.919999999744,-2285.0
2019-12-04,162787.79999999976,11,14235.299999999743,-1447.5
2019-12-05,163373.44999999975,11,14295.949999999739,-922.5
2019-12-06,164644.09999999974,10,14340.349999999735,303.75
2019-12-08,164419.09999999974,9,14340.349999999735,78.75
2019-12-09,164170.36999999973,11,14352.869999999732,-182.5
2019-12-10,164061.64999999973,12,14434.149999999727,-372.5
2019-12-11,164648.54999999973,10,14476.049999999723,172.5
2019-12-12,165701.1199999997,8,15264.869999999712,436.25
2019-12-13,165794.2999999997,5,15774.299999999703,20.0
2019-12-15,166000.59999999971,5,15761.849999999702,238.75
2019-12-16,166358.7599999997,5,16383.759999999698,-25.0
2019-12-17,166315.0199999997,4,16382.519999999697,-67.5
2019-12-18,166376.8999999997,4,16401.899999999696,-25.0
2019-12-19,166558.7899999997,3,16430.0399999997,128.75
2019-12-20,166668.8099999997,2,16678.809999999703,-10.0
2019-12-22,166706.3099999997,2,16678.809999999703,27.5
2019-12-23,166713.81999999972,2,16695.069999999705,18.75
2019-12-24,166701.31999999972,2,16695.069999999705,6.25
2019-12-25,166731.31999999972,2,16695.069999999705,36.25
2019-12-26,166860.7199999997,2,16736.96999999971,123.75
2019-12-27,166730.1299999997,5,16877.629999999717,-147.5
2019-12-29,166875.1299999997,4,16877.629999999717,-2.5
2019-12-30,166550.78999999972,9,16888.289999999724,-337.5
2019-12-31,167021.44999999972,11,16943.94999999973,77.5
2020-01-01,167171.44999999972,8,16943.94999999973,227.5
2020-01-02,167757.13999999975,8,17864.639999999745,-107.5
2020-01-03,167820.91999999975,3,17890.91999999975,-70.0
2020-01-05,167708.41999999975,3,17890.91999999975,-182.5
2020-01-06,168192.17999999976,4,17904.679999999753,287.5
2020-01-07,167744.09999999977,4,17959.099999999762,-215.0
2020-01-08,168451.02999999977,4,18374.779999999773,76.25
2020-01-09,168692.90999999977,3,18429.159999999774,263.75
2020-01-10,168350.4699999998,8,18687.969999999787,-337.5
2020-01-12,168750.4699999998,8,18687.969999999787,62.5
2020-01-13,169217.3699999998,8,18767.36999999979,450.0
2020-01-14,169053.6599999998,6,18822.4099999998,231.25
2020-01-15,169593.7199999998,5,19469.969999999812,123.75
2020-01-16,169864.99999999983,4,19856.249999999818,8.75
2020-01-17,169921.26999999981,2,19883.769999999822,37.5
2020-01-19,169935.01999999981,1,19883.769999999822,51.25
2020-01-20,169861.26999999981,1,19883.769999999822,-22.5
2020-01-21,170034.39999999982,2,19883.149999999823,151.25
2020-01-22,169876.90999999983,2,19919.409999999825,-42.5
2020-01-23,170254.43999999983,5,19945.68999999983,308.75
2020-01-24,169343.24999999985,12,19999.499999999844,-656.25
2020-01-26,167880.74999999985,10,19999.499999999844,-2118.75
2020-01-27,167640.13999999984,12,20055.139999999847,-2415.0
2020-01-28,169330.14999999985,11,20090.14999999985,-760.0
2020-01-29,167540.18999999986,11,20186.439999999857,-2646.25
2020-01-30,169742.08999999985,13,20223.339999999862,-481.25
2020-01-31,166099.62999999986,13,20253.37999999987,-4153.75
2020-02-02,167194.62999999986,12,20253.37999999987,-3058.75
2020-02-03,168234.63999999987,12,20267.139999999872,-2032.5
2020-02-04,170047.79999999987,12,20626.54999999988,-578.75
2020-02-05,171697.86999999988,9,21587.869999999893,110.0
2020-02-06,171640.36999999988,1,21587.869999999893,52.5
2020-02-07,171591.0399999999,3,21642.289999999903,-51.25
2020-02-09,171621.0399999999,2,21642.289999999903,-21.25
2020-02-10,172066.68999999992,3,22014.189999999908,52.5
2020-02-11,172113.5899999999,3,22041.089999999913,72.5
2020-02-12,172177.37999999992,3,22241.12999999992,-63.75
2020-02-13,172514.90999999992,5,22267.409999999927,247.5
2020-02-14,172453.66999999993,5,22281.16999999993,172.5
2020-02-16,172588.66999999993,4,22281.16999999993,307.5
2020-02-17,172293.66999999993,4,22281.16999999993,12.5
2020-02-18,172479.30999999994,5,22294.309999999932,185.0
2020-02-19,172546.20999999993,5,22377.459999999937,168.75
2020-02-20,171977.50999999995,9,22416.259999999947,-438.75
2020-02-21,171256.91999999995,12,22441.919999999955,-1185.0
2020-02-23,168878.16999999995,11,22441.919999999955,-3563.75
2020-02-24,166616.95999999996,12,22531.959999999963,-5915.0
2020-02-25,160630.13999999998,13,22575.139999999974,-11945.0
2020-02-26,155352.65999999997,13,22592.659999999978,-17240.0
2020-02-27,154733.93999999997,13,22618.939999999984,-17885.0
2020-03-01,146888.93999999997,12,22618.939999999984,-25730.0
2020-03-03,153650.22,13,22645.21999999999,-18995.0
2020-03-04,157085.22,12,22645.21999999999,-15560.0
2020-03-05,150538.97999999998,13,22653.979999999992,-22115.0
2020-03-06,149629.02,13,22689.02,-23060.0
2020-03-08,140944.02,12,22689.02,-31745.0
2020-03-09,140964.06,12,22724.06000000001,-31760.0
2020-03-10,140589.06,12,22724.06000000001,-32135.0
2020-03-11,129035.34000000003,13,22750.340000000015,-43715.0
2020-03-12,115837.86000000002,12,22767.86000000002,-56930.0
2020-03-13,131785.38000000003,12,22785.380000000023,-41000.0
2020-03-15,125950.38000000003,12,22785.380000000023,-46835.0
2020-03-16,121678.02000000002,13,22773.020000000026,-51095.0
2020-03-17,116736.78000000003,13,22781.780000000028,-56045.0
2020-03-18,109758.06000000003,13,22808.060000000034,-63050.0
2020-03-19,115010.58000000005,12,22825.580000000038,-57815.0
2020-03-20,108688.14000000004,12,22878.14000000005,-64190.0
2020-03-22,104608.14000000004,12,22878.14000000005,-68270.0
2020-03-23,109356.90000000005,12,22886.900000000052,-63530.0
2020-03-24,116946.90000000005,12,22886.900000000052,-55940.0
2020-03-25,119906.31000000006,14,22912.56000000006,-53006.25
2020-03-26,127508.22000000006,13,22948.220000000067,-45440.0
2020-03-27,123916.37000000008,13,22965.12000000007,-49048.75
2020-03-29,123477.62000000008,13,22965.12000000007,-49487.5
2020-03-30,129963.27000000008,13,23123.270000000077,-43160.0
2020-03-31,124625.7900000001,12,23140.79000000008,-48515.0
2020-04-01,121832.0700000001,13,23167.070000000087,-51335.0
2020-04-02,122417.0700000001,12,23167.070000000087,-50750.0
2020-04-03,121765.83000000007,12,23175.83000000009,-51410.0
2020-04-05,126940.83000000007,12,23175.83000000009,-46235.0
2020-04-06,130540.83000000007,12,23175.83000000009,-42635.0
2020-04-07,131749.59000000008,12,23184.59000000009,-41435.0
2020-04-08,136948.3500000001,13,23193.350000000093,-36245.0
2020-04-09,140223.3900000001,13,23228.3900000001,-33005.0
2020-04-12,137358.3900000001,12,23228.3900000001,-35870.0
2020-04-13,140759.6700000001,13,23254.670000000107,-32495.0
2020-04-14,142705.95000000013,13,23280.950000000114,-30575.0
2020-04-15,138667.23000000013,13,23307.23000000012,-34640.0
2020-04-16,145485.9900000001,13,23315.99000000012,-27830.0
2020-04-17,145230.9900000001,12,23315.99000000012,-28085.0
2020-04-19,145365.9900000001,12,23315.99000000012,-27950.0
2020-04-20,140146.63000000012,13,23324.130000000125,-33177.5
2020-04-21,136980.42000000013,14,23359.170000000133,-36378.75
2020-04-22,139410.43000000014,14,23367.930000000135,-33957.5
2020-04-23,138727.93000000014,13,23367.930000000135,-34640.0
2020-04-24,142774.18000000014,13,23367.930000000135,-30593.75
2020-04-26,143749.18000000014,13,23367.930000000135,-29618.75
2020-04-27,144519.19000000015,13,23421.690000000137,-28902.5
2020-04-28,147499.23000000016,14,23637.980000000145,-26138.75
2020-04-29,151097.38000000015,13,23887.38000000015,-22790.0
2020-04-30,145279.90000000014,13,23904.900000000154,-28625.0
2020-05-01,142734.94000000018,13,23939.940000000162,-31205.0
2020-05-03,142059.94000000018,12,23939.940000000162,-31880.0
2020-05-04,144237.46000000017,13,23957.460000000166,-29720.0
2020-05-05,145335.60000000018,14,23965.60000000017,-28630.0
2020-05-06,144863.7700000002,14,24000.02000000018,-29136.25
2020-05-07,148923.8300000002,14,24338.83000000019,-25415.0
2020-05-08,149952.5900000002,13,24347.590000000193,-24395.0
2020-05-10,150642.5900000002,12,24347.590000000193,-23705.0
2020-05-11,148177.0000000002,14,24373.2500000002,-26196.25
2020-05-12,145133.92000000022,14,24421.42000000021,-29287.5
2020-05-13,142281.46000000022,15,24456.460000000217,-32175.0
2020-05-14,144783.9800000002,15,24473.98000000022,-29690.0
2020-05-15,145274.00000000023,15,24491.500000000226,-29217.5
2020-05-17,146989.00000000023,14,24491.500000000226,-27502.5
2020-05-18,151078.40000000023,14,24958.40000000023,-23880.0
2020-05-19,150965.94000000024,14,24993.44000000024,-24027.5
2020-05-20,151975.34000000026,13,25155.340000000244,-23180.0
2020-05-21,150111.62000000026,13,25181.62000000025,-25070.0
2020-05-22,152349.14000000025,13,25199.140000000254,-22850.0
2020-05-24,152694.14000000025,12,25199.140000000254,-22505.0
2020-05-25,154974.14000000025,12,25199.140000000254,-20225.0
2020-05-26,155879.18000000025,13,25234.180000000262,-19355.0
2020-05-27,157006.70000000027,13,25251.700000000266,-18245.0
2020-05-28,156512.34000000026,13,25259.84000000027,-18747.5
2020-05-29,158514.26000000027,14,25304.26000000028,-16790.0
2020-05-31,157254.26000000027,12,25304.26000000028,-18050.0
2020-06-01,157483.67000000027,13,25329.920000000286,-17846.25
2020-06-02,160255.5800000003,13,25395.580000000293,-15140.0
2020-06-03,161809.3400000003,13,25404.340000000295,-13595.0
2020-06-04,162756.2600000003,14,25438.760000000304,-12682.5
2020-06-05,166609.41000000032,13,25719.41000000031,-9110.0
2020-06-07,167119.41000000032,12,25719.41000000031,-8600.0
2020-06-08,168811.3000000003,12,25757.550000000312,-6946.25
2020-06-09,168840.09000000032,13,25827.59000000032,-6987.5
2020-06-10,165228.90000000034,13,25915.150000000333,-10686.25
2020-06-11,159018.35000000036,13,26005.850000000348,-16987.5
2020-06-12,158528.39000000036,13,26040.890000000356,-17512.5
2020-06-14,156248.39000000036,12,26040.890000000356,-19792.5
2020-06-15,163442.27000000037,12,26019.770000000357,-12577.5
2020-06-16,163740.43000000037,12,26337.930000000364,-12597.5
2020-06-17,162442.34000000037,12,26373.59000000037,-13931.25
2020-06-18,163593.62000000037,13,26399.870000000377,-12806.25
2020-06-19,161221.8100000004,12,26624.31000000039,-15402.5
2020-06-21,162404.3100000004,11,26624.31000000039,-14220.0
2020-06-22,164178.07000000039,12,26638.070000000393,-12460.0
2020-06-23,164587.4600000004,13,26646.210000000396,-12058.75
2020-06-24,159528.7400000004,13,26672.4900000004,-17143.75
2020-06-25,161820.0200000004,13,26698.770000000408,-14878.75
2020-06-26,157390.6800000004,14,26724.430000000415,-19333.75
2020-06-28,157471.9300000004,13,26724.430000000415,-19252.5
2020-06-29,160641.95000000042,14,26741.95000000042,-16100.0
2020-06-30,162592.58000000042,13,26751.33000000042,-14158.75
2020-07-01,163867.58000000042,12,26751.33000000042,-12883.75
2020-07-02,165136.37000000043,13,26830.12000000043,-11693.75
2020-07-03,164506.37000000043,12,26830.12000000043,-12323.75
2020-07-05,167536.37000000043,12,26830.12000000043,-9293.75
2020-07-06,167522.01000000042,12,26984.51000000043,-9462.5
2020-07-07,166232.04000000044,13,27010.790000000437,-10778.75
2020-07-08,167524.57000000044,13,27069.570000000444,-9545.0
2020-07-09,165997.13000000047,12,27137.130000000456,-11140.0
2020-07-10,168430.88000000047,11,27137.130000000456,-8706.25
2020-07-12,169118.38000000047,11,27137.130000000456,-8018.75
2020-07-13,166864.04000000047,12,27177.790000000463,-10313.75
2020-07-14,170057.19000000047,12,27209.690000000468,-7152.5
2020-07-15,169892.2100000005,12,27237.210000000472,-7345.0
2020-07-16,169917.8700000005,12,27277.87000000048,-7360.0
2020-07-17,170578.52000000048,12,27401.020000000484,-6822.5
2020-07-19,170097.27000000048,11,27401.020000000484,-7303.75
2020-07-20,172586.0300000005,12,27414.780000000486,-4828.75
2020-07-21,173338.5600000005,13,27436.060000000492,-4097.5
2020-07-22,173551.1000000005,13,27486.1000000005,-3935.0
2020-07-23,170519.87000000052,13,27498.620000000505,-6978.75
2020-07-24,169683.6300000005,14,27507.380000000507,-7823.75
2020-07-26,170772.3800000005,13,27507.380000000507,-6735.0
2020-07-27,171716.15000000052,14,27524.90000000051,-5808.75
2020-07-28,170150.57000000053,15,27559.32000000052,-7408.75
2020-07-29,172603.09000000052,14,27586.840000000524,-4983.75
2020-07-30,173250.61000000054,14,27604.360000000528,-4353.75
2020-07-31,173871.25000000052,13,27627.50000000053,-3756.25
2020-08-02,173445.00000000052,11,27627.50000000053,-4182.5
2020-08-03,174769.38000000053,12,27626.880000000532,-2857.5
2020-08-04,175686.28000000055,12,27668.780000000537,-1982.5
2020-08-05,176526.93000000055,12,27733.180000000542,-1206.25
2020-08-06,177041.95000000054,11,27760.700000000546,-718.75
2020-08-07,178105.71000000054,11,27774.46000000055,331.25
2020-08-09,178243.21000000054,10,27774.46000000055,468.75
2020-08-10,178802.60000000056,10,27802.60000000055,1000.0
2020-08-11,178136.49000000057,12,29137.74000000058,-1001.25
2020-08-12,180153.4500000006,11,30234.700000000597,-81.25
2020-08-13,180324.1100000006,6,30275.360000000604,48.75
2020-08-14,180104.76000000062,7,30302.26000000061,-197.5
2020-08-16,180337.26000000062,6,30302.26000000061,35.0
2020-08-17,180581.0200000006,6,30368.52000000061,212.5
2020-08-18,180881.67000000062,6,30395.420000000617,486.25
2020-08-19,179670.50000000064,10,30918.000000000633,-1247.5
2020-08-20,181339.27000000063,10,30945.520000000637,393.75
2020-08-21,181463.04000000065,10,30988.04000000064,475.0
2020-08-23,181804.29000000065,7,30988.04000000064,816.25
2020-08-24,182898.11000000066,7,32490.610000000655,407.5
2020-08-25,182890.64000000065,4,32879.390000000654,11.25
2020-08-26,183060.66000000064,2,33016.910000000644,43.75
2020-08-27,183810.70000000062,6,33151.95000000062,658.75
2020-08-28,183807.00000000058,6,33803.2500000006,3.75
2020-08-30,183889.50000000058,1,33803.2500000006,86.25
2020-08-31,183902.69000000056,5,33870.19000000056,32.5
2020-09-01,184344.61000000054,4,34292.11000000054,52.5
2020-09-02,184975.93000000052,5,34939.6800000005,36.25
2020-09-03,179270.4900000004,13,35086.740000000405,-5816.25
2020-09-04,177638.0100000004,12,35104.260000000395,-7466.25
2020-09-06,177593.0100000004,12,35104.260000000395,-7511.25
2020-09-07,178418.0100000004,12,35104.260000000395,-6686.25
2020-09-08,173160.57000000036,14,35156.82000000036,-11996.25
2020-09-09,176184.33000000037,13,35165.58000000036,-8981.25
2020-09-10,174343.76000000033,13,35208.76000000033,-10865.0
2020-09-11,173086.89000000033,13,35218.14000000033,-12131.25
2020-09-13,175277.01000000033,12,35188.26000000033,-9911.25
2020-09-14,176140.7700000003,13,35197.020000000324,-9056.25
2020-09-15,177588.9200000003,14,35213.92000000031,-7625.0
2020-09-16,173881.4700000003,13,35263.970000000285,-11382.5
2020-09-17,173850.24000000028,14,35281.490000000274,-11431.25
2020-09-18,172161.51000000027,14,35299.010000000264,-13137.5
2020-09-20,171609.01000000027,13,35299.010000000264,-13690.0
2020-09-21,169254.03000000026,14,35316.53000000025,-16062.5
2020-09-22,170969.04000000024,14,35325.29000000025,-14356.25
2020-09-23,166497.20000000024,15,35350.95000000023,-18853.75
2020-09-24,167944.1300000002,15,35404.1300000002,-17460.0
2020-09-25,170202.8800000002,13,35404.1300000002,-15201.25
2020-09-27,171161.6300000002,13,35404.1300000002,-14242.5
2020-09-28,174714.16000000018,14,35430.410000000185,-10716.25
2020-09-29,172197.95000000016,14,35465.450000000164,-13267.5
2020-09-30,175620.48000000016,14,35491.73000000015,-9871.25
2020-10-01,175281.77000000014,14,35526.77000000013,-10245.0
2020-10-02,174234.28000000012,14,35535.53000000012,-11301.25
2020-10-04,175030.53000000012,13,35535.53000000012,-10505.0
2020-10-05,177476.79000000012,14,35544.29000000012,-8067.5
2020-10-06,174694.99000000008,15,35604.99000000008,-10910.0
2020-10-07,178901.26000000007,14,35632.51000000007,-6731.25
2020-10-08,181295.02000000008,13,35641.27000000006,-4346.25
2020-10-09,182506.30000000005,13,35667.55000000005,-3161.25
2020-10-11,182551.30000000005,12,35667.55000000005,-3116.25
2020-10-12,185243.21000000002,12,36140.71000000003,-897.5
2020-10-13,185167.62,9,36181.37000000001,-1013.75
2020-10-14,182922.05,13,36239.54999999998,-3317.5
2020-10-15,183495.80999999997,12,36263.309999999976,-2767.5
2020-10-16,182763.34999999995,13,36333.349999999955,-3570.0
2020-10-18,184063.34999999995,13,36333.349999999955,-2270.0
2020-10-19,181899.0299999999,13,36467.779999999926,-4568.75
2020-10-20,182850.9499999999,12,36668.4499999999,-3817.5
2020-10-21,180238.4799999999,12,36709.72999999989,-6471.25
2020-10-22,182828.50999999986,13,36756.00999999987,-3927.5
2020-10-23,182904.15999999986,11,36810.40999999986,-3906.25
2020-10-25,181916.65999999986,10,36810.40999999986,-4893.75
2020-10-26,179995.43999999983,13,36841.68999999984,-6846.25
2020-10-27,178047.95999999985,13,36859.20999999983,-8811.25
2020-10-28,174054.23999999982,13,36885.489999999816,-12831.25
2020-10-29,172593.6599999998,13,36919.90999999979,-14326.25
2020-10-30,172904.94999999978,15,36954.94999999977,-14050.0
2020-11-01,172303.69999999978,13,36954.94999999977,-14651.25
2020-11-02,175040.58999999976,13,36986.839999999764,-11946.25
2020-11-03,180014.97999999975,13,36994.979999999756,-6980.0
2020-11-04,184314.4399999997,13,37633.18999999971,-3318.75
2020-11-05,185028.19999999972,11,37646.949999999706,-2618.75
2020-11-06,186644.4799999997,11,37688.22999999969,-1043.75
2020-11-08,189219.4799999997,10,37688.22999999969,1531.25
2020-11-09,187500.24999999962,13,43173.999999999614,-5673.75
2020-11-10,189580.24999999962,13,43173.999999999614,-3593.75
2020-11-11,189412.14999999962,13,43215.8999999996,-3803.75
2020-11-12,189059.70999999956,13,43268.45999999957,-4208.75
2020-11-13,191937.22999999957,13,43305.97999999956,-1368.75
2020-11-15,193362.22999999957,10,43305.97999999956,56.25
2020-11-16,193244.7899999995,12,43679.78999999953,-435.0
2020-11-17,192974.1899999995,8,43706.689999999515,-732.5
2020-11-18,191387.99999999948,12,43759.24999999948,-2371.25
2020-11-19,191588.64999999947,13,43806.14999999947,-2217.5
2020-11-20,191018.70999999944,12,43873.70999999944,-2855.0
2020-11-22,191753.70999999944,12,43873.70999999944,-2120.0
2020-11-23,193963.7399999994,12,44054.98999999942,-91.25
2020-11-24,195202.5599999994,10,45091.30999999939,111.25
2020-11-25,195277.61999999936,6,45158.869999999355,118.75
2020-11-26,195152.61999999936,4,45158.869999999355,-6.25
2020-11-27,195425.75999999934,6,45172.00999999935,253.75
2020-11-29,194988.25999999934,5,45172.00999999935,-183.75
2020-11-30,196600.1899999993,9,45225.18999999932,1375.0
2020-12-01,196580.25999999928,8,46726.50999999928,-146.25
2020-12-02,196881.53999999928,6,46767.789999999266,113.75
2020-12-03,197233.48999999923,6,47193.48999999923,40.0
2020-12-04,197696.0299999992,5,47722.279999999206,-26.25
2020-12-06,197692.2799999992,1,47722.279999999206,-30.0
2020-12-07,197661.08999999918,5,47789.839999999174,-128.75
2020-12-08,198342.35999999917,5,47802.359999999164,540.0
2020-12-09,197646.1999999991,9,47931.19999999912,-285.0
2020-12-10,197487.4899999991,11,47971.239999999096,-483.75
2020-12-11,197460.65999999907,12,48035.65999999907,-575.0
2020-12-13,198435.75999999908,10,48010.75999999907,425.0
2020-12-14,198079.00999999902,11,49171.509999999005,-1092.5
2020-12-15,200437.20999999897,11,50428.459999998966,8.75
2020-12-16,200689.11999999895,3,50469.11999999895,220.0
2020-12-17,200800.42999999892,4,50854.179999998916,-53.75
2020-12-18,201757.38999999888,10,50933.63999999887,823.75
2020-12-20,201157.38999999888,8,50933.63999999887,223.75
2020-12-21,200531.80999999883,13,50988.05999999885,-456.25
2020-12-22,200298.0999999988,12,51304.34999999883,-1006.25
2020-12-23,201013.11999999883,11,51354.36999999882,-341.25
2020-12-24,201256.8899999988,11,51405.639999998806,-148.75
2020-12-27,202348.1399999988,9,51405.639999998806,942.5
2020-12-28,202762.56999999878,9,52588.81999999878,173.75
2020-12-29,202872.62999999875,7,52815.129999998746,57.5
2020-12-30,202608.89999999874,7,52842.649999998735,-233.75
2020-12-31,203315.80999999872,7,52898.30999999872,417.5
2021-01-03,203303.30999999872,5,52898.30999999872,405.0
2021-01-04,201279.05999999866,13,53577.80999999865,-2298.75
2021-01-05,201794.72999999864,12,53785.97999999863,-1991.25
2021-01-06,205181.74999999854,10,54890.49999999855,291.25
2021-01-07,206006.17999999854,6,55764.92999999852,241.25
2021-01-08,206467.4999999985,6,56428.74999999849,38.75
2021-01-10,206323.7499999985,1,56428.74999999849,-105.0
2021-01-11,206408.16999999847,3,56483.16999999846,-75.0
2021-01-12,206841.95999999845,6,56523.20999999844,318.75
2021-01-13,207147.0299999984,5,57078.279999998405,68.75
2021-01-14,206311.44999999838,8,57102.69999999838,-791.25
2021-01-15,205178.40999999834,12,57363.40999999834,-2185.0
2021-01-17,205578.40999999834,10,57363.40999999834,-1785.0
2021-01-18,207340.90999999834,10,57363.40999999834,-22.5
2021-01-19,207519.6899999983,10,57679.68999999832,-160.0
2021-01-20,208847.88999999827,8,58635.38999999828,212.5
2021-01-21,208605.43999999826,4,58720.439999998256,-115.0
2021-01-22,208554.83999999825,5,58747.33999999824,-192.5
2021-01-24,208934.83999999825,4,58747.33999999824,187.5
2021-01-25,209736.84999999817,11,59839.34999999817,-102.5
2021-01-26,209816.25999999815,3,59880.009999998154,-63.75
2021-01-27,207106.42999999807,12,60053.929999998065,-2947.5
2021-01-28,207874.00999999803,12,60560.25999999802,-2686.25
2021-01-29,205926.59999999797,12,60684.099999997976,-4757.5
2021-01-31,207516.59999999797,12,60684.099999997976,-3167.5
2021-02-01,211022.24999999796,12,60885.99999999796,136.25
2021-02-02,212400.4899999979,11,62251.7399999979,148.75
2021-02-03,211950.52999999787,7,62291.77999999788,-341.25
2021-02-04,212941.19999999786,6,62834.94999999786,106.25
2021-02-05,213176.85999999783,5,63026.85999999784,150.0
2021-02-07,213426.85999999783,4,63026.85999999784,400.0
2021-02-08,213693.77999999782,4,63536.279999997816,157.5
2021-02-09,213988.1999999978,4,63590.69999999779,397.5
2021-02-10,214195.80999999773,9,64139.559999997735,56.25
2021-02-11,214087.08999999773,9,64180.83999999772,-93.75
2021-02-12,215216.5199999977,9,65195.26999999769,21.25
2021-02-14,215270.2699999977,1,65195.26999999769,75.0
2021-02-15,215329.0199999977,1,65195.26999999769,133.75
2021-02-16,215277.83999999764,4,65276.589999997654,1.25
2021-02-17,215380.37999999762,6,65316.62999999763,63.75
2021-02-18,214957.9299999976,9,65355.42999999761,-397.5
2021-02-19,215104.83999999758,10,65441.08999999759,-336.25
2021-02-21,214954.83999999758,10,65441.08999999759,-486.25
2021-02-22,215002.36999999758,12,65493.61999999757,-491.25
2021-02-23,213862.40999999756,13,65548.65999999756,-1686.25
2021-02-24,216764.37999999765,12,66741.87999999765,22.5
2021-02-25,212738.9199999978,13,66908.9199999978,-4170.0
2021-02-26,212670.9099999979,13,67144.65999999791,-4473.75
2021-02-28,214320.9099999979,11,67144.65999999791,-2823.75
2021-03-01,216820.92999999793,11,67172.17999999793,-351.25
2021-03-02,216977.269999998,12,67521.01999999801,-543.75
2021-03-03,212624.81999999806,11,67574.81999999806,-4950.0
2021-03-04,210676.78999999815,13,67713.03999999815,-7036.25
2021-03-05,215821.86999999822,12,67953.11999999822,-2131.25
2021-03-07,215209.36999999822,10,67953.11999999822,-2743.75
2021-03-08,216515.02999999825,10,68008.77999999825,-1493.75
2021-03-09,217283.17999999828,10,68035.67999999828,-752.5
2021-03-10,219570.14999999836,10,69170.14999999836,400.0
2021-03-11,220019.58999999842,6,69912.08999999842,107.5
2021-03-12,220164.62999999846,8,69967.12999999846,197.5
2021-03-14,220314.68999999846,6,69952.18999999846,362.5
2021-03-15,220775.37999999852,7,70741.62999999852,33.75
2021-03-16,220734.17999999857,5,70795.42999999857,-61.25
2021-03-17,221361.12999999864,6,71347.37999999864,13.75
2021-03-18,220282.4499999987,11,71383.6999999987,-1101.25
2021-03-19,219747.50999999876,12,71446.25999999876,-1698.75
2021-03-21,219792.50999999876,12,71446.25999999876,-1653.75
2021-03-22,221219.39999999877,12,71474.39999999877,-255.0
2021-03-23,220479.47999999885,12,71761.97999999885,-1282.5
2021-03-24,220194.51999999888,12,71832.01999999888,-1637.5
2021-03-25,221450.82999999894,13,71949.57999999894,-498.75
2021-03-26,223175.91999999902,10,73130.91999999902,45.0
2021-03-28,223095.91999999902,1,73130.91999999902,-35.0
2021-03-29,223692.8699999991,6,73652.8699999991,40.0
2021-03-30,223538.54999999914,9,73706.04999999914,-167.5
2021-03-31,224428.63999999923,7,74607.38999999923,-178.75
2021-04-01,225406.17999999927,7,75314.92999999927,91.25
2021-04-02,225459.92999999927,1,75314.92999999927,145.0
2021-04-04,225463.67999999927,1,75314.92999999927,148.75
2021-04-05,225618.7099999993,2,75649.9599999993,-31.25
2021-04-06,225703.13999999934,4,75703.13999999934,0.0
2021-04-07,226082.54999999938,5,75758.79999999938,323.75
2021-04-08,226122.5899999994,3,76090.08999999941,32.5
2021-04-09,226223.85999999943,2,76227.60999999943,-3.75
2021-04-11,226195.10999999943,1,76227.60999999943,-32.5
2021-04-12,226343.25999999946,3,76254.50999999946,88.75
2021-04-13,226475.15999999948,3,76502.65999999948,-27.5
2021-04-14,226387.07999999952,7,76542.07999999952,-155.0
2021-04-15,227239.00999999957,6,77217.75999999957,21.25
2021-04-16,227343.4099999996,4,77342.1599999996,1.25
2021-04-18,227298.4099999996,4,77342.1599999996,-43.75
2021-04-19,227407.84999999966,10,77394.09999999966,13.75
2021-04-20,225157.2699999997,13,77423.5199999997,-2266.25
2021-04-21,227478.54999999973,13,77469.79999999973,8.75
2021-04-22,226544.2399999998,12,77561.73999999979,-1017.5
2021-04-23,228581.18999999986,11,78711.18999999986,-130.0
2021-04-25,228751.18999999986,4,78711.18999999986,40.0
2021-04-26,228901.82999999987,4,78745.57999999987,156.25
2021-04-27,228985.62999999992,4,78814.37999999992,171.25
2021-04-28,229251.90999999995,4,78855.65999999995,396.25
2021-04-29,229525.12000000002,10,79410.12000000002,115.0
2021-04-30,229097.03000000006,9,79450.78000000006,-353.75
2021-05-02,229445.78000000006,9,79450.78000000006,-5.0
2021-05-03,228840.18000000008,10,79551.43000000008,-711.25
2021-05-04,228732.73000000013,14,79585.23000000013,-852.5
2021-05-05,228079.65000000017,12,79727.15000000017,-1647.5
2021-05-06,230214.09000000023,12,79849.09000000023,365.0
2021-05-07,230937.27000000028,8,80862.27000000028,75.0
2021-05-09,230969.77000000028,1,80862.27000000028,107.5
2021-05-10,228614.2600000004,12,80938.01000000039,-2323.75
2021-05-11,226000.54000000042,13,80964.29000000042,-4963.75
2021-05-12,223236.82000000044,13,80990.57000000044,-7753.75
2021-05-13,226431.82000000044,12,80990.57000000044,-4558.75
2021-05-14,229350.58000000045,12,80999.33000000045,-1648.75
2021-05-16,228405.58000000045,12,80999.33000000045,-2593.75
2021-05-17,229130.6200000005,13,81034.37000000049,-1903.75
2021-05-18,225289.41000000053,15,81059.41000000053,-5770.0
2021-05-19,225210.69000000056,15,81085.69000000056,-5875.0
2021-05-20,228593.8600000006,14,81130.1100000006,-2536.25
2021-05-21,228654.52000000063,13,81233.27000000063,-2578.75
2021-05-23,228984.52000000063,12,81233.27000000063,-2248.75
2021-05-24,231244.54000000065,12,81275.79000000065,-31.25
2021-05-25,231161.4700000007,10,81380.2200000007,-218.75
2021-05-26,230797.75000000073,10,81421.50000000073,-623.75
2021-05-27,231953.43000000078,10,81528.43000000078,425.0
2021-05-28,231500.9500000008,10,81540.9500000008,-40.0
2021-05-30,231675.9500000008,10,81540.9500000008,135.0
2021-05-31,231413.4500000008,10,81540.9500000008,-127.5
2021-06-01,232248.5500000009,10,82766.05000000089,-517.5
2021-06-02,232666.0700000009,9,82793.57000000091,-127.5
2021-06-03,232169.24000000095,12,82832.99000000095,-663.75
2021-06-04,234045.56000000102,11,84054.31000000102,-8.75
2021-06-06,233974.31000000102,3,84054.31000000102,-80.0
2021-06-07,234174.36000000106,7,84108.11000000106,66.25
2021-06-08,234303.7800000011,7,84178.7800000011,125.0
2021-06-09,234284.43000000113,7,84225.68000000113,58.75
2021-06-10,235103.90000000122,7,84950.15000000122,153.75
2021-06-11,235263.30000000124,6,85009.55000000124,253.75
2021-06-13,235369.60000000126,5,84997.10000000124,372.5
2021-06-14,235683.36000000127,6,85010.86000000125,672.5
2021-06-15,235323.38000000129,6,85038.38000000127,285.0
2021-06-16,234105.9100000013,9,85049.6600000013,-943.75
2021-06-17,235077.80000000133,11,85062.80000000131,15.0
2021-06-18,231167.86000000138,12,85152.86000000137,-3985.0
2021-06-20,230567.86000000138,12,85152.86000000137,-4585.0
2021-06-21,235494.79000000143,12,85713.54000000142,-218.75
2021-06-22,236224.20000000147,8,85769.20000000145,455.0
2021-06-23,236264.2300000015,6,85810.48000000148,453.75
2021-06-24,236681.78000000154,6,86610.53000000153,71.25
2021-06-25,236779.31000000157,2,86663.06000000155,116.25
2021-06-27,236766.81000000157,2,86663.06000000155,103.75
2021-06-28,236811.2200000016,2,86839.97000000159,-28.75
2021-06-29,236904.36000000162,3,86853.1100000016,51.25
2021-06-30,236966.25000000163,2,86881.25000000162,85.0
2021-07-01,237071.28000000166,2,87032.53000000164,38.75
2021-07-02,237213.80000000168,2,87170.05000000166,43.75
2021-07-04,237203.80000000168,1,87170.05000000166,33.75
2021-07-05,237231.30000000168,1,87170.05000000166,61.25
2021-07-06,237530.75000000175,9,87235.75000000173,295.0
2021-07-07,238054.58000000182,6,87898.3300000018,156.25
2021-07-08,237146.51000000187,10,87951.51000000186,-805.0
2021-07-09,239069.69000000192,9,88962.19000000191,107.5
2021-07-11,238969.69000000192,2,88962.19000000191,7.5
2021-07-12,239150.34000000195,2,89114.09000000193,36.25
2021-07-13,238973.50000000198,4,89139.75000000196,-166.25
2021-07-14,239292.29000000202,5,89277.290000002,15.0
2021-07-15,239259.85000000207,9,89329.85000000206,-70.0
2021-07-16,237846.15000000212,12,89368.6500000021,-1522.5
2021-07-18,237006.15000000212,12,89368.6500000021,-2362.5
2021-07-19,234286.84000000218,14,89420.59000000216,-5133.75
2021-07-20,237710.0000000022,13,89481.2500000022,-1771.25
2021-07-21,239905.02000000223,12,89551.27000000222,353.75
2021-07-22,240246.32000000228,12,89883.82000000226,362.5
2021-07-23,240808.26000000234,6,90818.26000000232,-10.0
2021-07-25,240760.76000000234,1,90818.26000000232,-57.5
2021-07-26,240878.28000000236,2,90845.78000000234,32.5
2021-07-27,241093.36000000243,8,90954.61000000242,138.75
2021-07-28,240964.00000000244,8,90967.75000000243,-3.75
2021-07-29,241393.4300000025,8,91877.18000000248,-483.75
2021-07-30,241732.84000000253,6,91917.84000000251,-185.0
2021-08-01,242057.84000000253,4,91917.84000000251,140.0
2021-08-02,241757.25000000256,6,91958.50000000255,-201.25
2021-08-03,242610.44000000262,8,92625.4400000026,-15.0
2021-08-04,242627.35000000265,5,92651.10000000264,-23.75
2021-08-05,242982.36000000266,5,92708.61000000265,273.75
2021-08-06,243117.4000000027,4,93093.65000000269,23.75
2021-08-08,242971.1500000027,3,93093.65000000269,-122.5
2021-08-09,242969.30000000272,5,93120.55000000271,-151.25
2021-08-10,243190.60000000277,4,93189.35000000276,1.25
2021-08-11,243530.0000000028,4,93275.00000000278,255.0
2021-08-12,243680.03000000282,4,93661.28000000281,18.75
2021-08-13,243723.79000000283,2,93675.04000000282,48.75
2021-08-15,243681.29000000283,1,93675.04000000282,6.25
2021-08-16,244203.8700000029,7,94226.37000000289,-22.5
2021-08-17,244685.20000000298,7,94291.45000000297,393.75
2021-08-18,242364.64000000304,12,94343.39000000303,-1978.75
2021-08-19,242760.31000000308,13,94422.81000000307,-1662.5
2021-08-20,245005.3300000031,11,94450.33000000309,555.0
2021-08-22,245844.0800000031,11,94450.33000000309,1393.75
2021-08-23,246109.17000000319,11,96082.92000000317,26.25
2021-08-24,246035.4300000032,3,96096.68000000318,-61.25
2021-08-25,246174.8200000032,3,96124.8200000032,50.0
2021-08-26,246133.65000000328,7,96204.90000000327,-71.25
2021-08-27,246835.57000000332,6,96731.82000000331,103.75
2021-08-29,246858.07000000332,3,96731.82000000331,126.25
2021-08-30,247080.60000000335,3,97021.85000000334,58.75
2021-08-31,247288.1400000034,7,97061.89000000338,226.25
2021-09-01,246969.4100000034,5,97091.9100000034,-122.5
2021-09-02,247566.31000000343,5,97171.31000000342,395.0
2021-09-03,247405.09000000346,5,97212.59000000345,192.5
2021-09-05,247395.09000000346,4,97212.59000000345,182.5
2021-09-06,247510.09000000346,4,97212.59000000345,297.5
2021-09-07,247065.1200000035,7,97238.87000000347,-173.75
2021-09-08,246515.80000000354,11,97292.05000000352,-776.25
2021-09-09,246555.84000000358,12,97342.09000000356,-786.25
2021-09-10,244582.78000000364,14,97495.28000000362,-2912.5
2021-09-12,244827.92000000362,14,97460.42000000362,-2632.5
2021-09-13,246274.90000000372,14,97907.40000000372,-1632.5
2021-09-14,244748.68000000375,12,97948.68000000375,-3200.0
2021-09-15,246298.69000000376,12,97972.44000000376,-1673.75
2021-09-16,246143.13000000382,12,98089.38000000382,-1946.25
2021-09-17,243320.0900000039,13,98188.8400000039,-4868.75
2021-09-19,242020.0900000039,13,98188.8400000039,-6168.75
2021-09-20,241038.87000000392,14,98215.12000000392,-7176.25
2021-09-21,239276.38000000393,13,98223.88000000393,-8947.5
2021-09-22,242446.40000000395,14,98241.40000000395,-5795.0
2021-09-23,245233.93000000398,13,98382.68000000398,-3148.75
2021-09-24,245550.81000000398,11,98397.06000000398,-2846.25
2021-09-26,246325.81000000398,10,98397.06000000398,-2071.25
2021-09-27,244827.710000004,11,98423.96000000401,-3596.25
2021-09-28,240779.65000000407,15,98465.90000000407,-7686.25
2021-09-29,241364.04000000408,16,98474.04000000408,-7110.0
2021-09-30,234079.08000000412,15,98532.83000000412,-14453.75
2021-10-01,239878.48000000414,15,98597.23000000414,-8718.75
2021-10-03,238425.98000000414,14,98597.23000000414,-10171.25
2021-10-04,236229.7800000042,15,98641.03000000419,-12411.25
2021-10-05,237451.6700000042,15,98649.1700000042,-11197.5
2021-10-06,241689.8000000042,15,98658.55000000421,-6968.75
2021-10-07,242887.35000000425,14,98727.35000000425,-5840.0
2021-10-08,242229.87000000427,13,98744.87000000427,-6515.0
2021-10-10,241734.87000000427,12,98744.87000000427,-7010.0
2021-10-11,238658.6500000043,14,98761.1500000043,-10102.5
2021-10-12,239122.43000000433,15,98787.43000000433,-9665.0
2021-10-13,241563.69000000434,15,98796.19000000434,-7232.5
2021-10-14,246084.34000000436,14,99020.59000000436,-2936.25
2021-10-15,247226.22000000437,11,99109.97000000437,-1883.75
2021-10-17,246963.72000000437,10,99109.97000000437,-2146.25
2021-10-18,247852.48000000438,11,99123.73000000438,-1271.25
2021-10-19,249586.8700000044,11,99151.87000000439,435.0
2021-10-20,250113.83000000447,9,100096.33000000447,17.5
2021-10-21,250311.3500000045,3,100123.85000000449,187.5
2021-10-22,250310.17000000455,9,100410.17000000455,-100.0
2021-10-24,250595.17000000455,6,100410.17000000455,185.0
2021-10-25,251257.1100000046,7,101202.11000000461,55.0
2021-10-26,251118.40000000465,7,101322.15000000465,-203.75
2021-10-27,250808.4500000047,9,101375.9500000047,-567.5
2021-10-28,252274.14000000476,9,102400.39000000476,-126.25
2021-10-29,252746.02000000476,3,102399.77000000476,346.25
2021-10-31,252806.02000000476,3,102399.77000000476,406.25
2021-11-01,252850.46000000482,6,102861.71000000482,-11.25
2021-11-02,253366.12000000486,4,103376.12000000486,-10.0
2021-11-03,253686.1600000049,3,103652.4100000049,33.75
2021-11-04,253943.70000000493,4,103802.45000000493,141.25
2021-11-05,254299.38000000498,6,104334.38000000498,-35.0
2021-11-07,254179.38000000498,4,104334.38000000498,-155.0
2021-11-08,254191.280000005,5,104361.280000005,-170.0
2021-11-09,253697.59000000506,8,104440.09000000506,-742.5
2021-11-10,252757.03000000512,13,104487.03000000512,-1730.0
2021-11-11,253220.18000000514,12,104573.93000000514,-1353.75
2021-11-12,254933.31000000515,11,104588.31000000515,345.0
2021-11-14,254895.81000000515,10,104588.31000000515,307.5
2021-11-15,254907.72000000518,10,104643.97000000518,263.75
2021-11-16,255735.91000000524,9,105780.91000000524,-45.0
2021-11-17,255824.08000000528,7,105820.33000000528,3.75
2021-11-18,256705.3600000053,7,105861.61000000531,843.75
2021-11-19,256387.9500000054,8,106520.4500000054,-132.5
2021-11-21,256711.7000000054,7,106520.4500000054,191.25
2021-11-22,255808.6900000055,12,107286.1900000055,-1477.5
2021-11-23,255695.61000000554,13,107365.61000000554,-1670.0
2021-11-24,257481.9200000056,12,107511.9200000056,-30.0
2021-11-25,254838.1700000056,9,107511.9200000056,-2673.75
2021-11-26,250780.09000000564,13,107536.34000000564,-6756.25
2021-11-28,253915.09000000564,12,107536.34000000564,-3621.25
2021-11-29,255468.88000000568,12,107977.63000000568,-2508.75
2021-11-30,252978.93000000573,13,108031.43000000573,-5052.5
2021-12-01,248713.36000000578,14,108148.36000000578,-9435.0
2021-12-02,251230.2500000058,13,108166.50000000579,-6936.25
2021-12-03,248884.07000000586,12,108257.82000000586,-9373.75
2021-12-05,250504.07000000586,12,108257.82000000586,-7753.75
2021-12-06,253198.47000000588,12,108309.72000000588,-5111.25
2021-12-07,258042.27000000593,12,108533.52000000593,-491.25
2021-12-08,257583.53000000594,10,108547.28000000594,-963.75
2021-12-09,256549.210000006,12,108615.46000000599,-2066.25
2021-12-10,258657.37000000602,11,108687.37000000602,-30.0
2021-12-12,259343.71000000602,9,108664.96000000602,678.75
2021-12-13,256794.39000000607,12,108718.14000000607,-1923.75
2021-12-14,254876.9100000061,13,108735.66000000609,-3858.75
2021-12-15,259020.09000000614,13,108813.84000000614,206.25
2021-12-16,256346.99000000616,11,108840.74000000616,-2493.75
2021-12-17,254652.0300000062,12,108895.7800000062,-4243.75
2021-12-19,252127.0300000062,10,108895.7800000062,-6768.75
2021-12-20,253397.74000000628,12,109055.24000000628,-5657.5
2021-12-21,255924.6300000063,12,109418.38000000629,-3493.75
2021-12-22,258662.1300000063,10,109418.38000000629,-756.25
2021-12-23,260350.95000000636,10,110452.20000000636,-101.25
2021-12-26,260420.95000000636,4,110452.20000000636,-31.25
2021-12-27,261083.5000000064,4,111013.5000000064,70.0
2021-12-28,261244.18000000645,6,111286.68000000645,-42.5
2021-12-29,261251.07000000647,6,111299.82000000647,-48.75
2021-12-30,260631.7400000065,8,111354.24000000651,-722.5
2021-12-31,260561.16000000655,10,111393.66000000655,-832.5
2022-01-02,261361.16000000655,10,111393.66000000655,-32.5
2022-01-03,262306.8300000066,10,111491.8300000066,815.0
2022-01-04,261969.4400000067,9,112604.4400000067,-635.0
2022-01-05,255865.77000000677,14,112679.52000000677,-6813.75
2022-01-06,257777.0500000068,14,112705.8000000068,-4928.75
2022-01-07,255837.08000000683,14,112732.08000000683,-6895.0
2022-01-09,256275.83000000683,13,112732.08000000683,-6456.25
2022-01-10,255473.36000000685,14,112758.36000000685,-7285.0
2022-01-11,258520.87000000686,13,112767.12000000686,-4246.25
2022-01-12,258701.51000000688,13,112785.26000000688,-4083.75
2022-01-13,255297.22000000696,14,112854.72000000696,-7557.5
2022-01-14,256014.760000007,13,112889.760000007,-6875.0
2022-01-16,254714.760000007,13,112889.760000007,-8175.0
2022-01-17,254048.510000007,13,112889.760000007,-8841.25
2022-01-18,248374.85000000708,14,112968.60000000708,-14593.75
2022-01-19,248294.8700000071,13,112986.1200000071,-14691.25
2022-01-20,241285.56000000716,15,113038.06000000716,-21752.5
2022-01-21,237024.32000000717,14,113046.82000000717,-26022.5
2022-01-23,239789.32000000717,14,113046.82000000717,-23257.5
2022-01-24,234416.84000000719,14,113064.34000000719,-28647.5
2022-01-25,235554.34000000719,14,113064.34000000719,-27510.0
2022-01-26,229557.55000000726,16,113133.80000000726,-33576.25
2022-01-27,233690.68000000727,15,113143.18000000727,-29452.5
2022-01-28,239798.2000000073,14,113160.70000000729,-23362.5
2022-01-30,240690.7000000073,14,113160.70000000729,-22470.0
2022-01-31,244846.9600000073,15,113169.4600000073,-18322.5
2022-02-01,249341.3500000073,14,113187.60000000731,-13846.25
2022-02-02,247782.62000000733,15,113195.12000000733,-15412.5
2022-02-03,246689.5600000074,17,113247.06000000739,-16557.5
2022-02-04,244120.22000000742,16,113282.72000000742,-19162.5
2022-02-06,244738.97000000742,15,113282.72000000742,-18543.75
2022-02-07,243537.11000000744,17,113290.86000000744,-19753.75
2022-02-08,247830.26000000746,16,113317.76000000746,-15487.5
2022-02-09,250340.28000000748,15,113390.28000000748,-13050.0
2022-02-10,243640.33000000753,14,113434.08000000753,-19793.75
2022-02-11,240207.24000000756,15,113459.74000000756,-23252.5
2022-02-13,240469.74000000756,14,113459.74000000756,-22990.0
2022-02-14,238789.7800000076,16,113494.7800000076,-24705.0
2022-02-15,242814.8000000076,15,113512.30000000761,-20697.5
2022-02-16,241990.48000000766,15,113555.48000000766,-21565.0
2022-02-17,239094.31000000774,18,113615.56000000774,-24521.25
2022-02-18,234029.35000000778,17,113650.60000000778,-29621.25
2022-02-20,235941.85000000778,17,113650.60000000778,-27708.75
2022-02-21,228228.10000000778,17,113650.60000000778,-35422.5
2022-02-22,232410.6200000078,18,113668.1200000078,-31257.5
2022-02-23,216390.0100000078,18,113676.26000000781,-47286.25
2022-02-24,227158.1400000078,18,113685.64000000781,-36527.5
2022-02-25,237145.6400000078,17,113685.64000000781,-26540.0
2022-02-27,228284.3900000078,17,113685.64000000781,-35401.25
2022-02-28,236210.6400000078,17,113685.64000000781,-27475.0
2022-03-01,231965.67000000784,18,113711.92000000784,-31746.25
2022-03-02,237391.94000000786,17,113729.44000000786,-26337.5
2022-03-03,233466.9900000079,17,113900.7400000079,-30433.75
2022-03-04,233089.53000000794,16,113935.78000000794,-30846.25
2022-03-06,229752.03000000794,15,113935.78000000794,-34183.75
2022-03-07,223372.720000008,17,113987.720000008,-40615.0
2022-03-08,223650.90000000806,16,114040.90000000806,-40390.0
2022-03-09,229265.91000000807,15,114049.66000000807,-34783.75
2022-03-10,227109.66000000807,15,114049.66000000807,-36940.0
2022-03-11,224445.9600000081,17,114083.46000000811,-39637.5
2022-03-13,225551.1300000081,17,114041.13000000811,-38490.0
2022-03-14,223011.18000000814,17,114094.93000000816,-41083.75
2022-03-15,228494.94000000815,16,114103.69000000817,-35608.75
2022-03-16,235568.76000000822,17,114165.01000000823,-28596.25
2022-03-17,237856.26000000822,15,114165.01000000823,-26308.75
2022-03-18,244858.77000000823,15,114173.77000000824,-19315.0
2022-03-20,243208.77000000823,15,114173.77000000824,-20965.0
2022-03-21,243380.69000000827,16,114218.19000000828,-20837.5
2022-03-22,247952.58000000828,14,114236.3300000083,-16283.75
2022-03-23,244701.9900000083,14,114261.99000000833,-19560.0
2022-03-24,248146.38000000833,14,114332.63000000834,-16186.25
2022-03-25,249732.66000000836,14,114358.91000000837,-14626.25
2022-03-27,248790.16000000836,13,114358.91000000837,-15568.75
2022-03-28,251943.93000000837,15,114376.43000000839,-12432.5
2022-03-29,255112.68000000837,13,114376.43000000839,-9263.75
2022-03-30,254317.7000000084,14,114393.95000000841,-10076.25
2022-03-31,250195.26000000845,15,114436.51000000846,-14241.25
2022-04-01,249657.8100000085,16,114480.31000000851,-14822.5
2022-04-03,249751.5600000085,15,114480.31000000851,-14728.75
2022-04-04,252187.2000000085,15,114498.45000000852,-12311.25
2022-04-05,248433.49000000855,14,114533.49000000856,-16100.0
2022-04-06,244461.03000000858,16,114568.5300000086,-20107.5
2022-04-07,247138.53000000858,14,114568.5300000086,-17430.0
2022-04-08,246351.07000000862,15,114603.57000000864,-18252.5
2022-04-10,244391.07000000862,14,114603.57000000864,-20212.5
2022-04-11,239507.99000000866,16,114637.99000000868,-25130.0
2022-04-12,241787.4100000087,15,114817.41000000872,-23030.0
2022-04-13,243922.4100000087,14,114817.41000000872,-20895.0
2022-04-14,239699.94000000873,16,114833.69000000875,-25133.75
2022-04-17,237939.94000000873,16,114833.69000000875,-26893.75
2022-04-18,240889.34000000876,16,114860.59000000877,-23971.25
2022-04-19,243913.73000000877,15,114878.73000000879,-20965.0
2022-04-20,245751.23000000877,14,114878.73000000879,-19127.5
2022-04-21,237631.92000000883,18,114920.67000000885,-27288.75
2022-04-22,227065.07000000885,18,114937.57000000887,-37872.5
2022-04-24,226570.07000000885,18,114937.57000000887,-38367.5
2022-04-25,231470.72000000888,19,114964.47000000889,-33493.75
2022-04-26,222244.4900000089,18,114981.99000000891,-42737.5
2022-04-27,223652.02000000892,18,115008.27000000894,-41356.25
2022-04-28,228241.44000000897,19,115042.69000000898,-36801.25
2022-04-29,216655.87000000902,19,115085.87000000903,-48430.0
2022-05-01,217843.37000000902,19,115085.87000000903,-47242.5
2022-05-02,219279.66000000905,20,115120.91000000907,-45841.25
2022-05-03,220012.80000000907,19,115139.05000000908,-45126.25
2022-05-04,230882.2200000091,19,115183.47000000913,-34301.25
2022-05-05,218443.51000000915,17,115218.51000000916,-46775.0
2022-05-06,215546.05000000919,18,115253.5500000092,-49707.5
2022-05-08,212974.80000000919,17,115253.5500000092,-52278.75
2022-05-09,206923.5800000092,18,115279.83000000923,-58356.25
2022-05-10,207192.37000000925,18,115314.87000000926,-58122.5
2022-05-11,201098.65000000928,18,115341.1500000093,-64242.5
2022-05-12,203398.6800000093,17,115367.43000000932,-61968.75
2022-05-13,207393.6800000093,17,115367.43000000932,-57973.75
2022-05-15,205608.6800000093,17,115367.43000000932,-59758.75
2022-05-16,207669.34000000934,19,115393.09000000935,-57723.75
2022-05-17,212707.49000000936,18,115623.74000000938,-52916.25
2022-05-18,200575.0400000094,18,115667.54000000942,-65092.5
2022-05-19,199988.80000000942,18,115676.30000000943,-65687.5
2022-05-20,198272.58000000945,18,115702.58000000946,-67430.0
2022-05-22,200695.08000000945,17,115702.58000000946,-65007.5
2022-05-23,201605.10000000946,18,115720.10000000948,-64115.0
2022-05-24,203802.61000000947,17,115728.86000000949,-61926.25
2022-05-25,204551.3900000095,18,115755.14000000952,-61203.75
2022-05-26,210761.42000000953,18,115781.42000000954,-55020.0
2022-05-27,220948.93000000954,18,115790.18000000955,-44841.25
2022-05-29,221395.18000000954,17,115790.18000000955,-44395.0
2022-05-30,220672.68000000954,17,115790.18000000955,-45117.5
2022-05-31,219105.21000000957,19,115816.46000000958,-46711.25
2022-06-01,215168.3700000096,18,115842.12000000961,-50673.75
2022-06-02,221759.03000000963,19,115877.78000000965,-44118.75
2022-06-03,216090.31000000966,18,115904.06000000967,-49813.75
2022-06-05,217599.06000000966,17,115904.06000000967,-48305.0
2022-06-06,215504.07000000967,18,115912.82000000968,-50408.75
2022-06-07,218955.33000000968,17,115921.5800000097,-46966.25
2022-06-08,216346.6100000097,17,115947.86000000972,-49601.25
2022-06-09,208729.80000000977,19,115999.80000000978,-57270.0
2022-06-10,198058.62000000983,20,116061.12000000985,-68002.5
2022-06-12,192951.12000000983,18,116061.12000000985,-73110.0
2022-06-13,186447.60000000987,19,116060.10000000989,-79612.5
2022-06-14,184102.6200000099,18,116077.6200000099,-81975.0
2022-06-15,189163.92000000994,19,116121.42000000995,-76957.5
2022-06-16,178453.92000000994,18,116121.42000000995,-87667.5
2022-06-17,177877.68000000995,18,116130.18000000996,-88252.5
2022-06-19,178507.68000000995,18,116130.18000000996,-87622.5
2022-06-20,182512.68000000995,18,116130.18000000996,-83617.5
2022-06-21,182138.32000000996,19,116138.32000000998,-84000.0
2022-06-22,184131.48000001,19,116173.98000001001,-82042.5
2022-06-23,189832.74000001,19,116182.74000001002,-76350.0
2022-06-24,198742.74000001,18,116182.74000001002,-67440.0
2022-06-26,199777.74000001,18,116182.74000001002,-66405.0
2022-06-27,197422.80000001006,19,116235.30000001007,-68812.5
2022-06-28,191315.3400000101,19,116270.34000001011,-74955.0
2022-06-29,189482.88000001013,19,116305.38000001015,-76822.5
2022-06-30,184604.16000001016,18,116331.66000001018,-81727.5
2022-07-01,190859.16000001016,18,116331.66000001018,-75472.5
2022-07-03,189036.66000001016,18,116331.66000001018,-77295.0
2022-07-04,191804.16000001016,18,116331.66000001018,-74527.5
2022-07-05,191614.2000000102,19,116366.70000001021,-74752.5
2022-07-06,193111.74000001024,19,116401.74000001025,-73290.0
2022-07-07,196608.00000001024,19,116410.50000001026,-69802.5
2022-07-08,198225.60000001034,19,116498.10000001035,-68272.5
2022-07-10,195705.60000001034,18,116498.10000001035,-70792.5
2022-07-11,191980.02000001038,20,116532.5200000104,-74552.5
2022-07-12,191387.56000001042,20,116567.56000001043,-75180.0
2022-07-13,188658.84000001044,20,116593.84000001046,-77935.0
2022-07-14,189308.85000001045,20,116602.60000001047,-77293.75
2022-07-15,194869.50000001048,19,116629.50000001049,-71760.0
2022-07-17,196152.00000001048,18,116629.50000001049,-70477.5
2022-07-18,192307.6600000105,20,116655.16000001052,-74347.5
2022-07-19,203297.04000001051,19,116664.54000001053,-63367.5
2022-07-20,202985.82000001054,19,116690.82000001056,-63705.0
2022-07-21,205635.84000001056,18,116708.34000001058,-61072.5
2022-07-22,203642.10000001057,18,116717.10000001059,-63075.0
2022-07-24,203462.10000001057,18,116717.10000001059,-63255.0
2022-07-25,203290.86000001058,18,116725.8600000106,-63435.0
2022-07-26,202727.16000001063,19,116769.66000001064,-64042.5
2022-07-27,208369.68000001065,19,116787.18000001066,-58417.5
2022-07-28,215567.82000001066,18,116805.32000001067,-51237.5
2022-07-29,218700.33000001067,18,116814.08000001068,-48113.75
2022-07-31,217127.83000001067,17,116814.08000001068,-49686.25
2022-08-01,216337.8500000107,18,116831.6000000107,-50493.75
2022-08-02,215969.14000001072,18,116866.64000001074,-50897.5
2022-08-03,220294.77000001073,18,116866.02000001074,-46571.25
2022-08-04,221380.43000001076,18,116901.68000001078,-45521.25
2022-08-05,219582.94000001077,18,116910.44000001079,-47327.5
2022-08-07,219370.44000001077,17,116910.44000001079,-47540.0
2022-08-08,220514.2100000108,18,116927.9600000108,-46413.75
2022-08-09,217978.00000001083,18,116963.00000001084,-48985.0
2022-08-10,226508.01000001084,18,116971.76000001085,-40463.75
2022-08-11,225979.92000001087,18,116997.42000001088,-41017.5
2022-08-12,231556.80000001087,18,117069.30000001089,-35512.5
2022-08-14,230728.05000001087,17,117069.30000001089,-36341.25
2022-08-15,232614.93000001088,18,117068.68000001089,-34453.75
2022-08-16,233831.85000001092,19,117113.10000001093,-33281.25
2022-08-17,230886.86000001093,18,117121.86000001094,-36235.0
2022-08-18,231438.77000001096,18,117147.52000001098,-35708.75
2022-08-19,226665.070000011,21,117181.32000001102,-40516.25
2022-08-21,225315.070000011,20,117181.32000001102,-41866.25
2022-08-22,218439.48000001104,22,117206.98000001106,-48767.5
2022-08-23,215142.62000001105,22,117215.12000001107,-52072.5
2022-08-24,219200.76000001107,22,117233.26000001108,-48032.5
2022-08-25,223701.39000001107,21,117242.64000001109,-43541.25
2022-08-26,207013.35000001115,23,117302.10000001117,-60288.75
2022-08-28,205432.10000001115,23,117302.10000001117,-61870.0
2022-08-29,206772.12000001117,24,117319.62000001119,-60547.5
2022-08-30,203195.2700000112,24,117336.52000001121,-64141.25
2022-08-31,193800.93000001123,24,117372.18000001124,-73571.25
2022-09-01,198150.94000001124,24,117380.94000001125,-69230.0
2022-09-02,194229.10000001127,25,117406.60000001128,-73177.5
2022-09-04,194139.10000001127,24,117406.60000001128,-73267.5
2022-09-05,195009.10000001127,24,117406.60000001128,-72397.5
2022-09-06,189400.42000001133,27,117467.92000001135,-78067.5
2022-09-07,200021.05000001134,25,117467.30000001135,-67446.25
2022-09-08,204463.59000001138,26,117512.34000001139,-63048.75
2022-09-09,209965.47000001138,23,117521.7200000114,-57556.25
2022-09-11,209965.47000001138,22,117521.7200000114,-57556.25
2022-09-12,215144.45000001142,23,117475.7000000114,-52331.25
2022-09-13,195749.51000001148,25,117518.26000001146,-71768.75
2022-09-14,197247.0500000115,24,117563.3000000115,-70316.25
2022-09-15,188693.33000001154,23,117589.58000001153,-78896.25
2022-09-16,189975.85000001156,23,117607.10000001155,-77631.25
2022-09-18,187610.85000001156,22,117607.10000001155,-79996.25
2022-09-19,192542.11000001157,23,117615.86000001155,-75073.75
2022-09-20,187407.1500000116,24,117650.90000001159,-80243.75
2022-09-21,176809.67000001163,23,117668.42000001161,-90858.75
2022-09-22,175094.69000001164,24,117685.94000001163,-92591.25
2022-09-23,168975.35000001168,24,117711.60000001166,-98736.25
2022-09-25,166416.60000001168,23,117711.60000001166,-101295.0
2022-09-26,167273.4900000117,23,117729.74000001168,-100456.25
2022-09-27,161158.5100000117,23,117747.2600000117,-106588.75
2022-09-28,171086.0100000117,22,117747.2600000117,-96661.25
2022-09-29,161545.42000001174,24,117772.92000001173,-106227.5
2022-09-30,157344.2300000118,24,117825.48000001178,-110481.25
2022-10-02,156740.4800000118,23,117825.48000001178,-111085.0
2022-10-03,170433.6200000118,23,117947.3700000118,-97513.75
2022-10-04,177509.88000001182,23,117956.1300000118,-90446.25
2022-10-05,180478.66000001185,23,117982.41000001183,-87503.75
2022-10-06,173822.44000001188,23,118008.69000001186,-94186.25
2022-10-07,162728.74000001192,23,118052.49000001191,-105323.75
2022-10-09,161133.74000001192,22,118052.49000001191,-106918.75
2022-10-10,157850.04000001197,23,118096.29000001196,-110246.25
2022-10-11,157673.22000001202,24,118139.470000012,-110466.25
2022-10-12,156572.62000001204,23,118166.37000001203,-111593.75
2022-10-13,169377.64000001206,23,118183.89000001205,-98806.25
2022-10-14,156920.8200000121,23,118227.0700000121,-111306.25
2022-10-16,158760.8200000121,23,118227.0700000121,-109466.25
2022-10-17,173316.46000001213,23,118547.71000001211,-95231.25
2022-10-18,175451.48000001215,23,118565.23000001213,-93113.75
2022-10-19,166962.74000001216,23,118573.99000001214,-101611.25
2022-10-20,164689.69000001223,24,118634.69000001221,-103945.0
2022-10-21,176675.34000001225,23,118661.59000001223,-91986.25
2022-10-23,175987.84000001225,22,118661.59000001223,-92673.75
2022-10-24,180799.12000001228,23,118687.87000001226,-87888.75
2022-10-25,183750.3800000123,22,118696.63000001227,-84946.25
2022-10-26,186554.1600000123,23,118722.9100000123,-82168.75
2022-10-27,180300.46000001236,23,118766.71000001235,-88466.25
2022-10-28,193390.46000001236,22,118766.71000001235,-75376.25
2022-10-30,191850.46000001236,22,118766.71000001235,-76916.25
2022-10-31,190546.7600000124,23,118810.5100000124,-78263.75
2022-11-01,188218.02000001242,23,118819.2700000124,-80601.25
2022-11-02,177481.82000001246,23,118863.07000001245,-91381.25
2022-11-03,172081.84000001248,23,118880.59000001247,-96798.75
2022-11-04,176976.84000001248,22,118880.59000001247,-91903.75
2022-11-06,177031.84000001248,22,118880.59000001247,-91848.75
2022-11-07,181349.34000001248,22,118880.59000001247,-87531.25
2022-11-08,184263.1200000125,24,118906.8700000125,-84643.75
2022-11-09,175960.03000001254,24,118932.53000001253,-92972.5
2022-11-10,199074.41000001255,23,119418.16000001253,-70343.75
2022-11-11,202474.43000001257,23,119435.68000001255,-66961.25
2022-11-13,201374.43000001257,22,119435.68000001255,-68061.25
2022-11-14,200622.5800000126,23,119452.58000001257,-68830.0
2022-11-15,201546.9800000126,23,119690.7300000126,-68143.75
2022-11-16,199565.76000001264,23,119717.01000001263,-70151.25
2022-11-17,197859.54000001267,23,119743.29000001265,-71883.75
2022-11-18,199710.80000001268,23,119752.05000001266,-70041.25
2022-11-20,198775.80000001268,22,119752.05000001266,-70976.25
2022-11-21,198719.5800000127,24,119778.33000001269,-71058.75
2022-11-22,203724.5800000127,22,119778.33000001269,-66053.75
2022-11-23,207509.60000001272,24,119795.85000001271,-62286.25
2022-11-24,207592.10000001272,22,119795.85000001271,-62203.75
2022-11-25,206673.99000001274,23,119803.99000001272,-63130.0
2022-11-27,203511.49000001274,23,119803.99000001272,-66292.5
2022-11-28,200835.27000001277,24,119830.27000001275,-68995.0
2022-11-29,199041.54000001278,25,119847.79000001277,-70806.25
2022-11-30,212712.20000001282,24,119883.4500000128,-57171.25
2022-12-01,211089.70000001282,22,119883.4500000128,-58793.75
2022-12-02,210328.46000001283,23,119892.21000001281,-59563.75
2022-12-04,210740.96000001283,22,119892.21000001281,-59151.25
2022-12-05,203763.50000001286,23,119927.25000001285,-66163.75
2022-12-06,197784.8000000129,23,119971.0500000129,-72186.25
2022-12-07,195657.32000001293,23,119988.57000001291,-74331.25
2022-12-08,200267.34000001295,23,120006.09000001293,-69738.75
2022-12-09,195397.37000001298,24,120022.37000001296,-74625.0
2022-12-11,195607.37000001298,24,120022.37000001296,-74415.0
2022-12-12,201878.85000001296,24,119995.10000001297,-68116.25
2022-12-13,206911.35000001296,22,119995.10000001297,-63083.75
2022-12-14,202931.390000013,22,120030.14000001301,-67098.75
2022-12-15,191060.150000013,23,120038.90000001302,-78978.75
2022-12-16,185440.17000001302,23,120056.42000001304,-84616.25
2022-12-18,186815.17000001302,22,120056.42000001304,-83241.25
2022-12-19,178660.82000001305,24,120073.32000001306,-91412.5
2022-12-20,184483.9900000131,24,120117.7400000131,-85633.75
2022-12-21,190579.0100000131,23,120135.26000001312,-79556.25
2022-12-22,183369.66000001313,25,120152.16000001314,-86782.5
2022-12-23,185150.31000001315,23,120179.06000001317,-85028.75
2022-12-26,188037.81000001315,22,120179.06000001317,-82141.25
2022-12-27,184102.8700000132,23,120231.62000001322,-86128.75
2022-12-28,178977.89000001323,23,120249.14000001324,-91271.25
2022-12-29,185121.03000001324,23,120257.28000001326,-85136.25
2022-12-30,185184.82000001328,24,120292.3200000133,-85107.5
2023-01-02,184782.32000001328,23,120292.3200000133,-85510.0
2023-01-03,183670.50000001333,24,120376.75000001334,-86706.25
2023-01-04,185905.54000001337,23,120411.79000001338,-84506.25
2023-01-05,183209.3200000134,24,120438.07000001341,-87228.75
2023-01-06,190394.9500000134,23,120437.45000001341,-80042.5
2023-01-08,192234.9500000134,23,120437.45000001341,-78202.5
2023-01-09,189023.12000001344,24,120570.62000001346,-81547.5
2023-01-10,193745.65000001347,25,120606.90000001348,-76861.25
2023-01-11,199455.6700000135,23,120624.4200000135,-71168.75
2023-01-12,199418.1900000135,23,120641.94000001352,-71223.75
2023-01-13,202204.45000001352,22,120650.70000001353,-68446.25
2023-01-15,202671.95000001352,22,120650.70000001353,-67978.75
2023-01-16,200719.45000001352,22,120650.70000001353,-69931.25
2023-01-17,201726.97000001353,23,120668.22000001355,-68941.25
2023-01-18,193280.76000001357,24,120693.26000001359,-77412.5
2023-01-19,191260.1700000136,25,120718.92000001362,-79458.75
2023-01-20,198772.71000001364,26,120763.96000001366,-71991.25
2023-01-22,198427.71000001364,23,120763.96000001366,-72336.25
2023-01-23,204278.99000001367,25,120790.24000001368,-66511.25
2023-01-24,201717.7700000137,24,120816.52000001371,-69098.75
2023-01-25,204311.56000001373,24,120851.56000001375,-66540.0
2023-01-26,207445.94000001374,23,120914.69000001375,-63468.75
2023-01-27,209553.46000001376,24,120922.21000001377,-61368.75
2023-01-29,208113.46000001376,24,120922.21000001377,-62808.75
2023-01-30,203108.5000000138,25,120957.25000001381,-67848.75
2023-01-31,209195.40000001382,25,120984.15000001383,-61788.75
2023-02-01,216662.32000001386,24,121028.57000001387,-54366.25
2023-02-02,219370.4900000139,23,121072.99000001392,-51702.5
2023-02-03,216833.0000000139,22,121081.75000001393,-54248.75
2023-02-05,215441.7500000139,21,121081.75000001393,-55640.0
2023-02-06,214838.03000001394,22,121108.03000001395,-56270.0
2023-02-07,219930.56000001397,22,121134.31000001398,-51203.75
2023-02-08,216106.82000001398,22,121143.07000001399,-55036.25
2023-02-09,210372.480000014,22,121168.73000001402,-60796.25
2023-02-10,212031.24000001402,23,121177.49000001403,-59146.25
2023-02-12,210243.74000001402,22,121177.49000001403,-60933.75
2023-02-13,216643.13000001403,22,121206.88000001405,-54563.75
2023-02-14,215120.66000001406,22,121233.16000001408,-56112.5
2023-02-15,219119.4500000141,22,121268.20000001411,-52148.75
2023-02-16,210158.23000001413,23,121284.48000001414,-61126.25
2023-02-17,210443.26000001415,24,121310.76000001417,-60867.5
2023-02-19,210472.01000001415,23,121310.76000001417,-60838.75
2023-02-20,208603.26000001415,23,121310.76000001417,-62707.5
2023-02-21,202155.8100000142,25,121344.56000001421,-69188.75
2023-02-22,202780.27000001428,25,121424.0200000143,-68643.75
2023-02-23,202409.6600000143,24,121442.16000001431,-69032.5
2023-02-24,197798.4300000143,24,121459.68000001433,-73661.25
2023-02-26,198574.6800000143,23,121459.68000001433,-72885.0
2023-02-27,199755.32000001433,24,121467.82000001434,-71712.5
2023-02-28,197932.87000001437,25,121511.62000001439,-73578.75
2023-03-01,193977.9100000144,25,121546.66000001442,-77568.75
2023-03-02,198219.80000001442,25,121564.80000001444,-73345.0
2023-03-03,206882.31000001443,24,121573.56000001445,-64691.25
2023-03-05,207169.81000001443,23,121573.56000001445,-64403.75
2023-03-06,207857.97000001447,25,121599.22000001448,-63741.25
2023-03-07,199390.53000001452,26,121651.78000001454,-72261.25
2023-03-08,199446.81000001455,25,121678.06000001456,-72231.25
2023-03-09,186818.1100000146,26,121711.86000001461,-84893.75
2023-03-10,185553.15000001463,27,121746.90000001465,-86193.75
2023-03-12,192215.65000001463,26,121746.90000001465,-79531.25
2023-03-13,185180.93000001466,27,121699.68000001466,-86518.75
2023-03-14,191752.8400000147,26,121735.3400000147,-79982.5
2023-03-15,189020.3600000147,25,121752.86000001471,-82732.5
2023-03-16,196110.99000001472,25,121762.24000001472,-75651.25
2023-03-17,190694.79000001476,26,121806.04000001476,-81111.25
2023-03-19,191234.79000001476,24,121806.04000001476,-80571.25
2023-03-20,195443.55000001477,24,121814.80000001477,-76371.25
2023-03-21,201413.55000001477,24,121814.80000001477,-70401.25
2023-03-22,195586.11000001483,25,121867.36000001483,-76281.25
2023-03-23,194639.28000001487,26,121901.78000001487,-77262.5
2023-03-24,198281.8000000149,25,121919.30000001489,-73637.5
2023-03-26,199719.3000000149,25,121919.30000001489,-72200.0
2023-03-27,198739.99000001495,25,122021.24000001495,-73281.25
2023-03-28,199318.75000001496,25,122030.00000001496,-72711.25
2023-03-29,203857.51000001497,25,122038.76000001497,-68181.25
2023-03-30,208165.030000015,26,122056.28000001499,-63891.25
2023-03-31,213707.550000015,24,122083.800000015,-58376.25
2023-04-02,212057.550000015,22,122083.800000015,-60026.25
2023-04-03,215100.07000001502,23,122101.32000001502,-57001.25
2023-04-04,212762.00000001508,24,122144.50000001508,-59382.5
2023-04-05,209962.0200000151,24,122162.0200000151,-62200.0
2023-04-06,212518.30000001512,24,122188.30000001512,-59670.0
2023-04-07,214070.80000001512,23,122188.30000001512,-58117.5
2023-04-09,212863.30000001512,23,122188.30000001512,-59325.0
2023-04-10,213878.31000001513,24,122197.06000001513,-58318.75
2023-04-11,213637.08000001515,24,122214.58000001515,-58577.5
2023-04-12,211967.79000001523,24,122366.54000001523,-60398.75
2023-04-13,217485.32000001526,24,122427.82000001526,-54942.5
2023-04-14,217628.53000001534,22,122507.28000001534,-54878.75
2023-04-16,217471.03000001534,21,122507.28000001534,-55036.25
2023-04-17,217926.04000001535,22,122516.04000001535,-54590.0
2023-04-18,217931.70000001538,22,122541.70000001538,-54610.0
2023-04-19,217549.8400000154,22,122559.84000001539,-55010.0
2023-04-20,215902.99000001542,23,122576.74000001542,-56673.75
2023-04-21,215728.01000001543,23,122594.26000001543,-56866.25
2023-04-23,214738.01000001543,22,122594.26000001543,-57856.25
2023-04-24,215231.79000001546,23,122620.54000001546,-57388.75
2023-04-25,210923.74000001553,24,122681.24000001553,-61757.5
2023-04-26,208026.29000001558,26,122715.04000001558,-64688.75
2023-04-27,215523.83000001562,25,122843.83000001562,-57320.0
2023-04-28,219942.59000001563,22,122852.59000001563,-52910.0
2023-04-30,219995.09000001563,21,122852.59000001563,-52857.5
2023-05-01,219192.00000001566,23,122878.25000001566,-53686.25
2023-05-02,214609.57000001572,26,122929.57000001572,-58320.0
2023-05-03,211262.83000001585,24,123052.83000001585,-61790.0
2023-05-04,208934.08000001585,23,123052.83000001585,-64118.75
2023-05-05,215413.46000001585,24,123052.21000001585,-57638.75
2023-05-07,215113.46000001585,24,123052.21000001585,-57938.75
2023-05-08,215780.4000000159,24,123114.15000001591,-57333.75
2023-05-09,214196.68000001594,24,123140.43000001594,-58943.75
2023-05-10,216839.21000001597,24,123166.71000001597,-56327.5
2023-05-11,215554.22000001598,24,123175.47000001598,-57621.25
2023-05-12,213634.26000001602,24,123210.51000001602,-59576.25
2023-05-14,214238.01000001602,23,123210.51000001602,-58972.5
2023-05-15,214850.52000001603,24,123219.27000001603,-58368.75
2023-05-16,213471.16000001604,24,123227.41000001604,-59756.25
2023-05-17,218087.44000001607,24,123341.19000001607,-55253.75
2023-05-18,223433.1000000161,23,123376.8500000161,-49943.75
2023-05-19,221207.51000001613,23,123402.51000001613,-52195.0
2023-05-21,221785.01000001613,22,123402.51000001613,-51617.5
2023-05-22,222955.03000001615,22,123420.03000001615,-50465.0
2023-05-23,217435.0700000162,23,123455.07000001619,-56020.0
2023-05-24,215032.5900000162,23,123472.59000001621,-58440.0
2023-05-25,216196.35000001622,23,123481.35000001622,-57285.0
2023-05-26,223617.00000001624,22,123508.25000001624,-49891.25
2023-05-28,223932.00000001624,21,123508.25000001624,-49576.25
2023-05-29,223958.25000001624,21,123508.25000001624,-49550.0
2023-05-30,222199.5600000163,22,123560.8100000163,-51361.25
2023-05-31,220939.59000001632,23,123587.09000001632,-52647.5
2023-06-01,225402.12000001635,22,123613.37000001635,-48211.25
2023-06-02,230835.88000001636,21,123688.38000001636,-42852.5
2023-06-04,230337.13000001636,21,123688.38000001636,-43351.25
2023-06-05,230059.6600000164,22,123714.66000001639,-43655.0
2023-06-06,231424.69000001642,22,123740.94000001642,-42316.25
2023-06-07,229069.11000001646,21,123785.36000001646,-44716.25
2023-06-08,231611.63000001648,21,123802.88000001648,-42191.25
2023-06-09,232596.67000001651,21,123837.92000001651,-41241.25
2023-06-11,233096.67000001651,20,123837.92000001651,-40741.25
2023-06-12,237147.50000001653,21,123808.75000001653,-36661.25
2023-06-13,238928.79000001657,19,123910.04000001657,-34981.25
2023-06-14,239193.85000001662,18,123962.60000001662,-34768.75
2023-06-15,243126.98000001663,18,123961.98000001663,-30835.0
2023-06-16,242689.51000001666,19,124074.51000001666,-31385.0
2023-06-18,241834.51000001666,18,124074.51000001666,-32240.0
2023-06-19,241317.01000001666,18,124074.51000001666,-32757.5
2023-06-20,240510.1800000167,20,124108.9300000167,-33598.75
2023-06-21,238092.74000001675,20,124161.49000001675,-36068.75
2023-06-22,237896.51000001677,20,124179.01000001677,-36282.5
2023-06-23,236195.9100000168,21,124195.9100000168,-38000.0
2023-06-25,237345.9100000168,20,124195.9100000168,-36850.0
2023-06-26,235373.46000001684,20,124239.71000001684,-38866.25
2023-06-27,238449.72000001685,20,124248.47000001685,-35798.75
2023-06-28,239364.1400000169,21,124292.8900000169,-34928.75
2023-06-29,240954.79000001692,19,124319.79000001692,-33365.0
2023-06-30,245047.95000001695,18,124355.45000001695,-29307.5
2023-07-02,245579.20000001695,17,124355.45000001695,-28776.25
2023-07-03,245800.46000001696,18,124364.21000001696,-28563.75
2023-07-04,245630.46000001696,17,124364.21000001696,-28733.75
2023-07-05,243909.86000001698,18,124381.11000001698,-30471.25
2023-07-06,241767.380000017,20,124398.630000017,-32631.25
2023-07-07,240799.27000001702,21,124396.77000001702,-33597.5
2023-07-09,239355.52000001702,21,124396.77000001702,-35041.25
2023-07-10,241751.16000001703,22,124414.91000001703,-32663.75
2023-07-11,244429.94000001706,20,124451.19000001706,-30021.25
2023-07-12,248404.3500000171,18,124609.35000001709,-26205.0
2023-07-13,250359.3500000171,17,124609.35000001709,-24250.0
2023-07-14,249765.0000000171,18,124626.25000001711,-24861.25
2023-07-16,249517.5000000171,18,124626.25000001711,-25108.75
2023-07-17,250996.26000001712,18,124635.01000001712,-23638.75
2023-07-18,254160.02000001713,18,124653.77000001713,-20493.75
2023-07-19,254488.20000001718,16,124706.95000001718,-20218.75
2023-07-20,252973.87000001722,17,124741.37000001722,-21767.5
2023-07-21,252570.77000001725,17,124759.52000001725,-22188.75
2023-07-23,252507.02000001725,17,124759.52000001725,-22252.5
2023-07-24,254110.80000001728,17,124835.80000001728,-20725.0
2023-07-25,255103.3200000173,16,124853.3200000173,-19750.0
2023-07-26,255990.87000001734,16,124897.12000001734,-18906.25
2023-07-27,253479.6900000174,16,124982.1900000174,-21502.5
2023-07-28,256179.09000001743,15,125009.09000001743,-18830.0
2023-07-30,255584.09000001743,14,125009.09000001743,-19425.0
2023-07-31,256940.37000001746,15,125035.37000001746,-18095.0
2023-08-01,254350.39000001748,15,125052.89000001748,-20702.5
2023-08-02,251707.9300000175,15,125087.93000001751,-23380.0
2023-08-03,251322.97000001755,15,125122.97000001755,-23800.0
2023-08-04,248424.25000001758,17,125139.25000001758,-26715.0
2023-08-06,249844.25000001758,16,125139.25000001758,-25295.0
2023-08-07,250771.7700000176,16,125166.7700000176,-24395.0
2023-08-08,250325.5300000176,15,125175.5300000176,-24850.0
2023-08-09,249128.09000001766,17,125218.09000001766,-26090.0
2023-08-10,248025.65000001772,16,125378.15000001772,-27352.5
2023-08-11,247955.65000001772,14,125378.15000001772,-27422.5
2023-08-13,246975.65000001772,14,125378.15000001772,-28402.5
2023-08-14,250099.43000001775,15,125404.43000001775,-25305.0
2023-08-15,245898.8600000178,17,125447.6100000178,-29548.75
2023-08-16,243440.15000001783,17,125482.65000001783,-32042.5
2023-08-17,240492.04000001785,17,125490.79000001785,-34998.75
2023-08-18,240140.80000001786,17,125499.55000001786,-35358.75
2023-08-20,240540.80000001786,16,125499.55000001786,-34958.75
2023-08-21,242527.70000001788,16,125526.45000001788,-32998.75
2023-08-22,242565.20000001788,15,125526.45000001788,-32961.25
2023-08-23,247561.4600000179,16,125535.21000001789,-27973.75
2023-08-24,240520.27000001795,18,125577.77000001795,-35057.5
2023-08-25,242705.92000001797,17,125604.67000001797,-32898.75
2023-08-27,242945.92000001797,16,125604.67000001797,-32658.75
2023-08-28,245201.570000018,16,125631.570000018,-30430.0
2023-08-29,250327.210000018,15,125649.710000018,-25322.5
2023-08-30,251307.25000001804,15,125684.75000001804,-24377.5
2023-08-31,250800.40000001807,15,125701.65000001807,-24901.25
2023-09-01,250841.0500000181,15,125831.05000001809,-24990.0
2023-09-03,251033.5500000181,14,125831.05000001809,-24797.5
2023-09-04,250508.5500000181,14,125831.05000001809,-25322.5
2023-09-05,249330.50000001816,16,125891.75000001816,-26561.25
2023-09-06,247151.1600000182,17,125917.4100000182,-28766.25
2023-09-07,246268.6800000182,17,125934.93000001821,-29666.25
2023-09-08,246757.44000001822,17,125943.69000001822,-29186.25
2023-09-10,246857.44000001822,16,125943.69000001822,-29086.25
2023-09-11,248613.23000001826,16,125943.23000001823,-27330.0
2023-09-12,246266.3900000183,17,125968.89000001826,-29702.5
2023-09-13,248323.93000001833,16,126003.9300000183,-27680.0
2023-09-14,250856.46000001836,16,126126.46000001833,-25270.0
2023-09-15,246189.6400000184,16,126169.64000001838,-29980.0
2023-09-17,246733.3900000184,15,126169.64000001838,-29436.25
2023-09-18,246375.91000001843,16,126187.1600000184,-29811.25
2023-09-19,245210.95000001846,16,126222.20000001843,-31011.25
2023-09-20,241345.3600000185,17,126247.86000001847,-34902.5
2023-09-21,236718.51000001852,19,126254.76000001849,-39536.25
2023-09-22,235414.80000001856,19,126333.55000001853,-40918.75
2023-09-24,236243.55000001856,17,126333.55000001853,-40090.0
2023-09-25,235542.30000001856,17,126333.55000001853,-40791.25
2023-09-26,231854.2100000186,19,126359.21000001856,-44505.0
2023-09-27,231196.7300000186,19,126376.73000001858,-45180.0
2023-09-28,233648.62000001862,18,126394.87000001859,-42746.25
2023-09-29,232646.14000001864,18,126412.39000001861,-43766.25
2023-10-01,234346.14000001864,17,126412.39000001861,-42066.25
2023-10-02,232136.14000001864,17,126412.39000001861,-44276.25
2023-10-03,225774.93000001868,18,126447.43000001865,-50672.5
2023-10-04,230182.4400000187,18,126456.19000001866,-46273.75
2023-10-05,229252.47000001871,18,126482.47000001869,-47230.0
2023-10-06,234102.50000001874,18,126508.75000001871,-42406.25
2023-10-08,230638.75000001874,17,126508.75000001871,-45870.0
2023-10-09,236470.01000001875,17,126517.51000001872,-40047.5
2023-10-10,238206.28000001877,18,126535.03000001874,-38328.75
2023-10-11,240548.1900000188,17,126570.69000001877,-36022.5
2023-10-12,237600.09000001883,18,126587.5900000188,-38987.5
2023-10-13,234811.36000001885,18,126605.11000001882,-41793.75
2023-10-15,236107.61000001885,17,126605.11000001882,-40497.5
2023-10-16,238558.27000001888,17,126640.77000001885,-38082.5
2023-10-17,238615.7900000189,17,126658.29000001887,-38042.5
2023-10-18,233522.07000001892,17,126684.5700000189,-43162.5
2023-10-19,230518.97000001895,18,126701.47000001892,-46182.5
2023-10-20,225842.11000001896,18,126709.61000001893,-50867.5
2023-10-22,226832.11000001896,18,126709.61000001893,-49877.5
2023-10-23,226475.890000019,19,126735.89000001896,-50260.0
2023-10-24,227438.410000019,19,126753.41000001898,-49315.0
2023-10-25,220399.69000001904,20,126779.690000019,-56380.0
2023-10-26,220078.5100000191,20,126841.01000001907,-56762.5
2023-10-27,216201.66000001912,20,126857.9100000191,-60656.25
2023-10-29,217745.41000001912,19,126857.9100000191,-59112.5
2023-10-30,219450.43000001914,19,126941.68000001911,-57491.25
2023-10-31,222616.07000001916,19,126971.07000001913,-54355.0
2023-11-01,228194.8700000192,19,127014.87000001917,-48820.0
2023-11-02,233871.1300000192,18,127033.63000001918,-43162.5
2023-11-03,237563.02000001923,17,127041.7700000192,-39478.75
2023-11-05,237435.52000001923,17,127041.7700000192,-39606.25
2023-11-06,237254.93000001926,18,127077.43000001923,-39822.5
2023-11-07,238818.7300000193,17,127121.23000001928,-38302.5
2023-11-08,239142.53000001935,17,127165.03000001932,-38022.5
2023-11-09,236710.7200000194,18,127216.97000001938,-40506.25
2023-11-10,241486.36000001943,17,127268.8600000194,-35782.5
2023-11-12,240306.36000001943,16,127268.8600000194,-36962.5
2023-11-13,241747.01000001945,17,127285.76000001942,-35538.75
2023-11-14,249354.53000001947,17,127684.53000001944,-28330.0
2023-11-15,248722.6900000195,16,127710.19000001947,-28987.5
2023-11-16,249932.10000001953,16,127745.8500000195,-27813.75
2023-11-17,249650.25000001956,16,127772.75000001953,-28122.5
2023-11-19,249597.75000001956,14,127772.75000001953,-28175.0
2023-11-20,252448.38000001956,15,127772.13000001953,-25323.75
2023-11-21,251499.6600000196,16,127798.41000001956,-26298.75
2023-11-22,252652.8000000196,15,127817.80000001958,-25165.0
2023-11-23,252915.3000000196,14,127817.80000001958,-24902.5
2023-11-24,252836.58000001963,15,127844.0800000196,-25007.5
2023-11-26,251909.08000001963,14,127844.0800000196,-25935.0
2023-11-27,252309.72000001965,15,127852.22000001962,-25542.5
2023-11-28,253002.88000001968,16,127887.88000001965,-24885.0
2023-11-29,252676.0300000197,16,127904.78000001967,-25228.75
2023-11-30,253344.20000001974,16,127949.20000001971,-24605.0
2023-12-01,255444.20000001974,14,127949.20000001971,-22505.0
2023-12-03,254831.70000001974,14,127949.20000001971,-23117.5
2023-12-04,252862.96000001975,15,127957.96000001972,-25095.0
2023-12-05,254394.22000001976,15,127966.72000001973,-23572.5
2023-12-06,251996.7600000198,15,128001.76000001977,-26005.0
2023-12-07,254508.0200000198,15,128010.52000001978,-23502.5
2023-12-08,255759.30000001984,15,128036.80000001981,-22277.5
2023-12-10,255584.30000001984,14,128036.80000001981,-22452.5
2023-12-11,257168.22000001982,15,128028.22000001984,-20860.0
2023-12-12,258839.48000001983,15,128036.98000001984,-19197.5
2023-12-13,264127.62000001984,15,128055.12000001986,-13927.5
2023-12-14,264022.63000001985,13,128063.88000001987,-14041.25
2023-12-15,263438.9000000199,14,128081.40000001989,-14642.5
2023-12-17,264202.6500000199,13,128081.40000001989,-13878.75
2023-12-18,264988.2900000199,14,128089.5400000199,-13101.25
2023-12-19,266902.6900000199,14,128116.44000001992,-11213.75
2023-12-20,262540.26000002,17,128157.76000001999,-15617.5
2023-12-21,264619.64000002,17,128240.89000002,-13621.25
2023-12-22,265495.95000002004,16,128334.70000002005,-12838.75
2023-12-25,266353.45000002004,14,128334.70000002005,-11981.25
2023-12-26,267350.96000002004,14,128343.46000002006,-10992.5
2023-12-27,268220.35000002006,14,128361.60000002007,-10141.25
2023-12-28,268035.3800000201,14,128387.8800000201,-10352.5
2023-12-29,266532.32000002015,15,128439.82000002016,-11907.5
2024-01-01,267092.32000002015,14,128439.82000002016,-11347.5
2024-01-02,264511.1000000202,16,128466.10000002019,-13955.0
2024-01-03,262183.6400000202,15,128501.14000002023,-16317.5
2024-01-04,260877.41000002023,16,128508.66000002025,-17631.25
2024-01-05,261159.32000002026,16,128544.32000002028,-17385.0
2024-01-07,260915.57000002026,15,128544.32000002028,-17628.75
2024-01-08,265473.70000002027,15,128553.70000002028,-13080.0
2024-01-09,265010.0000000203,15,128597.50000002033,-13587.5
2024-01-10,267818.78000002034,15,128623.78000002036,-10805.0
2024-01-11,266494.43000002037,14,128650.68000002038,-12156.25
2024-01-12,266739.4500000204,14,128668.2000000204,-11928.75
2024-01-14,267178.2000000204,13,128668.2000000204,-11490.0
2024-01-15,266040.7000000204,13,128668.2000000204,-12627.5
2024-01-16,265353.25000002043,15,128712.00000002045,-13358.75
2024-01-17,263827.02000002045,14,128729.52000002046,-14902.5
2024-01-18,267013.29000002047,14,128747.04000002048,-11733.75
2024-01-19,270620.79000002047,13,128747.04000002048,-8126.25
2024-01-21,271417.04000002047,13,128747.04000002048,-7330.0
2024-01-22,271356.4200000205,14,128746.42000002049,-7390.0
2024-01-23,272962.0600000205,14,128764.5600000205,-5802.5
2024-01-24,272620.2300000205,13,128863.98000002054,-6243.75
2024-01-25,272907.75000002055,13,128881.50000002056,-5973.75
2024-01-26,273503.40000002057,14,128898.40000002059,-5395.0
2024-01-28,273438.40000002057,13,128898.40000002059,-5460.0
2024-01-29,275979.0300000206,13,128907.78000002059,-2928.75
2024-01-30,274670.9400000206,13,128933.44000002062,-4262.5
2024-01-31,271612.2600000207,15,128994.76000002069,-7382.5
2024-02-01,276194.7600000207,13,128994.76000002069,-2800.0
2024-02-02,277557.3100000207,13,129198.56000002073,-1641.25
2024-02-04,277321.0600000207,9,129198.56000002073,-1877.5
2024-02-05,277369.24000002077,13,129266.74000002079,-1897.5
2024-02-06,277846.7600000208,11,129294.2600000208,-1447.5
2024-02-07,279768.6400000208,11,129293.64000002081,475.0
2024-02-08,279725.58000002085,12,129789.33000002087,-63.75
2024-02-09,280447.5000000209,6,130442.50000002091,5.0
2024-02-11,280445.0000000209,1,130442.50000002091,2.5
2024-02-12,279775.080000021,9,130602.58000002099,-827.5
2024-02-13,277117.02000002103,13,130704.52000002105,-3587.5
2024-02-14,279432.04000002105,11,130732.04000002106,-1300.0
2024-02-15,280795.80000002106,11,130745.80000002107,50.0
2024-02-16,279316.4700000211,12,131037.72000002112,-1721.25
2024-02-18,279838.9700000211,11,131037.72000002112,-1198.75
2024-02-19,278793.9700000211,11,131037.72000002112,-2243.75
2024-02-20,277649.64000002114,13,131072.14000002114,-3422.5
2024-02-21,280585.9200000212,13,131098.42000002117,-512.5
2024-02-22,283098.51000002126,12,133032.26000002126,66.25
2024-02-23,282906.6800000213,6,133292.9300000213,-386.25
2024-02-25,282819.1800000213,5,133292.9300000213,-473.75
2024-02-26,282259.87000002136,10,133344.87000002136,-1085.0
2024-02-27,282809.9100000214,12,133419.9100000214,-610.0
2024-02-28,282771.83000002144,11,133474.33000002144,-702.5
2024-02-29,284061.8700000215,11,133666.87000002147,395.0
2024-03-01,284771.33000002155,9,134840.08000002155,-68.75
2024-03-03,284791.33000002155,2,134840.08000002155,-48.75
2024-03-04,284631.3700000216,4,134880.1200000216,-248.75
2024-03-05,283417.1000000217,13,134967.1000000217,-1550.0
2024-03-06,284239.6400000217,11,135154.64000002173,-915.0
2024-03-07,286350.9800000218,9,136317.2300000218,33.75
2024-03-08,285158.63000002195,12,136803.63000002195,-1645.0
2024-03-10,284471.13000002195,11,136803.63000002195,-2332.5
2024-03-11,285526.300000022,13,136868.800000022,-1342.5
2024-03-12,287352.590000022,12,137157.59000002203,195.0
2024-03-13,287376.37000002206,8,137198.87000002206,177.5
2024-03-14,286705.1600000221,9,137253.9100000221,-548.75
2024-03-15,285625.8100000221,9,137280.81000002212,-1655.0
2024-03-17,286025.8100000221,8,137280.81000002212,-1255.0
2024-03-18,286575.20000002213,9,137293.95000002213,-718.75
2024-03-19,287790.85000002215,10,137335.85000002215,455.0
2024-03-20,288634.0400000222,9,138472.7900000222,161.25
2024-03-21,288527.21000002226,5,138699.71000002226,-172.5
2024-03-22,288144.1500000223,9,138751.65000002232,-607.5
2024-03-24,288144.1500000223,9,138751.65000002232,-607.5
2024-03-25,287854.80000002234,12,138763.55000002234,-908.75
2024-03-26,287727.9600000224,13,138840.46000002237,-1112.5
2024-03-27,289379.2500000224,13,139084.2500000224,295.0
2024-03-28,289848.7000000225,9,139994.95000002248,-146.25
2024-03-31,290328.7000000225,4,139994.95000002248,333.75
2024-04-01,289523.7400000225,9,140033.74000002252,-510.0
2024-04-02,288251.29000002256,12,140107.54000002256,-1856.25
2024-04-03,289419.4600000226,12,140260.7100000226,-841.25
2024-04-04,284982.0400000227,14,140474.54000002268,-5492.5
2024-04-05,288343.3100000227,13,140512.0600000227,-2168.75
2024-04-07,287793.3100000227,11,140512.0600000227,-2718.75
2024-04-08,288315.8400000227,12,140553.34000002273,-2237.5
2024-04-09,288929.6500000228,13,140630.90000002278,-1701.25
2024-04-10,285824.6800000228,12,140702.1800000228,-4877.5
2024-04-11,287887.8100000228,12,140701.56000002282,-2813.75
2024-04-12,283251.61000002286,13,140745.36000002286,-7493.75
2024-04-14,284151.61000002286,12,140745.36000002286,-6593.75
2024-04-15,278852.8900000229,13,140771.6400000229,-11918.75
2024-04-16,279586.69000002294,13,140815.44000002294,-11228.75
2024-04-17,277915.45000002295,13,140824.20000002295,-12908.75
2024-04-18,273099.860000023,14,140849.86000002298,-17750.0
2024-04-19,273146.150000023,15,140874.90000002302,-17728.75
2024-04-21,274083.650000023,15,140874.90000002302,-16791.25
2024-04-22,276338.68000002304,15,141014.93000002304,-14676.25
2024-04-23,281113.08000002307,13,141081.83000002307,-9968.75
2024-04-24,278002.5000000231,14,141116.2500000231,-13113.75
2024-04-25,281123.16000002314,14,141151.91000002314,-10028.75
2024-04-26,281587.55000002316,13,141160.05000002316,-9572.5
2024-04-28,282367.55000002316,13,141160.05000002316,-8792.5
2024-04-29,282355.7000000232,14,141259.45000002318,-8903.75
2024-04-30,277710.7400000232,13,141294.49000002322,-13583.75
2024-05-01,278208.90000002325,13,141320.15000002325,-13111.25
2024-05-02,280372.04000002326,13,141435.79000002326,-11063.75
2024-05-03,283668.3200000233,13,141462.0700000233,-7793.75
2024-05-05,283563.3200000233,12,141462.0700000233,-7898.75
2024-05-06,286499.6000000233,13,141488.35000002332,-4988.75
2024-05-07,286761.50000002334,14,141505.25000002334,-4743.75
2024-05-08,286461.51000002335,13,141514.01000002335,-5052.5
2024-05-09,288532.1600000234,14,141540.91000002337,-3008.75
2024-05-10,288670.3300000234,12,141622.83000002342,-2952.5
2024-05-12,289082.8300000234,11,141622.83000002342,-2540.0
2024-05-13,288637.22000002343,13,141630.97000002343,-2993.75
2024-05-14,290562.86000002344,12,141659.11000002344,-1096.25
2024-05-15,292914.8000000235,11,142746.0500000235,168.75
2024-05-16,292601.08000002353,4,142772.33000002353,-171.25
2024-05-17,292938.0100000236,8,142840.51000002358,97.5
2024-05-19,293100.5100000236,5,142840.51000002358,260.0
2024-05-20,293249.32000002364,6,143366.82000002364,-117.5
2024-05-21,293571.21000002365,6,143394.96000002365,176.25
2024-05-22,294654.4000000237,10,143461.9000000237,1192.5
2024-05-23,292997.06000002386,12,144624.56000002386,-1627.5
2024-05-24,294481.4500000239,11,144680.20000002388,-198.75
2024-05-26,294293.9500000239,10,144680.20000002388,-386.25
2024-05-27,294918.9500000239,10,144680.20000002388,238.75
2024-05-28,294104.66000002396,12,145049.66000002396,-945.0
2024-05-29,292264.070000024,8,145090.320000024,-2826.25
2024-05-30,291675.4200000241,13,145247.92000002408,-3572.5
2024-05-31,294622.35000002413,13,145406.10000002413,-783.75
2024-06-02,295004.85000002413,9,145406.10000002413,-401.25
2024-06-03,294649.87000002415,10,145433.62000002415,-783.75
2024-06-04,295293.63000002416,10,145447.38000002416,-153.75
2024-06-05,296721.1900000242,9,146583.69000002422,137.5
2024-06-06,296900.0000000243,6,146755.00000002427,145.0
2024-06-07,296883.23000002437,8,147430.73000002437,-547.5
2024-06-09,296973.23000002437,8,147430.73000002437,-457.5
2024-06-10,297639.5200000244,10,147485.7700000244,153.75
2024-06-11,298681.4900000245,10,148666.4900000245,15.0
2024-06-12,299127.8300000246,6,149082.83000002458,45.0
2024-06-13,299429.1100000246,8,149109.1100000246,320.0
2024-06-14,299296.66000002465,8,149177.91000002465,118.75
2024-06-16,299296.66000002465,7,149177.91000002465,118.75
2024-06-17,300163.6200000247,8,150184.8700000247,-21.25
2024-06-18,300304.2800000247,2,150240.53000002474,63.75
2024-06-19,300354.2800000247,1,150240.53000002474,113.75
2024-06-20,300140.6300000248,10,150428.13000002483,-287.5
2024-06-21,299852.54000002483,11,150468.79000002486,-616.25
2024-06-23,299365.04000002483,10,150468.79000002486,-1103.75
2024-06-24,299233.2400000249,12,150620.74000002493,-1387.5
2024-06-25,300070.77000002493,12,150677.02000002496,-606.25
2024-06-26,299423.92000002495,10,150718.92000002498,-1295.0
2024-06-27,300987.68000002496,9,150732.680000025,255.0
2024-06-28,300683.4400000251,12,151785.94000002512,-1102.5
2024-06-30,300903.4400000251,11,151785.94000002512,-882.5
2024-07-01,300163.49000002514,13,151870.99000002517,-1707.5
2024-07-02,302339.12000002514,11,151885.37000002517,453.75
2024-07-03,303223.5500000252,10,153132.30000002522,91.25
2024-07-04,303246.0500000252,1,153132.30000002522,113.75
2024-07-05,303501.09000002523,2,153517.34000002526,-16.25
2024-07-07,303497.34000002523,1,153517.34000002526,-20.0
2024-07-08,303643.61000002525,3,153544.86000002528,98.75
2024-07-09,303616.7600000253,4,153666.7600000253,-50.0
2024-07-10,304198.0600000253,4,154216.81000002535,-18.75
2024-07-11,303094.43000002543,12,154346.93000002546,-1252.5
2024-07-12,305035.18000002555,10,155535.18000002558,-500.0
2024-07-14,305297.68000002555,7,155535.18000002558,-237.5
2024-07-15,306390.28000002564,8,156151.53000002567,238.75
2024-07-16,307122.2200000257,7,157035.97000002573,86.25
2024-07-17,306020.39000002574,10,157060.39000002577,-1040.0
2024-07-18,303706.0900000258,13,157131.09000002584,-3425.0
2024-07-19,300687.37000002584,13,157157.37000002587,-6470.0
2024-07-21,301332.37000002584,12,157157.37000002587,-5825.0
2024-07-22,303516.13000002585,13,157166.13000002588,-3650.0
2024-07-23,302398.0800000259,13,157306.83000002595,-4908.75
2024-07-24,297083.10000002594,13,157314.35000002597,-10231.25
2024-07-25,295718.140000026,13,157349.390000026,-11631.25
2024-07-26,298126.320000026,13,157483.82000002605,-9357.5
2024-07-28,299596.320000026,12,157483.82000002605,-7887.5
2024-07-29,297471.95000002603,13,157483.20000002606,-10011.25
2024-07-30,297996.35000002605,13,157563.85000002608,-9567.5
2024-07-31,303647.0200000261,12,157648.27000002612,-4001.25
2024-08-01,294720.81000002613,14,157688.31000002616,-12967.5
2024-08-02,289254.59000002616,14,157714.5900000262,-18460.0
2024-08-04,285013.34000002616,13,157714.5900000262,-22701.25
2024-08-05,285290.8600000262,14,157732.1100000262,-22441.25
2024-08-06,286382.7600000262,14,157749.01000002623,-21366.25
2024-08-07,280817.79000002623,15,158031.54000002626,-27213.75
2024-08-08,289440.94000002625,14,158112.19000002628,-18671.25
2024-08-09,290133.4700000263,14,158138.4700000263,-18005.0
2024-08-11,290360.9700000263,13,158138.4700000263,-17777.5
2024-08-12,290851.0100000263,14,158173.51000002635,-17322.5
2024-08-13,296189.7700000263,13,158182.27000002636,-11992.5
2024-08-14,298369.81000002637,14,158217.3100000264,-9847.5
2024-08-15,303606.0900000264,13,158446.09000002642,-4840.0
2024-08-16,303839.8700000264,12,158487.37000002645,-4647.5
2024-08-18,304142.3700000264,11,158487.37000002645,-4345.0
2024-08-19,306576.14000002644,12,158514.89000002647,-1938.75
2024-08-20,306431.8000000265,12,158583.0500000265,-2151.25
2024-08-21,306824.3400000265,12,158638.09000002654,-1813.75
2024-08-22,305729.38000002655,11,158693.13000002658,-2963.75
2024-08-23,307794.40000002657,11,158720.6500000266,-926.25
2024-08-25,307544.40000002657,10,158720.6500000266,-1176.25
2024-08-26,306964.4500000266,12,158799.45000002664,-1835.0
2024-08-27,307378.86000002665,11,158840.11000002667,-1461.25
2024-08-28,304360.8000000267,13,158927.05000002673,-4566.25
2024-08-29,306672.74000002677,12,159060.2400000268,-2387.5
2024-08-30,308229.6400000268,9,159102.14000002682,-872.5
2024-09-01,308089.6400000268,8,159102.14000002682,-1012.5
2024-09-02,308059.6400000268,8,159102.14000002682,-1042.5
2024-09-03,300579.71000002685,13,159153.46000002688,-8573.75
2024-09-04,300987.2300000269,13,159170.9800000269,-8183.75
2024-09-05,300029.7500000269,13,159188.50000002692,-9158.75
2024-09-06,293981.0300000269,14,159214.78000002695,-15233.75
2024-09-08,295856.0300000269,12,159214.78000002695,-13358.75
2024-09-09,298387.31000002695,13,159241.06000002698,-10853.75
2024-09-10,298462.31000002695,12,159241.06000002698,-10778.75
2024-09-11,303908.630000027,13,159302.38000002704,-5393.75
2024-09-12,306125.520000027,12,159330.52000002706,-3205.0
2024-09-13,307324.92000002705,11,159387.42000002708,-2062.5
2024-09-15,307564.92000002705,8,159387.42000002708,-1822.5
2024-09-16,307538.7600000271,9,159381.26000002708,-1842.5
2024-09-17,307960.0400000271,8,159422.5400000271,-1462.5
2024-09-18,309362.60000002716,9,159505.10000002716,-142.5
2024-09-19,311383.33000002726,8,161554.58000002726,-171.25
2024-09-20,311481.5300000273,9,161620.28000002733,-138.75
2024-09-22,312311.5300000273,8,161620.28000002733,691.25
2024-09-23,311899.05000002735,9,161647.80000002735,251.25
2024-09-24,312660.3800000274,9,162684.13000002742,-23.75
2024-09-25,313410.42000002746,6,162709.17000002746,701.25
2024-09-26,314058.65000002756,9,164004.90000002756,53.75
2024-09-27,313254.3200000276,10,164044.3200000276,-790.0
2024-09-29,313741.8200000276,10,164044.3200000276,-302.5
2024-09-30,314670.01000002766,14,164161.26000002766,508.75
2024-10-01,312729.50000002777,12,164354.50000002777,-1625.0
2024-10-02,312322.0400000278,12,164409.5400000278,-2087.5
2024-10-03,312622.72000002785,11,164477.72000002785,-1855.0
2024-10-04,314975.86000002787,11,164533.36000002787,442.5
2024-10-06,315013.36000002787,10,164533.36000002787,480.0
2024-10-07,312231.57000002795,12,164772.82000002795,-2541.25
2024-10-08,314709.09000002797,11,164859.09000002797,-150.0
2024-10-09,316157.30000002804,10,166136.05000002804,21.25
2024-10-10,316314.8800000281,6,166231.13000002812,83.75
2024-10-11,316773.68000002817,4,166758.68000002817,15.0
2024-10-13,316796.18000002817,2,166758.68000002817,37.5
2024-10-14,317358.1100000282,3,167156.86000002822,201.25
2024-10-15,316424.4700000283,13,167253.22000002832,-828.75
2024-10-16,316718.8500000283,11,167267.60000002832,-548.75
2024-10-17,318477.7100000284,10,169172.71000002843,-695.0
2024-10-18,319382.11000002845,8,169222.11000002845,160.0
2024-10-20,319399.61000002845,7,169222.11000002845,177.5
2024-10-21,318740.3200000285,13,169331.57000002853,-591.25
2024-10-22,318920.96000002854,10,169344.71000002854,-423.75
2024-10-23,317235.4000000286,13,169416.6500000286,-2181.25
2024-10-24,317152.3000000286,12,169509.80000002863,-2357.5
2024-10-25,317279.8600000287,12,169834.86000002868,-2555.0
2024-10-27,318686.1100000287,9,169834.86000002868,-1148.75
2024-10-28,317680.5000000287,10,169848.0000000287,-2167.5
2024-10-29,319134.9000000287,11,169889.90000002872,-755.0
2024-10-30,316603.1100000288,11,169999.3600000288,-3396.25
2024-10-31,312190.67000002885,13,170056.92000002885,-7866.25
2024-11-01,313119.4800000289,13,170169.4800000289,-7050.0
2024-11-03,313929.4800000289,12,170169.4800000289,-6240.0
2024-11-04,312209.52000002895,13,170219.52000002895,-8010.0
2024-11-05,320340.16000002896,12,170257.66000002896,82.5
2024-11-06,323769.65000002907,11,173717.15000002907,52.5
2024-11-07,324072.8300000291,3,174115.33000002912,-42.5
2024-11-08,324417.25000002916,5,174502.25000002916,-85.0
2024-11-10,324677.25000002916,4,174502.25000002916,175.0
2024-11-11,324666.0400000292,5,174601.0400000292,65.0
2024-11-12,324247.98000002926,10,174652.98000002926,-405.0
2024-11-13,324739.9000000293,10,174722.4000000293,17.5
2024-11-14,322248.1200000294,13,174835.6200000294,-2587.5
2024-11-15,318358.1500000294,14,174861.90000002942,-6503.75
2024-11-17,319268.1500000294,13,174861.90000002942,-5593.75
2024-11-18,320341.92000002944,14,174879.42000002944,-4537.5
2024-11-19,321489.45000002946,14,174905.70000002946,-3416.25
2024-11-20,319970.7100000295,14,174914.46000002947,-4943.75
2024-11-21,322916.9800000295,14,174961.9800000295,-2045.0
2024-11-22,324176.3900000295,11,175017.64000002953,-841.25
2024-11-24,325313.8900000295,10,175017.64000002953,296.25
2024-11-25,326214.6200000296,10,176234.62000002962,-20.0
2024-11-26,327416.5500000297,9,177355.30000002967,61.25
2024-11-27,327505.38000002975,9,177420.38000002975,85.0
2024-11-28,327995.38000002975,8,177420.38000002975,575.0
2024-11-29,328247.9300000298,8,178200.4300000298,47.5
2024-12-01,328135.4300000298,2,178200.4300000298,-65.0
2024-12-02,328362.3400000298,2,178366.09000002983,-3.75
2024-12-03,328740.5300000299,5,178433.0300000299,307.5
2024-12-04,329093.08000002994,4,178959.33000002994,133.75
2024-12-05,328961.90000003,6,179246.90000003,-285.0
2024-12-06,329293.17000003,7,179293.17000003002,0.0
2024-12-08,329218.17000003,6,179293.17000003002,-75.0
2024-12-09,327911.97000003007,12,179316.97000003007,-1405.0
2024-12-10,327268.8700000301,13,179360.1200000301,-2091.25
2024-12-11,329200.7800000301,13,179587.03000003012,-386.25
2024-12-12,328370.8400000302,12,179669.59000003018,-1298.75
2024-12-13,327695.8800000302,12,179757.1300000302,-2061.25
2024-12-15,328058.3800000302,10,179757.1300000302,-1698.75
2024-12-16,328919.7700000303,12,179797.27000003026,-877.5
2024-12-17,328324.8100000303,12,179852.3100000303,-1527.5
2024-12-18,316161.21000003046,15,179983.71000003043,-13822.5
2024-12-19,313798.71000003046,14,179983.71000003043,-16185.0
2024-12-20,319879.3700000305,14,180019.37000003047,-10140.0
2024-12-22,321959.3700000305,13,180019.37000003047,-8060.0
2024-12-23,322458.17000003054,14,180063.1700000305,-7605.0
2024-12-24,326585.67000003054,13,180063.1700000305,-3477.5
2024-12-25,326748.17000003054,13,180063.1700000305,-3315.0
2024-12-26,325614.4600000306,13,180103.21000003055,-4488.75
2024-12-27,322037.6100000306,15,180120.11000003057,-8082.5
2024-12-29,321232.6100000306,14,180120.11000003057,-8887.5
2024-12-30,316875.1300000306,15,180137.6300000306,-13262.5
2024-12-31,315720.17000003066,15,180172.67000003063,-14452.5
2025-01-01,316910.17000003066,14,180172.67000003063,-13262.5
2025-01-02,314967.6900000307,15,180190.19000003065,-15222.5
2025-01-03,319045.2100000307,15,180207.71000003067,-11162.5
2025-01-05,319220.2100000307,14,180207.71000003067,-10987.5
2025-01-06,321225.91000003077,16,180268.41000003074,-9042.5
2025-01-07,317733.49000003084,15,180359.7400000308,-12626.25
2025-01-08,316332.9000000309,16,180395.40000003084,-14062.5
2025-01-09,316297.9000000309,14,180395.40000003084,-14097.5
2025-01-10,310592.98000003095,15,180465.48000003092,-19872.5
2025-01-12,309192.98000003095,14,180465.48000003092,-21272.5
2025-01-13,312745.48000003095,14,180465.48000003092,-17720.0
2025-01-14,312185.50000003097,15,180483.00000003094,-18297.5
2025-01-15,319606.130000031,15,180482.38000003094,-10876.25
2025-01-16,319429.920000031,15,180554.92000003098,-11125.0
2025-01-17,322898.70000003104,15,180824.950000031,-7926.25
2025-01-19,322861.20000003104,15,180824.950000031,-7963.75
2025-01-20,323592.45000003104,15,180824.950000031,-7232.5
2025-01-21,327882.47000003105,15,180973.72000003103,-3091.25
2025-01-22,328540.6200000311,13,181151.87000003105,-2611.25
2025-01-23,330179.3900000311,12,181194.39000003107,-1015.0
2025-01-24,329585.08000003116,12,181276.33000003113,-1691.25
2025-01-26,326491.33000003116,11,181276.33000003113,-4785.0
2025-01-27,324993.8600000312,12,181346.36000003116,-6352.5
2025-01-28,327760.7500000312,12,181359.50000003117,-3598.75
2025-01-29,327408.31000003126,13,181412.06000003123,-4003.75
2025-01-30,328661.4800000313,12,181466.48000003127,-2805.0
2025-01-31,326106.5700000314,13,181560.32000003135,-5453.75
2025-02-02,318176.5700000314,13,181560.32000003135,-13383.75
2025-02-03,323809.1000000314,13,181586.60000003138,-7777.5
2025-02-04,324339.13000003144,14,181612.8800000314,-7273.75
2025-02-05,328159.78000003146,13,181639.78000003143,-3480.0
2025-02-06,328364.2000000315,12,181721.70000003147,-3357.5
2025-02-07,325627.98000003153,12,181762.9800000315,-6135.0
2025-02-09,326411.73000003153,11,181762.9800000315,-5351.25
2025-02-10,327044.26000003156,12,181804.26000003153,-4760.0
2025-02-11,327745.5300000316,12,181831.78000003155,-4086.25
2025-02-12,327773.0600000316,12,181873.06000003158,-4100.0
2025-02-13,330814.9600000316,12,181914.9600000316,-1100.0
2025-02-14,330389.37000003166,11,181955.62000003163,-1566.25
2025-02-16,330966.87000003166,11,181955.62000003163,-988.75
2025-02-17,331035.62000003166,11,181955.62000003163,-920.0
2025-02-18,331416.9300000317,11,182091.9300000317,-675.0
2025-02-19,331106.95000003173,10,182119.4500000317,-1012.5
2025-02-20,330493.85000003176,12,182146.35000003173,-1652.5
2025-02-21,324658.9100000318,13,182193.91000003178,-7535.0
2025-02-23,326323.9100000318,12,182193.91000003178,-5870.0
2025-02-24,323425.19000003184,13,182220.1900000318,-8795.0
2025-02-25,322376.5100000319,13,182281.51000003188,-9905.0
2025-02-26,321460.31000003195,13,182325.31000003192,-10865.0
2025-02-27,315729.740000032,13,182368.49000003198,-16638.75
2025-02-28,320549.15000003204,13,182404.150000032,-11855.0
2025-03-02,321404.15000003204,12,182404.150000032,-11000.0
2025-03-03,315346.67000003206,13,182421.67000003203,-17075.0
2025-03-04,312726.7100000321,12,182456.71000003206,-19730.0
2025-03-05,314085.4700000321,12,182465.47000003207,-18380.0
2025-03-06,308981.75000003213,12,182491.7500000321,-23510.0
2025-03-07,309479.27000003215,13,182509.27000003212,-23030.0
2025-03-09,308204.27000003215,12,182509.27000003212,-24305.0
2025-03-10,300661.79000003217,12,182526.79000003214,-31865.0
2025-03-11,298579.3100000322,13,182544.31000003216,-33965.0
2025-03-12,298581.8300000322,13,182561.83000003218,-33980.0
2025-03-13,297464.39000003226,14,182614.39000003223,-35150.0
2025-03-14,301004.39000003226,12,182614.39000003223,-31610.0
2025-03-16,299849.39000003226,12,182614.39000003223,-32765.0
2025-03-17,302786.4200000323,13,182598.92000003226,-29812.5
2025-03-18,300659.59000003233,15,182633.3400000323,-31973.75
2025-03-19,305613.38000003237,14,182678.38000003234,-27065.0
2025-03-20,303188.4200000324,13,182713.42000003238,-29525.0
2025-03-21,303523.46000003244,13,182748.4600000324,-29225.0
2025-03-23,305563.46000003244,12,182748.4600000324,-27185.0
2025-03-24,308760.98000003246,13,182765.98000003243,-24005.0
2025-03-25,309882.2600000325,13,182792.26000003246,-22910.0
2025-03-26,305992.3000000325,15,182817.3000000325,-26825.0
2025-03-27,304478.58000003255,15,182843.58000003253,-28365.0
2025-03-28,294179.2400000326,16,182869.24000003256,-38690.0
2025-03-30,292360.4900000326,15,182869.24000003256,-40508.75
2025-03-31,296624.2700000326,16,182895.5200000326,-36271.25
2025-04-01,299062.44000003266,16,182939.94000003263,-33877.5
2025-04-02,291204.9800000327,16,182974.98000003266,-41770.0
2025-04-03,280395.6400000327,15,183000.6400000327,-52605.0
2025-04-04,257620.69000003277,16,183044.44000003274,-75423.75
2025-04-06,245189.44000003277,15,183044.44000003274,-87855.0
2025-04-07,263120.7400000328,15,183088.2400000328,-69967.5
2025-04-08,244733.29000003287,17,183132.04000003284,-88398.75
2025-04-09,284467.6800000329,15,183150.18000003285,-48682.5
2025-04-10,273661.4600000329,16,183176.46000003288,-59515.0
2025-04-11,280398.9800000329,15,183193.9800000329,-52795.0
2025-04-13,283286.4800000329,14,183193.9800000329,-49907.5
2025-04-14,283197.13000003295,15,183210.88000003292,-50013.75
2025-04-15,279331.540000033,15,183246.54000003295,-53915.0
2025-04-16,276907.2700000331,16,183333.52000003305,-56426.25
2025-04-17,275717.9200000331,15,183360.42000003307,-57642.5
2025-04-20,271570.4200000331,14,183360.42000003307,-61790.0
2025-04-21,266876.0600000331,16,183368.5600000331,-66492.5
2025-04-22,280574.24000003317,16,183421.74000003314,-52847.5
2025-04-23,280451.7600000332,14,183439.26000003316,-52987.5
2025-04-24,290829.2600000332,14,183439.26000003316,-42610.0
2025-04-25,291669.32000003324,16,183491.8200000332,-41822.5
2025-04-27,289289.32000003324,14,183491.8200000332,-44202.5
2025-04-28,292378.1000000333,15,183518.10000003324,-41140.0
2025-04-29,292063.1200000333,15,183535.62000003326,-41472.5
2025-04-30,298433.18000003335,15,183588.18000003332,-35155.0
2025-05-01,300309.4800000334,16,183621.98000003336,-33312.5
2025-05-02,303503.2600000334,16,184265.7600000334,-30762.5
2025-05-04,300633.2600000334,14,184265.7600000334,-33632.5
2025-05-05,300110.2100000335,16,184326.46000003346,-34216.25
2025-05-06,299948.3500000335,16,184334.60000003348,-34386.25
2025-05-07,302704.01000003354,16,184370.2600000335,-31666.25
2025-05-08,302155.91000003356,17,184394.66000003353,-32238.75
2025-05-09,301725.3500000336,16,184462.8500000336,-32737.5
2025-05-11,307444.1000000336,15,184462.8500000336,-27018.75
2025-05-12,313738.49000003363,15,185598.4900000336,-21860.0
2025-05-13,317488.52000003366,14,185614.77000003363,-18126.25
2025-05-14,317189.85000003374,14,185734.8500000337,-18545.0
2025-05-15,319339.8900000338,13,185769.89000003375,-16430.0
2025-05-16,320263.6500000338,12,185778.65000003375,-15515.0
2025-05-18,318043.6500000338,12,185778.65000003375,-17735.0
2025-05-19,321301.1700000338,13,185796.17000003377,-14495.0
2025-05-20,320003.73000003386,14,185848.73000003383,-15845.0
2025-05-21,314545.69000003394,17,185908.1900000339,-21362.5
2025-05-22,314300.71000003396,16,185925.71000003393,-21625.0
2025-05-23,310783.240000034,16,185951.99000003395,-25168.75
2025-05-25,315301.990000034,15,185951.99000003395,-20650.0
2025-05-26,314495.740000034,15,185951.99000003395,-21456.25
2025-05-27,319372.650000034,16,185997.650000034,-16625.0
2025-05-28,323718.32000003406,13,186032.07000003403,-12313.75
2025-05-29,318430.2300000341,13,186300.23000003406,-17870.0
2025-05-30,318752.79000003415,14,186352.79000003412,-17600.0
2025-06-01,317207.79000003415,12,186352.79000003412,-19145.0
2025-06-02,319451.55000003416,13,186361.55000003413,-16910.0
2025-06-03,322582.8300000342,13,186387.83000003416,-13805.0
2025-06-04,322502.2300000342,14,186404.73000003418,-13902.5
2025-06-05,321664.1800000343,14,186489.18000003425,-14825.0
2025-06-06,324681.7000000343,13,186506.70000003427,-11825.0
2025-06-08,323856.7000000343,12,186506.70000003427,-12650.0
2025-06-09,326321.1000000343,13,186523.6000000343,-10202.5
2025-06-10,325891.76000003435,14,186576.76000003432,-10685.0
2025-06-11,324564.9600000344,15,186637.4600000344,-12072.5
2025-06-12,321908.12000003445,13,186673.12000003443,-14765.0
2025-06-13,323030.72000003455,13,186760.72000003452,-13730.0
2025-06-15,323585.72000003455,12,186760.72000003452,-13175.0
2025-06-16,325247.12000003457,13,186757.12000003454,-11510.0
2025-06-17,323410.9200000346,15,186790.9200000346,-13380.0
2025-06-18,322727.2400000347,14,186862.24000003465,-14135.0
2025-06-19,322472.2400000347,12,186862.24000003465,-14390.0
2025-06-20,322744.7600000347,13,186879.76000003467,-14135.0
2025-06-22,321304.7600000347,12,186879.76000003467,-15575.0
2025-06-23,327997.2800000347,14,186897.2800000347,-8900.0
2025-06-24,329851.6600000347,13,186896.6600000347,-7045.0
2025-06-25,330475.43000003474,14,186940.4300000347,-6465.0
2025-06-26,333496.08000003477,13,187041.08000003474,-3545.0
2025-06-27,334614.28000003484,14,187126.7800000348,-2512.5
2025-06-29,336099.28000003484,11,187126.7800000348,-1027.5
2025-06-30,336105.56000003486,11,187253.06000003483,-1147.5
2025-07-01,336675.5900000349,10,187294.34000003486,-618.75
2025-07-02,337572.4800000349,10,187322.48000003488,250.0
2025-07-03,338281.92000003497,8,188359.42000003494,-77.5
2025-07-04,338159.42000003497,1,188359.42000003494,-200.0
2025-07-06,338248.17000003497,1,188359.42000003494,-111.25
2025-07-07,337710.1600000351,12,188480.16000003504,-770.0
2025-07-08,337278.3100000351,10,188522.06000003507,-1243.75
2025-07-09,338567.72000003513,10,188585.2200000351,-17.5
2025-07-10,339476.5500000352,9,189622.80000003517,-146.25
2025-07-11,339463.49000003526,7,189689.74000003524,-226.25
2025-07-13,338950.99000003526,5,189689.74000003524,-738.75
2025-07-14,340096.6400000353,7,189716.64000003526,380.0
2025-07-15,338242.3800000354,13,190734.88000003537,-2492.5
2025-07-16,339715.5900000355,14,190969.34000003544,-1253.75
2025-07-17,342210.66000003554,10,192124.4100000355,86.25
2025-07-18,342184.4700000356,6,192191.97000003557,-7.5
2025-07-20,342269.4700000356,4,192191.97000003557,77.5
2025-07-21,342297.05000003567,8,192714.55000003564,-417.5
2025-07-22,343069.6100000357,12,192898.3600000357,171.25
2025-07-23,343763.4200000358,8,193768.42000003575,-5.0
2025-07-24,344042.8200000358,3,193795.32000003578,247.5
2025-07-25,344095.36000003584,3,194085.3600000358,10.0
2025-07-27,344210.36000003584,1,194085.3600000358,125.0
2025-07-28,344417.9000000359,6,194110.40000003585,307.5
2025-07-29,344247.3200000359,7,194218.5700000359,28.75
2025-07-30,345601.84000003606,12,195458.09000003603,143.75
2025-07-31,343765.69000003615,11,195520.69000003612,-1755.0
2025-08-01,338152.6100000362,13,195555.11000003616,-7402.5
2025-08-03,339742.6100000362,12,195555.11000003616,-5812.5
2025-08-04,344011.9900000362,12,195588.24000003617,-1576.25
2025-08-05,342590.79000003624,14,195622.0400000362,-3031.25
2025-08-06,345279.56000003626,13,195685.81000003623,-406.25
2025-08-07,345148.3500000363,12,195907.10000003627,-758.75
2025-08-08,347196.54000003636,11,197196.54000003633,0.0
2025-08-10,347196.54000003636,0,197196.54000003633,0.0
2025-08-11,347277.2300000364,6,197248.4800000364,28.75
2025-08-12,348467.9300000365,5,198367.93000003646,100.0
2025-08-13,348844.23000003654,6,198719.2300000365,125.0
2025-08-14,349324.89000003657,5,198759.89000003654,565.0
2025-08-15,348538.0800000366,8,198863.0800000366,-325.0
2025-08-17,349108.0800000366,8,198863.0800000366,245.0
2025-08-18,348351.85000003665,9,198890.60000003662,-538.75
2025-08-19,345695.6800000367,13,198980.6800000367,-3285.0
2025-08-20,345916.3600000368,14,199023.86000003674,-3107.5
2025-08-21,344097.6300000368,14,199041.38000003676,-4943.75
2025-08-22,349575.19000003685,13,199183.94000003682,391.25
2025-08-24,349321.44000003685,7,199183.94000003682,137.5
2025-08-25,348101.4700000369,9,199210.22000003685,-1108.75
2025-08-26,349795.28000003693,10,199307.7800000369,487.5
2025-08-27,350100.970000037,7,200098.47000003696,2.5
2025-08-28,350453.51000003703,4,200486.010000037,-32.5
2025-08-29,349703.62000003713,12,200587.3700000371,-883.75
2025-08-31,349541.12000003713,10,200587.3700000371,-1046.25
2025-09-01,349466.12000003713,10,200587.3700000371,-1121.25
2025-09-02,347746.77000003716,12,200624.27000003713,-2877.5
2025-09-03,349410.52000003716,11,200624.27000003713,-1213.75
2025-09-04,351944.9600000372,12,201898.7100000372,46.25
2025-09-05,351156.9500000373,13,202184.4500000373,-1027.5
2025-09-07,351761.9500000373,11,202184.4500000373,-422.5
2025-09-08,352561.35000003735,11,202273.85000003732,287.5
2025-09-09,353700.11000003736,11,202287.61000003733,1412.5
2025-09-10,354785.83000003744,10,204505.83000003741,280.0
2025-09-11,355460.2600000375,5,205379.01000003747,81.25
2025-09-12,355481.5400000375,3,205420.2900000375,61.25
2025-09-14,355519.0400000375,2,205420.2900000375,98.75
2025-09-15,355884.1000000375,3,205706.60000003752,177.5
2025-09-16,355722.88000003755,3,205747.88000003755,-25.0
2025-09-17,357608.0700000377,9,206989.32000003773,618.75
2025-09-18,357758.1400000378,4,207779.3900000378,-21.25
2025-09-19,358260.6800000378,5,208293.18000003783,-32.5
2025-09-21,358240.6800000378,2,208293.18000003783,-52.5
2025-09-22,358722.59000003786,3,208678.84000003786,43.75
2025-09-23,358362.6600000379,10,208715.16000003793,-352.5
2025-09-24,358108.960000038,13,208800.21000003797,-691.25
2025-09-25,355611.520000038,14,208887.77000003803,-3276.25
2025-09-26,357811.520000038,11,208887.77000003803,-1076.25
2025-09-28,358801.520000038,11,208887.77000003803,-86.25
2025-09-29,358599.05000003806,12,209057.80000003806,-458.75
2025-09-30,358538.4600000381,10,209113.4600000381,-575.0
2025-10-01,360292.90000003815,9,210125.40000003815,167.5
2025-10-02,361091.0900000382,7,210483.5900000382,607.5
2025-10-03,361089.35000003834,9,211321.85000003834,-232.5
2025-10-05,361806.85000003834,7,211321.85000003834,485.0
2025-10-06,361961.2800000384,7,212183.7800000384,-222.5
2025-10-07,361979.5000000385,12,212300.75000003848,-321.25
2025-10-08,363363.96000003855,11,213372.71000003855,-8.75
2025-10-09,363490.31000003865,11,213450.31000003865,40.0
2025-10-10,349552.31000003876,14,213574.81000003876,-14022.5
2025-10-12,357254.81000003876,13,213574.81000003876,-6320.0
2025-10-13,358861.69000003877,13,213584.19000003877,-4722.5
2025-10-14,359013.01000003883,13,213645.51000003883,-4632.5
2025-10-15,360353.7300000389,14,213823.73000003892,-3470.0
2025-10-16,356311.88000003895,12,213845.63000003895,-7533.75
2025-10-17,360439.40000003896,13,213863.15000003896,-3423.75
2025-10-19,361174.40000003896,12,213863.15000003896,-2688.75
2025-10-20,364169.420000039,12,213979.42000003898,190.0
2025-10-21,364223.86000003904,12,214273.86000003904,-50.0
2025-10-22,363183.97000003915,9,214461.47000003915,-1277.5
2025-10-23,365177.11000003916,11,214474.61000003916,702.5
2025-10-24,366715.32000003924,10,216929.07000003924,-213.75
2025-10-26,368034.07000003924,5,216929.07000003924,1105.0
2025-10-27,368397.8700000393,5,218397.8700000393,0.0
2025-10-28,368652.9000000393,3,218534.1500000393,118.75
2025-10-29,369744.8900000394,8,219271.14000003942,473.75
2025-10-30,369713.68000003946,10,219281.18000003946,432.5
2025-10-31,368402.4800000395,12,219369.9800000395,-967.5
2025-11-02,369114.9800000395,10,219369.9800000395,-255.0
2025-11-03,367317.5000000395,11,219397.50000003952,-2080.0
2025-11-04,364046.90000003955,12,219444.40000003955,-5397.5
2025-11-05,366225.7000000396,13,219653.2000000396,-3427.5
2025-11-06,361033.89000003965,15,219705.14000003965,-8671.25
2025-11-07,362092.65000003966,14,219713.90000003966,-7621.25
2025-11-09,364682.65000003966,14,219713.90000003966,-5031.25
2025-11-10,367840.1700000397,14,219807.67000003968,-1967.5
2025-11-11,369321.4700000397,11,219876.47000003973,-555.0
2025-11-12,369673.99000003975,11,219903.99000003975,-230.0
2025-11-13,362685.3000000398,13,219961.5500000398,-7276.25
2025-11-14,363711.0000000399,12,220131.00000003987,-6420.0
2025-11-16,364852.2500000399,11,220131.00000003987,-5278.75
2025-11-17,357872.9300000399,13,220219.18000003992,-12346.25
2025-11-18,355826.69000003993,12,220227.94000003993,-14401.25
2025-11-19,363086.69000003993,12,220227.94000003993,-7141.25
2025-11-20,353072.37000004,13,220528.62000003998,-17456.25
2025-11-21,356371.76000004,13,220638.01000004,-14266.25
2025-11-23,357406.76000004,12,220638.01000004,-13231.25
2025-11-24,361660.52000004,13,220646.77000004,-8986.25
2025-11-25,366037.43000004004,12,220697.43000004004,-4660.0
2025-11-26,367837.46000004007,12,220952.46000004007,-3115.0
2025-11-27,368126.21000004007,11,220952.46000004007,-2826.25
2025-11-28,369249.3400000401,11,220966.84000004007,-1717.5
2025-11-30,366811.8400000401,10,220966.84000004007,-4155.0
2025-12-01,367178.1300000401,13,220996.8800000401,-3818.75
2025-12-02,369287.56000004016,12,221080.06000004016,-1792.5
2025-12-03,369679.4600000402,11,221121.96000004018,-1442.5
2025-12-04,370624.52000004024,12,221204.52000004024,-580.0
2025-12-05,370602.0800000403,12,221518.3300000403,-916.25
2025-12-07,370939.5800000403,6,221518.3300000403,-578.75
2025-12-08,370095.8600000403,7,221559.61000004032,-1463.75
2025-12-09,369779.03000004037,9,221599.03000004037,-1820.0
2025-12-10,369540.98000004044,10,221724.73000004044,-2183.75
2025-12-11,371564.74000004045,7,221738.49000004045,-173.75
2025-12-12,369108.5800000405,9,221847.33000004053,-2738.75
2025-12-14,369728.5800000405,8,221847.33000004053,-2118.75
2025-12-15,367539.9400000406,9,221868.69000004054,-4328.75
2025-12-16,367424.9800000406,9,221923.73000004058,-4498.75
2025-12-17,365201.3000000407,9,222020.05000004065,-6818.75
2025-12-18,367035.0600000407,9,222033.81000004066,-4998.75
2025-12-19,369443.2000000407,10,222046.95000004067,-2603.75
2025-12-21,369960.7000000407,9,222046.95000004067,-2086.25
2025-12-22,370930.7300000407,9,222253.2300000407,-1322.5
2025-12-23,371813.24000004074,7,222266.9900000407,-453.75
2025-12-24,372644.50000004075,7,222280.75000004072,363.75
2025-12-25,372697.00000004075,7,222280.75000004072,416.25
2025-12-26,372948.3200000408,7,223058.32000004078,-110.0
2025-12-28,372954.5700000408,5,223058.32000004078,-103.75
2025-12-29,372598.35000004084,9,223069.6000000408,-471.25
2025-12-30,371670.2700000409,10,223124.02000004085,-1453.75
2025-12-31,369139.6800000409,13,223139.68000004088,-4000.0
2026-01-01,370992.1800000409,13,223139.68000004088,-2147.5
2026-01-02,369761.58000004094,13,223281.5800000409,-3520.0
2026-01-04,370421.58000004094,12,223281.5800000409,-2860.0
2026-01-05,372855.380000041,12,223431.63000004095,-576.25
2026-01-06,374064.150000041,9,223459.15000004097,605.0
2026-01-07,373289.92000004114,9,224421.1700000411,-1131.25
2026-01-08,373737.4700000412,13,224499.97000004115,-762.5
2026-01-09,375446.92000004125,10,225416.92000004122,30.0
2026-01-11,374701.92000004125,4,225416.92000004122,-715.0
2026-01-12,375800.0900000413,5,225833.84000004127,-33.75
2026-01-13,375548.3200000414,9,225925.82000004136,-377.5
2026-01-14,374274.0400000415,12,226084.04000004145,-1810.0
2026-01-15,377472.2800000416,11,227257.28000004156,215.0
2026-01-16,376724.83000004163,12,227499.8300000416,-775.0
2026-01-18,374194.83000004163,8,227499.8300000416,-3305.0
2026-01-19,373704.83000004163,8,227499.8300000416,-3795.0
2026-01-20,371218.6400000417,13,227547.39000004166,-6328.75
2026-01-21,375469.9300000417,12,227654.9300000417,-2185.0
2026-01-22,376933.69000004174,11,227668.6900000417,-735.0
2026-01-23,375698.7300000418,12,228233.73000004175,-2535.0
2026-01-25,375448.7300000418,8,228233.73000004175,-2785.0
2026-01-26,378532.5000000418,10,228246.25000004176,286.25
2026-01-27,379433.1600000418,10,228360.6600000418,1072.5
2026-01-28,379693.92000004195,9,229348.92000004192,345.0
2026-01-29,377745.89000004204,12,229482.140000042,-1736.25
2026-01-30,377790.9500000421,12,229579.70000004207,-1788.75
2026-02-01,374339.7000000421,11,229579.70000004207,-5240.0
2026-02-02,380556.01000004215,12,230154.76000004212,401.25
2026-02-03,378069.86000004224,13,230277.36000004222,-2207.5
2026-02-04,376303.7000000423,12,230513.7000000423,-4210.0
2026-02-05,370025.0400000424,13,230697.54000004238,-10672.5
2026-02-06,378899.4200000424,11,230711.9200000424,-1812.5
2026-02-08,379549.4200000424,10,230711.9200000424,-1162.5
2026-02-09,380902.60000004247,10,230795.10000004244,107.5
2026-02-10,380729.5100000425,11,230835.76000004247,-106.25
2026-02-11,382078.40000004263,12,232123.4000000426,-45.0
2026-02-12,374431.5800000427,14,232171.58000004265,-7740.0
2026-02-13,374165.3600000427,14,232197.86000004268,-8032.5
2026-02-15,375237.8600000427,13,232197.86000004268,-6960.0
2026-02-16,372686.6100000427,13,232197.86000004268,-9511.25
2026-02-17,376135.42000004277,14,232250.42000004274,-6115.0
2026-02-18,377360.4600000428,13,232285.46000004277,-4925.0
2026-02-19,377044.2200000428,13,232294.22000004278,-5250.0
2026-02-20,379331.1000000428,13,232303.6000000428,-2972.5
2026-02-22,376091.1000000428,12,232303.6000000428,-6212.5
2026-02-23,376204.27000004286,14,232338.02000004283,-6133.75
2026-02-24,378267.4200000429,13,232364.92000004285,-4097.5
2026-02-25,380784.9400000429,12,232417.44000004287,-1632.5
2026-02-26,377823.74000004295,13,232451.24000004292,-4627.5
2026-02-27,376431.26000004297,12,232468.76000004294,-6037.5
2026-03-01,373776.26000004297,12,232468.76000004294,-8692.5
2026-03-02,374100.020000043,13,232477.52000004295,-8377.5
2026-03-03,371578.820000043,13,232521.320000043,-10942.5
2026-03-04,376036.34000004304,13,232538.840000043,-6502.5
2026-03-05,374837.6600000431,14,232600.16000004308,-7762.5
2026-03-06,368473.94000004313,13,232626.4400000431,-14152.5
2026-03-08,360673.94000004313,12,232626.4400000431,-21952.5
2026-03-09,370432.70000004314,12,232635.2000000431,-12202.5
2026-03-10,373425.2600000432,13,232687.76000004317,-9262.5
2026-03-11,366894.0200000432,13,232696.52000004318,-15802.5
2026-03-12,366284.06000004325,13,232731.56000004322,-16447.5
2026-03-13,361357.19000004325,13,232730.94000004322,-21373.75
2026-03-15,364460.94000004325,13,232730.94000004322,-18270.0
2026-03-16,364959.8600000433,13,232746.11000004326,-17786.25
2026-03-17,369253.6400000433,13,232916.1400000433,-13662.5
2026-03-18,361953.7100000434,14,232977.46000004336,-21023.75
2026-03-19,361059.9600000434,13,232977.46000004336,-21917.5
2026-03-20,355799.3600000434,15,232994.36000004338,-27195.0
2026-03-22,351336.8600000434,14,232994.36000004338,-31657.5
2026-03-23,357063.7500000434,14,233368.7500000434,-26305.0
2026-03-24,360006.27000004344,14,233386.2700000434,-23380.0
2026-03-25,359470.02000004344,13,233386.2700000434,-23916.25
2026-03-26,353842.5700000435,14,233430.07000004346,-29587.5
2026-03-27,343841.3300000435,14,233438.83000004347,-39597.5
2026-03-29,344572.5800000435,13,233438.83000004347,-38866.25
2026-03-30,346831.3300000435,13,233438.83000004347,-36607.5
2026-03-31,355671.3300000435,13,233438.83000004347,-27767.5
2026-04-01,352927.62000004353,14,233473.8700000435,-30546.25
2026-04-02,357877.65000004356,14,233500.15000004353,-25622.5
2026-04-03,357276.40000004356,13,233500.15000004353,-26223.75
2026-04-05,357828.90000004356,13,233500.15000004353,-25671.25
2026-04-06,358537.6800000436,14,233526.43000004356,-24988.75
2026-04-07,371085.2200000436,14,233561.4700000436,-12476.25
2026-04-08,370859.64000004367,13,233857.14000004364,-12997.5
2026-04-09,374288.4000000437,12,233865.90000004365,-9577.5
2026-04-10,374134.6800000437,13,233892.18000004368,-9757.5
2026-04-12,370429.6800000437,12,233892.18000004368,-13462.5
2026-04-13,377788.4400000437,13,233900.9400000437,-6112.5
2026-04-14,382884.08000004373,12,233929.0800000437,-1045.0
2026-04-15,385322.9100000438,11,235247.91000004378,75.0
2026-04-16,385729.84000004386,4,235522.34000004383,207.5
2026-04-17,386902.4100000439,4,236841.1600000439,61.25
2026-04-19,386002.4100000439,4,236841.1600000439,-838.75
2026-04-20,387359.350000044,10,236893.10000004395,466.25
2026-04-21,387457.65000004414,12,238166.40000004412,-708.75
2026-04-22,387252.6800000442,10,238222.68000004414,-970.0
2026-04-23,388725.37000004435,13,239359.12000004432,-633.75
2026-04-24,390543.5500000444,10,240448.55000004437,95.0
2026-04-26,390579.8000000444,1,240448.55000004437,131.25
2026-04-27,390646.0800000444,2,240599.8300000444,46.25
2026-04-28,390980.5200000445,5,240666.77000004446,313.75
2026-04-29,391718.1600000446,7,241394.4100000446,323.75
2026-04-30,393933.30000004475,6,243773.30000004472,160.0
2026-05-01,392979.01000004483,9,244167.7600000448,-1188.75
2026-05-03,393822.76000004483,9,244167.7600000448,-345.0
2026-05-04,392794.1100000449,12,244314.1100000449,-1520.0
2026-05-05,396061.060000045,11,245686.06000004496,375.0
2026-05-06,396846.75000004505,4,246793.00000004502,53.75
2026-05-07,396788.73000004515,11,246979.98000004512,-191.25
2026-05-08,398221.9100000452,10,248161.91000004517,60.0
2026-05-10,398176.9100000452,1,248161.91000004517,15.0
2026-05-11,398149.4900000453,5,248571.99000004525,-422.5
2026-05-12,399528.9900000454,13,248731.49000004536,797.5
2026-05-13,400135.32000004547,10,250121.57000004544,13.75
2026-05-14,400477.28000004555,5,250594.78000004552,-117.5
2026-05-15,398552.39000004565,12,250696.14000004562,-2143.75
2026-05-17,396806.14000004565,11,250696.14000004562,-3890.0
2026-05-18,398783.7000000457,12,250808.70000004568,-2025.0
2026-05-19,396238.14000004577,12,250925.64000004574,-4687.5
2026-05-20,400511.9000000458,12,251028.15000004575,-516.25
2026-05-21,403067.0200000459,11,252332.02000004586,735.0
2026-05-22,403359.030000046,8,253952.78000004598,-593.75
2026-05-24,405879.030000046,7,253952.78000004598,1926.25
2026-05-25,405336.530000046,7,253952.78000004598,1383.75
2026-05-26,405377.8800000461,7,255139.13000004608,238.75
2026-05-27,405741.0300000461,5,255181.0300000461,560.0
