exp,name,family,module,control,cfg,exec,realized,unreal_end,total_mtm,open_qty_end,max_mtm_dd,max_dd_trough,worst_cycle,min_equity,underwater_days,pf,trades,trades_day,cost,roll_cost,inv_avg,inv_p95,inv_max,share16,share_gt24,share32,lock32_days,gt24_days,sat_days,peak_notional,avg_notional,min_excess_2500,ret_over_dd,ret_per_avg_notional,no_fill_days,no_entry_days,active_day_share,core_trades_day,p1921_mtm,p1921_dd,p22_mtm,p22_dd,p23p_mtm,p23p_dd,worst_year_mtm,pos_years,n_years,w20_dd,w20_lock,w20_share32,w20_trades,w20_rec_trades,w20_gt24_days,w2223_dd,w2223_lock,w2223_share32,w2223_trades,w2223_rec_trades,w2223_gt24_days,w25_dd,w25_lock,w25_share32,w25_trades,w25_rec_trades,w25_gt24_days,runtime_s,rec_trades_day,rec_pnl,rec_loss_realized,rec_rotations,rec_full_share,rec_zero_free_days,rec_free_avg,rec_max
FACTORY_S6,BASE__comm+25,S6,BASE,BASE,{},"{""commission_per_side"": 0.775}",478503.1999999445,560.0,479063.19999994454,4,-204888.6750000005,2025-04-06,-198221.25,16667.199999999633,617.9555555555555,5.455399668920735,3439,1.939650310208686,11934.29999999976,1511.9999999999998,18.122979594924367,32.0,32,0.516988353164986,0.45481212929471787,0.4196124632621785,616.0604166666667,621.1097222222222,616.0604166666667,1108200.0,398709.56690170936,-63332.80000000037,2.338163395316717,1.2015342489086651,616.0604166666667,616.0611111111111,0.4376762549351382,1.939650310208686,169717.87500000803,-168018.97500000003,-107137.82499999908,-171044.925,416538.4499999356,-204888.6750000005,-107137.82499999908,7,8,-168018.97500000003,145.00694444444446,0.6793181308926693,109,0,145.99444444444444,-171044.925,616.0604166666667,0.9443118182312441,121,0,621.1097222222222,-204888.6750000005,121.16597222222222,0.6908449284129865,151,0,122.16666666666667,20.19828701019287,,,,,,,,
FACTORY_S6,BASE__slip2,S6,BASE,BASE,{},"{""slippage_ticks"": 2}",477072.1500000269,555.0,477627.1500000269,4,-204915.1899999999,2025-04-06,-198272.5,15886.790000000008,660.9430555555556,5.537399518433905,3415,1.9261139311900732,15730.349999999442,1364.5200000000007,18.76347427021666,32.0,32,0.5356969749608457,0.47456299853468975,0.45361298438590053,732.73125,733.8618055555555,732.73125,1109800.0,414252.2567318818,-64113.20999999999,2.3308528274552374,1.1529862354115392,732.73125,732.7319444444445,0.4173716864072194,1.9261139311900732,176316.5600000068,-169360.81000000008,-123868.81999999948,-183999.36,425228.7800000196,-204915.1899999999,-123868.81999999948,7,8,-169360.81000000008,146.0388888888889,0.6870917144974749,112,0,146.08958333333334,-183999.36,709.0430555555556,0.980101125428152,40,0,710.1736111111111,-204915.1899999999,121.16666666666667,0.690865093768905,154,0,122.1673611111111,21.05193853378296,,,,,,,,
FACTORY_S6,BASE__slip4,S6,BASE,BASE,{},"{""slippage_ticks"": 4}",470628.14000002627,542.5,471170.6400000262,4,-202393.91999999987,2025-04-06,-196252.5,14428.229999999952,751.0944444444444,6.444822535083895,3376,1.904117315284828,26445.609999999448,1396.8900000000006,19.562868253759234,32.0,32,0.5583686586107289,0.5051916250374733,0.48033598471370414,753.0777777777778,757.0611111111111,753.0777777777778,1111280.0,435397.97207750456,-65571.77000000005,2.3279881134770575,1.0821608510297651,753.0777777777778,753.0784722222222,0.3925549915397631,1.904117315284828,183849.78000000707,-172128.94000000006,-141768.50999999978,-199919.03999999998,429171.8600000189,-202393.91999999987,-141768.50999999978,7,8,-172128.94000000006,146.80625,0.6882982574073117,126,0,146.92430555555555,-199919.03999999998,718.3069444444444,0.9899566534699465,9,0,722.2902777777778,-202393.91999999987,121.01041666666667,0.6863278886872354,167,0,122.01458333333333,21.406964540481567,,,,,,,,
FACTORY_S6,BASE__base,S6,BASE,BASE,{},{},479737.3100000273,560.0,480297.3100000273,4,-204875.1899999999,2025-04-06,-198221.25,16760.51000000001,617.9534722222222,5.473866046002617,3439,1.939650310208686,10700.189999999437,1344.6000000000006,18.122979594924367,32.0,32,0.516988353164986,0.45481212929471787,0.4196124632621785,616.0604166666667,621.1097222222222,616.0604166666667,1108200.0,398709.56690170936,-63239.48999999999,2.3443410107394045,1.2046295094755806,616.0604166666667,616.0611111111111,0.4376762549351382,1.939650310208686,170134.05000000633,-168005.18000000008,-107072.2599999992,-171023.68999999994,417290.51000002015,-204875.1899999999,-107072.2599999992,7,8,-168005.18000000008,145.00694444444446,0.6793181308926693,109,0,145.99444444444444,-171023.68999999994,616.0604166666667,0.9443118182312441,121,0,621.1097222222222,-204875.1899999999,121.16597222222222,0.6908449284129865,151,0,122.16666666666667,21.53852367401123,,,,,,,,
FACTORY_S6,BASE__roll2x,S6,BASE,BASE,{},"{""roll_slippage_ticks"": 2.0}",479062.3100000273,560.0,479622.3100000273,4,-204915.1899999999,2025-04-06,-198221.25,16703.01000000001,617.9604166666667,5.473866046002617,3439,1.939650310208686,11375.189999999437,2019.6000000000006,18.122979594924367,32.0,32,0.516988353164986,0.45481212929471787,0.4196124632621785,616.0604166666667,621.1097222222222,616.0604166666667,1108200.0,398709.56690170936,-63296.98999999999,2.3405893433279767,1.2029365478412628,616.0604166666667,616.0611111111111,0.4376762549351382,1.939650310208686,169954.05000000633,-168045.18000000008,-107232.2599999992,-171103.68999999994,416955.51000002015,-204915.1899999999,-107232.2599999992,7,8,-168045.18000000008,145.00694444444446,0.6793181308926693,109,0,145.99444444444444,-171103.68999999994,616.0604166666667,0.9443118182312441,121,0,621.1097222222222,-204915.1899999999,121.16597222222222,0.6908449284129865,151,0,122.16666666666667,20.57628631591797,,,,,,,,
FACTORY_S6,BASE__pen2,S6,BASE,BASE,{},"{""penetration_ticks"": 2}",475153.2700000271,560.0,475713.270000027,4,-204875.1899999999,2025-04-06,-198221.25,15876.680000000051,617.9534722222222,5.400232244707429,3408,1.922165820642978,10791.729999999443,1349.5800000000006,18.13906718853752,32.0,32,0.5172265011024849,0.4557086862358897,0.4197959772610746,616.0611111111111,621.1104166666667,616.0611111111111,1108200.0,399320.24113354215,-64123.31999999995,2.3219662175787477,1.191307679895288,616.0611111111111,616.0618055555556,0.4365482233502538,1.922165820642978,169196.5000000064,-168005.18000000008,-107071.0099999992,-171023.68999999994,413642.7700000198,-204875.1899999999,-107071.0099999992,7,8,-168005.18000000008,145.00972222222222,0.6793870762018029,110,0,145.99722222222223,-171023.68999999994,616.0611111111111,0.9443217034148367,121,0,621.1104166666667,-204875.1899999999,121.16597222222222,0.6908449284129865,152,0,122.16666666666667,21.06498956680298,,,,,,,,
FACTORY_S6,BASE__neutral,S6,BASE,BASE,{},"{""penetration_ticks"": 0}",483657.45000002737,560.0,484217.4500000274,4,-204875.1899999999,2025-04-06,-198221.25,16963.0,617.9534722222222,5.567484474225671,3456,1.9492385786802031,10787.549999999434,1337.1300000000008,18.069047492302218,32.0,32,0.5154894220289644,0.45453335612082224,0.41916418479159256,616.0597222222223,621.1090277777778,616.0597222222223,1108200.0,397122.8579048305,-63037.0,2.3634752943976656,1.2193139739039371,616.0597222222223,616.0604166666667,0.43824027072758037,1.9492385786802031,169915.25000000623,-168005.18000000008,-107072.2599999992,-171023.68999999994,421429.4500000204,-204875.1899999999,-107072.2599999992,7,8,-168005.18000000008,145.00069444444443,0.6791630039471189,112,0,145.98819444444445,-171023.68999999994,616.0597222222223,0.9443068756394478,121,0,621.1090277777778,-204875.1899999999,121.16597222222222,0.6908449284129865,151,0,122.16666666666667,20.61865544319153,,,,,,,,
FACTORY_S6,BASE__comm+50,S6,BASE,BASE,{},"{""commission_per_side"": 0.9299999999999999}",477269.0900000419,560.0,477829.0900000419,4,-204902.15999999986,2025-04-06,-198221.25,16573.889999999898,617.9555555555555,5.437001858631538,3439,1.939650310208686,13168.410000000405,1679.3999999999999,18.122979594924367,32.0,32,0.516988353164986,0.45481212929471787,0.4196124632621785,616.0604166666667,621.1097222222222,616.0604166666667,1108200.0,398709.56690170936,-63426.1100000001,2.331986593016112,1.1984389883422015,616.0604166666667,616.0611111111111,0.4376762549351382,1.939650310208686,169301.7000000105,-168032.77,-107203.38999999879,-171066.15999999992,415786.39000003017,-204902.15999999986,-107203.38999999879,7,8,-168032.77,145.00694444444446,0.6793181308926693,109,0,145.99444444444444,-171066.15999999992,616.0604166666667,0.9443118182312441,121,0,621.1097222222222,-204902.15999999986,121.16597222222222,0.6908449284129865,151,0,122.16666666666667,22.01403784751892,,,,,,,,
FACTORY_S6,BASE__tv_like,S6,BASE,BASE,{},"{""allow_same_bar_tp_after_intrabar_buy"": true, ""penetration_ticks"": 0, ""slippage_ticks"": 0}",471988.83000002644,401.25,472390.0800000264,3,-204806.4399999999,2025-04-06,-198141.25,22327.099999999802,617.9444444444445,5.315822073591769,3410,1.9232938522278624,5559.9199999994435,1329.6600000000005,17.656320306174194,32.0,32,0.5007144438124963,0.4399418919032503,0.4093735028199518,611.875,617.0,611.875,1078120.0,389648.5600087274,-57672.9000000002,2.3065196582686887,1.212349097323613,611.875,611.8756944444444,0.446136491821771,1.9232938522278624,168696.75000000605,-166888.93000000008,-105635.37999999919,-170206.80999999994,409366.8300000195,-204806.4399999999,-105635.37999999919,7,8,-166888.93000000008,139.04513888888889,0.6523432786941759,118,0,140.85694444444445,-170206.80999999994,611.875,0.9388354265209591,128,0,617.0,-204806.4399999999,121.14930555555556,0.6903609598709417,151,0,122.15,21.676445722579956,,,,,,,,
FACTORY_S6,BASE__stress_all,S6,BASE,BASE,{},"{""commission_per_side"": 0.9299999999999999, ""penetration_ticks"": 2, ""roll_slippage_ticks"": 2.0, ""slippage_ticks"": 2}",470160.44000004116,555.0,470715.44000004116,4,-203135.26999999984,2025-04-06,-196161.25,15737.699999999895,660.9527777777778,5.561878831961069,3389,1.9114495205865765,18958.310000000376,2419.7999999999997,18.744877718038445,32.0,32,0.5328027770851252,0.4738723695159433,0.4532543616094318,732.73125,733.8618055555555,732.73125,1109800.0,413515.6070355905,-64262.300000000105,2.317251159781566,1.1383256931328534,732.73125,732.7319444444445,0.41342357586012407,1.9114495205865765,173209.6600000111,-169428.09,-124130.72999999928,-184119.03999999998,421686.1900000293,-203135.26999999984,-124130.72999999928,7,8,-169428.09,146.0388888888889,0.6870917144974749,112,0,146.08958333333334,-184119.03999999998,709.0430555555556,0.980101125428152,40,0,710.1736111111111,-203135.26999999984,121.0111111111111,0.6863480540431539,160,0,121.03194444444445,21.58910346031189,,,,,,,,
FACTORY_S6,FQ_16_16_add__base,S6,FQ_16_16_add,FQ_16_16_add,"{""add_trigger"": ""armed"", ""core_cap"": 16, ""rec_activation"": ""always"", ""rec_anchor"": ""low60"", ""rec_cap"": 16, ""rec_spacing"": ""float"", ""rec_step"": 5.0, ""rec_tp"": 3.0, ""recovery"": {""h"": 16, ""layer_x"": 5.0, ""rec_step"": 10.0, ""rec_tp"": 2.0}, ""reversal"": ""ll_fail""}",{},305478.59000005067,986.25,306464.84000005067,7,-122339.25999999465,2022-10-13,-127555.0,102681.76000000013,708.1444444444444,52.18712919755468,7186,4.0530174844895654,19758.90999999968,888.9300000000001,12.623205135029881,23.0,27,0.2688508101232486,0.020532554823056083,0.0,0.0,24.867361111111112,0.0,592240.0,282606.3974888701,70181.76000000013,2.5050408184589643,1.0844228677169994,5.1819444444444445,5.764583333333333,0.9655950366610265,1.0671178793006204,122211.72000000824,-74621.75999999986,-79128.76999999327,-122339.25999999465,263474.34000003565,-100879.98999999894,-79128.76999999327,7,8,-74621.75999999986,0.0,0.0,434,361,0.0,-122339.25999999465,0.0,0.0,1455,1443,24.867361111111112,-100879.98999999894,0.0,0.0,526,452,0.0,54.32112097740173,2.9858996051889455,84352.94000000002,0.0,0.0,0.0017006564477853642,4.820833333333334,11.778175002311436,16.0
FACTORY_S6,FQ_16_16_add__slip2,S6,FQ_16_16_add,FQ_16_16_add,"{""add_trigger"": ""armed"", ""core_cap"": 16, ""rec_activation"": ""always"", ""rec_anchor"": ""low60"", ""rec_cap"": 16, ""rec_spacing"": ""float"", ""rec_step"": 5.0, ""rec_tp"": 3.0, ""recovery"": {""h"": 16, ""layer_x"": 5.0, ""rec_step"": 10.0, ""rec_tp"": 2.0}, ""reversal"": ""ll_fail""}","{""slippage_ticks"": 2}",270400.330000047,977.5,271377.830000047,7,-147686.86999999481,2022-10-13,-152565.0,99629.18999999997,720.9826388888889,118.64623526811064,6810,3.8409475465313028,28293.419999999078,1013.4300000000002,14.010966012086708,27.0,29,0.33387640402217855,0.12016944926188149,0.0,0.0,297.225,0.0,605245.0,313670.2568880789,54782.55000001332,1.8375217106304476,0.8651691514917135,24.867361111111112,25.010416666666668,0.9560067681895094,0.9543147208121827,119456.70000000793,-74625.49999999988,-97756.34999999346,-147686.86999999481,249774.93000003247,-93909.99999999895,-97756.34999999346,7,8,-74625.49999999988,0.0,0.0,434,359,0.0,-147686.86999999481,0.0,0.0,1317,1306,297.225,-93909.99999999895,0.0,0.0,516,446,0.0,55.672255992889404,2.8866328257191203,82786.18000000001,0.0,0.0,0.020851953233348555,24.867361111111112,11.147462603769462,16.0
FACTORY_S6,FQ_16_16_add__comm+25,S6,FQ_16_16_add,FQ_16_16_add,"{""add_trigger"": ""armed"", ""core_cap"": 16, ""rec_activation"": ""always"", ""rec_anchor"": ""low60"", ""rec_cap"": 16, ""rec_spacing"": ""float"", ""rec_step"": 5.0, ""rec_tp"": 3.0, ""recovery"": {""h"": 16, ""layer_x"": 5.0, ""rec_step"": 10.0, ""rec_tp"": 2.0}, ""reversal"": ""ll_fail""}","{""commission_per_side"": 0.775}",303139.17500002705,986.25,304125.42500002705,7,-122536.57499999326,2022-10-13,-127555.0,102452.82499999952,708.7034722222222,51.568913200708295,7186,4.0530174844895654,22098.32499999703,999.5999999999999,12.623205135029881,23.0,27,0.2688508101232486,0.020532554823056083,0.0,0.0,24.867361111111112,0.0,592240.0,282606.3974888701,69952.82499999952,2.4819155015557093,1.0761448704005523,5.1819444444444445,5.764583333333333,0.9655950366610265,1.0671178793006204,121364.02500001068,-74644.70000000019,-79380.02499999152,-122536.57499999326,262235.42500000785,-100919.04999999871,-79380.02499999152,7,8,-74644.70000000019,0.0,0.0,434,361,0.0,-122536.57499999326,0.0,0.0,1455,1443,24.867361111111112,-100919.04999999871,0.0,0.0,526,452,0.0,54.81278133392334,2.9858996051889455,82711.8,0.0,0.0,0.0017006564477853642,4.820833333333334,11.778175002311436,16.0
FACTORY_S6,FQ_16_16_add__slip4,S6,FQ_16_16_add,FQ_16_16_add,"{""add_trigger"": ""armed"", ""core_cap"": 16, ""rec_activation"": ""always"", ""rec_anchor"": ""low60"", ""rec_cap"": 16, ""rec_spacing"": ""float"", ""rec_step"": 5.0, ""rec_tp"": 3.0, ""recovery"": {""h"": 16, ""layer_x"": 5.0, ""rec_step"": 10.0, ""rec_tp"": 2.0}, ""reversal"": ""ll_fail""}","{""slippage_ticks"": 4}",270312.44000004465,1123.75,271436.19000004465,9,-149422.0399999956,2022-10-13,-153425.0,107329.94000000006,744.8972222222222,121.46268782636494,6536,3.686407219402143,45631.30999999876,973.5900000000001,14.144487155420947,28.0,28,0.3477029930993133,0.1328066995217429,0.0,0.0,297.2263888888889,0.0,637450.0,317270.92758271436,52787.590000012424,1.816573980652738,0.8555343915943249,58.80625,58.858333333333334,0.9159616469261139,0.9706711787930062,120035.05000000785,-70573.6699999999,-99510.46999999497,-149422.0399999956,250966.5500000317,-93976.28999999899,-99510.46999999497,7,8,-70573.6699999999,0.0,0.0,418,351,0.0,-149422.0399999956,0.0,0.0,1038,1031,297.2263888888889,-93976.28999999899,0.0,0.0,513,442,0.0,56.06564688682556,2.715736040609137,78380.65000000001,0.0,0.0,0.06883736176913098,58.80625,10.7725911336122,16.0
FACTORY_S6,FQ_16_16_add__comm+50,S6,FQ_16_16_add,FQ_16_16_add,"{""add_trigger"": ""armed"", ""core_cap"": 16, ""rec_activation"": ""always"", ""rec_anchor"": ""low60"", ""rec_cap"": 16, ""rec_spacing"": ""float"", ""rec_step"": 5.0, ""rec_tp"": 3.0, ""recovery"": {""h"": 16, ""layer_x"": 5.0, ""rec_step"": 10.0, ""rec_tp"": 2.0}, ""reversal"": ""ll_fail""}","{""commission_per_side"": 0.9299999999999999}",300799.76000007876,986.25,301786.01000007876,7,-122733.88999999198,2022-10-13,-127555.0,102223.88999999966,708.7194444444444,50.956489437569395,7186,4.0530174844895654,24437.74000000259,1110.27,12.623205135029881,23.0,27,0.2688508101232486,0.020532554823056083,0.0,0.0,24.867361111111112,0.0,592240.0,282606.3974888701,69723.88999999966,2.4588645401860765,1.067866873084372,5.1819444444444445,5.764583333333333,0.9655950366610265,1.0671178793006204,120516.33000001509,-74667.64000000004,-79631.27999998984,-122733.88999999198,260996.51000005344,-100958.10999999841,-79631.27999998984,7,8,-74667.64000000004,0.0,0.0,434,361,0.0,-122733.88999999198,0.0,0.0,1455,1443,24.867361111111112,-100958.10999999841,0.0,0.0,526,452,0.0,56.10325598716736,2.9858996051889455,81070.66,0.0,0.0,0.0017006564477853642,4.820833333333334,11.778175002311436,16.0
FACTORY_S6,FQ_16_16_add__pen2,S6,FQ_16_16_add,FQ_16_16_add,"{""add_trigger"": ""armed"", ""core_cap"": 16, ""rec_activation"": ""always"", ""rec_anchor"": ""low60"", ""rec_cap"": 16, ""rec_spacing"": ""float"", ""rec_step"": 5.0, ""rec_tp"": 3.0, ""recovery"": {""h"": 16, ""layer_x"": 5.0, ""rec_step"": 10.0, ""rec_tp"": 2.0}, ""reversal"": ""ll_fail""}","{""penetration_ticks"": 2}",293639.89000004815,986.25,294626.14000004815,7,-134529.4199999948,2022-10-13,-139525.0,100239.04999999993,713.7645833333333,60.41439388132973,6925,3.9058093626621546,19428.859999999262,928.7700000000001,13.23314823168152,25.0,27,0.32320877729245406,0.09842093908736106,0.0,0.0,160.01041666666666,0.0,605245.0,296196.5252604918,67739.04999999993,2.1900498790529204,0.9946981644735279,24.867361111111112,25.010416666666668,0.954878736604625,1.0293288212069938,120297.66000000783,-74620.5099999999,-88028.92999999342,-134529.4199999948,262449.8600000337,-100842.49999999895,-88028.92999999342,7,8,-74620.5099999999,0.0,0.0,429,357,0.0,-134529.4199999948,0.0,0.0,1321,1309,160.01041666666666,-100842.49999999895,0.0,0.0,518,444,0.0,54.68373680114746,2.8764805414551606,83347.25,0.0,0.0,0.020795918424525314,24.867361111111112,11.15397104681428,16.0
FACTORY_S6,FQ_16_16_add__neutral,S6,FQ_16_16_add,FQ_16_16_add,"{""add_trigger"": ""armed"", ""core_cap"": 16, ""rec_activation"": ""always"", ""rec_anchor"": ""low60"", ""rec_cap"": 16, ""rec_spacing"": ""float"", ""rec_step"": 5.0, ""rec_tp"": 3.0, ""recovery"": {""h"": 16, ""layer_x"": 5.0, ""rec_step"": 10.0, ""rec_tp"": 2.0}, ""reversal"": ""ll_fail""}","{""penetration_ticks"": 0}",298579.01000005077,986.25,299565.26000005077,7,-117049.7799999945,2022-10-13,-122332.5,103694.48000000013,708.2326388888889,65.13301422085154,7237,4.081782289904117,19795.98999999976,866.5200000000001,12.340903169048612,22.0,27,0.24687535897299404,0.004416943805491971,0.0,0.0,6.913888888888889,0.0,592240.0,277224.47682575416,71194.48000000013,2.5592979328971386,1.0805873400144916,5.1819444444444445,5.764583333333333,0.9667230682459109,1.023688663282572,124963.56000000838,-73836.11999999988,-75795.54999999312,-117049.7799999945,250475.94000003545,-97863.10999999894,-75795.54999999312,7,8,-73836.11999999988,0.0,0.0,458,375,0.0,-117049.7799999945,0.0,0.0,1498,1486,6.913888888888889,-97863.10999999894,0.0,0.0,528,456,0.0,55.73069763183594,3.0580936266215453,82470.47000000002,0.0,0.0,5.6034808823240994e-05,0.024305555555555556,12.099325901249857,16.0
FACTORY_S6,FQ_16_16_add__roll2x,S6,FQ_16_16_add,FQ_16_16_add,"{""add_trigger"": ""armed"", ""core_cap"": 16, ""rec_activation"": ""always"", ""rec_anchor"": ""low60"", ""rec_cap"": 16, ""rec_spacing"": ""float"", ""rec_step"": 5.0, ""rec_tp"": 3.0, ""recovery"": {""h"": 16, ""layer_x"": 5.0, ""rec_step"": 10.0, ""rec_tp"": 2.0}, ""reversal"": ""ll_fail""}","{""roll_slippage_ticks"": 2.0}",305032.34000005067,986.25,306018.59000005067,7,-122414.25999999465,2022-10-13,-127555.0,102636.7600000001,708.1965277777778,52.18712919755468,7186,4.0530174844895654,20205.15999999968,1335.1799999999998,12.623205135029881,23.0,27,0.2688508101232486,0.020532554823056083,0.0,0.0,24.867361111111112,0.0,592240.0,282606.3974888701,70136.7600000001,2.499860637151783,1.082843816414675,5.1819444444444445,5.764583333333333,0.9655950366610265,1.0671178793006204,122082.97000000824,-74638.00999999986,-79232.51999999327,-122414.25999999465,263260.59000003565,-100897.48999999894,-79232.51999999327,7,8,-74638.00999999986,0.0,0.0,434,361,0.0,-122414.25999999465,0.0,0.0,1455,1443,24.867361111111112,-100897.48999999894,0.0,0.0,526,452,0.0,56.97315454483032,2.9858996051889455,84352.94000000002,0.0,0.0,0.0017006564477853642,4.820833333333334,11.778175002311436,16.0
FACTORY_S6,FQ_16_16_add__tv_like,S6,FQ_16_16_add,FQ_16_16_add,"{""add_trigger"": ""armed"", ""core_cap"": 16, ""rec_activation"": ""always"", ""rec_anchor"": ""low60"", ""rec_cap"": 16, ""rec_spacing"": ""float"", ""rec_step"": 5.0, ""rec_tp"": 3.0, ""recovery"": {""h"": 16, ""layer_x"": 5.0, ""rec_step"": 10.0, ""rec_tp"": 2.0}, ""reversal"": ""ll_fail""}","{""allow_same_bar_tp_after_intrabar_buy"": true, ""penetration_ticks"": 0, ""slippage_ticks"": 0}",308707.04000005225,823.75,309530.79000005225,6,-110554.12999999447,2022-10-13,-115951.25,93794.47000000006,707.9680555555556,48.132180731605196,7363,4.152848279751833,9975.459999999963,841.6200000000001,11.914688404436836,21.0,26,0.21641483689668023,0.0015311511510950602,0.0,0.0,4.820138888888889,0.0,592240.0,266096.5952164485,56294.47000000006,2.7998120920500003,1.163227172254021,5.182638888888889,5.764583333333333,0.9672870840383531,1.071630005640158,123104.72000000865,-83894.8899999999,-70879.88999999303,-110554.12999999447,257379.65000003658,-95051.10999999882,-70879.88999999303,7,8,-83894.8899999999,0.0,0.0,440,374,0.0,-110554.12999999447,0.0,0.0,1517,1503,4.820138888888889,-95051.10999999882,0.0,0.0,554,466,0.0,53.091825008392334,3.081218274111675,83918.38,0.0,0.0,5.183219816149792e-05,0.024305555555555556,12.334992897587982,16.0
FACTORY_S6,FQ_16_16_add__stress_all,S6,FQ_16_16_add,FQ_16_16_add,"{""add_trigger"": ""armed"", ""core_cap"": 16, ""rec_activation"": ""always"", ""rec_anchor"": ""low60"", ""rec_cap"": 16, ""rec_spacing"": ""float"", ""rec_step"": 5.0, ""rec_tp"": 3.0, ""recovery"": {""h"": 16, ""layer_x"": 5.0, ""rec_step"": 10.0, ""rec_tp"": 2.0}, ""reversal"": ""ll_fail""}","{""commission_per_side"": 0.9299999999999999, ""penetration_ticks"": 2, ""roll_slippage_ticks"": 2.0, ""slippage_ticks"": 2}",264313.5200000713,1030.0,265343.5200000713,8,-150857.85999999265,2022-10-13,-154952.5,99540.99999999971,744.8784722222222,77.83640049320968,6659,3.7557811618725325,32963.98000000228,1765.8000000000002,14.037499894934733,28.0,29,0.32984610039756695,0.12050565811482093,0.0,0.0,297.225,0.0,605245.0,314011.3312207043,46921.1600000218,1.7588975476656254,0.8450125636185193,24.867361111111112,25.010416666666668,0.9565707839819515,0.9294980259447264,117279.94000001415,-73912.93000000002,-98812.63999999076,-150857.85999999265,246976.77000004787,-93995.0299999984,-98812.63999999076,7,8,-73912.93000000002,0.0,0.0,433,358,0.0,-150857.85999999265,0.0,0.0,1258,1247,297.225,-93995.0299999984,0.0,0.0,512,442,0.0,59.02197813987732,2.826283135927806,80004.53999999998,0.0,0.0,0.027108239638463413,24.867361111111112,11.06454369454305,16.0
FACTORY_S6,FQ_12_20__slip2,S6,FQ_12_20,FQ_12_20,"{""core_cap"": 12, ""rec_activation"": ""always"", ""rec_anchor"": ""low60"", ""rec_cap"": 20, ""rec_spacing"": ""float"", ""rec_step"": 5.0, ""rec_tp"": 3.0, ""recovery"": {""h"": 12, ""layer_x"": 5.0, ""rec_step"": 10.0, ""rec_tp"": 2.0}}","{""slippage_ticks"": 2}",255254.41000004578,555.0,255809.41000004578,4,-122227.49999999473,2022-10-13,-127258.75,103596.99000000008,708.1534722222223,153.71539819209576,6719,3.7896221094190636,27753.08999999893,859.05,12.074692999291159,23.0,28,0.23237635218998043,0.020851953233348555,0.0,0.0,24.867361111111112,0.0,557246.25,269810.2387783291,73596.99000000008,2.0928957067767633,0.948108608325327,5.1819444444444445,5.764583333333333,0.9667230682459109,0.8685843203609701,109223.34000000634,-70093.63999999987,-79547.01999999335,-122227.49999999473,226173.05000003276,-91613.73999999894,-79547.01999999335,7,8,-70093.63999999987,0.0,0.0,403,344,0.0,-122227.49999999473,0.0,0.0,1434,1426,24.867361111111112,-91613.73999999894,0.0,0.0,516,447,0.0,50.0221643447876,2.9210377890580936,82615.54000000001,0.0,0.0,0.0,0.0,15.170128683938463,19.0
FACTORY_S6,FQ_12_20__base,S6,FQ_12_20,FQ_12_20,"{""core_cap"": 12, ""rec_activation"": ""always"", ""rec_anchor"": ""low60"", ""rec_cap"": 20, ""rec_spacing"": ""float"", ""rec_step"": 5.0, ""rec_tp"": 3.0, ""recovery"": {""h"": 12, ""layer_x"": 5.0, ""rec_step"": 10.0, ""rec_tp"": 2.0}}",{},255181.0300000461,560.0,255741.03000004613,4,-116428.05999999464,2022-10-13,-121560.0,103093.14000000004,708.0944444444444,132.82509319712477,6765,3.8155668358714045,18555.219999999004,836.64,11.77931671154121,22.0,27,0.21211556618971705,0.0056567139507061786,0.0,0.0,6.913888888888889,0.0,535795.0,263904.3368718148,73093.14000000004,2.1965583726127353,0.9690671742324045,5.1819444444444445,5.764583333333333,0.9655950366610265,0.8606880992667795,110622.99000000651,-69743.06999999989,-75376.33999999327,-116428.05999999464,220556.21000003285,-94026.24999999895,-75376.33999999327,7,8,-69743.06999999989,0.0,0.0,406,346,0.0,-116428.05999999464,0.0,0.0,1461,1453,6.913888888888889,-94026.24999999895,0.0,0.0,508,450,0.0,50.64823341369629,2.9548787366046247,82633.64000000001,0.0,0.0,0.0,0.0,15.810942757641046,17.0
FACTORY_S6,FQ_12_20__slip4,S6,FQ_12_20,FQ_12_20,"{""core_cap"": 12, ""rec_activation"": ""always"", ""rec_anchor"": ""low60"", ""rec_cap"": 20, ""rec_spacing"": ""float"", ""rec_step"": 5.0, ""rec_tp"": 3.0, ""recovery"": {""h"": 12, ""layer_x"": 5.0, ""rec_step"": 10.0, ""rec_tp"": 2.0}}","{""slippage_ticks"": 4}",244133.15000004374,906.25,245039.40000004374,10,-131082.58999999485,2022-10-13,-136152.5,103548.22000000006,708.1979166666666,324.5906053562938,6575,3.7084038353073887,45593.099999998754,896.4,12.609926286208992,25.0,29,0.24043415769876247,0.06883736176913098,0.0,0.0,58.80625,0.0,596058.75,281648.8085196024,57098.37000001082,1.8693512235305496,0.870017527459163,6.913888888888889,7.779861111111111,0.9655950366610265,0.8392554991539763,105638.25000000547,-69879.26999999987,-82904.67999999353,-131082.58999999485,222367.65000003175,-93195.669999999,-82904.67999999353,7,8,-69879.26999999987,0.0,0.0,403,347,0.0,-131082.58999999485,0.0,0.0,1363,1354,58.80625,-93195.669999999,0.0,0.0,506,438,0.0,52.54585528373718,2.8691483361534122,82358.37,0.0,0.0,0.002962840516528868,6.913888888888889,14.74341941213882,20.0
FACTORY_S6,FQ_12_20__comm+25,S6,FQ_12_20,FQ_12_20,"{""core_cap"": 12, ""rec_activation"": ""always"", ""rec_anchor"": ""low60"", ""rec_cap"": 20, ""rec_spacing"": ""float"", ""rec_step"": 5.0, ""rec_tp"": 3.0, ""recovery"": {""h"": 12, ""layer_x"": 5.0, ""rec_step"": 10.0, ""rec_tp"": 2.0}}","{""commission_per_side"": 0.775}",252979.10000005784,560.0,253539.10000005784,4,-116623.82499999332,2022-10-13,-121560.0,102879.54999999976,708.1375,130.89717618170658,6765,3.8155668358714045,20757.14999999734,940.8,11.77931671154121,22.0,27,0.21211556618971705,0.0056567139507061786,0.0,0.0,6.913888888888889,0.0,535795.0,263904.3368718148,72879.54999999976,2.1739906061224827,0.9607235068789657,5.1819444444444445,5.764583333333333,0.9655950366610265,0.8606880992667795,109813.42500000825,-69764.15000000017,-75625.42499999158,-116623.82499999332,219414.3250000411,-94064.99999999866,-75625.42499999158,7,8,-69764.15000000017,0.0,0.0,406,346,0.0,-116623.82499999332,0.0,0.0,1461,1453,6.913888888888889,-94064.99999999866,0.0,0.0,508,450,0.0,51.97955560684204,2.9548787366046247,81009.55,0.0,0.0,0.0,0.0,15.810942757641046,17.0
FACTORY_S6,FQ_12_20__pen2,S6,FQ_12_20,FQ_12_20,"{""core_cap"": 12, ""rec_activation"": ""always"", ""rec_anchor"": ""low60"", ""rec_cap"": 20, ""rec_spacing"": ""float"", ""rec_step"": 5.0, ""rec_tp"": 3.0, ""recovery"": {""h"": 12, ""layer_x"": 5.0, ""rec_step"": 10.0, ""rec_tp"": 2.0}}","{""penetration_ticks"": 2}",253237.42000004565,560.0,253797.42000004568,4,-122187.49999999476,2022-10-13,-127226.25,103656.78000000006,708.1444444444444,145.60253710617368,6651,3.751269035532995,18606.329999998823,844.1099999999999,12.033305689494314,23.0,28,0.2323413304344659,0.020795918424525314,0.0,0.0,24.867361111111112,0.0,557246.25,269044.28224312945,73656.78000000006,2.0771144347830717,0.9433295436871411,5.1819444444444445,5.764583333333333,0.9672870840383531,0.8375634517766497,106638.51000000641,-68962.4499999999,-79482.01999999338,-122187.49999999476,226702.7600000326,-93120.62999999896,-79482.01999999338,7,8,-68962.4499999999,0.0,0.0,409,345,0.0,-122187.49999999476,0.0,0.0,1436,1428,24.867361111111112,-93120.62999999896,0.0,0.0,507,443,0.0,50.939648151397705,2.9137055837563453,83161.66000000002,0.0,0.0,0.0,0.0,15.185955715690588,19.0
FACTORY_S6,FQ_12_20__comm+50,S6,FQ_12_20,FQ_12_20,"{""core_cap"": 12, ""rec_activation"": ""always"", ""rec_anchor"": ""low60"", ""rec_cap"": 20, ""rec_spacing"": ""float"", ""rec_step"": 5.0, ""rec_tp"": 3.0, ""recovery"": {""h"": 12, ""layer_x"": 5.0, ""rec_step"": 10.0, ""rec_tp"": 2.0}}","{""commission_per_side"": 0.9299999999999999}",250777.17000007202,560.0,251337.170000072,4,-116819.589999992,2022-10-13,-121560.0,102665.9599999997,708.1972222222222,128.99215760021545,6765,3.8155668358714045,22959.08000000234,1044.96,11.77931671154121,22.0,27,0.21211556618971705,0.0056567139507061786,0.0,0.0,6.913888888888889,0.0,535795.0,263904.3368718148,72665.9599999997,2.1514984772681465,0.9523798395255361,5.1819444444444445,5.764583333333333,0.9655950366610265,0.8606880992667795,109003.8600000125,-69785.23000000004,-75874.50999998988,-116819.589999992,218272.4400000493,-94103.74999999843,-75874.50999998988,7,8,-69785.23000000004,0.0,0.0,406,346,0.0,-116819.589999992,0.0,0.0,1461,1453,6.913888888888889,-94103.74999999843,0.0,0.0,508,450,0.0,51.56537175178528,2.9548787366046247,79385.45999999999,0.0,0.0,0.0,0.0,15.810942757641046,17.0
FACTORY_S6,FQ_12_20__roll2x,S6,FQ_12_20,FQ_12_20,"{""core_cap"": 12, ""rec_activation"": ""always"", ""rec_anchor"": ""low60"", ""rec_cap"": 20, ""rec_spacing"": ""float"", ""rec_step"": 5.0, ""rec_tp"": 3.0, ""recovery"": {""h"": 12, ""layer_x"": 5.0, ""rec_step"": 10.0, ""rec_tp"": 2.0}}","{""roll_slippage_ticks"": 2.0}",254761.030000046,560.0,255321.030000046,4,-116499.30999999464,2022-10-13,-121560.0,103048.14000000004,708.1173611111111,132.82509319712477,6765,3.8155668358714045,18975.219999999004,1256.6400000000003,11.77931671154121,22.0,27,0.21211556618971705,0.0056567139507061786,0.0,0.0,6.913888888888889,0.0,535795.0,263904.3368718148,73048.14000000004,2.1916098043847447,0.9674756884501753,5.1819444444444445,5.764583333333333,0.9655950366610265,0.8606880992667795,110492.99000000642,-69758.06999999989,-75475.08999999324,-116499.30999999464,220364.9600000328,-94042.49999999895,-75475.08999999324,7,8,-69758.06999999989,0.0,0.0,406,346,0.0,-116499.30999999464,0.0,0.0,1461,1453,6.913888888888889,-94042.49999999895,0.0,0.0,508,450,0.0,53.036356687545776,2.9548787366046247,82633.64000000001,0.0,0.0,0.0,0.0,15.810942757641046,17.0
FACTORY_S6,FQ_12_20__neutral,S6,FQ_12_20,FQ_12_20,"{""core_cap"": 12, ""rec_activation"": ""always"", ""rec_anchor"": ""low60"", ""rec_cap"": 20, ""rec_spacing"": ""float"", ""rec_step"": 5.0, ""rec_tp"": 3.0, ""recovery"": {""h"": 12, ""layer_x"": 5.0, ""rec_step"": 10.0, ""rec_tp"": 2.0}}","{""penetration_ticks"": 0}",258534.86000004745,560.0,259094.86000004748,4,-111156.09999999456,2022-10-13,-116337.5,104657.23000000007,708.1402777777778,152.15049101028643,6907,3.895657078398195,18853.88999999923,814.23,11.390691497558283,21.0,26,0.19490727640009975,0.0016067981430064357,0.0,0.0,4.820833333333334,0.0,525260.0,255010.284101734,74657.23000000007,2.33090995455994,1.0160172987246427,5.1819444444444445,5.764583333333333,0.9655950366610265,0.8668922729836436,110913.4700000069,-69908.09999999989,-72060.63999999315,-111156.09999999456,220290.10000003368,-88584.35999999894,-72060.63999999315,7,8,-69908.09999999989,0.0,0.0,423,362,0.0,-111156.09999999456,0.0,0.0,1492,1484,4.820833333333334,-88584.35999999894,0.0,0.0,524,456,0.0,49.13883113861084,3.0287648054145517,81909.95000000001,0.0,0.0,0.0,0.0,16.113903356765224,16.0
FACTORY_S6,FQ_12_20__tv_like,S6,FQ_12_20,FQ_12_20,"{""core_cap"": 12, ""rec_activation"": ""always"", ""rec_anchor"": ""low60"", ""rec_cap"": 20, ""rec_spacing"": ""float"", ""rec_step"": 5.0, ""rec_tp"": 3.0, ""recovery"": {""h"": 12, ""layer_x"": 5.0, ""rec_step"": 10.0, ""rec_tp"": 2.0}}","{""allow_same_bar_tp_after_intrabar_buy"": true, ""penetration_ticks"": 0, ""slippage_ticks"": 0}",257808.61000004795,401.25,258209.86000004795,3,-110694.15999999447,2022-10-13,-115995.0,105314.81000000006,707.9680555555556,100.00737748851455,6977,3.935138183869148,9450.139999999341,796.8,11.23724857881716,21.0,26,0.1926953023218023,0.0015311511510950602,0.0,0.0,4.820138888888889,0.0,525260.0,251258.12635534193,75314.81000000006,2.3326421195125455,1.0276676967449583,5.182638888888889,5.764583333333333,0.9655950366610265,0.8804286520022561,107937.14000000674,-69708.7299999999,-71791.18999999305,-110694.15999999447,222076.3600000342,-78413.97999999858,-71791.18999999305,7,8,-69708.7299999999,0.0,0.0,434,368,0.0,-110694.15999999447,0.0,0.0,1510,1502,4.820138888888889,-78413.97999999858,0.0,0.0,563,464,0.0,49.514809370040894,3.054709531866892,82684.16000000002,0.0,0.0,0.0,0.0,16.349653004446363,16.0
FACTORY_S6,FQ_12_20__stress_all,S6,FQ_12_20,FQ_12_20,"{""core_cap"": 12, ""rec_activation"": ""always"", ""rec_anchor"": ""low60"", ""rec_cap"": 20, ""rec_spacing"": ""float"", ""rec_step"": 5.0, ""rec_tp"": 3.0, ""recovery"": {""h"": 12, ""layer_x"": 5.0, ""rec_step"": 10.0, ""rec_tp"": 2.0}}","{""commission_per_side"": 0.9299999999999999, ""penetration_ticks"": 2, ""roll_slippage_ticks"": 2.0, ""slippage_ticks"": 2}",250641.2100000705,607.5,251248.7100000705,5,-125151.6899999922,2022-10-13,-129646.25,103150.9599999997,712.8416666666667,234.72114751819066,6629,3.7388606880992667,32527.540000002264,1504.2,12.109416369448702,24.0,29,0.23318465430725566,0.027108239638463413,0.0,0.0,24.867361111111112,0.0,575505.0,270199.96726166294,71457.32000001991,2.0075534737092737,0.9298621037831587,5.1819444444444445,5.764583333333333,0.9684151156232375,0.8578680203045685,107086.24000001187,-70079.21000000002,-80676.40999999025,-125151.6899999922,224863.82000004884,-91699.38999999838,-80676.40999999025,7,8,-70079.21000000002,0.0,0.0,394,339,0.0,-125151.6899999922,0.0,0.0,1397,1391,24.867361111111112,-91699.38999999838,0.0,0.0,511,443,0.0,49.47588062286377,2.880992667794698,80697.87,0.0,0.0,5.323306838207895e-05,0.024305555555555556,15.061877838513285,20.0
FACTORY_S6,FQ_16_16__base,S6,FQ_16_16,FQ_16_16,"{""core_cap"": 16, ""rec_activation"": ""always"", ""rec_anchor"": ""low60"", ""rec_cap"": 16, ""rec_spacing"": ""float"", ""rec_step"": 5.0, ""rec_tp"": 3.0, ""recovery"": {""h"": 16, ""layer_x"": 5.0, ""rec_step"": 10.0, ""rec_tp"": 2.0}}",{},291465.74000004947,560.0,292025.74000004947,4,-128924.23999999464,2022-10-13,-134065.0,99742.87000000005,712.8104166666667,53.69162580396355,7077,3.991539763113367,19389.259999999504,921.3000000000001,12.914600149612939,24.0,28,0.32741699143507946,0.04816612079423738,0.0,0.0,42.975,0.0,619740.0,289700.1596309127,67242.87000000005,2.2650956872040635,1.0080275425878247,5.1819444444444445,5.764583333333333,0.9655950366610265,1.0039481105470953,116868.76000000758,-76282.4899999999,-84564.99999999325,-128924.23999999464,259783.8100000351,-100879.98999999894,-84564.99999999325,7,8,-76282.4899999999,0.0,0.0,413,352,0.0,-128924.23999999464,0.0,0.0,1451,1442,42.975,-100879.98999999894,0.0,0.0,525,451,0.0,56.06001853942871,2.987591652566272,84372.97,0.0,0.0,0.0017006564477853642,4.820833333333334,11.77309684776183,16.0
FACTORY_S6,FQ_16_16__slip2,S6,FQ_16_16,FQ_16_16,"{""core_cap"": 16, ""rec_activation"": ""always"", ""rec_anchor"": ""low60"", ""rec_cap"": 16, ""rec_spacing"": ""float"", ""rec_step"": 5.0, ""rec_tp"": 3.0, ""recovery"": {""h"": 16, ""layer_x"": 5.0, ""rec_step"": 10.0, ""rec_tp"": 2.0}}","{""slippage_ticks"": 2}",288894.0900000477,555.0,289449.0900000477,4,-141149.38999999483,2022-10-13,-146071.25,93298.47,714.2694444444444,68.62155649230523,6890,3.886068809926678,28515.909999999203,976.0800000000002,13.5906573163249,26.0,28,0.34332667453021815,0.11227834730934856,0.0,0.0,279.9590277777778,0.0,592240.0,302822.3672062585,58298.47,2.0506577463782047,0.9558378816941814,24.867361111111112,25.010416666666668,0.9543147208121827,1.0016920473773265,117766.18000000744,-82249.9799999999,-93730.77999999351,-141149.38999999483,265444.9000000337,-93914.99999999895,-93730.77999999351,7,8,-82249.9799999999,0.0,0.0,408,350,0.0,-141149.38999999483,0.0,0.0,1314,1306,279.9590277777778,-93914.99999999895,0.0,0.0,523,445,0.0,54.65695142745972,2.8843767625493513,82966.14000000001,0.0,0.0,0.020851953233348555,24.867361111111112,11.142415268364708,16.0
FACTORY_S6,FQ_16_16__comm+25,S6,FQ_16_16,FQ_16_16,"{""core_cap"": 16, ""rec_activation"": ""always"", ""rec_anchor"": ""low60"", ""rec_cap"": 16, ""rec_spacing"": ""float"", ""rec_step"": 5.0, ""rec_tp"": 3.0, ""recovery"": {""h"": 16, ""layer_x"": 5.0, ""rec_step"": 10.0, ""rec_tp"": 2.0}}","{""commission_per_side"": 0.775}",289156.55000003724,560.0,289716.55000003724,4,-129122.1749999933,2022-10-13,-134065.0,99518.27499999967,712.8513888888889,53.025968554473906,7077,3.991539763113367,21698.449999997112,1036.0,12.914600149612939,24.0,28,0.32741699143507946,0.04816612079423738,0.0,0.0,42.975,0.0,619740.0,289700.1596309127,67018.27499999967,2.2437396984681546,1.0000565770110221,5.1819444444444445,5.764583333333333,0.9655950366610265,1.0039481105470953,116035.32500000962,-76302.17500000013,-84816.87499999156,-129122.1749999933,258561.32500001916,-100919.04999999871,-84816.87499999156,7,8,-76302.17500000013,0.0,0.0,413,352,0.0,-129122.1749999933,0.0,0.0,1451,1442,42.975,-100919.04999999871,0.0,0.0,525,451,0.0,56.26789164543152,2.987591652566272,82730.9,0.0,0.0,0.0017006564477853642,4.820833333333334,11.77309684776183,16.0
FACTORY_S6,FQ_16_16__slip4,S6,FQ_16_16,FQ_16_16,"{""core_cap"": 16, ""rec_activation"": ""always"", ""rec_anchor"": ""low60"", ""rec_cap"": 16, ""rec_spacing"": ""float"", ""rec_step"": 5.0, ""rec_tp"": 3.0, ""recovery"": {""h"": 16, ""layer_x"": 5.0, ""rec_step"": 10.0, ""rec_tp"": 2.0}}","{""slippage_ticks"": 4}",270029.75000004395,592.5,270622.25000004395,5,-155750.12999999564,2022-10-13,-159828.75,99821.72000000003,744.9222222222222,110.26025298902746,6503,3.667794698251551,45261.49999999877,1013.4300000000002,14.289422589312482,29.0,29,0.33599732153613826,0.14060534403971747,0.0,0.0,297.99861111111113,0.0,621180.0,318307.91718615603,37540.57000001182,1.737541085840837,0.8501901315944207,58.80625,58.858333333333334,0.9148336153412295,0.9441624365482234,113247.99000000727,-76523.11999999991,-103809.78999999497,-155750.12999999564,261245.8700000316,-93976.28999999899,-103809.78999999497,7,8,-76523.11999999991,0.0,0.0,407,352,0.0,-155750.12999999564,0.0,0.0,1040,1031,297.99861111111113,-93976.28999999899,0.0,0.0,519,443,0.0,56.660083532333374,2.7236322617033277,79232.04000000001,0.0,0.0,0.06883736176913098,58.80625,10.777453554147836,16.0
FACTORY_S6,FQ_16_16__pen2,S6,FQ_16_16,FQ_16_16,"{""core_cap"": 16, ""rec_activation"": ""always"", ""rec_anchor"": ""low60"", ""rec_cap"": 16, ""rec_spacing"": ""float"", ""rec_step"": 5.0, ""rec_tp"": 3.0, ""recovery"": {""h"": 16, ""layer_x"": 5.0, ""rec_step"": 10.0, ""rec_tp"": 2.0}}","{""penetration_ticks"": 2}",285705.93000004743,560.0,286265.93000004743,4,-141100.6399999949,2022-10-13,-146035.0,98926.45999999999,714.2423611111111,54.45141807604095,6836,3.8556119571348,19147.819999999116,946.2,13.39955760518434,26.0,28,0.32615760910677716,0.11227694643912799,0.0,0.0,279.9590277777778,0.0,590120.0,298720.6646183609,60200.930000012624,2.028806743896114,0.9583064176888285,24.867361111111112,25.010416666666668,0.954878736604625,0.9796954314720813,116390.75000000733,-76282.4899999999,-93451.3999999935,-141100.6399999949,263388.41000003356,-93904.99999999895,-93451.3999999935,7,8,-76282.4899999999,0.0,0.0,407,346,0.0,-141100.6399999949,0.0,0.0,1318,1309,279.9590277777778,-93904.99999999895,0.0,0.0,518,443,0.0,55.09675741195679,2.8759165256627184,83647.24,0.0,0.0,0.020795918424525314,24.867361111111112,11.1634199164521,16.0
FACTORY_S6,FQ_16_16__comm+50,S6,FQ_16_16,FQ_16_16,"{""core_cap"": 16, ""rec_activation"": ""always"", ""rec_anchor"": ""low60"", ""rec_cap"": 16, ""rec_spacing"": ""float"", ""rec_step"": 5.0, ""rec_tp"": 3.0, ""recovery"": {""h"": 16, ""layer_x"": 5.0, ""rec_step"": 10.0, ""rec_tp"": 2.0}}","{""commission_per_side"": 0.9299999999999999}",286847.3600000769,560.0,287407.3600000769,4,-129320.10999999195,2022-10-13,-134065.0,99293.67999999967,713.7444444444444,52.36715697028392,7077,3.991539763113367,24007.640000002524,1150.7000000000003,12.914600149612939,24.0,28,0.32741699143507946,0.04816612079423738,0.0,0.0,42.975,0.0,619740.0,289700.1596309127,66793.67999999967,2.2224490839057807,0.9920856114343984,5.1819444444444445,5.764583333333333,0.9655950366610265,1.0039481105470953,115201.89000001398,-76321.86000000004,-85068.74999998981,-129320.10999999195,257338.84000005265,-100958.10999999841,-85068.74999998981,7,8,-76321.86000000004,0.0,0.0,413,352,0.0,-129320.10999999195,0.0,0.0,1451,1442,42.975,-100958.10999999841,0.0,0.0,525,451,0.0,55.25000238418579,2.987591652566272,81088.82999999999,0.0,0.0,0.0017006564477853642,4.820833333333334,11.77309684776183,16.0
FACTORY_S6,FQ_16_16__neutral,S6,FQ_16_16,FQ_16_16,"{""core_cap"": 16, ""rec_activation"": ""always"", ""rec_anchor"": ""low60"", ""rec_cap"": 16, ""rec_spacing"": ""float"", ""rec_step"": 5.0, ""rec_tp"": 3.0, ""recovery"": {""h"": 16, ""layer_x"": 5.0, ""rec_step"": 10.0, ""rec_tp"": 2.0}}","{""penetration_ticks"": 0}",285447.78000004997,560.0,286007.78000004997,4,-123634.75999999454,2022-10-13,-128842.5,99879.29000000004,712.8506944444445,58.46451987083904,7168,4.042865200225607,19538.469999999645,891.42,12.449452399830776,23.0,28,0.28129614116289037,0.019378237761297316,0.0,0.0,24.867361111111112,0.0,603096.25,278313.41709720076,67379.29000000004,2.313328225816612,1.0276463958622661,5.1819444444444445,5.764583333333333,0.9655950366610265,0.9836435420191766,114217.78000000748,-76273.72999999992,-81231.77999999316,-123634.75999999454,253069.8500000356,-90925.60999999894,-81231.77999999316,7,8,-76273.72999999992,0.0,0.0,429,368,0.0,-123634.75999999454,0.0,0.0,1494,1485,24.867361111111112,-90925.60999999894,0.0,0.0,529,455,0.0,56.5258424282074,3.0592216582064298,82834.24000000002,0.0,0.0,5.6034808823240994e-05,0.024305555555555556,12.102833680282192,16.0
FACTORY_S6,FQ_16_16__roll2x,S6,FQ_16_16,FQ_16_16,"{""core_cap"": 16, ""rec_activation"": ""always"", ""rec_anchor"": ""low60"", ""rec_cap"": 16, ""rec_spacing"": ""float"", ""rec_step"": 5.0, ""rec_tp"": 3.0, ""recovery"": {""h"": 16, ""layer_x"": 5.0, ""rec_step"": 10.0, ""rec_tp"": 2.0}}","{""roll_slippage_ticks"": 2.0}",291003.24000004947,560.0,291563.24000004947,4,-129002.98999999464,2022-10-13,-134065.0,99696.62000000005,712.8416666666667,53.69162580396355,7077,3.991539763113367,19851.759999999504,1383.8000000000004,12.914600149612939,24.0,28,0.32741699143507946,0.04816612079423738,0.0,0.0,42.975,0.0,619740.0,289700.1596309127,67196.62000000005,2.2601277691320303,1.0064310643511911,5.1819444444444445,5.764583333333333,0.9655950366610265,1.0039481105470953,116727.51000000752,-76298.7399999999,-84673.74999999319,-129002.98999999464,259571.3100000351,-100897.48999999894,-84673.74999999319,7,8,-76298.7399999999,0.0,0.0,413,352,0.0,-129002.98999999464,0.0,0.0,1451,1442,42.975,-100897.48999999894,0.0,0.0,525,451,0.0,57.10162091255188,2.987591652566272,84372.97,0.0,0.0,0.0017006564477853642,4.820833333333334,11.77309684776183,16.0
FACTORY_S6,FQ_16_16__stress_all,S6,FQ_16_16,FQ_16_16,"{""core_cap"": 16, ""rec_activation"": ""always"", ""rec_anchor"": ""low60"", ""rec_cap"": 16, ""rec_spacing"": ""float"", ""rec_step"": 5.0, ""rec_tp"": 3.0, ""recovery"": {""h"": 16, ""layer_x"": 5.0, ""rec_step"": 10.0, ""rec_tp"": 2.0}}","{""commission_per_side"": 0.9299999999999999, ""penetration_ticks"": 2, ""roll_slippage_ticks"": 2.0, ""slippage_ticks"": 2}",276854.3400000727,607.5,277461.8400000727,5,-144315.38999999262,2022-10-13,-148458.75,93008.75999999969,722.1777777777778,95.0226581564975,6750,3.8071065989847717,33174.41000000233,1704.76,13.648387178115046,27.0,28,0.3402447600449399,0.1123273777670689,0.0,0.0,279.9590277777778,0.0,603096.25,303646.883039244,53072.77000002144,1.9226074225353713,0.913764821897457,24.867361111111112,25.010416666666668,0.954878736604625,0.9819514946418499,115178.8200000138,-82307.47000000003,-94778.65999999078,-144315.38999999262,257095.37000004965,-94000.0299999984,-94778.65999999078,7,8,-82307.47000000003,0.0,0.0,400,346,0.0,-144315.38999999262,0.0,0.0,1255,1247,279.9590277777778,-94000.0299999984,0.0,0.0,518,441,0.0,55.55068373680115,2.8251551043429215,80095.76,0.0,0.0,0.027108239638463413,24.867361111111112,11.054573701183175,16.0
FACTORY_S6,FQ_16_16__tv_like,S6,FQ_16_16,FQ_16_16,"{""core_cap"": 16, ""rec_activation"": ""always"", ""rec_anchor"": ""low60"", ""rec_cap"": 16, ""rec_spacing"": ""float"", ""rec_step"": 5.0, ""rec_tp"": 3.0, ""recovery"": {""h"": 16, ""layer_x"": 5.0, ""rec_step"": 10.0, ""rec_tp"": 2.0}}","{""allow_same_bar_tp_after_intrabar_buy"": true, ""penetration_ticks"": 0, ""slippage_ticks"": 0}",283702.05000004993,401.25,284103.30000004993,3,-116930.98999999446,2022-10-13,-122252.5,105616.15000000005,708.1965277777778,59.56494412545532,7167,4.042301184433164,9757.949999999646,869.0100000000001,12.07221205813051,22.0,27,0.2504825997909902,0.004082135822773106,0.0,0.0,6.913888888888889,0.0,603096.25,270830.26694632706,75616.15000000005,2.4296664211947867,1.0490086769229279,5.182638888888889,5.764583333333333,0.9661590524534687,0.9616469261139312,115831.5600000075,-70269.9799999999,-76374.25999999302,-116930.98999999446,244658.4500000354,-95087.36999999883,-76374.25999999302,7,8,-70269.9799999999,0.0,0.0,434,374,0.0,-116930.98999999446,0.0,0.0,1511,1502,6.913888888888889,-95087.36999999883,0.0,0.0,553,463,0.0,55.69056820869446,3.080654258319233,83587.12,0.0,0.0,5.183219816149792e-05,0.024305555555555556,12.33091496437587,16.0
FACTORY_S6,FQ_20_12__base,S6,FQ_20_12,FQ_20_12,"{""core_cap"": 20, ""rec_activation"": ""always"", ""rec_anchor"": ""low60"", ""rec_cap"": 12, ""rec_spacing"": ""float"", ""rec_step"": 5.0, ""rec_tp"": 3.0, ""recovery"": {""h"": 20, ""layer_x"": 5.0, ""rec_step"": 10.0, ""rec_tp"": 2.0}}",{},318998.7000000475,560.0,319558.7000000475,4,-129698.27999999549,2022-10-13,-134026.25,76628.81000000011,744.9069444444444,33.10526146794514,6857,3.867456288776086,18911.29999999915,961.1400000000001,13.306092944937395,24.0,24,0.40373920279277487,0.0,0.0,0.0,0.0,0.0,743610.0,296865.72202602256,31628.810000000114,2.4638622809805852,1.0764418937260656,160.01041666666666,160.05555555555554,0.8804286520022561,1.1505922165820643,131502.50000000867,-102328.0499999999,-87929.14999999537,-129698.27999999549,276029.68000003416,-100591.21999999892,-87929.14999999537,7,8,-102328.0499999999,0.0,0.0,421,352,0.0,-129698.27999999549,0.0,0.0,967,956,0.0,-100591.21999999892,0.0,0.0,535,452,0.0,57.086453437805176,2.7168640721940216,79200.67000000001,0.0,0.0,0.09811414850905383,160.01041666666666,7.844626682094917,12.0
FACTORY_S6,FQ_20_12__slip2,S6,FQ_20_12,FQ_20_12,"{""core_cap"": 20, ""rec_activation"": ""always"", ""rec_anchor"": ""low60"", ""rec_cap"": 12, ""rec_spacing"": ""float"", ""rec_step"": 5.0, ""rec_tp"": 3.0, ""recovery"": {""h"": 20, ""layer_x"": 5.0, ""rec_step"": 10.0, ""rec_tp"": 2.0}}","{""slippage_ticks"": 2}",311324.2100000453,555.0,311879.2100000453,4,-135451.0999999958,2022-10-13,-139398.75,71762.0200000002,747.1722222222222,36.6901041011987,6642,3.746192893401015,27604.539999998804,1000.9800000000002,13.81271345759986,24.0,24,0.43319530092093206,0.0,0.0,0.0,0.0,0.0,738150.0,307861.4166685345,24262.020000000193,2.302522533962847,1.0130506556326175,297.225,298.0965277777778,0.8578680203045685,1.1212633953750706,130560.39000000828,-108301.78999999989,-93313.20999999566,-135451.0999999958,274671.99000003265,-93607.46999999892,-93313.20999999566,7,8,-108301.78999999989,0.0,0.0,418,350,0.0,-135451.0999999958,0.0,0.0,838,827,0.0,-93607.46999999892,0.0,0.0,530,446,0.0,56.963561058044434,2.6249294980259448,78077.79000000002,0.0,0.0,0.12023108755158704,297.225,7.423218303209954,12.0
FACTORY_S6,FQ_20_12__slip4,S6,FQ_20_12,FQ_20_12,"{""core_cap"": 20, ""rec_activation"": ""always"", ""rec_anchor"": ""low60"", ""rec_cap"": 12, ""rec_spacing"": ""float"", ""rec_step"": 5.0, ""rec_tp"": 3.0, ""recovery"": {""h"": 20, ""layer_x"": 5.0, ""rec_step"": 10.0, ""rec_tp"": 2.0}}","{""slippage_ticks"": 4}",291423.94000004395,592.5,292016.44000004395,5,-143840.09999999672,2022-10-13,-146976.25,89860.58000000007,749.0944444444444,56.87431532170089,6415,3.6181613085166386,44917.30999999879,1030.86,14.239431134620826,25.0,25,0.4116751325923664,0.14060534403971747,0.0,0.0,297.99861111111113,0.0,736600.0,317438.66947973083,52360.580000000075,2.030146252679542,0.9199145160186285,297.99861111111113,298.10625,0.8392554991539763,1.0705019740552735,120577.35000000848,-87915.55999999988,-99846.56999999657,-143840.09999999672,271347.480000032,-93556.23999999894,-99846.56999999657,7,8,-87915.55999999988,0.0,0.0,416,352,0.0,-143840.09999999672,0.0,0.0,704,692,297.99861111111113,-93556.23999999894,0.0,0.0,534,445,0.0,56.29580760002136,2.5476593344613647,77541.42000000001,0.0,0.0,0.1408028667408194,297.99861111111113,7.16959215064398,12.0
FACTORY_S6,FQ_20_12__comm+25,S6,FQ_20_12,FQ_20_12,"{""core_cap"": 20, ""rec_activation"": ""always"", ""rec_anchor"": ""low60"", ""rec_cap"": 12, ""rec_spacing"": ""float"", ""rec_step"": 5.0, ""rec_tp"": 3.0, ""recovery"": {""h"": 20, ""layer_x"": 5.0, ""rec_step"": 10.0, ""rec_tp"": 2.0}}","{""commission_per_side"": 0.775}",316752.75000000815,560.0,317312.75000000815,4,-129867.84999999439,2022-10-13,-134026.25,76394.44999999949,744.9256944444444,32.74778999730305,6857,3.867456288776086,21157.24999999727,1080.8000000000002,13.306092944937395,24.0,24,0.40373920279277487,0.0,0.0,0.0,0.0,0.0,743610.0,296865.72202602256,31394.449999999488,2.4433510680281674,1.0688763520235363,160.01041666666666,160.05555555555554,0.8804286520022561,1.1505922165820643,130630.62500001129,-102349.75000000015,-88110.49999999424,-129867.84999999439,274838.349999991,-100630.89999999868,-88110.49999999424,7,8,-102349.75000000015,0.0,0.0,421,352,0.0,-129867.84999999439,0.0,0.0,967,956,0.0,-100630.89999999868,0.0,0.0,535,452,0.0,56.46237587928772,2.7168640721940216,77707.4,0.0,0.0,0.09811414850905383,160.01041666666666,7.844626682094917,12.0
FACTORY_S6,FQ_20_12__comm+50,S6,FQ_20_12,FQ_20_12,"{""core_cap"": 20, ""rec_activation"": ""always"", ""rec_anchor"": ""low60"", ""rec_cap"": 12, ""rec_spacing"": ""float"", ""rec_step"": 5.0, ""rec_tp"": 3.0, ""recovery"": {""h"": 20, ""layer_x"": 5.0, ""rec_step"": 10.0, ""rec_tp"": 2.0}}","{""commission_per_side"": 0.9299999999999999}",314506.8000000742,560.0,315066.8000000742,4,-130037.41999999329,2022-10-13,-134026.25,76160.08999999968,744.9326388888888,32.39353615948196,6857,3.867456288776086,23403.200000002395,1200.4600000000003,13.306092944937395,24.0,24,0.40373920279277487,0.0,0.0,0.0,0.0,0.0,743610.0,296865.72202602256,31160.089999999676,2.4228933486998625,1.061310810321362,160.01041666666666,160.05555555555554,0.8804286520022561,1.1505922165820643,129758.75000001607,-102371.45000000001,-88291.84999999311,-130037.41999999329,273647.0200000511,-100670.57999999844,-88291.84999999311,7,8,-102371.45000000001,0.0,0.0,421,352,0.0,-130037.41999999329,0.0,0.0,967,956,0.0,-100670.57999999844,0.0,0.0,535,452,0.0,55.338271141052246,2.7168640721940216,76214.12999999999,0.0,0.0,0.09811414850905383,160.01041666666666,7.844626682094917,12.0
FACTORY_S6,FQ_20_12__pen2,S6,FQ_20_12,FQ_20_12,"{""core_cap"": 20, ""rec_activation"": ""always"", ""rec_anchor"": ""low60"", ""rec_cap"": 12, ""rec_spacing"": ""float"", ""rec_step"": 5.0, ""rec_tp"": 3.0, ""recovery"": {""h"": 20, ""layer_x"": 5.0, ""rec_step"": 10.0, ""rec_tp"": 2.0}}","{""penetration_ticks"": 2}",309356.12000004546,560.0,309916.12000004546,4,-135389.83999999583,2022-10-13,-139366.25,75701.1700000001,747.1694444444445,34.629002354629016,6587,3.715172024816695,18597.62999999875,991.0200000000002,13.682190176537665,24.0,24,0.42760863048125497,0.0,0.0,0.0,0.0,0.0,743610.0,305598.7146052628,30701.1700000001,2.2890648219988665,1.014127694877118,297.225,298.0965277777778,0.8589960518894529,1.1032148900169205,129044.50000000867,-102328.04999999987,-93620.70999999571,-135389.83999999583,274536.66000003245,-100591.21999999892,-93620.70999999571,7,8,-102328.04999999987,0.0,0.0,415,346,0.0,-135389.83999999583,0.0,0.0,837,827,0.0,-100591.21999999892,0.0,0.0,528,445,0.0,55.48144197463989,2.6119571347997743,78557.56000000003,0.0,0.0,0.12022828581114589,297.225,7.437679486497012,12.0
FACTORY_S6,FQ_20_12__roll2x,S6,FQ_20_12,FQ_20_12,"{""core_cap"": 20, ""rec_activation"": ""always"", ""rec_anchor"": ""low60"", ""rec_cap"": 12, ""rec_spacing"": ""float"", ""rec_step"": 5.0, ""rec_tp"": 3.0, ""recovery"": {""h"": 20, ""layer_x"": 5.0, ""rec_step"": 10.0, ""rec_tp"": 2.0}}","{""roll_slippage_ticks"": 2.0}",318516.20000004757,560.0,319076.20000004757,4,-129777.02999999549,2022-10-13,-134026.25,76577.56000000011,744.9201388888889,33.10526146794514,6857,3.867456288776086,19393.79999999915,1443.6399999999994,13.306092944937395,24.0,24,0.40373920279277487,0.0,0.0,0.0,0.0,0.0,743610.0,296865.72202602256,31577.560000000114,2.4586492694435886,1.0748165797736597,160.01041666666666,160.05555555555554,0.8804286520022561,1.1505922165820643,131351.25000000873,-102350.5499999999,-88037.89999999537,-129777.02999999549,275807.18000003416,-100608.71999999892,-88037.89999999537,7,8,-102350.5499999999,0.0,0.0,421,352,0.0,-129777.02999999549,0.0,0.0,967,956,0.0,-100608.71999999892,0.0,0.0,535,452,0.0,53.91462850570679,2.7168640721940216,79200.67000000001,0.0,0.0,0.09811414850905383,160.01041666666666,7.844626682094917,12.0
FACTORY_S6,FQ_20_12__neutral,S6,FQ_20_12,FQ_20_12,"{""core_cap"": 20, ""rec_activation"": ""always"", ""rec_anchor"": ""low60"", ""rec_cap"": 12, ""rec_spacing"": ""float"", ""rec_step"": 5.0, ""rec_tp"": 3.0, ""recovery"": {""h"": 20, ""layer_x"": 5.0, ""rec_step"": 10.0, ""rec_tp"": 2.0}}","{""penetration_ticks"": 0}",323792.68000005104,560.0,324352.68000005104,4,-123853.85999999486,2022-10-13,-128842.5,76646.47000000012,714.7777777777778,32.068085818842825,7265,4.0975747320924985,19886.069999999807,936.2400000000001,12.969147234261923,23.0,24,0.3774938992101894,0.0,0.0,0.0,0.0,0.0,743610.0,288999.80046354793,31646.470000000118,2.6188338417556345,1.1223283873545866,42.975,45.800694444444446,0.9385222786238014,1.1720248166948675,130186.60000000871,-102319.28999999989,-82072.38999999367,-123853.85999999486,276269.04000003595,-97574.33999999892,-82072.38999999367,7,8,-102319.28999999989,0.0,0.0,435,368,0.0,-123853.85999999486,0.0,0.0,1252,1241,0.0,-97574.33999999892,0.0,0.0,538,456,0.0,53.986220359802246,2.925549915397631,81066.87,0.0,0.0,0.042897447894632144,42.975,8.126785759313686,12.0
FACTORY_S6,FQ_20_12__tv_like,S6,FQ_20_12,FQ_20_12,"{""core_cap"": 20, ""rec_activation"": ""always"", ""rec_anchor"": ""low60"", ""rec_cap"": 12, ""rec_spacing"": ""float"", ""rec_step"": 5.0, ""rec_tp"": 3.0, ""recovery"": {""h"": 20, ""layer_x"": 5.0, ""rec_step"": 10.0, ""rec_tp"": 2.0}}","{""allow_same_bar_tp_after_intrabar_buy"": true, ""penetration_ticks"": 0, ""slippage_ticks"": 0}",318709.2500000511,401.25,319110.5000000511,3,-117175.1099999948,2022-10-13,-122252.5,70506.99000000008,713.7506944444444,34.07142960611541,7243,4.085166384658771,9899.499999999767,916.32,12.566848126055906,22.0,23,0.35637998324559217,0.0,0.0,0.0,0.0,0.0,743610.0,279549.6419095542,23006.990000000078,2.7233642025176272,1.1415163969456863,42.975,45.800694444444446,0.937394247038917,1.1342357586012408,128949.07000000897,-106516.78999999989,-76828.61999999365,-117175.1099999948,267002.50000003574,-94759.80999999878,-76828.61999999365,7,8,-106516.78999999989,0.0,0.0,441,374,0.0,-117175.1099999948,0.0,0.0,1271,1259,0.0,-94759.80999999878,0.0,0.0,567,467,0.0,54.84156894683838,2.9509306260575294,82377.32,0.0,0.0,0.04174593257331454,42.975,8.351996660325394,12.0
FACTORY_S6,FQ_20_12__stress_all,S6,FQ_20_12,FQ_20_12,"{""core_cap"": 20, ""rec_activation"": ""always"", ""rec_anchor"": ""low60"", ""rec_cap"": 12, ""rec_spacing"": ""float"", ""rec_step"": 5.0, ""rec_tp"": 3.0, ""recovery"": {""h"": 20, ""layer_x"": 5.0, ""rec_step"": 10.0, ""rec_tp"": 2.0}}","{""commission_per_side"": 0.9299999999999999, ""penetration_ticks"": 2, ""roll_slippage_ticks"": 2.0, ""slippage_ticks"": 2}",304135.6700000701,607.5,304743.1700000701,5,-135902.98999999382,2022-10-13,-139398.75,69852.66999999969,747.7520833333333,32.02583753410485,6536,3.686407219402143,32344.33000000221,1752.7199999999996,13.81451777844397,24.0,24,0.4281353576841934,0.0,0.0,0.0,0.0,0.0,740300.0,307210.24716603954,22352.669999999693,2.242358096757724,0.9919694177237649,297.225,298.0965277777778,0.8589960518894529,1.0998307952622672,126226.01000001532,-108369.56000000003,-93809.27999999363,-135902.98999999382,272368.8800000484,-93686.2199999984,-93809.27999999363,7,8,-108369.56000000003,0.0,0.0,410,346,0.0,-135902.98999999382,0.0,0.0,820,809,0.0,-93686.2199999984,0.0,0.0,526,443,0.0,54.725680351257324,2.586576424139876,75666.29000000001,0.0,0.0,0.12056729640452649,297.225,7.362563424399236,12.0
FACTORY_S6,FQ_18_14_add__base,S6,FQ_18_14_add,FQ_18_14_add,"{""add_trigger"": ""armed"", ""core_cap"": 18, ""rec_activation"": ""always"", ""rec_anchor"": ""low60"", ""rec_cap"": 14, ""rec_spacing"": ""float"", ""rec_step"": 5.0, ""rec_tp"": 3.0, ""recovery"": {""h"": 18, ""layer_x"": 5.0, ""rec_step"": 10.0, ""rec_tp"": 2.0}, ""reversal"": ""ll_fail""}",{},321047.44000005117,986.25,322033.69000005117,7,-122343.10999999469,2022-10-13,-127555.0,81548.10000000012,708.7180555555556,43.60551922916592,7193,4.056965595036661,19803.809999999692,896.4000000000001,12.854092362175383,23.0,25,0.32954211155970087,0.020532554823056083,0.0,0.0,24.867361111111112,0.0,663187.5,286136.62553128,39048.10000000012,2.632217621409699,1.1254542804582246,24.867361111111112,25.010416666666668,0.954878736604625,1.1269035532994924,119957.91000000853,-95936.7599999999,-79081.38999999332,-122343.10999999469,281249.6200000359,-100854.98999999894,-79081.38999999332,7,8,-95936.7599999999,0.0,0.0,430,357,0.0,-122343.10999999469,0.0,0.0,1350,1336,24.867361111111112,-100854.98999999894,0.0,0.0,527,451,0.0,54.416598081588745,2.9300620417371688,84221.95000000001,0.0,0.0,0.020532554823056083,24.867361111111112,9.767926235777665,14.0
FACTORY_S6,FQ_18_14_add__slip2,S6,FQ_18_14_add,FQ_18_14_add,"{""add_trigger"": ""armed"", ""core_cap"": 18, ""rec_activation"": ""always"", ""rec_anchor"": ""low60"", ""rec_cap"": 14, ""rec_spacing"": ""float"", ""rec_step"": 5.0, ""rec_tp"": 3.0, ""recovery"": {""h"": 18, ""layer_x"": 5.0, ""rec_step"": 10.0, ""rec_tp"": 2.0}, ""reversal"": ""ll_fail""}","{""slippage_ticks"": 2}",293541.99000004533,977.5,294519.49000004533,7,-148445.81999999558,2022-10-13,-152525.0,79765.46999999997,747.1604166666667,57.173529181818346,6591,3.7174280879864634,27636.75999999875,1038.3300000000002,14.462956788757175,27.0,27,0.4422687373396354,0.12016944926188149,0.0,0.0,297.225,0.0,682560.0,324317.9111326456,37265.46999999997,1.9840200956824119,0.9081197179997476,160.01041666666666,160.05555555555554,0.8804286520022561,1.0355329949238579,124588.13000000844,-95969.2599999999,-100684.12999999546,-148445.81999999558,270712.9400000323,-132714.349999999,-100684.12999999546,7,8,-95969.2599999999,0.0,0.0,428,353,0.0,-148445.81999999558,0.0,0.0,948,936,297.225,-132714.349999999,0.0,0.0,551,446,0.0,59.91417622566223,2.6818950930626055,78463.80000000002,0.0,0.0,0.09842093908736106,160.01041666666666,9.207869528551136,14.0
FACTORY_S6,FQ_18_14_add__comm+25,S6,FQ_18_14_add,FQ_18_14_add,"{""add_trigger"": ""armed"", ""core_cap"": 18, ""rec_activation"": ""always"", ""rec_anchor"": ""low60"", ""rec_cap"": 14, ""rec_spacing"": ""float"", ""rec_step"": 5.0, ""rec_tp"": 3.0, ""recovery"": {""h"": 18, ""layer_x"": 5.0, ""rec_step"": 10.0, ""rec_tp"": 2.0}, ""reversal"": ""ll_fail""}","{""commission_per_side"": 0.775}",318704.92500001186,986.25,319691.17500001186,7,-122537.32499999343,2022-10-13,-127555.0,81316.3749999995,712.8416666666667,43.130845862927785,7193,4.056965595036661,22146.32499999703,1007.9999999999999,12.854092362175383,23.0,25,0.32954211155970087,0.020532554823056083,0.0,0.0,24.867361111111112,0.0,663187.5,286136.62553128,38816.374999999505,2.6089289528723514,1.117267579452403,24.867361111111112,25.010416666666668,0.954878736604625,1.1269035532994924,119112.07500001026,-95959.70000000016,-79328.92499999166,-122537.32499999343,280002.0249999932,-100894.04999999871,-79328.92499999166,7,8,-95959.70000000016,0.0,0.0,430,357,0.0,-122537.32499999343,0.0,0.0,1350,1336,24.867361111111112,-100894.04999999871,0.0,0.0,527,451,0.0,53.89946794509888,2.9300620417371688,82611.5,0.0,0.0,0.020532554823056083,24.867361111111112,9.767926235777665,14.0
FACTORY_S6,FQ_18_14_add__slip4,S6,FQ_18_14_add,FQ_18_14_add,"{""add_trigger"": ""armed"", ""core_cap"": 18, ""rec_activation"": ""always"", ""rec_anchor"": ""low60"", ""rec_cap"": 14, ""rec_spacing"": ""float"", ""rec_step"": 5.0, ""rec_tp"": 3.0, ""recovery"": {""h"": 18, ""layer_x"": 5.0, ""rec_step"": 10.0, ""rec_tp"": 2.0}, ""reversal"": ""ll_fail""}","{""slippage_ticks"": 4}",285739.3000000442,1123.75,286863.0500000442,9,-144150.03999999608,2022-10-13,-147756.25,107425.09000000008,747.1722222222222,72.66744321490971,6474,3.6514382402707275,45263.199999998775,968.6100000000001,14.158850277792565,26.0,26,0.37385583924734045,0.1328066995217429,0.0,0.0,297.2263888888889,0.0,701195.0,318422.7268831898,67055.21000001277,1.9900310121318872,0.9008874862920104,279.9590277777778,280.2236111111111,0.8612521150592216,1.0507614213197969,124030.67000000866,-70526.14999999988,-98922.75999999593,-144150.03999999608,261810.08000003145,-93952.52999999898,-98922.75999999593,7,8,-70526.14999999988,0.0,0.0,423,351,0.0,-144150.03999999608,0.0,0.0,813,805,297.2263888888889,-93952.52999999898,0.0,0.0,532,445,0.0,55.30650067329407,2.6006768189509306,76666.11000000002,0.0,0.0,0.11980802474497157,279.9590277777778,8.934701236408056,14.0
FACTORY_S6,FQ_18_14_add__comm+50,S6,FQ_18_14_add,FQ_18_14_add,"{""add_trigger"": ""armed"", ""core_cap"": 18, ""rec_activation"": ""always"", ""rec_anchor"": ""low60"", ""rec_cap"": 14, ""rec_spacing"": ""float"", ""rec_step"": 5.0, ""rec_tp"": 3.0, ""recovery"": {""h"": 18, ""layer_x"": 5.0, ""rec_step"": 10.0, ""rec_tp"": 2.0}, ""reversal"": ""ll_fail""}","{""commission_per_side"": 0.9299999999999999}",316362.4100000787,986.25,317348.6600000787,7,-122731.53999999206,2022-10-13,-127555.0,81084.64999999967,712.9402777777777,42.66002094229845,7193,4.056965595036661,24488.84000000259,1119.6000000000001,12.854092362175383,23.0,25,0.32954211155970087,0.020532554823056083,0.0,0.0,24.867361111111112,0.0,663187.5,286136.62553128,38584.649999999674,2.585713990063998,1.1090808784469524,24.867361111111112,25.010416666666668,0.954878736604625,1.1269035532994924,118266.24000001478,-95982.64000000001,-79576.45999998995,-122731.53999999206,278754.4300000538,-100933.10999999841,-79576.45999998995,7,8,-95982.64000000001,0.0,0.0,430,357,0.0,-122731.53999999206,0.0,0.0,1350,1336,24.867361111111112,-100933.10999999841,0.0,0.0,527,451,0.0,53.22040510177612,2.9300620417371688,81001.04999999999,0.0,0.0,0.020532554823056083,24.867361111111112,9.767926235777665,14.0
FACTORY_S6,FQ_18_14_add__pen2,S6,FQ_18_14_add,FQ_18_14_add,"{""add_trigger"": ""armed"", ""core_cap"": 18, ""rec_activation"": ""always"", ""rec_anchor"": ""low60"", ""rec_cap"": 14, ""rec_spacing"": ""float"", ""rec_step"": 5.0, ""rec_tp"": 3.0, ""recovery"": {""h"": 18, ""layer_x"": 5.0, ""rec_step"": 10.0, ""rec_tp"": 2.0}, ""reversal"": ""ll_fail""}","{""penetration_ticks"": 2}",314633.0700000464,986.25,315619.3200000464,7,-141849.58999999566,2022-10-13,-146060.0,79916.65999999997,744.9423611111112,41.735762115947566,6727,3.794134235758601,19024.429999998945,968.6100000000001,13.674187004967486,26.0,26,0.3887653010049843,0.11227694643912799,0.0,0.0,279.9590277777778,0.0,662805.0,304368.5549831055,37416.659999999974,2.225028073750908,1.0369642817326035,160.01041666666666,160.05555555555554,0.8809926677946982,1.1173152848279753,124449.3100000082,-95959.26999999987,-95844.7899999955,-141849.58999999566,287107.25000003364,-100817.49999999895,-95844.7899999955,7,8,-95959.26999999987,0.0,0.0,424,352,0.0,-141849.58999999566,0.0,0.0,949,937,279.9590277777778,-100817.49999999895,0.0,0.0,519,443,0.0,55.333919286727905,2.676818950930626,79971.21000000002,0.0,0.0,0.09842093908736106,160.01041666666666,9.221927261214667,14.0
FACTORY_S6,FQ_18_14_add__roll2x,S6,FQ_18_14_add,FQ_18_14_add,"{""add_trigger"": ""armed"", ""core_cap"": 18, ""rec_activation"": ""always"", ""rec_anchor"": ""low60"", ""rec_cap"": 14, ""rec_spacing"": ""float"", ""rec_step"": 5.0, ""rec_tp"": 3.0, ""recovery"": {""h"": 18, ""layer_x"": 5.0, ""rec_step"": 10.0, ""rec_tp"": 2.0}, ""reversal"": ""ll_fail""}","{""roll_slippage_ticks"": 2.0}",320597.44000005117,986.25,321583.69000005117,7,-122418.10999999469,2022-10-13,-127555.0,81498.10000000012,712.7777777777778,43.60551922916592,7193,4.056965595036661,20253.809999999692,1346.3999999999999,12.854092362175383,23.0,25,0.32954211155970087,0.020532554823056083,0.0,0.0,24.867361111111112,0.0,663187.5,286136.62553128,38998.10000000012,2.6269290548601436,1.1238816051701013,24.867361111111112,25.010416666666668,0.954878736604625,1.1269035532994924,119826.66000000853,-95958.0099999999,-79185.13999999332,-122418.10999999469,281034.6200000359,-100872.48999999894,-79185.13999999332,7,8,-95958.0099999999,0.0,0.0,430,357,0.0,-122418.10999999469,0.0,0.0,1350,1336,24.867361111111112,-100872.48999999894,0.0,0.0,527,451,0.0,53.09372162818909,2.9300620417371688,84221.95000000001,0.0,0.0,0.020532554823056083,24.867361111111112,9.767926235777665,14.0
FACTORY_S6,FQ_18_14_add__neutral,S6,FQ_18_14_add,FQ_18_14_add,"{""add_trigger"": ""armed"", ""core_cap"": 18, ""rec_activation"": ""always"", ""rec_anchor"": ""low60"", ""rec_cap"": 14, ""rec_spacing"": ""float"", ""rec_step"": 5.0, ""rec_tp"": 3.0, ""recovery"": {""h"": 18, ""layer_x"": 5.0, ""rec_step"": 10.0, ""rec_tp"": 2.0}, ""reversal"": ""ll_fail""}","{""penetration_ticks"": 0}",318317.82000005216,986.25,319304.07000005216,7,-117009.8299999946,2022-10-13,-122332.5,82839.56000000011,708.7034722222222,49.457005504096955,7353,4.147208121827411,20145.929999999946,903.87,12.582756408280824,22.0,25,0.30877561140980775,0.004416943805491971,0.0,0.0,6.913888888888889,0.0,655215.0,280979.97995529824,40339.560000000114,2.7288653440490163,1.136394379595482,6.913888888888889,7.779861111111111,0.9644670050761421,1.101522842639594,126186.49000000895,-94986.12999999989,-75755.59999999317,-117009.8299999946,268951.8700000363,-97838.10999999894,-75755.59999999317,7,8,-94986.12999999989,0.0,0.0,453,372,0.0,-117009.8299999946,0.0,0.0,1469,1455,6.913888888888889,-97838.10999999894,0.0,0.0,537,455,0.0,51.8548858165741,3.045685279187817,82662.75000000001,0.0,0.0,0.004416943805491971,6.913888888888889,10.1005880853186,14.0
FACTORY_S6,FLOAT_16_16__slip2,S6,FLOAT_16_16,FLOAT_16_16,"{""core_cap"": 16, ""rec_activation"": ""always"", ""rec_anchor"": ""low60"", ""rec_cap"": 16, ""rec_spacing"": ""float"", ""rec_step"": 5.0, ""rec_tp"": 3.0}","{""slippage_ticks"": 2}",397105.55000005005,555.0,397660.5500000501,4,-173585.4499999954,2022-10-13,-180116.25,75159.52999999985,744.6791666666667,20.74930509898186,7070,3.987591652566272,29629.449999999488,1202.67,17.152322222564656,32.0,32,0.630542893245284,0.23767444336421786,0.1119519445479532,279.9590277777778,453.9013888888889,279.9590277777778,824760.0,382328.06659596943,27659.529999999853,2.290863375934219,1.0401029501720664,279.9590277777778,280.2236111111111,0.8657642413987592,1.2459108855047942,157612.30000001017,-108105.55000000028,-118413.10999999533,-173585.4499999954,358492.5700000352,-161465.99999999884,-118413.10999999533,7,8,-108105.55000000028,0.0,0.0,446,372,0.0,-173585.4499999954,279.9590277777778,0.3949921659920029,924,917,453.9013888888889,-161465.99999999884,0.0,0.0,604,477,6.0125,26.48826789855957,2.7416807670614776,95073.61000000002,0.0,0.0,0.1119519445479532,279.9590277777778,10.675487012532185,16.0
FACTORY_S6,FLOAT_16_16__base,S6,FLOAT_16_16,FLOAT_16_16,"{""core_cap"": 16, ""rec_activation"": ""always"", ""rec_anchor"": ""low60"", ""rec_cap"": 16, ""rec_spacing"": ""float"", ""rec_step"": 5.0, ""rec_tp"": 3.0}",{},403161.18000005186,560.0,403721.18000005186,4,-168726.57999999524,2022-10-13,-175455.0,76078.32999999987,713.7666666666667,18.87106582829611,7284,4.1082910321489,20307.569999999832,1137.93,16.53977490817296,32.0,32,0.612985786770742,0.20464612617357902,0.07399816766175148,58.80625,453.09444444444443,58.80625,796320.0,368471.6385436133,28578.32999999987,2.3927538861989808,1.0956641916750027,58.80625,58.858333333333334,0.9108855047941342,1.2583192329385222,158511.14000001014,-107261.17000000027,-111609.47999999474,-168726.57999999524,356881.3500000364,-161449.75999999885,-111609.47999999474,7,8,-107261.17000000027,0.0,0.0,439,372,0.0,-168726.57999999524,58.80625,0.26108252645522256,1099,1091,453.09444444444443,-161449.75999999885,0.0,0.0,609,478,6.0125,26.684099197387695,2.849971799210378,97070.53,0.0,0.0,0.07399816766175148,58.80625,11.071483605615809,16.0
FACTORY_S6,FQ_18_14_add__tv_like,S6,FQ_18_14_add,FQ_18_14_add,"{""add_trigger"": ""armed"", ""core_cap"": 18, ""rec_activation"": ""always"", ""rec_anchor"": ""low60"", ""rec_cap"": 14, ""rec_spacing"": ""float"", ""rec_step"": 5.0, ""rec_tp"": 3.0, ""recovery"": {""h"": 18, ""layer_x"": 5.0, ""rec_step"": 10.0, ""rec_tp"": 2.0}, ""reversal"": ""ll_fail""}","{""allow_same_bar_tp_after_intrabar_buy"": true, ""penetration_ticks"": 0, ""slippage_ticks"": 0}",342668.0600000541,823.75,343491.8100000541,6,-110474.13999999448,2022-10-13,-115951.25,89630.14000000013,707.9680555555556,35.60626075289397,7573,4.2712915961646925,10278.190000000299,883.9500000000003,12.060255630797851,21.0,24,0.2831929194415571,0.0,0.0,0.0,0.0,0.0,675592.5,269105.347002558,49630.14000000013,3.1092508165265755,1.276421348836257,6.913888888888889,7.779861111111111,0.9633389734912577,1.1940214326001128,126382.54000000865,-88990.49999999988,-70799.89999999304,-110474.13999999448,287982.8600000384,-81576.41999999853,-70799.89999999304,7,8,-88990.49999999988,0.0,0.0,452,375,0.0,-110474.13999999448,0.0,0.0,1492,1476,0.0,-81576.41999999853,0.0,0.0,600,473,0.0,48.82688093185425,3.0772701635645796,85022.06,0.0,0.0,0.004082135822773106,6.913888888888889,10.320398631629969,14.0
FACTORY_S6,FQ_18_14_add__stress_all,S6,FQ_18_14_add,FQ_18_14_add,"{""add_trigger"": ""armed"", ""core_cap"": 18, ""rec_activation"": ""always"", ""rec_anchor"": ""low60"", ""rec_cap"": 14, ""rec_spacing"": ""float"", ""rec_step"": 5.0, ""rec_tp"": 3.0, ""recovery"": {""h"": 18, ""layer_x"": 5.0, ""rec_step"": 10.0, ""rec_tp"": 2.0}, ""reversal"": ""ll_fail""}","{""commission_per_side"": 0.9299999999999999, ""penetration_ticks"": 2, ""roll_slippage_ticks"": 2.0, ""slippage_ticks"": 2}",287863.6800000696,1030.0,288893.6800000696,8,-148921.3199999935,2022-10-13,-152525.0,85504.5799999997,747.7388888888889,52.651390671801444,6488,3.659334461364918,32436.320000002182,1831.2,14.476534022935047,27.0,27,0.4506081177627542,0.12050565811482093,0.0,0.0,297.225,0.0,675782.5,324557.8556862023,45504.579999999696,1.9399081340407287,0.8901145818494238,160.01041666666666,160.05555555555554,0.8821206993795826,1.0141003948110547,124294.90000001533,-89948.89000000001,-101220.65999999328,-148921.3199999935,265919.9900000475,-126334.3899999985,-101220.65999999328,7,8,-89948.89000000001,0.0,0.0,428,350,0.0,-148921.3199999935,0.0,0.0,929,917,297.225,-126334.3899999985,0.0,0.0,548,442,0.0,57.6842999458313,2.6452340665538636,76011.59999999999,0.0,0.0,0.09856242697963975,160.01041666666666,9.149739017877906,14.0
FACTORY_S6,FLOAT_16_16__slip4,S6,FLOAT_16_16,FLOAT_16_16,"{""core_cap"": 16, ""rec_activation"": ""always"", ""rec_anchor"": ""low60"", ""rec_cap"": 16, ""rec_spacing"": ""float"", ""rec_step"": 5.0, ""rec_tp"": 3.0}","{""slippage_ticks"": 4}",402404.79000005056,592.5,402997.29000005056,5,-176571.03999999596,2022-10-13,-182522.5,75514.1799999997,744.8923611111111,24.626878120445532,7035,3.967851099830795,49422.70999999943,1254.9600000000003,17.90840690236775,32.0,32,0.6582254896741856,0.24757159147262278,0.12898512555999786,297.2270833333333,453.9013888888889,297.2270833333333,853868.75,399941.7104397752,25514.179999999702,2.28235213430277,1.0076400622403585,297.2270833333333,298.0965277777778,0.8522278623801467,1.2600112803158487,163863.060000011,-110099.87000000029,-121477.44999999582,-176571.03999999596,360656.00000003533,-159832.86999999883,-121477.44999999582,7,8,-110099.87000000029,0.0,0.0,453,379,0.01597222222222222,-176571.03999999596,297.2270833333333,0.45508913964304604,839,832,453.9013888888889,-159832.86999999883,0.0,0.0,625,479,6.894444444444445,25.940934896469116,2.7078398195149465,96164.26000000001,0.0,0.0,0.12898512555999786,297.2270833333333,10.261724583311153,16.0
FACTORY_S6,FLOAT_16_16__comm+25,S6,FLOAT_16_16,FLOAT_16_16,"{""core_cap"": 16, ""rec_activation"": ""always"", ""rec_anchor"": ""low60"", ""rec_cap"": 16, ""rec_spacing"": ""float"", ""rec_step"": 5.0, ""rec_tp"": 3.0}","{""commission_per_side"": 0.775}",400760.8499999387,560.0,401320.8499999386,4,-168910.0999999941,2022-10-13,-175455.0,75839.47499999922,713.8013888888889,18.698032517712626,7284,4.1082910321489,22707.89999999696,1279.6,16.53977490817296,32.0,32,0.612985786770742,0.20464612617357902,0.07399816766175148,58.80625,453.09444444444443,58.80625,796320.0,368471.6385436133,28339.47499999922,2.3759434752566757,1.0891499046878128,58.80625,58.858333333333334,0.9108855047941342,1.2583192329385222,157603.92500001437,-107283.02500000014,-111819.34999999346,-168910.0999999941,355599.4999999177,-161495.95000000583,-111819.34999999346,7,8,-107283.02500000014,0.0,0.0,439,372,0.0,-168910.0999999941,58.80625,0.26108252645522256,1099,1091,453.09444444444443,-161495.95000000583,0.0,0.0,609,478,6.0125,25.88469362258911,2.849971799210378,95504.1,0.0,0.0,0.07399816766175148,58.80625,11.071483605615809,16.0
FACTORY_S6,FLOAT_16_16__comm+50,S6,FLOAT_16_16,FLOAT_16_16,"{""core_cap"": 16, ""rec_activation"": ""always"", ""rec_anchor"": ""low60"", ""rec_cap"": 16, ""rec_spacing"": ""float"", ""rec_step"": 5.0, ""rec_tp"": 3.0}","{""commission_per_side"": 0.9299999999999999}",398360.520000082,560.0,398920.520000082,4,-169093.6199999929,2022-10-13,-175455.0,75600.61999999965,714.0034722222222,18.526403883830536,7284,4.1082910321489,25108.230000002644,1421.2700000000002,16.53977490817296,32.0,32,0.612985786770742,0.20464612617357902,0.07399816766175148,58.80625,453.09444444444443,58.80625,796320.0,368471.6385436133,28100.619999999646,2.35916955352957,1.082635617701319,58.80625,58.858333333333334,0.9108855047941342,1.2583192329385222,156696.71000001946,-107304.88000000003,-112029.21999999217,-169093.6199999929,354317.6500000546,-161542.13999999827,-112029.21999999217,7,8,-107304.88000000003,0.0,0.0,439,372,0.0,-169093.6199999929,58.80625,0.26108252645522256,1099,1091,453.09444444444443,-161542.13999999827,0.0,0.0,609,478,6.0125,24.02123498916626,2.849971799210378,93937.66999999998,0.0,0.0,0.07399816766175148,58.80625,11.071483605615809,16.0
FACTORY_S6,FLOAT_16_16__pen2,S6,FLOAT_16_16,FLOAT_16_16,"{""core_cap"": 16, ""rec_activation"": ""always"", ""rec_anchor"": ""low60"", ""rec_cap"": 16, ""rec_spacing"": ""float"", ""rec_step"": 5.0, ""rec_tp"": 3.0}","{""penetration_ticks"": 2}",398289.2200000504,560.0,398849.2200000504,4,-172845.40999999538,2022-10-13,-179441.25,75326.89000000013,722.1645833333333,18.416116398097813,7079,3.9926677946982516,20125.779999999508,1160.3400000000001,16.921294908397098,32.0,32,0.6150870921016135,0.23514307087562794,0.10023366515279292,160.01111111111112,453.9013888888889,160.01111111111112,824760.0,377049.6176307222,27826.89000000013,2.3075488090777827,1.0578162696631574,160.01111111111112,160.05555555555554,0.8815566835871405,1.2363226170332768,156345.73000001023,-107259.92000000007,-117452.43999999529,-172845.40999999538,360017.7600000354,-161449.75999999885,-117452.43999999529,7,8,-107259.92000000007,0.0,0.0,439,372,0.0,-172845.40999999538,160.01111111111112,0.35364738561606934,976,968,453.9013888888889,-161449.75999999885,0.0,0.0,607,475,6.0125,26.502877950668335,2.7563451776649748,96186.37000000001,0.0,0.0,0.10023366515279292,160.01111111111112,10.709100893475027,16.0
FACTORY_S6,FLOAT_16_16__roll2x,S6,FLOAT_16_16,FLOAT_16_16,"{""core_cap"": 16, ""rec_activation"": ""always"", ""rec_anchor"": ""low60"", ""rec_cap"": 16, ""rec_spacing"": ""float"", ""rec_step"": 5.0, ""rec_tp"": 3.0}","{""roll_slippage_ticks"": 2.0}",402589.93000005186,560.0,403149.93000005186,4,-168834.07999999524,2022-10-13,-175455.0,76033.32999999987,713.7798611111111,18.87106582829611,7284,4.1082910321489,20878.819999999832,1709.1799999999998,16.53977490817296,32.0,32,0.612985786770742,0.20464612617357902,0.07399816766175148,58.80625,453.09444444444443,58.80625,796320.0,368471.6385436133,28533.32999999987,2.387846873096138,1.094113868827204,58.80625,58.858333333333334,0.9108855047941342,1.2583192329385222,158367.39000001014,-107284.92000000027,-111756.97999999474,-168834.07999999524,356601.3500000364,-161479.75999999885,-111756.97999999474,7,8,-107284.92000000027,0.0,0.0,439,372,0.0,-168834.07999999524,58.80625,0.26108252645522256,1099,1091,453.09444444444443,-161479.75999999885,0.0,0.0,609,478,6.0125,24.12709903717041,2.849971799210378,97070.53,0.0,0.0,0.07399816766175148,58.80625,11.071483605615809,16.0
FACTORY_S6,FLOAT_16_16__neutral,S6,FLOAT_16_16,FLOAT_16_16,"{""core_cap"": 16, ""rec_activation"": ""always"", ""rec_anchor"": ""low60"", ""rec_cap"": 16, ""rec_spacing"": ""float"", ""rec_step"": 5.0, ""rec_tp"": 3.0}","{""penetration_ticks"": 0}",407707.4600000529,560.0,408267.4600000528,4,-168669.04999999522,2022-10-13,-175455.0,76052.24999999988,713.7666666666667,19.135602453062443,7417,4.183305132543711,20572.540000000048,1125.48,16.396027412228477,32.0,32,0.6104572160225933,0.20138630117028697,0.06942992987243676,58.80625,453.09444444444443,58.80625,796320.0,364636.3035937925,28552.249999999884,2.4205238601869423,1.1196566441032865,58.80625,58.858333333333334,0.913141567963903,1.278623801466441,158192.71000001027,-107261.17000000027,-111631.80999999464,-168669.04999999522,361754.63000003714,-161449.75999999885,-111631.80999999464,7,8,-107261.17000000027,0.0,0.0,442,376,0.0,-168669.04999999522,58.80625,0.24496473460753349,1133,1125,453.09444444444443,-161449.75999999885,0.0,0.0,612,482,5.940277777777778,25.19294548034668,2.90468133107727,95829.00000000001,0.0,0.0,0.06942992987243676,58.80625,11.16500850328224,16.0
FACTORY_S6,FLOAT_16_16__tv_like,S6,FLOAT_16_16,FLOAT_16_16,"{""core_cap"": 16, ""rec_activation"": ""always"", ""rec_anchor"": ""low60"", ""rec_cap"": 16, ""rec_spacing"": ""float"", ""rec_step"": 5.0, ""rec_tp"": 3.0}","{""allow_same_bar_tp_after_intrabar_buy"": true, ""penetration_ticks"": 0, ""slippage_ticks"": 0}",396890.1000000537,401.25,397291.35000005364,3,-163719.2799999948,2022-10-13,-171161.25,82092.86999999991,708.1368055555556,17.211714495077718,7498,4.2289904117315285,10414.900000000176,1115.52,16.03419384121416,31.0,32,0.610331137702741,0.1891651093659381,0.03473877972996826,42.97569444444444,453.05694444444447,42.97569444444444,744896.25,356951.2044717178,37092.86999999991,2.4266619667522744,1.1130130533892961,42.97569444444444,45.800694444444446,0.9447264523406655,1.2205301748448956,156995.0700000102,-101232.43000000025,-106778.2499999936,-163719.2799999948,347086.980000037,-144778.5199999988,-106778.2499999936,7,8,-101232.43000000025,0.0,0.0,442,375,0.0,-163719.2799999948,42.97569444444444,0.12256639136430361,1326,1319,453.05694444444447,-144778.5199999988,0.0,0.0,608,480,2.7333333333333334,23.763972282409668,3.008460236886633,98817.09,0.0,0.0,0.03473877972996826,42.97569444444444,11.521331050848787,16.0
FACTORY_S6,FLOAT_16_16__stress_all,S6,FLOAT_16_16,FLOAT_16_16,"{""core_cap"": 16, ""rec_activation"": ""always"", ""rec_anchor"": ""low60"", ""rec_cap"": 16, ""rec_spacing"": ""float"", ""rec_step"": 5.0, ""rec_tp"": 3.0}","{""commission_per_side"": 0.9299999999999999, ""penetration_ticks"": 2, ""roll_slippage_ticks"": 2.0, ""slippage_ticks"": 2}",392087.1900000782,607.5,392694.6900000782,5,-175291.07999999356,2022-10-13,-181212.5,74308.89999999964,744.8930555555555,19.87416263544336,6967,3.9294980259447265,34784.06000000246,2132.04,17.381008682593627,32.0,32,0.6336878468904884,0.2449589685112392,0.11864390159166874,297.21527777777777,453.9013888888889,297.21527777777777,840375.0,387301.74935244775,24308.899999999645,2.2402434282457078,1.0139243901083514,297.21527777777777,298.09236111111113,0.8601240834743373,1.2391426959954879,154301.51000001899,-108772.41000000003,-120187.56999999331,-175291.07999999356,358614.44000005245,-160648.03999999823,-120187.56999999331,7,8,-108772.41000000003,0.0,0.0,440,370,0.0,-175291.07999999356,297.21527777777777,0.4186029270028618,875,868,453.9013888888889,-160648.03999999823,0.0,0.0,615,474,6.0125,26.099968194961548,2.6903553299492384,93332.79999999999,0.0,0.0,0.11864390159166874,297.21527777777777,10.47109444386853,16.0
FACTORY_S6,FLOAT_16_16_S1__base,S6,FLOAT_16_16_S1,FLOAT_16_16_S1,"{""core_cap"": 16, ""rec_activation"": ""always"", ""rec_anchor"": ""low60"", ""rec_cap"": 16, ""rec_spacing"": ""float"", ""rec_step"": 5.0, ""rec_tp"": 3.0, ""state"": {""mult"": [1.0, 1.5, 3.0, Infinity], ""t"": [8, 12, 16]}}",{},341702.2100000477,560.0,342262.2100000477,4,-149787.30999999528,2022-10-13,-156540.0,90901.18000000023,708.2333333333333,20.968521214939162,6814,3.8432036097010718,18932.78999999908,1008.4500000000004,14.563977742973936,29.0,29,0.5562155210816959,0.13321575362615257,0.0,0.0,297.2270833333333,0.0,693656.25,325506.343143861,50901.180000000226,2.284988027357314,1.0514763143917638,58.80625,58.858333333333334,0.9120135363790186,0.9932318104906938,137978.0800000088,-89854.2699999999,-98025.24999999482,-149787.30999999528,302353.71000003366,-130946.73999999888,-98025.24999999482,7,8,-89854.2699999999,0.0,0.0,432,372,0.0,-149787.30999999528,0.0,0.0,1097,1091,297.2270833333333,-130946.73999999888,0.0,0.0,534,478,0.0,24.657883882522583,2.849971799210378,97070.53,0.0,0.0,0.07399816766175148,58.80625,11.071483605615809,16.0
FACTORY_S6,FLOAT_16_16_S1__slip2,S6,FLOAT_16_16_S1,FLOAT_16_16_S1,"{""core_cap"": 16, ""rec_activation"": ""always"", ""rec_anchor"": ""low60"", ""rec_cap"": 16, ""rec_spacing"": ""float"", ""rec_step"": 5.0, ""rec_tp"": 3.0, ""state"": {""mult"": [1.0, 1.5, 3.0, Infinity], ""t"": [8, 12, 16]}}","{""slippage_ticks"": 2}",334475.13000004605,555.0,335030.13000004605,4,-154497.42999999545,2022-10-13,-161052.5,88631.05000000019,714.7784722222223,23.20292541592407,6603,3.72419627749577,27491.119999998748,1015.9200000000003,15.031792749656086,29.0,29,0.5660874535261304,0.15696610734588326,0.0,0.0,297.99861111111113,0.0,693656.25,335505.3637954898,48631.05000000019,2.16851587757839,0.9985835284715943,279.9590277777778,280.2236111111111,0.8657642413987592,0.9825155104342922,137001.08000000898,-90896.83999999991,-104090.73999999528,-154497.42999999545,302159.7500000323,-121709.8199999989,-104090.73999999528,7,8,-90896.83999999991,0.0,0.0,436,372,0.0,-154497.42999999545,0.0,0.0,925,917,297.99861111111113,-121709.8199999989,0.0,0.0,553,477,0.0,24.02569580078125,2.7416807670614776,95073.61000000002,0.0,0.0,0.1119519445479532,279.9590277777778,10.675487012532185,16.0
FACTORY_S6,FLOAT_16_16_S1__slip4,S6,FLOAT_16_16_S1,FLOAT_16_16_S1,"{""core_cap"": 16, ""rec_activation"": ""always"", ""rec_anchor"": ""low60"", ""rec_cap"": 16, ""rec_spacing"": ""float"", ""rec_step"": 5.0, ""rec_tp"": 3.0, ""state"": {""mult"": [1.0, 1.5, 3.0, Infinity], ""t"": [8, 12, 16]}}","{""slippage_ticks"": 4}",330961.28000004543,592.5,331553.78000004543,5,-157406.769999996,2022-10-13,-163402.5,87059.2500000002,722.0097222222222,26.065250767656085,6495,3.6632825719120135,45416.21999999877,1103.0700000000004,15.819888714869677,29.0,29,0.5896416854149797,0.19855374158427214,0.0,0.0,445.9951388888889,0.0,793440.0,354440.3720956458,44559.250000000204,2.1063501906560553,0.935428935591388,297.2270833333333,298.0965277777778,0.853355893965031,0.9554427523970671,142670.1400000095,-91828.03999999989,-107011.32999999583,-157406.769999996,295926.1700000317,-130686.10999999882,-107011.32999999583,7,8,-91828.03999999989,0.0,0.0,447,379,0.0,-157406.769999996,0.0,0.0,840,832,445.9951388888889,-130686.10999999882,0.0,0.0,550,479,0.004166666666666667,24.662136554718018,2.7078398195149465,96164.26000000001,0.0,0.0,0.12898512555999786,297.2270833333333,10.261724583311153,16.0
FACTORY_S6,FLOAT_16_16_S1__comm+25,S6,FLOAT_16_16_S1,FLOAT_16_16_S1,"{""core_cap"": 16, ""rec_activation"": ""always"", ""rec_anchor"": ""low60"", ""rec_cap"": 16, ""rec_spacing"": ""float"", ""rec_step"": 5.0, ""rec_tp"": 3.0, ""state"": {""mult"": [1.0, 1.5, 3.0, Infinity], ""t"": [8, 12, 16]}}","{""commission_per_side"": 0.775}",339463.6999999938,560.0,340023.6999999938,4,-149967.57499999407,2022-10-13,-156540.0,90670.8499999994,708.7118055555555,20.762273062216792,6814,3.8432036097010718,21171.299999997304,1134.0000000000002,14.563977742973936,29.0,29,0.5562155210816959,0.13321575362615257,0.0,0.0,297.2270833333333,0.0,693656.25,325506.343143861,50670.849999999395,2.2673147845459742,1.0445993055493752,58.80625,58.858333333333334,0.9120135363790186,0.9932318104906938,137126.97500001197,-89876.90000000017,-98230.62499999354,-149967.57499999407,301173.0749999753,-130989.67499999859,-98230.62499999354,7,8,-89876.90000000017,0.0,0.0,432,372,0.0,-149967.57499999407,0.0,0.0,1097,1091,297.2270833333333,-130989.67499999859,0.0,0.0,534,478,0.0,27.596243858337402,2.849971799210378,95504.1,0.0,0.0,0.07399816766175148,58.80625,11.071483605615809,16.0
FACTORY_S6,FLOAT_16_16_S1__pen2,S6,FLOAT_16_16_S1,FLOAT_16_16_S1,"{""core_cap"": 16, ""rec_activation"": ""always"", ""rec_anchor"": ""low60"", ""rec_cap"": 16, ""rec_spacing"": ""float"", ""rec_step"": 5.0, ""rec_tp"": 3.0, ""state"": {""mult"": [1.0, 1.5, 3.0, Infinity], ""t"": [8, 12, 16]}}","{""penetration_ticks"": 2}",333491.34000004584,560.0,334051.34000004584,4,-153806.13999999536,2022-10-13,-160426.25,89747.2100000002,713.8069444444444,22.671826683554304,6598,3.7213761985335587,18718.65999999875,1018.4100000000002,14.984476957085741,29.0,29,0.5624199752886493,0.15694509429257456,0.0,0.0,297.99861111111113,0.0,693656.25,334667.2309698785,49747.210000000196,2.171898599107005,0.9981596914402172,160.01111111111112,160.05555555555554,0.8815566835871405,0.9650310208685843,133918.73000000836,-89853.01999999987,-103374.44999999524,-153806.13999999536,303568.89000003267,-130946.73999999883,-103374.44999999524,7,8,-89853.01999999987,0.0,0.0,432,372,0.0,-153806.13999999536,0.0,0.0,976,968,297.99861111111113,-130946.73999999883,0.0,0.0,537,475,0.0,25.560741662979126,2.7563451776649748,96186.37000000001,0.0,0.0,0.10023366515279292,160.01111111111112,10.709100893475027,16.0
FACTORY_S6,FLOAT_16_16_S1__comm+50,S6,FLOAT_16_16_S1,FLOAT_16_16_S1,"{""core_cap"": 16, ""rec_activation"": ""always"", ""rec_anchor"": ""low60"", ""rec_cap"": 16, ""rec_spacing"": ""float"", ""rec_step"": 5.0, ""rec_tp"": 3.0, ""state"": {""mult"": [1.0, 1.5, 3.0, Infinity], ""t"": [8, 12, 16]}}","{""commission_per_side"": 0.9299999999999999}",337225.1900000749,560.0,337785.1900000749,4,-150147.83999999292,2022-10-13,-156540.0,90440.51999999967,708.7472222222223,20.55774643167295,6814,3.8432036097010718,23409.81000000237,1259.55,14.563977742973936,29.0,29,0.5562155210816959,0.13321575362615257,0.0,0.0,297.2270833333333,0.0,693656.25,325506.343143861,50440.51999999967,2.249683978138419,1.0377222967074013,58.80625,58.858333333333334,0.9120135363790186,0.9932318104906938,136275.87000001653,-89899.53000000003,-98435.9999999922,-150147.83999999292,299992.4400000505,-131032.60999999836,-98435.9999999922,7,8,-89899.53000000003,0.0,0.0,432,372,0.0,-150147.83999999292,0.0,0.0,1097,1091,297.2270833333333,-131032.60999999836,0.0,0.0,534,478,0.0,26.020591259002686,2.849971799210378,93937.66999999998,0.0,0.0,0.07399816766175148,58.80625,11.071483605615809,16.0
FACTORY_S6,FLOAT_16_16_S1__roll2x,S6,FLOAT_16_16_S1,FLOAT_16_16_S1,"{""core_cap"": 16, ""rec_activation"": ""always"", ""rec_anchor"": ""low60"", ""rec_cap"": 16, ""rec_spacing"": ""float"", ""rec_step"": 5.0, ""rec_tp"": 3.0, ""state"": {""mult"": [1.0, 1.5, 3.0, Infinity], ""t"": [8, 12, 16]}}","{""roll_slippage_ticks"": 2.0}",341195.9600000477,560.0,341755.9600000477,4,-149883.55999999528,2022-10-13,-156540.0,90859.93000000023,708.7111111111111,20.968521214939162,6814,3.8432036097010718,19439.03999999908,1514.7,14.563977742973936,29.0,29,0.5562155210816959,0.13321575362615257,0.0,0.0,297.2270833333333,0.0,693656.25,325506.343143861,50859.930000000226,2.280143065724209,1.0499210451607237,58.80625,58.858333333333334,0.9120135363790186,0.9932318104906938,137844.3300000088,-89874.2699999999,-98157.74999999482,-149883.55999999528,302113.71000003366,-130970.48999999888,-98157.74999999482,7,8,-89874.2699999999,0.0,0.0,432,372,0.0,-149883.55999999528,0.0,0.0,1097,1091,297.2270833333333,-130970.48999999888,0.0,0.0,534,478,0.0,24.379944801330566,2.849971799210378,97070.53,0.0,0.0,0.07399816766175148,58.80625,11.071483605615809,16.0
FACTORY_S6,CAP16__base,S6,CAP16,CAP16,"{""cap_total"": 16}",{},306436.7600000153,560.0,306996.7600000153,4,-106662.93,2025-04-06,-103278.75,83992.19000000003,758.9513888888889,14.580323781949987,2231,1.2583192329385222,6890.739999999701,791.8200000000004,11.611258513788766,16.0,16,0.5994323673866205,0.0,0.0,0.0,0.0,762.8027777777778,595760.0,262432.1600805921,43992.19000000003,2.8781954517845643,1.1698137907554378,762.8027777777778,762.8034722222222,0.32430908065425834,1.2583192329385222,120680.67000000301,-90061.67000000001,-73508.60999999987,-102010.09999999992,259897.19000001217,-106662.93,-73508.60999999987,7,8,-90061.67000000001,0.0,0.0,67,0,0.0,-102010.09999999992,0.0,0.0,8,0,0.0,-106662.93,0.0,0.0,131,0,0.0,19.897199392318726,,,,,,,,
FACTORY_S6,FLOAT_16_16_S1__stress_all,S6,FLOAT_16_16_S1,FLOAT_16_16_S1,"{""core_cap"": 16, ""rec_activation"": ""always"", ""rec_anchor"": ""low60"", ""rec_cap"": 16, ""rec_spacing"": ""float"", ""rec_step"": 5.0, ""rec_tp"": 3.0, ""state"": {""mult"": [1.0, 1.5, 3.0, Infinity], ""t"": [8, 12, 16]}}","{""commission_per_side"": 0.9299999999999999, ""penetration_ticks"": 2, ""roll_slippage_ticks"": 2.0, ""slippage_ticks"": 2}",328218.0900000708,607.5,328825.5900000708,5,-156185.2999999936,2022-10-13,-162148.75,86596.63999999966,722.1652777777778,24.515665102412786,6477,3.6531302876480543,32166.910000002175,1805.04,15.254313979844278,29.0,29,0.5668215095217148,0.17511998453439276,0.0,0.0,298.73819444444445,0.0,727320.0,340306.0261479431,44096.639999999665,2.1053555616315,0.9662643759858623,297.21527777777777,298.09236111111113,0.8601240834743373,0.9627749576988156,134200.9900000164,-91557.47000000003,-105832.13999999338,-156185.2999999936,300499.1800000477,-121820.9799999983,-105832.13999999338,7,8,-91557.47000000003,0.0,0.0,430,370,0.0,-156185.2999999936,0.0,0.0,876,868,298.73819444444445,-121820.9799999983,0.0,0.0,549,474,0.0,28.008256435394287,2.6903553299492384,93332.79999999999,0.0,0.0,0.11864390159166874,297.21527777777777,10.47109444386853,16.0
FACTORY_S6,FLOAT_16_16_S1__tv_like,S6,FLOAT_16_16_S1,FLOAT_16_16_S1,"{""core_cap"": 16, ""rec_activation"": ""always"", ""rec_anchor"": ""low60"", ""rec_cap"": 16, ""rec_spacing"": ""float"", ""rec_step"": 5.0, ""rec_tp"": 3.0, ""state"": {""mult"": [1.0, 1.5, 3.0, Infinity], ""t"": [8, 12, 16]}}","{""allow_same_bar_tp_after_intrabar_buy"": true, ""penetration_ticks"": 0, ""slippage_ticks"": 0}",344714.4100000502,401.25,345115.6600000502,3,-144920.0099999949,2022-10-13,-152386.25,92238.88000000027,707.9479166666666,18.545918797236727,7116,4.013536379018612,9786.839999999564,961.1400000000002,14.181552780587301,28.0,29,0.5522762740214221,0.12073259909055506,0.0,0.0,297.225,0.0,682950.0,316790.1949450999,52238.88000000027,2.3814217236119593,1.0894139575874788,42.97569444444444,45.800694444444446,0.9452904681331077,1.0050761421319796,139212.88000000897,-88931.8299999999,-92940.2599999936,-144920.0099999949,298891.1100000348,-120744.85999999882,-92940.2599999936,7,8,-88931.8299999999,0.0,0.0,438,375,0.0,-144920.0099999949,0.0,0.0,1326,1319,297.225,-120744.85999999882,0.0,0.0,548,480,0.0,28.088184118270874,3.008460236886633,98817.09,0.0,0.0,0.03473877972996826,42.97569444444444,11.521331050848787,16.0
FACTORY_S6,FLOAT_16_16_S1__neutral,S6,FLOAT_16_16_S1,FLOAT_16_16_S1,"{""core_cap"": 16, ""rec_activation"": ""always"", ""rec_anchor"": ""low60"", ""rec_cap"": 16, ""rec_spacing"": ""float"", ""rec_step"": 5.0, ""rec_tp"": 3.0, ""state"": {""mult"": [1.0, 1.5, 3.0, Infinity], ""t"": [8, 12, 16]}}","{""penetration_ticks"": 0}",338173.0700000484,560.0,338733.0700000484,4,-149729.77999999525,2022-10-13,-156540.0,90217.57000000018,708.2333333333333,20.614622074917055,6908,3.8962210941906372,19054.42999999923,988.5300000000003,14.502850770898883,29.0,29,0.5596280409390313,0.13312329619159421,0.0,0.0,297.2263888888889,0.0,682950.0,323811.4629235181,50217.57000000018,2.262295917352307,1.046081157664436,58.80625,58.858333333333334,0.9137055837563451,0.9915397631133672,137583.34000000893,-89845.5199999999,-97653.81999999465,-149729.77999999525,298851.62000003405,-130946.73999999888,-97653.81999999465,7,8,-89845.5199999999,0.0,0.0,435,376,0.0,-149729.77999999525,0.0,0.0,1133,1125,297.2263888888889,-130946.73999999888,0.0,0.0,549,482,0.0,28.19510269165039,2.90468133107727,95829.00000000001,0.0,0.0,0.06942992987243676,58.80625,11.16500850328224,16.0
FACTORY_S6,CAP16__slip2,S6,CAP16,CAP16,"{""cap_total"": 16}","{""slippage_ticks"": 2}",302400.46000001533,555.0,302955.46000001533,4,-106671.68,2025-04-06,-103298.75,83075.93000000005,758.9645833333333,16.03530236003558,2209,1.2459108855047942,10068.289999999704,834.1500000000004,11.827809235096842,16.0,16,0.6116059296034697,0.0,0.0,0.0,0.0,762.8069444444444,598680.0,267649.51708151103,43075.93000000005,2.8400739540243047,1.1319111026370807,762.8069444444444,762.8076388888888,0.3141567963902989,1.2459108855047942,119646.91000000306,-90906.04999999999,-73787.98999999987,-102071.34999999992,257137.16000001214,-106671.68,-73787.98999999987,7,8,-90906.04999999999,0.0,0.0,74,0,0.0,-102071.34999999992,0.0,0.0,7,0,0.0,-106671.68,0.0,0.0,127,0,0.0,20.497358322143555,,,,,,,,
FACTORY_S6,CAP16__slip4,S6,CAP16,CAP16,"{""cap_total"": 16}","{""slippage_ticks"": 4}",306644.530000016,542.5,307187.030000016,4,-105005.40999999992,2025-04-06,-101758.75,83663.61000000007,758.9722222222222,18.998266890646125,2234,1.2600112803158487,16856.7199999997,851.5800000000005,12.170131485678903,16.0,16,0.6289318924916157,0.0,0.0,0.0,0.0,762.8215277777778,595100.0,275810.15214851464,43663.61000000007,2.92544003208993,1.1137625921565277,762.8215277777778,762.8222222222222,0.2961082910321489,1.2600112803158487,124805.07000000344,-92266.68,-74036.73999999987,-102246.34999999992,256483.6900000124,-105005.40999999992,-74036.73999999987,7,8,-92266.68,0.0,0.0,74,0,0.0,-102246.34999999992,0.0,0.0,7,0,0.0,-105005.40999999992,0.0,0.0,146,0,0.0,20.078132390975952,,,,,,,,
FACTORY_S6,CAP16__comm+50,S6,CAP16,CAP16,"{""cap_total"": 16}","{""commission_per_side"": 0.9299999999999999}",304855.1400000243,560.0,305415.1400000243,4,-106675.01999999996,2025-04-06,-103278.75,83856.40999999992,758.9715277777777,14.408221750801271,2231,1.2583192329385222,8472.359999999704,988.9799999999999,11.611258513788766,16.0,16,0.5994323673866205,0.0,0.0,0.0,0.0,762.8027777777778,595760.0,262432.1600805921,43856.409999999916,2.8630427254667907,1.1637870141610398,762.8027777777778,762.8034722222222,0.32430908065425834,1.2583192329385222,120057.88000000583,-90074.38,-73556.0399999998,-102042.64999999997,258986.41000001825,-106675.01999999996,-73556.0399999998,7,8,-90074.38,0.0,0.0,67,0,0.0,-102042.64999999997,0.0,0.0,8,0,0.0,-106675.01999999996,0.0,0.0,131,0,0.0,20.01149582862854,,,,,,,,
FACTORY_S6,CAP16__comm+25,S6,CAP16,CAP16,"{""cap_total"": 16}","{""commission_per_side"": 0.775}",305645.95000000094,560.0,306205.95000000094,4,-106668.97499999998,2025-04-06,-103278.75,83924.29999999987,758.9520833333333,14.493924113598494,2231,1.2583192329385222,7681.550000000265,890.3999999999996,11.611258513788766,16.0,16,0.5994323673866205,0.0,0.0,0.0,0.0,762.8027777777778,595760.0,262432.1600805921,43924.29999999987,2.8706186592680862,1.1668004024581669,762.8027777777778,762.8034722222222,0.32430908065425834,1.2583192329385222,120369.2750000041,-90068.02500000002,-73532.3249999999,-102026.37499999994,259441.79999999673,-106668.97499999998,-73532.3249999999,7,8,-90068.02500000002,0.0,0.0,67,0,0.0,-102026.37499999994,0.0,0.0,8,0,0.0,-106668.97499999998,0.0,0.0,131,0,0.0,20.11373782157898,,,,,,,,
FACTORY_S6,CAP16__pen2,S6,CAP16,CAP16,"{""cap_total"": 16}","{""penetration_ticks"": 2}",302468.880000015,560.0,303028.880000015,4,-106662.92999999993,2025-04-06,-103278.75,83179.61000000004,758.9513888888889,14.222388871182437,2192,1.2363226170332768,6886.119999999709,794.3100000000004,11.630395801872123,16.0,16,0.5991900168384601,0.0,0.0,0.0,0.0,762.8027777777778,598580.0,263214.91525785817,43179.610000000044,2.8409952736158215,1.1512602912458556,762.8027777777778,762.8034722222222,0.32261703327693175,1.2363226170332768,118360.48000000289,-90061.66999999998,-73508.60999999987,-102010.09999999992,258249.500000012,-106662.92999999993,-73508.60999999987,7,8,-90061.66999999998,0.0,0.0,67,0,0.0,-102010.09999999992,0.0,0.0,8,0,0.0,-106662.92999999993,0.0,0.0,132,0,0.0,19.471338748931885,,,,,,,,
FACTORY_S6,CAP16__roll2x,S6,CAP16,CAP16,"{""cap_total"": 16}","{""roll_slippage_ticks"": 2.0}",306039.2600000153,560.0,306599.2600000153,4,-106682.93,2025-04-06,-103278.75,83957.19000000003,758.9722222222222,14.580323781949987,2231,1.2583192329385222,7288.239999999701,1189.3200000000004,11.611258513788766,16.0,16,0.5994323673866205,0.0,0.0,0.0,0.0,762.8027777777778,595760.0,262432.1600805921,43957.19000000003,2.873929878004057,1.1682991135913359,762.8027777777778,762.8034722222222,0.32430908065425834,1.2583192329385222,120563.17000000301,-90081.67000000001,-73588.60999999987,-102070.09999999992,259697.19000001217,-106682.93,-73588.60999999987,7,8,-90081.67000000001,0.0,0.0,67,0,0.0,-102070.09999999992,0.0,0.0,8,0,0.0,-106682.93,0.0,0.0,131,0,0.0,19.898316860198975,,,,,,,,
FACTORY_S6,CAP16__neutral,S6,CAP16,CAP16,"{""cap_total"": 16}","{""penetration_ticks"": 0}",312217.1000000157,560.0,312777.1000000157,4,-106662.92999999993,2025-04-06,-103278.75,83899.68000000005,758.9513888888889,14.8847069521919,2267,1.278623801466441,6965.399999999692,786.8400000000004,11.561035915510715,16.0,16,0.5976182404509681,0.0,0.0,0.0,0.0,762.8027777777778,595760.0,261030.99908663263,43899.68000000005,2.9323880377185954,1.1982373782977755,762.8027777777778,762.8034722222222,0.32825719120135366,1.278623801466441,120274.37000000302,-90061.66999999998,-73508.60999999987,-102010.09999999998,266083.83000001253,-106662.92999999993,-73508.60999999987,7,8,-90061.66999999998,0.0,0.0,66,0,0.0,-102010.09999999998,0.0,0.0,8,0,0.0,-106662.92999999993,0.0,0.0,130,0,0.0,19.92745542526245,,,,,,,,
FACTORY_S6,CAP16__tv_like,S6,CAP16,CAP16,"{""cap_total"": 16}","{""allow_same_bar_tp_after_intrabar_buy"": true, ""penetration_ticks"": 0, ""slippage_ticks"": 0}",298376.79000001476,401.25,298778.04000001476,3,-106651.68,2025-04-06,-103256.25,84010.92000000004,758.9326388888888,13.18667845727662,2164,1.2205301748448956,3496.959999999715,811.7400000000004,11.55552489206295,16.0,16,0.5971055219502355,0.0,0.0,0.0,0.0,762.7673611111111,594640.0,261201.73051424546,44010.92000000004,2.801437727000782,1.1438593435494868,762.7673611111111,762.7680555555555,0.3260011280315849,1.2205301748448956,119065.52000000299,-89981.66999999998,-73199.23999999987,-101491.96999999997,252949.88000001165,-106651.68,-73199.23999999987,7,8,-89981.66999999998,0.0,0.0,67,0,0.0,-101491.96999999997,0.0,0.0,7,0,0.0,-106651.68,0.0,0.0,128,0,0.0,19.913456439971924,,,,,,,,
FACTORY_S6,CAP16__stress_all,S6,CAP16,CAP16,"{""cap_total"": 16}","{""commission_per_side"": 0.9299999999999999, ""penetration_ticks"": 2, ""roll_slippage_ticks"": 2.0, ""slippage_ticks"": 2}",299422.400000024,555.0,299977.400000024,4,-105844.37999999995,2025-04-06,-102175.0,82887.04999999993,763.7354166666667,15.405690440351297,2197,1.2391426959954879,12045.099999999686,1464.96,11.852103126462158,16.0,16,0.6092384589306877,0.0,0.0,0.0,0.0,762.8069444444444,594640.0,268063.7760701948,42887.04999999993,2.8341363046391708,1.1190523553673748,762.8069444444444,762.8076388888888,0.311336717428088,1.2391426959954879,116477.58000000543,-90938.44999999998,-73915.10999999981,-102163.8999999999,257455.86000001838,-105844.37999999995,-73915.10999999981,7,8,-90938.44999999998,0.0,0.0,70,0,0.0,-102163.8999999999,0.0,0.0,7,0,0.0,-105844.37999999995,0.0,0.0,141,0,0.0,19.09386134147644,,,,,,,,
FACTORY_S6,CAP20_add__base,S6,CAP20_add,CAP20_add,"{""add_trigger"": ""armed"", ""cap_total"": 20, ""reversal"": ""ll_fail""}",{},388888.23000002065,986.25,389874.4800000207,7,-131469.11999999994,2025-04-06,-127102.5,70653.87000000011,751.0534722222222,10.966869709185435,2746,1.5487873660462492,8564.269999999588,961.1399999999999,13.928040098509195,20.0,20,0.5819383000720048,0.0,0.0,0.0,0.0,756.1326388888889,716575.0,313660.6685635617,20653.87000000011,2.9655213330706167,1.2429817285842286,756.1326388888889,756.1333333333333,0.3542019176536943,1.5487873660462492,152852.34000000526,-107414.06,-89484.66999999981,-124949.39999999997,326601.17000001523,-131469.11999999994,-89484.66999999981,7,8,-107414.06,0.0,0.0,119,0,0.0,-124949.39999999997,0.0,0.0,10,0,0.0,-131469.11999999994,0.0,0.0,168,0,0.0,19.64944815635681,,,,,,,,
FACTORY_S6,CAP20_add__slip2,S6,CAP20_add,CAP20_add,"{""add_trigger"": ""armed"", ""cap_total"": 20, ""reversal"": ""ll_fail""}","{""slippage_ticks"": 2}",375198.8500000198,977.5,376176.3500000199,7,-131482.87,2025-04-06,-127137.5,67495.00000000006,758.8284722222222,11.858510994762586,2655,1.49746192893401,12543.649999999609,1030.86,14.309296735131865,20.0,20,0.6074495476590058,0.0,0.0,0.0,0.0,757.1694444444445,716575.0,323278.61690156924,17495.00000000006,2.861029349298657,1.1636289266684061,757.1694444444445,757.1701388888889,0.3333333333333333,1.49746192893401,145922.110000005,-107470.31,-90094.66999999981,-125599.95999999996,320447.0200000147,-131482.87,-90094.66999999981,7,8,-107470.31,0.0,0.0,126,0,0.0,-125599.95999999996,0.0,0.0,10,0,0.0,-131482.87,0.0,0.0,175,0,0.0,19.707000732421875,,,,,,,,
FACTORY_S6,CAP20_add__slip4,S6,CAP20_add,CAP20_add,"{""add_trigger"": ""armed"", ""cap_total"": 20, ""reversal"": ""ll_fail""}","{""slippage_ticks"": 4}",366032.9800000194,1073.75,367106.7300000194,8,-130870.35999999987,2025-04-06,-126277.5,65013.800000000076,758.925,12.267265993385879,2628,1.482233502538071,20037.019999999615,1035.84,14.807802006606504,20.0,20,0.6433748644658062,0.0,0.0,0.0,0.0,762.0118055555556,747300.0,334937.6656056242,15013.800000000076,2.8051174459978547,1.0960449292444554,762.0118055555556,762.0125,0.31810490693739424,1.482233502538071,152427.55000000523,-110303.42999999996,-90442.1599999998,-126451.83999999991,305240.700000014,-130870.35999999987,-90442.1599999998,7,8,-110303.42999999996,0.0,0.0,94,0,0.0,-126451.83999999991,0.0,0.0,12,0,0.0,-130870.35999999987,0.0,0.0,174,0,0.0,19.733060359954834,,,,,,,,
FACTORY_S6,CAP20_add__comm+25,S6,CAP20_add,CAP20_add,"{""add_trigger"": ""armed"", ""cap_total"": 20, ""reversal"": ""ll_fail""}","{""commission_per_side"": 0.775}",387916.2249999714,986.25,388902.47499997145,7,-131477.02500000026,2025-04-06,-127102.5,70572.64999999979,751.0534722222222,10.915172284591693,2746,1.5487873660462492,9536.27500000026,1080.8000000000002,13.928040098509195,20.0,20,0.5819383000720048,0.0,0.0,0.0,0.0,756.1326388888889,716575.0,313660.6685635617,20572.64999999979,2.9579500677017196,1.2398828223538088,756.1326388888889,756.1333333333333,0.3542019176536943,1.5487873660462492,152469.8000000068,-107423.82500000001,-89514.27499999985,-124968.0,326041.7749999645,-131477.02500000026,-89514.27499999985,7,8,-107423.82500000001,0.0,0.0,119,0,0.0,-124968.0,0.0,0.0,10,0,0.0,-131477.02500000026,0.0,0.0,168,0,0.0,20.149967908859253,,,,,,,,
FACTORY_S6,CAP20_add__roll2x,S6,CAP20_add,CAP20_add,"{""add_trigger"": ""armed"", ""cap_total"": 20, ""reversal"": ""ll_fail""}","{""roll_slippage_ticks"": 2.0}",388405.73000002065,986.25,389391.9800000207,7,-131494.11999999994,2025-04-06,-127102.5,70608.87000000011,751.0597222222223,10.966869709185435,2746,1.5487873660462492,9046.769999999588,1443.6399999999996,13.928040098509195,20.0,20,0.5819383000720048,0.0,0.0,0.0,0.0,756.1326388888889,716575.0,313660.6685635617,20608.87000000011,2.9612881549381895,1.241443441995063,756.1326388888889,756.1333333333333,0.3542019176536943,1.5487873660462492,152703.59000000532,-107439.06,-89584.66999999981,-125024.40000000002,326367.4200000152,-131494.11999999994,-89584.66999999981,7,8,-107439.06,0.0,0.0,119,0,0.0,-125024.40000000002,0.0,0.0,10,0,0.0,-131494.11999999994,0.0,0.0,168,0,0.0,20.399322748184204,,,,,,,,
FACTORY_S6,CAP20_add__pen2,S6,CAP20_add,CAP20_add,"{""add_trigger"": ""armed"", ""cap_total"": 20, ""reversal"": ""ll_fail""}","{""penetration_ticks"": 2}",383752.9400000204,986.25,384739.19000002043,7,-131469.11999999994,2025-04-06,-127102.5,69953.8000000001,751.0534722222222,11.073340329247847,2709,1.5279187817258884,8650.809999999596,981.0599999999998,13.936788533036722,20.0,20,0.5817155617069324,0.0,0.0,0.0,0.0,756.1326388888889,716575.0,314127.3741160509,19953.800000000105,2.926460525483251,1.2247872095918733,756.1326388888889,756.1333333333333,0.350253807106599,1.5279187817258884,148374.46000000497,-107417.81,-89484.66999999981,-124949.3999999999,325943.76000001526,-131469.11999999994,-89484.66999999981,7,8,-107417.81,0.0,0.0,119,0,0.0,-124949.3999999999,0.0,0.0,10,0,0.0,-131469.11999999994,0.0,0.0,168,0,0.0,20.44718885421753,,,,,,,,
FACTORY_S6,CAP20_add__comm+50,S6,CAP20_add,CAP20_add,"{""add_trigger"": ""armed"", ""cap_total"": 20, ""reversal"": ""ll_fail""}","{""commission_per_side"": 0.9299999999999999}",386944.22000003164,986.25,387930.47000003164,7,-131484.92999999993,2025-04-06,-127102.5,70491.4299999999,751.0555555555555,10.86378012744732,2746,1.5487873660462492,10508.280000000004,1200.4600000000005,13.928040098509195,20.0,20,0.5819383000720048,0.0,0.0,0.0,0.0,756.1326388888889,716575.0,313660.6685635617,20491.429999999906,2.950379712717129,1.236783916123738,756.1326388888889,756.1333333333333,0.3542019176536943,1.5487873660462492,152087.26000000897,-107433.59,-89543.87999999983,-124986.60000000003,325482.3800000225,-131484.92999999993,-89543.87999999983,7,8,-107433.59,0.0,0.0,119,0,0.0,-124986.60000000003,0.0,0.0,10,0,0.0,-131484.92999999993,0.0,0.0,168,0,0.0,20.597503900527954,,,,,,,,
FACTORY_S6,CAP20_add__neutral,S6,CAP20_add,CAP20_add,"{""add_trigger"": ""armed"", ""cap_total"": 20, ""reversal"": ""ll_fail""}","{""penetration_ticks"": 0}",397353.9500000213,986.25,398340.2000000214,7,-131469.11999999994,2025-04-06,-127102.5,70750.11000000013,751.0534722222222,10.670987145638252,2822,1.5916525662718557,8742.29999999957,951.18,13.808449208648412,20.0,20,0.5735695013742537,0.0,0.0,0.0,0.0,756.1326388888889,716575.0,310219.7830752463,20750.11000000013,3.0299145533188443,1.284058018644803,756.1326388888889,756.1333333333333,0.3632261703327693,1.5916525662718557,149418.29000000504,-107411.55999999997,-89484.66999999981,-124949.40000000002,338500.9400000161,-131469.11999999994,-89484.66999999981,7,8,-107411.55999999997,0.0,0.0,118,0,0.0,-124949.40000000002,0.0,0.0,10,0,0.0,-131469.11999999994,0.0,0.0,173,0,0.0,19.90239906311035,,,,,,,,
FACTORY_S6,CAP20_add__stress_all,S6,CAP20_add,CAP20_add,"{""add_trigger"": ""armed"", ""cap_total"": 20, ""reversal"": ""ll_fail""}","{""commission_per_side"": 0.9299999999999999, ""penetration_ticks"": 2, ""roll_slippage_ticks"": 2.0, ""slippage_ticks"": 2}",365770.6800000298,977.5,366748.1800000298,7,-131523.67999999993,2025-04-06,-127123.75,67297.49999999991,758.8597222222222,11.583459223743462,2605,1.4692611393119008,14849.319999999921,1813.7600000000004,14.316537833302048,20.0,20,0.6076344625281225,0.0,0.0,0.0,0.0,757.1694444444445,716375.0,323492.0089109355,17297.499999999913,2.7884574093427887,1.1337163512468826,757.1694444444445,757.1701388888889,0.3305132543711224,1.4692611393119008,145245.07000000845,-107514.84,-90253.87999999983,-125716.18999999994,311856.03000002116,-131523.67999999993,-90253.87999999983,7,8,-107514.84,0.0,0.0,127,0,0.0,-125716.18999999994,0.0,0.0,10,0,0.0,-131523.67999999993,0.0,0.0,172,0,0.0,20.136930465698242,,,,,,,,
FACTORY_S6,CAP20_add__tv_like,S6,CAP20_add,CAP20_add,"{""add_trigger"": ""armed"", ""cap_total"": 20, ""reversal"": ""ll_fail""}","{""allow_same_bar_tp_after_intrabar_buy"": true, ""penetration_ticks"": 0, ""slippage_ticks"": 0}",390965.450000021,823.75,391789.200000021,6,-131455.36999999994,2025-04-06,-127077.5,70485.06000000011,751.0534722222222,10.02584456047804,2784,1.5702199661590523,4409.549999999579,953.6699999999998,13.546019987616308,20.0,20,0.5604867743842475,0.0,0.0,0.0,0.0,756.0659722222222,716500.0,303395.9186399091,20485.060000000114,2.980397073166514,1.2913463099845552,756.0659722222222,756.0666666666667,0.37055837563451777,1.5702199661590523,143671.0500000047,-107390.31,-89519.05999999982,-124949.3999999999,337701.57000001613,-131455.36999999994,-89519.05999999982,7,8,-107390.31,0.0,0.0,108,0,0.0,-124949.3999999999,0.0,0.0,7,0,0.0,-131455.36999999994,0.0,0.0,155,0,0.0,20.162259340286255,,,,,,,,
FACTORY_S6,QC24_gov__base,S6,QC24_gov,QC24_gov,"{""core_cap"": 24, ""gov"": ""atr_spike"", ""gov_action"": ""core"", ""gov_x"": 1.5, ""rec_activation"": ""core_full"", ""rec_anchor"": ""runhigh"", ""rec_cap"": 8, ""rec_spacing"": ""ladder"", ""rec_step"": 5.0, ""rec_tp"": 3.0, ""recovery"": {""confirm"": ""vwap"", ""h"": 24, ""layer_x"": 5.0, ""rec_step"": 10.0, ""rec_tp"": 2.0}}",{},291383.25000001694,560.0,291943.25000001694,4,-112561.48999999976,2025-04-06,-107792.5,107184.22000000012,758.8604166666667,11.74432131761326,2444,1.3784545967287085,7315.4999999996535,632.46,9.797600869660233,19.0,32,0.11385152456706106,0.0018841704466814786,1.400870220581025e-06,0.0006944444444444445,3.811111111111111,0.0006944444444444445,930880.0,224373.09016736195,42443.59000000011,2.593633488682653,1.301150907991033,477.0798611111111,484.0104166666667,0.39199097574732095,1.2662154540327129,111853.92000000249,-68940.99999999997,-53808.25999999943,-75767.8399999995,233970.08000001387,-112561.48999999976,-53808.25999999943,7,8,-68940.99999999997,0.0,0.0,84,16,0.008333333333333333,-75767.8399999995,0.0,0.0,61,0,0.0,-112561.48999999976,0.0,0.0,117,4,0.004861111111111111,43.23888564109802,0.11223914269599548,2578.2400000000002,0.0,0.0,1.400870220581025e-06,0.0006944444444444445,7.9942228112103235,8.0
FACTORY_S6,QC24_gov__slip2,S6,QC24_gov,QC24_gov,"{""core_cap"": 24, ""gov"": ""atr_spike"", ""gov_action"": ""core"", ""gov_x"": 1.5, ""rec_activation"": ""core_full"", ""rec_anchor"": ""runhigh"", ""rec_cap"": 8, ""rec_spacing"": ""ladder"", ""rec_step"": 5.0, ""rec_tp"": 3.0, ""recovery"": {""confirm"": ""vwap"", ""h"": 24, ""layer_x"": 5.0, ""rec_step"": 10.0, ""rec_tp"": 2.0}}","{""slippage_ticks"": 2}",293859.48000001785,555.0,294414.48000001785,4,-112559.01999999979,2025-04-06,-107813.75,93645.55000000005,758.8604166666667,12.22175356456064,2558,1.4427523970671179,11428.01999999963,654.87,10.027207701424125,19.0,32,0.11570487586888975,0.0026574508084422042,1.400870220581025e-06,0.0006944444444444445,3.811111111111111,0.0006944444444444445,932995.0,229057.40122464075,28903.670000000042,2.615645374311347,1.2853305696561197,477.0798611111111,484.01944444444445,0.3948110547095319,1.281443880428652,110334.77000000246,-80413.45999999996,-53745.69999999937,-75684.02999999945,237874.78000001475,-112559.01999999979,-53745.69999999937,7,8,-80413.45999999996,0.0,0.0,84,19,0.008333333333333333,-75684.02999999945,0.0,0.0,67,5,0.03194444444444444,-112559.01999999979,0.0,0.0,116,0,0.0,46.56970977783203,0.16130851663846588,3322.8600000000006,0.0,0.0,1.400870220581025e-06,0.0006944444444444445,7.992505344319891,8.0
FACTORY_S6,QC24_gov__comm+25,S6,QC24_gov,QC24_gov,"{""core_cap"": 24, ""gov"": ""atr_spike"", ""gov_action"": ""core"", ""gov_x"": 1.5, ""rec_activation"": ""core_full"", ""rec_anchor"": ""runhigh"", ""rec_cap"": 8, ""rec_spacing"": ""ladder"", ""rec_step"": 5.0, ""rec_tp"": 3.0, ""recovery"": {""confirm"": ""vwap"", ""h"": 24, ""layer_x"": 5.0, ""rec_step"": 10.0, ""rec_tp"": 2.0}}","{""commission_per_side"": 0.775}",290546.25000000675,560.0,291106.25000000675,4,-112573.42499999964,2025-04-06,-107792.5,107111.52499999979,758.8645833333334,11.686715380424122,2444,1.3784545967287085,8152.500000000303,711.2,9.797600869660233,19.0,32,0.11385152456706106,0.0018841704466814786,1.400870220581025e-06,0.0006944444444444445,3.811111111111111,0.0006944444444444445,930880.0,224373.09016736195,42371.049999999785,2.5859233651282056,1.2974205141216708,477.0798611111111,484.0104166666667,0.39199097574732095,1.2662154540327129,111558.02500000331,-68948.75000000006,-53842.824999999284,-75796.0499999994,233463.8500000027,-112573.42499999964,-53842.824999999284,7,8,-68948.75000000006,0.0,0.0,84,16,0.008333333333333333,-75796.0499999994,0.0,0.0,61,0,0.0,-112573.42499999964,0.0,0.0,117,4,0.004861111111111111,43.22851490974426,0.11223914269599548,2516.5500000000006,0.0,0.0,1.400870220581025e-06,0.0006944444444444445,7.9942228112103235,8.0
FACTORY_S6,QC24_gov__slip4,S6,QC24_gov,QC24_gov,"{""core_cap"": 24, ""gov"": ""atr_spike"", ""gov_action"": ""core"", ""gov_x"": 1.5, ""rec_activation"": ""core_full"", ""rec_anchor"": ""runhigh"", ""rec_cap"": 8, ""rec_spacing"": ""ladder"", ""rec_step"": 5.0, ""rec_tp"": 3.0, ""recovery"": {""confirm"": ""vwap"", ""h"": 24, ""layer_x"": 5.0, ""rec_step"": 10.0, ""rec_tp"": 2.0}}","{""slippage_ticks"": 4}",307354.3900000212,542.5,307896.8900000212,4,-133888.8899999985,2025-04-06,-128043.75,95436.84000000005,758.8604166666667,12.905423042956496,2913,1.6429780033840948,21359.35999999955,682.2600000000001,10.510523337097005,19.0,32,0.125771529273985,0.002363268062120189,0.0009876135055096225,2.7680555555555557,4.002083333333333,2.7680555555555557,832800.0,240222.7574869509,40901.24000000005,2.2996448024927583,1.281714077471392,477.0798611111111,484.0201388888889,0.39537507050197407,1.3677382966723068,116938.0100000031,-79579.81999999998,-58241.94999999937,-81998.41999999946,249283.32000001747,-133888.8899999985,-58241.94999999937,7,8,-79579.81999999998,0.0,0.0,69,0,0.0,-81998.41999999946,0.0,0.0,63,0,0.0,-133888.8899999985,2.7680555555555557,0.014216575922565033,563,444,4.002083333333333,49.09618282318115,0.27523970671178793,5826.130000000001,0.0,0.0,0.0009876135055096225,2.7680555555555557,7.9871288044133015,8.0
FACTORY_S6,QC24_gov__comm+50,S6,QC24_gov,QC24_gov,"{""core_cap"": 24, ""gov"": ""atr_spike"", ""gov_action"": ""core"", ""gov_x"": 1.5, ""rec_activation"": ""core_full"", ""rec_anchor"": ""runhigh"", ""rec_cap"": 8, ""rec_spacing"": ""ladder"", ""rec_step"": 5.0, ""rec_tp"": 3.0, ""recovery"": {""confirm"": ""vwap"", ""h"": 24, ""layer_x"": 5.0, ""rec_step"": 10.0, ""rec_tp"": 2.0}}","{""commission_per_side"": 0.9299999999999999}",289709.25000002683,560.0,290269.25000002683,4,-112585.35999999958,2025-04-06,-107792.5,107038.8299999999,758.8645833333334,11.629416514910853,2444,1.3784545967287085,8989.499999999827,789.9400000000002,9.797600869660233,19.0,32,0.11385152456706106,0.0018841704466814786,1.400870220581025e-06,0.0006944444444444445,3.811111111111111,0.0006944444444444445,930880.0,224373.09016736195,42298.50999999992,2.578214876250588,1.2936901202524436,477.0798611111111,484.0104166666667,0.39199097574732095,1.2662154540327129,111262.13000000495,-68956.50000000003,-53877.38999999914,-75824.25999999925,232957.620000021,-112585.35999999958,-53877.38999999914,7,8,-68956.50000000003,0.0,0.0,84,16,0.008333333333333333,-75824.25999999925,0.0,0.0,61,0,0.0,-112585.35999999958,0.0,0.0,117,4,0.004861111111111111,43.66466164588928,0.11223914269599548,2454.8600000000006,0.0,0.0,1.400870220581025e-06,0.0006944444444444445,7.9942228112103235,8.0
FACTORY_S6,QC24_gov__pen2,S6,QC24_gov,QC24_gov,"{""core_cap"": 24, ""gov"": ""atr_spike"", ""gov_action"": ""core"", ""gov_x"": 1.5, ""rec_activation"": ""core_full"", ""rec_anchor"": ""runhigh"", ""rec_cap"": 8, ""rec_spacing"": ""ladder"", ""rec_step"": 5.0, ""rec_tp"": 3.0, ""recovery"": {""confirm"": ""vwap"", ""h"": 24, ""layer_x"": 5.0, ""rec_step"": 10.0, ""rec_tp"": 2.0}}","{""penetration_ticks"": 2}",286086.6200000164,560.0,286646.6200000164,4,-112561.48999999976,2025-04-06,-107792.5,106332.9200000001,758.8604166666667,11.952292131337781,2407,1.3575860124083474,7363.379999999662,629.97,9.724629539870167,19.0,32,0.11121228507148641,0.00185895478271102,1.400870220581025e-06,0.0006944444444444445,3.811111111111111,0.0006944444444444445,930880.0,222898.4905098047,41592.290000000095,2.5465780525827886,1.2859962368718132,477.0798611111111,484.01944444444445,0.3936830231246475,1.2498589960518895,107116.27000000211,-68940.99999999997,-53808.25999999943,-75767.8399999995,233411.1000000137,-112561.48999999976,-53808.25999999943,7,8,-68940.99999999997,0.0,0.0,82,15,0.008333333333333333,-75767.8399999995,0.0,0.0,61,0,0.0,-112561.48999999976,0.0,0.0,117,4,0.004861111111111111,44.11025667190552,0.10772701635645798,2500.6600000000003,0.0,0.0,1.400870220581025e-06,0.0006944444444444445,7.994213005118779,8.0
FACTORY_S6,QC24_gov__roll2x,S6,QC24_gov,QC24_gov,"{""core_cap"": 24, ""gov"": ""atr_spike"", ""gov_action"": ""core"", ""gov_x"": 1.5, ""rec_activation"": ""core_full"", ""rec_anchor"": ""runhigh"", ""rec_cap"": 8, ""rec_spacing"": ""ladder"", ""rec_step"": 5.0, ""rec_tp"": 3.0, ""recovery"": {""confirm"": ""vwap"", ""h"": 24, ""layer_x"": 5.0, ""rec_step"": 10.0, ""rec_tp"": 2.0}}","{""roll_slippage_ticks"": 2.0}",291065.750000017,560.0,291625.750000017,4,-112575.23999999976,2025-04-06,-107792.5,107157.97000000012,758.925,11.74432131761326,2444,1.3784545967287085,7632.9999999996535,949.96,9.797600869660233,19.0,32,0.11385152456706106,0.0018841704466814786,1.400870220581025e-06,0.0006944444444444445,3.811111111111111,0.0006944444444444445,930880.0,224373.09016736195,42417.34000000011,2.590496364920187,1.299735854163664,477.0798611111111,484.0104166666667,0.39199097574732095,1.2662154540327129,111755.17000000249,-68954.74999999997,-53868.25999999943,-75812.8399999995,233811.33000001393,-112575.23999999976,-53868.25999999943,7,8,-68954.74999999997,0.0,0.0,84,16,0.008333333333333333,-75812.8399999995,0.0,0.0,61,0,0.0,-112575.23999999976,0.0,0.0,117,4,0.004861111111111111,43.18138122558594,0.11223914269599548,2578.2400000000002,0.0,0.0,1.400870220581025e-06,0.0006944444444444445,7.9942228112103235,8.0
FACTORY_S6,QC24_gov__neutral,S6,QC24_gov,QC24_gov,"{""core_cap"": 24, ""gov"": ""atr_spike"", ""gov_action"": ""core"", ""gov_x"": 1.5, ""rec_activation"": ""core_full"", ""rec_anchor"": ""runhigh"", ""rec_cap"": 8, ""rec_spacing"": ""ladder"", ""rec_step"": 5.0, ""rec_tp"": 3.0, ""recovery"": {""confirm"": ""vwap"", ""h"": 24, ""layer_x"": 5.0, ""rec_step"": 10.0, ""rec_tp"": 2.0}}","{""penetration_ticks"": 0}",292504.59000001603,560.0,293064.59000001603,4,-109939.63999999978,2025-04-06,-105123.75,107124.21000000011,758.8604166666667,11.468356948350523,2333,1.3158488437676255,7037.909999999678,620.0100000000001,9.743981161097274,19.0,27,0.1119435393266297,0.00018631573933727632,0.0,0.0,0.011805555555555555,0.0,920227.5,222866.30652861556,42383.5800000001,2.665686280217187,1.3149793459801746,477.0798611111111,484.0104166666667,0.3925549915397631,1.2797518330513253,111793.88000000257,-68940.99999999997,-53808.25999999943,-75767.8399999995,235151.46000001288,-109939.63999999978,-53808.25999999943,7,8,-68940.99999999997,0.0,0.0,84,16,0.008333333333333333,-75767.8399999995,0.0,0.0,61,0,0.0,-109939.63999999978,0.0,0.0,127,1,0.0,43.4716272354126,0.03609701071630006,560.6400000000002,0.0,0.0,0.0,0.0,7.999799675558457,3.0
FACTORY_S6,QC24_gov__tv_like,S6,QC24_gov,QC24_gov,"{""core_cap"": 24, ""gov"": ""atr_spike"", ""gov_action"": ""core"", ""gov_x"": 1.5, ""rec_activation"": ""core_full"", ""rec_anchor"": ""runhigh"", ""rec_cap"": 8, ""rec_spacing"": ""ladder"", ""rec_step"": 5.0, ""rec_tp"": 3.0, ""recovery"": {""confirm"": ""vwap"", ""h"": 24, ""layer_x"": 5.0, ""rec_step"": 10.0, ""rec_tp"": 2.0}}","{""allow_same_bar_tp_after_intrabar_buy"": true, ""penetration_ticks"": 0, ""slippage_ticks"": 0}",322082.9800000202,401.25,322484.2300000202,3,-109929.64999999979,2025-04-06,-105278.75,107444.09000000008,524.3222222222222,6.658570082198851,2831,1.5967287084038353,4204.519999999569,692.22,10.39919337892699,20.0,30,0.2807778191812754,0.0031323458132191716,0.0,0.0,4.03125,0.0,831125.0,235358.59899494567,49944.090000000084,2.933550957362466,1.3701824848428228,245.06805555555556,245.1125,0.44839255499153974,1.428087986463621,114273.52000000287,-68662.29999999999,-38556.989999999,-70156.61999999906,246805.8200000163,-109929.64999999979,-38556.989999999,7,8,-68662.29999999999,0.0,0.0,66,0,0.0,-70156.61999999906,0.0,0.0,270,9,0.004861111111111111,-109929.64999999979,0.0,0.0,125,0,0.0,31.297457218170166,0.16864072194021432,3237.9900000000007,0.0,0.0,0.0,0.0,7.991131090633502,6.0
FACTORY_S6,ADD_llfail__base,S6,ADD_llfail,ADD_llfail,"{""add_trigger"": ""armed"", ""reversal"": ""ll_fail""}",{},530320.2500000293,986.25,531306.5000000293,7,-204025.1899999999,2025-04-06,-197206.25,22237.03999999992,660.9430555555556,6.430498290631811,3662,2.0654258319232937,11505.999999999387,1362.0300000000004,18.625606226587955,32.0,32,0.5272273136072128,0.46478072178437246,0.43680674434959,732.7965277777778,733.8902777777778,732.7965277777778,1091360.0,411705.9780735793,-57762.96000000008,2.6041220694367673,1.290499842839482,732.7965277777778,732.7972222222222,0.4320360970107163,2.0654258319232937,199941.11000000814,-164680.13000000012,-122920.7199999995,-183999.36,454354.2200000207,-204025.1899999999,-122920.7199999995,7,8,-164680.13000000012,103.08541666666666,0.4788251719323647,257,0,104.06875,-183999.36,709.1083333333333,0.9765325741512334,37,0,710.2020833333333,-204025.1899999999,121.07083333333334,0.6880822746521477,183,0,122.04861111111111,21.917149782180786,,,,,,,,
FACTORY_S6,ADD_llfail__slip2,S6,ADD_llfail,ADD_llfail,"{""add_trigger"": ""armed"", ""reversal"": ""ll_fail""}","{""slippage_ticks"": 2}",525440.5700000293,977.5,526418.0700000293,7,-204462.6899999999,2025-04-06,-197665.0,20785.839999999967,737.2152777777778,6.304767326675849,3680,2.0755781161872533,17118.179999999382,1396.8900000000006,18.986101966541614,32.0,32,0.5433317176630122,0.4731551239630058,0.4407992244782459,732.9263888888889,733.9354166666667,732.9263888888889,1098120.0,421175.149262722,-59214.16000000003,2.574641221828929,1.2498792270188253,732.9263888888889,732.9270833333334,0.42470389170896783,2.0755781161872533,200207.38000000798,-165008.88000000012,-124418.2099999995,-184010.5999999997,450700.7600000208,-204462.6899999999,-124418.2099999995,7,8,-165008.88000000012,103.09722222222223,0.4791181894961822,269,0,104.07986111111111,-184010.5999999997,709.2381944444444,0.977456838817139,38,0,710.2472222222223,-204462.6899999999,121.13472222222222,0.6899374873966525,186,0,122.13958333333333,21.476333379745483,,,,,,,,
FACTORY_S6,ADD_llfail__slip4,S6,ADD_llfail,ADD_llfail,"{""add_trigger"": ""armed"", ""reversal"": ""ll_fail""}","{""slippage_ticks"": 4}",495216.9700000266,1073.75,496290.7200000265,8,-203880.17999999988,2025-04-06,-196835.0,19483.63999999981,738.4131944444445,7.169324710930388,3486,1.9661590524534687,27221.779999999424,1449.1800000000007,20.26321090661519,32.0,32,0.5913717601373973,0.5235780466825992,0.49282894534084576,735.8722222222223,735.9979166666667,735.8722222222223,1122600.0,453739.7529302703,-60516.36000000019,2.434227397680475,1.0937783537698875,735.8722222222223,735.8729166666667,0.38522278623801465,1.9661590524534687,188046.85000000696,-169185.7500000001,-126191.29999999946,-186217.0399999998,434554.530000019,-203880.17999999988,-126191.29999999946,7,8,-169185.7500000001,146.05138888888888,0.6874019683885758,142,0,146.09652777777777,-186217.0399999998,710.1840277777778,0.9828541490586834,44,0,710.3097222222223,-203880.17999999988,121.04305555555555,0.6872756604154063,194,0,122.04791666666667,21.908968925476074,,,,,,,,
FACTORY_S6,QC24_gov__stress_all,S6,QC24_gov,QC24_gov,"{""core_cap"": 24, ""gov"": ""atr_spike"", ""gov_action"": ""core"", ""gov_x"": 1.5, ""rec_activation"": ""core_full"", ""rec_anchor"": ""runhigh"", ""rec_cap"": 8, ""rec_spacing"": ""ladder"", ""rec_step"": 5.0, ""rec_tp"": 3.0, ""recovery"": {""confirm"": ""vwap"", ""h"": 24, ""layer_x"": 5.0, ""rec_step"": 10.0, ""rec_tp"": 2.0}}","{""commission_per_side"": 0.9299999999999999, ""penetration_ticks"": 2, ""roll_slippage_ticks"": 2.0, ""slippage_ticks"": 2}",289554.5900000277,555.0,290109.5900000277,4,-112594.77999999962,2025-04-06,-107828.75,93452.6999999999,758.925,12.054396813711321,2541,1.4331641285956007,13470.409999999883,1146.6799999999998,10.009747254994803,19.0,32,0.11333460345566666,0.0026112220911630305,1.400870220581025e-06,0.0006944444444444445,3.811111111111111,0.0006944444444444445,932995.0,229219.21221537818,28711.129999999917,2.5765811701042325,1.2656425576030506,477.0798611111111,484.01944444444445,0.3936830231246475,1.2831359278059786,108074.6700000047,-80447.69000000003,-53868.54999999906,-75789.16999999917,235953.15000002203,-112594.77999999962,-53868.54999999906,7,8,-80447.69000000003,0.0,0.0,83,19,0.008333333333333333,-75789.16999999917,0.0,0.0,67,5,0.03194444444444444,-112594.77999999962,0.0,0.0,115,0,0.0,48.42678713798523,0.15002820078962212,2982.74,0.0,0.0,1.400870220581025e-06,0.0006944444444444445,7.992440904289745,8.0
FACTORY_S6,ADD_llfail__comm+25,S6,ADD_llfail,ADD_llfail,"{""add_trigger"": ""armed"", ""reversal"": ""ll_fail""}","{""commission_per_side"": 0.775}",529014.3749999312,986.25,530000.6249999312,7,-204038.6750000005,2025-04-06,-197206.25,22135.04999999961,660.9430555555556,6.408119548126837,3662,2.0654258319232937,12811.874999999594,1531.6000000000001,18.625606226587955,32.0,32,0.5272273136072128,0.46478072178437246,0.43680674434959,732.7965277777778,733.8902777777778,732.7965277777778,1091360.0,411705.9780735793,-57864.95000000039,2.59754982725667,1.2873279797390031,732.7965277777778,732.7972222222222,0.4320360970107163,2.0654258319232937,199461.07500001037,-164695.47500000003,-122975.89999999944,-184019.2,453584.0249999203,-204038.6750000005,-122975.89999999944,7,8,-164695.47500000003,103.08541666666666,0.4788251719323647,257,0,104.06875,-184019.2,709.1083333333333,0.9765325741512334,37,0,710.2020833333333,-204038.6750000005,121.07083333333334,0.6880822746521477,183,0,122.04861111111111,21.427366733551025,,,,,,,,
FACTORY_S6,ADD_llfail__comm+50,S6,ADD_llfail,ADD_llfail,"{""add_trigger"": ""armed"", ""reversal"": ""ll_fail""}","{""commission_per_side"": 0.9299999999999999}",527708.5000000419,986.25,528694.7500000419,7,-204052.15999999986,2025-04-06,-197206.25,22033.05999999988,660.9430555555556,6.385825863280093,3662,2.0654258319232937,14117.750000000537,1701.1699999999998,18.625606226587955,32.0,32,0.5272273136072128,0.46478072178437246,0.43680674434959,732.7965277777778,733.8902777777778,732.7965277777778,1091360.0,411705.9780735793,-57966.94000000012,2.590978453744583,1.2841561166390316,732.7965277777778,732.7972222222222,0.4320360970107163,2.0654258319232937,198981.0400000132,-164710.82,-123031.07999999926,-184039.03999999998,452813.8300000279,-204052.15999999986,-123031.07999999926,7,8,-164710.82,103.08541666666666,0.4788251719323647,257,0,104.06875,-184039.03999999998,709.1083333333333,0.9765325741512334,37,0,710.2020833333333,-204052.15999999986,121.07083333333334,0.6880822746521477,183,0,122.04861111111111,20.780961275100708,,,,,,,,
FACTORY_S6,ADD_llfail__pen2,S6,ADD_llfail,ADD_llfail,"{""add_trigger"": ""armed"", ""reversal"": ""ll_fail""}","{""penetration_ticks"": 2}",525354.9700000291,986.25,526341.2200000291,7,-204025.1899999999,2025-04-06,-197206.25,21826.97999999998,660.9430555555556,6.3217458037217025,3624,2.0439932318104908,11623.779999999395,1386.9300000000005,18.67269928079323,32.0,32,0.529373446785143,0.46525981939981115,0.4363948885047391,732.7965277777778,733.8902777777778,732.7965277777778,1091360.0,413348.6980417235,-58173.02000000002,2.57978546668688,1.273358843256596,732.7965277777778,732.7972222222222,0.428087986463621,2.0439932318104908,196395.8100000079,-164683.8800000001,-122920.7199999995,-183999.36,452934.24000002065,-204025.1899999999,-122920.7199999995,7,8,-164683.8800000001,103.08611111111111,0.478842408259648,257,0,104.06944444444444,-183999.36,709.1083333333333,0.9765325741512334,37,0,710.2020833333333,-204025.1899999999,121.07152777777777,0.6881024400080662,183,0,122.04930555555555,22.58143424987793,,,,,,,,
FACTORY_S6,ADD_llfail__neutral,S6,ADD_llfail,ADD_llfail,"{""add_trigger"": ""armed"", ""reversal"": ""ll_fail""}","{""penetration_ticks"": 0}",537187.0700000299,986.25,538173.3200000299,7,-204025.1899999999,2025-04-06,-197206.25,22599.5499999999,660.9430555555556,6.4400988402773125,3721,2.098702763677383,11637.929999999376,1357.0500000000004,18.559852180174325,32.0,32,0.5235458266675259,0.46133598191196373,0.43345586278196013,732.7965277777778,733.8902777777778,732.7965277777778,1091360.0,409790.9569974868,-57400.4500000001,2.6377787958439356,1.3132874476859928,732.7965277777778,732.7972222222222,0.43542019176536945,2.098702763677383,199932.4000000081,-164677.6300000001,-122064.44999999949,-183999.36,460408.4800000212,-204025.1899999999,-122064.44999999949,7,8,-164677.6300000001,103.08541666666666,0.4788251719323647,256,0,104.06875,-183999.36,709.1083333333333,0.9765325741512334,41,0,710.2020833333333,-204025.1899999999,121.07083333333334,0.6880822746521477,188,0,122.04861111111111,22.358333587646484,,,,,,,,
FACTORY_S6,ADD_llfail__roll2x,S6,ADD_llfail,ADD_llfail,"{""add_trigger"": ""armed"", ""reversal"": ""ll_fail""}","{""roll_slippage_ticks"": 2.0}",529636.5000000293,986.25,530622.7500000293,7,-204065.1899999999,2025-04-06,-197206.25,22174.53999999992,660.9527777777778,6.430498290631811,3662,2.0654258319232937,12189.749999999387,2045.7800000000009,18.625606226587955,32.0,32,0.5272273136072128,0.46478072178437246,0.43680674434959,732.7965277777778,733.8902777777778,732.7965277777778,1091360.0,411705.9780735793,-57825.46000000008,2.6002609754266746,1.2888390702580408,732.7965277777778,732.7972222222222,0.4320360970107163,2.0654258319232937,199751.11000000814,-164720.13000000012,-123080.7199999995,-184079.36,454020.4700000207,-204065.1899999999,-123080.7199999995,7,8,-164720.13000000012,103.08541666666666,0.4788251719323647,257,0,104.06875,-184079.36,709.1083333333333,0.9765325741512334,37,0,710.2020833333333,-204065.1899999999,121.07083333333334,0.6880822746521477,183,0,122.04861111111111,22.426072359085083,,,,,,,,
FACTORY_S6,ADD_llfail__tv_like,S6,ADD_llfail,ADD_llfail,"{""add_trigger"": ""armed"", ""reversal"": ""ll_fail""}","{""allow_same_bar_tp_after_intrabar_buy"": true, ""penetration_ticks"": 0, ""slippage_ticks"": 0}",512652.2900000284,823.75,513476.04000002844,6,-203993.9399999999,2025-04-06,-197163.75,22169.459999999992,660.9430555555556,6.370981642696628,3557,2.006204173716864,5768.959999999412,1354.5600000000009,18.257964647639113,32.0,32,0.5147147407969831,0.45620739603441657,0.4277150966180191,732.7965277777778,733.8902777777778,732.7965277777778,1091360.0,402300.1023931066,-57830.54000000001,2.5171141848626912,1.2763507564268193,732.7965277777778,732.7972222222222,0.43824027072758037,2.006204173716864,191372.95000000764,-164590.1300000001,-123288.23999999953,-183999.36,445455.6900000203,-203993.9399999999,-123288.23999999953,7,8,-164590.1300000001,102.99097222222223,0.47648103142182463,241,0,104.06875,-183999.36,709.1083333333333,0.9765325741512334,35,0,710.2020833333333,-203993.9399999999,121.06875,0.6880217785843921,171,0,122.04652777777778,19.39541506767273,,,,,,,,
FACTORY_S6,ADD_llfail__stress_all,S6,ADD_llfail,ADD_llfail,"{""add_trigger"": ""armed"", ""reversal"": ""ll_fail""}","{""commission_per_side"": 0.9299999999999999, ""penetration_ticks"": 2, ""roll_slippage_ticks"": 2.0, ""slippage_ticks"": 2}",516961.4300000444,977.5,517938.9300000444,7,-204529.65999999986,2025-04-06,-197651.25,20547.509999999893,737.225,6.237032918115825,3635,2.0501974055273546,20348.57000000052,2445.9599999999996,18.97996615497547,32.0,32,0.5419812787703722,0.4721871226405843,0.44094071237052457,732.9263888888889,733.9354166666667,732.9263888888889,1098280.0,421021.4518443857,-59452.49000000011,2.532341421777383,1.230196057068086,732.9263888888889,732.9270833333334,0.4224478285391991,2.0501974055273546,198984.15000001295,-165079.57,-124689.18999999925,-184209.6499999995,443716.7600000306,-204529.65999999986,-124689.18999999925,7,8,-165079.57,103.09722222222223,0.4791181894961822,270,0,104.07986111111111,-184209.6499999995,709.2381944444444,0.977456838817139,38,0,710.2472222222223,-204529.65999999986,121.13472222222222,0.6899374873966525,183,0,122.13958333333333,20.423519611358643,,,,,,,,
