dt,qty,qty_core,qty_rec,realized_net,unrealized,equity,c
2025-02-03 09:31:00,13,6,7,181560.32000003135,-11336.25,320224.0700000314,5549.0
2025-02-03 09:46:00,13,6,7,181560.32000003135,-11255.0,320305.3200000314,5550.25
2025-02-03 10:01:00,13,6,7,181560.32000003135,-12051.25,319509.0700000314,5538.0
2025-02-03 10:16:00,13,6,7,181569.08000003136,-12603.75,318965.3300000314,5529.5
2025-02-03 10:31:00,13,6,7,181577.84000003137,-9435.0,322142.8400000314,5578.25
2025-02-03 10:46:00,13,6,7,181577.84000003137,-8102.5,323475.3400000314,5598.75
2025-02-03 11:01:00,13,6,7,181577.84000003137,-7923.75,323654.0900000314,5601.5
2025-02-03 11:16:00,13,6,7,181577.84000003137,-7761.25,323816.5900000314,5604.0
2025-02-03 11:31:00,13,6,7,181577.84000003137,-8102.5,323475.3400000314,5598.75
2025-02-03 11:46:00,13,6,7,181577.84000003137,-7582.5,323995.3400000314,5606.75
2025-02-03 12:01:00,13,6,7,181577.84000003137,-8281.25,323296.5900000314,5596.0
2025-02-03 12:16:00,13,6,7,181577.84000003137,-8671.25,322906.5900000314,5590.0
2025-02-03 12:31:00,13,6,7,181577.84000003137,-8362.5,323215.3400000314,5594.75
2025-02-03 12:46:00,13,6,7,181577.84000003137,-8768.75,322809.0900000314,5588.5
2025-02-03 13:01:00,13,6,7,181586.60000003138,-8996.25,322590.3500000314,5585.0
2025-02-03 13:16:00,13,6,7,181586.60000003138,-8151.25,323435.3500000314,5598.0
2025-02-03 13:31:00,13,6,7,181586.60000003138,-8151.25,323435.3500000314,5598.0
2025-02-03 13:46:00,13,6,7,181586.60000003138,-7972.5,323614.1000000314,5600.75
2025-02-03 14:01:00,13,6,7,181586.60000003138,-7322.5,324264.1000000314,5610.75
2025-02-03 14:16:00,13,6,7,181586.60000003138,-6818.75,324767.8500000314,5618.5
2025-02-03 14:31:00,13,6,7,181586.60000003138,-6997.5,324589.1000000314,5615.75
2025-02-03 14:46:00,13,6,7,181586.60000003138,-6640.0,324946.6000000314,5621.25
2025-02-03 15:01:00,13,6,7,181586.60000003138,-6916.25,324670.3500000314,5617.0
2025-02-03 15:16:00,13,6,7,181586.60000003138,-7257.5,324329.1000000314,5611.75
2025-02-03 15:31:00,13,6,7,181586.60000003138,-7777.5,323809.1000000314,5603.75
2025-02-03 15:46:00,13,6,7,181586.60000003138,-7761.25,323825.3500000314,5604.0
2025-02-03 16:01:00,13,6,7,181586.60000003138,-8281.25,323305.3500000314,5596.0
2025-02-04 09:31:00,13,6,7,181586.60000003138,-8281.25,323305.3500000314,5596.0
2025-02-04 09:46:00,13,6,7,181586.60000003138,-8005.0,323581.6000000314,5600.25
2025-02-04 10:01:00,13,6,7,181586.60000003138,-7111.25,324475.3500000314,5614.0
2025-02-04 10:16:00,13,6,7,181586.60000003138,-6445.0,325141.6000000314,5624.25
2025-02-04 10:31:00,13,6,7,181586.60000003138,-6607.5,324979.1000000314,5621.75
2025-02-04 10:46:00,13,6,7,181586.60000003138,-6136.25,325450.3500000314,5629.0
2025-02-04 11:01:00,13,6,7,181586.60000003138,-6152.5,325434.1000000314,5628.75
2025-02-04 11:16:00,13,6,7,181586.60000003138,-5843.75,325742.8500000314,5633.5
2025-02-04 11:31:00,13,6,7,181586.60000003138,-5648.75,325937.8500000314,5636.5
2025-02-04 11:46:00,13,6,7,181586.60000003138,-5795.0,325791.6000000314,5634.25
2025-02-04 12:01:00,13,6,7,181586.60000003138,-5778.75,325807.8500000314,5634.5
2025-02-04 12:16:00,13,6,7,181586.60000003138,-5713.75,325872.8500000314,5635.5
2025-02-04 12:31:00,13,6,7,181604.1200000314,-6835.0,324769.1200000314,5618.25
2025-02-04 12:46:00,13,6,7,181604.1200000314,-6607.5,324996.6200000314,5621.75
2025-02-04 13:01:00,13,6,7,181604.1200000314,-6168.75,325435.3700000314,5628.5
2025-02-04 13:16:00,13,6,7,181604.1200000314,-6217.5,325386.6200000314,5627.75
2025-02-04 13:31:00,13,6,7,181604.1200000314,-5990.0,325614.1200000314,5631.25
2025-02-04 13:46:00,13,6,7,181604.1200000314,-6103.75,325500.3700000314,5629.5
2025-02-04 14:01:00,13,6,7,181604.1200000314,-6331.25,325272.8700000314,5626.0
2025-02-04 14:16:00,13,6,7,181604.1200000314,-5616.25,325987.8700000314,5637.0
2025-02-04 14:31:00,13,6,7,181604.1200000314,-5372.5,326231.6200000314,5640.75
2025-02-04 14:46:00,13,6,7,181604.1200000314,-5405.0,326199.1200000314,5640.25
2025-02-04 15:01:00,13,6,7,181604.1200000314,-5908.75,325695.3700000314,5632.5
2025-02-04 15:16:00,13,6,7,181604.1200000314,-5583.75,326020.3700000314,5637.5
2025-02-04 15:31:00,13,6,7,181604.1200000314,-5957.5,325646.6200000314,5631.75
2025-02-04 15:46:00,13,6,7,181604.1200000314,-5811.25,325792.8700000314,5634.0
2025-02-04 16:01:00,13,6,7,181604.1200000314,-5600.0,326004.1200000314,5637.25
2025-02-05 09:31:00,13,6,7,181612.8800000314,-6445.0,325167.88000003144,5624.25
2025-02-05 09:46:00,13,6,7,181612.8800000314,-6217.5,325395.38000003144,5627.75
2025-02-05 10:01:00,13,6,7,181621.64000003142,-6493.75,325127.89000003145,5623.5
2025-02-05 10:16:00,13,6,7,181621.64000003142,-6997.5,324624.14000003145,5615.75
2025-02-05 10:31:00,13,6,7,181621.64000003142,-6640.0,324981.64000003145,5621.25
2025-02-05 10:46:00,13,6,7,181621.64000003142,-6298.75,325322.89000003145,5626.5
2025-02-05 11:01:00,13,6,7,181621.64000003142,-6510.0,325111.64000003145,5623.25
2025-02-05 11:16:00,13,6,7,181621.64000003142,-6201.25,325420.39000003145,5628.0
2025-02-05 11:31:00,13,6,7,181621.64000003142,-6038.75,325582.89000003145,5630.5
2025-02-05 11:46:00,13,6,7,181621.64000003142,-5648.75,325972.89000003145,5636.5
2025-02-05 12:01:00,12,6,6,181631.02000003142,-4980.0,326651.02000003145,5647.25
2025-02-05 12:16:00,12,6,6,181631.02000003142,-5010.0,326621.02000003145,5646.75
2025-02-05 12:31:00,12,6,6,181631.02000003142,-5115.0,326516.02000003145,5645.0
2025-02-05 12:46:00,12,6,6,181631.02000003142,-5130.0,326501.02000003145,5644.75
2025-02-05 13:01:00,12,6,6,181631.02000003142,-5070.0,326561.02000003145,5645.75
2025-02-05 13:16:00,12,6,6,181631.02000003142,-5010.0,326621.02000003145,5646.75
2025-02-05 13:31:00,12,6,6,181631.02000003142,-5100.0,326531.02000003145,5645.25
2025-02-05 13:46:00,12,6,6,181631.02000003142,-4875.0,326756.02000003145,5649.0
2025-02-05 14:01:00,12,6,6,181631.02000003142,-4875.0,326756.02000003145,5649.0
2025-02-05 14:16:00,12,6,6,181631.02000003142,-4650.0,326981.02000003145,5652.75
2025-02-05 14:31:00,12,6,6,181631.02000003142,-4695.0,326936.02000003145,5652.0
2025-02-05 14:46:00,12,6,6,181631.02000003142,-4860.0,326771.02000003145,5649.25
2025-02-05 15:01:00,12,6,6,181631.02000003142,-4725.0,326906.02000003145,5651.5
2025-02-05 15:16:00,12,6,6,181631.02000003142,-4590.0,327041.02000003145,5653.75
2025-02-05 15:31:00,12,6,6,181631.02000003142,-4440.0,327191.02000003145,5656.25
2025-02-05 15:46:00,12,6,6,181631.02000003142,-4815.0,326816.02000003145,5650.0
2025-02-05 16:01:00,12,6,6,181639.78000003143,-4230.0,327409.78000003146,5659.75
2025-02-06 09:31:00,11,6,5,181666.66000003144,-3453.75,328212.91000003146,5672.75
2025-02-06 09:46:00,11,6,5,181666.66000003144,-3178.75,328487.91000003146,5677.75
2025-02-06 10:01:00,11,6,5,181666.66000003144,-3577.5,328089.16000003146,5670.5
2025-02-06 10:16:00,11,6,5,181666.66000003144,-3247.5,328419.16000003146,5676.5
2025-02-06 10:31:00,11,6,5,181666.66000003144,-3783.75,327882.91000003146,5666.75
2025-02-06 10:46:00,11,6,5,181680.42000003144,-3893.75,327786.6700000315,5664.75
2025-02-06 11:01:00,11,6,5,181694.18000003145,-3907.5,327786.6800000315,5664.5
2025-02-06 11:16:00,11,6,5,181694.18000003145,-3426.25,328267.9300000315,5673.25
2025-02-06 11:31:00,11,6,5,181694.18000003145,-3522.5,328171.6800000315,5671.5
2025-02-06 11:46:00,11,6,5,181694.18000003145,-3770.0,327924.1800000315,5667.0
2025-02-06 12:01:00,11,6,5,181694.18000003145,-3825.0,327869.1800000315,5666.0
2025-02-06 12:16:00,11,6,5,181694.18000003145,-3838.75,327855.4300000315,5665.75
2025-02-06 12:31:00,11,6,5,181694.18000003145,-3687.5,328006.6800000315,5668.5
2025-02-06 12:46:00,11,6,5,181694.18000003145,-3591.25,328102.9300000315,5670.25
2025-02-06 13:01:00,11,6,5,181694.18000003145,-3343.75,328350.4300000315,5674.75
2025-02-06 13:16:00,11,6,5,181694.18000003145,-3357.5,328336.6800000315,5674.5
2025-02-06 13:31:00,11,6,5,181694.18000003145,-3357.5,328336.6800000315,5674.5
2025-02-06 13:46:00,11,6,5,181694.18000003145,-3618.75,328075.4300000315,5669.75
2025-02-06 14:01:00,11,6,5,181694.18000003145,-3673.75,328020.4300000315,5668.75
2025-02-06 14:16:00,11,6,5,181694.18000003145,-3660.0,328034.1800000315,5669.0
2025-02-06 14:31:00,12,6,6,181693.56000003146,-4263.75,327429.8100000315,5658.5
2025-02-06 14:46:00,12,6,6,181693.56000003146,-4698.75,326994.8100000315,5651.25
2025-02-06 15:01:00,12,6,6,181693.56000003146,-4458.75,327234.8100000315,5655.25
2025-02-06 15:16:00,12,6,6,181693.56000003146,-4158.75,327534.8100000315,5660.25
2025-02-06 15:31:00,11,6,5,181707.94000003146,-3783.75,327924.1900000315,5666.75
2025-02-06 15:46:00,11,6,5,181707.94000003146,-3660.0,328047.9400000315,5669.0
2025-02-06 16:01:00,11,6,5,181707.94000003146,-3398.75,328309.1900000315,5673.75
2025-02-07 09:31:00,11,6,5,181721.70000003147,-2766.25,328955.4500000315,5685.25
2025-02-07 09:46:00,11,6,5,181721.70000003147,-2381.25,329340.4500000315,5692.25
2025-02-07 10:01:00,11,6,5,181721.70000003147,-3027.5,328694.2000000315,5680.5
2025-02-07 10:16:00,11,6,5,181721.70000003147,-4196.25,327525.4500000315,5659.25
2025-02-07 10:31:00,11,6,5,181721.70000003147,-4017.5,327704.2000000315,5662.5
2025-02-07 10:46:00,11,6,5,181721.70000003147,-4278.75,327442.9500000315,5657.75
2025-02-07 11:01:00,11,6,5,181735.46000003148,-5062.5,326672.9600000315,5643.5
2025-02-07 11:16:00,11,6,5,181735.46000003148,-5337.5,326397.9600000315,5638.5
2025-02-07 11:31:00,11,6,5,181735.46000003148,-5310.0,326425.4600000315,5639.0
2025-02-07 11:46:00,11,6,5,181735.46000003148,-5461.25,326274.2100000315,5636.25
2025-02-07 12:01:00,11,6,5,181735.46000003148,-5901.25,325834.2100000315,5628.25
2025-02-07 12:16:00,11,6,5,181749.2200000315,-5502.5,326246.7200000315,5635.5
2025-02-07 12:31:00,11,6,5,181762.9800000315,-5585.0,326177.98000003153,5634.0
2025-02-07 12:46:00,11,6,5,181762.9800000315,-5296.25,326466.73000003153,5639.25
2025-02-07 13:01:00,11,6,5,181762.9800000315,-5433.75,326329.23000003153,5636.75
2025-02-07 13:16:00,11,6,5,181762.9800000315,-4636.25,327126.73000003153,5651.25
2025-02-07 13:31:00,11,6,5,181762.9800000315,-4760.0,327002.98000003153,5649.0
2025-02-07 13:46:00,11,6,5,181762.9800000315,-5530.0,326232.98000003153,5635.0
2025-02-07 14:01:00,11,6,5,181762.9800000315,-5970.0,325792.98000003153,5627.0
2025-02-07 14:16:00,11,6,5,181762.9800000315,-6080.0,325682.98000003153,5625.0
2025-02-07 14:31:00,11,6,5,181762.9800000315,-6382.5,325380.48000003153,5619.5
2025-02-07 14:46:00,11,6,5,181762.9800000315,-5887.5,325875.48000003153,5628.5
2025-02-07 15:01:00,11,6,5,181762.9800000315,-6162.5,325600.48000003153,5623.5
2025-02-07 15:16:00,11,6,5,181762.9800000315,-6423.75,325339.23000003153,5618.75
2025-02-07 15:31:00,11,6,5,181762.9800000315,-6341.25,325421.73000003153,5620.25
2025-02-07 15:46:00,11,6,5,181762.9800000315,-6245.0,325517.98000003153,5622.0
2025-02-07 16:01:00,11,6,5,181762.9800000315,-5983.75,325779.23000003153,5626.75
2025-02-10 09:31:00,11,6,5,181762.9800000315,-4650.0,327112.98000003153,5651.0
2025-02-10 09:46:00,11,6,5,181762.9800000315,-4911.25,326851.73000003153,5646.25
2025-02-10 10:01:00,11,6,5,181762.9800000315,-4677.5,327085.48000003153,5650.5
2025-02-10 10:16:00,11,6,5,181762.9800000315,-4196.25,327566.73000003153,5659.25
2025-02-10 10:31:00,11,6,5,181762.9800000315,-3921.25,327841.73000003153,5664.25
2025-02-10 10:46:00,11,6,5,181762.9800000315,-3797.5,327965.48000003153,5666.5
2025-02-10 11:01:00,11,6,5,181762.9800000315,-3866.25,327896.73000003153,5665.25
2025-02-10 11:16:00,11,6,5,181762.9800000315,-4223.75,327539.23000003153,5658.75
2025-02-10 11:31:00,11,6,5,181762.9800000315,-4347.5,327415.48000003153,5656.5
2025-02-10 11:46:00,11,6,5,181762.9800000315,-4265.0,327497.98000003153,5658.0
2025-02-10 12:01:00,11,6,5,181762.9800000315,-4223.75,327539.23000003153,5658.75
2025-02-10 12:16:00,12,6,6,181762.3600000315,-4853.75,326908.61000003153,5647.5
2025-02-10 12:31:00,11,6,5,181776.7400000315,-4595.0,327181.74000003154,5652.0
2025-02-10 12:46:00,11,6,5,181776.7400000315,-4333.75,327442.99000003154,5656.75
2025-02-10 13:01:00,11,6,5,181776.7400000315,-4113.75,327662.99000003154,5660.75
2025-02-10 13:16:00,11,6,5,181776.7400000315,-3907.5,327869.24000003154,5664.5
2025-02-10 13:31:00,11,6,5,181776.7400000315,-4031.25,327745.49000003154,5662.25
2025-02-10 13:46:00,11,6,5,181776.7400000315,-3976.25,327800.49000003154,5663.25
2025-02-10 14:01:00,11,6,5,181776.7400000315,-4045.0,327731.74000003154,5662.0
2025-02-10 14:16:00,11,6,5,181776.7400000315,-3742.5,328034.24000003154,5667.5
2025-02-10 14:31:00,11,6,5,181776.7400000315,-3756.25,328020.49000003154,5667.25
2025-02-10 14:46:00,11,6,5,181776.7400000315,-4017.5,327759.24000003154,5662.5
2025-02-10 15:01:00,11,6,5,181776.7400000315,-3935.0,327841.74000003154,5664.0
2025-02-10 15:16:00,11,6,5,181776.7400000315,-3797.5,327979.24000003154,5666.5
2025-02-10 15:31:00,11,6,5,181776.7400000315,-4031.25,327745.49000003154,5662.25
2025-02-10 15:46:00,11,6,5,181790.50000003152,-4003.75,327786.75000003155,5662.75
2025-02-10 16:01:00,11,6,5,181804.26000003153,-4168.75,327635.51000003156,5659.75
2025-02-11 09:31:00,11,6,5,181804.26000003153,-5090.0,326714.26000003156,5643.0
2025-02-11 09:46:00,11,6,5,181804.26000003153,-4842.5,326961.76000003156,5647.5
2025-02-11 10:01:00,11,6,5,181804.26000003153,-4787.5,327016.76000003156,5648.5
2025-02-11 10:16:00,11,6,5,181804.26000003153,-4828.75,326975.51000003156,5647.75
2025-02-11 10:31:00,11,6,5,181804.26000003153,-4430.0,327374.26000003156,5655.0
2025-02-11 10:46:00,11,6,5,181804.26000003153,-4127.5,327676.76000003156,5660.5
2025-02-11 11:01:00,11,6,5,181804.26000003153,-4100.0,327704.26000003156,5661.0
2025-02-11 11:16:00,11,6,5,181804.26000003153,-4072.5,327731.76000003156,5661.5
2025-02-11 11:31:00,11,6,5,181804.26000003153,-4168.75,327635.51000003156,5659.75
2025-02-11 11:46:00,11,6,5,181804.26000003153,-4031.25,327773.01000003156,5662.25
2025-02-11 12:01:00,11,6,5,181804.26000003153,-4430.0,327374.26000003156,5655.0
2025-02-11 12:16:00,12,6,6,181803.64000003153,-4927.5,326876.14000003156,5646.75
2025-02-11 12:31:00,12,6,6,181803.64000003153,-4282.5,327521.14000003156,5657.5
2025-02-11 12:46:00,12,6,6,181803.64000003153,-4522.5,327281.14000003156,5653.5
2025-02-11 13:01:00,12,6,6,181803.64000003153,-4717.5,327086.14000003156,5650.25
2025-02-11 13:16:00,12,6,6,181803.64000003153,-4627.5,327176.14000003156,5651.75
2025-02-11 13:31:00,12,6,6,181803.64000003153,-4387.5,327416.14000003156,5655.75
2025-02-11 13:46:00,11,6,5,181818.02000003154,-3811.25,328006.77000003157,5666.25
2025-02-11 14:01:00,11,6,5,181818.02000003154,-4127.5,327690.52000003157,5660.5
2025-02-11 14:16:00,11,6,5,181818.02000003154,-4182.5,327635.52000003157,5659.5
2025-02-11 14:31:00,11,6,5,181818.02000003154,-4045.0,327773.02000003157,5662.0
2025-02-11 14:46:00,11,6,5,181818.02000003154,-3632.5,328185.52000003157,5669.5
2025-02-11 15:01:00,11,6,5,181818.02000003154,-3660.0,328158.02000003157,5669.0
2025-02-11 15:16:00,11,6,5,181818.02000003154,-3742.5,328075.52000003157,5667.5
2025-02-11 15:31:00,11,6,5,181818.02000003154,-3825.0,327993.02000003157,5666.0
2025-02-11 15:46:00,12,6,6,181817.40000003154,-3977.5,327839.9000000316,5663.25
2025-02-11 16:01:00,11,6,5,181831.78000003155,-3825.0,328006.7800000316,5666.0
2025-02-12 09:31:00,11,6,5,181831.78000003155,-7413.75,324418.0300000316,5600.75
2025-02-12 09:46:00,11,6,5,181845.54000003156,-6423.75,325421.7900000316,5618.75
2025-02-12 10:01:00,11,6,5,181845.54000003156,-6300.0,325545.5400000316,5621.0
2025-02-12 10:16:00,11,6,5,181845.54000003156,-6630.0,325215.5400000316,5615.0
2025-02-12 10:31:00,11,6,5,181845.54000003156,-5915.0,325930.5400000316,5628.0
2025-02-12 10:46:00,11,6,5,181845.54000003156,-5461.25,326384.2900000316,5636.25
2025-02-12 11:01:00,11,6,5,181845.54000003156,-5585.0,326260.5400000316,5634.0
2025-02-12 11:16:00,11,6,5,181845.54000003156,-6300.0,325545.5400000316,5621.0
2025-02-12 11:31:00,11,6,5,181845.54000003156,-6327.5,325518.0400000316,5620.5
2025-02-12 11:46:00,11,6,5,181845.54000003156,-5585.0,326260.5400000316,5634.0
2025-02-12 12:01:00,11,6,5,181845.54000003156,-4732.5,327113.0400000316,5649.5
2025-02-12 12:16:00,11,6,5,181845.54000003156,-4622.5,327223.0400000316,5651.5
2025-02-12 12:31:00,11,6,5,181845.54000003156,-4622.5,327223.0400000316,5651.5
2025-02-12 12:46:00,11,6,5,181845.54000003156,-4801.25,327044.2900000316,5648.25
2025-02-12 13:01:00,11,6,5,181845.54000003156,-4251.25,327594.2900000316,5658.25
2025-02-12 13:16:00,11,6,5,181845.54000003156,-4567.5,327278.0400000316,5652.5
2025-02-12 13:31:00,11,6,5,181845.54000003156,-4677.5,327168.0400000316,5650.5
2025-02-12 13:46:00,11,6,5,181845.54000003156,-4993.75,326851.7900000316,5644.75
2025-02-12 14:01:00,11,6,5,181845.54000003156,-5007.5,326838.0400000316,5644.5
2025-02-12 14:16:00,12,6,6,181844.92000003156,-5308.75,326536.1700000316,5639.25
2025-02-12 14:31:00,11,6,5,181859.30000003157,-5048.75,326810.5500000316,5643.75
2025-02-12 14:46:00,11,6,5,181859.30000003157,-4760.0,327099.3000000316,5649.0
2025-02-12 15:01:00,11,6,5,181859.30000003157,-4526.25,327333.0500000316,5653.25
2025-02-12 15:16:00,11,6,5,181859.30000003157,-4732.5,327126.8000000316,5649.5
2025-02-12 15:31:00,11,6,5,181859.30000003157,-4815.0,327044.3000000316,5648.0
2025-02-12 15:46:00,11,6,5,181859.30000003157,-5172.5,326686.8000000316,5641.5
2025-02-12 16:01:00,11,6,5,181873.06000003158,-4815.0,327058.0600000316,5648.0
2025-02-13 09:31:00,11,6,5,181873.06000003158,-4251.25,327621.8100000316,5658.25
2025-02-13 09:46:00,11,6,5,181873.06000003158,-4375.0,327498.0600000316,5656.0
2025-02-13 10:01:00,11,6,5,181873.06000003158,-4045.0,327828.0600000316,5662.0
2025-02-13 10:16:00,11,6,5,181873.06000003158,-3783.75,328089.3100000316,5666.75
2025-02-13 10:31:00,11,6,5,181873.06000003158,-3453.75,328419.3100000316,5672.75
2025-02-13 10:46:00,11,6,5,181873.06000003158,-2793.75,329079.3100000316,5684.75
2025-02-13 11:01:00,11,6,5,181873.06000003158,-2917.5,328955.5600000316,5682.5
2025-02-13 11:16:00,11,6,5,181873.06000003158,-2725.0,329148.0600000316,5686.0
2025-02-13 11:31:00,11,6,5,181873.06000003158,-3123.75,328749.3100000316,5678.75
2025-02-13 11:46:00,11,6,5,181873.06000003158,-3096.25,328776.8100000316,5679.25
2025-02-13 12:01:00,12,6,6,181872.44000003158,-3587.5,328284.9400000316,5670.5
2025-02-13 12:16:00,11,6,5,181886.82000003158,-3330.0,328556.8200000316,5675.0
2025-02-13 12:31:00,11,6,5,181886.82000003158,-3302.5,328584.3200000316,5675.5
2025-02-13 12:46:00,11,6,5,181886.82000003158,-3068.75,328818.0700000316,5679.75
2025-02-13 13:01:00,11,6,5,181886.82000003158,-3467.5,328419.3200000316,5672.5
2025-02-13 13:16:00,11,6,5,181886.82000003158,-3371.25,328515.5700000316,5674.25
2025-02-13 13:31:00,11,6,5,181900.5800000316,-3343.75,328556.8300000316,5674.75
2025-02-13 13:46:00,11,6,5,181900.5800000316,-3316.25,328584.3300000316,5675.25
2025-02-13 14:46:00,11,6,5,181900.5800000316,-2092.5,329808.0800000316,5697.5
2025-02-13 15:01:00,10,6,4,181914.9600000316,-1900.0,330014.9600000316,5701.5
2025-02-13 15:16:00,10,6,4,181914.9600000316,-1687.5,330227.4600000316,5705.75
2025-02-13 15:31:00,10,6,4,181914.9600000316,-1662.5,330252.4600000316,5706.25
2025-02-13 15:46:00,10,6,4,181914.9600000316,-1737.5,330177.4600000316,5704.75
2025-02-13 16:01:00,10,6,4,181914.9600000316,-1625.0,330289.9600000316,5707.0
2025-02-14 09:31:00,10,6,4,181914.9600000316,-1400.0,330514.9600000316,5711.5
2025-02-14 09:46:00,10,6,4,181914.9600000316,-1287.5,330627.4600000316,5713.75
2025-02-14 10:01:00,10,6,4,181914.9600000316,-1312.5,330602.4600000316,5713.25
2025-02-14 10:16:00,10,6,4,181914.9600000316,-1250.0,330664.9600000316,5714.5
2025-02-14 10:31:00,10,6,4,181914.9600000316,-1437.5,330477.4600000316,5710.75
2025-02-14 10:46:00,11,6,5,181914.3400000316,-1427.5,330486.84000003163,5710.75
2025-02-14 11:01:00,10,6,4,181928.7200000316,-1312.5,330616.22000003164,5713.25
2025-02-14 11:16:00,10,6,4,181928.7200000316,-1312.5,330616.22000003164,5713.25
2025-02-14 11:31:00,10,6,4,181928.7200000316,-1625.0,330303.72000003164,5707.0
2025-02-14 11:46:00,10,6,4,181928.7200000316,-1475.0,330453.72000003164,5710.0
2025-02-14 12:01:00,10,6,4,181928.7200000316,-1437.5,330491.22000003164,5710.75
2025-02-14 12:16:00,11,6,5,181928.1000000316,-1735.0,330193.10000003164,5704.75
2025-02-14 12:31:00,11,6,5,181928.1000000316,-1845.0,330083.10000003164,5702.75
2025-02-14 12:46:00,11,6,5,181928.1000000316,-1831.25,330096.85000003164,5703.0
2025-02-14 13:01:00,10,6,4,181942.48000003162,-1562.5,330379.98000003165,5708.25
2025-02-14 13:16:00,10,6,4,181942.48000003162,-1562.5,330379.98000003165,5708.25
2025-02-14 13:31:00,10,6,4,181942.48000003162,-1475.0,330467.48000003165,5710.0
2025-02-14 13:46:00,10,6,4,181942.48000003162,-1225.0,330717.48000003165,5715.0
2025-02-14 14:01:00,10,6,4,181942.48000003162,-1287.5,330654.98000003165,5713.75
2025-02-14 14:16:00,10,6,4,181942.48000003162,-1212.5,330729.98000003165,5715.25
2025-02-14 14:31:00,10,6,4,181942.48000003162,-1450.0,330492.48000003165,5710.5
2025-02-14 14:46:00,10,6,4,181942.48000003162,-1387.5,330554.98000003165,5711.75
2025-02-14 15:01:00,10,6,4,181942.48000003162,-1525.0,330417.48000003165,5709.0
2025-02-14 15:16:00,10,6,4,181942.48000003162,-1437.5,330504.98000003165,5710.75
2025-02-14 15:31:00,11,6,5,181941.86000003162,-1727.5,330214.36000003165,5705.25
2025-02-14 15:46:00,11,6,5,181941.86000003162,-1658.75,330283.11000003165,5706.5
2025-02-14 16:01:00,11,6,5,181955.62000003163,-1800.0,330155.62000003166,5703.75
2025-02-18 09:31:00,10,6,4,182008.75000003164,-1100.0,330908.75000003166,5717.5
2025-02-18 09:46:00,11,6,5,182021.89000003165,-1465.0,330556.8900000317,5710.25
2025-02-18 10:01:00,10,6,4,182036.27000003165,-1637.5,330398.7700000317,5706.75
2025-02-18 10:16:00,10,6,4,182050.03000003166,-1587.5,330462.5300000317,5707.75
2025-02-18 10:31:00,10,6,4,182050.03000003166,-1812.5,330237.5300000317,5703.25
2025-02-18 10:46:00,10,6,4,182050.03000003166,-1550.0,330500.0300000317,5708.5
2025-02-18 11:01:00,10,6,4,182050.03000003166,-1287.5,330762.5300000317,5713.75
2025-02-18 11:16:00,10,6,4,182050.03000003166,-1350.0,330700.0300000317,5712.5
2025-02-18 11:31:00,10,6,4,182050.03000003166,-1425.0,330625.0300000317,5711.0
2025-02-18 11:46:00,10,6,4,182050.03000003166,-1412.5,330637.5300000317,5711.25
2025-02-18 12:01:00,10,6,4,182050.03000003166,-1512.5,330537.5300000317,5709.25
2025-02-18 12:16:00,10,6,4,182050.03000003166,-1550.0,330500.0300000317,5708.5
2025-02-18 12:31:00,10,6,4,182050.03000003166,-1487.5,330562.5300000317,5709.75
2025-02-18 12:46:00,10,6,4,182050.03000003166,-1437.5,330612.5300000317,5710.75
2025-02-18 13:01:00,10,6,4,182050.03000003166,-1350.0,330700.0300000317,5712.5
2025-02-18 13:16:00,10,6,4,182050.03000003166,-1487.5,330562.5300000317,5709.75
2025-02-18 13:31:00,10,6,4,182063.79000003167,-1712.5,330351.2900000317,5705.25
2025-02-18 13:46:00,10,6,4,182063.79000003167,-1712.5,330351.2900000317,5705.25
2025-02-18 14:01:00,10,6,4,182063.79000003167,-1687.5,330376.2900000317,5705.75
2025-02-18 14:16:00,11,6,5,182063.17000003168,-2126.25,329936.9200000317,5697.0
2025-02-18 14:31:00,10,6,4,182077.55000003168,-1962.5,330115.0500000317,5700.25
2025-02-18 14:46:00,10,6,4,182077.55000003168,-1837.5,330240.0500000317,5702.75
2025-02-18 15:01:00,10,6,4,182077.55000003168,-1612.5,330465.0500000317,5707.25
2025-02-18 15:16:00,10,6,4,182077.55000003168,-1625.0,330452.5500000317,5707.0
2025-02-18 15:31:00,10,6,4,182077.55000003168,-1625.0,330452.5500000317,5707.0
2025-02-18 15:46:00,10,6,4,182077.55000003168,-1612.5,330465.0500000317,5707.25
2025-02-18 16:01:00,9,6,3,182091.9300000317,-922.5,331169.4300000317,5721.25
2025-02-19 09:31:00,9,6,3,182091.9300000317,-1552.5,330539.4300000317,5707.25
2025-02-19 09:46:00,9,6,3,182091.9300000317,-1451.25,330640.6800000317,5709.5
2025-02-19 10:01:00,9,6,3,182091.9300000317,-1507.5,330584.4300000317,5708.25
2025-02-19 10:16:00,9,6,3,182091.9300000317,-1597.5,330494.4300000317,5706.25
2025-02-19 10:31:00,9,6,3,182091.9300000317,-1406.25,330685.6800000317,5710.5
2025-02-19 10:46:00,9,6,3,182091.9300000317,-1316.25,330775.6800000317,5712.5
2025-02-19 11:01:00,9,6,3,182091.9300000317,-1383.75,330708.1800000317,5711.0
2025-02-19 11:16:00,9,6,3,182091.9300000317,-956.25,331135.6800000317,5720.5
2025-02-19 11:31:00,9,6,3,182091.9300000317,-1023.75,331068.1800000317,5719.0
2025-02-19 11:46:00,9,6,3,182091.9300000317,-776.25,331315.6800000317,5724.5
2025-02-19 12:01:00,9,6,3,182091.9300000317,-776.25,331315.6800000317,5724.5
2025-02-19 12:16:00,9,6,3,182091.9300000317,-866.25,331225.6800000317,5722.5
2025-02-19 12:31:00,9,6,3,182091.9300000317,-1046.25,331045.6800000317,5718.5
2025-02-19 12:46:00,9,6,3,182091.9300000317,-978.75,331113.1800000317,5720.0
2025-02-19 13:01:00,9,6,3,182091.9300000317,-821.25,331270.6800000317,5723.5
2025-02-19 13:16:00,10,6,4,182091.3100000317,-987.5,331103.8100000317,5719.5
2025-02-19 13:31:00,9,6,3,182105.6900000317,-686.25,331419.4400000317,5726.5
2025-02-19 13:46:00,9,6,3,182105.6900000317,-765.0,331340.6900000317,5724.75
2025-02-19 14:01:00,9,6,3,182105.6900000317,-798.75,331306.9400000317,5724.0
2025-02-19 14:16:00,9,6,3,182105.6900000317,-281.25,331824.4400000317,5735.5
2025-02-19 14:31:00,9,6,3,182105.6900000317,-281.25,331824.4400000317,5735.5
2025-02-19 14:46:00,9,6,3,182105.6900000317,-247.5,331858.1900000317,5736.25
2025-02-19 15:01:00,9,6,3,182105.6900000317,-146.25,331959.4400000317,5738.5
2025-02-19 15:16:00,9,6,3,182105.6900000317,-247.5,331858.1900000317,5736.25
2025-02-19 15:31:00,9,6,3,182119.4500000317,-472.5,331646.95000003173,5731.25
2025-02-19 15:46:00,9,6,3,182119.4500000317,-461.25,331658.20000003173,5731.5
2025-02-19 16:01:00,9,6,3,182119.4500000317,-450.0,331669.45000003173,5731.75
2025-02-20 09:31:00,9,6,3,182119.4500000317,-866.25,331253.20000003173,5722.5
2025-02-20 09:46:00,9,6,3,182119.4500000317,-1338.75,330780.70000003173,5712.0
2025-02-20 10:01:00,11,6,5,182118.21000003172,-2903.75,329214.46000003174,5682.5
2025-02-20 10:16:00,11,6,5,182131.97000003172,-2243.75,329888.22000003175,5694.5
2025-02-20 10:31:00,11,6,5,182131.97000003172,-1913.75,330218.22000003175,5700.5
2025-02-20 10:46:00,11,6,5,182131.97000003172,-2422.5,329709.47000003175,5691.25
2025-02-20 11:01:00,11,6,5,182131.97000003172,-2821.25,329310.72000003175,5684.0
2025-02-20 11:16:00,11,6,5,182131.97000003172,-2780.0,329351.97000003175,5684.75
2025-02-20 11:31:00,11,6,5,182131.97000003172,-2615.0,329516.97000003175,5687.75
2025-02-20 11:46:00,11,6,5,182131.97000003172,-2835.0,329296.97000003175,5683.75
2025-02-20 12:01:00,11,6,5,182131.97000003172,-2917.5,329214.47000003175,5682.25
2025-02-20 12:16:00,11,6,5,182131.97000003172,-2367.5,329764.47000003175,5692.25
2025-02-20 12:31:00,11,6,5,182131.97000003172,-2216.25,329915.72000003175,5695.0
2025-02-20 12:46:00,11,6,5,182131.97000003172,-2161.25,329970.72000003175,5696.0
2025-02-20 13:01:00,11,6,5,182131.97000003172,-2628.75,329503.22000003175,5687.5
2025-02-20 13:16:00,11,6,5,182131.97000003172,-2505.0,329626.97000003175,5689.75
2025-02-20 13:31:00,11,6,5,182131.97000003172,-2683.75,329448.22000003175,5686.5
2025-02-20 13:46:00,11,6,5,182131.97000003172,-2312.5,329819.47000003175,5693.25
2025-02-20 14:01:00,11,6,5,182131.97000003172,-2285.0,329846.97000003175,5693.75
2025-02-20 14:16:00,11,6,5,182131.97000003172,-2023.75,330108.22000003175,5698.5
2025-02-20 14:31:00,11,6,5,182131.97000003172,-2037.5,330094.47000003175,5698.25
2025-02-20 14:46:00,11,6,5,182131.97000003172,-1996.25,330135.72000003175,5699.0
2025-02-20 15:01:00,10,6,4,182146.35000003173,-1727.5,330418.85000003176,5704.25
2025-02-20 15:16:00,10,6,4,182146.35000003173,-1752.5,330393.85000003176,5703.75
2025-02-20 15:31:00,10,6,4,182146.35000003173,-1677.5,330468.85000003176,5705.25
2025-02-20 15:46:00,10,6,4,182146.35000003173,-1590.0,330556.35000003176,5707.0
2025-02-20 16:01:00,10,6,4,182146.35000003173,-1452.5,330693.85000003176,5709.75
2025-02-21 09:31:00,10,6,4,182146.35000003173,-1852.5,330293.85000003176,5701.75
2025-02-21 09:46:00,10,6,4,182160.11000003174,-2065.0,330095.11000003177,5697.5
2025-02-21 10:01:00,11,6,5,182159.49000003174,-2643.75,329515.7400000318,5686.25
2025-02-21 10:16:00,11,6,5,182159.49000003174,-2740.0,329419.4900000318,5684.5
2025-02-21 10:31:00,12,6,6,182158.87000003175,-3395.0,328763.8700000318,5673.0
2025-02-21 10:46:00,12,6,6,182158.87000003175,-3725.0,328433.8700000318,5667.5
2025-02-21 11:01:00,12,6,6,182158.87000003175,-3260.0,328898.8700000318,5675.25
2025-02-21 11:16:00,12,6,6,182158.87000003175,-3275.0,328883.8700000318,5675.0
2025-02-21 11:31:00,12,6,6,182158.87000003175,-3455.0,328703.8700000318,5672.0
2025-02-21 11:46:00,12,6,6,182158.87000003175,-3350.0,328808.8700000318,5673.75
2025-02-21 12:01:00,12,6,6,182158.87000003175,-3425.0,328733.8700000318,5672.5
2025-02-21 12:16:00,12,6,6,182158.87000003175,-3740.0,328418.8700000318,5667.25
2025-02-21 12:31:00,12,6,6,182167.63000003176,-4160.0,328007.6300000318,5660.25
2025-02-21 12:46:00,12,6,6,182167.63000003176,-4685.0,327482.6300000318,5651.5
2025-02-21 13:01:00,12,6,6,182167.63000003176,-5300.0,326867.6300000318,5641.25
2025-02-21 13:16:00,12,6,6,182176.39000003177,-5525.0,326651.3900000318,5637.5
2025-02-21 13:31:00,12,6,6,182176.39000003177,-6320.0,325856.3900000318,5624.25
2025-02-21 13:46:00,12,6,6,182176.39000003177,-6410.0,325766.3900000318,5622.75
2025-02-21 14:01:00,12,6,6,182176.39000003177,-6485.0,325691.3900000318,5621.5
2025-02-21 14:16:00,12,6,6,182176.39000003177,-6380.0,325796.3900000318,5623.25
2025-02-21 14:31:00,13,6,7,182175.77000003177,-7330.0,324845.7700000318,5607.5
2025-02-21 14:46:00,13,6,7,182175.77000003177,-7671.25,324504.5200000318,5602.25
2025-02-21 15:01:00,13,6,7,182175.77000003177,-7427.5,324748.2700000318,5606.0
2025-02-21 15:16:00,13,6,7,182175.77000003177,-7411.25,324764.5200000318,5606.25
2025-02-21 15:31:00,12,6,6,182185.15000003178,-6995.0,325190.1500000318,5613.0
2025-02-21 15:46:00,12,6,6,182185.15000003178,-7550.0,324635.1500000318,5603.75
2025-02-21 16:01:00,12,6,6,182193.91000003178,-7355.0,324838.9100000318,5607.0
2025-02-24 09:31:00,12,6,6,182193.91000003178,-6260.0,325933.9100000318,5625.25
2025-02-24 09:46:00,12,6,6,182193.91000003178,-6830.0,325363.9100000318,5615.75
2025-02-24 10:01:00,13,6,7,182193.2900000318,-8193.75,323999.5400000318,5593.5
2025-02-24 10:16:00,13,6,7,182193.2900000318,-8128.75,324064.5400000318,5594.5
2025-02-24 10:31:00,13,6,7,182193.2900000318,-8665.0,323528.2900000318,5586.25
2025-02-24 10:46:00,13,6,7,182193.2900000318,-9038.75,323154.5400000318,5580.5
2025-02-24 11:01:00,13,6,7,182193.2900000318,-8811.25,323382.0400000318,5584.0
2025-02-24 11:16:00,13,6,7,182193.2900000318,-8502.5,323690.7900000318,5588.75
2025-02-24 11:31:00,12,6,6,182202.6700000318,-7325.0,324877.6700000318,5607.5
2025-02-24 11:46:00,12,6,6,182202.6700000318,-7160.0,325042.6700000318,5610.25
2025-02-24 12:01:00,12,6,6,182202.6700000318,-7460.0,324742.6700000318,5605.25
2025-02-24 12:16:00,12,6,6,182202.6700000318,-7040.0,325162.6700000318,5612.25
2025-02-24 12:31:00,12,6,6,182202.6700000318,-6965.0,325237.6700000318,5613.5
2025-02-24 12:46:00,12,6,6,182202.6700000318,-6560.0,325642.6700000318,5620.25
2025-02-24 13:01:00,12,6,6,182202.6700000318,-7175.0,325027.6700000318,5610.0
2025-02-24 13:16:00,12,6,6,182202.6700000318,-6875.0,325327.6700000318,5615.0
2025-02-24 13:31:00,12,6,6,182202.6700000318,-6710.0,325492.6700000318,5617.75
2025-02-24 13:46:00,12,6,6,182202.6700000318,-6680.0,325522.6700000318,5618.25
2025-02-24 14:01:00,12,6,6,182202.6700000318,-7085.0,325117.6700000318,5611.5
2025-02-24 14:16:00,12,6,6,182202.6700000318,-7115.0,325087.6700000318,5611.0
2025-02-24 14:31:00,12,6,6,182202.6700000318,-7340.0,324862.6700000318,5607.25
2025-02-24 14:46:00,12,6,6,182202.6700000318,-7595.0,324607.6700000318,5603.0
2025-02-24 15:01:00,12,6,6,182211.4300000318,-7805.0,324406.43000003183,5599.5
2025-02-24 15:16:00,12,6,6,182211.4300000318,-7685.0,324526.43000003183,5601.5
2025-02-24 15:31:00,12,6,6,182211.4300000318,-8030.0,324181.43000003183,5595.75
2025-02-24 15:46:00,12,6,6,182211.4300000318,-8345.0,323866.43000003183,5590.5
2025-02-24 16:01:00,13,6,7,182210.8100000318,-9198.75,323012.06000003184,5576.5
2025-02-25 09:31:00,12,6,6,182220.1900000318,-9305.0,322915.19000003184,5574.5
2025-02-25 09:46:00,12,6,6,182220.1900000318,-9650.0,322570.19000003184,5568.75
2025-02-25 10:01:00,12,6,6,182228.95000003182,-11150.0,321078.95000003185,5543.75
2025-02-25 10:16:00,12,6,6,182246.47000003184,-11885.0,320361.47000003187,5531.5
2025-02-25 10:31:00,12,6,6,182263.99000003186,-13190.0,319073.9900000319,5509.75
2025-02-25 10:46:00,12,6,6,182272.75000003187,-12155.0,320117.7500000319,5527.0
2025-02-25 11:01:00,12,6,6,182272.75000003187,-12560.0,319712.7500000319,5520.25
2025-02-25 11:16:00,12,6,6,182272.75000003187,-12560.0,319712.7500000319,5520.25
2025-02-25 11:31:00,12,6,6,182272.75000003187,-13265.0,319007.7500000319,5508.5
2025-02-25 11:46:00,12,6,6,182272.75000003187,-12920.0,319352.7500000319,5514.25
2025-02-25 12:01:00,12,6,6,182272.75000003187,-11630.0,320642.7500000319,5535.75
2025-02-25 12:16:00,12,6,6,182272.75000003187,-12005.0,320267.7500000319,5529.5
2025-02-25 12:31:00,12,6,6,182272.75000003187,-11510.0,320762.7500000319,5537.75
2025-02-25 12:46:00,12,6,6,182272.75000003187,-11195.0,321077.7500000319,5543.0
2025-02-25 13:01:00,12,6,6,182272.75000003187,-10475.0,321797.7500000319,5555.0
2025-02-25 13:16:00,12,6,6,182272.75000003187,-10655.0,321617.7500000319,5552.0
2025-02-25 13:31:00,12,6,6,182272.75000003187,-11405.0,320867.7500000319,5539.5
2025-02-25 13:46:00,12,6,6,182272.75000003187,-10190.0,322082.7500000319,5559.75
2025-02-25 14:01:00,12,6,6,182272.75000003187,-10820.0,321452.7500000319,5549.25
2025-02-25 14:16:00,12,6,6,182272.75000003187,-11660.0,320612.7500000319,5535.25
2025-02-25 14:31:00,12,6,6,182281.51000003188,-11600.0,320681.5100000319,5536.25
2025-02-25 14:46:00,12,6,6,182281.51000003188,-10790.0,321491.5100000319,5549.75
2025-02-25 15:01:00,12,6,6,182281.51000003188,-10370.0,321911.5100000319,5556.75
2025-02-25 15:16:00,12,6,6,182281.51000003188,-10520.0,321761.5100000319,5554.25
2025-02-25 15:31:00,12,6,6,182281.51000003188,-10295.0,321986.5100000319,5558.0
2025-02-25 15:46:00,12,6,6,182281.51000003188,-11120.0,321161.5100000319,5544.25
2025-02-25 16:01:00,12,6,6,182281.51000003188,-10865.0,321416.5100000319,5548.5
2025-02-26 09:31:00,12,6,6,182281.51000003188,-10580.0,321701.5100000319,5553.25
2025-02-26 09:46:00,12,6,6,182281.51000003188,-10025.0,322256.5100000319,5562.5
2025-02-26 10:01:00,12,6,6,182281.51000003188,-9170.0,323111.5100000319,5576.75
2025-02-26 10:16:00,12,6,6,182281.51000003188,-8540.0,323741.5100000319,5587.25
2025-02-26 10:31:00,12,6,6,182281.51000003188,-8600.0,323681.5100000319,5586.25
2025-02-26 10:46:00,12,6,6,182281.51000003188,-8510.0,323771.5100000319,5587.75
2025-02-26 11:01:00,12,6,6,182281.51000003188,-8195.0,324086.5100000319,5593.0
2025-02-26 11:16:00,12,6,6,182281.51000003188,-8045.0,324236.5100000319,5595.5
2025-02-26 11:31:00,12,6,6,182281.51000003188,-8555.0,323726.5100000319,5587.0
2025-02-26 11:46:00,12,6,6,182281.51000003188,-8345.0,323936.5100000319,5590.5
2025-02-26 12:01:00,12,6,6,182281.51000003188,-8855.0,323426.5100000319,5582.0
2025-02-26 12:16:00,12,6,6,182290.2700000319,-8240.0,324050.2700000319,5592.25
2025-02-26 12:31:00,12,6,6,182290.2700000319,-8465.0,323825.2700000319,5588.5
2025-02-26 12:46:00,12,6,6,182290.2700000319,-9290.0,323000.2700000319,5574.75
2025-02-26 13:01:00,12,6,6,182299.0300000319,-10325.0,321974.0300000319,5557.5
2025-02-26 13:16:00,12,6,6,182307.7900000319,-10790.0,321517.79000003194,5549.75
2025-02-26 13:31:00,12,6,6,182307.7900000319,-11120.0,321187.79000003194,5544.25
2025-02-26 13:46:00,12,6,6,182316.55000003192,-11420.0,320896.55000003194,5539.25
2025-02-26 14:01:00,13,6,7,182315.93000003192,-12280.0,320035.93000003195,5525.75
2025-02-26 14:16:00,13,6,7,182315.93000003192,-12280.0,320035.93000003195,5525.75
2025-02-26 14:31:00,12,6,6,182325.31000003192,-11705.0,320620.31000003195,5534.5
2025-02-26 14:46:00,12,6,6,182325.31000003192,-11180.0,321145.31000003195,5543.25
2025-02-26 15:01:00,12,6,6,182325.31000003192,-12035.0,320290.31000003195,5529.0
2025-02-26 15:16:00,12,6,6,182325.31000003192,-11915.0,320410.31000003195,5531.0
2025-02-26 15:31:00,12,6,6,182325.31000003192,-11600.0,320725.31000003195,5536.25
2025-02-26 15:46:00,12,6,6,182325.31000003192,-10625.0,321700.31000003195,5552.5
2025-02-26 16:01:00,12,6,6,182325.31000003192,-10775.0,321550.31000003195,5550.0
2025-02-27 09:31:00,12,6,6,182325.31000003192,-9410.0,322915.31000003195,5572.75
2025-02-27 09:46:00,12,6,6,182325.31000003192,-10070.0,322255.31000003195,5561.75
2025-02-27 10:01:00,13,6,7,182324.69000003193,-13122.5,319202.19000003196,5512.25
2025-02-27 10:16:00,12,6,6,182334.07000003193,-11285.0,321049.07000003196,5541.5
2025-02-27 10:31:00,12,6,6,182334.07000003193,-10805.0,321529.07000003196,5549.5
2025-02-27 10:46:00,12,6,6,182334.07000003193,-10820.0,321514.07000003196,5549.25
2025-02-27 11:01:00,12,6,6,182334.07000003193,-11240.0,321094.07000003196,5542.25
2025-02-27 11:16:00,12,6,6,182334.07000003193,-10370.0,321964.07000003196,5556.75
2025-02-27 11:31:00,12,6,6,182334.07000003193,-11135.0,321199.07000003196,5544.0
2025-02-27 11:46:00,12,6,6,182334.07000003193,-11465.0,320869.07000003196,5538.5
2025-02-27 12:01:00,12,6,6,182334.07000003193,-12260.0,320074.07000003196,5525.25
2025-02-27 12:16:00,12,6,6,182334.07000003193,-12440.0,319894.07000003196,5522.25
2025-02-27 12:31:00,12,6,6,182334.07000003193,-11360.0,320974.07000003196,5540.25
2025-02-27 12:46:00,12,6,6,182334.07000003193,-11840.0,320494.07000003196,5532.25
2025-02-27 13:01:00,12,6,6,182334.07000003193,-11360.0,320974.07000003196,5540.25
2025-02-27 13:16:00,12,6,6,182334.07000003193,-10865.0,321469.07000003196,5548.5
2025-02-27 13:31:00,12,6,6,182334.07000003193,-10925.0,321409.07000003196,5547.5
2025-02-27 13:46:00,12,6,6,182334.07000003193,-11195.0,321139.07000003196,5543.0
2025-02-27 14:01:00,12,6,6,182334.07000003193,-11690.0,320644.07000003196,5534.75
2025-02-27 14:16:00,12,6,6,182334.07000003193,-12350.0,319984.07000003196,5523.75
2025-02-27 14:31:00,12,6,6,182334.07000003193,-13625.0,318709.07000003196,5502.5
2025-02-27 14:46:00,12,6,6,182342.83000003194,-14030.0,318312.830000032,5495.75
2025-02-27 15:01:00,12,6,6,182342.83000003194,-14480.0,317862.830000032,5488.25
2025-02-27 15:16:00,12,6,6,182360.35000003196,-15665.0,316695.350000032,5468.5
2025-02-27 15:31:00,12,6,6,182360.35000003196,-15650.0,316710.350000032,5468.75
2025-02-27 15:46:00,13,6,7,182359.73000003197,-16055.0,316304.730000032,5462.25
2025-02-27 16:01:00,13,6,7,182368.49000003198,-16801.25,315567.240000032,5449.75
2025-02-28 09:31:00,12,6,6,182377.87000003198,-16805.0,315572.870000032,5449.5
2025-02-28 09:46:00,12,6,6,182386.630000032,-16550.0,315836.630000032,5453.75
2025-02-28 10:01:00,12,6,6,182386.630000032,-15950.0,316436.630000032,5463.75
2025-02-28 10:16:00,12,6,6,182386.630000032,-15755.0,316631.630000032,5467.0
2025-02-28 10:31:00,12,6,6,182386.630000032,-14885.0,317501.630000032,5481.5
2025-02-28 10:46:00,12,6,6,182386.630000032,-15140.0,317246.630000032,5477.25
2025-02-28 11:01:00,12,6,6,182386.630000032,-14780.0,317606.630000032,5483.25
2025-02-28 11:16:00,12,6,6,182386.630000032,-15650.0,316736.630000032,5468.75
2025-02-28 11:31:00,12,6,6,182386.630000032,-16235.0,316151.630000032,5459.0
2025-02-28 11:46:00,12,6,6,182386.630000032,-15350.0,317036.630000032,5473.75
2025-02-28 12:01:00,12,6,6,182386.630000032,-15515.0,316871.630000032,5471.0
2025-02-28 12:16:00,12,6,6,182386.630000032,-15470.0,316916.630000032,5471.75
2025-02-28 12:31:00,12,6,6,182386.630000032,-15890.0,316496.630000032,5464.75
2025-02-28 12:46:00,12,6,6,182386.630000032,-16685.0,315701.630000032,5451.5
2025-02-28 13:01:00,12,6,6,182395.390000032,-17345.0,315050.390000032,5440.5
2025-02-28 13:16:00,12,6,6,182404.150000032,-17345.0,315059.15000003204,5440.5
2025-02-28 13:31:00,12,6,6,182404.150000032,-16970.0,315434.15000003204,5446.75
2025-02-28 13:46:00,12,6,6,182404.150000032,-16445.0,315959.15000003204,5455.5
2025-02-28 14:01:00,12,6,6,182404.150000032,-17240.0,315164.15000003204,5442.25
2025-02-28 14:16:00,12,6,6,182404.150000032,-17045.0,315359.15000003204,5445.5
2025-02-28 14:31:00,12,6,6,182404.150000032,-16355.0,316049.15000003204,5457.0
2025-02-28 14:46:00,12,6,6,182404.150000032,-15500.0,316904.15000003204,5471.25
2025-02-28 15:01:00,12,6,6,182404.150000032,-15005.0,317399.15000003204,5479.5
2025-02-28 15:16:00,12,6,6,182404.150000032,-14600.0,317804.15000003204,5486.25
2025-02-28 15:31:00,12,6,6,182404.150000032,-14450.0,317954.15000003204,5488.75
2025-02-28 15:46:00,12,6,6,182404.150000032,-13970.0,318434.15000003204,5496.75
2025-02-28 16:01:00,12,6,6,182404.150000032,-11570.0,320834.15000003204,5536.75
2025-03-03 09:31:00,12,6,6,182404.150000032,-10400.0,322004.15000003204,5556.25
2025-03-03 09:46:00,12,6,6,182404.150000032,-11030.0,321374.15000003204,5545.75
2025-03-03 10:01:00,12,6,6,182404.150000032,-12815.0,319589.15000003204,5516.0
2025-03-03 10:16:00,12,6,6,182404.150000032,-12830.0,319574.15000003204,5515.75
2025-03-03 10:31:00,12,6,6,182404.150000032,-11405.0,320999.15000003204,5539.5
2025-03-03 10:46:00,12,6,6,182404.150000032,-11150.0,321254.15000003204,5543.75
2025-03-03 11:01:00,12,6,6,182404.150000032,-12110.0,320294.15000003204,5527.75
2025-03-03 11:16:00,12,6,6,182404.150000032,-12245.0,320159.15000003204,5525.5
2025-03-03 11:31:00,12,6,6,182404.150000032,-12365.0,320039.15000003204,5523.5
2025-03-03 11:46:00,12,6,6,182404.150000032,-13010.0,319394.15000003204,5512.75
2025-03-03 12:01:00,12,6,6,182404.150000032,-12155.0,320249.15000003204,5527.0
2025-03-03 12:16:00,12,6,6,182404.150000032,-11900.0,320504.15000003204,5531.25
2025-03-03 12:31:00,12,6,6,182404.150000032,-11750.0,320654.15000003204,5533.75
2025-03-03 12:46:00,12,6,6,182404.150000032,-11930.0,320474.15000003204,5530.75
2025-03-03 13:01:00,12,6,6,182404.150000032,-13010.0,319394.15000003204,5512.75
2025-03-03 13:16:00,12,6,6,182404.150000032,-14120.0,318284.15000003204,5494.25
2025-03-03 13:31:00,12,6,6,182404.150000032,-14765.0,317639.15000003204,5483.5
2025-03-03 13:46:00,12,6,6,182404.150000032,-14870.0,317534.15000003204,5481.75
2025-03-03 14:01:00,12,6,6,182404.150000032,-14120.0,318284.15000003204,5494.25
2025-03-03 14:16:00,12,6,6,182404.150000032,-14495.0,317909.15000003204,5488.0
2025-03-03 14:31:00,12,6,6,182404.150000032,-14585.0,317819.15000003204,5486.5
2025-03-03 14:46:00,12,6,6,182404.150000032,-14180.0,318224.15000003204,5493.25
2025-03-03 15:01:00,12,6,6,182412.91000003202,-16715.0,315697.91000003205,5451.0
2025-03-03 15:16:00,12,6,6,182412.91000003202,-18095.0,314317.91000003205,5428.0
2025-03-03 15:31:00,12,6,6,182412.91000003202,-18860.0,313552.91000003205,5415.25
2025-03-03 15:46:00,12,6,6,182421.67000003203,-19325.0,313096.67000003206,5407.5
2025-03-03 16:01:00,12,6,6,182421.67000003203,-17330.0,315091.67000003206,5440.75
2025-03-04 09:31:00,12,6,6,182421.67000003203,-20375.0,312046.67000003206,5390.0
2025-03-04 09:46:00,12,6,6,182421.67000003203,-21110.0,311311.67000003206,5377.75
2025-03-04 10:01:00,12,6,6,182430.43000003204,-22895.0,309535.43000003207,5348.0
2025-03-04 10:16:00,12,6,6,182430.43000003204,-23495.0,308935.43000003207,5338.0
2025-03-04 10:31:00,12,6,6,182439.19000003205,-23045.0,309394.1900000321,5345.5
2025-03-04 10:46:00,12,6,6,182439.19000003205,-22775.0,309664.1900000321,5350.0
2025-03-04 11:01:00,12,6,6,182439.19000003205,-23375.0,309064.1900000321,5340.0
2025-03-04 11:16:00,12,6,6,182439.19000003205,-23120.0,309319.1900000321,5344.25
2025-03-04 11:31:00,12,6,6,182439.19000003205,-23885.0,308554.1900000321,5331.5
2025-03-04 11:46:00,12,6,6,182439.19000003205,-22850.0,309589.1900000321,5348.75
2025-03-04 12:01:00,12,6,6,182439.19000003205,-22505.0,309934.1900000321,5354.5
2025-03-04 12:16:00,12,6,6,182439.19000003205,-22055.0,310384.1900000321,5362.0
2025-03-04 12:31:00,12,6,6,182439.19000003205,-21620.0,310819.1900000321,5369.25
2025-03-04 12:46:00,12,6,6,182439.19000003205,-21320.0,311119.1900000321,5374.25
2025-03-04 13:01:00,12,6,6,182439.19000003205,-22055.0,310384.1900000321,5362.0
2025-03-04 13:16:00,12,6,6,182439.19000003205,-20375.0,312064.1900000321,5390.0
2025-03-04 13:31:00,12,6,6,182439.19000003205,-21770.0,310669.1900000321,5366.75
2025-03-04 13:46:00,12,6,6,182439.19000003205,-20555.0,311884.1900000321,5387.0
2025-03-04 14:01:00,12,6,6,182439.19000003205,-19775.0,312664.1900000321,5400.0
2025-03-04 14:16:00,12,6,6,182439.19000003205,-19205.0,313234.1900000321,5409.5
2025-03-04 14:31:00,12,6,6,182439.19000003205,-19055.0,313384.1900000321,5412.0
2025-03-04 14:46:00,12,6,6,182439.19000003205,-18710.0,313729.1900000321,5417.75
2025-03-04 15:01:00,12,6,6,182439.19000003205,-18185.0,314254.1900000321,5426.5
2025-03-04 15:16:00,12,6,6,182439.19000003205,-18005.0,314434.1900000321,5429.5
2025-03-04 15:31:00,12,6,6,182439.19000003205,-18305.0,314134.1900000321,5424.5
2025-03-04 15:46:00,12,6,6,182456.71000003206,-20165.0,312291.7100000321,5393.5
2025-03-04 16:01:00,12,6,6,182456.71000003206,-21515.0,310941.7100000321,5371.0
2025-03-05 09:31:00,12,6,6,182456.71000003206,-21710.0,310746.7100000321,5367.75
2025-03-05 09:46:00,12,6,6,182456.71000003206,-20885.0,311571.7100000321,5381.5
2025-03-05 10:01:00,12,6,6,182456.71000003206,-20825.0,311631.7100000321,5382.5
2025-03-05 10:16:00,12,6,6,182456.71000003206,-21515.0,310941.7100000321,5371.0
2025-03-05 10:31:00,12,6,6,182456.71000003206,-22640.0,309816.7100000321,5352.25
2025-03-05 10:46:00,12,6,6,182456.71000003206,-21665.0,310791.7100000321,5368.5
2025-03-05 11:01:00,12,6,6,182456.71000003206,-22385.0,310071.7100000321,5356.5
2025-03-05 11:16:00,12,6,6,182456.71000003206,-23165.0,309291.7100000321,5343.5
2025-03-05 11:31:00,12,6,6,182456.71000003206,-23405.0,309051.7100000321,5339.5
2025-03-05 11:46:00,12,6,6,182456.71000003206,-24035.0,308421.7100000321,5329.0
2025-03-05 12:01:00,12,6,6,182456.71000003206,-21755.0,310701.7100000321,5367.0
2025-03-05 12:16:00,12,6,6,182456.71000003206,-22100.0,310356.7100000321,5361.25
2025-03-05 12:31:00,12,6,6,182456.71000003206,-20945.0,311511.7100000321,5380.5
2025-03-05 12:46:00,12,6,6,182456.71000003206,-20930.0,311526.7100000321,5380.75
2025-03-05 13:01:00,12,6,6,182456.71000003206,-19745.0,312711.7100000321,5400.5
2025-03-05 13:16:00,12,6,6,182456.71000003206,-20270.0,312186.7100000321,5391.75
2025-03-05 13:31:00,12,6,6,182456.71000003206,-20765.0,311691.7100000321,5383.5
2025-03-05 13:46:00,12,6,6,182456.71000003206,-20585.0,311871.7100000321,5386.5
2025-03-05 14:01:00,12,6,6,182456.71000003206,-19430.0,313026.7100000321,5405.75
2025-03-05 14:16:00,12,6,6,182456.71000003206,-17600.0,314856.7100000321,5436.25
2025-03-05 14:31:00,12,6,6,182456.71000003206,-18140.0,314316.7100000321,5427.25
2025-03-05 14:46:00,12,6,6,182456.71000003206,-18320.0,314136.7100000321,5424.25
2025-03-05 15:01:00,12,6,6,182456.71000003206,-18005.0,314451.7100000321,5429.5
2025-03-05 15:16:00,12,6,6,182456.71000003206,-17495.0,314961.7100000321,5438.0
2025-03-05 15:31:00,12,6,6,182456.71000003206,-18140.0,314316.7100000321,5427.25
2025-03-05 15:46:00,12,6,6,182456.71000003206,-18125.0,314331.7100000321,5427.5
2025-03-05 16:01:00,12,6,6,182465.47000003207,-18245.0,314220.4700000321,5425.5
2025-03-06 09:31:00,12,6,6,182465.47000003207,-22910.0,309555.4700000321,5347.75
2025-03-06 09:46:00,12,6,6,182474.23000003208,-23705.0,308769.2300000321,5334.5
2025-03-06 10:01:00,12,6,6,182474.23000003208,-23195.0,309279.2300000321,5343.0
2025-03-06 10:16:00,12,6,6,182474.23000003208,-21545.0,310929.2300000321,5370.5
2025-03-06 10:31:00,12,6,6,182474.23000003208,-21200.0,311274.2300000321,5376.25
2025-03-06 10:46:00,12,6,6,182474.23000003208,-20435.0,312039.2300000321,5389.0
2025-03-06 11:01:00,12,6,6,182474.23000003208,-20735.0,311739.2300000321,5384.0
2025-03-06 11:16:00,12,6,6,182474.23000003208,-20765.0,311709.2300000321,5383.5
2025-03-06 11:31:00,12,6,6,182482.9900000321,-20825.0,311657.9900000321,5382.5
2025-03-06 11:46:00,12,6,6,182482.9900000321,-22130.0,310352.9900000321,5360.75
2025-03-06 12:01:00,12,6,6,182482.9900000321,-23390.0,309092.9900000321,5339.75
2025-03-06 12:16:00,12,6,6,182491.7500000321,-24230.0,308261.75000003213,5325.75
2025-03-06 12:31:00,12,6,6,182491.7500000321,-24095.0,308396.75000003213,5328.0
2025-03-06 12:46:00,12,6,6,182491.7500000321,-24830.0,307661.75000003213,5315.75
2025-03-06 13:01:00,12,6,6,182491.7500000321,-24680.0,307811.75000003213,5318.25
2025-03-06 13:16:00,12,6,6,182491.7500000321,-24200.0,308291.75000003213,5326.25
2025-03-06 13:31:00,12,6,6,182491.7500000321,-24530.0,307961.75000003213,5320.75
2025-03-06 13:46:00,12,6,6,182491.7500000321,-25160.0,307331.75000003213,5310.25
2025-03-06 14:01:00,12,6,6,182491.7500000321,-24965.0,307526.75000003213,5313.5
2025-03-06 14:16:00,12,6,6,182491.7500000321,-25205.0,307286.75000003213,5309.5
2025-03-06 14:31:00,12,6,6,182491.7500000321,-25940.0,306551.75000003213,5297.25
2025-03-06 14:46:00,12,6,6,182491.7500000321,-24860.0,307631.75000003213,5315.25
2025-03-06 15:01:00,12,6,6,182491.7500000321,-25340.0,307151.75000003213,5307.25
2025-03-06 15:16:00,12,6,6,182491.7500000321,-24305.0,308186.75000003213,5324.5
2025-03-06 15:31:00,12,6,6,182491.7500000321,-24290.0,308201.75000003213,5324.75
2025-03-06 15:46:00,12,6,6,182491.7500000321,-24890.0,307601.75000003213,5314.75
2025-03-06 16:01:00,12,6,6,182491.7500000321,-24320.0,308171.75000003213,5324.25
2025-03-07 09:31:00,12,6,6,182491.7500000321,-25310.0,307181.75000003213,5307.75
2025-03-07 09:46:00,12,6,6,182491.7500000321,-23780.0,308711.75000003213,5333.25
2025-03-07 10:01:00,12,6,6,182491.7500000321,-24440.0,308051.75000003213,5322.25
2025-03-07 10:16:00,12,6,6,182491.7500000321,-24650.0,307841.75000003213,5318.75
2025-03-07 10:31:00,12,6,6,182491.7500000321,-25190.0,307301.75000003213,5309.75
2025-03-07 10:46:00,13,6,7,182491.1300000321,-26100.0,306391.13000003214,5294.5
2025-03-07 11:01:00,12,6,6,182500.5100000321,-25850.0,306650.51000003214,5298.75
2025-03-07 11:16:00,12,6,6,182500.5100000321,-26435.0,306065.51000003214,5289.0
2025-03-07 11:31:00,12,6,6,182500.5100000321,-27875.0,304625.51000003214,5265.0
2025-03-07 11:46:00,12,6,6,182500.5100000321,-28190.0,304310.51000003214,5259.75
2025-03-07 12:01:00,12,6,6,182500.5100000321,-27725.0,304775.51000003214,5267.5
2025-03-07 12:16:00,12,6,6,182500.5100000321,-28175.0,304325.51000003214,5260.0
2025-03-07 12:31:00,12,6,6,182500.5100000321,-27620.0,304880.51000003214,5269.25
2025-03-07 12:46:00,12,6,6,182500.5100000321,-25085.0,307415.51000003214,5311.5
2025-03-07 13:01:00,12,6,6,182500.5100000321,-26120.0,306380.51000003214,5294.25
2025-03-07 13:16:00,12,6,6,182500.5100000321,-24215.0,308285.51000003214,5326.0
2025-03-07 13:31:00,12,6,6,182500.5100000321,-24665.0,307835.51000003214,5318.5
2025-03-07 13:46:00,12,6,6,182500.5100000321,-23705.0,308795.51000003214,5334.5
2025-03-07 14:01:00,12,6,6,182500.5100000321,-23030.0,309470.51000003214,5345.75
2025-03-07 14:16:00,12,6,6,182500.5100000321,-23135.0,309365.51000003214,5344.0
2025-03-07 14:31:00,12,6,6,182500.5100000321,-22265.0,310235.51000003214,5358.5
2025-03-07 14:46:00,12,6,6,182500.5100000321,-23165.0,309335.51000003214,5343.5
2025-03-07 15:01:00,12,6,6,182500.5100000321,-23390.0,309110.51000003214,5339.75
2025-03-07 15:16:00,12,6,6,182500.5100000321,-23465.0,309035.51000003214,5338.5
2025-03-07 15:31:00,12,6,6,182500.5100000321,-22550.0,309950.51000003214,5353.75
2025-03-07 15:46:00,12,6,6,182509.27000003212,-23435.0,309074.27000003215,5339.0
2025-03-07 16:01:00,12,6,6,182509.27000003212,-22970.0,309539.27000003215,5346.75
2025-03-10 09:31:00,12,6,6,182509.27000003212,-27440.0,305069.27000003215,5272.25
2025-03-10 09:46:00,12,6,6,182518.03000003213,-26900.0,305618.03000003216,5281.25
2025-03-10 10:01:00,12,6,6,182518.03000003213,-28115.0,304403.03000003216,5261.0
2025-03-10 10:16:00,12,6,6,182518.03000003213,-28445.0,304073.03000003216,5255.5
2025-03-10 10:31:00,12,6,6,182518.03000003213,-29090.0,303428.03000003216,5244.75
2025-03-10 10:46:00,12,6,6,182518.03000003213,-29840.0,302678.03000003216,5232.25
2025-03-10 11:01:00,12,6,6,182518.03000003213,-29810.0,302708.03000003216,5232.75
2025-03-10 11:16:00,12,6,6,182518.03000003213,-29360.0,303158.03000003216,5240.25
2025-03-10 11:31:00,12,6,6,182518.03000003213,-29225.0,303293.03000003216,5242.5
2025-03-10 11:46:00,12,6,6,182518.03000003213,-29840.0,302678.03000003216,5232.25
2025-03-10 12:01:00,12,6,6,182518.03000003213,-29990.0,302528.03000003216,5229.75
2025-03-10 12:16:00,12,6,6,182518.03000003213,-30020.0,302498.03000003216,5229.25
2025-03-10 12:31:00,12,6,6,182518.03000003213,-29900.0,302618.03000003216,5231.25
2025-03-10 12:46:00,12,6,6,182518.03000003213,-30410.0,302108.03000003216,5222.75
2025-03-10 13:01:00,12,6,6,182518.03000003213,-30635.0,301883.03000003216,5219.0
2025-03-10 13:16:00,12,6,6,182518.03000003213,-31100.0,301418.03000003216,5211.25
2025-03-10 13:31:00,12,6,6,182518.03000003213,-31370.0,301148.03000003216,5206.75
2025-03-10 13:46:00,12,6,6,182518.03000003213,-31550.0,300968.03000003216,5203.75
2025-03-10 14:01:00,12,6,6,182518.03000003213,-32090.0,300428.03000003216,5194.75
2025-03-10 14:16:00,12,6,6,182518.03000003213,-31895.0,300623.03000003216,5198.0
2025-03-10 14:31:00,12,6,6,182518.03000003213,-32240.0,300278.03000003216,5192.25
2025-03-10 14:46:00,12,6,6,182518.03000003213,-32720.0,299798.03000003216,5184.25
2025-03-10 15:01:00,12,6,6,182518.03000003213,-33770.0,298748.03000003216,5166.75
2025-03-10 15:16:00,12,6,6,182526.79000003214,-33455.0,299071.79000003217,5172.0
2025-03-10 15:31:00,12,6,6,182526.79000003214,-32045.0,300481.79000003217,5195.5
2025-03-10 15:46:00,12,6,6,182526.79000003214,-32420.0,300106.79000003217,5189.25
2025-03-10 16:01:00,12,6,6,182526.79000003214,-32120.0,300406.79000003217,5194.25
2025-03-11 09:31:00,12,6,6,182526.79000003214,-32540.0,299986.79000003217,5187.25
2025-03-11 09:46:00,12,6,6,182526.79000003214,-32465.0,300061.79000003217,5188.5
2025-03-11 10:01:00,12,6,6,182526.79000003214,-31805.0,300721.79000003217,5199.5
2025-03-11 10:16:00,12,6,6,182535.55000003215,-33350.0,299185.5500000322,5173.75
2025-03-11 10:31:00,12,6,6,182535.55000003215,-34490.0,298045.5500000322,5154.75
2025-03-11 10:46:00,12,6,6,182535.55000003215,-35015.0,297520.5500000322,5146.0
2025-03-11 11:01:00,12,6,6,182535.55000003215,-35630.0,296905.5500000322,5135.75
2025-03-11 11:16:00,12,6,6,182535.55000003215,-33395.0,299140.5500000322,5173.0
2025-03-11 11:31:00,12,6,6,182535.55000003215,-33950.0,298585.5500000322,5163.75
2025-03-11 11:46:00,12,6,6,182535.55000003215,-33170.0,299365.5500000322,5176.75
2025-03-11 12:01:00,12,6,6,182535.55000003215,-34400.0,298135.5500000322,5156.25
2025-03-11 12:16:00,12,6,6,182535.55000003215,-35210.0,297325.5500000322,5142.75
2025-03-11 12:31:00,12,6,6,182535.55000003215,-34745.0,297790.5500000322,5150.5
2025-03-11 12:46:00,12,6,6,182535.55000003215,-35165.0,297370.5500000322,5143.5
2025-03-11 13:01:00,12,6,6,182535.55000003215,-36065.0,296470.5500000322,5128.5
2025-03-11 13:16:00,12,6,6,182535.55000003215,-36200.0,296335.5500000322,5126.25
2025-03-11 13:31:00,12,6,6,182535.55000003215,-36890.0,295645.5500000322,5114.75
2025-03-11 13:46:00,12,6,6,182535.55000003215,-35960.0,296575.5500000322,5130.25
2025-03-11 14:01:00,12,6,6,182535.55000003215,-35510.0,297025.5500000322,5137.75
2025-03-11 14:16:00,12,6,6,182535.55000003215,-33995.0,298540.5500000322,5163.0
2025-03-11 14:31:00,12,6,6,182535.55000003215,-33965.0,298570.5500000322,5163.5
2025-03-11 14:46:00,12,6,6,182535.55000003215,-31850.0,300685.5500000322,5198.75
2025-03-11 15:01:00,12,6,6,182535.55000003215,-31490.0,301045.5500000322,5204.75
2025-03-11 15:16:00,12,6,6,182535.55000003215,-32495.0,300040.5500000322,5188.0
2025-03-11 15:31:00,12,6,6,182535.55000003215,-32825.0,299710.5500000322,5182.5
2025-03-11 15:46:00,12,6,6,182535.55000003215,-33155.0,299380.5500000322,5177.0
2025-03-11 16:01:00,12,6,6,182535.55000003215,-34325.0,298210.5500000322,5157.5
2025-03-12 09:31:00,12,6,6,182544.31000003216,-31310.0,301234.3100000322,5207.75
2025-03-12 09:46:00,12,6,6,182544.31000003216,-31745.0,300799.3100000322,5200.5
2025-03-12 10:01:00,12,6,6,182544.31000003216,-33065.0,299479.3100000322,5178.5
2025-03-12 10:16:00,12,6,6,182544.31000003216,-33185.0,299359.3100000322,5176.5
2025-03-12 10:31:00,12,6,6,182544.31000003216,-33275.0,299269.3100000322,5175.0
2025-03-12 10:46:00,12,6,6,182544.31000003216,-34490.0,298054.3100000322,5154.75
2025-03-12 11:01:00,12,6,6,182544.31000003216,-35060.0,297484.3100000322,5145.25
2025-03-12 11:16:00,12,6,6,182544.31000003216,-35675.0,296869.3100000322,5135.0
2025-03-12 11:31:00,12,6,6,182544.31000003216,-34475.0,298069.3100000322,5155.0
2025-03-12 11:46:00,12,6,6,182544.31000003216,-33575.0,298969.3100000322,5170.0
2025-03-12 12:01:00,12,6,6,182544.31000003216,-33140.0,299404.3100000322,5177.25
2025-03-12 12:16:00,12,6,6,182544.31000003216,-32435.0,300109.3100000322,5189.0
2025-03-12 12:31:00,12,6,6,182544.31000003216,-32150.0,300394.3100000322,5193.75
2025-03-12 12:46:00,12,6,6,182544.31000003216,-33080.0,299464.3100000322,5178.25
2025-03-12 13:01:00,12,6,6,182544.31000003216,-32945.0,299599.3100000322,5180.5
2025-03-12 13:16:00,12,6,6,182544.31000003216,-32300.0,300244.3100000322,5191.25
2025-03-12 13:31:00,12,6,6,182544.31000003216,-31625.0,300919.3100000322,5202.5
2025-03-12 13:46:00,12,6,6,182544.31000003216,-31805.0,300739.3100000322,5199.5
2025-03-12 14:01:00,12,6,6,182544.31000003216,-33395.0,299149.3100000322,5173.0
2025-03-12 14:16:00,12,6,6,182553.07000003217,-32870.0,299683.0700000322,5181.75
2025-03-12 14:31:00,12,6,6,182553.07000003217,-32345.0,300208.0700000322,5190.5
2025-03-12 14:46:00,12,6,6,182553.07000003217,-31850.0,300703.0700000322,5198.75
2025-03-12 15:01:00,12,6,6,182553.07000003217,-32105.0,300448.0700000322,5194.5
2025-03-12 15:16:00,12,6,6,182553.07000003217,-32420.0,300133.0700000322,5189.25
2025-03-12 15:31:00,12,6,6,182553.07000003217,-32525.0,300028.0700000322,5187.5
2025-03-12 15:46:00,12,6,6,182553.07000003217,-32855.0,299698.0700000322,5182.0
2025-03-12 16:01:00,12,6,6,182561.83000003218,-33305.0,299256.8300000322,5174.5
2025-03-13 09:31:00,12,6,6,182561.83000003218,-33950.0,298611.8300000322,5163.75
2025-03-13 09:46:00,12,6,6,182561.83000003218,-34115.0,298446.8300000322,5161.0
2025-03-13 10:01:00,14,6,8,182560.59000003219,-35653.75,296906.8400000322,5137.75
2025-03-13 10:16:00,12,6,6,182579.3500000322,-33995.0,298584.3500000322,5163.0
2025-03-13 10:31:00,12,6,6,182579.3500000322,-33830.0,298749.3500000322,5165.75
2025-03-13 10:46:00,12,6,6,182579.3500000322,-34580.0,297999.3500000322,5153.25
2025-03-13 11:01:00,12,6,6,182579.3500000322,-34640.0,297939.3500000322,5152.25
2025-03-13 11:16:00,13,6,7,182578.7300000322,-35756.25,296822.4800000322,5134.0
2025-03-13 11:31:00,12,6,6,182588.1100000322,-35930.0,296658.11000003223,5130.75
2025-03-13 11:46:00,12,6,6,182596.8700000322,-36125.0,296471.87000003224,5127.5
2025-03-13 12:01:00,12,6,6,182596.8700000322,-37040.0,295556.87000003224,5112.25
2025-03-13 12:16:00,12,6,6,182596.8700000322,-36980.0,295616.87000003224,5113.25
2025-03-13 12:31:00,12,6,6,182596.8700000322,-36770.0,295826.87000003224,5116.75
2025-03-13 12:46:00,12,6,6,182605.63000003222,-36935.0,295670.63000003225,5114.0
2025-03-13 13:01:00,12,6,6,182605.63000003222,-36965.0,295640.63000003225,5113.5
2025-03-13 13:16:00,12,6,6,182605.63000003222,-37820.0,294785.63000003225,5099.25
2025-03-13 13:31:00,12,6,6,182605.63000003222,-38060.0,294545.63000003225,5095.25
2025-03-13 13:46:00,12,6,6,182605.63000003222,-38585.0,294020.63000003225,5086.5
2025-03-13 14:01:00,12,6,6,182605.63000003222,-38240.0,294365.63000003225,5092.25
2025-03-13 14:16:00,12,6,6,182605.63000003222,-37115.0,295490.63000003225,5111.0
2025-03-13 14:31:00,12,6,6,182605.63000003222,-36920.0,295685.63000003225,5114.25
2025-03-13 14:46:00,12,6,6,182605.63000003222,-36350.0,296255.63000003225,5123.75
2025-03-13 15:01:00,12,6,6,182605.63000003222,-36110.0,296495.63000003225,5127.75
2025-03-13 15:16:00,12,6,6,182605.63000003222,-36725.0,295880.63000003225,5117.5
2025-03-13 15:31:00,12,6,6,182605.63000003222,-37955.0,294650.63000003225,5097.0
2025-03-13 15:46:00,13,6,7,182605.01000003223,-38172.5,294432.51000003226,5093.75
2025-03-13 16:01:00,12,6,6,182614.39000003223,-37415.0,295199.39000003226,5106.0
2025-03-14 09:31:00,12,6,6,182614.39000003223,-34940.0,297674.39000003226,5147.25
2025-03-14 09:46:00,12,6,6,182614.39000003223,-33425.0,299189.39000003226,5172.5
2025-03-14 10:01:00,12,6,6,182614.39000003223,-34685.0,297929.39000003226,5151.5
2025-03-14 10:16:00,12,6,6,182614.39000003223,-34685.0,297929.39000003226,5151.5
2025-03-14 10:31:00,12,6,6,182614.39000003223,-34325.0,298289.39000003226,5157.5
2025-03-14 10:46:00,12,6,6,182614.39000003223,-33320.0,299294.39000003226,5174.25
2025-03-14 11:01:00,12,6,6,182614.39000003223,-32495.0,300119.39000003226,5188.0
2025-03-14 11:16:00,12,6,6,182614.39000003223,-32330.0,300284.39000003226,5190.75
2025-03-14 11:31:00,12,6,6,182614.39000003223,-32030.0,300584.39000003226,5195.75
2025-03-14 11:46:00,12,6,6,182614.39000003223,-31715.0,300899.39000003226,5201.0
2025-03-14 12:01:00,12,6,6,182614.39000003223,-31415.0,301199.39000003226,5206.0
2025-03-14 12:16:00,12,6,6,182614.39000003223,-32315.0,300299.39000003226,5191.0
2025-03-14 12:31:00,12,6,6,182614.39000003223,-32510.0,300104.39000003226,5187.75
2025-03-14 12:46:00,12,6,6,182614.39000003223,-31790.0,300824.39000003226,5199.75
2025-03-14 13:01:00,12,6,6,182614.39000003223,-31310.0,301304.39000003226,5207.75
2025-03-14 13:16:00,12,6,6,182614.39000003223,-31385.0,301229.39000003226,5206.5
2025-03-14 13:31:00,12,6,6,182614.39000003223,-31685.0,300929.39000003226,5201.5
2025-03-14 13:46:00,12,6,6,182614.39000003223,-32270.0,300344.39000003226,5191.75
2025-03-14 14:01:00,12,6,6,182614.39000003223,-32180.0,300434.39000003226,5193.25
2025-03-14 14:16:00,12,6,6,182614.39000003223,-32300.0,300314.39000003226,5191.25
2025-03-14 14:31:00,12,6,6,182614.39000003223,-32015.0,300599.39000003226,5196.0
2025-03-14 14:46:00,12,6,6,182614.39000003223,-31520.0,301094.39000003226,5204.25
2025-03-14 15:01:00,12,6,6,182614.39000003223,-31595.0,301019.39000003226,5203.0
2025-03-14 15:16:00,12,6,6,182614.39000003223,-31265.0,301349.39000003226,5208.5
2025-03-14 15:31:00,12,6,6,182614.39000003223,-31460.0,301154.39000003226,5205.25
2025-03-14 15:46:00,12,6,6,182614.39000003223,-31610.0,301004.39000003226,5202.75
2025-03-14 16:01:00,12,6,6,182614.39000003223,-31385.0,301229.39000003226,5206.5
2025-03-17 09:31:00,12,6,6,182614.39000003223,-31325.0,301289.39000003226,5207.5
2025-03-17 09:46:00,12,6,6,182614.39000003223,-29060.0,303554.39000003226,5245.25
2025-03-17 10:01:00,12,6,6,182614.39000003223,-29315.0,303299.39000003226,5241.0
2025-03-17 10:16:00,12,6,6,182614.39000003223,-29030.0,303584.39000003226,5245.75
2025-03-17 10:31:00,12,6,6,182614.39000003223,-30110.0,302504.39000003226,5227.75
2025-03-17 10:46:00,12,6,6,182614.39000003223,-29570.0,303044.39000003226,5236.75
2025-03-17 11:01:00,12,6,6,182623.15000003224,-29975.0,302648.15000003227,5230.0
2025-03-17 11:16:00,12,6,6,182623.15000003224,-30020.0,302603.15000003227,5229.25
2025-03-17 11:31:00,12,6,6,182623.15000003224,-30080.0,302543.15000003227,5228.25
2025-03-17 11:46:00,12,6,6,182631.91000003225,-30695.0,301936.9100000323,5218.0
2025-03-17 12:01:00,12,6,6,182631.91000003225,-30575.0,302056.9100000323,5220.0
2025-03-17 12:16:00,12,6,6,182631.91000003225,-29945.0,302686.9100000323,5230.5
2025-03-17 12:31:00,12,6,6,182631.91000003225,-30425.0,302206.9100000323,5222.5
2025-03-17 12:46:00,12,6,6,182631.91000003225,-30605.0,302026.9100000323,5219.5
2025-03-17 13:01:00,12,6,6,182631.91000003225,-30200.0,302431.9100000323,5226.25
2025-03-17 13:16:00,12,6,6,182631.91000003225,-29705.0,302926.9100000323,5234.5
2025-03-17 13:31:00,12,6,6,182631.91000003225,-29285.0,303346.9100000323,5241.5
2025-03-17 13:46:00,12,6,6,182631.91000003225,-28625.0,304006.9100000323,5252.5
2025-03-17 14:01:00,12,6,6,182631.91000003225,-28100.0,304531.9100000323,5261.25
2025-03-17 14:16:00,12,6,6,182631.91000003225,-27755.0,304876.9100000323,5267.0
2025-03-17 14:31:00,12,6,6,182631.91000003225,-27455.0,305176.9100000323,5272.0
2025-03-17 14:46:00,12,6,6,182631.91000003225,-27290.0,305341.9100000323,5274.75
2025-03-17 15:01:00,12,6,6,182631.91000003225,-27320.0,305311.9100000323,5274.25
2025-03-17 15:16:00,12,6,6,182631.91000003225,-27545.0,305086.9100000323,5270.5
2025-03-17 15:31:00,12,6,6,182631.91000003225,-27170.0,305461.9100000323,5276.75
2025-03-17 15:46:00,12,6,6,182631.91000003225,-27395.0,305236.9100000323,5273.0
2025-03-17 16:01:00,13,6,7,182631.29000003226,-28675.0,303956.2900000323,5252.75
2025-03-18 09:31:00,13,6,7,182598.92000003226,-30495.0,302103.9200000323,5224.75
2025-03-18 09:46:00,14,6,8,182598.30000003226,-32218.75,300379.5500000323,5199.5
2025-03-18 10:01:00,15,6,9,182606.44000003228,-33156.25,299450.1900000323,5186.75
2025-03-18 10:16:00,14,6,8,182615.82000003228,-33058.75,299557.0700000323,5187.5
2025-03-18 10:31:00,14,6,8,182615.82000003228,-32411.25,300204.5700000323,5196.75
2025-03-18 10:46:00,14,6,8,182615.82000003228,-32831.25,299784.5700000323,5190.75
2025-03-18 11:01:00,14,6,8,182615.82000003228,-33268.75,299347.0700000323,5184.5
2025-03-18 11:16:00,14,6,8,182615.82000003228,-33303.75,299312.0700000323,5184.0
2025-03-18 11:31:00,14,6,8,182615.82000003228,-33268.75,299347.0700000323,5184.5
2025-03-18 11:46:00,14,6,8,182615.82000003228,-33163.75,299452.0700000323,5186.0
2025-03-18 12:01:00,14,6,8,182615.82000003228,-33723.75,298892.0700000323,5178.0
2025-03-18 12:16:00,14,6,8,182615.82000003228,-32621.25,299994.5700000323,5193.75
2025-03-18 12:31:00,14,6,8,182615.82000003228,-32446.25,300169.5700000323,5196.25
2025-03-18 12:46:00,14,6,8,182615.82000003228,-33181.25,299434.5700000323,5185.75
2025-03-18 13:01:00,14,6,8,182615.82000003228,-32743.75,299872.0700000323,5192.0
2025-03-18 13:16:00,14,6,8,182615.82000003228,-32691.25,299924.5700000323,5192.75
2025-03-18 13:31:00,14,6,8,182624.5800000323,-33163.75,299460.8300000323,5186.0
2025-03-18 13:46:00,14,6,8,182624.5800000323,-32516.25,300108.3300000323,5195.25
2025-03-18 14:01:00,14,6,8,182624.5800000323,-32761.25,299863.3300000323,5191.75
2025-03-18 14:16:00,14,6,8,182624.5800000323,-33443.75,299180.8300000323,5182.0
2025-03-18 14:31:00,14,6,8,182624.5800000323,-32603.75,300020.8300000323,5194.0
2025-03-18 14:46:00,14,6,8,182624.5800000323,-32691.25,299933.3300000323,5192.75
2025-03-18 15:01:00,14,6,8,182624.5800000323,-32778.75,299845.8300000323,5191.5
2025-03-18 15:16:00,14,6,8,182624.5800000323,-32621.25,300003.3300000323,5193.75
2025-03-18 15:31:00,14,6,8,182624.5800000323,-32708.75,299915.8300000323,5192.5
2025-03-18 15:46:00,14,6,8,182633.3400000323,-32866.25,299767.09000003233,5190.25
2025-03-18 16:01:00,14,6,8,182633.3400000323,-32236.25,300397.09000003233,5199.25
2025-03-19 09:31:00,14,6,8,182633.3400000323,-31448.75,301184.59000003233,5210.5
2025-03-19 09:46:00,14,6,8,182633.3400000323,-31938.75,300694.59000003233,5203.5
2025-03-19 10:01:00,13,6,7,182642.7200000323,-30511.25,302131.47000003234,5224.5
2025-03-19 10:16:00,13,6,7,182642.7200000323,-30007.5,302635.22000003234,5232.25
2025-03-19 10:31:00,13,6,7,182642.7200000323,-30251.25,302391.47000003234,5228.5
2025-03-19 10:46:00,13,6,7,182642.7200000323,-30722.5,301920.22000003234,5221.25
2025-03-19 11:01:00,13,6,7,182642.7200000323,-30917.5,301725.22000003234,5218.25
2025-03-19 11:16:00,13,6,7,182642.7200000323,-30283.75,302358.97000003234,5228.0
2025-03-19 11:31:00,13,6,7,182642.7200000323,-30365.0,302277.72000003234,5226.75
2025-03-19 11:46:00,13,6,7,182642.7200000323,-29861.25,302781.47000003234,5234.5
2025-03-19 12:01:00,13,6,7,182642.7200000323,-29568.75,303073.97000003234,5239.0
2025-03-19 12:16:00,13,6,7,182642.7200000323,-29780.0,302862.72000003234,5235.75
2025-03-19 12:31:00,13,6,7,182642.7200000323,-29780.0,302862.72000003234,5235.75
2025-03-19 12:46:00,13,6,7,182642.7200000323,-30023.75,302618.97000003234,5232.0
2025-03-19 13:01:00,13,6,7,182642.7200000323,-29910.0,302732.72000003234,5233.75
2025-03-19 13:16:00,14,6,8,182642.1000000323,-30950.0,301692.10000003234,5218.5
2025-03-19 13:31:00,14,6,8,182642.1000000323,-31282.5,301359.60000003234,5213.75
2025-03-19 13:46:00,14,6,8,182642.1000000323,-31072.5,301569.60000003234,5216.75
2025-03-19 14:01:00,13,6,7,182660.24000003233,-30121.25,302538.99000003235,5230.5
2025-03-19 14:16:00,13,6,7,182669.00000003233,-29780.0,302889.00000003236,5235.75
2025-03-19 14:31:00,13,6,7,182669.00000003233,-29861.25,302807.75000003236,5234.5
2025-03-19 14:46:00,13,6,7,182669.00000003233,-28821.25,303847.75000003236,5250.5
2025-03-19 15:01:00,12,6,6,182678.38000003234,-27590.0,305088.38000003237,5269.75
2025-03-19 15:16:00,12,6,6,182678.38000003234,-26690.0,305988.38000003237,5284.75
2025-03-19 15:31:00,12,6,6,182678.38000003234,-28190.0,304488.38000003237,5259.75
2025-03-19 15:46:00,12,6,6,182678.38000003234,-27365.0,305313.38000003237,5273.5
2025-03-19 16:01:00,12,6,6,182678.38000003234,-28415.0,304263.38000003237,5256.0
2025-03-20 09:31:00,12,6,6,182678.38000003234,-31145.0,301533.38000003237,5210.5
2025-03-20 09:46:00,12,6,6,182687.14000003235,-29600.0,303087.1400000324,5236.25
2025-03-20 10:01:00,12,6,6,182687.14000003235,-28340.0,304347.1400000324,5257.25
2025-03-20 10:16:00,12,6,6,182687.14000003235,-28085.0,304602.1400000324,5261.5
2025-03-20 10:31:00,12,6,6,182687.14000003235,-27185.0,305502.1400000324,5276.5
2025-03-20 10:46:00,12,6,6,182687.14000003235,-26720.0,305967.1400000324,5284.25
2025-03-20 11:01:00,12,6,6,182687.14000003235,-27425.0,305262.1400000324,5272.5
2025-03-20 11:16:00,12,6,6,182687.14000003235,-27230.0,305457.1400000324,5275.75
2025-03-20 11:31:00,12,6,6,182687.14000003235,-27665.0,305022.1400000324,5268.5
2025-03-20 11:46:00,12,6,6,182695.90000003236,-27545.0,305150.9000000324,5270.5
2025-03-20 12:01:00,12,6,6,182695.90000003236,-27860.0,304835.9000000324,5265.25
2025-03-20 12:16:00,12,6,6,182695.90000003236,-28265.0,304430.9000000324,5258.5
2025-03-20 12:31:00,12,6,6,182695.90000003236,-29090.0,303605.9000000324,5244.75
2025-03-20 12:46:00,12,6,6,182695.90000003236,-29255.0,303440.9000000324,5242.0
2025-03-20 13:01:00,12,6,6,182704.66000003237,-29315.0,303389.6600000324,5241.0
2025-03-20 13:16:00,12,6,6,182704.66000003237,-28865.0,303839.6600000324,5248.5
2025-03-20 13:31:00,12,6,6,182704.66000003237,-29855.0,302849.6600000324,5232.0
2025-03-20 13:46:00,12,6,6,182713.42000003238,-29330.0,303383.4200000324,5240.75
2025-03-20 14:01:00,12,6,6,182713.42000003238,-29720.0,302993.4200000324,5234.25
2025-03-20 14:16:00,12,6,6,182713.42000003238,-29405.0,303308.4200000324,5239.5
2025-03-20 14:31:00,12,6,6,182713.42000003238,-30695.0,302018.4200000324,5218.0
2025-03-20 14:46:00,12,6,6,182713.42000003238,-30470.0,302243.4200000324,5221.75
2025-03-20 15:01:00,12,6,6,182713.42000003238,-29810.0,302903.4200000324,5232.75
2025-03-20 15:16:00,12,6,6,182713.42000003238,-29630.0,303083.4200000324,5235.75
2025-03-20 15:31:00,12,6,6,182713.42000003238,-29765.0,302948.4200000324,5233.5
2025-03-20 15:46:00,12,6,6,182713.42000003238,-29345.0,303368.4200000324,5240.5
2025-03-20 16:01:00,12,6,6,182713.42000003238,-29420.0,303293.4200000324,5239.25
2025-03-21 09:31:00,12,6,6,182713.42000003238,-32240.0,300473.4200000324,5192.25
2025-03-21 09:46:00,12,6,6,182722.1800000324,-32465.0,300257.1800000324,5188.5
2025-03-21 10:01:00,12,6,6,182722.1800000324,-32345.0,300377.1800000324,5190.5
2025-03-21 10:16:00,12,6,6,182722.1800000324,-32840.0,299882.1800000324,5182.25
2025-03-21 10:31:00,12,6,6,182722.1800000324,-32150.0,300572.1800000324,5193.75
2025-03-21 10:46:00,12,6,6,182722.1800000324,-32150.0,300572.1800000324,5193.75
2025-03-21 11:01:00,12,6,6,182722.1800000324,-31085.0,301637.1800000324,5211.5
2025-03-21 11:16:00,12,6,6,182722.1800000324,-32000.0,300722.1800000324,5196.25
2025-03-21 11:31:00,12,6,6,182722.1800000324,-32120.0,300602.1800000324,5194.25
2025-03-21 11:46:00,12,6,6,182722.1800000324,-32540.0,300182.1800000324,5187.25
2025-03-21 12:01:00,12,6,6,182730.9400000324,-32405.0,300325.9400000324,5189.5
2025-03-21 12:16:00,12,6,6,182739.7000000324,-31310.0,301429.70000003243,5207.75
2025-03-21 12:31:00,12,6,6,182739.7000000324,-30635.0,302104.70000003243,5219.0
2025-03-21 12:46:00,12,6,6,182739.7000000324,-30695.0,302044.70000003243,5218.0
2025-03-21 13:01:00,12,6,6,182739.7000000324,-30125.0,302614.70000003243,5227.5
2025-03-21 13:16:00,12,6,6,182739.7000000324,-30410.0,302329.70000003243,5222.75
2025-03-21 13:31:00,12,6,6,182739.7000000324,-30845.0,301894.70000003243,5215.5
2025-03-21 13:46:00,12,6,6,182748.4600000324,-30155.0,302593.46000003244,5227.0
2025-03-21 14:01:00,12,6,6,182748.4600000324,-30185.0,302563.46000003244,5226.5
2025-03-21 14:16:00,12,6,6,182748.4600000324,-30500.0,302248.46000003244,5221.25
2025-03-21 14:31:00,12,6,6,182748.4600000324,-30620.0,302128.46000003244,5219.25
2025-03-21 14:46:00,12,6,6,182748.4600000324,-30245.0,302503.46000003244,5225.5
2025-03-21 15:01:00,12,6,6,182748.4600000324,-30680.0,302068.46000003244,5218.25
2025-03-21 15:16:00,12,6,6,182748.4600000324,-30815.0,301933.46000003244,5216.0
2025-03-21 15:31:00,12,6,6,182748.4600000324,-30875.0,301873.46000003244,5215.0
2025-03-21 15:46:00,12,6,6,182748.4600000324,-30560.0,302188.46000003244,5220.25
2025-03-21 16:01:00,12,6,6,182748.4600000324,-29480.0,303268.46000003244,5238.25
2025-03-24 09:31:00,12,6,6,182748.4600000324,-25850.0,306898.46000003244,5298.75
2025-03-24 09:46:00,12,6,6,182748.4600000324,-24740.0,308008.46000003244,5317.25
2025-03-24 10:01:00,12,6,6,182748.4600000324,-24410.0,308338.46000003244,5322.75
2025-03-24 10:16:00,12,6,6,182748.4600000324,-24230.0,308518.46000003244,5325.75
2025-03-24 10:31:00,12,6,6,182748.4600000324,-24095.0,308653.46000003244,5328.0
2025-03-24 10:46:00,12,6,6,182748.4600000324,-24170.0,308578.46000003244,5326.75
2025-03-24 11:01:00,12,6,6,182748.4600000324,-23840.0,308908.46000003244,5332.25
2025-03-24 11:16:00,12,6,6,182748.4600000324,-23615.0,309133.46000003244,5336.0
2025-03-24 11:31:00,12,6,6,182748.4600000324,-23780.0,308968.46000003244,5333.25
2025-03-24 11:46:00,12,6,6,182748.4600000324,-23885.0,308863.46000003244,5331.5
2025-03-24 12:01:00,12,6,6,182748.4600000324,-23540.0,309208.46000003244,5337.25
2025-03-24 12:16:00,12,6,6,182748.4600000324,-23390.0,309358.46000003244,5339.75
2025-03-24 12:31:00,12,6,6,182748.4600000324,-23945.0,308803.46000003244,5330.5
2025-03-24 12:46:00,12,6,6,182748.4600000324,-23900.0,308848.46000003244,5331.25
2025-03-24 13:01:00,12,6,6,182748.4600000324,-24065.0,308683.46000003244,5328.5
2025-03-24 13:16:00,12,6,6,182748.4600000324,-24410.0,308338.46000003244,5322.75
2025-03-24 13:31:00,12,6,6,182757.22000003242,-23960.0,308797.22000003245,5330.25
2025-03-24 13:46:00,12,6,6,182757.22000003242,-24125.0,308632.22000003245,5327.5
2025-03-24 14:01:00,12,6,6,182757.22000003242,-24125.0,308632.22000003245,5327.5
2025-03-24 14:16:00,12,6,6,182765.98000003243,-24500.0,308265.98000003246,5321.25
2025-03-24 14:31:00,12,6,6,182765.98000003243,-24545.0,308220.98000003246,5320.5
2025-03-24 14:46:00,12,6,6,182765.98000003243,-23990.0,308775.98000003246,5329.75
2025-03-24 15:01:00,12,6,6,182765.98000003243,-23780.0,308985.98000003246,5333.25
2025-03-24 15:16:00,12,6,6,182765.98000003243,-23570.0,309195.98000003246,5336.75
2025-03-24 15:31:00,12,6,6,182765.98000003243,-23645.0,309120.98000003246,5335.5
2025-03-24 15:46:00,12,6,6,182765.98000003243,-23405.0,309360.98000003246,5339.5
2025-03-24 16:01:00,12,6,6,182765.98000003243,-23465.0,309300.98000003246,5338.5
2025-03-25 09:31:00,12,6,6,182765.98000003243,-22730.0,310035.98000003246,5350.75
2025-03-25 09:46:00,12,6,6,182765.98000003243,-23180.0,309585.98000003246,5343.25
2025-03-25 10:01:00,12,6,6,182765.98000003243,-23390.0,309375.98000003246,5339.75
2025-03-25 10:16:00,12,6,6,182774.74000003244,-22925.0,309849.74000003247,5347.5
2025-03-25 10:31:00,12,6,6,182774.74000003244,-22550.0,310224.74000003247,5353.75
2025-03-25 10:46:00,12,6,6,182774.74000003244,-22385.0,310389.74000003247,5356.5
2025-03-25 11:01:00,12,6,6,182774.74000003244,-22430.0,310344.74000003247,5355.75
2025-03-25 11:16:00,12,6,6,182774.74000003244,-22565.0,310209.74000003247,5353.5
2025-03-25 11:31:00,12,6,6,182774.74000003244,-22670.0,310104.74000003247,5351.75
2025-03-25 11:46:00,12,6,6,182774.74000003244,-22865.0,309909.74000003247,5348.5
2025-03-25 12:01:00,13,6,7,182774.12000003245,-23192.5,309581.6200000325,5343.0
2025-03-25 12:16:00,12,6,6,182783.50000003245,-23270.0,309513.5000000325,5341.75
2025-03-25 12:31:00,12,6,6,182783.50000003245,-23450.0,309333.5000000325,5338.75
2025-03-25 12:46:00,12,6,6,182783.50000003245,-23330.0,309453.5000000325,5340.75
2025-03-25 13:01:00,12,6,6,182783.50000003245,-23015.0,309768.5000000325,5346.0
2025-03-25 13:16:00,12,6,6,182783.50000003245,-23000.0,309783.5000000325,5346.25
2025-03-25 13:31:00,12,6,6,182783.50000003245,-23450.0,309333.5000000325,5338.75
2025-03-25 13:46:00,12,6,6,182783.50000003245,-23330.0,309453.5000000325,5340.75
2025-03-25 14:01:00,12,6,6,182783.50000003245,-23495.0,309288.5000000325,5338.0
2025-03-25 14:16:00,12,6,6,182792.26000003246,-23330.0,309462.2600000325,5340.75
2025-03-25 14:31:00,12,6,6,182792.26000003246,-23435.0,309357.2600000325,5339.0
2025-03-25 14:46:00,12,6,6,182792.26000003246,-23570.0,309222.2600000325,5336.75
2025-03-25 15:01:00,12,6,6,182792.26000003246,-23645.0,309147.2600000325,5335.5
2025-03-25 15:16:00,12,6,6,182792.26000003246,-23585.0,309207.2600000325,5336.5
2025-03-25 15:31:00,12,6,6,182792.26000003246,-23450.0,309342.2600000325,5338.75
2025-03-25 15:46:00,12,6,6,182792.26000003246,-23120.0,309672.2600000325,5344.25
2025-03-25 16:01:00,12,6,6,182792.26000003246,-22715.0,310077.2600000325,5351.0
2025-03-26 09:31:00,12,6,6,182792.26000003246,-22880.0,309912.2600000325,5348.25
2025-03-26 09:46:00,12,6,6,182792.26000003246,-22730.0,310062.2600000325,5350.75
2025-03-26 10:01:00,13,6,7,182791.64000003246,-23823.75,308967.8900000325,5333.0
2025-03-26 10:16:00,13,6,7,182791.64000003246,-23905.0,308886.6400000325,5331.75
2025-03-26 10:31:00,13,6,7,182791.64000003246,-24197.5,308594.1400000325,5327.25
2025-03-26 10:46:00,13,6,7,182791.64000003246,-24148.75,308642.8900000325,5328.0
2025-03-26 11:01:00,13,6,7,182791.64000003246,-23986.25,308805.3900000325,5330.5
2025-03-26 11:16:00,13,6,7,182791.64000003246,-24083.75,308707.8900000325,5329.0
2025-03-26 11:31:00,14,6,8,182791.02000003247,-24637.5,308153.5200000325,5320.5
2025-03-26 11:46:00,14,6,8,182791.02000003247,-25075.0,307716.0200000325,5314.25
2025-03-26 12:01:00,14,6,8,182808.5400000325,-26055.0,306753.5400000325,5300.25
2025-03-26 12:16:00,14,6,8,182808.5400000325,-26195.0,306613.5400000325,5298.25
2025-03-26 12:31:00,14,6,8,182808.5400000325,-25565.0,307243.5400000325,5307.25
2025-03-26 12:46:00,14,6,8,182808.5400000325,-26142.5,306666.0400000325,5299.0
2025-03-26 13:01:00,14,6,8,182808.5400000325,-26807.5,306001.0400000325,5289.5
2025-03-26 13:16:00,14,6,8,182808.5400000325,-26772.5,306036.0400000325,5290.0
2025-03-26 13:31:00,15,6,9,182807.9200000325,-27385.0,305422.9200000325,5281.5
2025-03-26 13:46:00,15,6,9,182807.9200000325,-27272.5,305535.4200000325,5283.0
2025-03-26 14:01:00,15,6,9,182807.9200000325,-27591.25,305216.6700000325,5278.75
2025-03-26 14:16:00,15,6,9,182807.9200000325,-27085.0,305722.9200000325,5285.5
2025-03-26 14:31:00,14,6,8,182817.3000000325,-26895.0,305922.3000000325,5288.25
2025-03-26 14:46:00,14,6,8,182817.3000000325,-27665.0,305152.3000000325,5277.25
2025-03-26 15:01:00,14,6,8,182817.3000000325,-28050.0,304767.3000000325,5271.75
2025-03-26 15:16:00,14,6,8,182817.3000000325,-28190.0,304627.3000000325,5269.75
2025-03-26 15:31:00,14,6,8,182817.3000000325,-27997.5,304819.8000000325,5272.5
2025-03-26 15:46:00,14,6,8,182817.3000000325,-27665.0,305152.3000000325,5277.25
2025-03-26 16:01:00,14,6,8,182817.3000000325,-27367.5,305449.8000000325,5281.5
2025-03-27 09:31:00,14,6,8,182817.3000000325,-28417.5,304399.8000000325,5266.5
2025-03-27 09:46:00,15,6,9,182816.6800000325,-29492.5,303324.18000003253,5251.5
2025-03-27 10:01:00,14,6,8,182826.0600000325,-27385.0,305441.06000003254,5281.25
2025-03-27 10:16:00,14,6,8,182826.0600000325,-27577.5,305248.56000003254,5278.5
2025-03-27 10:31:00,14,6,8,182826.0600000325,-27017.5,305808.56000003254,5286.5
2025-03-27 10:46:00,14,6,8,182826.0600000325,-26195.0,306631.06000003254,5298.25
2025-03-27 11:01:00,14,6,8,182826.0600000325,-26002.5,306823.56000003254,5301.0
2025-03-27 11:16:00,14,6,8,182826.0600000325,-26247.5,306578.56000003254,5297.5
2025-03-27 11:31:00,14,6,8,182826.0600000325,-27035.0,305791.06000003254,5286.25
2025-03-27 11:46:00,15,6,9,182825.4400000325,-27765.0,305060.44000003254,5276.0
2025-03-27 12:01:00,15,6,9,182825.4400000325,-27952.5,304872.94000003254,5273.5
2025-03-27 12:16:00,14,6,8,182834.82000003252,-27140.0,305694.82000003255,5284.75
2025-03-27 12:31:00,14,6,8,182834.82000003252,-27227.5,305607.32000003255,5283.5
2025-03-27 12:46:00,14,6,8,182834.82000003252,-27542.5,305292.32000003255,5279.0
2025-03-27 13:01:00,14,6,8,182834.82000003252,-28942.5,303892.32000003255,5259.0
2025-03-27 13:16:00,14,6,8,182834.82000003252,-27945.0,304889.82000003255,5273.25
2025-03-27 13:31:00,14,6,8,182834.82000003252,-28505.0,304329.82000003255,5265.25
2025-03-27 13:46:00,14,6,8,182834.82000003252,-28662.5,304172.32000003255,5263.0
2025-03-27 14:01:00,14,6,8,182834.82000003252,-28662.5,304172.32000003255,5263.0
2025-03-27 14:16:00,14,6,8,182834.82000003252,-27542.5,305292.32000003255,5279.0
2025-03-27 14:31:00,14,6,8,182834.82000003252,-27822.5,305012.32000003255,5275.0
2025-03-27 14:46:00,14,6,8,182834.82000003252,-27542.5,305292.32000003255,5279.0
2025-03-27 15:01:00,14,6,8,182834.82000003252,-27997.5,304837.32000003255,5272.5
2025-03-27 15:16:00,14,6,8,182834.82000003252,-27157.5,305677.32000003255,5284.5
2025-03-27 15:31:00,14,6,8,182834.82000003252,-27105.0,305729.82000003255,5285.25
2025-03-27 15:46:00,14,6,8,182834.82000003252,-27280.0,305554.82000003255,5282.75
2025-03-27 16:01:00,14,6,8,182843.58000003253,-28365.0,304478.58000003255,5267.25
2025-03-28 09:31:00,14,6,8,182843.58000003253,-29905.0,302938.58000003255,5245.25
2025-03-28 09:46:00,14,6,8,182852.34000003253,-30185.0,302667.34000003256,5241.25
2025-03-28 10:01:00,14,6,8,182852.34000003253,-31042.5,301809.84000003256,5229.0
2025-03-28 10:16:00,14,6,8,182861.10000003254,-32827.5,300033.6000000326,5203.5
2025-03-28 10:31:00,15,6,9,182860.48000003255,-33852.5,299007.9800000326,5189.5
2025-03-28 10:46:00,15,6,9,182860.48000003255,-34208.75,298651.7300000326,5184.75
2025-03-28 11:01:00,15,6,9,182860.48000003255,-35033.75,297826.7300000326,5173.75
2025-03-28 11:16:00,15,6,9,182860.48000003255,-34921.25,297939.2300000326,5175.25
2025-03-28 11:31:00,15,6,9,182860.48000003255,-34771.25,298089.2300000326,5177.25
2025-03-28 11:46:00,15,6,9,182860.48000003255,-34583.75,298276.7300000326,5179.75
2025-03-28 12:01:00,15,6,9,182860.48000003255,-35071.25,297789.2300000326,5173.25
2025-03-28 12:16:00,15,6,9,182860.48000003255,-35465.0,297395.4800000326,5168.0
2025-03-28 12:31:00,15,6,9,182860.48000003255,-35915.0,296945.4800000326,5162.0
2025-03-28 12:46:00,15,6,9,182860.48000003255,-36158.75,296701.7300000326,5158.75
2025-03-28 13:01:00,15,6,9,182860.48000003255,-36627.5,296232.9800000326,5152.5
2025-03-28 13:16:00,15,6,9,182860.48000003255,-37133.75,295726.7300000326,5145.75
2025-03-28 13:31:00,15,6,9,182860.48000003255,-37358.75,295501.7300000326,5142.75
2025-03-28 13:46:00,15,6,9,182860.48000003255,-37152.5,295707.9800000326,5145.5
2025-03-28 14:01:00,15,6,9,182860.48000003255,-36496.25,296364.2300000326,5154.25
2025-03-28 14:16:00,15,6,9,182860.48000003255,-36571.25,296289.2300000326,5153.25
2025-03-28 14:31:00,15,6,9,182860.48000003255,-36927.5,295932.9800000326,5148.5
2025-03-28 14:46:00,15,6,9,182860.48000003255,-37152.5,295707.9800000326,5145.5
2025-03-28 15:01:00,15,6,9,182860.48000003255,-36608.75,296251.7300000326,5152.75
2025-03-28 15:16:00,15,6,9,182860.48000003255,-36777.5,296082.9800000326,5150.5
2025-03-28 15:31:00,15,6,9,182860.48000003255,-37077.5,295782.9800000326,5146.5
2025-03-28 15:46:00,16,6,10,182859.86000003255,-37327.5,295532.3600000326,5143.25
2025-03-28 16:01:00,15,6,9,182869.24000003256,-37208.75,295660.4900000326,5144.75
2025-03-31 09:31:00,15,6,9,182869.24000003256,-41371.25,291497.9900000326,5089.25
2025-03-31 09:46:00,16,6,10,182877.38000003257,-43781.25,289096.1300000326,5058.0
2025-03-31 10:01:00,15,6,9,182886.76000003258,-41108.75,291778.0100000326,5092.75
2025-03-31 10:16:00,15,6,9,182886.76000003258,-40921.25,291965.5100000326,5095.25
2025-03-31 10:31:00,15,6,9,182886.76000003258,-41427.5,291459.2600000326,5088.5
2025-03-31 10:46:00,15,6,9,182886.76000003258,-40621.25,292265.5100000326,5099.25
2025-03-31 11:01:00,15,6,9,182886.76000003258,-40002.5,292884.2600000326,5107.5
2025-03-31 11:16:00,15,6,9,182886.76000003258,-40115.0,292771.7600000326,5106.0
2025-03-31 11:31:00,15,6,9,182886.76000003258,-39758.75,293128.0100000326,5110.75
2025-03-31 11:46:00,15,6,9,182886.76000003258,-38858.75,294028.0100000326,5122.75
2025-03-31 12:01:00,15,6,9,182886.76000003258,-38727.5,294159.2600000326,5124.5
2025-03-31 12:16:00,15,6,9,182886.76000003258,-39552.5,293334.2600000326,5113.5
2025-03-31 12:31:00,15,6,9,182886.76000003258,-38352.5,294534.2600000326,5129.5
2025-03-31 12:46:00,15,6,9,182886.76000003258,-38240.0,294646.7600000326,5131.0
2025-03-31 13:01:00,15,6,9,182886.76000003258,-39102.5,293784.2600000326,5119.5
2025-03-31 13:16:00,15,6,9,182886.76000003258,-38108.75,294778.0100000326,5132.75
2025-03-31 13:31:00,15,6,9,182886.76000003258,-38952.5,293934.2600000326,5121.5
2025-03-31 13:46:00,15,6,9,182886.76000003258,-39158.75,293728.0100000326,5118.75
2025-03-31 14:01:00,15,6,9,182895.5200000326,-38765.0,294130.5200000326,5124.0
2025-03-31 14:16:00,15,6,9,182895.5200000326,-37077.5,295818.0200000326,5146.5
2025-03-31 14:31:00,15,6,9,182895.5200000326,-36102.5,296793.0200000326,5159.5
2025-03-31 14:46:00,15,6,9,182895.5200000326,-36533.75,296361.7700000326,5153.75
2025-03-31 15:01:00,15,6,9,182895.5200000326,-36158.75,296736.7700000326,5158.75
2025-03-31 15:16:00,15,6,9,182895.5200000326,-35258.75,297636.7700000326,5170.75
2025-03-31 15:31:00,15,6,9,182895.5200000326,-36008.75,296886.7700000326,5160.75
2025-03-31 15:46:00,15,6,9,182895.5200000326,-34208.75,298686.7700000326,5184.75
2025-03-31 16:01:00,15,6,9,182895.5200000326,-35596.25,297299.2700000326,5166.25
2025-04-01 09:31:00,15,6,9,182895.5200000326,-36533.75,296361.7700000326,5153.75
2025-04-01 09:46:00,15,6,9,182904.2800000326,-36365.0,296539.2800000326,5156.0
2025-04-01 10:01:00,15,6,9,182904.2800000326,-36365.0,296539.2800000326,5156.0
2025-04-01 10:16:00,16,6,10,182903.6600000326,-38517.5,294386.1600000326,5128.25
2025-04-01 10:31:00,16,6,10,182912.4200000326,-37457.5,295454.92000003264,5141.5
2025-04-01 10:46:00,15,6,9,182921.8000000326,-35671.25,297250.55000003264,5165.25
2025-04-01 11:01:00,15,6,9,182921.8000000326,-34190.0,298731.80000003264,5185.0
2025-04-01 11:16:00,14,6,8,182931.18000003262,-33090.0,299841.18000003265,5199.75
2025-04-01 11:31:00,14,6,8,182931.18000003262,-33475.0,299456.18000003265,5194.25
2025-04-01 11:46:00,14,6,8,182931.18000003262,-32985.0,299946.18000003265,5201.25
2025-04-01 12:01:00,14,6,8,182931.18000003262,-32915.0,300016.18000003265,5202.25
2025-04-01 12:16:00,14,6,8,182931.18000003262,-32302.5,300628.68000003265,5211.0
2025-04-01 12:31:00,14,6,8,182931.18000003262,-33825.0,299106.18000003265,5189.25
2025-04-01 12:46:00,14,6,8,182931.18000003262,-34245.0,298686.18000003265,5183.25
2025-04-01 13:01:00,14,6,8,182931.18000003262,-33195.0,299736.18000003265,5198.25
2025-04-01 13:16:00,14,6,8,182931.18000003262,-33422.5,299508.68000003265,5195.0
2025-04-01 13:31:00,14,6,8,182931.18000003262,-34175.0,298756.18000003265,5184.25
2025-04-01 13:46:00,14,6,8,182931.18000003262,-34280.0,298651.18000003265,5182.75
2025-04-01 14:01:00,14,6,8,182931.18000003262,-34857.5,298073.68000003265,5174.5
2025-04-01 14:16:00,14,6,8,182931.18000003262,-35715.0,297216.18000003265,5162.25
2025-04-01 14:31:00,14,6,8,182931.18000003262,-36327.5,296603.68000003265,5153.5
2025-04-01 14:46:00,14,6,8,182931.18000003262,-36135.0,296796.18000003265,5156.25
2025-04-01 15:01:00,14,6,8,182939.94000003263,-35540.0,297399.94000003266,5164.75
2025-04-01 15:16:00,14,6,8,182939.94000003263,-35085.0,297854.94000003266,5171.25
2025-04-01 15:31:00,14,6,8,182939.94000003263,-35102.5,297837.44000003266,5171.0
2025-04-01 15:46:00,14,6,8,182939.94000003263,-33772.5,299167.44000003266,5190.0
2025-04-01 16:01:00,14,6,8,182939.94000003263,-33300.0,299639.94000003266,5196.75
2025-04-02 09:31:00,14,6,8,182939.94000003263,-37570.0,295369.94000003266,5135.75
2025-04-02 09:46:00,14,6,8,182948.70000003264,-34682.5,298266.20000003267,5177.0
2025-04-02 10:01:00,14,6,8,182948.70000003264,-34175.0,298773.70000003267,5184.25
2025-04-02 10:16:00,14,6,8,182948.70000003264,-34577.5,298371.20000003267,5178.5
2025-04-02 10:31:00,14,6,8,182948.70000003264,-33492.5,299456.20000003267,5194.0
2025-04-02 10:46:00,14,6,8,182948.70000003264,-33195.0,299753.70000003267,5198.25
2025-04-02 11:01:00,14,6,8,182948.70000003264,-32757.5,300191.20000003267,5204.5
2025-04-02 11:16:00,14,6,8,182948.70000003264,-33160.0,299788.70000003267,5198.75
2025-04-02 11:31:00,14,6,8,182948.70000003264,-31655.0,301293.70000003267,5220.25
2025-04-02 11:46:00,14,6,8,182948.70000003264,-32320.0,300628.70000003267,5210.75
2025-04-02 12:01:00,14,6,8,182948.70000003264,-32355.0,300593.70000003267,5210.25
2025-04-02 12:16:00,14,6,8,182948.70000003264,-31287.5,301661.20000003267,5225.5
2025-04-02 12:31:00,14,6,8,182948.70000003264,-30990.0,301958.70000003267,5229.75
2025-04-02 12:46:00,14,6,8,182948.70000003264,-30832.5,302116.20000003267,5232.0
2025-04-02 13:01:00,14,6,8,182948.70000003264,-29870.0,303078.70000003267,5245.75
2025-04-02 13:16:00,14,6,8,182948.70000003264,-29275.0,303673.70000003267,5254.25
2025-04-02 13:31:00,14,6,8,182948.70000003264,-29887.5,303061.20000003267,5245.5
2025-04-02 13:46:00,15,6,9,182948.08000003264,-31175.0,301773.08000003267,5227.5
2025-04-02 14:01:00,15,6,9,182948.08000003264,-31306.25,301641.83000003267,5225.75
2025-04-02 14:16:00,16,6,10,182947.46000003265,-31848.75,301098.7100000327,5218.5
2025-04-02 14:31:00,16,6,10,182947.46000003265,-32948.75,299998.7100000327,5204.75
2025-04-02 14:46:00,15,6,9,182965.60000003266,-31700.0,301265.6000000327,5220.5
2025-04-02 15:01:00,15,6,9,182965.60000003266,-32862.5,300103.1000000327,5205.0
2025-04-02 15:16:00,15,6,9,182965.60000003266,-32618.75,300346.8500000327,5208.25
2025-04-02 15:31:00,15,6,9,182965.60000003266,-31793.75,301171.8500000327,5219.25
2025-04-02 15:46:00,14,6,8,182974.98000003266,-30377.5,302597.4800000327,5238.5
2025-04-02 16:01:00,14,6,8,182974.98000003266,-30902.5,302072.4800000327,5231.0
2025-04-03 09:31:00,14,6,8,182974.98000003266,-43555.0,289419.9800000327,5050.25
2025-04-03 09:46:00,14,6,8,182974.98000003266,-44342.5,288632.4800000327,5039.0
2025-04-03 10:01:00,14,6,8,182974.98000003266,-45077.5,287897.4800000327,5028.5
2025-04-03 10:16:00,14,6,8,182974.98000003266,-46145.0,286829.9800000327,5013.25
2025-04-03 10:31:00,14,6,8,182974.98000003266,-45970.0,287004.9800000327,5015.75
2025-04-03 10:46:00,14,6,8,182974.98000003266,-47422.5,285552.4800000327,4995.0
2025-04-03 11:01:00,14,6,8,182974.98000003266,-47965.0,285009.9800000327,4987.25
2025-04-03 11:16:00,14,6,8,182974.98000003266,-46985.0,285989.9800000327,5001.25
2025-04-03 11:31:00,14,6,8,182974.98000003266,-46810.0,286164.9800000327,5003.75
2025-04-03 11:46:00,14,6,8,182974.98000003266,-46092.5,286882.4800000327,5014.0
2025-04-03 12:01:00,14,6,8,182974.98000003266,-45445.0,287529.9800000327,5023.25
2025-04-03 12:16:00,14,6,8,182974.98000003266,-44920.0,288054.9800000327,5030.75
2025-04-03 12:31:00,14,6,8,182974.98000003266,-44640.0,288334.9800000327,5034.75
2025-04-03 12:46:00,14,6,8,182974.98000003266,-45235.0,287739.9800000327,5026.25
2025-04-03 13:01:00,14,6,8,182974.98000003266,-45480.0,287494.9800000327,5022.75
2025-04-03 13:16:00,14,6,8,182974.98000003266,-45812.5,287162.4800000327,5018.0
2025-04-03 13:31:00,14,6,8,182974.98000003266,-46757.5,286217.4800000327,5004.5
2025-04-03 13:46:00,14,6,8,182974.98000003266,-45742.5,287232.4800000327,5019.0
2025-04-03 14:01:00,14,6,8,182974.98000003266,-46687.5,286287.4800000327,5005.5
2025-04-03 14:16:00,14,6,8,182974.98000003266,-47597.5,285377.4800000327,4992.5
2025-04-03 14:31:00,14,6,8,182974.98000003266,-47982.5,284992.4800000327,4987.0
2025-04-03 14:46:00,14,6,8,182974.98000003266,-47300.0,285674.9800000327,4996.75
2025-04-03 15:01:00,14,6,8,182974.98000003266,-47352.5,285622.4800000327,4996.0
2025-04-03 15:16:00,14,6,8,182974.98000003266,-48140.0,284834.9800000327,4984.75
2025-04-03 15:31:00,14,6,8,182983.74000003267,-49347.5,283636.2400000327,4967.5
2025-04-03 15:46:00,14,6,8,182992.50000003268,-49312.5,283680.0000000327,4968.0
2025-04-03 16:01:00,15,6,9,183000.6400000327,-50073.75,282926.8900000327,4957.25
2025-04-04 09:31:00,15,6,9,183000.6400000327,-59973.75,273026.8900000327,4825.25
2025-04-04 09:46:00,16,6,10,183017.54000003272,-62713.75,270303.79000003275,4789.75
2025-04-04 10:01:00,15,6,9,183026.92000003273,-61698.75,271328.17000003275,4802.25
2025-04-04 10:16:00,15,6,9,183026.92000003273,-65336.25,267690.67000003275,4753.75
2025-04-04 10:31:00,15,6,9,183035.68000003273,-65805.0,267230.68000003276,4747.5
2025-04-04 10:46:00,16,6,10,183035.06000003274,-68505.0,264530.06000003277,4713.75
2025-04-04 11:01:00,16,6,10,183035.06000003274,-66705.0,266330.06000003277,4736.25
2025-04-04 11:16:00,15,6,9,183044.44000003274,-62280.0,270764.4400000328,4794.5
2025-04-04 11:31:00,15,6,9,183044.44000003274,-65823.75,267220.6900000328,4747.25
2025-04-04 11:46:00,15,6,9,183044.44000003274,-67192.5,265851.9400000328,4729.0
2025-04-04 12:01:00,15,6,9,183044.44000003274,-67286.25,265758.1900000328,4727.75
2025-04-04 12:16:00,15,6,9,183044.44000003274,-66798.75,266245.6900000328,4734.25
2025-04-04 12:31:00,15,6,9,183044.44000003274,-69667.5,263376.9400000328,4696.0
2025-04-04 12:46:00,15,6,9,183044.44000003274,-69648.75,263395.6900000328,4696.25
2025-04-04 13:01:00,15,6,9,183044.44000003274,-69348.75,263695.6900000328,4700.25
2025-04-04 13:16:00,15,6,9,183044.44000003274,-71673.75,261370.69000003277,4669.25
2025-04-04 13:31:00,15,6,9,183044.44000003274,-70792.5,262251.9400000328,4681.0
2025-04-04 13:46:00,15,6,9,183044.44000003274,-69255.0,263789.4400000328,4701.5
2025-04-04 14:01:00,15,6,9,183044.44000003274,-67623.75,265420.6900000328,4723.25
2025-04-04 14:16:00,15,6,9,183044.44000003274,-70492.5,262551.9400000328,4685.0
2025-04-04 14:31:00,15,6,9,183044.44000003274,-72030.0,261014.44000003277,4664.5
2025-04-04 14:46:00,15,6,9,183044.44000003274,-74373.75,258670.69000003277,4633.25
2025-04-04 15:01:00,15,6,9,183044.44000003274,-73042.5,260001.94000003277,4651.0
2025-04-04 15:16:00,15,6,9,183044.44000003274,-71373.75,261670.69000003277,4673.25
2025-04-04 15:31:00,15,6,9,183044.44000003274,-70417.5,262626.9400000328,4686.0
2025-04-04 15:46:00,15,6,9,183044.44000003274,-68917.5,264126.9400000328,4706.0
2025-04-04 16:01:00,15,6,9,183044.44000003274,-74523.75,258520.69000003277,4631.25
2025-04-07 09:31:00,15,6,9,183044.44000003274,-87723.75,245320.69000003277,4455.25
2025-04-07 09:46:00,15,6,9,183079.48000003278,-91380.0,241699.4800000328,4406.5
2025-04-07 10:01:00,15,6,9,183079.48000003278,-81161.25,251918.2300000328,4542.75
2025-04-07 10:16:00,15,6,9,183079.48000003278,-66442.5,266636.9800000328,4739.0
2025-04-07 10:31:00,15,6,9,183079.48000003278,-80092.5,252986.9800000328,4557.0
2025-04-07 10:46:00,15,6,9,183079.48000003278,-77448.75,255630.7300000328,4592.25
2025-04-07 11:01:00,15,6,9,183079.48000003278,-74148.75,258930.7300000328,4636.25
2025-04-07 11:16:00,15,6,9,183079.48000003278,-82605.0,250474.4800000328,4523.5
2025-04-07 11:31:00,15,6,9,183079.48000003278,-81892.5,251186.9800000328,4533.0
2025-04-07 11:46:00,15,6,9,183079.48000003278,-77823.75,255255.7300000328,4587.25
2025-04-07 12:01:00,15,6,9,183079.48000003278,-79567.5,253511.9800000328,4564.0
2025-04-07 12:16:00,15,6,9,183079.48000003278,-81067.5,252011.9800000328,4544.0
2025-04-07 12:31:00,15,6,9,183079.48000003278,-78911.25,254168.2300000328,4572.75
2025-04-07 12:46:00,15,6,9,183079.48000003278,-81236.25,251843.2300000328,4541.75
2025-04-07 13:01:00,15,6,9,183079.48000003278,-78030.0,255049.4800000328,4584.5
2025-04-07 13:16:00,15,6,9,183079.48000003278,-77167.5,255911.9800000328,4596.0
2025-04-07 13:31:00,15,6,9,183079.48000003278,-75405.0,257674.4800000328,4619.5
2025-04-07 13:46:00,15,6,9,183079.48000003278,-73905.0,259174.4800000328,4639.5
2025-04-07 14:01:00,15,6,9,183079.48000003278,-71823.75,261255.7300000328,4667.25
2025-04-07 14:16:00,15,6,9,183079.48000003278,-73005.0,260074.4800000328,4651.5
2025-04-07 14:31:00,15,6,9,183079.48000003278,-74542.5,258536.9800000328,4631.0
2025-04-07 14:46:00,15,6,9,183079.48000003278,-74298.75,258780.7300000328,4634.25
2025-04-07 15:01:00,15,6,9,183079.48000003278,-75105.0,257974.4800000328,4623.5
2025-04-07 15:16:00,15,6,9,183079.48000003278,-78123.75,254955.7300000328,4583.25
2025-04-07 15:31:00,15,6,9,183088.2400000328,-77092.5,255995.74000003282,4597.0
2025-04-07 15:46:00,15,6,9,183088.2400000328,-77373.75,255714.49000003282,4593.25
2025-04-07 16:01:00,15,6,9,183088.2400000328,-74823.75,258264.49000003282,4627.25
2025-04-08 09:31:00,15,6,9,183088.2400000328,-62242.5,270845.7400000328,4795.0
2025-04-08 09:46:00,15,6,9,183088.2400000328,-63442.5,269645.7400000328,4779.0
2025-04-08 10:01:00,15,6,9,183088.2400000328,-61380.0,271708.2400000328,4806.5
2025-04-08 10:16:00,15,6,9,183088.2400000328,-60611.25,272476.9900000328,4816.75
2025-04-08 10:31:00,15,6,9,183088.2400000328,-61455.0,271633.2400000328,4805.5
2025-04-08 10:46:00,15,6,9,183088.2400000328,-62280.0,270808.2400000328,4794.5
2025-04-08 11:01:00,15,6,9,183088.2400000328,-65130.0,267958.2400000328,4756.5
2025-04-08 11:16:00,15,6,9,183088.2400000328,-67211.25,265876.9900000328,4728.75
2025-04-08 11:31:00,15,6,9,183088.2400000328,-67323.75,265764.4900000328,4727.25
2025-04-08 11:46:00,15,6,9,183088.2400000328,-65355.0,267733.2400000328,4753.5
2025-04-08 12:01:00,15,6,9,183088.2400000328,-66855.0,266233.2400000328,4733.5
2025-04-08 12:16:00,15,6,9,183088.2400000328,-67548.75,265539.4900000328,4724.25
2025-04-08 12:31:00,15,6,9,183088.2400000328,-68111.25,264976.9900000328,4716.75
2025-04-08 12:46:00,15,6,9,183097.0000000328,-71936.25,261160.75000003283,4665.75
2025-04-08 13:01:00,16,6,10,183096.3800000328,-73953.75,259142.63000003283,4640.25
2025-04-08 13:16:00,16,6,10,183096.3800000328,-74733.75,258362.63000003283,4630.5
2025-04-08 13:31:00,16,6,10,183096.3800000328,-77493.75,255602.63000003283,4596.0
2025-04-08 13:46:00,15,6,9,183114.52000003282,-73680.0,259434.52000003285,4642.5
2025-04-08 14:01:00,15,6,9,183114.52000003282,-74055.0,259059.52000003285,4637.5
2025-04-08 14:16:00,15,6,9,183114.52000003282,-76192.5,256922.02000003285,4609.0
2025-04-08 14:31:00,15,6,9,183114.52000003282,-74430.0,258684.52000003285,4632.5
2025-04-08 14:46:00,15,6,9,183123.28000003283,-77167.5,255955.78000003286,4596.0
2025-04-08 15:01:00,15,6,9,183123.28000003283,-77655.0,255468.28000003286,4589.5
2025-04-08 15:16:00,15,6,9,183123.28000003283,-81592.5,251530.78000003286,4537.0
2025-04-08 15:31:00,15,6,9,183123.28000003283,-81123.75,251999.53000003286,4543.25
2025-04-08 15:46:00,15,6,9,183132.04000003284,-85811.25,247320.79000003287,4480.75
2025-04-08 16:01:00,15,6,9,183132.04000003284,-81461.25,251670.79000003287,4538.75
2025-04-09 09:31:00,15,6,9,183132.04000003284,-83186.25,249945.79000003287,4515.75
2025-04-09 09:46:00,15,6,9,183132.04000003284,-81255.0,251877.04000003287,4541.5
2025-04-09 10:01:00,15,6,9,183132.04000003284,-77317.5,255814.54000003287,4594.0
2025-04-09 10:16:00,15,6,9,183132.04000003284,-80786.25,252345.79000003287,4547.75
2025-04-09 10:31:00,15,6,9,183132.04000003284,-79473.75,253658.29000003287,4565.25
2025-04-09 10:46:00,15,6,9,183132.04000003284,-80261.25,252870.79000003287,4554.75
2025-04-09 11:01:00,15,6,9,183132.04000003284,-83486.25,249645.79000003287,4511.75
2025-04-09 11:16:00,15,6,9,183132.04000003284,-80036.25,253095.79000003287,4557.75
2025-04-09 11:31:00,15,6,9,183132.04000003284,-79436.25,253695.79000003287,4565.75
2025-04-09 11:46:00,15,6,9,183132.04000003284,-82005.0,251127.04000003287,4531.5
2025-04-09 12:01:00,15,6,9,183132.04000003284,-82473.75,250658.29000003287,4525.25
2025-04-09 12:16:00,15,6,9,183132.04000003284,-78967.5,254164.54000003287,4572.0
2025-04-09 12:31:00,15,6,9,183132.04000003284,-79398.75,253733.29000003287,4566.25
2025-04-09 12:46:00,15,6,9,183132.04000003284,-79323.75,253808.29000003287,4567.25
2025-04-09 13:01:00,15,6,9,183132.04000003284,-77617.5,255514.54000003287,4590.0
2025-04-09 13:16:00,15,6,9,183132.04000003284,-77205.0,255927.04000003287,4595.5
2025-04-09 13:31:00,15,6,9,183140.80000003285,-59580.0,273560.8000000329,4830.5
2025-04-09 13:46:00,15,6,9,183140.80000003285,-58173.75,274967.0500000329,4849.25
2025-04-09 14:01:00,15,6,9,183140.80000003285,-51611.25,281529.5500000329,4936.75
2025-04-09 14:16:00,15,6,9,183140.80000003285,-53542.5,279598.3000000329,4911.0
2025-04-09 14:31:00,14,6,8,183150.18000003285,-49400.0,283750.1800000329,4966.75
2025-04-09 14:46:00,14,6,8,183150.18000003285,-54422.5,278727.6800000329,4895.0
2025-04-09 15:01:00,14,6,8,183150.18000003285,-55262.5,277887.6800000329,4883.0
2025-04-09 15:16:00,14,6,8,183150.18000003285,-50432.5,282717.6800000329,4952.0
2025-04-09 15:31:00,14,6,8,183150.18000003285,-47440.0,285710.1800000329,4994.75
2025-04-09 15:46:00,14,6,8,183150.18000003285,-47457.5,285692.6800000329,4994.5
2025-04-09 16:01:00,14,6,8,183150.18000003285,-45637.5,287512.6800000329,5020.5
2025-04-10 09:31:00,14,6,8,183150.18000003285,-53635.0,279515.1800000329,4906.25
2025-04-10 09:46:00,14,6,8,183150.18000003285,-54877.5,278272.6800000329,4888.5
2025-04-10 10:01:00,14,6,8,183150.18000003285,-56767.5,276382.6800000329,4861.5
2025-04-10 10:16:00,14,6,8,183150.18000003285,-56925.0,276225.1800000329,4859.25
2025-04-10 10:31:00,14,6,8,183150.18000003285,-56295.0,276855.1800000329,4868.25
2025-04-10 10:46:00,14,6,8,183150.18000003285,-55927.5,277222.6800000329,4873.5
2025-04-10 11:01:00,14,6,8,183150.18000003285,-58185.0,274965.1800000329,4841.25
2025-04-10 11:16:00,14,6,8,183150.18000003285,-58500.0,274650.1800000329,4836.75
2025-04-10 11:31:00,14,6,8,183150.18000003285,-60215.0,272935.1800000329,4812.25
2025-04-10 11:46:00,14,6,8,183150.18000003285,-60897.5,272252.6800000329,4802.5
2025-04-10 12:01:00,15,6,9,183149.56000003286,-63972.5,269177.0600000329,4761.5
2025-04-10 12:16:00,15,6,9,183158.32000003287,-66185.0,266973.3200000329,4732.0
2025-04-10 12:31:00,15,6,9,183167.08000003287,-67310.0,265857.0800000329,4717.0
2025-04-10 12:46:00,15,6,9,183167.08000003287,-66035.0,267132.0800000329,4734.0
2025-04-10 13:01:00,15,6,9,183167.08000003287,-62135.0,271032.0800000329,4786.0
2025-04-10 13:16:00,14,6,8,183176.46000003288,-66725.0,266451.4600000329,4719.25
2025-04-10 13:31:00,14,6,8,183176.46000003288,-63715.0,269461.4600000329,4762.25
2025-04-10 13:46:00,14,6,8,183176.46000003288,-59865.0,273311.4600000329,4817.25
2025-04-10 14:01:00,14,6,8,183176.46000003288,-59620.0,273556.4600000329,4820.75
2025-04-10 14:16:00,14,6,8,183176.46000003288,-61632.5,271543.9600000329,4792.0
2025-04-10 14:31:00,14,6,8,183176.46000003288,-57012.5,276163.9600000329,4858.0
2025-04-10 14:46:00,14,6,8,183176.46000003288,-57222.5,275953.9600000329,4855.0
2025-04-10 15:01:00,14,6,8,183176.46000003288,-57240.0,275936.4600000329,4854.75
2025-04-10 15:16:00,14,6,8,183176.46000003288,-59200.0,273976.4600000329,4826.75
2025-04-10 15:31:00,14,6,8,183176.46000003288,-60232.5,272943.9600000329,4812.0
2025-04-10 15:46:00,14,6,8,183176.46000003288,-62752.5,270423.9600000329,4776.0
2025-04-10 16:01:00,14,6,8,183176.46000003288,-59567.5,273608.9600000329,4821.5
2025-04-11 09:31:00,14,6,8,183176.46000003288,-60040.0,273136.4600000329,4814.75
2025-04-11 09:46:00,14,6,8,183176.46000003288,-58570.0,274606.4600000329,4835.75
2025-04-11 10:01:00,14,6,8,183176.46000003288,-59375.0,273801.4600000329,4824.25
2025-04-11 10:16:00,14,6,8,183176.46000003288,-57712.5,275463.9600000329,4848.0
2025-04-11 10:31:00,14,6,8,183176.46000003288,-61562.5,271613.9600000329,4793.0
2025-04-11 10:46:00,14,6,8,183185.2200000329,-58885.0,274300.2200000329,4831.25
2025-04-11 11:01:00,14,6,8,183185.2200000329,-59375.0,273810.2200000329,4824.25
2025-04-11 11:16:00,14,6,8,183185.2200000329,-61597.5,271587.7200000329,4792.5
2025-04-11 11:31:00,14,6,8,183185.2200000329,-60460.0,272725.2200000329,4808.75
2025-04-11 11:46:00,14,6,8,183185.2200000329,-59235.0,273950.2200000329,4826.25
2025-04-11 12:01:00,14,6,8,183185.2200000329,-57852.5,275332.7200000329,4846.0
2025-04-11 12:16:00,14,6,8,183185.2200000329,-57572.5,275612.7200000329,4850.0
2025-04-11 12:31:00,14,6,8,183185.2200000329,-56960.0,276225.2200000329,4858.75
2025-04-11 12:46:00,14,6,8,183185.2200000329,-54947.5,278237.7200000329,4887.5
2025-04-11 13:01:00,14,6,8,183185.2200000329,-55017.5,278167.7200000329,4886.5
2025-04-11 13:16:00,14,6,8,183185.2200000329,-54912.5,278272.7200000329,4888.0
2025-04-11 13:31:00,14,6,8,183185.2200000329,-55822.5,277362.7200000329,4875.0
2025-04-11 13:46:00,14,6,8,183193.9800000329,-52392.5,280801.4800000329,4924.0
2025-04-11 14:01:00,14,6,8,183193.9800000329,-52882.5,280311.4800000329,4917.0
2025-04-11 14:16:00,14,6,8,183193.9800000329,-53022.5,280171.4800000329,4915.0
2025-04-11 14:31:00,14,6,8,183193.9800000329,-53495.0,279698.9800000329,4908.25
2025-04-11 14:46:00,14,6,8,183193.9800000329,-52952.5,280241.4800000329,4916.0
2025-04-11 15:01:00,14,6,8,183193.9800000329,-53792.5,279401.4800000329,4904.0
2025-04-11 15:16:00,14,6,8,183193.9800000329,-52690.0,280503.9800000329,4919.75
2025-04-11 15:31:00,14,6,8,183193.9800000329,-52847.5,280346.4800000329,4917.5
2025-04-11 15:46:00,14,6,8,183193.9800000329,-52795.0,280398.9800000329,4918.25
2025-04-11 16:01:00,14,6,8,183193.9800000329,-52865.0,280328.9800000329,4917.25
2025-04-14 09:31:00,14,6,8,183193.9800000329,-46337.5,286856.4800000329,5010.5
2025-04-14 09:46:00,14,6,8,183193.9800000329,-48122.5,285071.4800000329,4985.0
2025-04-14 10:01:00,14,6,8,183193.9800000329,-48525.0,284668.9800000329,4979.25
2025-04-14 10:16:00,14,6,8,183193.9800000329,-48315.0,284878.9800000329,4982.25
2025-04-14 10:31:00,14,6,8,183193.9800000329,-47562.5,285631.4800000329,4993.0
2025-04-14 10:46:00,14,6,8,183193.9800000329,-46950.0,286243.9800000329,5001.75
2025-04-14 11:01:00,14,6,8,183193.9800000329,-47247.5,285946.4800000329,4997.5
2025-04-14 11:16:00,14,6,8,183193.9800000329,-48122.5,285071.4800000329,4985.0
2025-04-14 11:31:00,14,6,8,183193.9800000329,-49645.0,283548.9800000329,4963.25
2025-04-14 11:46:00,14,6,8,183193.9800000329,-50975.0,282218.9800000329,4944.25
2025-04-14 12:01:00,14,6,8,183202.7400000329,-51622.5,281580.24000003294,4935.0
2025-04-14 12:16:00,14,6,8,183211.50000003292,-51727.5,281484.00000003295,4933.5
2025-04-14 12:31:00,14,6,8,183211.50000003292,-51517.5,281694.00000003295,4936.5
2025-04-14 12:46:00,14,6,8,183211.50000003292,-50485.0,282726.50000003295,4951.25
2025-04-14 13:01:00,14,6,8,183211.50000003292,-50870.0,282341.50000003295,4945.75
2025-04-14 13:16:00,14,6,8,183211.50000003292,-51325.0,281886.50000003295,4939.25
2025-04-14 13:31:00,14,6,8,183211.50000003292,-50520.0,282691.50000003295,4950.75
2025-04-14 13:46:00,14,6,8,183211.50000003292,-50432.5,282779.00000003295,4952.0
2025-04-14 14:01:00,14,6,8,183211.50000003292,-49260.0,283951.50000003295,4968.75
2025-04-14 14:16:00,14,6,8,183211.50000003292,-49347.5,283864.00000003295,4967.5
2025-04-14 14:31:00,14,6,8,183211.50000003292,-48577.5,284634.00000003295,4978.5
2025-04-14 14:46:00,14,6,8,183211.50000003292,-48140.0,285071.50000003295,4984.75
2025-04-14 15:01:00,14,6,8,183211.50000003292,-47912.5,285299.00000003295,4988.0
2025-04-14 15:16:00,14,6,8,183211.50000003292,-47440.0,285771.50000003295,4994.75
2025-04-14 15:31:00,14,6,8,183211.50000003292,-47965.0,285246.50000003295,4987.25
2025-04-14 15:46:00,14,6,8,183211.50000003292,-47667.5,285544.00000003295,4991.5
2025-04-14 16:01:00,15,6,9,183210.88000003292,-49263.75,283947.13000003295,4969.75
2025-04-15 09:31:00,15,6,9,183210.88000003292,-49113.75,284097.13000003295,4971.75
2025-04-15 09:46:00,14,6,8,183220.26000003293,-47912.5,285307.76000003295,4988.0
2025-04-15 10:01:00,14,6,8,183220.26000003293,-47597.5,285622.76000003295,4992.5
2025-04-15 10:16:00,14,6,8,183220.26000003293,-47282.5,285937.76000003295,4997.0
2025-04-15 10:31:00,14,6,8,183220.26000003293,-48647.5,284572.76000003295,4977.5
2025-04-15 10:46:00,14,6,8,183220.26000003293,-47702.5,285517.76000003295,4991.0
2025-04-15 11:01:00,14,6,8,183220.26000003293,-47965.0,285255.26000003295,4987.25
2025-04-15 11:16:00,14,6,8,183220.26000003293,-47790.0,285430.26000003295,4989.75
2025-04-15 11:31:00,14,6,8,183220.26000003293,-48385.0,284835.26000003295,4981.25
2025-04-15 11:46:00,14,6,8,183220.26000003293,-48350.0,284870.26000003295,4981.75
2025-04-15 12:01:00,14,6,8,183220.26000003293,-48157.5,285062.76000003295,4984.5
2025-04-15 12:16:00,14,6,8,183220.26000003293,-48087.5,285132.76000003295,4985.5
2025-04-15 12:31:00,14,6,8,183220.26000003293,-47895.0,285325.26000003295,4988.25
2025-04-15 12:46:00,14,6,8,183220.26000003293,-48245.0,284975.26000003295,4983.25
2025-04-15 13:01:00,14,6,8,183220.26000003293,-49907.5,283312.76000003295,4959.5
2025-04-15 13:16:00,14,6,8,183220.26000003293,-49505.0,283715.26000003295,4965.25
2025-04-15 13:31:00,14,6,8,183229.02000003294,-49837.5,283391.52000003296,4960.5
2025-04-15 13:46:00,14,6,8,183229.02000003294,-49872.5,283356.52000003296,4960.0
2025-04-15 14:01:00,14,6,8,183229.02000003294,-49855.0,283374.02000003296,4960.25
2025-04-15 14:16:00,14,6,8,183229.02000003294,-51115.0,282114.02000003296,4942.25
2025-04-15 14:31:00,14,6,8,183237.78000003294,-50607.5,282630.280000033,4949.5
2025-04-15 14:46:00,14,6,8,183237.78000003294,-49627.5,283610.280000033,4963.5
2025-04-15 15:01:00,14,6,8,183237.78000003294,-49802.5,283435.280000033,4961.0
2025-04-15 15:16:00,14,6,8,183237.78000003294,-49470.0,283767.780000033,4965.75
2025-04-15 15:31:00,14,6,8,183237.78000003294,-49960.0,283277.780000033,4958.75
2025-04-15 15:46:00,14,6,8,183237.78000003294,-50397.5,282840.280000033,4952.5
2025-04-15 16:01:00,14,6,8,183246.54000003295,-50485.0,282761.540000033,4951.25
2025-04-16 09:31:00,14,6,8,183246.54000003295,-54405.0,278841.540000033,4895.25
2025-04-16 09:46:00,14,6,8,183246.54000003295,-54580.0,278666.540000033,4892.75
2025-04-16 10:01:00,14,6,8,183264.06000003297,-55892.5,277371.560000033,4874.0
2025-04-16 10:16:00,14,6,8,183272.82000003298,-55770.0,277502.820000033,4875.75
2025-04-16 10:31:00,14,6,8,183272.82000003298,-54807.5,278465.320000033,4889.5
2025-04-16 10:46:00,14,6,8,183272.82000003298,-54247.5,279025.320000033,4897.5
2025-04-16 11:01:00,14,6,8,183272.82000003298,-54230.0,279042.820000033,4897.75
2025-04-16 11:16:00,14,6,8,183272.82000003298,-54510.0,278762.820000033,4893.75
2025-04-16 11:31:00,14,6,8,183272.82000003298,-53180.0,280092.820000033,4912.75
2025-04-16 11:46:00,14,6,8,183272.82000003298,-53967.5,279305.320000033,4901.5
2025-04-16 12:01:00,14,6,8,183272.82000003298,-54860.0,278412.820000033,4888.75
2025-04-16 12:16:00,15,6,9,183272.200000033,-54880.0,278392.200000033,4888.5
2025-04-16 12:31:00,15,6,9,183272.200000033,-55123.75,278148.450000033,4885.25
2025-04-16 12:46:00,14,6,8,183290.340000033,-55315.0,277975.34000003303,4882.25
2025-04-16 13:01:00,14,6,8,183290.340000033,-55402.5,277887.84000003303,4881.0
2025-04-16 13:16:00,14,6,8,183290.340000033,-55420.0,277870.34000003303,4880.75
2025-04-16 13:31:00,14,6,8,183290.340000033,-55787.5,277502.84000003303,4875.5
2025-04-16 13:46:00,15,6,9,183316.00000003303,-58695.0,274621.00000003306,4836.75
2025-04-16 14:01:00,15,6,9,183333.52000003305,-59745.0,273588.5200000331,4822.75
2025-04-16 14:16:00,15,6,9,183333.52000003305,-59388.75,273944.7700000331,4827.5
2025-04-16 14:31:00,15,6,9,183333.52000003305,-59407.5,273926.0200000331,4827.25
2025-04-16 14:46:00,15,6,9,183333.52000003305,-60813.75,272519.7700000331,4808.5
2025-04-16 15:01:00,15,6,9,183333.52000003305,-61376.25,271957.2700000331,4801.0
2025-04-16 15:16:00,15,6,9,183333.52000003305,-61901.25,271432.2700000331,4794.0
2025-04-16 15:31:00,15,6,9,183333.52000003305,-62370.0,270963.5200000331,4787.75
2025-04-16 15:46:00,15,6,9,183333.52000003305,-61470.0,271863.5200000331,4799.75
2025-04-16 16:01:00,15,6,9,183333.52000003305,-59463.75,273869.7700000331,4826.5
2025-04-17 09:31:00,15,6,9,183333.52000003305,-57551.25,275782.2700000331,4852.0
2025-04-17 09:46:00,15,6,9,183333.52000003305,-58188.75,275144.7700000331,4843.5
2025-04-17 10:01:00,15,6,9,183333.52000003305,-57326.25,276007.2700000331,4855.0
2025-04-17 10:16:00,15,6,9,183333.52000003305,-58095.0,275238.5200000331,4844.75
2025-04-17 10:31:00,15,6,9,183333.52000003305,-60157.5,273176.0200000331,4817.25
2025-04-17 10:46:00,15,6,9,183342.28000003306,-59407.5,273934.7800000331,4827.25
2025-04-17 11:01:00,15,6,9,183342.28000003306,-59407.5,273934.7800000331,4827.25
2025-04-17 11:16:00,15,6,9,183342.28000003306,-57963.75,275378.5300000331,4846.5
2025-04-17 11:31:00,15,6,9,183342.28000003306,-58188.75,275153.5300000331,4843.5
2025-04-17 11:46:00,15,6,9,183342.28000003306,-58545.0,274797.2800000331,4838.75
2025-04-17 12:01:00,15,6,9,183342.28000003306,-58432.5,274909.7800000331,4840.25
2025-04-17 12:16:00,15,6,9,183342.28000003306,-57645.0,275697.2800000331,4850.75
2025-04-17 12:31:00,15,6,9,183342.28000003306,-56951.25,276391.0300000331,4860.0
2025-04-17 12:46:00,15,6,9,183342.28000003306,-57851.25,275491.0300000331,4848.0
2025-04-17 13:01:00,15,6,9,183342.28000003306,-56032.5,277309.7800000331,4872.25
2025-04-17 13:16:00,15,6,9,183342.28000003306,-56970.0,276372.2800000331,4859.75
2025-04-17 13:31:00,15,6,9,183342.28000003306,-57888.75,275453.5300000331,4847.5
2025-04-17 13:46:00,15,6,9,183342.28000003306,-57157.5,276184.7800000331,4857.25
2025-04-17 14:01:00,15,6,9,183342.28000003306,-56576.25,276766.0300000331,4865.0
2025-04-17 14:16:00,14,6,8,183351.66000003307,-56137.5,277214.1600000331,4870.5
2025-04-17 14:31:00,14,6,8,183351.66000003307,-56032.5,277319.1600000331,4872.0
2025-04-17 14:46:00,14,6,8,183351.66000003307,-55805.0,277546.6600000331,4875.25
2025-04-17 15:01:00,14,6,8,183351.66000003307,-57187.5,276164.1600000331,4855.5
2025-04-17 15:16:00,14,6,8,183351.66000003307,-58062.5,275289.1600000331,4843.0
2025-04-17 15:31:00,14,6,8,183351.66000003307,-57555.0,275796.6600000331,4850.25
2025-04-17 15:46:00,14,6,8,183351.66000003307,-57835.0,275516.6600000331,4846.25
2025-04-17 16:01:00,14,6,8,183360.42000003307,-58622.5,274737.9200000331,4835.0
2025-04-21 09:31:00,14,6,8,183360.42000003307,-62227.5,271132.9200000331,4783.5
2025-04-21 09:46:00,15,6,9,183359.80000003308,-63830.0,269529.8000000331,4761.5
2025-04-21 10:01:00,15,6,9,183359.80000003308,-65705.0,267654.8000000331,4736.5
2025-04-21 10:16:00,15,6,9,183359.80000003308,-66098.75,267261.0500000331,4731.25
2025-04-21 10:31:00,15,6,9,183359.80000003308,-66605.0,266754.8000000331,4724.5
2025-04-21 10:46:00,15,6,9,183359.80000003308,-66530.0,266829.8000000331,4725.5
2025-04-21 11:01:00,15,6,9,183359.80000003308,-67205.0,266154.8000000331,4716.5
2025-04-21 11:16:00,15,6,9,183359.80000003308,-68011.25,265348.5500000331,4705.75
2025-04-21 11:31:00,15,6,9,183359.80000003308,-68723.75,264636.0500000331,4696.25
2025-04-21 11:46:00,15,6,9,183359.80000003308,-69586.25,263773.5500000331,4684.75
2025-04-21 12:01:00,15,6,9,183359.80000003308,-69942.5,263417.3000000331,4680.0
2025-04-21 12:16:00,15,6,9,183359.80000003308,-69548.75,263811.0500000331,4685.25
2025-04-21 12:31:00,15,6,9,183359.80000003308,-69473.75,263886.0500000331,4686.25
2025-04-21 12:46:00,15,6,9,183359.80000003308,-68648.75,264711.0500000331,4697.25
2025-04-21 13:01:00,15,6,9,183359.80000003308,-69867.5,263492.3000000331,4681.0
2025-04-21 13:16:00,15,6,9,183359.80000003308,-71180.0,262179.8000000331,4663.5
2025-04-21 13:31:00,15,6,9,183359.80000003308,-70767.5,262592.3000000331,4669.0
2025-04-21 13:46:00,15,6,9,183359.80000003308,-71292.5,262067.3000000331,4662.0
2025-04-21 14:01:00,16,6,10,183359.18000003308,-72068.75,261290.4300000331,4652.25
2025-04-21 14:16:00,16,6,10,183359.18000003308,-71808.75,261550.4300000331,4655.5
2025-04-21 14:31:00,15,6,9,183368.5600000331,-70767.5,262601.0600000331,4669.0
2025-04-21 14:46:00,15,6,9,183368.5600000331,-71480.0,261888.56000003312,4659.5
2025-04-21 15:01:00,15,6,9,183368.5600000331,-71498.75,261869.81000003312,4659.25
2025-04-21 15:16:00,15,6,9,183368.5600000331,-70823.75,262544.8100000331,4668.25
2025-04-21 15:31:00,15,6,9,183368.5600000331,-70692.5,262676.0600000331,4670.0
2025-04-21 15:46:00,15,6,9,183368.5600000331,-69286.25,264082.3100000331,4688.75
2025-04-21 16:01:00,15,6,9,183368.5600000331,-67955.0,265413.5600000331,4706.5
2025-04-22 09:31:00,15,6,9,183368.5600000331,-63942.5,269426.0600000331,4760.0
2025-04-22 09:46:00,14,6,8,183377.9400000331,-61842.5,271535.4400000331,4789.0
2025-04-22 10:01:00,14,6,8,183377.9400000331,-61860.0,271517.9400000331,4788.75
2025-04-22 10:16:00,14,6,8,183377.9400000331,-61737.5,271640.4400000331,4790.5
2025-04-22 10:31:00,14,6,8,183377.9400000331,-61650.0,271727.9400000331,4791.75
2025-04-22 10:46:00,14,6,8,183377.9400000331,-60565.0,272812.9400000331,4807.25
2025-04-22 11:01:00,14,6,8,183377.9400000331,-59987.5,273390.4400000331,4815.5
2025-04-22 11:16:00,14,6,8,183377.9400000331,-59427.5,273950.4400000331,4823.5
2025-04-22 11:31:00,14,6,8,183377.9400000331,-60040.0,273337.9400000331,4814.75
2025-04-22 11:46:00,14,6,8,183377.9400000331,-60425.0,272952.9400000331,4809.25
2025-04-22 12:01:00,14,6,8,183377.9400000331,-57870.0,275507.9400000331,4845.75
2025-04-22 12:16:00,14,6,8,183377.9400000331,-57695.0,275682.9400000331,4848.25
2025-04-22 12:31:00,14,6,8,183377.9400000331,-57135.0,276242.9400000331,4856.25
2025-04-22 12:46:00,14,6,8,183377.9400000331,-57712.5,275665.4400000331,4848.0
2025-04-22 13:01:00,14,6,8,183377.9400000331,-57817.5,275560.4400000331,4846.5
2025-04-22 13:16:00,15,6,9,183377.3200000331,-60163.75,273213.5700000331,4814.25
2025-04-22 13:31:00,15,6,9,183394.84000003312,-61870.0,271524.84000003315,4791.5
2025-04-22 13:46:00,15,6,9,183412.36000003314,-61588.75,271823.61000003316,4795.25
2025-04-22 14:01:00,15,6,9,183412.36000003314,-62207.5,271204.86000003316,4787.0
2025-04-22 14:16:00,15,6,9,183412.36000003314,-60351.25,273061.11000003316,4811.75
2025-04-22 14:31:00,15,6,9,183412.36000003314,-59638.75,273773.61000003316,4821.25
2025-04-22 14:46:00,15,6,9,183412.36000003314,-58870.0,274542.36000003316,4831.5
2025-04-22 15:01:00,14,6,8,183421.74000003314,-58360.0,275061.74000003317,4838.75
2025-04-22 15:16:00,14,6,8,183421.74000003314,-59322.5,274099.24000003317,4825.0
2025-04-22 15:31:00,14,6,8,183421.74000003314,-59865.0,273556.74000003317,4817.25
2025-04-22 15:46:00,14,6,8,183421.74000003314,-58517.5,274904.24000003317,4836.5
2025-04-22 16:01:00,14,6,8,183421.74000003314,-57695.0,275726.74000003317,4848.25
2025-04-23 09:31:00,14,6,8,183421.74000003314,-49155.0,284266.74000003317,4970.25
2025-04-23 09:46:00,14,6,8,183421.74000003314,-46967.5,286454.24000003317,5001.5
2025-04-23 10:01:00,14,6,8,183421.74000003314,-47195.0,286226.74000003317,4998.25
2025-04-23 10:16:00,14,6,8,183421.74000003314,-47667.5,285754.24000003317,4991.5
2025-04-23 10:31:00,14,6,8,183421.74000003314,-46337.5,287084.24000003317,5010.5
2025-04-23 10:46:00,14,6,8,183421.74000003314,-46302.5,287119.24000003317,5011.0
2025-04-23 11:01:00,14,6,8,183421.74000003314,-47685.0,285736.74000003317,4991.25
2025-04-23 11:16:00,14,6,8,183421.74000003314,-47842.5,285579.24000003317,4989.0
2025-04-23 11:31:00,14,6,8,183439.26000003316,-50240.0,283199.2600000332,4954.75
2025-04-23 11:46:00,14,6,8,183439.26000003316,-50520.0,282919.2600000332,4950.75
2025-04-23 12:01:00,14,6,8,183439.26000003316,-51412.5,282026.7600000332,4938.0
2025-04-23 12:16:00,14,6,8,183439.26000003316,-52200.0,281239.2600000332,4926.75
2025-04-23 12:31:00,14,6,8,183439.26000003316,-51657.5,281781.7600000332,4934.5
2025-04-23 12:46:00,14,6,8,183439.26000003316,-51132.5,282306.7600000332,4942.0
2025-04-23 13:01:00,14,6,8,183439.26000003316,-51062.5,282376.7600000332,4943.0
2025-04-23 13:16:00,14,6,8,183439.26000003316,-49960.0,283479.2600000332,4958.75
2025-04-23 13:31:00,14,6,8,183439.26000003316,-50222.5,283216.7600000332,4955.0
2025-04-23 13:46:00,14,6,8,183439.26000003316,-51482.5,281956.7600000332,4937.0
2025-04-23 14:01:00,14,6,8,183439.26000003316,-50292.5,283146.7600000332,4954.0
2025-04-23 14:16:00,14,6,8,183439.26000003316,-50240.0,283199.2600000332,4954.75
2025-04-23 14:31:00,14,6,8,183439.26000003316,-51447.5,281991.7600000332,4937.5
2025-04-23 14:46:00,14,6,8,183439.26000003316,-51867.5,281571.7600000332,4931.5
2025-04-23 15:01:00,14,6,8,183439.26000003316,-51622.5,281816.7600000332,4935.0
2025-04-23 15:16:00,14,6,8,183439.26000003316,-52655.0,280784.2600000332,4920.25
2025-04-23 15:31:00,14,6,8,183439.26000003316,-52760.0,280679.2600000332,4918.75
2025-04-23 15:46:00,14,6,8,183439.26000003316,-52777.5,280661.7600000332,4918.5
2025-04-23 16:01:00,14,6,8,183439.26000003316,-52707.5,280731.7600000332,4919.5
2025-04-24 09:31:00,14,6,8,183439.26000003316,-51990.0,281449.2600000332,4929.75
2025-04-24 09:46:00,14,6,8,183439.26000003316,-50905.0,282534.2600000332,4945.25
2025-04-24 10:01:00,14,6,8,183439.26000003316,-49522.5,283916.7600000332,4965.0
2025-04-24 10:16:00,14,6,8,183439.26000003316,-49417.5,284021.7600000332,4966.5
2025-04-24 10:31:00,14,6,8,183439.26000003316,-47807.5,285631.7600000332,4989.5
2025-04-24 10:46:00,14,6,8,183439.26000003316,-48070.0,285369.2600000332,4985.75
2025-04-24 11:01:00,14,6,8,183439.26000003316,-47632.5,285806.7600000332,4992.0
2025-04-24 11:16:00,14,6,8,183439.26000003316,-46670.0,286769.2600000332,5005.75
2025-04-24 11:31:00,14,6,8,183439.26000003316,-47807.5,285631.7600000332,4989.5
2025-04-24 11:46:00,14,6,8,183439.26000003316,-47545.0,285894.2600000332,4993.25
2025-04-24 12:01:00,14,6,8,183439.26000003316,-47317.5,286121.7600000332,4996.5
2025-04-24 12:16:00,14,6,8,183439.26000003316,-46705.0,286734.2600000332,5005.25
2025-04-24 12:31:00,14,6,8,183439.26000003316,-46127.5,287311.7600000332,5013.5
2025-04-24 12:46:00,14,6,8,183439.26000003316,-46180.0,287259.2600000332,5012.75
2025-04-24 13:01:00,14,6,8,183439.26000003316,-45742.5,287696.7600000332,5019.0
2025-04-24 13:16:00,14,6,8,183439.26000003316,-45795.0,287644.2600000332,5018.25
2025-04-24 13:31:00,14,6,8,183439.26000003316,-45445.0,287994.2600000332,5023.25
2025-04-24 13:46:00,14,6,8,183439.26000003316,-46127.5,287311.7600000332,5013.5
2025-04-24 14:01:00,14,6,8,183439.26000003316,-45462.5,287976.7600000332,5023.0
2025-04-24 14:16:00,14,6,8,183439.26000003316,-45217.5,288221.7600000332,5026.5
2025-04-24 14:31:00,14,6,8,183439.26000003316,-45112.5,288326.7600000332,5028.0
2025-04-24 14:46:00,14,6,8,183439.26000003316,-45007.5,288431.7600000332,5029.5
2025-04-24 15:01:00,14,6,8,183439.26000003316,-45182.5,288256.7600000332,5027.0
2025-04-24 15:16:00,14,6,8,183439.26000003316,-45707.5,287731.7600000332,5019.5
2025-04-24 15:31:00,14,6,8,183439.26000003316,-45725.0,287714.2600000332,5019.25
2025-04-24 15:46:00,14,6,8,183439.26000003316,-44797.5,288641.7600000332,5032.5
2025-04-24 16:01:00,14,6,8,183439.26000003316,-44657.5,288781.7600000332,5034.5
2025-04-25 09:31:00,14,6,8,183439.26000003316,-44517.5,288921.7600000332,5036.5
2025-04-25 09:46:00,14,6,8,183439.26000003316,-44640.0,288799.2600000332,5034.75
2025-04-25 10:01:00,14,6,8,183448.02000003317,-45217.5,288230.5200000332,5026.5
2025-04-25 10:16:00,14,6,8,183456.78000003318,-44395.0,289061.7800000332,5038.25
2025-04-25 10:31:00,14,6,8,183465.5400000332,-46460.0,287005.5400000332,5008.75
2025-04-25 10:46:00,14,6,8,183465.5400000332,-44727.5,288738.0400000332,5033.5
2025-04-25 11:01:00,14,6,8,183465.5400000332,-45305.0,288160.5400000332,5025.25
2025-04-25 11:16:00,14,6,8,183465.5400000332,-44552.5,288913.0400000332,5036.0
2025-04-25 11:31:00,14,6,8,183465.5400000332,-44797.5,288668.0400000332,5032.5
2025-04-25 11:46:00,14,6,8,183465.5400000332,-45270.0,288195.5400000332,5025.75
2025-04-25 12:01:00,14,6,8,183465.5400000332,-44412.5,289053.0400000332,5038.0
2025-04-25 12:16:00,14,6,8,183465.5400000332,-44150.0,289315.5400000332,5041.75
2025-04-25 12:31:00,14,6,8,183465.5400000332,-43730.0,289735.5400000332,5047.75
2025-04-25 12:46:00,14,6,8,183465.5400000332,-43205.0,290260.5400000332,5055.25
2025-04-25 13:01:00,14,6,8,183465.5400000332,-43047.5,290418.0400000332,5057.5
2025-04-25 13:16:00,14,6,8,183465.5400000332,-42610.0,290855.5400000332,5063.75
2025-04-25 13:31:00,14,6,8,183465.5400000332,-42172.5,291293.0400000332,5070.0
2025-04-25 13:46:00,14,6,8,183465.5400000332,-43432.5,290033.0400000332,5052.0
2025-04-25 14:01:00,15,6,9,183473.6800000332,-44052.5,289421.18000003323,5043.75
2025-04-25 14:16:00,14,6,8,183483.0600000332,-43082.5,290400.56000003323,5057.0
2025-04-25 14:31:00,14,6,8,183483.0600000332,-42645.0,290838.06000003323,5063.25
2025-04-25 14:46:00,14,6,8,183483.0600000332,-42032.5,291450.56000003323,5072.0
2025-04-25 15:01:00,14,6,8,183483.0600000332,-42470.0,291013.06000003323,5065.75
2025-04-25 15:16:00,14,6,8,183483.0600000332,-42715.0,290768.06000003323,5062.25
2025-04-25 15:31:00,14,6,8,183483.0600000332,-42907.5,290575.56000003323,5059.5
2025-04-25 15:46:00,15,6,9,183482.4400000332,-42775.0,290707.44000003324,5061.5
2025-04-25 16:01:00,14,6,8,183491.8200000332,-42032.5,291459.32000003324,5072.0
2025-04-28 09:31:00,14,6,8,183491.8200000332,-40965.0,292526.82000003324,5087.25
2025-04-28 09:46:00,14,6,8,183491.8200000332,-40265.0,293226.82000003324,5097.25
2025-04-28 10:01:00,14,6,8,183491.8200000332,-42557.5,290934.32000003324,5064.5
2025-04-28 10:16:00,14,6,8,183491.8200000332,-41752.5,291739.32000003324,5076.0
2025-04-28 10:31:00,14,6,8,183491.8200000332,-42225.0,291266.82000003324,5069.25
2025-04-28 10:46:00,14,6,8,183491.8200000332,-41280.0,292211.82000003324,5082.75
2025-04-28 11:01:00,14,6,8,183491.8200000332,-42137.5,291354.32000003324,5070.5
2025-04-28 11:16:00,14,6,8,183500.58000003322,-42855.0,290645.58000003325,5060.25
2025-04-28 11:31:00,15,6,9,183499.96000003323,-44276.25,289223.71000003326,5040.5
2025-04-28 11:46:00,14,6,8,183509.34000003323,-44097.5,289411.84000003326,5042.5
2025-04-28 12:01:00,14,6,8,183509.34000003323,-44412.5,289096.84000003326,5038.0
2025-04-28 12:16:00,14,6,8,183509.34000003323,-44745.0,288764.34000003326,5033.25
2025-04-28 12:31:00,14,6,8,183509.34000003323,-44920.0,288589.34000003326,5030.75
2025-04-28 12:46:00,14,6,8,183509.34000003323,-44692.5,288816.84000003326,5034.0
2025-04-28 13:01:00,14,6,8,183509.34000003323,-44832.5,288676.84000003326,5032.0
2025-04-28 13:16:00,14,6,8,183509.34000003323,-45550.0,287959.34000003326,5021.75
2025-04-28 13:31:00,14,6,8,183518.10000003324,-45865.0,287653.1000000333,5017.25
2025-04-28 13:46:00,14,6,8,183518.10000003324,-44920.0,288598.1000000333,5030.75
2025-04-28 14:01:00,14,6,8,183518.10000003324,-44062.5,289455.6000000333,5043.0
2025-04-28 14:16:00,14,6,8,183518.10000003324,-43957.5,289560.6000000333,5044.5
2025-04-28 14:31:00,14,6,8,183518.10000003324,-43467.5,290050.6000000333,5051.5
2025-04-28 14:46:00,14,6,8,183518.10000003324,-43520.0,289998.1000000333,5050.75
2025-04-28 15:01:00,14,6,8,183518.10000003324,-43380.0,290138.1000000333,5052.75
2025-04-28 15:16:00,14,6,8,183518.10000003324,-42540.0,290978.1000000333,5064.75
2025-04-28 15:31:00,14,6,8,183518.10000003324,-42137.5,291380.6000000333,5070.5
2025-04-28 15:46:00,14,6,8,183518.10000003324,-41735.0,291783.1000000333,5076.25
2025-04-28 16:01:00,14,6,8,183518.10000003324,-42067.5,291450.6000000333,5071.5
2025-04-29 09:31:00,14,6,8,183518.10000003324,-43117.5,290400.6000000333,5056.5
2025-04-29 09:46:00,14,6,8,183518.10000003324,-42225.0,291293.1000000333,5069.25
2025-04-29 10:01:00,14,6,8,183518.10000003324,-42277.5,291240.6000000333,5068.5
2025-04-29 10:16:00,14,6,8,183518.10000003324,-41472.5,292045.6000000333,5080.0
2025-04-29 10:31:00,14,6,8,183518.10000003324,-42452.5,291065.6000000333,5066.0
2025-04-29 10:46:00,14,6,8,183518.10000003324,-41192.5,292325.6000000333,5084.0
2025-04-29 11:01:00,14,6,8,183518.10000003324,-40352.5,293165.6000000333,5096.0
2025-04-29 11:16:00,14,6,8,183518.10000003324,-40877.5,292640.6000000333,5088.5
2025-04-29 11:31:00,14,6,8,183518.10000003324,-41315.0,292203.1000000333,5082.25
2025-04-29 11:46:00,14,6,8,183518.10000003324,-40807.5,292710.6000000333,5089.5
2025-04-29 12:01:00,14,6,8,183518.10000003324,-41315.0,292203.1000000333,5082.25
2025-04-29 12:16:00,14,6,8,183518.10000003324,-40475.0,293043.1000000333,5094.25
2025-04-29 12:31:00,14,6,8,183518.10000003324,-40755.0,292763.1000000333,5090.25
2025-04-29 12:46:00,14,6,8,183518.10000003324,-40790.0,292728.1000000333,5089.75
2025-04-29 13:01:00,14,6,8,183526.86000003325,-41962.5,291564.3600000333,5073.0
2025-04-29 13:16:00,14,6,8,183526.86000003325,-41455.0,292071.8600000333,5080.25
2025-04-29 13:31:00,14,6,8,183526.86000003325,-40615.0,292911.8600000333,5092.25
2025-04-29 13:46:00,14,6,8,183526.86000003325,-39810.0,293716.8600000333,5103.75
2025-04-29 14:01:00,14,6,8,183526.86000003325,-39127.5,294399.3600000333,5113.5
2025-04-29 14:16:00,14,6,8,183526.86000003325,-39110.0,294416.8600000333,5113.75
2025-04-29 14:31:00,14,6,8,183526.86000003325,-38970.0,294556.8600000333,5115.75
2025-04-29 14:46:00,14,6,8,183526.86000003325,-39320.0,294206.8600000333,5110.75
2025-04-29 15:01:00,14,6,8,183526.86000003325,-39285.0,294241.8600000333,5111.25
2025-04-29 15:16:00,14,6,8,183526.86000003325,-39302.5,294224.3600000333,5111.0
2025-04-29 15:31:00,14,6,8,183526.86000003325,-39232.5,294294.3600000333,5112.0
2025-04-29 15:46:00,15,6,9,183526.24000003326,-39645.0,293881.2400000333,5106.25
2025-04-29 16:01:00,14,6,8,183535.62000003326,-39425.0,294110.6200000333,5109.25
2025-04-30 09:31:00,14,6,8,183535.62000003326,-45602.5,287933.1200000333,5021.0
2025-04-30 09:46:00,15,6,9,183552.52000003328,-47211.25,286341.2700000333,4998.5
2025-04-30 10:01:00,15,6,9,183552.52000003328,-47548.75,286003.7700000333,4994.0
2025-04-30 10:16:00,14,6,8,183561.9000000333,-46145.0,287416.9000000333,5013.25
2025-04-30 10:31:00,14,6,8,183561.9000000333,-44990.0,288571.9000000333,5029.75
2025-04-30 10:46:00,14,6,8,183561.9000000333,-44920.0,288641.9000000333,5030.75
2025-04-30 11:01:00,14,6,8,183561.9000000333,-44097.5,289464.4000000333,5042.5
2025-04-30 11:16:00,14,6,8,183561.9000000333,-43572.5,289989.4000000333,5050.0
2025-04-30 11:31:00,14,6,8,183561.9000000333,-43292.5,290269.4000000333,5054.0
2025-04-30 11:46:00,14,6,8,183561.9000000333,-42872.5,290689.4000000333,5060.0
2025-04-30 12:01:00,14,6,8,183561.9000000333,-42995.0,290566.9000000333,5058.25
2025-04-30 12:16:00,14,6,8,183561.9000000333,-43275.0,290286.9000000333,5054.25
2025-04-30 12:31:00,15,6,9,183561.2800000333,-44255.0,289306.2800000333,5040.75
2025-04-30 12:46:00,14,6,8,183570.6600000333,-43205.0,290365.6600000333,5055.25
2025-04-30 13:01:00,14,6,8,183570.6600000333,-42820.0,290750.6600000333,5060.75
2025-04-30 13:16:00,14,6,8,183570.6600000333,-43800.0,289770.6600000333,5046.75
2025-04-30 13:31:00,14,6,8,183570.6600000333,-42750.0,290820.6600000333,5061.75
2025-04-30 13:46:00,14,6,8,183570.6600000333,-42172.5,291398.1600000333,5070.0
2025-04-30 14:01:00,14,6,8,183570.6600000333,-42557.5,291013.1600000333,5064.5
2025-04-30 14:16:00,14,6,8,183570.6600000333,-41210.0,292360.6600000333,5083.75
2025-04-30 14:31:00,15,6,9,183570.0400000333,-42166.25,291403.79000003333,5070.0
2025-04-30 14:46:00,14,6,8,183588.18000003332,-42662.5,290925.68000003335,5063.0
2025-04-30 15:01:00,14,6,8,183588.18000003332,-42627.5,290960.68000003335,5063.5
2025-04-30 15:16:00,14,6,8,183588.18000003332,-42050.0,291538.18000003335,5071.75
2025-04-30 15:31:00,14,6,8,183588.18000003332,-42645.0,290943.18000003335,5063.25
2025-04-30 15:46:00,14,6,8,183588.18000003332,-41385.0,292203.18000003335,5081.25
2025-04-30 16:01:00,14,6,8,183588.18000003332,-39355.0,294233.18000003335,5110.25
2025-05-01 09:31:00,14,6,8,183588.18000003332,-35417.5,298170.68000003335,5166.5
2025-05-01 09:46:00,14,6,8,183588.18000003332,-35557.5,298030.68000003335,5164.5
2025-05-01 10:01:00,14,6,8,183588.18000003332,-35855.0,297733.18000003335,5160.25
2025-05-01 10:16:00,14,6,8,183588.18000003332,-35015.0,298573.18000003335,5172.25
2025-05-01 10:31:00,14,6,8,183588.18000003332,-34420.0,299168.18000003335,5180.75
2025-05-01 10:46:00,14,6,8,183588.18000003332,-33895.0,299693.18000003335,5188.25
2025-05-01 11:01:00,14,6,8,183588.18000003332,-33335.0,300253.18000003335,5196.25
2025-05-01 11:16:00,14,6,8,183588.18000003332,-33125.0,300463.18000003335,5199.25
2025-05-01 11:31:00,14,6,8,183588.18000003332,-33440.0,300148.18000003335,5194.75
2025-05-01 11:46:00,14,6,8,183588.18000003332,-34105.0,299483.18000003335,5185.25
2025-05-01 12:01:00,14,6,8,183596.94000003333,-35120.0,298476.94000003336,5170.75
2025-05-01 12:16:00,14,6,8,183596.94000003333,-35627.5,297969.44000003336,5163.5
2025-05-01 12:31:00,14,6,8,183605.70000003334,-35470.0,298135.70000003336,5165.75
2025-05-01 12:46:00,14,6,8,183605.70000003334,-35610.0,297995.70000003336,5163.75
2025-05-01 13:01:00,14,6,8,183605.70000003334,-35750.0,297855.70000003336,5161.75
2025-05-01 13:16:00,14,6,8,183605.70000003334,-34490.0,299115.70000003336,5179.75
2025-05-01 13:31:00,14,6,8,183605.70000003334,-34717.5,298888.20000003336,5176.5
2025-05-01 13:46:00,14,6,8,183605.70000003334,-35557.5,298048.20000003336,5164.5
2025-05-01 14:01:00,14,6,8,183605.70000003334,-35137.5,298468.20000003336,5170.5
2025-05-01 14:16:00,14,6,8,183605.70000003334,-34070.0,299535.70000003336,5185.75
2025-05-01 14:31:00,14,6,8,183605.70000003334,-34280.0,299325.70000003336,5182.75
2025-05-01 14:46:00,14,6,8,183605.70000003334,-33930.0,299675.70000003336,5187.75
2025-05-01 15:01:00,14,6,8,183605.70000003334,-34595.0,299010.70000003336,5178.25
2025-05-01 15:16:00,14,6,8,183605.70000003334,-34490.0,299115.70000003336,5179.75
2025-05-01 15:31:00,14,6,8,183605.70000003334,-34227.5,299378.20000003336,5183.5
2025-05-01 15:46:00,14,6,8,183605.70000003334,-34525.0,299080.70000003336,5179.25
2025-05-01 16:01:00,15,6,9,183622.60000003336,-36097.5,297525.1000000334,5157.0
2025-05-02 09:31:00,14,6,8,184248.24000003337,-32407.5,301840.7400000334,5209.5
2025-05-02 09:46:00,14,6,8,184248.24000003337,-32372.5,301875.7400000334,5210.0
2025-05-02 10:01:00,14,6,8,184248.24000003337,-33352.5,300895.7400000334,5196.0
2025-05-02 10:16:00,14,6,8,184248.24000003337,-31987.5,302260.7400000334,5215.5
2025-05-02 10:31:00,14,6,8,184248.24000003337,-31550.0,302698.2400000334,5221.75
2025-05-02 10:46:00,14,6,8,184248.24000003337,-32092.5,302155.7400000334,5214.0
2025-05-02 11:01:00,14,6,8,184248.24000003337,-31497.5,302750.7400000334,5222.5
2025-05-02 11:16:00,14,6,8,184248.24000003337,-31567.5,302680.7400000334,5221.5
2025-05-02 11:31:00,14,6,8,184248.24000003337,-32355.0,301893.2400000334,5210.25
2025-05-02 11:46:00,14,6,8,184248.24000003337,-31532.5,302715.7400000334,5222.0
2025-05-02 12:01:00,14,6,8,184248.24000003337,-31322.5,302925.7400000334,5225.0
2025-05-02 12:16:00,14,6,8,184248.24000003337,-30202.5,304045.7400000334,5241.0
2025-05-02 12:31:00,14,6,8,184248.24000003337,-30500.0,303748.2400000334,5236.75
2025-05-02 12:46:00,14,6,8,184248.24000003337,-30202.5,304045.7400000334,5241.0
2025-05-02 13:01:00,14,6,8,184248.24000003337,-30517.5,303730.7400000334,5236.5
2025-05-02 13:16:00,14,6,8,184248.24000003337,-30902.5,303345.7400000334,5231.0
2025-05-02 13:31:00,14,6,8,184257.00000003338,-30955.0,303302.0000000334,5230.25
2025-05-02 13:46:00,14,6,8,184257.00000003338,-30552.5,303704.5000000334,5236.0
2025-05-02 14:01:00,14,6,8,184257.00000003338,-30395.0,303862.0000000334,5238.25
2025-05-02 14:16:00,14,6,8,184257.00000003338,-30202.5,304054.5000000334,5241.0
2025-05-02 14:31:00,14,6,8,184257.00000003338,-30185.0,304072.0000000334,5241.25
2025-05-02 14:46:00,14,6,8,184257.00000003338,-30097.5,304159.5000000334,5242.5
2025-05-02 15:01:00,14,6,8,184257.00000003338,-30937.5,303319.5000000334,5230.5
2025-05-02 15:16:00,14,6,8,184265.7600000334,-30727.5,303538.2600000334,5233.5
2025-05-02 15:31:00,14,6,8,184265.7600000334,-30307.5,303958.2600000334,5239.5
2025-05-02 15:46:00,14,6,8,184265.7600000334,-30937.5,303328.2600000334,5230.5
2025-05-02 16:01:00,14,6,8,184265.7600000334,-30955.0,303310.7600000334,5230.25
2025-05-05 09:31:00,14,6,8,184265.7600000334,-33895.0,300370.7600000334,5188.25
2025-05-05 09:46:00,14,6,8,184283.2800000334,-34157.5,300125.78000003344,5184.5
2025-05-05 10:01:00,14,6,8,184292.04000003342,-33125.0,301167.04000003345,5199.25
2025-05-05 10:16:00,14,6,8,184292.04000003342,-33317.5,300974.54000003345,5196.5
2025-05-05 10:31:00,14,6,8,184292.04000003342,-33317.5,300974.54000003345,5196.5
2025-05-05 10:46:00,14,6,8,184292.04000003342,-32547.5,301744.54000003345,5207.5
2025-05-05 11:01:00,14,6,8,184292.04000003342,-32250.0,302042.04000003345,5211.75
2025-05-05 11:16:00,14,6,8,184292.04000003342,-32582.5,301709.54000003345,5207.0
2025-05-05 11:31:00,14,6,8,184292.04000003342,-32267.5,302024.54000003345,5211.5
2025-05-05 11:46:00,14,6,8,184292.04000003342,-32460.0,301832.04000003345,5208.75
2025-05-05 12:01:00,14,6,8,184292.04000003342,-32320.0,301972.04000003345,5210.75
2025-05-05 12:16:00,14,6,8,184292.04000003342,-31882.5,302409.54000003345,5217.0
2025-05-05 12:31:00,14,6,8,184292.04000003342,-31865.0,302427.04000003345,5217.25
2025-05-05 12:46:00,14,6,8,184292.04000003342,-31795.0,302497.04000003345,5218.25
2025-05-05 13:01:00,14,6,8,184292.04000003342,-32022.5,302269.54000003345,5215.0
2025-05-05 13:16:00,14,6,8,184292.04000003342,-32232.5,302059.54000003345,5212.0
2025-05-05 13:31:00,14,6,8,184292.04000003342,-32110.0,302182.04000003345,5213.75
2025-05-05 13:46:00,14,6,8,184292.04000003342,-31760.0,302532.04000003345,5218.75
2025-05-05 14:01:00,14,6,8,184292.04000003342,-31847.5,302444.54000003345,5217.5
2025-05-05 14:16:00,14,6,8,184292.04000003342,-31392.5,302899.54000003345,5224.0
2025-05-05 14:31:00,14,6,8,184292.04000003342,-31340.0,302952.04000003345,5224.75
2025-05-05 14:46:00,14,6,8,184292.04000003342,-31217.5,303074.54000003345,5226.5
2025-05-05 15:01:00,14,6,8,184292.04000003342,-32110.0,302182.04000003345,5213.75
2025-05-05 15:16:00,14,6,8,184300.80000003343,-31865.0,302435.80000003346,5217.25
2025-05-05 15:31:00,14,6,8,184309.56000003344,-32407.5,301902.06000003347,5209.5
2025-05-05 15:46:00,15,6,9,184308.94000003344,-32716.25,301592.6900000335,5205.25
2025-05-05 16:01:00,15,6,9,184317.70000003345,-33485.0,300832.7000000335,5195.0
2025-05-06 09:31:00,15,6,9,184326.46000003346,-37478.75,296847.7100000335,5141.75
2025-05-06 09:46:00,15,6,9,184326.46000003346,-36691.25,297635.2100000335,5152.25
2025-05-06 10:01:00,15,6,9,184335.22000003347,-38153.75,296181.4700000335,5132.75
2025-05-06 10:16:00,15,6,9,184335.22000003347,-36822.5,297512.7200000335,5150.5
2025-05-06 10:31:00,15,6,9,184335.22000003347,-35716.25,298618.9700000335,5165.25
2025-05-06 10:46:00,15,6,9,184335.22000003347,-35341.25,298993.9700000335,5170.25
2025-05-06 11:01:00,15,6,9,184335.22000003347,-35322.5,299012.7200000335,5170.5
2025-05-06 11:16:00,15,6,9,184335.22000003347,-35303.75,299031.4700000335,5170.75
2025-05-06 11:31:00,15,6,9,184335.22000003347,-35003.75,299331.4700000335,5174.75
2025-05-06 11:46:00,15,6,9,184335.22000003347,-35416.25,298918.9700000335,5169.25
2025-05-06 12:01:00,15,6,9,184335.22000003347,-35735.0,298600.2200000335,5165.0
2025-05-06 12:16:00,15,6,9,184335.22000003347,-34403.75,299931.4700000335,5182.75
2025-05-06 12:31:00,15,6,9,184335.22000003347,-35510.0,298825.2200000335,5168.0
2025-05-06 12:46:00,15,6,9,184335.22000003347,-35997.5,298337.7200000335,5161.5
2025-05-06 13:01:00,15,6,9,184335.22000003347,-36616.25,297718.9700000335,5153.25
2025-05-06 13:16:00,15,6,9,184335.22000003347,-35772.5,298562.7200000335,5164.5
2025-05-06 13:31:00,15,6,9,184335.22000003347,-36297.5,298037.7200000335,5157.5
2025-05-06 13:46:00,15,6,9,184335.22000003347,-37178.75,297156.4700000335,5145.75
2025-05-06 14:01:00,15,6,9,184335.22000003347,-37047.5,297287.7200000335,5147.5
2025-05-06 14:16:00,15,6,9,184335.22000003347,-36635.0,297700.2200000335,5153.0
2025-05-06 14:31:00,15,6,9,184335.22000003347,-35716.25,298618.9700000335,5165.25
2025-05-06 14:46:00,15,6,9,184335.22000003347,-35866.25,298468.9700000335,5163.25
2025-05-06 15:01:00,15,6,9,184335.22000003347,-35472.5,298862.7200000335,5168.5
2025-05-06 15:16:00,15,6,9,184335.22000003347,-35641.25,298693.9700000335,5166.25
2025-05-06 15:31:00,15,6,9,184335.22000003347,-35303.75,299031.4700000335,5170.75
2025-05-06 15:46:00,15,6,9,184335.22000003347,-35116.25,299218.9700000335,5173.25
2025-05-06 16:01:00,16,6,10,184334.60000003348,-37126.25,297208.3500000335,5147.25
2025-05-07 09:31:00,15,6,9,184343.98000003348,-36485.0,297858.9800000335,5155.0
2025-05-07 09:46:00,15,6,9,184343.98000003348,-35547.5,298796.4800000335,5167.5
2025-05-07 10:01:00,15,6,9,184343.98000003348,-35228.75,299115.2300000335,5171.75
2025-05-07 10:16:00,15,6,9,184343.98000003348,-35060.0,299283.9800000335,5174.0
2025-05-07 10:31:00,15,6,9,184343.98000003348,-34835.0,299508.9800000335,5177.0
2025-05-07 10:46:00,15,6,9,184343.98000003348,-34872.5,299471.4800000335,5176.5
2025-05-07 11:01:00,15,6,9,184343.98000003348,-36785.0,297558.9800000335,5151.0
2025-05-07 11:16:00,15,6,9,184343.98000003348,-37178.75,297165.2300000335,5145.75
2025-05-07 11:31:00,15,6,9,184343.98000003348,-36822.5,297521.4800000335,5150.5
2025-05-07 11:46:00,15,6,9,184343.98000003348,-36147.5,298196.4800000335,5159.5
2025-05-07 12:01:00,15,6,9,184343.98000003348,-36260.0,298083.9800000335,5158.0
2025-05-07 12:16:00,15,6,9,184343.98000003348,-36278.75,298065.2300000335,5157.75
2025-05-07 12:31:00,15,6,9,184343.98000003348,-36822.5,297521.4800000335,5150.5
2025-05-07 12:46:00,15,6,9,184343.98000003348,-35810.0,298533.9800000335,5164.0
2025-05-07 13:01:00,15,6,9,184343.98000003348,-35210.0,299133.9800000335,5172.0
2025-05-07 13:16:00,15,6,9,184343.98000003348,-34947.5,299396.4800000335,5175.5
2025-05-07 13:31:00,15,6,9,184343.98000003348,-35191.25,299152.7300000335,5172.25
2025-05-07 13:46:00,15,6,9,184343.98000003348,-35941.25,298402.7300000335,5162.25
2025-05-07 14:01:00,15,6,9,184352.7400000335,-36428.75,297923.9900000335,5155.75
2025-05-07 14:16:00,16,6,10,184360.8800000335,-38832.5,295528.38000003353,5124.25
2025-05-07 14:31:00,15,6,9,184370.2600000335,-37853.75,296516.51000003354,5136.75
2025-05-07 14:46:00,15,6,9,184370.2600000335,-36710.0,297660.26000003354,5152.0
2025-05-07 15:01:00,15,6,9,184370.2600000335,-35791.25,298579.01000003354,5164.25
2025-05-07 15:16:00,15,6,9,184370.2600000335,-35978.75,298391.51000003354,5161.75
2025-05-07 15:31:00,15,6,9,184370.2600000335,-37572.5,296797.76000003354,5140.5
2025-05-07 15:46:00,15,6,9,184370.2600000335,-34310.0,300060.26000003354,5184.0
2025-05-07 16:01:00,15,6,9,184370.2600000335,-34497.5,299872.76000003354,5181.5
2025-05-08 09:31:00,14,6,8,184387.1400000335,-32075.0,302312.14000003354,5214.25
2025-05-08 09:46:00,14,6,8,184387.1400000335,-32792.5,301594.64000003354,5204.0
2025-05-08 10:01:00,14,6,8,184387.1400000335,-32915.0,301472.14000003354,5202.25
2025-05-08 10:16:00,14,6,8,184387.1400000335,-33860.0,300527.14000003354,5188.75
2025-05-08 10:31:00,14,6,8,184387.1400000335,-32827.5,301559.64000003354,5203.5
2025-05-08 10:46:00,14,6,8,184387.1400000335,-33370.0,301017.14000003354,5195.75
2025-05-08 11:01:00,14,6,8,184387.1400000335,-34017.5,300369.64000003354,5186.5
2025-05-08 11:16:00,14,6,8,184387.1400000335,-33020.0,301367.14000003354,5200.75
2025-05-08 11:31:00,14,6,8,184387.1400000335,-31742.5,302644.64000003354,5219.0
2025-05-08 11:46:00,14,6,8,184387.1400000335,-29502.5,304884.64000003354,5251.0
2025-05-08 12:01:00,14,6,8,184387.1400000335,-29747.5,304639.64000003354,5247.5
2025-05-08 12:16:00,14,6,8,184387.1400000335,-29345.0,305042.14000003354,5253.25
2025-05-08 12:31:00,14,6,8,184387.1400000335,-29765.0,304622.14000003354,5247.25
2025-05-08 12:46:00,14,6,8,184387.1400000335,-29117.5,305269.64000003354,5256.5
2025-05-08 13:01:00,14,6,8,184387.1400000335,-28872.5,305514.64000003354,5260.0
2025-05-08 13:16:00,14,6,8,184387.1400000335,-29415.0,304972.14000003354,5252.25
2025-05-08 13:31:00,14,6,8,184387.1400000335,-29450.0,304937.14000003354,5251.75
2025-05-08 13:46:00,14,6,8,184387.1400000335,-29835.0,304552.14000003354,5246.25
2025-05-08 14:01:00,14,6,8,184387.1400000335,-30377.5,304009.64000003354,5238.5
2025-05-08 14:16:00,14,6,8,184387.1400000335,-29940.0,304447.14000003354,5244.75
2025-05-08 14:31:00,14,6,8,184387.1400000335,-30132.5,304254.64000003354,5242.0
2025-05-08 14:46:00,14,6,8,184387.1400000335,-29607.5,304779.64000003354,5249.5
2025-05-08 15:01:00,14,6,8,184387.1400000335,-30377.5,304009.64000003354,5238.5
2025-05-08 15:16:00,14,6,8,184387.1400000335,-30290.0,304097.14000003354,5239.75
2025-05-08 15:31:00,14,6,8,184387.1400000335,-29520.0,304867.14000003354,5250.75
2025-05-08 15:46:00,14,6,8,184387.1400000335,-30955.0,303432.14000003354,5230.25
2025-05-08 16:01:00,16,6,10,184394.66000003353,-32138.75,302255.91000003356,5214.75
2025-05-09 09:31:00,15,6,9,184410.29000003354,-31143.75,303266.54000003356,5227.75
2025-05-09 09:46:00,15,6,9,184410.29000003354,-31668.75,302741.54000003356,5220.75
2025-05-09 10:01:00,15,6,9,184410.29000003354,-31143.75,303266.54000003356,5227.75
2025-05-09 10:16:00,15,6,9,184410.29000003354,-31631.25,302779.04000003356,5221.25
2025-05-09 10:31:00,15,6,9,184419.05000003355,-32943.75,301475.3000000336,5203.75
2025-05-09 10:46:00,15,6,9,184427.81000003355,-33281.25,301146.5600000336,5199.25
2025-05-09 11:01:00,15,6,9,184427.81000003355,-32925.0,301502.8100000336,5204.0
2025-05-09 11:16:00,15,6,9,184427.81000003355,-33000.0,301427.8100000336,5203.0
2025-05-09 11:31:00,15,6,9,184427.81000003355,-33225.0,301202.8100000336,5200.0
2025-05-09 11:46:00,15,6,9,184427.81000003355,-32737.5,301690.3100000336,5206.5
2025-05-09 12:01:00,15,6,9,184427.81000003355,-32362.5,302065.3100000336,5211.5
2025-05-09 12:16:00,15,6,9,184427.81000003355,-33131.25,301296.5600000336,5201.25
2025-05-09 12:31:00,15,6,9,184427.81000003355,-33356.25,301071.5600000336,5198.25
2025-05-09 12:46:00,15,6,9,184427.81000003355,-33693.75,300734.0600000336,5193.75
2025-05-09 13:01:00,15,6,9,184427.81000003355,-33862.5,300565.3100000336,5191.5
2025-05-09 13:16:00,15,6,9,184427.81000003355,-33693.75,300734.0600000336,5193.75
2025-05-09 13:31:00,15,6,9,184436.57000003356,-33693.75,300742.8200000336,5193.75
2025-05-09 13:46:00,15,6,9,184436.57000003356,-32793.75,301642.8200000336,5205.75
2025-05-09 14:01:00,15,6,9,184436.57000003356,-32531.25,301905.3200000336,5209.25
2025-05-09 14:16:00,15,6,9,184436.57000003356,-32775.0,301661.5700000336,5206.0
2025-05-09 14:31:00,15,6,9,184436.57000003356,-33168.75,301267.8200000336,5200.75
2025-05-09 14:46:00,15,6,9,184436.57000003356,-32906.25,301530.3200000336,5204.25
2025-05-09 15:01:00,15,6,9,184436.57000003356,-32700.0,301736.5700000336,5207.0
2025-05-09 15:16:00,15,6,9,184436.57000003356,-32343.75,302092.8200000336,5211.75
2025-05-09 15:31:00,15,6,9,184436.57000003356,-33056.25,301380.3200000336,5202.25
2025-05-09 15:46:00,15,6,9,184445.33000003357,-33187.5,301257.8300000336,5200.5
2025-05-09 16:01:00,15,6,9,184454.09000003358,-33150.0,301304.0900000336,5201.0
2025-05-12 09:31:00,12,6,6,185598.4900000336,-22025.0,313573.49000003363,5362.5
2025-05-12 09:46:00,12,6,6,185598.4900000336,-22940.0,312658.49000003363,5347.25
2025-05-12 10:01:00,12,6,6,185598.4900000336,-23045.0,312553.49000003363,5345.5
2025-05-12 10:16:00,12,6,6,185598.4900000336,-22055.0,313543.49000003363,5362.0
2025-05-12 10:31:00,12,6,6,185598.4900000336,-23720.0,311878.49000003363,5334.25
2025-05-12 10:46:00,12,6,6,185598.4900000336,-22565.0,313033.49000003363,5353.5
2025-05-12 11:01:00,12,6,6,185598.4900000336,-22805.0,312793.49000003363,5349.5
2025-05-12 11:16:00,12,6,6,185598.4900000336,-22655.0,312943.49000003363,5352.0
2025-05-12 11:31:00,12,6,6,185598.4900000336,-22910.0,312688.49000003363,5347.75
2025-05-12 11:46:00,12,6,6,185598.4900000336,-23105.0,312493.49000003363,5344.5
2025-05-12 12:01:00,12,6,6,185598.4900000336,-23420.0,312178.49000003363,5339.25
2025-05-12 12:16:00,12,6,6,185598.4900000336,-22805.0,312793.49000003363,5349.5
2025-05-12 12:31:00,12,6,6,185598.4900000336,-22670.0,312928.49000003363,5351.75
2025-05-12 12:46:00,12,6,6,185598.4900000336,-22100.0,313498.49000003363,5361.25
2025-05-12 13:01:00,12,6,6,185598.4900000336,-21575.0,314023.49000003363,5370.0
2025-05-12 13:16:00,12,6,6,185598.4900000336,-21230.0,314368.49000003363,5375.75
2025-05-12 13:31:00,12,6,6,185598.4900000336,-21320.0,314278.49000003363,5374.25
2025-05-12 13:46:00,12,6,6,185598.4900000336,-21290.0,314308.49000003363,5374.75
2025-05-12 14:01:00,12,6,6,185598.4900000336,-21290.0,314308.49000003363,5374.75
2025-05-12 14:16:00,12,6,6,185598.4900000336,-21185.0,314413.49000003363,5376.5
2025-05-12 14:31:00,12,6,6,185598.4900000336,-20960.0,314638.49000003363,5380.25
2025-05-12 14:46:00,12,6,6,185598.4900000336,-20900.0,314698.49000003363,5381.25
2025-05-12 15:01:00,12,6,6,185598.4900000336,-21560.0,314038.49000003363,5370.25
2025-05-12 15:16:00,12,6,6,185598.4900000336,-21230.0,314368.49000003363,5375.75
2025-05-12 15:31:00,12,6,6,185598.4900000336,-21395.0,314203.49000003363,5373.0
2025-05-12 15:46:00,12,6,6,185598.4900000336,-21695.0,313903.49000003363,5368.0
2025-05-12 16:01:00,12,6,6,185598.4900000336,-20285.0,315313.49000003363,5391.5
2025-05-13 09:31:00,12,6,6,185598.4900000336,-20570.0,315028.49000003363,5386.75
2025-05-13 09:46:00,12,6,6,185598.4900000336,-19685.0,315913.49000003363,5401.5
2025-05-13 10:01:00,12,6,6,185598.4900000336,-19115.0,316483.49000003363,5411.0
2025-05-13 10:16:00,12,6,6,185598.4900000336,-18065.0,317533.49000003363,5428.5
2025-05-13 10:31:00,12,6,6,185598.4900000336,-18125.0,317473.49000003363,5427.5
2025-05-13 10:46:00,12,6,6,185598.4900000336,-18260.0,317338.49000003363,5425.25
2025-05-13 11:01:00,12,6,6,185598.4900000336,-18095.0,317503.49000003363,5428.0
2025-05-13 11:16:00,12,6,6,185598.4900000336,-17930.0,317668.49000003363,5430.75
2025-05-13 11:31:00,12,6,6,185598.4900000336,-17660.0,317938.49000003363,5435.25
2025-05-13 11:46:00,12,6,6,185598.4900000336,-17420.0,318178.49000003363,5439.25
2025-05-13 12:01:00,12,6,6,185598.4900000336,-17840.0,317758.49000003363,5432.25
2025-05-13 12:16:00,12,6,6,185598.4900000336,-17810.0,317788.49000003363,5432.75
2025-05-13 12:31:00,12,6,6,185598.4900000336,-17735.0,317863.49000003363,5434.0
2025-05-13 12:46:00,12,6,6,185598.4900000336,-17345.0,318253.49000003363,5440.5
2025-05-13 13:01:00,12,6,6,185598.4900000336,-17540.0,318058.49000003363,5437.25
2025-05-13 13:16:00,12,6,6,185598.4900000336,-17450.0,318148.49000003363,5438.75
2025-05-13 13:31:00,12,6,6,185598.4900000336,-17165.0,318433.49000003363,5443.5
2025-05-13 13:46:00,12,6,6,185598.4900000336,-17105.0,318493.49000003363,5444.5
2025-05-13 14:01:00,12,6,6,185598.4900000336,-17630.0,317968.49000003363,5435.75
2025-05-13 14:16:00,12,6,6,185607.25000003361,-17465.0,318142.25000003364,5438.5
2025-05-13 14:31:00,12,6,6,185607.25000003361,-17465.0,318142.25000003364,5438.5
2025-05-13 14:46:00,13,6,7,185606.63000003362,-17675.0,317931.63000003365,5435.0
2025-05-13 15:01:00,12,6,6,185616.01000003362,-17300.0,318316.01000003365,5441.25
2025-05-13 15:16:00,12,6,6,185616.01000003362,-17030.0,318586.01000003365,5445.75
2025-05-13 15:31:00,12,6,6,185616.01000003362,-17120.0,318496.01000003365,5444.25
2025-05-13 15:46:00,12,6,6,185616.01000003362,-17180.0,318436.01000003365,5443.25
2025-05-13 16:01:00,13,6,7,185615.39000003363,-18480.0,317135.39000003366,5422.75
2025-05-14 09:31:00,12,6,6,185673.53000003364,-17330.0,318343.5300000337,5440.75
2025-05-14 09:46:00,12,6,6,185673.53000003364,-17735.0,317938.5300000337,5434.0
2025-05-14 10:01:00,12,6,6,185691.05000003366,-18050.0,317641.0500000337,5428.75
2025-05-14 10:16:00,12,6,6,185699.81000003367,-18275.0,317424.8100000337,5425.0
2025-05-14 10:31:00,12,6,6,185699.81000003367,-17780.0,317919.8100000337,5433.25
2025-05-14 10:46:00,12,6,6,185699.81000003367,-18125.0,317574.8100000337,5427.5
2025-05-14 11:01:00,12,6,6,185699.81000003367,-17930.0,317769.8100000337,5430.75
2025-05-14 11:16:00,12,6,6,185708.57000003368,-18125.0,317583.5700000337,5427.5
2025-05-14 11:31:00,12,6,6,185708.57000003368,-17510.0,318198.5700000337,5437.75
2025-05-14 11:46:00,12,6,6,185708.57000003368,-17465.0,318243.5700000337,5438.5
2025-05-14 12:01:00,12,6,6,185708.57000003368,-17510.0,318198.5700000337,5437.75
2025-05-14 12:16:00,12,6,6,185708.57000003368,-17435.0,318273.5700000337,5439.0
2025-05-14 12:31:00,12,6,6,185708.57000003368,-17525.0,318183.5700000337,5437.5
2025-05-14 12:46:00,12,6,6,185708.57000003368,-17780.0,317928.5700000337,5433.25
2025-05-14 13:01:00,12,6,6,185708.57000003368,-17960.0,317748.5700000337,5430.25
2025-05-14 13:16:00,13,6,7,185707.95000003368,-18118.75,317589.2000000337,5427.75
2025-05-14 13:31:00,13,6,7,185716.7100000337,-18606.25,317110.4600000337,5420.25
2025-05-14 13:46:00,13,6,7,185716.7100000337,-18281.25,317435.4600000337,5425.25
2025-05-14 14:01:00,12,6,6,185726.0900000337,-17945.0,317781.0900000337,5430.5
2025-05-14 14:16:00,12,6,6,185726.0900000337,-17915.0,317811.0900000337,5431.0
2025-05-14 14:31:00,12,6,6,185726.0900000337,-18020.0,317706.0900000337,5429.25
2025-05-14 14:46:00,12,6,6,185726.0900000337,-17750.0,317976.0900000337,5433.75
2025-05-14 15:01:00,12,6,6,185726.0900000337,-17885.0,317841.0900000337,5431.5
2025-05-14 15:16:00,12,6,6,185726.0900000337,-17750.0,317976.0900000337,5433.75
2025-05-14 15:31:00,12,6,6,185734.8500000337,-18065.0,317669.85000003374,5428.5
2025-05-14 15:46:00,12,6,6,185734.8500000337,-18335.0,317399.85000003374,5424.0
2025-05-14 16:01:00,12,6,6,185734.8500000337,-18035.0,317699.85000003374,5429.0
2025-05-15 09:31:00,12,6,6,185734.8500000337,-19025.0,316709.85000003374,5412.5
2025-05-15 09:46:00,12,6,6,185743.61000003372,-18785.0,316958.61000003375,5416.5
2025-05-15 10:01:00,12,6,6,185752.37000003373,-18545.0,317207.37000003376,5420.5
2025-05-15 10:16:00,12,6,6,185752.37000003373,-18710.0,317042.37000003376,5417.75
2025-05-15 10:31:00,12,6,6,185752.37000003373,-18815.0,316937.37000003376,5416.0
2025-05-15 10:46:00,12,6,6,185752.37000003373,-18785.0,316967.37000003376,5416.5
2025-05-15 11:01:00,12,6,6,185752.37000003373,-18350.0,317402.37000003376,5423.75
2025-05-15 11:16:00,12,6,6,185752.37000003373,-17630.0,318122.37000003376,5435.75
2025-05-15 11:31:00,12,6,6,185752.37000003373,-17495.0,318257.37000003376,5438.0
2025-05-15 11:46:00,12,6,6,185752.37000003373,-16760.0,318992.37000003376,5450.25
2025-05-15 12:01:00,12,6,6,185752.37000003373,-16820.0,318932.37000003376,5449.25
2025-05-15 12:16:00,12,6,6,185752.37000003373,-16685.0,319067.37000003376,5451.5
2025-05-15 12:31:00,12,6,6,185752.37000003373,-16850.0,318902.37000003376,5448.75
2025-05-15 12:46:00,12,6,6,185752.37000003373,-16460.0,319292.37000003376,5455.25
2025-05-15 13:01:00,12,6,6,185752.37000003373,-16295.0,319457.37000003376,5458.0
2025-05-15 13:16:00,12,6,6,185752.37000003373,-16205.0,319547.37000003376,5459.5
2025-05-15 13:31:00,12,6,6,185752.37000003373,-16130.0,319622.37000003376,5460.75
2025-05-15 13:46:00,12,6,6,185752.37000003373,-16175.0,319577.37000003376,5460.0
2025-05-15 14:01:00,12,6,6,185752.37000003373,-16580.0,319172.37000003376,5453.25
2025-05-15 14:16:00,13,6,7,185751.75000003373,-16782.5,318969.25000003376,5450.25
2025-05-15 14:31:00,13,6,7,185751.75000003373,-16490.0,319261.75000003376,5454.75
2025-05-15 14:46:00,12,6,6,185761.13000003374,-16430.0,319331.13000003377,5455.75
2025-05-15 15:01:00,12,6,6,185761.13000003374,-16505.0,319256.13000003377,5454.5
2025-05-15 15:16:00,12,6,6,185761.13000003374,-16580.0,319181.13000003377,5453.25
2025-05-15 15:31:00,12,6,6,185769.89000003375,-16790.0,318979.8900000338,5449.75
2025-05-15 15:46:00,12,6,6,185769.89000003375,-16835.0,318934.8900000338,5449.0
2025-05-15 16:01:00,12,6,6,185769.89000003375,-16085.0,319684.8900000338,5461.5
2025-05-16 09:31:00,12,6,6,185769.89000003375,-16070.0,319699.8900000338,5461.75
2025-05-16 09:46:00,12,6,6,185769.89000003375,-16175.0,319594.8900000338,5460.0
2025-05-16 10:01:00,12,6,6,185769.89000003375,-16130.0,319639.8900000338,5460.75
2025-05-16 10:16:00,12,6,6,185769.89000003375,-15995.0,319774.8900000338,5463.0
2025-05-16 10:31:00,12,6,6,185769.89000003375,-16130.0,319639.8900000338,5460.75
2025-05-16 10:46:00,12,6,6,185769.89000003375,-16520.0,319249.8900000338,5454.25
2025-05-16 11:01:00,12,6,6,185769.89000003375,-16070.0,319699.8900000338,5461.75
2025-05-16 11:16:00,12,6,6,185769.89000003375,-15920.0,319849.8900000338,5464.25
2025-05-16 11:31:00,12,6,6,185769.89000003375,-15785.0,319984.8900000338,5466.5
2025-05-16 11:46:00,12,6,6,185769.89000003375,-15620.0,320149.8900000338,5469.25
2025-05-16 12:01:00,12,6,6,185769.89000003375,-15755.0,320014.8900000338,5467.0
2025-05-16 12:16:00,12,6,6,185769.89000003375,-15260.0,320509.8900000338,5475.25
2025-05-16 12:31:00,12,6,6,185769.89000003375,-15125.0,320644.8900000338,5477.5
2025-05-16 12:46:00,12,6,6,185769.89000003375,-15260.0,320509.8900000338,5475.25
2025-05-16 13:01:00,12,6,6,185769.89000003375,-15170.0,320599.8900000338,5476.75
2025-05-16 13:16:00,12,6,6,185769.89000003375,-14780.0,320989.8900000338,5483.25
2025-05-16 13:31:00,12,6,6,185769.89000003375,-14525.0,321244.8900000338,5487.5
2025-05-16 13:46:00,12,6,6,185769.89000003375,-14645.0,321124.8900000338,5485.5
2025-05-16 14:01:00,12,6,6,185769.89000003375,-14810.0,320959.8900000338,5482.75
2025-05-16 14:16:00,12,6,6,185769.89000003375,-14615.0,321154.8900000338,5486.0
2025-05-16 14:31:00,12,6,6,185769.89000003375,-14405.0,321364.8900000338,5489.5
2025-05-16 14:46:00,12,6,6,185769.89000003375,-14180.0,321589.8900000338,5493.25
2025-05-16 15:01:00,12,6,6,185769.89000003375,-14285.0,321484.8900000338,5491.5
2025-05-16 15:16:00,12,6,6,185769.89000003375,-14030.0,321739.8900000338,5495.75
2025-05-16 15:31:00,12,6,6,185769.89000003375,-14255.0,321514.8900000338,5492.0
2025-05-16 15:46:00,12,6,6,185769.89000003375,-14495.0,321274.8900000338,5488.0
2025-05-16 16:01:00,12,6,6,185778.65000003375,-14075.0,321703.6500000338,5495.0
2025-05-19 09:31:00,12,6,6,185778.65000003375,-17150.0,318628.6500000338,5443.75
2025-05-19 09:46:00,12,6,6,185778.65000003375,-16340.0,319438.6500000338,5457.25
2025-05-19 10:01:00,12,6,6,185778.65000003375,-15830.0,319948.6500000338,5465.75
2025-05-19 10:16:00,12,6,6,185778.65000003375,-14945.0,320833.6500000338,5480.5
2025-05-19 10:31:00,12,6,6,185778.65000003375,-15440.0,320338.6500000338,5472.25
2025-05-19 10:46:00,12,6,6,185778.65000003375,-15050.0,320728.6500000338,5478.75
2025-05-19 11:01:00,12,6,6,185778.65000003375,-15305.0,320473.6500000338,5474.5
2025-05-19 11:16:00,12,6,6,185778.65000003375,-14960.0,320818.6500000338,5480.25
2025-05-19 11:31:00,12,6,6,185778.65000003375,-14975.0,320803.6500000338,5480.0
2025-05-19 11:46:00,12,6,6,185778.65000003375,-14390.0,321388.6500000338,5489.75
2025-05-19 12:01:00,12,6,6,185778.65000003375,-14690.0,321088.6500000338,5484.75
2025-05-19 12:16:00,12,6,6,185778.65000003375,-14435.0,321343.6500000338,5489.0
2025-05-19 12:31:00,12,6,6,185778.65000003375,-14195.0,321583.6500000338,5493.0
2025-05-19 12:46:00,12,6,6,185778.65000003375,-14300.0,321478.6500000338,5491.25
2025-05-19 13:01:00,12,6,6,185778.65000003375,-13805.0,321973.6500000338,5499.5
2025-05-19 13:16:00,12,6,6,185778.65000003375,-13340.0,322438.6500000338,5507.25
2025-05-19 13:31:00,12,6,6,185778.65000003375,-13385.0,322393.6500000338,5506.5
2025-05-19 13:46:00,12,6,6,185778.65000003375,-13565.0,322213.6500000338,5503.5
2025-05-19 14:01:00,12,6,6,185778.65000003375,-13940.0,321838.6500000338,5497.25
2025-05-19 14:16:00,12,6,6,185778.65000003375,-14150.0,321628.6500000338,5493.75
2025-05-19 14:31:00,12,6,6,185787.41000003376,-14240.0,321547.4100000338,5492.25
2025-05-19 14:46:00,12,6,6,185787.41000003376,-14045.0,321742.4100000338,5495.5
2025-05-19 15:01:00,12,6,6,185787.41000003376,-13805.0,321982.4100000338,5499.5
2025-05-19 15:16:00,12,6,6,185787.41000003376,-14270.0,321517.4100000338,5491.75
2025-05-19 15:31:00,12,6,6,185796.17000003377,-14315.0,321481.1700000338,5491.0
2025-05-19 15:46:00,12,6,6,185796.17000003377,-14135.0,321661.1700000338,5494.0
2025-05-19 16:01:00,12,6,6,185796.17000003377,-13835.0,321961.1700000338,5499.0
2025-05-20 09:31:00,12,6,6,185796.17000003377,-14435.0,321361.1700000338,5489.0
2025-05-20 09:46:00,13,6,7,185795.55000003378,-14752.5,321043.0500000338,5484.0
2025-05-20 10:01:00,13,6,7,185804.3100000338,-14915.0,320889.3100000338,5481.5
2025-05-20 10:16:00,13,6,7,185804.3100000338,-14898.75,320905.5600000338,5481.75
2025-05-20 10:31:00,13,6,7,185804.3100000338,-14866.25,320938.0600000338,5482.25
2025-05-20 10:46:00,12,6,6,185813.6900000338,-14210.0,321603.6900000338,5492.75
2025-05-20 11:01:00,12,6,6,185813.6900000338,-14885.0,320928.6900000338,5481.5
2025-05-20 11:16:00,12,6,6,185813.6900000338,-14600.0,321213.6900000338,5486.25
2025-05-20 11:31:00,12,6,6,185813.6900000338,-14495.0,321318.6900000338,5488.0
2025-05-20 11:46:00,12,6,6,185813.6900000338,-15005.0,320808.6900000338,5479.5
2025-05-20 12:01:00,12,6,6,185813.6900000338,-14675.0,321138.6900000338,5485.0
2025-05-20 12:16:00,12,6,6,185813.6900000338,-15125.0,320688.6900000338,5477.5
2025-05-20 12:31:00,12,6,6,185813.6900000338,-14945.0,320868.6900000338,5480.5
2025-05-20 12:46:00,12,6,6,185813.6900000338,-14615.0,321198.6900000338,5486.0
2025-05-20 13:01:00,12,6,6,185813.6900000338,-14465.0,321348.6900000338,5488.5
2025-05-20 13:16:00,12,6,6,185813.6900000338,-14390.0,321423.6900000338,5489.75
2025-05-20 13:31:00,12,6,6,185813.6900000338,-14525.0,321288.6900000338,5487.5
2025-05-20 13:46:00,12,6,6,185813.6900000338,-14795.0,321018.6900000338,5483.0
2025-05-20 14:01:00,12,6,6,185813.6900000338,-14840.0,320973.6900000338,5482.25
2025-05-20 14:16:00,12,6,6,185813.6900000338,-14795.0,321018.6900000338,5483.0
2025-05-20 14:31:00,13,6,7,185821.8300000338,-16047.5,319774.33000003383,5463.5
2025-05-20 14:46:00,13,6,7,185830.59000003382,-16063.75,319766.84000003384,5463.25
2025-05-20 15:01:00,13,6,7,185830.59000003382,-16421.25,319409.34000003384,5457.75
2025-05-20 15:16:00,13,6,7,185839.35000003382,-16177.5,319661.85000003385,5461.5
2025-05-20 15:31:00,13,6,7,185839.35000003382,-15592.5,320246.85000003385,5470.5
2025-05-20 15:46:00,13,6,7,185839.35000003382,-15576.25,320263.10000003385,5470.75
2025-05-20 16:01:00,12,6,6,185848.73000003383,-15080.0,320768.73000003386,5478.25
2025-05-21 09:31:00,12,6,6,185848.73000003383,-17120.0,318728.73000003386,5444.25
2025-05-21 09:46:00,12,6,6,185848.73000003383,-16745.0,319103.73000003386,5450.5
2025-05-21 10:01:00,12,6,6,185848.73000003383,-16745.0,319103.73000003386,5450.5
2025-05-21 10:16:00,12,6,6,185848.73000003383,-16535.0,319313.73000003386,5454.0
2025-05-21 10:31:00,12,6,6,185848.73000003383,-16655.0,319193.73000003386,5452.0
2025-05-21 10:46:00,12,6,6,185848.73000003383,-17015.0,318833.73000003386,5446.0
2025-05-21 11:01:00,12,6,6,185848.73000003383,-16310.0,319538.73000003386,5457.75
2025-05-21 11:16:00,12,6,6,185848.73000003383,-15530.0,320318.73000003386,5470.75
2025-05-21 11:31:00,12,6,6,185848.73000003383,-15545.0,320303.73000003386,5470.5
2025-05-21 11:46:00,12,6,6,185848.73000003383,-15545.0,320303.73000003386,5470.5
2025-05-21 12:01:00,12,6,6,185848.73000003383,-15440.0,320408.73000003386,5472.25
2025-05-21 12:16:00,12,6,6,185848.73000003383,-15425.0,320423.73000003386,5472.5
2025-05-21 12:31:00,12,6,6,185848.73000003383,-15380.0,320468.73000003386,5473.25
2025-05-21 12:46:00,12,6,6,185848.73000003383,-15380.0,320468.73000003386,5473.25
2025-05-21 13:01:00,12,6,6,185848.73000003383,-15560.0,320288.73000003386,5470.25
2025-05-21 13:16:00,13,6,7,185856.87000003384,-16846.25,319010.6200000339,5449.5
2025-05-21 13:31:00,17,6,11,185854.39000003386,-21113.75,314740.6400000339,5394.5
2025-05-21 13:46:00,15,6,9,185881.91000003388,-19337.5,316544.4100000339,5415.0
2025-05-21 14:01:00,15,6,9,185881.91000003388,-19881.25,316000.6600000339,5407.75
2025-05-21 14:16:00,15,6,9,185881.91000003388,-19843.75,316038.1600000339,5408.25
2025-05-21 14:31:00,15,6,9,185881.91000003388,-20012.5,315869.4100000339,5406.0
2025-05-21 14:46:00,15,6,9,185881.91000003388,-19618.75,316263.1600000339,5411.25
2025-05-21 15:01:00,15,6,9,185881.91000003388,-20837.5,315044.4100000339,5395.0
2025-05-21 15:16:00,15,6,9,185899.4300000339,-21456.25,314443.1800000339,5386.75
2025-05-21 15:31:00,15,6,9,185908.1900000339,-22168.75,313739.44000003394,5377.25
2025-05-21 15:46:00,15,6,9,185908.1900000339,-20950.0,314958.19000003394,5393.5
2025-05-21 16:01:00,15,6,9,185908.1900000339,-21793.75,314114.44000003394,5382.25
2025-05-22 09:31:00,15,6,9,185908.1900000339,-22018.75,313889.44000003394,5379.25
2025-05-22 09:46:00,15,6,9,185916.95000003392,-22075.0,313841.95000003395,5378.5
2025-05-22 10:01:00,15,6,9,185916.95000003392,-20856.25,315060.70000003395,5394.75
2025-05-22 10:16:00,15,6,9,185916.95000003392,-21081.25,314835.70000003395,5391.75
2025-05-22 10:31:00,15,6,9,185916.95000003392,-21718.75,314198.20000003395,5383.25
2025-05-22 10:46:00,15,6,9,185916.95000003392,-22093.75,313823.20000003395,5378.25
2025-05-22 11:01:00,15,6,9,185916.95000003392,-21812.5,314104.45000003395,5382.0
2025-05-22 11:16:00,15,6,9,185916.95000003392,-22206.25,313710.70000003395,5376.75
2025-05-22 11:31:00,15,6,9,185916.95000003392,-21868.75,314048.20000003395,5381.25
2025-05-22 11:46:00,15,6,9,185916.95000003392,-21100.0,314816.95000003395,5391.5
2025-05-22 12:01:00,15,6,9,185916.95000003392,-20968.75,314948.20000003395,5393.25
2025-05-22 12:16:00,15,6,9,185916.95000003392,-20143.75,315773.20000003395,5404.25
2025-05-22 12:31:00,15,6,9,185916.95000003392,-20931.25,314985.70000003395,5393.75
2025-05-22 12:46:00,15,6,9,185916.95000003392,-21137.5,314779.45000003395,5391.0
2025-05-22 13:01:00,15,6,9,185916.95000003392,-21700.0,314216.95000003395,5383.5
2025-05-22 13:16:00,15,6,9,185916.95000003392,-21868.75,314048.20000003395,5381.25
2025-05-22 13:31:00,15,6,9,185916.95000003392,-20743.75,315173.20000003395,5396.25
2025-05-22 13:46:00,15,6,9,185916.95000003392,-20350.0,315566.95000003395,5401.5
2025-05-22 14:01:00,15,6,9,185916.95000003392,-20050.0,315866.95000003395,5405.5
2025-05-22 14:16:00,15,6,9,185916.95000003392,-19918.75,315998.20000003395,5407.25
2025-05-22 14:31:00,15,6,9,185916.95000003392,-20031.25,315885.70000003395,5405.75
2025-05-22 14:46:00,15,6,9,185916.95000003392,-20087.5,315829.45000003395,5405.0
2025-05-22 15:01:00,15,6,9,185916.95000003392,-19693.75,316223.20000003395,5410.25
2025-05-22 15:16:00,15,6,9,185916.95000003392,-19543.75,316373.20000003395,5412.25
2025-05-22 15:31:00,15,6,9,185916.95000003392,-19281.25,316635.70000003395,5415.75
2025-05-22 15:46:00,15,6,9,185916.95000003392,-20650.0,315266.95000003395,5397.5
2025-05-22 16:01:00,15,6,9,185925.71000003393,-21737.5,314188.21000003396,5383.0
2025-05-23 09:31:00,15,6,9,185925.71000003393,-27175.0,308750.71000003396,5310.5
2025-05-23 09:46:00,15,6,9,185925.71000003393,-27006.25,308919.46000003396,5312.75
2025-05-23 10:01:00,15,6,9,185925.71000003393,-26706.25,309219.46000003396,5316.75
2025-05-23 10:16:00,15,6,9,185925.71000003393,-25825.0,310100.71000003396,5328.5
2025-05-23 10:31:00,15,6,9,185925.71000003393,-25825.0,310100.71000003396,5328.5
2025-05-23 10:46:00,15,6,9,185925.71000003393,-25525.0,310400.71000003396,5332.5
2025-05-23 11:01:00,15,6,9,185925.71000003393,-26331.25,309594.46000003396,5321.75
2025-05-23 11:16:00,15,6,9,185925.71000003393,-26650.0,309275.71000003396,5317.5
2025-05-23 11:31:00,15,6,9,185925.71000003393,-25487.5,310438.21000003396,5333.0
2025-05-23 11:46:00,15,6,9,185925.71000003393,-25337.5,310588.21000003396,5335.0
2025-05-23 12:01:00,15,6,9,185925.71000003393,-25825.0,310100.71000003396,5328.5
2025-05-23 12:16:00,15,6,9,185925.71000003393,-25656.25,310269.46000003396,5330.75
2025-05-23 12:31:00,15,6,9,185925.71000003393,-25618.75,310306.96000003396,5331.25
2025-05-23 12:46:00,15,6,9,185925.71000003393,-25018.75,310906.96000003396,5339.25
2025-05-23 13:01:00,15,6,9,185925.71000003393,-25075.0,310850.71000003396,5338.5
2025-05-23 13:16:00,15,6,9,185925.71000003393,-24287.5,311638.21000003396,5349.0
2025-05-23 13:31:00,15,6,9,185925.71000003393,-23743.75,312181.96000003396,5356.25
2025-05-23 13:46:00,15,6,9,185925.71000003393,-23987.5,311938.21000003396,5353.0
2025-05-23 14:01:00,15,6,9,185925.71000003393,-23668.75,312256.96000003396,5357.25
2025-05-23 14:16:00,15,6,9,185925.71000003393,-23200.0,312725.71000003396,5363.5
2025-05-23 14:31:00,15,6,9,185934.47000003394,-23537.5,312396.97000003397,5359.0
2025-05-23 14:46:00,15,6,9,185934.47000003394,-23725.0,312209.47000003397,5356.5
2025-05-23 15:01:00,15,6,9,185934.47000003394,-23912.5,312021.97000003397,5354.0
2025-05-23 15:16:00,15,6,9,185934.47000003394,-23743.75,312190.72000003397,5356.25
2025-05-23 15:31:00,16,6,10,185933.85000003394,-24366.25,311567.60000003397,5348.0
2025-05-23 15:46:00,15,6,9,185943.23000003395,-24118.75,311824.480000034,5351.25
2025-05-23 16:01:00,15,6,9,185951.99000003395,-25131.25,310820.740000034,5337.75
2025-05-27 09:31:00,15,6,9,185951.99000003395,-19693.75,316258.240000034,5410.25
2025-05-27 09:46:00,15,6,9,185960.75000003396,-20050.0,315910.750000034,5405.5
2025-05-27 10:01:00,15,6,9,185960.75000003396,-19318.75,316642.000000034,5415.25
2025-05-27 10:16:00,15,6,9,185960.75000003396,-19112.5,316848.250000034,5418.0
2025-05-27 10:31:00,15,6,9,185960.75000003396,-18343.75,317617.000000034,5428.25
2025-05-27 10:46:00,15,6,9,185960.75000003396,-18212.5,317748.250000034,5430.0
2025-05-27 11:01:00,15,6,9,185960.75000003396,-18287.5,317673.250000034,5429.0
2025-05-27 11:16:00,15,6,9,185960.75000003396,-18118.75,317842.000000034,5431.25
2025-05-27 11:31:00,14,6,8,185970.13000003397,-17872.5,318097.630000034,5434.5
2025-05-27 11:46:00,14,6,8,185970.13000003397,-17732.5,318237.630000034,5436.5
2025-05-27 12:01:00,14,6,8,185970.13000003397,-17592.5,318377.630000034,5438.5
2025-05-27 12:16:00,14,6,8,185970.13000003397,-17312.5,318657.630000034,5442.5
2025-05-27 12:31:00,14,6,8,185970.13000003397,-17295.0,318675.130000034,5442.75
2025-05-27 12:46:00,13,6,7,185979.51000003397,-16846.25,319133.260000034,5449.5
2025-05-27 13:01:00,13,6,7,185979.51000003397,-16992.5,318987.010000034,5447.25
2025-05-27 13:16:00,13,6,7,185979.51000003397,-16911.25,319068.260000034,5448.5
2025-05-27 13:31:00,13,6,7,185979.51000003397,-16895.0,319084.510000034,5448.75
2025-05-27 13:46:00,13,6,7,185979.51000003397,-16683.75,319295.760000034,5452.0
2025-05-27 14:01:00,13,6,7,185979.51000003397,-16196.25,319783.260000034,5459.5
2025-05-27 14:16:00,12,6,6,185988.89000003398,-16235.0,319753.890000034,5459.0
2025-05-27 14:31:00,12,6,6,185988.89000003398,-16385.0,319603.890000034,5456.5
2025-05-27 14:46:00,12,6,6,185988.89000003398,-16520.0,319468.890000034,5454.25
2025-05-27 15:01:00,12,6,6,185988.89000003398,-16715.0,319273.890000034,5451.0
2025-05-27 15:16:00,12,6,6,185988.89000003398,-16640.0,319348.890000034,5452.25
2025-05-27 15:31:00,12,6,6,185988.89000003398,-16790.0,319198.890000034,5449.75
2025-05-27 15:46:00,12,6,6,185988.89000003398,-16760.0,319228.890000034,5450.25
2025-05-27 16:01:00,12,6,6,185997.650000034,-16415.0,319582.650000034,5456.0
2025-05-28 09:31:00,12,6,6,185997.650000034,-15920.0,320077.650000034,5464.25
2025-05-28 09:46:00,12,6,6,185997.650000034,-15680.0,320317.650000034,5468.25
2025-05-28 10:01:00,12,6,6,185997.650000034,-16265.0,319732.650000034,5458.5
2025-05-28 10:16:00,12,6,6,185997.650000034,-16640.0,319357.650000034,5452.25
2025-05-28 10:31:00,12,6,6,186015.170000034,-16910.0,319105.17000003404,5447.75
2025-05-28 10:46:00,12,6,6,186015.170000034,-17135.0,318880.17000003404,5444.0
2025-05-28 11:01:00,13,6,7,186014.550000034,-17207.5,318807.05000003404,5442.75
2025-05-28 11:16:00,12,6,6,186023.93000003402,-17360.0,318663.93000003404,5440.25
2025-05-28 11:31:00,12,6,6,186023.93000003402,-17270.0,318753.93000003404,5441.75
2025-05-28 11:46:00,12,6,6,186023.93000003402,-17405.0,318618.93000003404,5439.5
2025-05-28 12:01:00,12,6,6,186023.93000003402,-17420.0,318603.93000003404,5439.25
2025-05-28 12:16:00,12,6,6,186023.93000003402,-17135.0,318888.93000003404,5444.0
2025-05-28 12:31:00,12,6,6,186023.93000003402,-17015.0,319008.93000003404,5446.0
2025-05-28 12:46:00,12,6,6,186023.93000003402,-16970.0,319053.93000003404,5446.75
2025-05-28 13:01:00,12,6,6,186023.93000003402,-17075.0,318948.93000003404,5445.0
2025-05-28 13:16:00,12,6,6,186023.93000003402,-16685.0,319338.93000003404,5451.5
2025-05-28 13:31:00,12,6,6,186023.93000003402,-16850.0,319173.93000003404,5448.75
2025-05-28 13:46:00,12,6,6,186023.93000003402,-17120.0,318903.93000003404,5444.25
2025-05-28 14:01:00,12,6,6,186023.93000003402,-17015.0,319008.93000003404,5446.0
2025-05-28 14:16:00,12,6,6,186023.93000003402,-16835.0,319188.93000003404,5449.0
2025-05-28 14:31:00,12,6,6,186023.93000003402,-16835.0,319188.93000003404,5449.0
2025-05-28 14:46:00,12,6,6,186023.93000003402,-16865.0,319158.93000003404,5448.5
2025-05-28 15:01:00,12,6,6,186032.69000003402,-17150.0,318882.69000003405,5443.75
2025-05-28 15:16:00,12,6,6,186032.69000003402,-17120.0,318912.69000003405,5444.25
2025-05-28 15:31:00,12,6,6,186032.69000003402,-17270.0,318762.69000003405,5441.75
2025-05-28 15:46:00,12,6,6,186032.69000003402,-17855.0,318177.69000003405,5432.0
2025-05-28 16:01:00,13,6,7,186032.07000003403,-18846.25,317185.82000003406,5416.5
2025-05-29 09:31:00,12,6,6,186273.95000003403,-15530.0,320743.95000003406,5470.75
2025-05-29 09:46:00,12,6,6,186273.95000003403,-16445.0,319828.95000003406,5455.5
2025-05-29 10:01:00,12,6,6,186273.95000003403,-16355.0,319918.95000003406,5457.0
2025-05-29 10:16:00,12,6,6,186273.95000003403,-17045.0,319228.95000003406,5445.5
2025-05-29 10:31:00,12,6,6,186273.95000003403,-16940.0,319333.95000003406,5447.25
2025-05-29 10:46:00,12,6,6,186273.95000003403,-16925.0,319348.95000003406,5447.5
2025-05-29 11:01:00,12,6,6,186273.95000003403,-16415.0,319858.95000003406,5456.0
2025-05-29 11:16:00,12,6,6,186273.95000003403,-17075.0,319198.95000003406,5445.0
2025-05-29 11:31:00,12,6,6,186273.95000003403,-16850.0,319423.95000003406,5448.75
2025-05-29 11:46:00,12,6,6,186273.95000003403,-17645.0,318628.95000003406,5435.5
2025-05-29 12:01:00,13,6,7,186282.09000003405,-19246.25,317035.8400000341,5409.5
2025-05-29 12:16:00,12,6,6,186291.47000003405,-17735.0,318556.4700000341,5434.0
2025-05-29 12:31:00,12,6,6,186291.47000003405,-17450.0,318841.4700000341,5438.75
2025-05-29 12:46:00,12,6,6,186291.47000003405,-17285.0,319006.4700000341,5441.5
2025-05-29 13:01:00,12,6,6,186291.47000003405,-16955.0,319336.4700000341,5447.0
2025-05-29 13:16:00,12,6,6,186291.47000003405,-17195.0,319096.4700000341,5443.0
2025-05-29 13:31:00,12,6,6,186291.47000003405,-17285.0,319006.4700000341,5441.5
2025-05-29 13:46:00,12,6,6,186291.47000003405,-17435.0,318856.4700000341,5439.0
2025-05-29 14:01:00,12,6,6,186291.47000003405,-17660.0,318631.4700000341,5435.25
2025-05-29 14:16:00,12,6,6,186291.47000003405,-17615.0,318676.4700000341,5436.0
2025-05-29 14:31:00,12,6,6,186300.23000003406,-17975.0,318325.2300000341,5430.0
2025-05-29 14:46:00,12,6,6,186300.23000003406,-17375.0,318925.2300000341,5440.0
2025-05-29 15:01:00,12,6,6,186300.23000003406,-17570.0,318730.2300000341,5436.75
2025-05-29 15:16:00,12,6,6,186300.23000003406,-17840.0,318460.2300000341,5432.25
2025-05-29 15:31:00,12,6,6,186300.23000003406,-17465.0,318835.2300000341,5438.5
2025-05-29 15:46:00,12,6,6,186300.23000003406,-17240.0,319060.2300000341,5442.25
2025-05-29 16:01:00,12,6,6,186300.23000003406,-17195.0,319105.2300000341,5443.0
2025-05-30 09:31:00,12,6,6,186300.23000003406,-18290.0,318010.2300000341,5424.75
2025-05-30 09:46:00,13,6,7,186299.61000003407,-18175.0,318124.6100000341,5426.75
2025-05-30 10:01:00,13,6,7,186308.37000003408,-18402.5,317905.8700000341,5423.25
2025-05-30 10:16:00,12,6,6,186317.75000003408,-17585.0,318732.7500000341,5436.5
2025-05-30 10:31:00,12,6,6,186317.75000003408,-17480.0,318837.7500000341,5438.25
2025-05-30 10:46:00,12,6,6,186317.75000003408,-17825.0,318492.7500000341,5432.5
2025-05-30 11:01:00,12,6,6,186317.75000003408,-17840.0,318477.7500000341,5432.25
2025-05-30 11:16:00,12,6,6,186317.75000003408,-17975.0,318342.7500000341,5430.0
2025-05-30 11:31:00,12,6,6,186317.75000003408,-17570.0,318747.7500000341,5436.75
2025-05-30 11:46:00,13,6,7,186317.13000003409,-18538.75,317778.3800000341,5421.0
2025-05-30 12:01:00,12,6,6,186326.5100000341,-18470.0,317856.5100000341,5421.75
2025-05-30 12:16:00,12,6,6,186326.5100000341,-18275.0,318051.5100000341,5425.0
2025-05-30 12:31:00,13,6,7,186325.8900000341,-20317.5,316008.3900000341,5391.5
2025-05-30 12:46:00,13,6,7,186334.6500000341,-20512.5,315822.15000003413,5388.5
2025-05-30 13:01:00,13,6,7,186334.6500000341,-20675.0,315659.65000003413,5386.0
2025-05-30 13:16:00,12,6,6,186344.0300000341,-19820.0,316524.03000003414,5399.25
2025-05-30 13:31:00,12,6,6,186344.0300000341,-19550.0,316794.03000003414,5403.75
2025-05-30 13:46:00,12,6,6,186344.0300000341,-19685.0,316659.03000003414,5401.5
2025-05-30 14:01:00,12,6,6,186344.0300000341,-19250.0,317094.03000003414,5408.75
2025-05-30 14:16:00,12,6,6,186344.0300000341,-18560.0,317784.03000003414,5420.25
2025-05-30 14:31:00,12,6,6,186344.0300000341,-18200.0,318144.03000003414,5426.25
2025-05-30 14:46:00,12,6,6,186344.0300000341,-18275.0,318069.03000003414,5425.0
2025-05-30 15:01:00,12,6,6,186344.0300000341,-17840.0,318504.03000003414,5432.25
2025-05-30 15:16:00,12,6,6,186344.0300000341,-17375.0,318969.03000003414,5440.0
2025-05-30 15:31:00,12,6,6,186344.0300000341,-17165.0,319179.03000003414,5443.5
2025-05-30 15:46:00,12,6,6,186344.0300000341,-17360.0,318984.03000003414,5440.25
2025-05-30 16:01:00,12,6,6,186344.0300000341,-16970.0,319374.03000003414,5446.75
2025-06-02 09:31:00,12,6,6,186352.79000003412,-18125.0,318227.79000003415,5427.5
2025-06-02 09:46:00,12,6,6,186352.79000003412,-17720.0,318632.79000003415,5434.25
2025-06-02 10:01:00,12,6,6,186361.55000003413,-20045.0,316316.55000003416,5395.5
2025-06-02 10:16:00,12,6,6,186361.55000003413,-19130.0,317231.55000003416,5410.75
2025-06-02 10:31:00,12,6,6,186361.55000003413,-18110.0,318251.55000003416,5427.75
2025-06-02 10:46:00,12,6,6,186361.55000003413,-17915.0,318446.55000003416,5431.0
2025-06-02 11:01:00,12,6,6,186361.55000003413,-17450.0,318911.55000003416,5438.75
2025-06-02 11:16:00,12,6,6,186361.55000003413,-17735.0,318626.55000003416,5434.0
2025-06-02 11:31:00,12,6,6,186361.55000003413,-18035.0,318326.55000003416,5429.0
2025-06-02 11:46:00,12,6,6,186361.55000003413,-17795.0,318566.55000003416,5433.0
2025-06-02 12:01:00,12,6,6,186361.55000003413,-17390.0,318971.55000003416,5439.75
2025-06-02 12:16:00,12,6,6,186361.55000003413,-17420.0,318941.55000003416,5439.25
2025-06-02 12:31:00,12,6,6,186361.55000003413,-17555.0,318806.55000003416,5437.0
2025-06-02 12:46:00,12,6,6,186361.55000003413,-17630.0,318731.55000003416,5435.75
2025-06-02 13:01:00,12,6,6,186361.55000003413,-17135.0,319226.55000003416,5444.0
2025-06-02 13:16:00,12,6,6,186361.55000003413,-16955.0,319406.55000003416,5447.0
2025-06-02 13:31:00,12,6,6,186361.55000003413,-17105.0,319256.55000003416,5444.5
2025-06-02 13:46:00,12,6,6,186361.55000003413,-17255.0,319106.55000003416,5442.0
2025-06-02 14:01:00,12,6,6,186361.55000003413,-17210.0,319151.55000003416,5442.75
2025-06-02 14:16:00,12,6,6,186361.55000003413,-16790.0,319571.55000003416,5449.75
2025-06-02 14:31:00,12,6,6,186361.55000003413,-16265.0,320096.55000003416,5458.5
2025-06-02 14:46:00,12,6,6,186361.55000003413,-16250.0,320111.55000003416,5458.75
2025-06-02 15:01:00,12,6,6,186361.55000003413,-15995.0,320366.55000003416,5463.0
2025-06-02 15:16:00,12,6,6,186361.55000003413,-16040.0,320321.55000003416,5462.25
2025-06-02 15:31:00,12,6,6,186361.55000003413,-15905.0,320456.55000003416,5464.5
2025-06-02 15:46:00,12,6,6,186361.55000003413,-16040.0,320321.55000003416,5462.25
2025-06-02 16:01:00,12,6,6,186361.55000003413,-15455.0,320906.55000003416,5472.0
2025-06-03 09:31:00,12,6,6,186361.55000003413,-15395.0,320966.55000003416,5473.0
2025-06-03 09:46:00,12,6,6,186361.55000003413,-15455.0,320906.55000003416,5472.0
2025-06-03 10:01:00,12,6,6,186361.55000003413,-15530.0,320831.55000003416,5470.75
2025-06-03 10:16:00,12,6,6,186361.55000003413,-15290.0,321071.55000003416,5474.75
2025-06-03 10:31:00,12,6,6,186361.55000003413,-14960.0,321401.55000003416,5480.25
2025-06-03 10:46:00,12,6,6,186361.55000003413,-14930.0,321431.55000003416,5480.75
2025-06-03 11:01:00,12,6,6,186361.55000003413,-14525.0,321836.55000003416,5487.5
2025-06-03 11:16:00,12,6,6,186361.55000003413,-14405.0,321956.55000003416,5489.5
2025-06-03 11:31:00,12,6,6,186361.55000003413,-14180.0,322181.55000003416,5493.25
2025-06-03 11:46:00,12,6,6,186361.55000003413,-14015.0,322346.55000003416,5496.0
2025-06-03 12:01:00,12,6,6,186361.55000003413,-13880.0,322481.55000003416,5498.25
2025-06-03 12:16:00,12,6,6,186361.55000003413,-13700.0,322661.55000003416,5501.25
2025-06-03 12:31:00,12,6,6,186361.55000003413,-13550.0,322811.55000003416,5503.75
2025-06-03 12:46:00,12,6,6,186361.55000003413,-13400.0,322961.55000003416,5506.25
2025-06-03 13:01:00,12,6,6,186361.55000003413,-13370.0,322991.55000003416,5506.75
2025-06-03 13:16:00,12,6,6,186361.55000003413,-13070.0,323291.55000003416,5511.75
2025-06-03 13:31:00,12,6,6,186361.55000003413,-13250.0,323111.55000003416,5508.75
2025-06-03 13:46:00,12,6,6,186361.55000003413,-13190.0,323171.55000003416,5509.75
2025-06-03 14:01:00,13,6,7,186360.93000003413,-13540.0,322820.93000003416,5504.0
2025-06-03 14:16:00,13,6,7,186369.69000003414,-14222.5,322147.19000003417,5493.5
2025-06-03 14:31:00,13,6,7,186369.69000003414,-13410.0,322959.69000003417,5506.0
2025-06-03 14:46:00,12,6,6,186379.07000003415,-13385.0,322994.0700000342,5506.5
2025-06-03 15:01:00,12,6,6,186379.07000003415,-13340.0,323039.0700000342,5507.25
2025-06-03 15:16:00,12,6,6,186379.07000003415,-13535.0,322844.0700000342,5504.0
2025-06-03 15:31:00,12,6,6,186379.07000003415,-13445.0,322934.0700000342,5505.5
2025-06-03 15:46:00,12,6,6,186379.07000003415,-13625.0,322754.0700000342,5502.5
2025-06-03 16:01:00,12,6,6,186387.83000003416,-13670.0,322717.8300000342,5501.75
2025-06-04 09:31:00,12,6,6,186387.83000003416,-13010.0,323377.8300000342,5512.75
2025-06-04 09:46:00,12,6,6,186387.83000003416,-12665.0,323722.8300000342,5518.5
2025-06-04 10:01:00,12,6,6,186387.83000003416,-13040.0,323347.8300000342,5512.25
2025-06-04 10:16:00,12,6,6,186396.59000003416,-12905.0,323491.5900000342,5514.5
2025-06-04 10:31:00,12,6,6,186396.59000003416,-12740.0,323656.5900000342,5517.25
2025-06-04 10:46:00,12,6,6,186396.59000003416,-13115.0,323281.5900000342,5511.0
2025-06-04 11:01:00,12,6,6,186396.59000003416,-12785.0,323611.5900000342,5516.5
2025-06-04 11:16:00,12,6,6,186396.59000003416,-12680.0,323716.5900000342,5518.25
2025-06-04 11:31:00,12,6,6,186396.59000003416,-13175.0,323221.5900000342,5510.0
2025-06-04 11:46:00,12,6,6,186396.59000003416,-13055.0,323341.5900000342,5512.0
2025-06-04 12:01:00,12,6,6,186396.59000003416,-13130.0,323266.5900000342,5510.75
2025-06-04 12:16:00,12,6,6,186396.59000003416,-13640.0,322756.5900000342,5502.25
2025-06-04 12:31:00,12,6,6,186396.59000003416,-13580.0,322816.5900000342,5503.25
2025-06-04 12:46:00,12,6,6,186396.59000003416,-13295.0,323101.5900000342,5508.0
2025-06-04 13:01:00,12,6,6,186396.59000003416,-13070.0,323326.5900000342,5511.75
2025-06-04 13:16:00,12,6,6,186396.59000003416,-12905.0,323491.5900000342,5514.5
2025-06-04 13:31:00,12,6,6,186396.59000003416,-12890.0,323506.5900000342,5514.75
2025-06-04 13:46:00,12,6,6,186396.59000003416,-12815.0,323581.5900000342,5516.0
2025-06-04 14:01:00,12,6,6,186396.59000003416,-12620.0,323776.5900000342,5519.25
2025-06-04 14:16:00,12,6,6,186396.59000003416,-12755.0,323641.5900000342,5517.0
2025-06-04 14:31:00,12,6,6,186396.59000003416,-12785.0,323611.5900000342,5516.5
2025-06-04 14:46:00,12,6,6,186396.59000003416,-12785.0,323611.5900000342,5516.5
2025-06-04 15:01:00,13,6,7,186395.97000003417,-13090.0,323305.9700000342,5511.5
2025-06-04 15:16:00,13,6,7,186395.97000003417,-13122.5,323273.4700000342,5511.0
2025-06-04 15:31:00,13,6,7,186395.97000003417,-12943.75,323452.2200000342,5513.75
2025-06-04 15:46:00,13,6,7,186395.97000003417,-13155.0,323240.9700000342,5510.5
2025-06-04 16:01:00,13,6,7,186395.97000003417,-13837.5,322558.4700000342,5500.0
2025-06-05 09:31:00,12,6,6,186427.86000003418,-12665.0,323762.8600000342,5518.5
2025-06-05 09:46:00,12,6,6,186436.6200000342,-14315.0,322121.6200000342,5491.0
2025-06-05 10:01:00,13,6,7,186444.7600000342,-14557.5,321887.26000003424,5487.0
2025-06-05 10:16:00,12,6,6,186454.1400000342,-14480.0,321974.14000003424,5488.25
2025-06-05 10:31:00,12,6,6,186454.1400000342,-13655.0,322799.14000003424,5502.0
2025-06-05 10:46:00,12,6,6,186454.1400000342,-13445.0,323009.14000003424,5505.5
2025-06-05 11:01:00,12,6,6,186454.1400000342,-12890.0,323564.14000003424,5514.75
2025-06-05 11:16:00,12,6,6,186454.1400000342,-12800.0,323654.14000003424,5516.25
2025-06-05 11:31:00,12,6,6,186454.1400000342,-12080.0,324374.14000003424,5528.25
2025-06-05 11:46:00,12,6,6,186454.1400000342,-12275.0,324179.14000003424,5525.0
2025-06-05 12:01:00,12,6,6,186454.1400000342,-12080.0,324374.14000003424,5528.25
2025-06-05 12:16:00,12,6,6,186454.1400000342,-12515.0,323939.14000003424,5521.0
2025-06-05 12:31:00,12,6,6,186454.1400000342,-12635.0,323819.14000003424,5519.0
2025-06-05 12:46:00,12,6,6,186454.1400000342,-13625.0,322829.14000003424,5502.5
2025-06-05 13:01:00,12,6,6,186462.90000003422,-14525.0,321937.90000003425,5487.5
2025-06-05 13:16:00,12,6,6,186462.90000003422,-13520.0,322942.90000003425,5504.25
2025-06-05 13:31:00,12,6,6,186462.90000003422,-13325.0,323137.90000003425,5507.5
2025-06-05 13:46:00,12,6,6,186462.90000003422,-13280.0,323182.90000003425,5508.25
2025-06-05 14:01:00,12,6,6,186462.90000003422,-13715.0,322747.90000003425,5501.0
2025-06-05 14:16:00,13,6,7,186462.28000003422,-14668.75,321793.53000003425,5485.5
2025-06-05 14:31:00,12,6,6,186480.42000003424,-14165.0,322315.42000003427,5493.5
2025-06-05 14:46:00,12,6,6,186480.42000003424,-13925.0,322555.42000003427,5497.5
2025-06-05 15:01:00,12,6,6,186480.42000003424,-14165.0,322315.42000003427,5493.5
2025-06-05 15:16:00,12,6,6,186480.42000003424,-15245.0,321235.42000003427,5475.5
2025-06-05 15:31:00,12,6,6,186489.18000003425,-15635.0,320854.1800000343,5469.0
2025-06-05 15:46:00,12,6,6,186489.18000003425,-14885.0,321604.1800000343,5481.5
2025-06-05 16:01:00,12,6,6,186489.18000003425,-15200.0,321289.1800000343,5476.25
2025-06-06 09:31:00,12,6,6,186489.18000003425,-12335.0,324154.1800000343,5524.0
2025-06-06 09:46:00,12,6,6,186489.18000003425,-11105.0,325384.1800000343,5544.5
2025-06-06 10:01:00,12,6,6,186489.18000003425,-11360.0,325129.1800000343,5540.25
2025-06-06 10:16:00,12,6,6,186489.18000003425,-11525.0,324964.1800000343,5537.5
2025-06-06 10:31:00,12,6,6,186489.18000003425,-11975.0,324514.1800000343,5530.0
2025-06-06 10:46:00,12,6,6,186489.18000003425,-11765.0,324724.1800000343,5533.5
2025-06-06 11:01:00,12,6,6,186489.18000003425,-11675.0,324814.1800000343,5535.0
2025-06-06 11:16:00,12,6,6,186489.18000003425,-11705.0,324784.1800000343,5534.5
2025-06-06 11:31:00,12,6,6,186497.94000003426,-12365.0,324132.9400000343,5523.5
2025-06-06 11:46:00,12,6,6,186497.94000003426,-12395.0,324102.9400000343,5523.0
2025-06-06 12:01:00,12,6,6,186497.94000003426,-12155.0,324342.9400000343,5527.0
2025-06-06 12:16:00,12,6,6,186497.94000003426,-12140.0,324357.9400000343,5527.25
2025-06-06 12:31:00,12,6,6,186497.94000003426,-12230.0,324267.9400000343,5525.75
2025-06-06 12:46:00,12,6,6,186497.94000003426,-12785.0,323712.9400000343,5516.5
2025-06-06 13:01:00,12,6,6,186506.70000003427,-12785.0,323721.7000000343,5516.5
2025-06-06 13:16:00,12,6,6,186506.70000003427,-12935.0,323571.7000000343,5514.0
2025-06-06 13:31:00,12,6,6,186506.70000003427,-12410.0,324096.7000000343,5522.75
2025-06-06 13:46:00,12,6,6,186506.70000003427,-12125.0,324381.7000000343,5527.5
2025-06-06 14:01:00,12,6,6,186506.70000003427,-11780.0,324726.7000000343,5533.25
2025-06-06 14:16:00,12,6,6,186506.70000003427,-11495.0,325011.7000000343,5538.0
2025-06-06 14:31:00,12,6,6,186506.70000003427,-11600.0,324906.7000000343,5536.25
2025-06-06 14:46:00,12,6,6,186506.70000003427,-11675.0,324831.7000000343,5535.0
2025-06-06 15:01:00,12,6,6,186506.70000003427,-11480.0,325026.7000000343,5538.25
2025-06-06 15:16:00,12,6,6,186506.70000003427,-11645.0,324861.7000000343,5535.5
2025-06-06 15:31:00,12,6,6,186506.70000003427,-11780.0,324726.7000000343,5533.25
2025-06-06 15:46:00,12,6,6,186506.70000003427,-11720.0,324786.7000000343,5534.25
2025-06-06 16:01:00,12,6,6,186506.70000003427,-12095.0,324411.7000000343,5528.0
2025-06-09 09:31:00,12,6,6,186506.70000003427,-11675.0,324831.7000000343,5535.0
2025-06-09 09:46:00,12,6,6,186506.70000003427,-11975.0,324531.7000000343,5530.0
2025-06-09 10:01:00,12,6,6,186506.70000003427,-11900.0,324606.7000000343,5531.25
2025-06-09 10:16:00,12,6,6,186506.70000003427,-11825.0,324681.7000000343,5532.5
2025-06-09 10:31:00,12,6,6,186506.70000003427,-11585.0,324921.7000000343,5536.5
2025-06-09 10:46:00,12,6,6,186506.70000003427,-11945.0,324561.7000000343,5530.5
2025-06-09 11:01:00,12,6,6,186506.70000003427,-11750.0,324756.7000000343,5533.75
2025-06-09 11:16:00,12,6,6,186506.70000003427,-11825.0,324681.7000000343,5532.5
2025-06-09 11:31:00,12,6,6,186506.70000003427,-11855.0,324651.7000000343,5532.0
2025-06-09 11:46:00,12,6,6,186506.70000003427,-11675.0,324831.7000000343,5535.0
2025-06-09 12:01:00,12,6,6,186506.70000003427,-11645.0,324861.7000000343,5535.5
2025-06-09 12:16:00,12,6,6,186506.70000003427,-11675.0,324831.7000000343,5535.0
2025-06-09 12:31:00,12,6,6,186506.70000003427,-11615.0,324891.7000000343,5536.0
2025-06-09 12:46:00,12,6,6,186506.70000003427,-11255.0,325251.7000000343,5542.0
2025-06-09 13:01:00,12,6,6,186506.70000003427,-11180.0,325326.7000000343,5543.25
2025-06-09 13:16:00,12,6,6,186506.70000003427,-11150.0,325356.7000000343,5543.75
2025-06-09 13:31:00,12,6,6,186506.70000003427,-11060.0,325446.7000000343,5545.25
2025-06-09 13:46:00,12,6,6,186506.70000003427,-10940.0,325566.7000000343,5547.25
2025-06-09 14:01:00,12,6,6,186506.70000003427,-10940.0,325566.7000000343,5547.25
2025-06-09 14:16:00,12,6,6,186506.70000003427,-10865.0,325641.7000000343,5548.5
2025-06-09 14:31:00,12,6,6,186506.70000003427,-10820.0,325686.7000000343,5549.25
2025-06-09 14:46:00,12,6,6,186506.70000003427,-11060.0,325446.7000000343,5545.25
2025-06-09 15:01:00,12,6,6,186506.70000003427,-10895.0,325611.7000000343,5548.0
2025-06-09 15:16:00,12,6,6,186506.70000003427,-11105.0,325401.7000000343,5544.5
2025-06-09 15:31:00,13,6,7,186506.08000003427,-11275.0,325231.0800000343,5541.75
2025-06-09 15:46:00,12,6,6,186515.46000003428,-11435.0,325080.4600000343,5539.0
2025-06-09 16:01:00,13,6,7,186523.6000000343,-11908.75,324614.8500000343,5531.25
2025-06-10 09:31:00,12,6,6,186550.4800000343,-11195.0,325355.4800000343,5543.0
2025-06-10 09:46:00,12,6,6,186550.4800000343,-11330.0,325220.4800000343,5540.75
2025-06-10 10:01:00,12,6,6,186550.4800000343,-11165.0,325385.4800000343,5543.5
2025-06-10 10:16:00,12,6,6,186550.4800000343,-10970.0,325580.4800000343,5546.75
2025-06-10 10:31:00,12,6,6,186550.4800000343,-10880.0,325670.4800000343,5548.25
2025-06-10 10:46:00,12,6,6,186550.4800000343,-10685.0,325865.4800000343,5551.5
2025-06-10 11:01:00,12,6,6,186550.4800000343,-10985.0,325565.4800000343,5546.5
2025-06-10 11:16:00,12,6,6,186550.4800000343,-10865.0,325685.4800000343,5548.5
2025-06-10 11:31:00,12,6,6,186550.4800000343,-11000.0,325550.4800000343,5546.25
2025-06-10 11:46:00,12,6,6,186559.2400000343,-11135.0,325424.24000003433,5544.0
2025-06-10 12:01:00,12,6,6,186559.2400000343,-10805.0,325754.24000003433,5549.5
2025-06-10 12:16:00,12,6,6,186559.2400000343,-10670.0,325889.24000003433,5551.75
2025-06-10 12:31:00,12,6,6,186559.2400000343,-10460.0,326099.24000003433,5555.25
2025-06-10 12:46:00,12,6,6,186559.2400000343,-10415.0,326144.24000003433,5556.0
2025-06-10 13:01:00,12,6,6,186559.2400000343,-10280.0,326279.24000003433,5558.25
2025-06-10 13:16:00,12,6,6,186559.2400000343,-10085.0,326474.24000003433,5561.5
2025-06-10 13:31:00,12,6,6,186559.2400000343,-10460.0,326099.24000003433,5555.25
2025-06-10 13:46:00,13,6,7,186558.6200000343,-10540.0,326018.62000003434,5554.0
2025-06-10 14:01:00,13,6,7,186558.6200000343,-11125.0,325433.62000003434,5545.0
2025-06-10 14:16:00,13,6,7,186567.38000003432,-11076.25,325491.13000003435,5545.75
2025-06-10 14:31:00,13,6,7,186567.38000003432,-11027.5,325539.88000003435,5546.5
2025-06-10 14:46:00,13,6,7,186567.38000003432,-10767.5,325799.88000003435,5550.5
2025-06-10 15:01:00,12,6,6,186576.76000003432,-9980.0,326596.76000003435,5563.25
2025-06-10 15:16:00,12,6,6,186576.76000003432,-9920.0,326656.76000003435,5564.25
2025-06-10 15:31:00,12,6,6,186576.76000003432,-10100.0,326476.76000003435,5561.25
2025-06-10 15:46:00,12,6,6,186576.76000003432,-10310.0,326266.76000003435,5557.75
2025-06-10 16:01:00,12,6,6,186576.76000003432,-9950.0,326626.76000003435,5563.75
2025-06-11 09:31:00,12,6,6,186576.76000003432,-9350.0,327226.76000003435,5573.75
2025-06-11 09:46:00,12,6,6,186576.76000003432,-9755.0,326821.76000003435,5567.0
2025-06-11 10:01:00,12,6,6,186576.76000003432,-9290.0,327286.76000003435,5574.75
2025-06-11 10:16:00,12,6,6,186576.76000003432,-9125.0,327451.76000003435,5577.5
2025-06-11 10:31:00,12,6,6,186576.76000003432,-8750.0,327826.76000003435,5583.75
2025-06-11 10:46:00,12,6,6,186576.76000003432,-8705.0,327871.76000003435,5584.5
2025-06-11 11:01:00,12,6,6,186576.76000003432,-8645.0,327931.76000003435,5585.5
2025-06-11 11:16:00,12,6,6,186585.52000003433,-8900.0,327685.52000003436,5581.25
2025-06-11 11:31:00,12,6,6,186585.52000003433,-9080.0,327505.52000003436,5578.25
2025-06-11 11:46:00,12,6,6,186585.52000003433,-9260.0,327325.52000003436,5575.25
2025-06-11 12:01:00,12,6,6,186594.28000003434,-9290.0,327304.28000003437,5574.75
2025-06-11 12:16:00,12,6,6,186611.80000003436,-9845.0,326766.8000000344,5565.5
2025-06-11 12:31:00,12,6,6,186620.56000003437,-9605.0,327015.5600000344,5569.5
2025-06-11 12:46:00,12,6,6,186620.56000003437,-9740.0,326880.5600000344,5567.25
2025-06-11 13:01:00,12,6,6,186620.56000003437,-9575.0,327045.5600000344,5570.0
2025-06-11 13:16:00,12,6,6,186620.56000003437,-9230.0,327390.5600000344,5575.75
2025-06-11 13:31:00,12,6,6,186620.56000003437,-8930.0,327690.5600000344,5580.75
2025-06-11 13:46:00,12,6,6,186620.56000003437,-9425.0,327195.5600000344,5572.5
2025-06-11 14:01:00,13,6,7,186619.94000003437,-10041.25,326578.6900000344,5562.75
2025-06-11 14:16:00,14,6,8,186619.32000003438,-11731.25,324888.0700000344,5538.0
2025-06-11 14:31:00,14,6,8,186628.0800000344,-11836.25,324791.8300000344,5536.5
2025-06-11 14:46:00,13,6,7,186637.4600000344,-10463.75,326173.7100000344,5556.25
2025-06-11 15:01:00,13,6,7,186637.4600000344,-11471.25,325166.2100000344,5540.75
2025-06-11 15:16:00,13,6,7,186637.4600000344,-11243.75,325393.7100000344,5544.25
2025-06-11 15:31:00,13,6,7,186637.4600000344,-11390.0,325247.4600000344,5542.0
2025-06-11 15:46:00,13,6,7,186637.4600000344,-11243.75,325393.7100000344,5544.25
2025-06-11 16:01:00,13,6,7,186637.4600000344,-11016.25,325621.2100000344,5547.75
2025-06-12 09:31:00,13,6,7,186637.4600000344,-11520.0,325117.4600000344,5540.0
2025-06-12 09:46:00,13,6,7,186637.4600000344,-11487.5,325149.9600000344,5540.5
2025-06-12 10:01:00,13,6,7,186637.4600000344,-11308.75,325328.7100000344,5543.25
2025-06-12 10:16:00,13,6,7,186637.4600000344,-10496.25,326141.2100000344,5555.75
2025-06-12 10:31:00,13,6,7,186637.4600000344,-10122.5,326514.9600000344,5561.5
2025-06-12 10:46:00,13,6,7,186637.4600000344,-9846.25,326791.2100000344,5565.75
2025-06-12 11:01:00,13,6,7,186637.4600000344,-9911.25,326726.2100000344,5564.75
2025-06-12 11:16:00,12,6,6,186646.8400000344,-9635.0,327011.8400000344,5569.0
2025-06-12 11:31:00,12,6,6,186655.6000000344,-10055.0,326600.60000003444,5562.0
2025-06-12 11:46:00,12,6,6,186655.6000000344,-10415.0,326240.60000003444,5556.0
2025-06-12 12:01:00,12,6,6,186655.6000000344,-10010.0,326645.60000003444,5562.75
2025-06-12 12:16:00,12,6,6,186655.6000000344,-9845.0,326810.60000003444,5565.5
2025-06-12 12:31:00,12,6,6,186655.6000000344,-9905.0,326750.60000003444,5564.5
2025-06-12 12:46:00,12,6,6,186655.6000000344,-9755.0,326900.60000003444,5567.0
2025-06-12 13:01:00,12,6,6,186655.6000000344,-10115.0,326540.60000003444,5561.0
2025-06-12 13:16:00,12,6,6,186655.6000000344,-9740.0,326915.60000003444,5567.25
2025-06-12 13:31:00,12,6,6,186655.6000000344,-9665.0,326990.60000003444,5568.5
2025-06-12 13:46:00,12,6,6,186655.6000000344,-9635.0,327020.60000003444,5569.0
2025-06-12 14:01:00,12,6,6,186655.6000000344,-9680.0,326975.60000003444,5568.25
2025-06-12 14:16:00,12,6,6,186655.6000000344,-9665.0,326990.60000003444,5568.5
2025-06-12 14:31:00,12,6,6,186664.36000003442,-9980.0,326684.36000003444,5563.25
2025-06-12 14:46:00,12,6,6,186664.36000003442,-9965.0,326699.36000003444,5563.5
2025-06-12 15:01:00,12,6,6,186664.36000003442,-9635.0,327029.36000003444,5569.0
2025-06-12 15:16:00,12,6,6,186664.36000003442,-9605.0,327059.36000003444,5569.5
2025-06-12 15:31:00,12,6,6,186664.36000003442,-9740.0,326924.36000003444,5567.25
2025-06-12 15:46:00,12,6,6,186664.36000003442,-9995.0,326669.36000003444,5563.0
2025-06-12 16:01:00,12,6,6,186673.12000003443,-9500.0,327173.12000003445,5571.25
2025-06-13 09:31:00,12,6,6,186673.12000003443,-12170.0,324503.12000003445,5526.75
2025-06-13 09:46:00,12,6,6,186673.12000003443,-12215.0,324458.12000003445,5526.0
2025-06-13 10:01:00,12,6,6,186681.88000003443,-12695.0,323986.88000003446,5518.0
2025-06-13 10:16:00,12,6,6,186690.64000003444,-13025.0,323665.6400000345,5512.5
2025-06-13 10:31:00,12,6,6,186699.40000003445,-13700.0,322999.4000000345,5501.25
2025-06-13 10:46:00,12,6,6,186708.16000003446,-13085.0,323623.1600000345,5511.5
2025-06-13 11:01:00,12,6,6,186708.16000003446,-12365.0,324343.1600000345,5523.5
2025-06-13 11:16:00,12,6,6,186708.16000003446,-11885.0,324823.1600000345,5531.5
2025-06-13 11:31:00,12,6,6,186708.16000003446,-11420.0,325288.1600000345,5539.25
2025-06-13 11:46:00,12,6,6,186708.16000003446,-11165.0,325543.1600000345,5543.5
2025-06-13 12:01:00,12,6,6,186708.16000003446,-11105.0,325603.1600000345,5544.5
2025-06-13 12:16:00,12,6,6,186708.16000003446,-10895.0,325813.1600000345,5548.0
2025-06-13 12:31:00,12,6,6,186708.16000003446,-11090.0,325618.1600000345,5544.75
2025-06-13 12:46:00,12,6,6,186708.16000003446,-11375.0,325333.1600000345,5540.0
2025-06-13 13:01:00,12,6,6,186708.16000003446,-11135.0,325573.1600000345,5544.0
2025-06-13 13:16:00,12,6,6,186708.16000003446,-11960.0,324748.1600000345,5530.25
2025-06-13 13:31:00,12,6,6,186716.92000003447,-11975.0,324741.9200000345,5530.0
2025-06-13 13:46:00,12,6,6,186725.68000003448,-12065.0,324660.6800000345,5528.5
2025-06-13 14:01:00,12,6,6,186725.68000003448,-11660.0,325065.6800000345,5535.25
2025-06-13 14:16:00,12,6,6,186734.4400000345,-12800.0,323934.4400000345,5516.25
2025-06-13 14:31:00,12,6,6,186743.2000000345,-13505.0,323238.2000000345,5504.5
2025-06-13 14:46:00,12,6,6,186751.9600000345,-13730.0,323021.96000003454,5500.75
2025-06-13 15:01:00,12,6,6,186751.9600000345,-13610.0,323141.96000003454,5502.75
2025-06-13 15:16:00,12,6,6,186751.9600000345,-13340.0,323411.96000003454,5507.25
2025-06-13 15:31:00,12,6,6,186751.9600000345,-13790.0,322961.96000003454,5499.75
2025-06-13 15:46:00,12,6,6,186751.9600000345,-14375.0,322376.96000003454,5490.0
2025-06-13 16:01:00,12,6,6,186760.72000003452,-13460.0,323300.72000003455,5505.25
2025-06-16 09:31:00,12,6,6,186760.72000003452,-11240.0,325520.72000003455,5542.25
2025-06-16 09:46:00,12,6,6,186760.72000003452,-10715.0,326045.72000003455,5551.0
2025-06-16 10:01:00,12,6,6,186760.72000003452,-9830.0,326930.72000003455,5565.75
2025-06-16 10:16:00,12,6,6,186760.72000003452,-9620.0,327140.72000003455,5569.25
2025-06-16 10:31:00,12,6,6,186760.72000003452,-9305.0,327455.72000003455,5574.5
2025-06-16 10:46:00,12,6,6,186760.72000003452,-9215.0,327545.72000003455,5576.0
2025-06-16 11:01:00,12,6,6,186760.72000003452,-9455.0,327305.72000003455,5572.0
2025-06-16 11:16:00,12,6,6,186760.72000003452,-9515.0,327245.72000003455,5571.0
2025-06-16 11:31:00,12,6,6,186760.72000003452,-9665.0,327095.72000003455,5568.5
2025-06-16 11:46:00,12,6,6,186760.72000003452,-9650.0,327110.72000003455,5568.75
2025-06-16 12:01:00,12,6,6,186760.72000003452,-9740.0,327020.72000003455,5567.25
2025-06-16 12:16:00,12,6,6,186760.72000003452,-9815.0,326945.72000003455,5566.0
2025-06-16 12:31:00,12,6,6,186760.72000003452,-9920.0,326840.72000003455,5564.25
2025-06-16 12:46:00,12,6,6,186760.72000003452,-10205.0,326555.72000003455,5559.5
2025-06-16 13:01:00,12,6,6,186760.72000003452,-10100.0,326660.72000003455,5561.25
2025-06-16 13:16:00,12,6,6,186760.72000003452,-10355.0,326405.72000003455,5557.0
2025-06-16 13:31:00,12,6,6,186760.72000003452,-9575.0,327185.72000003455,5570.0
2025-06-16 13:46:00,12,6,6,186760.72000003452,-9905.0,326855.72000003455,5564.5
2025-06-16 14:01:00,13,6,7,186760.10000003452,-10385.0,326375.10000003455,5556.5
2025-06-16 14:16:00,12,6,6,186769.48000003453,-10205.0,326564.48000003456,5559.5
2025-06-16 14:31:00,12,6,6,186769.48000003453,-10325.0,326444.48000003456,5557.5
2025-06-16 14:46:00,12,6,6,186769.48000003453,-10460.0,326309.48000003456,5555.25
2025-06-16 15:01:00,12,6,6,186778.24000003454,-10235.0,326543.24000003457,5559.0
2025-06-16 15:16:00,12,6,6,186778.24000003454,-10625.0,326153.24000003457,5552.5
2025-06-16 15:31:00,13,6,7,186777.62000003454,-10546.25,326231.37000003457,5554.0
2025-06-16 15:46:00,13,6,7,186777.62000003454,-10318.75,326458.87000003457,5557.5
2025-06-16 16:01:00,12,6,6,186787.00000003455,-10055.0,326732.0000000346,5562.0
2025-06-17 09:31:00,12,6,6,186757.12000003454,-11555.0,325202.12000003457,5537.0
2025-06-17 09:46:00,13,6,7,186756.50000003455,-11841.25,324915.2500000346,5532.25
2025-06-17 10:01:00,12,6,6,186765.88000003455,-11315.0,325450.8800000346,5541.0
2025-06-17 10:16:00,12,6,6,186765.88000003455,-11015.0,325750.8800000346,5546.0
2025-06-17 10:31:00,12,6,6,186765.88000003455,-11090.0,325675.8800000346,5544.75
2025-06-17 10:46:00,12,6,6,186765.88000003455,-11345.0,325420.8800000346,5540.5
2025-06-17 11:01:00,12,6,6,186765.88000003455,-11420.0,325345.8800000346,5539.25
2025-06-17 11:16:00,12,6,6,186765.88000003455,-11000.0,325765.8800000346,5546.25
2025-06-17 11:31:00,12,6,6,186765.88000003455,-11555.0,325210.8800000346,5537.0
2025-06-17 11:46:00,12,6,6,186765.88000003455,-11285.0,325480.8800000346,5541.5
2025-06-17 12:01:00,12,6,6,186765.88000003455,-11240.0,325525.8800000346,5542.25
2025-06-17 12:16:00,12,6,6,186765.88000003455,-11015.0,325750.8800000346,5546.0
2025-06-17 12:31:00,12,6,6,186765.88000003455,-11165.0,325600.8800000346,5543.5
2025-06-17 12:46:00,12,6,6,186765.88000003455,-11330.0,325435.8800000346,5540.75
2025-06-17 13:01:00,13,6,7,186765.26000003456,-12112.5,324652.7600000346,5528.5
2025-06-17 13:16:00,13,6,7,186765.26000003456,-11933.75,324831.5100000346,5531.25
2025-06-17 13:31:00,13,6,7,186765.26000003456,-12583.75,324181.5100000346,5521.25
2025-06-17 13:46:00,13,6,7,186774.02000003456,-12583.75,324190.2700000346,5521.25
2025-06-17 14:01:00,14,6,8,186773.40000003457,-13485.0,323288.4000000346,5508.25
2025-06-17 14:16:00,14,6,8,186782.16000003458,-13572.5,323209.6600000346,5507.0
2025-06-17 14:31:00,14,6,8,186782.16000003458,-13467.5,323314.6600000346,5508.5
2025-06-17 14:46:00,15,6,9,186781.54000003458,-13616.25,323165.2900000346,5506.25
2025-06-17 15:01:00,14,6,8,186790.9200000346,-13240.0,323550.9200000346,5511.75
2025-06-17 15:16:00,14,6,8,186790.9200000346,-13222.5,323568.4200000346,5512.0
2025-06-17 15:31:00,14,6,8,186790.9200000346,-13082.5,323708.4200000346,5514.0
2025-06-17 15:46:00,14,6,8,186790.9200000346,-13135.0,323655.9200000346,5513.25
2025-06-17 16:01:00,14,6,8,186790.9200000346,-13275.0,323515.9200000346,5511.25
2025-06-18 09:31:00,14,6,8,186790.9200000346,-13380.0,323410.9200000346,5509.75
2025-06-18 09:46:00,14,6,8,186790.9200000346,-13187.5,323603.4200000346,5512.5
2025-06-18 10:01:00,13,6,7,186800.3000000346,-12762.5,324037.8000000346,5518.5
2025-06-18 10:16:00,13,6,7,186800.3000000346,-11950.0,324850.3000000346,5531.0
2025-06-18 10:31:00,12,6,6,186809.6800000346,-11480.0,325329.6800000346,5538.25
2025-06-18 10:46:00,12,6,6,186809.6800000346,-11270.0,325539.6800000346,5541.75
2025-06-18 11:01:00,12,6,6,186809.6800000346,-11435.0,325374.6800000346,5539.0
2025-06-18 11:16:00,12,6,6,186809.6800000346,-11765.0,325044.6800000346,5533.5
2025-06-18 11:31:00,12,6,6,186809.6800000346,-11855.0,324954.6800000346,5532.0
2025-06-18 11:46:00,13,6,7,186809.0600000346,-11913.75,324895.31000003463,5531.0
2025-06-18 12:01:00,12,6,6,186818.4400000346,-12200.0,324618.44000003464,5526.25
2025-06-18 12:16:00,12,6,6,186827.20000003462,-11810.0,325017.20000003465,5532.75
2025-06-18 12:31:00,12,6,6,186827.20000003462,-12200.0,324627.20000003465,5526.25
2025-06-18 12:46:00,12,6,6,186827.20000003462,-12065.0,324762.20000003465,5528.5
2025-06-18 13:01:00,12,6,6,186827.20000003462,-12320.0,324507.20000003465,5524.25
2025-06-18 13:16:00,13,6,7,186826.58000003462,-12201.25,324625.33000003465,5526.25
2025-06-18 13:31:00,13,6,7,186826.58000003462,-12705.0,324121.58000003465,5518.5
2025-06-18 13:46:00,13,6,7,186826.58000003462,-12412.5,324414.08000003465,5523.0
2025-06-18 14:01:00,12,6,6,186835.96000003463,-11705.0,325130.96000003465,5534.5
2025-06-18 14:16:00,12,6,6,186835.96000003463,-12290.0,324545.96000003465,5524.75
2025-06-18 14:31:00,12,6,6,186835.96000003463,-12425.0,324410.96000003465,5522.5
2025-06-18 14:46:00,12,6,6,186835.96000003463,-12065.0,324770.96000003465,5528.5
2025-06-18 15:01:00,14,6,8,186843.48000003464,-14017.5,322825.9800000347,5498.0
2025-06-18 15:16:00,13,6,7,186852.86000003465,-13080.0,323772.8600000347,5512.0
2025-06-18 15:31:00,12,6,6,186862.24000003465,-13610.0,323252.2400000347,5502.75
2025-06-18 15:46:00,12,6,6,186862.24000003465,-12815.0,324047.2400000347,5516.0
2025-06-18 16:01:00,12,6,6,186862.24000003465,-13175.0,323687.2400000347,5510.0
2025-06-20 09:31:00,12,6,6,186862.24000003465,-12005.0,324857.2400000347,5529.5
2025-06-20 09:46:00,12,6,6,186862.24000003465,-11765.0,325097.2400000347,5533.5
2025-06-20 10:01:00,12,6,6,186862.24000003465,-12590.0,324272.2400000347,5519.75
2025-06-20 10:16:00,12,6,6,186862.24000003465,-12815.0,324047.2400000347,5516.0
2025-06-20 10:31:00,12,6,6,186862.24000003465,-13535.0,323327.2400000347,5504.0
2025-06-20 10:46:00,12,6,6,186862.24000003465,-14180.0,322682.2400000347,5493.25
2025-06-20 11:01:00,12,6,6,186862.24000003465,-14870.0,321992.2400000347,5481.75
2025-06-20 11:16:00,12,6,6,186862.24000003465,-14090.0,322772.2400000347,5494.75
2025-06-20 11:31:00,12,6,6,186862.24000003465,-13895.0,322967.2400000347,5498.0
2025-06-20 11:46:00,12,6,6,186862.24000003465,-13460.0,323402.2400000347,5505.25
2025-06-20 12:01:00,12,6,6,186862.24000003465,-14330.0,322532.2400000347,5490.75
2025-06-20 12:16:00,12,6,6,186862.24000003465,-14390.0,322472.2400000347,5489.75
2025-06-20 12:31:00,12,6,6,186862.24000003465,-14060.0,322802.2400000347,5495.25
2025-06-20 12:46:00,12,6,6,186862.24000003465,-13850.0,323012.2400000347,5498.75
2025-06-20 13:01:00,12,6,6,186862.24000003465,-13625.0,323237.2400000347,5502.5
2025-06-20 13:16:00,12,6,6,186862.24000003465,-13730.0,323132.2400000347,5500.75
2025-06-20 13:31:00,12,6,6,186862.24000003465,-15020.0,321842.2400000347,5479.25
2025-06-20 13:46:00,12,6,6,186871.00000003466,-15035.0,321836.0000000347,5479.0
2025-06-20 14:01:00,12,6,6,186871.00000003466,-14675.0,322196.0000000347,5485.0
2025-06-20 14:16:00,12,6,6,186871.00000003466,-14450.0,322421.0000000347,5488.75
2025-06-20 14:31:00,12,6,6,186871.00000003466,-14120.0,322751.0000000347,5494.25
2025-06-20 14:46:00,12,6,6,186871.00000003466,-14315.0,322556.0000000347,5491.0
2025-06-20 15:01:00,12,6,6,186871.00000003466,-14945.0,321926.0000000347,5480.5
2025-06-20 15:16:00,12,6,6,186879.76000003467,-14990.0,321889.7600000347,5479.75
2025-06-20 15:31:00,12,6,6,186879.76000003467,-14915.0,321964.7600000347,5481.0
2025-06-20 15:46:00,12,6,6,186879.76000003467,-14900.0,321979.7600000347,5481.25
2025-06-20 16:01:00,12,6,6,186879.76000003467,-14000.0,322879.7600000347,5496.25
2025-06-23 09:31:00,12,6,6,186879.76000003467,-14555.0,322324.7600000347,5487.0
2025-06-23 09:46:00,12,6,6,186879.76000003467,-13820.0,323059.7600000347,5499.25
2025-06-23 10:01:00,12,6,6,186879.76000003467,-13070.0,323809.7600000347,5511.75
2025-06-23 10:16:00,12,6,6,186879.76000003467,-12650.0,324229.7600000347,5518.75
2025-06-23 10:31:00,12,6,6,186879.76000003467,-12650.0,324229.7600000347,5518.75
2025-06-23 10:46:00,12,6,6,186879.76000003467,-12635.0,324244.7600000347,5519.0
2025-06-23 11:01:00,12,6,6,186879.76000003467,-13205.0,323674.7600000347,5509.5
2025-06-23 11:16:00,12,6,6,186879.76000003467,-12530.0,324349.7600000347,5520.75
2025-06-23 11:31:00,12,6,6,186879.76000003467,-13130.0,323749.7600000347,5510.75
2025-06-23 11:46:00,13,6,7,186879.14000003468,-13570.0,323309.1400000347,5504.0
2025-06-23 12:01:00,13,6,7,186879.14000003468,-13700.0,323179.1400000347,5502.0
2025-06-23 12:16:00,13,6,7,186879.14000003468,-13700.0,323179.1400000347,5502.0
2025-06-23 12:31:00,13,6,7,186879.14000003468,-14756.25,322122.8900000347,5485.75
2025-06-23 12:46:00,13,6,7,186887.9000000347,-14073.75,322814.1500000347,5496.25
2025-06-23 13:01:00,13,6,7,186887.9000000347,-15065.0,321822.9000000347,5481.0
2025-06-23 13:16:00,13,6,7,186887.9000000347,-13765.0,323122.9000000347,5501.0
2025-06-23 13:31:00,12,6,6,186897.2800000347,-12170.0,324727.2800000347,5526.75
2025-06-23 13:46:00,12,6,6,186897.2800000347,-11735.0,325162.2800000347,5534.0
2025-06-23 14:01:00,12,6,6,186897.2800000347,-11930.0,324967.2800000347,5530.75
2025-06-23 14:16:00,12,6,6,186897.2800000347,-11705.0,325192.2800000347,5534.5
2025-06-23 14:31:00,12,6,6,186897.2800000347,-11945.0,324952.2800000347,5530.5
2025-06-23 14:46:00,12,6,6,186897.2800000347,-11975.0,324922.2800000347,5530.0
2025-06-23 15:01:00,12,6,6,186897.2800000347,-11750.0,325147.2800000347,5533.75
2025-06-23 15:16:00,12,6,6,186897.2800000347,-11735.0,325162.2800000347,5534.0
2025-06-23 15:31:00,12,6,6,186897.2800000347,-11555.0,325342.2800000347,5537.0
2025-06-23 15:46:00,12,6,6,186897.2800000347,-11645.0,325252.2800000347,5535.5
2025-06-23 16:01:00,12,6,6,186897.2800000347,-11255.0,325642.2800000347,5542.0
2025-06-24 09:31:00,12,6,6,186897.2800000347,-8630.0,328267.2800000347,5585.75
2025-06-24 09:46:00,12,6,6,186897.2800000347,-7955.0,328942.2800000347,5597.0
2025-06-24 10:01:00,12,6,6,186897.2800000347,-8540.0,328357.2800000347,5587.25
2025-06-24 10:16:00,12,6,6,186897.2800000347,-8480.0,328417.2800000347,5588.25
2025-06-24 10:31:00,12,6,6,186897.2800000347,-8255.0,328642.2800000347,5592.0
2025-06-24 10:46:00,12,6,6,186897.2800000347,-7955.0,328942.2800000347,5597.0
2025-06-24 11:01:00,12,6,6,186897.2800000347,-7985.0,328912.2800000347,5596.5
2025-06-24 11:16:00,12,6,6,186897.2800000347,-7790.0,329107.2800000347,5599.75
2025-06-24 11:31:00,12,6,6,186897.2800000347,-7655.0,329242.2800000347,5602.0
2025-06-24 11:46:00,12,6,6,186897.2800000347,-7460.0,329437.2800000347,5605.25
2025-06-24 12:01:00,12,6,6,186897.2800000347,-7580.0,329317.2800000347,5603.25
2025-06-24 12:16:00,12,6,6,186897.2800000347,-7340.0,329557.2800000347,5607.25
2025-06-24 12:31:00,12,6,6,186897.2800000347,-7085.0,329812.2800000347,5611.5
2025-06-24 12:46:00,12,6,6,186897.2800000347,-6800.0,330097.2800000347,5616.25
2025-06-24 13:01:00,12,6,6,186897.2800000347,-7025.0,329872.2800000347,5612.5
2025-06-24 13:16:00,12,6,6,186897.2800000347,-6920.0,329977.2800000347,5614.25
2025-06-24 13:31:00,12,6,6,186897.2800000347,-7160.0,329737.2800000347,5610.25
2025-06-24 13:46:00,12,6,6,186897.2800000347,-6935.0,329962.2800000347,5614.0
2025-06-24 14:01:00,12,6,6,186897.2800000347,-6665.0,330232.2800000347,5618.5
2025-06-24 14:16:00,12,6,6,186897.2800000347,-6800.0,330097.2800000347,5616.25
2025-06-24 14:31:00,12,6,6,186897.2800000347,-6845.0,330052.2800000347,5615.5
2025-06-24 14:46:00,12,6,6,186897.2800000347,-6665.0,330232.2800000347,5618.5
2025-06-24 15:01:00,12,6,6,186897.2800000347,-6605.0,330292.2800000347,5619.5
2025-06-24 15:16:00,12,6,6,186897.2800000347,-6485.0,330412.2800000347,5621.5
2025-06-24 15:31:00,12,6,6,186897.2800000347,-6530.0,330367.2800000347,5620.75
2025-06-24 15:46:00,12,6,6,186897.2800000347,-6530.0,330367.2800000347,5620.75
2025-06-24 16:01:00,13,6,7,186896.6600000347,-7028.75,329867.9100000347,5612.75
2025-06-25 09:31:00,12,6,6,186932.2900000347,-6230.0,330702.2900000347,5625.75
2025-06-25 09:46:00,12,6,6,186932.2900000347,-6095.0,330837.2900000347,5628.0
2025-06-25 10:01:00,12,6,6,186932.2900000347,-6200.0,330732.2900000347,5626.25
2025-06-25 10:16:00,12,6,6,186932.2900000347,-6695.0,330237.2900000347,5618.0
2025-06-25 10:31:00,12,6,6,186932.2900000347,-6455.0,330477.2900000347,5622.0
2025-06-25 10:46:00,12,6,6,186932.2900000347,-6095.0,330837.2900000347,5628.0
2025-06-25 11:01:00,12,6,6,186932.2900000347,-6455.0,330477.2900000347,5622.0
2025-06-25 11:16:00,13,6,7,186931.6700000347,-6903.75,330027.92000003473,5614.75
2025-06-25 11:31:00,13,6,7,186931.6700000347,-6903.75,330027.92000003473,5614.75
2025-06-25 11:46:00,13,6,7,186931.6700000347,-7017.5,329914.17000003473,5613.0
2025-06-25 12:01:00,13,6,7,186931.6700000347,-6887.5,330044.17000003473,5615.0
2025-06-25 12:16:00,13,6,7,186931.6700000347,-6790.0,330141.67000003473,5616.5
2025-06-25 12:31:00,13,6,7,186931.6700000347,-6920.0,330011.67000003473,5614.5
2025-06-25 12:46:00,13,6,7,186931.6700000347,-7033.75,329897.92000003473,5612.75
2025-06-25 13:01:00,13,6,7,186931.6700000347,-7050.0,329881.67000003473,5612.5
2025-06-25 13:16:00,13,6,7,186931.6700000347,-7098.75,329832.92000003473,5611.75
2025-06-25 13:31:00,13,6,7,186931.6700000347,-6952.5,329979.17000003473,5614.0
2025-06-25 13:46:00,13,6,7,186940.4300000347,-7310.0,329630.43000003474,5608.5
2025-06-25 14:01:00,13,6,7,186940.4300000347,-7488.75,329451.68000003474,5605.75
2025-06-25 14:16:00,13,6,7,186940.4300000347,-7310.0,329630.43000003474,5608.5
2025-06-25 14:31:00,13,6,7,186940.4300000347,-7391.25,329549.18000003474,5607.25
2025-06-25 14:46:00,13,6,7,186940.4300000347,-7293.75,329646.68000003474,5608.75
2025-06-25 15:01:00,13,6,7,186940.4300000347,-7163.75,329776.68000003474,5610.75
2025-06-25 15:16:00,13,6,7,186940.4300000347,-6741.25,330199.18000003474,5617.25
2025-06-25 15:31:00,13,6,7,186940.4300000347,-6968.75,329971.68000003474,5613.75
2025-06-25 15:46:00,13,6,7,186940.4300000347,-7098.75,329841.68000003474,5611.75
2025-06-25 16:01:00,13,6,7,186940.4300000347,-6968.75,329971.68000003474,5613.75
2025-06-26 09:31:00,12,6,6,187023.56000003472,-5615.0,331408.56000003475,5636.0
2025-06-26 09:46:00,12,6,6,187023.56000003472,-5780.0,331243.56000003475,5633.25
2025-06-26 10:01:00,12,6,6,187023.56000003472,-5375.0,331648.56000003475,5640.0
2025-06-26 10:16:00,12,6,6,187023.56000003472,-5420.0,331603.56000003475,5639.25
2025-06-26 10:31:00,12,6,6,187023.56000003472,-4985.0,332038.56000003475,5646.5
2025-06-26 10:46:00,12,6,6,187023.56000003472,-4970.0,332053.56000003475,5646.75
2025-06-26 11:01:00,12,6,6,187023.56000003472,-4805.0,332218.56000003475,5649.5
2025-06-26 11:16:00,12,6,6,187023.56000003472,-4730.0,332293.56000003475,5650.75
2025-06-26 11:31:00,12,6,6,187023.56000003472,-5090.0,331933.56000003475,5644.75
2025-06-26 11:46:00,12,6,6,187023.56000003472,-4745.0,332278.56000003475,5650.5
2025-06-26 12:01:00,12,6,6,187023.56000003472,-4700.0,332323.56000003475,5651.25
2025-06-26 12:16:00,12,6,6,187023.56000003472,-4475.0,332548.56000003475,5655.0
2025-06-26 12:31:00,12,6,6,187023.56000003472,-4445.0,332578.56000003475,5655.5
2025-06-26 12:46:00,12,6,6,187023.56000003472,-4595.0,332428.56000003475,5653.0
2025-06-26 13:01:00,12,6,6,187023.56000003472,-4685.0,332338.56000003475,5651.5
2025-06-26 13:16:00,12,6,6,187032.32000003473,-4400.0,332632.32000003476,5656.25
2025-06-26 13:31:00,12,6,6,187032.32000003473,-4265.0,332767.32000003476,5658.5
2025-06-26 13:46:00,12,6,6,187032.32000003473,-4145.0,332887.32000003476,5660.5
2025-06-26 14:01:00,12,6,6,187032.32000003473,-4340.0,332692.32000003476,5657.25
2025-06-26 14:16:00,12,6,6,187032.32000003473,-3860.0,333172.32000003476,5665.25
2025-06-26 14:31:00,12,6,6,187032.32000003473,-3965.0,333067.32000003476,5663.5
2025-06-26 14:46:00,12,6,6,187032.32000003473,-4010.0,333022.32000003476,5662.75
2025-06-26 15:01:00,12,6,6,187041.08000003474,-4115.0,332926.08000003477,5661.0
2025-06-26 15:16:00,12,6,6,187041.08000003474,-4235.0,332806.08000003477,5659.0
2025-06-26 15:31:00,12,6,6,187041.08000003474,-4070.0,332971.08000003477,5661.75
2025-06-26 15:46:00,12,6,6,187041.08000003474,-4205.0,332836.08000003477,5659.5
2025-06-26 16:01:00,12,6,6,187041.08000003474,-4130.0,332911.08000003477,5660.75
2025-06-27 09:31:00,12,6,6,187041.08000003474,-3185.0,333856.08000003477,5676.5
2025-06-27 09:46:00,11,6,5,187055.46000003474,-2918.75,334136.7100000348,5681.25
2025-06-27 10:01:00,10,6,4,187069.84000003475,-2265.0,334804.8400000348,5693.5
2025-06-27 10:16:00,10,6,4,187069.84000003475,-2190.0,334879.8400000348,5695.0
2025-06-27 10:31:00,10,6,4,187069.84000003475,-2340.0,334729.8400000348,5692.0
2025-06-27 10:46:00,10,6,4,187069.84000003475,-2027.5,335042.3400000348,5698.25
2025-06-27 11:01:00,10,6,4,187069.84000003475,-2365.0,334704.8400000348,5691.5
2025-06-27 11:16:00,10,6,4,187069.84000003475,-2152.5,334917.3400000348,5695.75
2025-06-27 11:31:00,10,6,4,187069.84000003475,-2065.0,335004.8400000348,5697.5
2025-06-27 11:46:00,10,6,4,187069.84000003475,-1815.0,335254.8400000348,5702.5
2025-06-27 12:01:00,10,6,4,187069.84000003475,-1890.0,335179.8400000348,5701.0
2025-06-27 12:16:00,10,6,4,187069.84000003475,-1665.0,335404.8400000348,5705.5
2025-06-27 12:31:00,10,6,4,187069.84000003475,-1615.0,335454.8400000348,5706.5
2025-06-27 12:46:00,10,6,4,187069.84000003475,-1752.5,335317.3400000348,5703.75
2025-06-27 13:01:00,10,6,4,187069.84000003475,-1815.0,335254.8400000348,5702.5
2025-06-27 13:16:00,11,6,5,187069.22000003475,-1866.25,335202.9700000348,5701.5
2025-06-27 13:31:00,11,6,5,187069.22000003475,-2031.25,335037.9700000348,5698.5
2025-06-27 13:46:00,12,6,6,187068.60000003476,-2763.75,334304.8500000348,5685.75
2025-06-27 14:01:00,12,6,6,187086.12000003477,-2928.75,334157.3700000348,5683.0
2025-06-27 14:16:00,12,6,6,187086.12000003477,-3183.75,333902.3700000348,5678.75
2025-06-27 14:31:00,13,6,7,187085.50000003478,-4140.0,332945.5000000348,5663.75
2025-06-27 14:46:00,13,6,7,187103.0200000348,-4058.75,333044.2700000348,5665.0
2025-06-27 15:01:00,13,6,7,187103.0200000348,-4562.5,332540.5200000348,5657.25
2025-06-27 15:16:00,13,6,7,187103.0200000348,-3912.5,333190.5200000348,5667.25
2025-06-27 15:31:00,13,6,7,187103.0200000348,-3701.25,333401.7700000348,5670.5
2025-06-27 15:46:00,12,6,6,187112.4000000348,-3288.75,333823.65000003483,5677.0
2025-06-27 16:01:00,11,6,5,187126.7800000348,-2608.75,334518.03000003484,5688.0
