family,note,cap,total_mtm,nulld_passive_pnl,nulld_passive_net,timing_pnl,exec_residual_pnl,costs_total,q_mean,mtm_core,mtm_rec,rec_pnl,max_mtm_dd,fs2022_min_equity,alpha_vs_passive,passive_max_dd,passive_min_equity,passive_fresh22_min_equity
A-SOFT,trap_lr_hold_5d pts_0_.5_1_2 skip_top=True,20,225034.32000003487,196767.64835239097,196072.98968067105,40674.85164760903,-4773.749999966181,11851.929999998967,9.96354950831779,154832.5,82610.0,71411.62999999999,-92979.70999999609,54054.94000000009,28961.330319363828,-64700.60034864838,115688.42492271097,91115.7213123271
A-SEP,core8/rec12 grid20.0 cool1440m,20,156690.10000002407,140056.464862833,139562.0165190018,29369.785137166997,-6044.999999976833,10133.649999999096,7.091915430740325,78076.25,91350.0,79791.47,-75670.7399999958,74849.2900000001,17128.083481022273,-46052.983990061446,125577.49991200524,108086.99256178757
A-STRUCT,cap16 core8/rec8 mkt,16,179431.61000002938,171454.6527674144,170849.35783021868,22085.3472325856,-6863.749999971624,14645.889999999017,8.681797722256569,114072.5,79467.5,67411.15,-78159.31999999683,72620.16000000006,8582.252169810701,-56377.2503229492,120102.40636588784,98690.83591539532
A-NULL-C,NULL-C random TOD-matched recycle timing seed 16,16,195592.73000004108,177341.94109336592,176715.86196769826,34019.308906634076,-6893.749999960128,13271.019999998802,8.979907138090558,114533.75,96827.5,81870.77000000002,-76488.35999999422,74482.98000000013,18876.868032342813,-58313.092379832815,119075.80398948616,96929.01821109893
A-SALV,dead20d mid30 closest_be,14,157575.29000002233,136806.4877509848,136323.51296392237,35164.76224901521,-6447.499999978812,12615.959999998871,6.927349212025308,125436.25,46535.0,33845.58000000002,-57332.03999999631,93464.93999999997,21251.777036099957,-44984.335398605035,126144.21824505633,109059.57397740678
A-HARV,dead50 partial +1,14,178322.03000002448,156537.31652874412,155984.68500986905,33148.93347125588,-4868.749999976368,11132.96999999914,7.926441750933305,122147.5,67538.75,58062.24,-66512.19999999885,84284.78000000003,22337.344990155427,-51472.17259128817,122703.63327789347,103154.96704523667
A-SOFT,trap_lr_mae_2atr atr_0_.1_.25_.5 skip_top=False,20,224578.30000003497,196432.18150167112,195738.70714535506,40617.81849832888,-4809.999999966094,11986.699999998964,9.946562769880176,153892.5,83157.5,71735.73,-93129.70999999609,51462.24000000008,28839.59285467991,-64590.29305565401,115746.92232373594,91216.11242689125
A-SALV,dead5d vwap closest_be,14,157686.90000002802,138745.75305996605,138255.93198757712,34011.74694003395,-7068.749999973108,12719.349999998867,7.025546075572684,125000.0,47757.5,34761.77000000001,-59739.59999999634,91057.37999999995,19430.968012450903,-45621.99931732868,125806.05672408959,108479.23345974769
A-SALV,dead5d atr0.5 oldest,16,166818.8000000362,140757.29109941967,140260.3685936686,40553.95890058033,-6414.999999964959,12807.449999998851,7.127402549499066,123843.75,57467.5,44778.90000000002,-58007.97999999544,92788.99999999991,26558.4314063676,-46283.42775775856,125455.29256626459,107877.26475453701
A-SOFT,trap_lr_hold_5d pts_0_.5_1_2 skip_top=False,16,184027.01000002737,163773.08150265663,163194.90520074562,32005.668497343373,-4938.7499999735155,10526.739999999088,8.292832787019767,120417.5,75361.25,65454.48999999999,-74551.27999999805,76245.70000000004,20832.104799281748,-53851.41705405386,121441.88880301216,100989.60701369678
A-SALV,dead5d vwap highest,14,156876.09000002657,134727.03812955617,134251.40452751084,37330.46187044383,-7133.749999974592,12781.409999998854,6.822053959342043,126128.75,45928.75,32893.38000000002,-59993.24999999665,90803.72999999984,22624.68547251573,-44300.57645739819,126506.82455967422,109681.8657619073
A-NULL-C,NULL-C random TOD-matched recycle timing seed 1,32,316402.56000005465,283611.3334257823,282610.0861485396,50091.16657421773,-6707.499999944819,16087.440000000533,14.360976437788835,226228.75,107473.75,93040.34000000001,-137230.3899999929,13575.979999999894,33792.47385151504,-93256.30352336256,100544.96183142222,65127.06008196114
A-NULL-C,NULL-C random TOD-matched recycle timing seed 7,32,300291.42000005266,259962.15173968257,259044.39435152936,61061.598260317434,-10489.999999947147,15492.33000000022,13.163473725662767,209171.25,111852.5,94502.04,-116514.23999999347,34305.889999999956,41247.0256485233,-85480.04423654813,104668.81389619787,72204.26518554485
A-SOFT,trap_lr_hold_5d atr_0_.1_.25_.5 skip_top=False,14,178713.51000002323,157528.91777370754,156972.78555535534,30614.832226292463,-3214.99999997759,9720.23999999919,7.976652586807141,121587.5,66556.25,58843.83,-66369.72999999888,84427.25000000003,21740.724444667896,-51798.2282025271,122530.72172028638,102858.22251154738
A-HARV,free0 newest_prof +1,20,229845.87000003626,195315.75131774935,194626.21835075784,47184.24868225065,-4834.9999999648135,12602.879999998933,9.890031081346887,157127.5,85372.5,74101.57,-93055.9299999961,51242.280000000086,35219.651649278414,-64223.19153387472,115941.60106485488,91550.21301017232
A-SALV,dead20d atr1 closest_be,14,159332.16000002134,134994.14854526665,134517.5719499593,39372.10145473335,-7009.999999979831,12765.339999998858,6.83557939339283,127272.5,47093.75,34580.69000000002,-59515.74999999796,91281.22999999978,24814.58805006204,-44388.40697425685,126460.24688717916,109601.93085243017
A-CSM,minfree1 R3_deep_harv,16,185604.45000002778,166110.83980475907,165524.41039777445,32267.910195240926,-5807.499999973137,11330.549999999064,8.411207788075656,121585.0,76793.75,65953.40999999999,-74539.88999999792,76257.09000000003,20080.039602253324,-54620.11234966054,121034.239628126,100290.01430870648
A-SALV,dead20d mid30 closest_be,16,166859.51000003616,144932.8405558481,144421.176898981,36634.65944415191,-6689.999999964988,12691.739999998863,7.338836157014904,121712.5,59855.0,46942.46000000002,-61579.969999995024,89217.00999999992,22438.33310105515,-47656.42051789246,124727.17653772622,106627.6984771266
A-HARV,dead50 prof_be +1,20,221631.00000004232,191206.79477180127,190531.76785964277,45660.70522819873,-6633.749999958905,15041.499999998792,9.681969480184888,157341.25,79526.25,65652.96,-90472.16999999489,53826.040000000095,31099.232140399545,-62872.095672560914,116658.1048813925,92779.8508311917
A-HARV,free3 prof_be +1,16,176758.82000003895,153663.18462428657,153120.69979704407,40623.06537571343,-8951.249999962281,15832.429999998774,7.78090687381665,123562.5,70723.75,55527.36,-63705.73999999458,87091.2400000001,23638.120202994876,-50527.10839370941,123204.81318956886,104015.07380294982
A-NULL-C,NULL-C random TOD-matched recycle timing seed 1,16,185632.97000003082,183054.29890736614,182408.05315916328,17060.701092633855,-6972.499999970227,11404.529999998978,9.269158752192729,116635.0,83480.0,72209.16,-91395.48999999734,59430.89000000004,3224.916840867547,-60191.414263876504,118079.70531348638,95219.54984930356
A-SOFT,trap_lr_mae_2atr atr_0_.1_.25_.5 skip_top=False,16,184528.41000002727,165405.58092543736,164821.64132915298,31583.16907456264,-5622.499999973603,10649.089999999087,8.375496217504265,121821.25,75167.5,65224.70999999999,-74616.29999999807,76181.93000000002,19706.7686708743,-54388.211052494065,121157.21992081837,100501.06861943631
A-HARV,free3 prof_be +1,20,223491.490000044,187463.2532183494,186801.44231819705,52546.74678165061,-7704.999999957217,15506.009999998754,9.492411075047757,158610.0,81400.0,66766.97,-85666.37999999471,58631.8300000001,36690.04768184695,-61641.15457036978,117310.88905674731,93900.13531879998
A-STRUCT,cap24 core8/rec16 mkt,24,190704.85000003804,182236.5319293765,181593.17318484248,26100.968070623494,-9189.999999963125,17042.649999998815,9.227750208462638,114072.5,94265.0,78726.72000000002,-90387.53999999465,60391.94000000012,9111.676815195562,-59922.51836120011,118222.30432961514,95464.27310049206
A-SOFT,trap_lr_mae_2atr atr_0_.1_.25_.5 skip_top=False,14,178577.8700000235,156959.38673268555,156405.26515825666,32244.363267314446,-4334.99999997727,9884.629999999177,7.947813746828814,121821.25,67382.5,59244.29,-66439.7499999989,84358.48000000001,22172.60484176685,-51610.95656219468,122630.03432190814,103028.65919065411
A-STATIC,static core 6 + recycle 8,14,195557.55999999726,196225.22951505135,195532.48577168587,9836.020484948647,-5038.750000003434,7636.189999999346,9.93608352503583,118563.75,87497.5,77642.29,-90851.01000000039,68164.81000000003,25.07422831139411,-64522.24366903104,115783.00980399887,91278.044449544
A-SALV,dead20d pts5 closest_be,20,210384.5300000423,173777.61970612497,173164.1238825457,50698.63029387503,-5549.999999958905,13639.219999998792,8.799423746116842,157335.0,67141.25,54304.20000000002,-77994.74999999494,66303.45999999993,37220.406117496575,-57141.081962871336,119697.33645125997,97995.66964316185
A-STRUCT,cap12 core8/rec4 lmt,12,169361.4100000176,145032.7656686874,144520.749241196,33232.23433131259,-3589.9999999830325,8708.589999999342,7.343895976640922,122476.25,55788.75,48677.83,-57687.08999999988,93109.89000000001,24840.660758821614,-47689.2776203925,124709.75198628189,106597.79509493144
A-STRUCT,cap16 core10/rec6 mkt,16,207665.8800000291,188526.8094416178,187861.2438157291,31093.190558382194,-5076.2499999718275,13935.369999999095,9.546265431564924,146800.0,72820.0,62017.73999999999,-84247.60999999815,66647.43000000002,19804.636184300005,-61990.870220916055,117125.43027066554,93581.85768741423
A-SALV,dead20d vwap highest,16,160620.59000003245,145193.73891668615,144681.1541972851,30328.761083313846,-6903.749999968713,12655.659999998868,7.352047036733269,121773.75,53748.75,40719.79000000002,-65465.00999999611,85331.97000000009,15939.43580274735,-47742.20840384596,124681.68209913129,106549.62257431747
A-STATIC,static core 6 + recycle 8 + CSM R4 minfree4,14,165919.27999999764,174402.15364732183,173786.45300032943,5145.346352678171,-6905.00000000326,9854.46999999911,8.831047719340305,118563.75,60983.75,47924.330000000016,-78515.61999999979,72448.8099999997,-7867.173000331793,-57346.4395065117,119588.43265843058,97808.77291013038
A-SALV,dead20d atr1 closest_be,20,210933.2000000422,174956.90126875608,174339.24216848606,50256.848731243925,-5746.249999958993,13624.299999998793,8.859137984366408,157803.75,67410.0,54467.870000000024,-80818.52999999496,63479.6800000002,36593.95783155615,-57528.85010321968,119491.69793185755,97642.76028653407
A-CSM,minfree4 R3_deep_harv,14,175851.26000002306,156247.46300165282,155695.85476718354,29966.286998347176,-4116.249999977794,10438.739999999185,7.911764694051665,120982.5,65231.25,56155.259999999995,-66568.44999999888,84228.53000000003,20155.40523283952,-51376.863746704184,122754.17680544734,103241.70801109547
A-NULL-C,NULL-C random TOD-matched recycle timing seed 11,16,189713.66000003542,166098.51102066445,165512.125138603,38390.238979335554,-6739.999999965716,12087.589999998876,8.410583506331513,112692.5,91796.25,80063.33000000002,-77342.51999999897,85744.8900000001,24201.534861432418,-54616.058432570164,121036.3894734111,100293.70379508592
A-HARV,free3 newest_prof +1,14,173388.00000002416,162091.3066625182,161519.06761445134,23339.94333748179,-5416.249999976717,11904.499999999121,8.207674240775654,120666.25,64765.0,54841.81999999999,-73273.40999999887,84263.53000000003,11868.932385572814,-53298.42044755211,121735.15014029849,101492.89146724308
A-NULL-A,"NULL-A core only cap14 (armed add, basket +25, grid 5)",14,281759.3900000138,214584.46517467214,213826.90690328897,67650.53482532786,2860.0000000135624,6389.359999999737,10.865723915421086,282235.0,,,-93707.95999999996,61530.51000000001,67932.48309672484,-70559.07736128726,112581.59789522525,85783.89763157885
A-STRUCT,cap32 core16/rec16 lmt (RUN-3 C32),32,303771.3500000481,254760.3501644371,253860.95695659032,63302.14983556289,-4917.499999952794,15067.399999999117,12.900074696597866,221715.0,96347.5,83467.12000000001,-127501.52999999502,23295.4500000001,49910.39304345779,-83769.60205953842,105575.88376657898,73760.94554534754
A-HARV,dead50 prof_be +1 (wave1c structure sweep),20,185717.940000038,168876.84859045869,168280.65420429618,33279.401409541315,-8102.499999963184,14382.059999998824,8.551267730385907,121585.0,80571.25,66079.35,-77373.9399999947,73423.04000000012,17437.28579574183,-55529.62379883882,120551.91380419275,99462.26425145121
A-STATIC-NULL,passive static core 8 only,8,157539.78000000003,157930.6121199152,157373.06177991896,134.38788008480333,37.5,572.7200000000003,7.996992828402567,158065.0,,,-56039.84,98400.28,166.71822008106392,-51930.31223958256,122460.6758269018,102738.01229392567
A-HARV,invhigh all_prof +1,16,185418.69000002713,166361.36355733196,165774.0497138119,31067.386442668037,-5137.499999973777,11087.55999999908,8.423893337924271,121585.0,75843.75,65767.65,-74539.88999999792,76257.09000000003,19644.64028621523,-54702.488885279105,120990.55427325681,100215.04308966768
A-STRUCT,cap12 core6/rec6 mkt,12,136147.9200000196,132792.83302384056,132324.02784283305,16944.66697615944,-7334.999999981257,12655.829999999169,6.724113324835272,79766.25,69971.25,59017.67999999999,-58527.1599999982,92359.83000000002,3823.8921571865503,-43664.57642088266,126844.10370213151,110260.6919736233
A-HARV,free2 newest_prof +1,16,184792.0700000279,166025.7457743326,165439.61677906016,31625.50422566739,-5877.499999973079,11524.179999999062,8.406898956862213,121585.0,76066.25,65141.03,-74598.63999999792,76198.34000000003,19352.453220967727,-54592.1319631449,121049.07799326401,100315.47937191301
A-SALV,dead20d vwap closest_be,20,213986.62000004185,180758.6268798342,180120.48565742458,47426.37312016581,-5693.749999959371,13573.379999998802,9.152914836626834,157792.5,70392.5,57523.82000000002,-82907.96999999502,61390.23999999996,33866.13434261727,-59436.557662048726,118480.01564795981,95906.54790298053
A-SALV,dead5d pts5 closest_be,14,160760.50000002468,136498.39524948545,136016.50813679254,39040.354750514554,-6643.749999976484,12949.499999998841,6.911748604315991,127553.75,47985.0,35363.88000000002,-58109.14999999682,92687.82999999993,24743.991863232135,-44883.029264304845,126197.94221383097,109151.77310095061
A-SOFT,trap_lr_hold_5d pts_0_1_3_5 skip_top=False,20,223844.50000003394,194283.90676078622,193598.01656624925,41786.09323921378,-4731.249999967084,11737.99999999899,9.837782480449965,154641.25,81428.75,71049.10999999999,-92750.9699999961,54812.50000000009,30246.483433784684,-63883.90322677244,116121.53009424965,91859.00067401514
A-CSM,minfree4 R1_deep,16,187044.38000002806,164436.60363479194,163856.08486750704,35040.89636520806,-5476.249999972846,11108.119999999064,8.326430970810403,121585.0,77892.5,67390.84999999999,-72560.32999999716,78236.65000000005,23188.295132521016,-54069.59458808054,121326.1864015105,100791.04275543966
A-STRUCT,cap24 core12/rec12 lmt,24,264992.25000004016,227859.73765032337,227055.3130204617,49175.26234967663,-3677.499999961001,13551.49999999886,11.53793215521607,189097.5,87937.5,76584.1,-112557.48999999592,38239.49000000008,37936.93697957846,-74924.21617429133,110266.70765776085,81811.16710063774
A-HARV,free1 all_prof +1,20,229704.90000003652,195183.76501122056,194494.69800208922,47456.23498877944,-5081.2499999645515,12751.349999998927,9.883347807391383,157127.5,85512.5,73960.6,-93175.91999999608,51122.290000000066,35210.2019979473,-64179.79215729167,115964.61632220824,91589.71095875112
A-SEP,core4/rec10 grid20.0 cool120m,14,106412.38000000652,102547.91072318536,102185.88070429198,15805.839276814644,-5892.499999994296,9052.619999999184,5.1926279244603,37013.75,81340.0,70185.98999999999,-54094.920000002196,90019.55000000008,4226.499295714544,-33719.52373190559,132118.0952902568,119311.72474527734
A-NULL-B,NULL-B dumb floating recycle step10,32,370750.34000012,332374.90764843684,331201.50788585696,81440.09235156316,-21503.74999987724,30083.410000002757,16.83017444893661,144093.75,269721.25,227246.69,-153842.11999999743,-2804.3499999999476,39548.83211426303,-109290.60872429301,92041.75994845251,50534.17391201809
A-NULL-A,"NULL-A core only cap6 (armed add, basket +25, grid 5)",6,119827.67000000225,108710.47569554922,108326.68966526914,11440.77430445078,1130.0000000022847,2807.329999999999,5.504676280551894,120151.25,,,-41774.880000000005,111455.23000000001,11500.980334733118,-35745.88150330819,131043.49124590064,117467.52832222672
A-CSM,minfree3 R2_deeplimit,16,183902.61000002618,167233.84745854582,166643.45344146577,28144.902541454183,-4733.749999974709,10606.139999999104,8.468072534137391,121585.0,73793.75,64259.03999999999,-74610.05999999808,76186.92000000004,17259.15655856041,-54989.376657104,120838.41393346574,99953.9453654241
A-STRUCT,cap20 core6/rec14 lmt,20,154595.76000002777,153638.43173044705,153096.03428958385,15930.318269552954,-7553.749999973254,11466.739999998976,7.779653483407661,83248.75,86320.0,73732.36000000002,-83413.92999999574,67511.8300000001,1499.7257104439195,-50518.969214808836,123209.1295026542,104022.48130266521
A-STATIC-NULL,passive static core 2 only,2,39435.57000000001,39482.700692803905,39343.312939538395,72.29930719609547,21.25,143.18000000000006,1.9992506205609928,39555.0,,,-14009.960000000021,137137.57,92.25706046161213,-12982.593732255511,143115.1606454679,138184.48881000315
A-SEP,core4/rec10 grid10.0 cool1440m,14,109286.0100000074,111149.91469121583,110757.51658742336,10071.335308784168,-5804.9999999934225,9206.489999999176,5.6281999970233985,40813.75,80407.5,69073.32999999999,-60729.92000000217,83320.17000000007,-1471.5065874159627,-36548.011166670796,130618.11138825056,116737.50686359164
A-SOFT,trap_lr_hold_5d pts_0_1_2_3 skip_top=True,20,223850.84000003402,195532.76810427112,194842.4689920625,40092.23189572888,-4268.749999966996,11727.909999998988,9.9010199685687,153862.5,81762.5,71055.59,-92729.70999999612,54833.7600000001,29008.371007971524,-64294.55040049349,115903.75852404028,91485.2690163581
A-HARV,free3 newest_prof +1,20,229359.1200000369,193955.4066263364,193270.67615225635,48728.34337366361,-5413.749999964144,13115.879999998917,9.821148509467,158301.25,84382.5,72918.37,-93292.17999999603,51006.030000000086,36088.44384778055,-63775.88671038108,116178.8126664634,91957.30694350533
A-HARV,free3 prof_be +1 (wave1c structure sweep),12,103970.22000000044,98903.4999021543,98554.3359290837,21041.500097845696,-8415.000000000655,13777.279999998917,5.008089114610003,53620.0,66325.0,51592.40000000001,-44099.510000003065,99607.37000000011,5415.884070916742,-32521.17852621639,132753.5934351264,120402.34357532833
A-SOFT,trap_lr_mae_2atr atr_0_.1_.25_.5 skip_top=True,20,224104.4700000349,195931.5947371681,195239.88762734723,40613.40526283189,-4789.999999966123,11974.279999998966,9.921215000299672,153902.5,82642.5,71245.60999999999,-93129.70999999609,51462.24000000008,28864.58237268767,-64425.69148389605,115834.21269131801,91365.91698467897
A-HARV,invhigh all_prof +1,14,176488.68000002275,157623.53642535149,157067.07017004036,29900.213574648515,-4799.999999978085,10472.569999999187,7.981443707847407,121585.0,65938.75,56805.27,-66535.95999999889,84261.02000000002,19421.609829982393,-51829.34044895999,122514.22248884881,102829.90712993307
A-HARV,free1 prof_be +1,14,174639.4500000314,152816.81200742783,152277.315171772,36718.18799257217,-7329.999999969645,13638.049999998952,7.738049851632525,123562.5,65972.5,53400.520000000004,-64597.44999999675,86199.53000000006,22362.134828259383,-50248.80646304169,123352.40034543455,104268.35751834734
A-HARV,dead50 prof_be +1 (wave1c structure sweep),18,183218.73000003607,168142.82519618416,167549.2221695279,30874.67480381584,-7676.249999965075,14117.519999998862,8.514099636492647,121620.0,77397.5,63530.13000000001,-77552.88999999489,73244.09000000011,15669.50783050817,-55288.264232481335,120679.9099408139,99681.92657131753
A-HARV,free1 most_prof +1,14,178800.5600000244,156951.4588161092,156397.36523000075,33081.041183890804,-4763.749999976484,10891.939999999146,7.947412307923752,121775.0,68257.5,58907.06999999999,-66535.95999999889,84261.02000000002,22403.194770023634,-51608.34972633372,122631.4167610799,103031.03168253985
A-HARV,free1 partial +1,14,178800.5600000244,156951.4588161092,156397.36523000075,33081.041183890804,-4763.749999976484,10891.939999999146,7.947412307923752,121775.0,68257.5,58907.06999999999,-66535.95999999889,84261.02000000002,22403.194770023634,-51608.34972633372,122631.4167610799,103031.03168253985
A-SALV,dead20d atr1 closest_be,16,165780.77000003413,144334.51322465658,143824.9618726964,36134.23677534342,-6668.7499999670545,12696.729999998865,7.3085391847411385,121750.0,58718.75,45823.71000000002,-63466.18999999607,87330.79000000004,21955.808127337717,-47459.680160129006,124831.51052411509,106806.7526743554
A-HARV,free2 partial +1,16,184792.0700000279,166025.7457743326,165439.61677906016,31625.50422566739,-5877.499999973079,11524.179999999062,8.406898956862213,121585.0,76066.25,65141.03,-74598.63999999792,76198.34000000003,19352.453220967727,-54592.1319631449,121049.07799326401,100315.47937191301
A-NULL-C,NULL-C random TOD-matched recycle timing seed 4,16,191775.62000003317,177359.9496974526,176733.80699510907,30118.800302547403,-7787.499999967957,12013.129999998906,8.98081902385987,118363.75,89115.0,76293.42000000001,-85171.12999999564,65526.4200000001,15041.8130049241,-58319.01391980954,119072.66371934353,96923.62899355887
A-SEP,core8/rec8 grid10.0 cool0m,16,174586.7900000253,154006.78593049152,153463.08807037005,31740.71406950848,-4548.74999997564,10334.459999999117,7.7983055094875136,106702.5,79045.0,69145.32,-74506.29999999807,76170.67000000004,21123.701929655246,-50640.09043612424,123144.89733392275,103912.24838809404
A-NULL-B,NULL-B dumb floating recycle step5,14,165031.17000003275,164584.97800935377,164003.93542859235,15423.77199064623,-5706.249999967811,12686.32999999939,8.333944072883284,59760.0,120248.75,106670.48000000001,-65064.45999999976,92350.19,1027.2345714404073,-54118.382644404395,121300.31345677111,100746.64054758198
A-SOFT,trap_lr_mae_2atr atr_0_.1_.25_.5 skip_top=True,14,179675.9700000242,157279.60942317493,156724.35735056357,33319.14057682507,-4558.74999997663,9992.779999999164,7.9640285801974775,122163.75,68435.0,60064.92,-70635.38999999926,84358.48000000001,22951.612649460614,-51716.25131208572,122574.19513808814,102932.83001189033
A-HARV,free0 newest_prof +1,14,177809.8600000227,157650.45003392923,157093.88876415946,30872.049966070772,-4484.999999978085,10203.889999999188,7.982806508458977,121585.0,66937.5,58128.94,-66443.47999999888,84353.50000000003,20715.971235863224,-51838.1901081753,122509.52939875472,102821.85301920265
A-HARV,free3 prof_be +1 (wave1c structure sweep),20,189445.0100000376,169881.02487744647,169281.28539750696,35705.22512255353,-7857.499999963533,14016.239999998834,8.602115317549034,121585.0,84001.25,69808.91000000002,-76931.4399999947,73865.54000000012,20163.724602530652,-55859.81430102771,120376.80945980322,99161.75653674471
A-SALV,dead5d pts10 closest_be,20,215819.49000004213,182307.12057336175,181663.51262620688,47542.87942663825,-5477.499999959051,13650.509999998794,9.231324543242572,157011.25,72838.75,60100.43000000001,-84518.50999999495,59779.70000000007,34155.97737383525,-59945.72912619059,118209.99535719013,95443.1488891727
A-NULL-C,NULL-C random TOD-matched recycle timing seed 9,16,186093.35000003153,180746.94948768272,180108.84949055474,20153.050512317277,-7161.249999969528,11576.649999998957,9.152323538840824,113608.75,87291.25,74688.17000000001,-84968.93999999654,72524.25000000006,5984.500509476784,-59432.71793387682,118482.05190605846,95910.04245515689
A-SALV,dead20d atr0.5 highest,20,209014.41000004217,173222.91974751584,172611.38220894773,49714.58025248416,-5397.499999959022,13605.589999998794,8.77133589455109,157056.25,65881.25,53169.190000000024,-77860.99999999494,66437.20999999993,36403.02779109444,-56958.68703852326,119794.06286657546,98161.66800327992
A-SALV,dead20d pts10 oldest,20,207988.14000004216,173296.12984688202,172684.33385103798,48606.37015311798,-5391.249999959022,13600.609999998795,8.775042969650334,157056.25,64846.25,52142.92000000003,-78842.26999999495,65455.939999999944,35303.80614900417,-56982.7597833075,119781.29677498544,98139.75930065563
A-CSM,minfree3 R4_deep_harv_salv,20,220187.64000004157,183730.61850804306,183081.98511492295,50346.88149195694,-5409.999999959633,13634.85999999881,9.303404950087629,157447.5,76630.0,64101.09000000001,-84306.14999999508,59992.060000000085,37105.65488511862,-60413.799826532486,117961.77133933373,95017.15584713059
A-SALV,dead5d pts5 closest_be,20,218293.29000004224,181056.08262753027,180416.8912822152,51350.16737246973,-5556.249999958964,13659.209999998793,9.167976840434472,157011.25,75395.0,62569.25000000002,-81519.10999999492,62779.10000000009,37876.39871782705,-59534.36624803452,118428.14647482742,95817.53191233751
A-CSM,minfree3 R2_deeplimit,14,177333.91000002215,158375.71141218807,157816.5897158955,29200.538587811927,-4127.499999978667,9597.33999999921,8.019530927891035,121760.0,65816.25,57454.14,-67024.97999999914,83772.0,19517.320284126647,-52076.66857237389,122383.06114831236,102604.81280209184
A-NULL-C,NULL-C random TOD-matched recycle timing seed 7,16,198283.4600000399,172984.955149359,172374.25770911528,44290.04485064099,-10349.99999996135,12865.289999998775,8.759286291504981,114748.75,102526.25,86286.36000000002,-75746.02999999493,74834.6700000001,25909.202290924615,-56880.44016973459,119835.55820508138,98232.88079579428
A-NULL-A,"NULL-A core only cap20 (armed add, basket +25, grid 5)",20,389874.4800000207,276257.3567017973,275282.07153644506,114321.39329820272,3666.2500000202563,8564.269999999588,13.98859961778833,390578.75,,,-131469.11999999994,25800.72,114592.40846357564,-90838.18899602065,101827.31961022614,67327.79591685951
A-SOFT,UNIFORM limit offset 2.0 (score-free control),20,219300.5200000303,195444.27412565358,194754.28742816433,30908.22587434642,-356.2499999705469,9640.729999999134,9.896538977183548,162061.25,64291.25,58333.67999999999,-93507.68999999709,57241.76000000007,24546.232571865956,-64265.45205230609,115919.18975888324,91511.7515410145
A-HARV,free2 most_prof +1,14,177014.79000002425,156511.47533373127,155958.9350433196,32009.774666268728,-4978.7499999766005,11400.209999999135,7.9251332531796335,122142.5,66378.75,56721.259999999995,-66524.69999999885,84272.28000000003,21055.854956704658,-51463.6755601702,122708.13936469276,103162.70022770594
A-CSM,minfree4 R1_deep,14,177486.96000002272,156453.50939459555,155901.17374423836,31027.740605404455,-3816.249999978085,9929.289999999197,7.922198083149341,120903.75,66577.5,57862.240000000005,-66450.9999999989,84345.98000000001,21585.786255784362,-51444.615358489245,122718.2472390778,103180.04699452993
A-STRUCT,cap14 core4/rec10 lmt,14,118426.09000000975,116492.28188150955,116081.02335158848,14511.468118490448,-6122.499999991138,9978.90999999912,5.898716722906997,53620.0,77383.75,66103.04999999999,-60466.700000002194,83240.18000000008,2345.0666484212707,-38304.67374504285,129686.53023415795,115138.76112912133
A-SOFT,UNIFORM limit offset 1.0 (score-free control),16,186706.87000002677,165522.28335271476,164937.93175601363,30833.96664728524,-2997.499999974156,9316.87999999912,8.38140557517386,124656.25,71700.0,63618.97,-74690.03999999806,76105.68000000002,21768.938244013145,-54426.58482567375,121136.86980671802,100466.14449288975
A-CSM,minfree2 R1_deep,20,229679.37000003603,195295.90769489598,194606.44478283887,46952.842305104015,-4781.249999965046,12500.629999998939,9.88902627735406,157127.5,85121.25,73935.07,-93074.7999999962,51223.41000000009,35072.92521719716,-64216.66660804226,115945.06131841305,91556.15137162586
A-SEP,core6/rec10 grid10.0 cool120m,16,138326.570000018,132361.1905358566,131893.9092039161,18375.059464143415,-5861.249999982887,9970.929999999116,6.7022566256525895,66727.5,84008.75,72548.97,-67114.82000000181,83405.21000000008,6432.6607961019035,-43522.644917698985,126919.37183567393,110389.86441009192
A-NULL-A,"NULL-A core only cap12 (armed add, basket +25, grid 5)",12,242104.83000001113,191302.1204220177,190626.75697694786,50851.6295779823,2831.250000010972,5496.419999999801,9.686796400887028,242153.75,,,-82964.88,73767.94,51478.073023063276,-62903.44039233209,116641.48236630134,92751.32387464971
A-SOFT,trap_lr_mae_2atr pts_0_.5_1_2 skip_top=True,20,228910.3100000358,194992.0254096145,194303.63530838993,45949.22459038551,-4277.499999965279,12149.689999998945,9.87363885864242,158151.25,82790.0,72024.68999999999,-93334.71999999613,51255.98000000007,34606.674691645865,-64116.74486553215,115998.05112610452,91647.09055458903
A-HARV,dead50 most_prof +1,14,178322.03000002448,156537.31652874412,155984.68500986905,33148.93347125588,-4868.749999976368,11132.96999999914,7.926441750933305,122147.5,67538.75,58062.24,-66512.19999999885,84284.78000000003,22337.344990155427,-51472.17259128817,122703.63327789347,103154.96704523667
A-SOFT,trap_lr_hold_5d pts_0_.5_1_2 skip_top=True,16,184036.76000002713,164005.15179810842,163426.1562068247,32372.348201891582,-5558.749999973748,10475.739999999094,8.304583925469126,121793.75,74583.75,64589.149999999994,-74551.27999999805,76245.70000000004,20610.603793202434,-53927.725774336635,121401.4212900227,100920.15813799523
A-SOFT,trap_lr_hold_5d pts_0_1_2_3 skip_top=False,14,179349.4500000244,160841.50000633532,160273.6732132248,28448.49999366468,-3601.249999976397,9878.049999999172,8.144388885693289,121708.75,67581.25,59533.25,-70727.19999999832,80069.78000000003,19075.7767867996,-52887.462438693095,121953.08655044918,101866.90601721924
A-STATIC,static core 4 + recycle 10 + prof_be free3,14,149989.7499999858,154480.72917575904,153935.35813009113,12296.770824240957,-9571.250000015192,12380.249999999012,7.82230415473177,79062.5,87715.0,71430.05000000002,-67828.05000000066,83439.53000000012,-3945.6081301053346,-50795.93115870634,123062.25295930865,103770.41711465985
A-HARV,free0 all_prof +1,16,186075.4600000276,166260.9697600457,165674.0103417701,32511.5302399543,-5758.749999973312,11124.53999999907,8.418809785938134,121585.0,77187.5,66426.90999999999,-74581.27999999805,76215.70000000004,20401.44965825751,-54669.47767124005,121008.06055206699,100245.08672939919
A-HARV,free3 partial +1,20,229359.1200000369,193955.4066263364,193270.67615225635,48728.34337366361,-5413.749999964144,13115.879999998917,9.821148509467,158301.25,84382.5,72918.37,-93292.17999999603,51006.030000000086,36088.44384778055,-63775.88671038108,116178.8126664634,91957.30694350533
A-SEP,core8/rec8 grid10.0 cool120m,16,159754.72000002197,146243.83833566567,145727.54639775757,25414.91166433433,-5562.4999999789,9780.27999999916,7.405219992944651,92276.25,79382.5,69461.58999999998,-70384.77999999927,82592.55000000005,14027.173602264404,-48087.499224784464,124498.56985809658,106235.37199829693
A-CSM,minfree1 R4_deep_harv_salv,20,215509.53000004217,182297.04782965558,181653.47544281167,47319.20217034442,-5548.749999958993,13749.219999998793,9.230814498621713,157011.25,72605.0,59790.47000000001,-84652.25999999495,59645.95000000007,33856.0545572305,-59942.417034134734,118211.75180295142,95446.16323758064
A-SOFT,trap_lr_mae_2atr pts_0_1_2_3 skip_top=True,16,186268.000000027,171798.31762405287,171191.8094296229,26596.68237594713,-5328.749999973923,10628.249999999098,8.699199575874568,125166.25,73228.75,63445.17,-81171.90999999808,69627.57000000004,15076.190570404113,-56490.25326184402,120042.47942856501,98587.99148256856
A-HARV,dead50 prof_be +1 (wave1c structure sweep),14,137712.88000002457,130415.0856114723,129954.67471109472,24523.6643885277,-9271.249999976542,14207.11999999887,6.603713430544834,83285.0,71653.75,56751.020000000004,-57485.20000000257,93440.56000000011,7758.20528892985,-42882.732015331916,127258.72602209845,110972.25173688294
A-SALV,dead5d rollhigh closest_be,14,157584.17000002472,138133.19837547973,137645.53983553476,34591.801624520274,-7014.999999976426,12932.079999998843,6.994528685384124,126477.5,46247.5,33426.370000000024,-58730.499999996275,92066.47999999992,19938.630164489965,-45420.58076013945,125912.87162085583,108662.54530524042
A-STATIC,static core 6 + recycle 16,22,209975.84000000352,220909.90990803912,220130.02060270138,2251.340091960883,-6647.499999997322,9130.409999999172,11.18601987001907,118563.75,104597.5,92152.70000000001,-110916.68000000244,40047.75000000009,-10154.18060269786,-72638.99281053891,111478.59151341664,83890.95814878341
A-SOFT,trap_lr_mae_2atr pts_0_1_2_3 skip_top=True,14,180878.9500000236,163212.47929753823,162636.28211763446,28316.27070246177,-4368.749999977212,9899.799999999183,8.264446068613873,125166.25,66362.5,58026.240000000005,-72995.35999999894,77804.12000000002,18242.667882389127,-53667.08136913998,121539.6444290537,101157.37166787405
A-CSM,R5_harv_salv,14,156029.11000001908,134224.06027999357,133750.2023658106,37004.68972000643,-7091.249999982072,13257.139999998843,6.796585114500592,125722.5,45506.25,32651.410000000014,-56206.67999999906,94590.29999999987,22278.907634208474,-44135.188655585924,126594.53187534315,109832.38587085492
A-HARV,free3 most_prof +1,16,184662.8400000283,164893.5550829084,164311.4231170685,33008.944917091605,-6164.999999972642,11944.659999999043,8.349569217439504,121775.0,76127.5,64796.73999999999,-74691.1199999979,76105.86000000004,20351.416882959806,-54219.84811436356,121246.50499021143,100654.29641200905
A-CSM,minfree4 R2_deeplimit,14,180221.46000002365,155808.22623686827,155258.16866192129,33454.27376313173,-2766.2499999771535,9516.039999999182,7.889523450186379,121262.5,68000.0,60235.43,-65151.74999999843,85645.23000000004,24963.291338102368,-51232.43511417881,122830.76919935866,103373.15309510202
A-SALV,dead20d pts10 oldest,16,163819.76000003522,142539.09432185182,142035.88142705496,35875.90567814818,-6551.249999965919,12737.739999998857,7.217626144533291,122920.0,55495.0,42745.06000000003,-61996.19999999559,88800.77999999991,21783.878572980262,-46869.31542354019,125144.58866980925,107344.04601459258
A-STRUCT,cap24 core12/rec12 mkt,24,265043.070000043,232350.71173951364,231530.43239917673,47733.038260486355,-6254.999999958207,17763.17999999879,11.765337641091898,188830.0,91253.75,77198.80000000002,-116991.51999999554,33787.96000000008,33512.63760086629,-76400.92600008775,109483.58911199542,80467.20750127613
A-STRUCT,cap20 core6/rec14 mkt,20,152019.42000003078,151040.47412227473,150507.2483811111,18948.275877725275,-10101.249999970343,15885.579999998896,7.648103000051889,79766.25,90222.5,74953.92000000001,-78086.49999999476,72800.4900000001,1512.171618919674,-49664.71589452698,123662.15121769131,104799.94071278331
A-CSM,minfree1 R2_deeplimit,20,229955.8200000362,195326.65816089493,194637.0866889295,47313.341839105065,-4871.249999964872,12539.179999998934,9.890583361523891,157127.5,85512.5,74211.52,-92992.20999999612,51306.00000000009,35318.73331110671,-64226.777892228565,115939.69917208658,91546.94905089466
A-HARV,free0 most_prof +1,20,229845.87000003626,195315.75131774935,194626.21835075784,47184.24868225065,-4834.9999999648135,12602.879999998933,9.890031081346887,157127.5,85372.5,74101.57,-93055.9299999961,51242.280000000086,35219.651649278414,-64223.19153387472,115941.60106485488,91550.21301017232
A-CSM,minfree2 R1_deep,14,179939.30000002368,157123.7758164837,156569.0738910492,33683.724183516286,-4556.249999977183,10168.199999999173,7.956137771579654,121585.0,69222.5,60255.89,-66440.98999999891,84355.99000000002,23370.226108974486,-51665.01053143991,122601.36879463342,102979.46445409741
A-SOFT,UNIFORM limit offset 2.0 (score-free control),14,175956.8000000235,154007.03218842126,153463.3334589231,29536.71781157874,-1738.7499999772408,8336.949999999255,7.798317979032661,124833.75,58710.0,53097.92999999999,-65658.64999999845,85317.66000000003,22493.46654110041,-50640.17140998377,123144.85439242543,103912.17469345631
A-NULL-C,NULL-C random TOD-matched recycle timing seed 4,32,313916.29000005417,245828.5115028537,244960.6508118237,87366.48849714629,-8996.24999994546,15796.210000000327,12.447801076161971,224451.25,108743.75,92272.04000000001,-102285.76999999303,48493.07999999996,68955.63918823047,-80832.65928230545,107133.38295601026,76433.869073915
A-STRUCT,cap14 core4/rec10 mkt,14,116786.49000000977,114764.39325807896,114359.23477979789,16606.856741921045,-7773.749999991211,13858.509999999056,5.811223153773224,52241.25,79130.0,66034.80000000002,-58946.240000002465,84714.39000000007,2427.2552202118823,-37736.5141303518,129987.83271311961,115655.84549789484
A-CSM,minfree2 R2_deeplimit,14,178145.61000002245,157520.26697095038,156964.1652929599,31174.733029049617,-4383.749999978376,9823.139999999199,7.9762145437534215,121585.0,67110.0,58464.69,-66483.59999999899,84313.38,21181.44470706256,-51795.38366920798,122532.2302135309,102860.81133285357
A-SOFT,trap_lr_mae_2atr pts_0_1_3_5 skip_top=True,20,223806.5900000343,203621.25279458595,202902.3985002717,32819.99720541405,-5017.499999966676,11968.409999998974,10.310589419309371,155580.0,80861.25,69479.91,-99501.60999999617,51448.49000000008,20904.191499762615,-66954.1838298518,114493.32011083013,89064.7258495642
A-HARV,dead50 most_prof +1,16,185021.01000002807,165937.81580581216,165351.99723410603,32067.184194187837,-5978.749999972875,11648.989999999056,8.40244652475788,121995.0,76010.0,64922.39,-74674.8699999979,76122.11000000004,19669.01276592203,-54563.21907121601,121064.41087822603,100341.79311207664
A-STATIC,static core 4 + recycle 16,20,170620.27000000357,181427.2727656687,180786.7709892412,2232.727234331309,-6642.499999997264,8987.229999999174,9.186772467405213,79062.5,104597.5,92152.70000000001,-97739.2400000024,52958.93000000008,-10166.500989237626,-59656.419974763296,118363.41978627202,95706.45032080918
A-HARV,free1 newest_prof +1,16,185604.45000002778,166110.83980475907,165524.41039777445,32267.910195240926,-5807.499999973137,11330.549999999064,8.411207788075656,121585.0,76793.75,65953.40999999999,-74539.88999999792,76257.09000000003,20080.039602253324,-54620.11234966054,121034.239628126,100290.01430870648
A-SALV,dead20d rollhigh closest_be,14,159262.2500000227,135253.93477351888,134776.44104189487,38887.31522648112,-6843.749999978434,12785.249999998858,6.848733959036338,127207.5,46933.75,34384.52000000002,-57185.759999996255,93611.21999999997,24485.808958127833,-44473.82917181295,126414.94637792697,109524.187764114
A-CSM,minfree2 R3_deep_harv,16,185451.72000002762,166106.96322831698,165520.54750700408,31991.786771683022,-5708.749999973312,11277.029999999068,8.411011493300435,121585.0,76513.75,65800.68,-74591.17999999796,76205.80000000005,19931.172493023536,-54618.83766438987,121034.91561040637,100291.1744049392
A-CSM,R5_harv_salv,16,169978.57000003644,148550.5840262311,148026.14846862323,36064.41597376889,-6571.249999964697,12941.429999998858,7.522024635798777,122153.75,62461.25,49658.80000000002,-64579.269999994955,86217.71000000008,21952.421531413216,-48845.997038225614,124096.32854145339,105545.0600631683
A-HARV,invhigh partial +1,14,176488.68000002275,157623.53642535149,157067.07017004036,29900.213574648515,-4799.999999978085,10472.569999999187,7.981443707847407,121585.0,65938.75,56805.27,-66535.95999999889,84261.02000000002,19421.609829982393,-51829.34044895999,122514.22248884881,102829.90712993307
A-STATIC,static core 8 + recycle 8,16,234918.12999999715,235707.83488220506,234875.70372210696,9854.665117794939,-5038.7500000034925,7779.369999999345,11.935329318676121,158065.0,87497.5,77642.29,-104678.49000000037,55221.130000000034,42.42627789019025,-77504.80605656665,108898.18707198188,79462.56178650369
A-SEP,core8/rec12 grid5.0 cool120m,20,173107.31000002916,168672.1447004232,168076.67299064342,17454.105299576797,-5853.749999971798,11125.189999999027,8.540902320421454,99548.75,86577.5,75081.25,-86494.43999999581,63601.830000000075,5030.63700938574,-55462.31362519041,120587.60927014145,99523.52351337881
A-SALV,dead20d vwap highest,14,154859.17000002298,136340.97288195725,135859.64152532304,32939.02711804275,-6452.499999978172,12633.32999999887,6.9037773470197985,125725.0,43555.0,30878.03000000002,-61803.409999997355,88993.56999999992,18999.52847469994,-44831.2660716628,126225.39291229445,109198.8829924334
A-SOFT,trap_lr_mae_2atr pts_0_1_2_3 skip_top=False,20,223300.03000003414,199067.12546212738,198364.34883134215,36864.124537872616,-5058.749999966938,11877.46999999898,10.079986098468378,154475.0,81456.25,70073.53,-93122.8399999961,51448.49000000008,24935.681168691983,-65456.708127207065,115287.45107284347,90427.58455763485
A-STATIC,static core 8 + recycle 6,14,222460.04999999265,225117.94952358294,224323.20436549524,6650.800476417062,-4568.750000007829,6539.949999999491,11.399098653007554,158065.0,73703.75,65146.86,-96034.18000000005,63761.369999999995,-1863.154365502589,-74022.6688959946,110744.80997765136,82631.66893368494
A-SALV,dead5d vwap closest_be,20,216885.41000004177,184638.9448537383,183987.10475068353,46412.3051462617,-5647.499999959429,13592.089999998803,9.349399068484754,156992.5,74058.75,61270.080000000016,-85916.09999999509,58382.1100000001,32898.305249358236,-60712.473212991434,117803.38093386836,94745.33198722717
A-HARV,free3 prof_be +1 (wave1c structure sweep),12,124119.36000000662,119699.06058620136,119276.48100500913,23775.93941379864,-11081.249999994587,16280.639999998806,6.061095542057161,86967.5,56507.5,39806.8,-51751.08000000287,99152.18000000011,4842.878994997489,-39359.117954322894,129127.34467086234,114179.10717930844
A-CSM,minfree3 R1_deep,16,187069.62000002817,165598.4247158251,165013.80431346103,33957.825284174905,-5497.499999972817,11142.87999999906,8.385261078084694,121585.0,77971.25,67421.06999999999,-72442.74999999709,78354.23000000007,22055.815686567134,-54451.621420590905,121123.59257278894,100443.35858635181
A-SALV,dead20d atr0.5 oldest,16,166222.38000003656,142052.0279120712,141550.53453218492,38607.97208792879,-6378.749999964581,12766.369999998855,7.192962993205707,123326.25,57333.75,44728.86000000002,-60521.16999999498,90275.80999999994,24671.845467851643,-46709.15957786958,125229.52141066757,107489.80449904407
A-SEP,core6/rec8 grid5.0 cool1440m,14,131873.65000001393,129408.93131724253,128952.07249369987,14181.068682757468,-5696.249999986874,9177.599999999205,6.552765684777139,65655.0,77935.0,67453.06,-66592.11999999915,88873.10000000003,2921.577506314061,-42551.891110207886,127434.17528367612,111273.35138593765
A-HARV,free2 most_prof +1,16,184792.0700000279,166025.7457743326,165439.61677906016,31625.50422566739,-5877.499999973079,11524.179999999062,8.406898956862213,121585.0,76066.25,65141.03,-74598.63999999792,76198.34000000003,19352.453220967727,-54592.1319631449,121049.07799326401,100315.47937191301
A-HARV-CORE,CORE-INCLUDED free1 all_prof +1 (labelled),16,185604.45000002778,166110.83980475907,165524.41039777445,32267.910195240926,-5807.499999973137,11330.549999999064,8.411207788075656,121585.0,76793.75,65953.40999999999,-74539.88999999792,76257.09000000003,20080.039602253324,-54620.11234966054,121034.239628126,100290.01430870648
A-SALV,dead5d vwap oldest,20,207278.11000004213,176744.08244662132,176120.11397124044,44882.16755337868,-5821.24999995908,13609.389999998797,8.949633898176913,157803.75,63822.5,50820.25000000003,-83712.95999999502,60585.24999999994,31157.99602880169,-58116.5061336084,119180.0562485092,97107.93215079141
A-SOFT,trap_lr_mae_2atr pts_0_1_3_5 skip_top=True,16,186068.1500000272,170888.46606795417,170285.16996798542,27605.28393204583,-5609.999999973719,10653.099999999093,8.653128226746208,124818.75,73675.0,63752.84,-81171.90999999811,69627.57000000004,15782.980032041785,-56191.07835986867,120201.1357942718,98860.27177377674
A-STRUCT,cap14 core8/rec6 mkt,14,171592.90000002395,163311.18106453313,162734.63543284408,20975.068935466872,-6233.749999976892,13065.84999999915,8.269443942757547,114072.5,70213.75,59542.56,-70933.3199999982,79846.16000000003,8858.264567179867,-53699.536214402964,121522.4331998864,101127.83438162117
A-SEP,core8/rec8 grid20.0 cool0m,16,158714.27000002115,136700.7398296781,136218.13836979202,32830.51017032191,-4546.2499999796855,9626.979999999166,6.921994547993067,87255.0,82276.25,72113.16999999998,-67581.91999999806,82923.79000000004,22496.131630229123,-44949.563656138984,126162.65815513079,109091.21988119747
A-SOFT,trap_lr_hold_5d pts_0_1_2_3 skip_top=False,20,224006.09000003425,195346.04104310562,194656.40114278154,40526.45895689438,-4329.999999966763,11761.409999998983,9.891564835399993,153490.0,82382.5,71672.12,-92729.70999999612,54833.7600000001,29349.68885725271,-64233.15131858204,115936.31926068469,91541.14856973107
A-HARV,dead50 most_prof +1,20,228056.54000003682,194564.19594763918,193877.3162341652,46363.30405236082,-4969.999999964231,13122.209999998919,9.851975236287824,157168.75,83758.75,72238.47,-93278.42999999606,51019.780000000086,34179.22376587163,-63976.06715113929,116072.65435904326,91775.1219127961
A-SOFT,UNIFORM limit offset 1.0 (score-free control),14,179487.58000002312,157425.243185293,156869.4769745263,30812.256814707012,-2643.7499999776774,8678.669999999212,7.971402908300171,124656.25,63581.25,56372.29,-66552.33999999898,84243.38,22618.10302549682,-51764.13820771608,122548.80009065762,102889.24795403326
A-STRUCT,cap16 core6/rec10 mkt,16,146252.01000002626,145459.2049649304,144945.68305746006,16997.045035069605,-8954.999999974738,14642.989999999001,7.365489206401945,79766.25,82690.0,69166.59000000003,-72364.3799999957,78522.61000000007,1306.3269425662002,-47829.49822428846,124635.39116502157,106470.17975484068
A-SALV,dead20d pts10 closest_be,16,164872.26000003563,143454.80840543882,142948.36271940666,36073.94159456118,-6609.999999965483,12742.73999999886,7.263994349284832,122158.75,57370.0,44547.56000000003,-61996.19999999579,88800.77999999988,21923.897280628968,-47170.4180257814,124984.91001942434,107070.0113155571
A-CSM,minfree2 R4_deep_harv_salv,20,216280.76000004215,183557.1019932367,182909.08117414848,46844.14800676331,-5563.749999959051,13776.739999998796,9.294618747679559,157351.25,73050.0,60225.31000000001,-84653.55999999499,59644.65000000008,33371.67882589367,-60356.744600369246,117992.02847242841,95069.08203977624
A-HARV,free1 prof_be +1,20,228048.7300000413,192883.5967905201,192202.65018031767,50150.153209479904,-6507.499999959895,14302.519999998814,9.766876222065704,157127.5,85906.25,72291.98000000001,-89883.41999999492,54414.790000000095,35846.07981972364,-63423.45712951472,116365.7106853101,92278.05453387834
A-SALV,dead5d atr0.5 highest,14,162981.7900000303,135826.26203361386,135346.74778643448,42172.487966386136,-6881.249999970838,12964.459999998839,6.877714388688594,129133.75,48865.0,36380.15000000001,-55969.149999996094,94827.82999999996,27635.04221359582,-44662.02025725879,126315.1461825292,109352.91429428206
A-SALV,dead20d pts15 closest_be,16,162572.1800000365,144694.24839716064,144183.42705412628,32340.75160283936,-6423.749999964668,12724.069999998861,7.326754776740839,121991.25,55043.75,42341.24000000002,-62832.459999995015,87964.51999999996,18388.752945910208,-47577.9672963653,124768.7813077898,106699.09907210496
A-CSM,minfree3 R3_deep_harv,14,177454.68000002386,156372.29988441538,155820.25093205427,32403.950115584623,-4963.749999976979,10662.819999999165,7.918085948954509,121766.25,67010.0,57558.7,-66568.44999999885,84228.53000000003,21634.429067969584,-51417.91226930439,122732.40823672588,103204.34958425735
A-CSM,minfree3 R4_deep_harv_salv,14,166692.42000003415,138538.97583703834,138049.88476062295,42891.024162961665,-6832.499999966996,12920.079999998881,7.015075680082958,125772.5,55657.5,43387.03000000001,-54980.69999999509,95816.28000000009,28642.535239411198,-45554.00739602509,125842.11372974151,108541.1131829801
A-SALV,dead20d vwap oldest,16,160620.59000003245,145193.73891668615,144681.1541972851,30328.761083313846,-6903.749999968713,12655.659999998868,7.352047036733269,121773.75,53748.75,40719.79000000002,-65465.00999999611,85331.97000000009,15939.43580274735,-47742.20840384596,124681.68209913129,106549.62257431747
A-STRUCT,cap24 core8/rec16 lmt,24,197894.78000003612,180117.6174887583,179481.73925386666,32549.88251124171,-6652.499999965046,12781.46999999887,9.120456610608686,121585.0,91082.5,78298.52000000002,-89336.72999999503,61460.25000000012,18413.040746169456,-59225.782706008,118591.79236548075,96098.37504500098
A-CSM,minfree2 R4_deep_harv_salv,16,171238.35000003618,151262.40017978268,150728.39096195702,34597.59982021732,-6578.74999996493,12934.149999998865,7.659340473689863,121893.75,63966.25,51106.110000000015,-64591.84999999503,86205.13000000006,20509.959038079163,-49737.68901421409,123623.45261734948,104733.5275807071
A-SEP,core8/rec12 grid20.0 cool0m,20,165048.04000002577,146992.48627344426,146473.55134627243,30428.763726555742,-5461.249999975174,10554.45999999906,7.443128616922299,87255.0,90166.25,78484.29000000001,-79980.75999999585,70524.9500000001,18574.48865375333,-48333.667593566875,124368.02355061851,106011.33316784771
A-SOFT,trap_lr_hold_5d atr_0_.1_.25_.5 skip_top=True,16,185242.3200000265,166143.20286300758,165556.65920309955,30679.29713699242,-4877.499999974389,10381.429999999109,8.412846527654033,122893.75,73928.75,64527.47,-74546.27999999805,76250.70000000004,19685.66079692694,-54630.753882022866,121028.59628425253,100280.32940696049
A-SALV,dead20d pts10 oldest,14,158550.96000002045,134726.89514108084,134251.26204383487,38621.85485891916,-6767.499999980675,12770.289999998859,6.822046718960989,127030.0,46318.75,33852.010000000024,-59228.219999997935,91568.75999999975,24299.697956185584,-44300.529440318525,126506.84949344685,109681.9085523421
A-SEP,core6/rec8 grid20.0 cool120m,14,129918.49000001169,122021.37613296878,121590.59796503458,18977.373867031216,-5091.249999989115,9070.259999999205,6.178688581959303,60741.25,80257.5,69474.60999999999,-61421.36000000109,89084.35000000003,8327.892034977107,-40122.73540532653,128722.38834342093,113484.13584127798
A-NULL-C,NULL-C random TOD-matched recycle timing seed 15,16,180735.52000003005,176120.99427778609,175499.22552173585,19095.255722213915,-7043.749999970954,11244.479999998992,8.918083133250766,112410.0,82806.25,71520.47,-82852.4799999969,67615.70000000007,5236.294478294207,-57911.62398488447,119288.70793319301,97294.39622498193
A-HARV,free3 prof_be +1 (wave1c structure sweep),14,135207.51000000886,128594.38952375187,128140.40631784791,24106.860476248126,-9432.499999992317,14699.98999999885,6.511520451864136,83500.0,69201.25,53984.32000000001,-57540.17000000301,93385.59000000011,7067.103682160945,-42284.0557038837,127576.21190471096,111517.10947509648
A-SOFT,trap_lr_hold_5d atr_0_.1_.25_.5 skip_top=False,16,185178.78000002663,166028.79619513956,165442.65643081395,30143.703804860445,-4264.999999974272,10432.469999999106,8.407053418324681,121587.5,74585.0,65338.979999999996,-74546.27999999805,76250.70000000004,19736.12356921268,-54593.1349941775,121048.54607278112,100314.56650930367
A-SALV,dead5d pivot closest_be,14,159726.43000002613,137819.72791854732,137333.17603903692,37224.022081452684,-7222.499999975,12886.069999998848,6.978655758898529,126522.5,48521.25,35548.74000000001,-57190.50999999611,93606.46999999997,22393.253960989212,-45317.506261232105,125967.53337652354,108756.3538245825
A-STATIC-NULL,passive static core 12 only,12,236207.17000000004,236895.72752857234,236059.40269164383,110.52247142765555,45.0,859.08,11.995479588762446,237006.25,,,-84059.76000000001,72536.67000000001,147.7673083562113,-77895.40566993444,108691.04698538288,79107.0754948016
A-HARV,free3 all_prof +1,20,229359.1200000369,193955.4066263364,193270.67615225635,48728.34337366361,-5413.749999964144,13115.879999998917,9.821148509467,158301.25,84382.5,72918.37,-93292.17999999603,51006.030000000086,36088.44384778055,-63775.88671038108,116178.8126664634,91957.30694350533
A-SOFT,trap_lr_mae_2atr pts_0_.5_1_2 skip_top=True,16,184734.94000002753,165784.0237567964,165198.74812485394,31003.476243203593,-5179.999999973399,10677.55999999908,8.39465909269176,122443.75,74343.75,64556.119999999995,-74613.79999999807,76183.18000000002,19536.191875173594,-54512.64958998535,121091.22853590646,100387.81660196446
A-CSM,minfree2 R2_deeplimit,16,185941.2000000272,166298.62339188118,165711.53104310558,31447.626608118822,-4931.249999973748,10922.549999999079,8.420716419615479,121585.0,76161.25,66290.16,-74507.43999999797,76289.54000000004,20229.66895692161,-54681.85883554962,121001.49465860598,100233.81858156512
A-HARV,dead50 newest_prof +1,20,228056.54000003682,194564.19594763918,193877.3162341652,46363.30405236082,-4969.999999964231,13122.209999998919,9.851975236287824,157168.75,83758.75,72238.47,-93278.42999999606,51019.780000000086,34179.22376587163,-63976.06715113929,116072.65435904326,91775.1219127961
A-HARV-CORE,CORE-INCLUDED invhigh all_prof +1 (labelled),16,185418.69000002713,166361.36355733196,165774.0497138119,31067.386442668037,-5137.499999973777,11087.55999999908,8.423893337924271,121585.0,75843.75,65767.65,-74539.88999999792,76257.09000000003,19644.64028621523,-54702.488885279105,120990.55427325681,100215.04308966768
A-CSM,minfree2 R1_deep,16,186122.73000002746,166223.2525777768,165636.42631435645,32396.747422223212,-5587.499999973486,11019.769999999075,8.416899934313655,121585.0,77035.0,66474.18,-74471.16999999795,76325.81000000003,20486.30368567101,-54657.07561045067,121014.6375272047,100256.37389520436
A-SEP,core8/rec8 grid10.0 cool1440m,16,150347.0200000204,139873.6620409347,139379.8590550498,21693.837959065306,-5067.499999980442,9391.72999999919,7.082659005807188,79001.25,82566.25,72146.69999999998,-70384.7799999993,83107.55000000005,10967.160944970587,-45992.87526578028,125609.37635511173,108141.69775544971
A-STATIC,static core 8 + recycle 10,18,241215.08999999973,244005.94067734573,243144.51429926994,9149.05932265427,-5922.5000000009895,8359.909999999278,12.355513168040797,158065.0,95090.0,83966.64,-110339.46000000052,46229.110000000044,-1929.4242992702057,-80233.36652470156,107451.19574808622,76979.28784227394
A-SOFT,NEGATIVE CONTROL trap_lr_hold_20d pts_0_1_2_3,16,179744.75000002654,165161.0309136114,164577.95466446667,25262.71908638859,-3986.2499999743013,10296.499999999112,8.363113154686317,117543.75,72880.0,63673.69,-74573.79999999807,76230.68000000002,15166.795335559873,-54307.79878598114,121199.86359807519,100574.2521491985
A-HARV,invhigh prof_be +1,14,170642.6100000274,154801.90512275058,154255.40021357112,28575.594877249416,-5706.249999973545,12619.889999999046,7.838567257307455,121585.0,61792.5,50951.729999999996,-64597.44999999675,86199.53000000006,16387.209786456282,-50901.53935579513,123006.24755033775,103674.30266633068
A-HARV,free1 partial +1,20,229704.90000003652,195183.76501122056,194494.69800208922,47456.23498877944,-5081.2499999645515,12751.349999998927,9.883347807391383,157127.5,85512.5,73960.6,-93175.91999999608,51122.290000000066,35210.2019979473,-64179.79215729167,115964.61632220824,91589.71095875112
A-CSM,minfree3 R1_deep,14,179192.83000002342,156597.18898088418,156044.34609129638,33484.06101911582,-4604.999999977415,10119.669999999178,7.929473459377641,121687.5,68393.75,59368.130000000005,-66450.9999999989,84345.98000000001,23148.483908727037,-51491.85968736431,122693.19295320663,103137.04973928192
A-SALV,dead20d pivot closest_be,20,213546.8200000421,177152.187442806,176526.77821394277,50256.562557194,-5339.999999959138,13600.679999998798,8.970298750189556,156922.5,70486.25,57804.080000000016,-80942.939999995,63355.26999999993,37020.04178609932,-58250.6981030684,119108.89249098471,96985.80349534226
A-CSM,minfree4 R1_deep,20,228926.53000003577,194745.21935740008,194057.70056792744,46507.280642599915,-4579.999999965308,12435.969999998946,9.861141558701188,157127.5,84125.0,73182.22999999998,-93136.08999999624,51162.12000000008,34868.82943210832,-64035.59077398473,116041.08820288512,91720.94922232273
A-SALV,dead5d pts15 closest_be,14,155621.02000002505,136170.05399111926,135689.3260379951,34252.44600888074,-6763.749999976077,12801.479999998857,6.895122678200861,124912.5,45510.0,32815.98000000002,-57709.32999999629,93087.64999999994,19931.693962029938,-44775.06498911328,126255.19708185291,109250.03182551326
A-SALV,dead20d pivot closest_be,16,166581.04000003648,143089.2742558799,142584.11903334074,38288.22574412011,-6743.749999964639,12762.709999998857,7.245485119609084,122798.75,58578.75,45807.510000000024,-61098.68999999497,89698.28999999995,23996.920966695732,-47050.2240857592,125048.650438751,107179.40030766395
A-NULL-C,NULL-C random TOD-matched recycle timing seed 12,16,198097.51000004017,176171.31033349197,175549.36394415336,39556.18966650803,-9018.749999961059,12883.739999998783,8.920630942894713,119863.75,95863.75,81043.02,-78308.06999999395,72535.78000000012,22548.146055886813,-57928.16877280368,119279.93401564404,97279.33874642054
A-NULL-C,NULL-C random TOD-matched recycle timing seed 13,16,178169.6700000288,172873.58301468953,172263.2787570639,19645.16698531047,-7031.249999972235,11149.079999999007,8.753646839151315,110391.25,82127.5,70118.47,-79596.86999999746,71395.75000000006,5906.391242964892,-56843.819088802,119854.97884354621,98266.20979002095
A-SOFT,UNIFORM limit offset 0.5 (score-free control),16,188691.8700000284,162935.54239605126,162360.3229003438,36000.707603948744,-3292.499999972497,9723.129999999064,8.250423059487373,122540.0,76396.25,67944.06,-74153.65999999791,76648.32000000004,26331.547099684598,-53576.019734084955,121587.93560581273,101240.24723112141
A-STRUCT,cap16 core6/rec10 lmt,16,149838.06000002415,146330.18748715334,145813.59070651638,17636.062512846664,-7211.249999976746,10761.93999999906,7.409592378614006,83248.75,80717.5,68949.76,-73907.35999999655,77018.40000000008,4024.4692935077765,-48115.89231677726,124483.51262984316,106209.53133016257
A-SALV,dead5d pts10 highest,14,163645.60000002768,133024.17248930736,132554.55059901281,45597.077510692645,-6838.749999973486,12975.649999998837,6.735827456892581,128496.25,50125.0,37511.38000000002,-54382.86999999624,96414.10999999996,31091.04940101487,-43740.64483164705,126803.76362842445,110191.46180458856
A-HARV,free2 all_prof +2,14,180379.97000002395,157009.32942959474,156455.0315399647,34193.17057040526,-4427.4999999768625,10498.779999999158,7.950342651033343,121752.5,69450.0,60495.24,-66392.2299999989,84404.75000000003,23924.93846005926,-51627.378583294805,122621.32550920997,103013.71344267245
A-SALV,"dead5d pts10 closest_be trig={'trig': 'free', 'k': 1}",16,168611.2700000367,140880.75370405827,140383.39533209818,41952.99629594173,-6146.249999964435,12814.979999998852,7.133654216295121,122571.25,60262.5,47737.67000000002,-56814.259999994916,93982.71999999991,28227.874667938508,-46324.02439398211,125433.76363880234,107840.31759132232
A-SEP,core4/rec10 grid10.0 cool120m,14,111173.08000000793,111728.11242260336,111333.67307843707,12438.137577396643,-6759.999999992913,9428.169999999158,5.657477684542229,44132.5,80033.75,68935.88999999998,-60729.92000000217,83400.18000000008,-160.59307842914131,-36738.13256444241,130517.28752296508,116564.47660868597
A-NULL-C,NULL-C random TOD-matched recycle timing seed 18,16,188770.15000003378,179241.03458458517,178608.2509941687,26086.46541541483,-8698.749999967316,11928.599999998918,9.076069856805375,113208.75,92118.75,78864.88000000002,-86814.11999999551,63962.820000000094,10161.899005865096,-58937.547111232765,118744.64747342077,96360.69942837593
A-HARV,free1 all_prof +2,16,185692.27000002697,166503.50998941297,165915.69431923324,31180.240010587033,-5138.749999973952,10957.729999999085,8.431091081177946,121585.0,76098.75,66043.72,-74567.52999999805,76229.45000000004,19776.57568079373,-54749.22908657769,120965.7673328367,100172.50464297076
A-SOFT,NEGATIVE CONTROL trap_lr_hold_20d pts_0_1_3_5,16,183267.4700000271,164729.69823399064,164148.14474018096,28999.05176600936,-3746.2499999738066,10415.029999999106,8.341272142995917,122003.75,71725.0,63282.079999999994,-74573.79999999807,76230.68000000002,19119.32525984614,-54165.96915313689,121275.07770844352,100703.33187305843
A-SALV,dead20d rollhigh closest_be,20,209353.27000004228,174832.040554581,174214.82225633605,48641.709445418994,-5578.7499999589345,13639.229999998792,8.852815522733389,157335.0,66138.75,53275.43000000002,-79162.25999999495,65135.94999999995,35138.44774370623,-57487.793744439434,119513.47065620779,97680.12584511135
A-SEP,core8/rec8 grid20.0 cool1440m,16,150169.9300000195,128395.07947675776,127941.79990508262,32924.92052324224,-5121.249999981257,9175.069999999205,6.5014281651627455,78076.25,83243.75,73228.97,-63467.28999999931,88385.67000000004,22228.130094936874,-42218.519118962286,127610.96681334739,111576.75458673315
A-HARV,free3 partial +1,16,184662.8400000283,164893.5550829084,164311.4231170685,33008.944917091605,-6164.999999972642,11944.659999999043,8.349569217439504,121775.0,76127.5,64796.73999999999,-74691.1199999979,76105.86000000004,20351.416882959806,-54219.84811436356,121246.50499021143,100654.29641200905
A-STATIC-NULL,passive static core 6 only,6,118179.20999999996,118448.0067527615,118029.84382949788,115.74324723849713,37.5,429.54,5.997747034762276,118563.75,,,-42029.880000000005,111343.95999999999,149.3661705020786,-38947.749852046865,129345.4985589188,114553.49495696602
A-CSM,R5_harv_salv,20,215509.53000004217,182297.04782965558,181653.47544281167,47319.20217034442,-5548.749999958993,13749.219999998793,9.230814498621713,157011.25,72605.0,59790.47000000001,-84652.25999999495,59645.95000000007,33856.0545572305,-59942.417034134734,118211.75180295142,95446.16323758064
A-STRUCT,cap14 core6/rec8 mkt,14,143365.50000002375,140606.771897728,140110.38077744396,18133.228102271998,-8476.249999977153,13948.249999999061,7.119780841710387,79766.25,78973.75,66262.65,-65753.15999999686,85133.83000000005,3255.119222579786,-46233.93444524007,125481.53951759351,107922.30881891688
A-NULL-C,NULL-C random TOD-matched recycle timing seed 8,32,312758.46000005474,258480.22712522277,257567.70144966504,72272.27287477723,-7564.999999944819,15956.540000000432,13.08843481867069,221911.25,108841.25,92769.92,-118277.91999999876,37783.459999999846,55190.7585503897,-84992.76183504649,104927.22613059559,72647.74287470078
A-STATIC,recycle only 8 (no core),8,77378.34999999747,77777.22276228985,77551.67423149188,9720.27723771015,-5076.250000003158,7206.649999999347,3.938336490273554,0.0,87497.5,77642.29,-49368.570000000385,106820.85000000003,-173.3242314944073,-25574.49381698409,136437.51124508007,126724.54949257802
A-SALV,dead5d vwap closest_be,16,169445.39000003587,153432.85402195124,152891.1823423558,30858.395978048764,-6853.749999965279,12654.609999998876,7.769243826670104,121606.25,62685.0,49728.26000000002,-68104.47999999515,82692.49999999997,16554.20765768006,-50451.3717145625,123244.9773416579,104084.00206169448
A-SALV,dead5d atr0.5 highest,16,166818.8000000362,140757.29109941967,140260.3685936686,40553.95890058033,-6414.999999964959,12807.449999998851,7.127402549499066,123843.75,57467.5,44778.90000000002,-58007.97999999544,92788.99999999991,26558.4314063676,-46283.42775775856,125455.29256626459,107877.26475453701
A-SEP,core6/rec10 grid20.0 cool1440m,16,135351.5300000147,124241.73295302562,123803.11614834255,23969.517046974375,-6484.999999986176,9617.219999999143,6.291118827927115,60340.0,87871.25,76087.91,-66933.01000000216,83572.70000000007,11548.413851672143,-40852.827066475176,128335.21118107911,112819.67646051558
A-NULL-C,NULL-C random TOD-matched recycle timing seed 8,16,188049.08000003133,176987.202573694,176362.37579916712,25771.547426306002,-7218.749999969674,11470.919999998981,8.961944557184328,120190.0,82568.75,70316.65000000001,-82702.89999999784,68077.81000000003,11686.704200864217,-58196.448229324626,119137.66190897876,97035.1765253773
A-SALV,dead5d atr0.5 closest_be,14,161279.27000003087,136696.4184002016,136213.83219647416,39223.5815997984,-6503.749999970285,12955.72999999884,6.921775727587903,126902.5,49017.5,36412.63000000002,-56085.409999996074,94711.56999999995,25065.437803556706,-44948.14269550939,126163.41170914826,109092.51310322736
A-STATIC,static core 6 + recycle 8 + prof_be free3,14,179150.1399999946,179715.09698691542,179080.63979028637,16583.65301308458,-9683.750000006403,13402.359999998986,9.100074535700509,118563.75,77735.0,61185.07000000001,-70458.53999999876,80505.8900000001,69.50020970823243,-59093.427014714456,118661.9823206628,96218.83249624609
A-STRUCT,cap12 core4/rec8 mkt,12,113899.98000000918,109911.96019087656,109523.93249978179,17743.03980912344,-7294.999999991705,13163.769999999116,5.565514789081666,52241.25,75413.75,63130.86,-52910.79999999906,91325.61000000004,4376.047500227389,-36140.95035130327,130833.98106569158,117107.97456197102
A-SEP,core6/rec10 grid20.0 cool0m,16,134332.11000001244,127252.57772750183,126803.33158690248,18812.422272498166,-5284.999999988446,9785.38999999913,6.443576313817423,60255.0,85810.0,74381.68000000001,-66933.01000000216,83572.70000000007,7528.778413109962,-41842.84481632555,127810.19181234381,111918.65729262846
A-HARV,dead50 prof_be +1 (wave1c structure sweep),20,148143.02000003116,144018.90588439847,143510.468736819,20653.594115601532,-8692.499999969965,13086.979999998897,7.292558054783137,83248.75,81423.75,67244.76000000001,-70854.61999999516,80071.1400000001,4632.551263212168,-47355.90301708694,124886.54490116276,106901.20067297328
A-HARV,free1 newest_prof +2,16,185692.27000002697,166503.50998941297,165915.69431923324,31180.240010587033,-5138.749999973952,10957.729999999085,8.431091081177946,121585.0,76098.75,66043.72,-74567.52999999805,76229.45000000004,19776.57568079373,-54749.22908657769,120965.7673328367,100172.50464297076
A-NULL-C,NULL-C random TOD-matched recycle timing seed 3,16,185935.1700000335,176176.5373566455,175554.5725140856,23899.71264335449,-6204.999999967578,11866.079999998903,8.920895619046547,112570.0,87506.25,75757.19,-80357.5999999964,64081.89000000007,10380.597485947917,-57929.88750827112,119279.02254773321,97277.77451830349
A-HARV,free0 prof_be +1,14,176640.7700000265,156279.18261176234,155727.4623959668,33352.06738823766,-6186.249999974389,11570.479999999086,7.913370851915302,121585.0,68046.25,56957.36,-66024.60999999876,84772.37000000002,20913.307604059693,-51387.29370220797,122748.64566355075,103232.21566630612
A-CSM,minfree3 R3_deep_harv,20,229257.09000003623,195049.72920321216,194361.1353873986,46791.52079678784,-4768.749999964843,12674.159999998934,9.876560754640783,157127.5,84713.75,73512.79000000001,-93239.75999999617,51058.45000000007,34895.95461263764,-64135.71886923353,115987.98896363602,91629.8222368956
A-SALV,dead20d vwap oldest,20,207278.11000004213,176744.08244662132,176120.11397124044,44882.16755337868,-5821.24999995908,13609.389999998797,8.949633898176913,157803.75,63822.5,50820.25000000003,-83712.95999999502,60585.24999999994,31157.99602880169,-58116.5061336084,119180.0562485092,97107.93215079141
A-SOFT,trap_lr_hold_5d pts_0_1_3_5 skip_top=False,14,178197.76000002417,160664.68681279232,160097.48423214353,27287.813187207677,-3469.9999999766587,9807.239999999181,8.135435752277603,121107.5,66845.0,58979.09999999999,-70727.19999999832,80069.78000000003,18100.275767880637,-52829.323207637644,121983.9185455241,101919.81876711195
A-SEP,core4/rec10 grid20.0 cool0m,14,106830.10000000655,102805.6395061537,102442.69961444566,15993.110493846296,-5889.999999994281,9112.39999999918,5.205678309065319,37396.25,81402.5,70237.29,-54094.920000002196,90019.55000000008,4387.40038556089,-33804.26940592678,132073.15355028867,119234.59736377324
A-HARV,free0 all_prof +1,20,229845.87000003626,195315.75131774935,194626.21835075784,47184.24868225065,-4834.9999999648135,12602.879999998933,9.890031081346887,157127.5,85372.5,74101.57,-93055.9299999961,51242.280000000086,35219.651649278414,-64223.19153387472,115941.60106485488,91550.21301017232
A-STATIC,static core 6 + recycle 10 + prof_be free3,16,189345.3199999857,193963.36631812947,193278.60774355134,12315.383681870531,-9576.250000015309,12523.429999999013,9.821551557345629,118563.75,87715.0,71430.05000000002,-81655.53000000064,70528.35000000012,-3933.2877435656555,-63778.50399448216,116177.42468645329,91954.92494263401
A-SALV,dead5d vwap oldest,14,156876.09000002657,134727.03812955617,134251.40452751084,37330.46187044383,-7133.749999974592,12781.409999998854,6.822053959342043,126128.75,45928.75,32893.38000000002,-59993.24999999665,90803.72999999984,22624.68547251573,-44300.57645739819,126506.82455967422,109681.8657619073
A-STRUCT,cap12 core8/rec4 mkt,12,162207.79000001866,150904.15049866113,150371.40602760515,21185.849501338875,-4387.499999981985,11122.209999999313,7.641200101204437,114958.75,57131.25,49154.79000000001,-62163.30999999927,88616.17000000001,11836.383972413518,-49619.89033319423,123685.92279948125,104840.73663788482
A-SEP,core6/rec8 grid10.0 cool0m,14,143778.20000001742,127846.38503411225,127395.04254587485,26956.114965887755,-4748.749999983382,9718.04999999916,6.473644409601228,76325.0,78477.5,67879.4,-61573.85000000108,89103.12000000002,16383.157454142565,-42038.098911959794,127706.64601021215,111740.95574858907
A-SALV,dead20d pts5 closest_be,16,165393.62000003655,142634.88865651513,142131.33757418676,37226.36134348487,-6407.4999999645515,12777.629999998855,7.22247679759555,122770.0,57091.25,44478.840000000026,-60539.91999999495,90257.05999999994,23262.282425849786,-46900.81425485015,125127.88442735223,107315.37880051424
A-HARV,free0 all_prof +1,14,177809.8600000227,157650.45003392923,157093.88876415946,30872.049966070772,-4484.999999978085,10203.889999999188,7.982806508458977,121585.0,66937.5,58128.94,-66443.47999999888,84353.50000000003,20715.971235863224,-51838.1901081753,122509.52939875472,102821.85301920265
A-SOFT,UNIFORM limit offset 1.0 (score-free control),20,226709.63000003505,196427.89979121558,195734.44055083612,41667.100208784424,-3871.2499999659485,10591.619999998988,9.946345960691971,158243.75,79851.25,70401.59,-92691.18999999628,58255.15000000008,30975.189449198922,-64588.8851553243,115747.66895170545,91217.39376268927
A-STRUCT,cap14 core6/rec8 lmt,14,145368.43000002112,140800.23530484218,140303.16119101454,17814.76469515782,-6759.999999979773,10124.069999999134,7.12957707727538,83248.75,75366.25,64457.72,-68395.70999999851,82530.05000000005,5065.2688090065785,-46297.548554015346,125447.80412321599,107864.4133606148
A-HARV,dead50 newest_prof +1,16,185021.01000002807,165937.81580581216,165351.99723410603,32067.184194187837,-5978.749999972875,11648.989999999056,8.40244652475788,121995.0,76010.0,64922.39,-74674.8699999979,76122.11000000004,19669.01276592203,-54563.21907121601,121064.41087822603,100341.79311207664
A-HARV,dead50 partial +1,16,185021.01000002807,165937.81580581216,165351.99723410603,32067.184194187837,-5978.749999972875,11648.989999999056,8.40244652475788,121995.0,76010.0,64922.39,-74674.8699999979,76122.11000000004,19669.01276592203,-54563.21907121601,121064.41087822603,100341.79311207664
A-STRUCT,cap16 core10/rec6 lmt,16,217262.8200000286,180599.20267365148,179961.62427449168,46522.04732634852,-3219.999999972293,10828.42999999913,9.144842213995897,157336.25,69785.0,61283.71,-79304.00999999885,64994.20000000001,37301.195725536905,-59384.13623029148,118507.81541924019,95954.25686055067
A-SOFT,trap_lr_hold_5d pts_0_1_3_5 skip_top=True,20,224145.7100000339,194423.41584987793,193737.03313942518,41855.33415012207,-4643.749999967113,11741.789999998991,9.844846678897547,154997.5,81281.25,70819.03,-92750.9699999961,54812.50000000009,30408.676860608713,-63929.776224157395,116097.20304341373,91817.25147311584
A-STRUCT,cap14 core8/rec6 lmt,14,178479.57000002265,157726.9885872488,157170.15710959563,31343.01141275119,-4398.749999978143,9972.929999999194,7.986682123539404,121585.0,67485.0,58798.649999999994,-66384.7299999989,84412.25000000003,21309.41289042702,-51863.35730609149,122496.18290434612,102798.94825034586
A-SALV,dead5d atr1 closest_be,14,151572.53000002203,134403.99538858118,133929.50224048362,32188.504611418815,-6949.999999979162,12843.719999998852,6.805696329569273,125902.5,40690.0,27716.130000000012,-57534.30999999674,93262.66999999993,17643.02775953841,-44194.35442621392,126563.15549289901,109778.53886313547
A-STATIC,static core 6 + recycle 6,12,183099.47999999265,185635.34415642923,184979.98641507415,6632.15584357077,-4568.750000007829,6396.769999999491,9.399852859367263,118563.75,73703.75,65146.86,-82206.70000000007,76705.05000000002,-1880.5064150815015,-61040.106508458965,117629.63270966834,94447.15159672529
A-HARV,dead50 prof_be +1 (wave1c structure sweep),12,106214.64000000156,100587.39573801003,100232.28702323801,21336.354261989967,-8218.74999999952,13402.85999999893,5.093355059839738,53620.0,68303.75,53841.8,-44044.540000003064,99662.34000000011,5982.352976763548,-33074.87255273308,132459.9622468793,119898.42439699895
A-HARV,free1 all_prof +2,20,229940.8200000362,195326.65816089493,194637.0866889295,47313.341839105065,-4886.249999964872,12549.179999998934,9.890583361523891,157127.5,85512.5,74196.52,-93002.20999999612,51296.00000000009,35303.73331110671,-64226.777892228565,115939.69917208658,91546.94905089466
A-CSM,minfree1 R2_deeplimit,16,185713.51000002702,166503.62914647572,165915.81305562987,31203.870853524277,-5142.499999973923,10935.239999999085,8.431097114828823,121585.0,76122.5,66064.95999999999,-74561.27999999805,76235.70000000004,19797.696944397147,-54749.268267477426,120965.74655469283,100172.46898427511
A-NULL-A,"NULL-A core only cap24 (armed add, basket +25, grid 5)",24,448963.4700000237,312149.2195889917,311047.2235847006,140824.53041100828,920.0000000231666,9597.779999999511,15.806024157933628,452973.75,,,-156120.30999999994,3108.359999999986,137916.2464153231,-102640.05325509823,95568.6365470824,56586.87140733699
A-SALV,dead20d rollhigh closest_be,16,164988.58000003645,144082.67080058903,143574.00854053625,35558.579199410975,-6596.249999964697,12766.419999998856,7.295786862489476,122601.25,57040.0,44277.56000000003,-61364.939999995055,89432.03999999992,21414.571459500206,-47376.870022553805,124875.42582377637,106882.11851629309
A-STRUCT,cap18 core10/rec8 lmt,18,224738.17000003264,189597.55480767332,188928.20907585786,46452.445192326675,-3993.749999968364,11811.829999999018,9.60048381835171,157127.5,78922.5,68971.45999999999,-87480.55999999808,56817.65000000002,35809.96092417478,-62342.949785744975,116938.71786990404,93261.42864805594
A-HARV,free2 newest_prof +2,16,185667.27000002697,166503.49410180456,165915.67848771365,31171.505898195435,-5154.999999973952,10977.729999999085,8.431090276691162,121585.0,76090.0,66018.72,-74573.77999999805,76223.20000000004,19751.591512313316,-54749.2238624577,120965.77010325588,100172.50939746352
A-STRUCT,cap12 core6/rec6 lmt,12,139624.22000001709,132363.42274483247,131896.13353241296,18767.827255167533,-5557.499999983702,9359.529999999222,6.702369656045698,83248.75,67882.5,58683.63,-60219.16000000018,90706.6,7728.086467604124,-43523.37890655358,126918.98259177888,110389.19640385959
A-STRUCT,cap20 core10/rec10 lmt,20,229955.8200000362,195326.65816089493,194637.0866889295,47313.341839105065,-4871.249999964872,12539.179999998934,9.890583361523891,157127.5,85512.5,74211.52,-92992.20999999612,51306.00000000009,35318.73331110671,-64226.777892228565,115939.69917208658,91546.94905089466
A-HARV-CORE,CORE-INCLUDED free1 all_prof +1 (labelled),20,229704.90000003652,195183.76501122056,194494.69800208922,47456.23498877944,-5081.2499999645515,12751.349999998927,9.883347807391383,157127.5,85512.5,73960.6,-93175.91999999608,51122.290000000066,35210.2019979473,-64179.79215729167,115964.61632220824,91589.71095875112
A-STATIC,static core 8 + recycle 8 + prof_be free3,16,218510.7099999946,219197.7023540691,218423.85774070746,16602.2976459309,-9683.750000006403,13545.539999998984,11.099320329340799,158065.0,77735.0,61185.07000000001,-83635.97999999876,67562.21000000011,86.85225928714499,-72075.98940225018,111777.1595886458,84403.34983320569
A-HARV,dead50 prof_be +1 (wave1c structure sweep),12,131011.92000000866,123600.47730402,123164.1243562316,24840.772695980006,-9604.999999992491,14448.079999998889,6.2586481323638194,83881.25,64560.0,49473.81000000001,-51731.10000000289,99194.66000000009,7847.795643777063,-40641.971136574924,128447.03084009739,113011.57729717379
A-HARV,free2 most_prof +1,20,229361.3100000366,194825.17374651908,194137.37269006704,47374.82625348092,-4964.999999964435,12838.689999998924,9.865190138440108,157127.5,85072.5,73617.01000000001,-93195.91999999605,51102.290000000066,35223.937309969566,-64061.88115769261,116027.14606835239,91697.0222375231
A-SALV,dead5d pts10 highest,20,207988.14000004216,173296.12984688202,172684.33385103798,48606.37015311798,-5391.249999959022,13600.609999998795,8.775042969650334,157056.25,64846.25,52142.92000000003,-78842.26999999495,65455.939999999944,35303.80614900417,-56982.7597833075,119781.29677498544,98139.75930065563
A-HARV,invhigh partial +1,20,229677.3800000365,195217.39907813858,194528.21332897837,47176.35092186142,-4864.999999964581,12756.369999998928,9.885050905912454,157127.5,85266.25,73933.08000000002,-93195.91999999608,51006.030000000086,35149.166671058134,-64190.85161925087,115958.75134480021,91579.64569758458
A-STATIC,recycle only 16 (no core),16,91796.63000000364,102461.90315527761,102164.77077000246,2135.596844722386,-6684.999999997177,8700.869999999173,5.188272835256794,0.0,104597.5,92152.70000000001,-72101.91000000143,78703.7900000001,-10368.14076999882,-33691.24295849205,132133.09295449784,119337.46319181743
A-HARV,dead50 prof_be +1 (wave1c structure sweep),16,142007.94000002783,142187.77163797934,141685.79903522728,16270.978362020658,-8781.249999973224,13173.309999998926,7.199836528285554,83248.75,75210.0,61104.700000000004,-71387.31999999736,79538.44000000012,322.14096480055014,-46753.79445882377,125205.85094917775,107449.18211292823
A-SALV,dead5d mid30 closest_be,16,170286.8900000361,149737.6107979423,149208.9846203446,35134.889202057704,-6572.499999964988,12680.60999999887,7.582131061355391,121542.5,63330.0,50533.55000000002,-64800.57999999501,85996.40000000005,21077.90537969151,-49236.31193705535,123889.33944269983,105189.83289132148
A-HARV,dead50 prof_be +1,14,171513.6400000347,147907.15177487885,147384.98775833377,40174.09822512115,-8332.499999966501,15340.109999998831,7.489443725546116,122428.75,65652.5,50928.880000000005,-57896.66999999483,92900.31000000011,24128.65224170094,-48634.42540389061,124208.52774789958,105737.61226533423
A-HARV,free0 partial +1,14,177809.8600000227,157650.45003392923,157093.88876415946,30872.049966070772,-4484.999999978085,10203.889999999188,7.982806508458977,121585.0,66937.5,58128.94,-66443.47999999888,84353.50000000003,20715.971235863224,-51838.1901081753,122509.52939875472,102821.85301920265
A-SALV,dead5d atr0.5 closest_be,16,171717.31000003638,146902.24465790606,146383.62831522364,39390.25534209394,-6514.999999964726,12771.439999998858,7.43855913199094,122473.75,63818.75,51107.53000000001,-60306.13999999495,90490.84000000003,25333.681684812735,-48303.99459218362,124383.75953157147,106038.33868670752
A-SOFT,trap_lr_hold_5d atr_0_.1_.25_.5 skip_top=True,20,226954.2500000348,194935.21926588973,194247.02971023595,44331.030734110274,-4693.749999966269,11868.249999998969,9.870762416147336,156230.0,83036.25,72292.53,-92723.44999999611,54840.02000000008,32707.22028979886,-64098.0660246085,116007.95675988923,91664.0902434417
A-SALV,dead20d vwap closest_be,14,156245.32000002533,137574.8363231414,137089.14899668028,33381.41367685859,-6753.749999975786,12619.679999998873,6.966255399614731,124761.25,46195.0,33201.680000000015,-61147.17999999644,89649.79999999993,19156.17100334505,-45236.98167614016,126010.23661779275,108829.63957593893
A-CSM,minfree4 R3_deep_harv,16,186503.3800000283,164296.53847940735,163716.51419114685,34617.21152059265,-5423.749999972642,11345.36999999906,8.319338615325393,121585.0,77328.75,66847.35999999999,-72759.05999999715,78037.92000000007,22786.86580888144,-54023.538746496924,121350.6104170178,100832.95836358538
A-STRUCT,cap18 core8/rec10 mkt,18,183846.29000003252,176505.01365968282,175881.8891807992,22819.986340317177,-7799.999999968539,15511.209999998944,8.937528383299338,114072.5,85252.5,71843.26000000001,-84770.53999999567,66008.94000000009,7964.400819233328,-58037.89618848238,119221.74413114824,97179.47538055241
A-HARV,free2 newest_prof +1,14,177014.79000002425,156511.47533373127,155958.9350433196,32009.774666268728,-4978.7499999766005,11400.209999999135,7.9251332531796335,122142.5,66378.75,56721.259999999995,-66524.69999999885,84272.28000000003,21055.854956704658,-51463.6755601702,122708.13936469276,103162.70022770594
A-SALV,dead5d pts5 closest_be,16,170993.64000003645,145608.3181132814,145094.26978420446,39871.68188671861,-6418.749999964668,12783.859999998856,7.3730397171102675,122473.75,63006.25,50378.88000000002,-60929.87999999494,89867.09999999992,25899.370215831994,-47878.52920219046,124609.38939579019,106425.55646306982
A-SEP,core6/rec8 grid20.0 cool1440m,14,130855.6200000121,118711.19292920477,118292.10086661731,24125.05707079523,-6039.999999988679,8974.379999999215,6.011073760577493,60340.0,82496.25,71569.59,-61421.36000000109,89084.35000000003,12563.519133394788,-39034.29001127489,129299.60517996168,114474.73440719984
A-SALV,"dead5d atr0.5 closest_be trig={'trig': 'free', 'k': 1}",16,168946.68000003684,139687.1732938947,139194.02867856208,44069.07670610529,-6683.749999964348,12927.069999998843,7.073215939940234,124840.0,58916.25,46316.470000000016,-55605.42999999484,95191.54999999993,29752.651321474754,-45931.55454566813,125641.89553546841,108197.50599143142
A-SOFT,trap_lr_hold_5d pts_0_.5_1_2 skip_top=False,20,225179.63000003516,196686.81220100744,195992.43890919635,40885.687798992556,-4719.999999965919,11894.119999998962,9.959456279562374,154511.25,83061.25,72000.70999999999,-92979.70999999609,54054.94000000009,29187.19109083881,-64674.02002628261,115702.52081550827,91139.91217147477
A-NULL-C,NULL-C random TOD-matched recycle timing seed 3,32,313894.340000054,247362.68251743627,246489.40566573094,83091.06748256373,-6202.499999945634,15869.410000000405,12.525485537942211,223942.5,106511.25,91437.04000000001,-107826.23999999359,43007.65000000008,67404.93433432304,-81337.12120230153,106865.86019813303,75974.75623532767
A-SALV,dead5d vwap highest,16,160620.59000003245,145193.73891668615,144681.1541972851,30328.761083313846,-6903.749999968713,12655.659999998868,7.352047036733269,121773.75,53748.75,40719.79000000002,-65465.00999999611,85331.97000000009,15939.43580274735,-47742.20840384596,124681.68209913129,106549.62257431747
A-SALV,dead5d atr0.5 closest_be,20,219268.28000004223,181119.5139039451,180480.09862402192,52175.4860960549,-5471.249999958993,13656.719999998793,9.171188753918354,157011.25,76283.75,63544.24000000001,-80589.11999999493,63709.090000000084,38788.18137602031,-59555.22354698225,118417.08557624383,95798.54960000515
A-HARV,free1 all_prof +2,14,180699.91000002413,157218.624838449,156663.58806276767,34235.125161551,-4366.249999976688,10357.58999999916,7.960940557678283,121702.5,69751.25,60873.939999999995,-66392.22999999888,84404.75000000003,24036.321937256464,-51696.19852761214,122584.82939211771,102951.08013233807
A-HARV,free1 all_prof +1,16,185604.45000002778,166110.83980475907,165524.41039777445,32267.910195240926,-5807.499999973137,11330.549999999064,8.411207788075656,121585.0,76793.75,65953.40999999999,-74539.88999999792,76257.09000000003,20080.039602253324,-54620.11234966054,121034.239628126,100290.01430870648
A-HARV,free1 most_prof +1,20,229704.90000003652,195183.76501122056,194494.69800208922,47456.23498877944,-5081.2499999645515,12751.349999998927,9.883347807391383,157127.5,85512.5,73960.6,-93175.91999999608,51122.290000000066,35210.2019979473,-64179.79215729167,115964.61632220824,91589.71095875112
A-CSM,minfree4 R4_deep_harv_salv,20,220845.71000004094,183820.7886293436,183171.83690413376,50694.21137065641,-5272.499999960186,13499.289999998824,9.307970814828462,156992.5,77522.5,65222.91000000001,-84419.99999999517,59878.21000000008,37673.87309590718,-60443.44931937603,117946.04782526706,94990.17172348825
A-SALV,dead20d pts10 highest,20,207988.14000004216,173296.12984688202,172684.33385103798,48606.37015311798,-5391.249999959022,13600.609999998795,8.775042969650334,157056.25,64846.25,52142.92000000003,-78842.26999999495,65455.939999999944,35303.80614900417,-56982.7597833075,119781.29677498544,98139.75930065563
A-HARV,free0 prof_be +1,20,228712.56000003667,195201.69417726542,194512.56387190236,46374.555822734575,-4991.249999964406,12786.189999998924,9.884255670726777,157127.5,84448.75,72965.77,-93503.37999999605,50794.830000000075,34199.99612813431,-64185.68757666857,115961.48990416148,91584.34551367481
A-HARV,free2 all_prof +2,16,185667.27000002697,166503.49410180456,165915.67848771365,31171.505898195435,-5154.999999973952,10977.729999999085,8.431090276691162,121585.0,76090.0,66018.72,-74573.77999999805,76223.20000000004,19751.591512313316,-54749.2238624577,120965.77010325588,100172.50939746352
A-STATIC,static core 4 + recycle 10,14,162498.94999999972,165040.69816782157,164458.0467353886,9111.801832178433,-5917.50000000096,8073.549999999278,8.357019971786649,79062.5,95090.0,83966.64,-82684.5000000005,72083.97000000003,-1959.0967353888846,-54268.2313013901,121220.8467529586,100610.26267734004
A-SOFT,trap_lr_hold_5d pts_0_1_3_5 skip_top=True,16,185762.2200000279,168169.77852378285,167576.0803424459,29102.72147621715,-4659.999999972992,10612.779999999086,8.515464448321177,122540.0,74732.5,65439.619999999995,-77186.98999999696,73609.99000000005,18186.13965758201,-55297.12695199676,120675.20992467189,99673.86057435529
A-HARV,free3 prof_be +1 (wave1c structure sweep),18,183840.2300000377,164877.73102497245,164295.65492359587,35384.768975027546,-8118.749999963504,14492.269999998829,8.348767948602948,121585.0,78677.5,64189.19,-72747.09999999474,78049.88000000012,19544.575076441834,-54214.644890881464,121249.26432771655,100659.03188679504
A-SALV,dead20d pts10 closest_be,14,157549.59000001964,135235.46542878944,134758.036900417,37142.03457121056,-6812.49999998149,12749.159999998861,6.847798743150298,127030.0,45347.5,32850.640000000014,-59228.21999999788,91568.75999999975,22791.553099602635,-44467.756132357434,126418.16699022589,109529.71486194401
A-SALV,dead5d pivot closest_be,16,171832.0500000362,147583.3225972896,147062.3018110888,38997.9274027104,-6719.99999996493,12716.699999998866,7.4730462736775545,122140.0,64441.25,51646.17000000001,-61196.19999999498,89600.78000000006,24769.748188947386,-48527.94477876817,124264.99581687387,105834.52071395385
A-HARV,free1 newest_prof +2,20,229940.8200000362,195326.65816089493,194637.0866889295,47313.341839105065,-4886.249999964872,12549.179999998934,9.890583361523891,157127.5,85512.5,74196.52,-93002.20999999612,51296.00000000009,35303.73331110671,-64226.777892228565,115939.69917208658,91546.94905089466
A-SALV,dead20d pivot closest_be,14,162858.49000002572,134652.08039326937,134176.71141827,43032.91960673063,-6792.4999999754655,12786.509999998856,6.8182583906965935,127782.5,49902.5,37344.53000000002,-56694.44999999614,94102.52999999985,28681.77858175573,-44275.92905941824,126519.89539737423,109704.29745873489
A-STATIC,static core 4 + recycle 8,12,156201.98999999737,156742.59237268093,156189.23615822566,9817.407627319073,-5033.75000000326,7493.009999999345,7.936836122421972,79062.5,87497.5,77642.29,-77023.5300000004,81075.99000000002,12.753841771715088,-51539.67083325519,122667.83807685424,103093.53662156982
A-SEP,core6/rec10 grid10.0 cool0m,16,148247.83000002062,133376.33721642345,132905.47206137673,26777.412783576554,-5199.999999980268,10355.919999999089,6.7536597109398535,76325.0,83828.75,72371.44,-67085.49999999959,83591.47000000009,15342.357938643894,-43856.44267472139,126742.3545168393,110086.07371813679
A-STATIC,static core 8 + recycle 8 + CSM R4 minfree4,16,205279.84999999776,213884.75901447554,213129.67095075053,5163.990985524462,-6905.000000003143,9997.64999999911,10.830293512980596,158065.0,60983.75,47924.330000000016,-91693.05999999976,59505.12999999971,-7849.8209507527645,-70329.00189404754,112703.6099264136,85993.29024709006
A-SALV,dead20d vwap highest,20,207278.11000004213,176744.08244662132,176120.11397124044,44882.16755337868,-5821.24999995908,13609.389999998797,8.949633898176913,157803.75,63822.5,50820.25000000003,-83712.95999999502,60585.24999999994,31157.99602880169,-58116.5061336084,119180.0562485092,97107.93215079141
A-SALV,dead5d atr0.5 closest_be trig={'trig': 'always'},16,143853.44000001496,123507.92404146407,123071.89783908818,36885.825958535934,-8064.999999986292,13796.559999998773,6.253961594605434,146137.5,14256.25,1646.970000000003,-52463.28999999986,98333.6899999996,20781.54216092678,-40611.53802573719,128463.16991704132,113039.27459472974
A-CSM,minfree1 R1_deep,20,229955.8200000362,195326.65816089493,194637.0866889295,47313.341839105065,-4871.249999964872,12539.179999998934,9.890583361523891,157127.5,85512.5,74211.52,-92992.20999999612,51306.00000000009,35318.73331110671,-64226.777892228565,115939.69917208658,91546.94905089466
A-SEP,core8/rec12 grid20.0 cool120m,20,162179.72000002465,142946.3493309888,142441.6986834614,31053.6506690112,-5018.749999976222,10379.029999999078,7.238247956503009,83946.25,90053.75,78631.44,-75648.90999999587,74856.80000000008,19738.021316563245,-47003.227902582265,125073.57312971102,107222.17172450593
A-NULL-C,NULL-C random TOD-matched recycle timing seed 2,16,194655.5700000357,166239.60092678887,165652.71694797423,45202.89907321113,-8657.499999965425,12240.679999998865,8.417727751214072,115537.5,95905.0,81339.66,-65960.20999999982,88378.3000000001,29002.85305206146,-54662.45122989136,121011.7867658666,100251.48152215738
A-HARV,invhigh prof_be +1,16,183953.02000002994,164779.38672916588,164197.65781757617,32003.113270834117,-5577.499999971071,12040.729999999014,8.343788175411907,121585.0,75197.5,64296.99999999999,-73262.99999999616,77533.98000000007,19755.36218245377,-54182.30758831758,121266.41322245228,100688.46219696087
A-SOFT,trap_lr_mae_2atr pts_0_1_2_3 skip_top=False,14,179554.560000023,162858.0188110128,162283.0730006955,27034.481188987207,-4134.999999977794,9780.439999999198,8.246497566226358,124823.75,65068.75,56979.32,-72995.35999999894,77804.12000000002,17271.48699932749,-53550.52864073109,121601.45386621062,101263.4467785292
A-SALV,dead5d atr0.5 oldest,14,162981.7900000303,135826.26203361386,135346.74778643448,42172.487966386136,-6881.249999970838,12964.459999998839,6.877714388688594,129133.75,48865.0,36380.15000000001,-55969.149999996094,94827.82999999996,27635.04221359582,-44662.02025725879,126315.1461825292,109352.91429428206
A-NULL-C,NULL-C random TOD-matched recycle timing seed 9,32,308863.4800000543,259167.66805175826,258252.71546911032,69776.08194824174,-9648.749999945285,15907.770000000435,13.123244157314172,218470.0,110473.75,93597.83000000002,-113498.66999999294,37224.54999999993,50610.76453094397,-85218.80428167584,104807.35286301564,72442.02072759796
A-CSM,minfree3 R2_deeplimit,20,229288.66000003536,195496.38548110522,194806.21481229112,45176.114518894785,-3683.7499999656866,12267.589999998954,9.899177693834051,157127.5,83545.0,73544.35999999999,-93798.0399999969,50500.17000000007,34482.44518774425,-64282.58716578083,115910.10278396672,91496.1568047716
A-STATIC-NULL,passive static core 4 only,4,78823.64000000001,78965.36961039108,78686.59421603769,97.130389608923,42.5,286.3600000000001,3.9984996321484183,79062.5,,,-28019.919999999984,124255.14000000001,137.04578396232682,-25965.17701627119,136230.32683177417,126368.98712899181
A-SEP,core4/rec10 grid10.0 cool0m,14,112673.54000000819,112588.23576450581,112190.75988388038,13304.264235494193,-6926.249999992651,9550.209999999148,5.701030990037638,46245.0,79647.5,68369.56,-60729.92000000217,83343.93000000008,482.7801161278039,-37020.955970937124,130367.30256929749,116307.07787980724
A-HARV,free0 most_prof +1,16,186075.4600000276,166260.9697600457,165674.0103417701,32511.5302399543,-5758.749999973312,11124.53999999907,8.418809785938134,121585.0,77187.5,66426.90999999999,-74581.27999999805,76215.70000000004,20401.44965825751,-54669.47767124005,121008.06055206699,100245.08672939919
A-HARV,free3 newest_prof +1,16,184662.8400000283,164893.5550829084,164311.4231170685,33008.944917091605,-6164.999999972642,11944.659999999043,8.349569217439504,121775.0,76127.5,64796.73999999999,-74691.1199999979,76105.86000000004,20351.416882959806,-54219.84811436356,121246.50499021143,100654.29641200905
A-SALV,dead5d rollhigh closest_be,16,170482.29000003636,147843.13265695437,147321.1946503037,37259.367343045626,-6561.249999964784,12767.70999999886,7.486202046051237,122473.75,62628.75,49875.00000000002,-61158.64999999496,89638.3299999999,23161.09534973267,-48613.37481250428,124219.69115199288,105756.77049389857
A-HARV-CORE,CORE-INCLUDED invhigh all_prof +1 (labelled),20,229677.3800000365,195217.39907813858,194528.21332897837,47176.35092186142,-4864.999999964581,12756.369999998928,9.885050905912454,157127.5,85266.25,73933.08000000002,-93195.91999999608,51006.030000000086,35149.166671058134,-64190.85161925087,115958.75134480021,91579.64569758458
A-SALV,dead20d pts10 closest_be,20,210218.26000004227,174128.5372559841,173513.80257062492,50162.71274401591,-5533.7499999589345,13634.239999998792,8.817192847951596,157335.0,66956.25,54137.93000000002,-78842.26999999495,65455.939999999944,36704.45742941735,-57256.46971252872,119636.14481758061,97890.65478439152
A-SALV,dead5d atr1 closest_be,16,165578.34000003617,149214.71783128867,148687.93764888737,31096.532168711332,-6694.999999964959,12726.659999998865,7.555653792330586,121945.0,58366.25,45414.870000000024,-65235.539999995,85561.44000000003,16890.402351148805,-49064.37570087085,123980.51947881324,105346.31275694
A-NULL-C,NULL-C random TOD-matched recycle timing seed 14,16,185737.5700000323,175575.52501963952,174955.68196099685,23666.97498036048,-5577.4999999687425,11924.929999998905,8.890462688506338,110040.0,89202.5,77288.18000000001,-81860.31999999663,68999.71000000008,10781.88803903546,-57732.2642742343,119383.82473496384,97457.6322248082
A-HARV,free3 prof_be +1 (wave1c structure sweep),16,144542.94000003015,139426.83099934956,138934.60548344225,21926.919000650436,-8991.249999970954,13357.059999998899,7.060033217259298,83248.75,78105.0,63629.740000000005,-66581.52999999613,84344.2300000001,5608.3345165879,-45845.94950391326,125687.29300939199,108275.41548699402
A-NULL-C,NULL-C random TOD-matched recycle timing seed 19,16,177970.43000003137,177007.98356544116,176383.08342673958,17613.266434558842,-8979.999999969674,11539.569999998954,8.962996825897395,106875.0,87746.25,74395.18000000002,-78513.33999999973,72620.8500000001,1587.346573291783,-58203.28137823474,119134.03820068887,97028.95764885118
A-SEP,core6/rec10 grid20.0 cool120m,16,134414.4000000127,127551.91615678965,127101.61324675984,18821.83384321035,-5536.249999988184,9713.099999999133,6.458733649308925,60741.25,85632.5,73992.93000000001,-66933.01000000216,83572.70000000007,7312.786753252876,-41941.272460526816,127757.99434453835,111829.07789459372
A-CSM,minfree3 R3_deep_harv,16,186386.20000002842,165441.5822460024,164857.51555245515,33607.16775399761,-5633.749999972526,11441.299999999053,8.377319184556105,121585.0,77463.75,66735.16,-72653.97999999707,78143.00000000006,21528.684447573265,-54400.04890832747,121150.9421509523,100490.29493884897
A-CSM,minfree3 R4_deep_harv_salv,16,176123.7100000354,151391.08186377064,150856.61835455906,39362.66813622936,-6697.499999965687,12723.789999998884,7.66585641439436,121553.75,69200.0,56354.110000000015,-63451.94999999512,87345.03000000009,25267.09164547635,-49780.00177384511,123601.013607186,104695.01856662176
A-NULL-C,NULL-C random TOD-matched recycle timing seed 6,32,304937.3200000534,267777.33779082703,266831.990060425,53785.162209172966,-6327.499999946391,15610.180000000237,13.559204394750402,212098.75,109463.75,95044.64,-126050.26999999327,24687.300000000047,38105.32993962837,-88049.81235432246,103306.03223375409,69865.50880315699
A-HARV,free3 prof_be +1 (wave1c structure sweep),20,151486.63000003097,147096.0496486002,146576.7491064646,20582.700351399806,-8364.99999997011,12759.619999998902,7.448372664021782,83248.75,84430.0,70603.31,-73562.80999999522,77362.9500000001,4909.880893566384,-48367.72101953818,124349.96457318155,105980.34100681117
A-SEP,core8/rec12 grid10.0 cool1440m,20,156680.79000002483,150165.40848470086,149635.27203153024,19292.091515299137,-5982.499999976048,10319.209999999084,7.60379307473642,79001.25,90456.25,78517.82,-79860.05999999575,70708.71000000008,7045.517968494591,-49376.979203208175,123814.74175059944,105061.81104209999
A-HARV,free3 prof_be +1,14,161995.71000003524,150610.66665305744,150078.9582827023,30844.333346942556,-10653.74999996592,17451.789999998844,7.626339219092724,124248.75,57206.25,40285.11000000001,-64679.109999994835,92857.8300000001,11916.751717332925,-49523.38777719895,123737.0993678182,104928.56400533859
A-SOFT,trap_lr_hold_5d pts_0_1_3_5 skip_top=True,14,178911.5000000242,160868.68370425535,160300.76094317625,28167.566295744648,-3841.2499999766296,9807.249999999181,8.145765362580182,122540.0,66496.25,58564.0,-70727.19999999832,80069.78000000003,18610.73905684796,-52896.4009079478,121948.34636322901,101858.77108011201
A-SALV,dead5d mid30 closest_be,14,156089.78000002145,135081.27618956444,134604.39200317612,36203.723810435564,-7154.9999999796855,12787.719999998855,6.8399911989145865,125437.5,45847.5,32980.94000000002,-57579.389999996376,93217.58999999994,21485.387996845326,-44417.05604812768,126445.05390838585,109575.85721415075
A-NULL-C,NULL-C random TOD-matched recycle timing seed 10,32,313013.96000005264,245397.33769931662,244530.99920273348,85240.16230068338,-7391.249999947147,15678.540000000245,12.425968109339408,221257.5,109380.0,93898.76000000001,-98730.8399999931,51996.12999999986,68482.96079731916,-80690.88189066065,107208.56936218677,76562.90125284732
A-STRUCT,cap18 core10/rec8 mkt,18,215758.43000003393,196909.73917784268,196214.578875774,32375.260822157317,-5852.499999967084,15536.56999999896,9.970744435867722,146678.75,82606.25,70261.45,-91473.60999999678,59421.43000000005,19543.851124259934,-64747.32226552733,115663.64767875797,91073.19950635484
A-STATIC,static core 6 + recycle 12,18,205796.65000000154,211119.87824897017,210374.5511821169,6957.62175102983,-6127.499999999243,8615.849999999235,10.690290689231984,118563.75,99513.75,87933.67000000001,-98785.75000000163,52178.68000000005,-4577.901182115369,-69419.86135738646,113185.73905058493,86820.70273535963
A-CSM,minfree2 R3_deep_harv,14,178318.91000002407,156800.88400778823,156247.3220034577,32807.865992211766,-4871.249999976775,10788.589999999154,7.9397877844313305,121775.0,67833.75,58425.42,-66558.43999999884,84238.54000000001,22071.587996566377,-51558.83812939533,122657.67340887598,103076.09238764437
A-SALV,dead20d atr0.5 closest_be,14,159609.81000002584,134216.54544123483,133742.71405706304,40058.45455876517,-6622.49999997532,12801.439999998856,6.796204592251907,127837.5,46437.5,33978.32000000002,-57251.93999999625,93545.03999999975,25867.0959429628,-44132.7176468439,126595.84228361619,109834.63474592898
A-STATIC,static core 6 + recycle 10,16,201854.51999999973,204523.33531019196,203801.29634884876,9130.414689808036,-5922.5000000009895,8216.729999999277,10.356267374400506,118563.75,95090.0,83966.64,-96511.9800000005,59172.79000000004,-1946.776348849031,-67250.80413716592,114336.01848010323,88794.77050531423
A-SOFT,trap_lr_mae_2atr pts_0_.5_1_2 skip_top=False,20,229404.1600000359,195484.31089874447,194794.18285743246,45951.93910125553,-4264.999999965192,12165.839999998945,9.898566283878447,158195.0,83241.25,72511.06999999999,-93334.71999999613,51255.98000000007,34609.97714260343,-64278.61683461006,115912.20830254495,91499.77021926694
A-SEP,core8/rec12 grid5.0 cool1440m,20,162968.50000002602,151408.67739003972,150874.15176246158,24271.322609960276,-5889.999999974883,10452.74999999908,7.666747383507297,86793.75,88886.25,77608.58000000002,-75823.19999999576,74758.0700000001,12094.348237564438,-49785.78748670287,123597.94536794208,104689.75296589335
A-HARV,invhigh newest_prof +1,20,229677.3800000365,195217.39907813858,194528.21332897837,47176.35092186142,-4864.999999964581,12756.369999998928,9.885050905912454,157127.5,85266.25,73933.08000000002,-93195.91999999608,51006.030000000086,35149.166671058134,-64190.85161925087,115958.75134480021,91579.64569758458
A-NULL-B,NULL-B dumb floating recycle step5,16,199206.27000005438,190953.57806960982,190279.44510104152,30118.921930390177,-9128.749999941821,17366.23000000375,9.669147569826436,58991.25,162081.25,141584.21000000002,-77625.58999999973,79815.34,8926.824899012863,-62788.83364860903,116702.259822313,92855.62793675285
A-SALV,dead5d pts10 oldest,16,165062.45000003476,141232.8945997618,140734.29304718276,38355.855400238186,-6461.249999966385,12782.549999998853,7.151485263612218,123437.5,56151.25,43441.370000000024,-59694.24999999604,91102.73000000004,24328.156952852005,-46439.81440087658,125372.35868284598,107734.9366366097
A-SOFT,trap_lr_hold_5d atr_0_.1_.25_.5 skip_top=True,14,178995.83000002312,157659.8078352588,157103.21352917491,31375.192164741195,-3846.2499999776774,9676.669999999194,7.983280351174571,122893.75,66141.25,58251.1,-66369.72999999888,84427.25000000003,21892.61647084821,-51841.26711483291,122507.89762185662,102819.05262296883
A-HARV,invhigh partial +1,16,185418.69000002713,166361.36355733196,165774.0497138119,31067.386442668037,-5137.499999973777,11087.55999999908,8.423893337924271,121585.0,75843.75,65767.65,-74539.88999999792,76257.09000000003,19644.64028621523,-54702.488885279105,120990.55427325681,100215.04308966768
A-HARV,free1 newest_prof +1,14,178800.5600000244,156951.4588161092,156397.36523000075,33081.041183890804,-4763.749999976484,10891.939999999146,7.947412307923752,121775.0,68257.5,58907.06999999999,-66535.95999999889,84261.02000000002,22403.194770023634,-51608.34972633372,122631.4167610799,103031.03168253985
A-SOFT,trap_lr_mae_2atr pts_0_1_3_5 skip_top=False,16,186001.98000002728,171180.6391858674,170576.31161252534,27148.11081413261,-5499.999999973632,10665.519999999091,8.667922738698268,124625.0,73703.75,63909.159999999996,-81171.90999999811,69627.57000000004,15425.668387501937,-56287.14992596704,120150.18778551738,98772.83665197542
A-SALV,dead20d atr0.5 highest,16,166222.38000003656,142052.0279120712,141550.53453218492,38607.97208792879,-6378.749999964581,12766.369999998855,7.192962993205707,123326.25,57333.75,44728.86000000002,-60521.16999999498,90275.80999999994,24671.845467851643,-46709.15957786958,125229.52141066757,107489.80449904407
A-HARV,dead50 newest_prof +1,14,178322.03000002448,156537.31652874412,155984.68500986905,33148.93347125588,-4868.749999976368,11132.96999999914,7.926441750933305,122147.5,67538.75,58062.24,-66512.19999999885,84284.78000000003,22337.344990155427,-51472.17259128817,122703.63327789347,103154.96704523667
A-HARV,free1 most_prof +1,16,185604.45000002778,166110.83980475907,165524.41039777445,32267.910195240926,-5807.499999973137,11330.549999999064,8.411207788075656,121585.0,76793.75,65953.40999999999,-74539.88999999792,76257.09000000003,20080.039602253324,-54620.11234966054,121034.239628126,100290.01430870648
A-STRUCT,cap18 core6/rec12 mkt,18,147216.85000002722,149641.28422839864,149112.99811730787,14316.21577160136,-9348.749999973777,14916.89999999898,7.577253457985879,79766.25,84191.25,70146.37000000001,-78886.71999999555,72000.27000000008,-1896.1481172806525,-49204.63809772665,123906.13649419944,105218.6593809072
A-SOFT,trap_lr_hold_5d atr_0_.1_.25_.5 skip_top=False,20,226798.19000003499,194865.98106861592,194178.03594803342,44165.26893138408,-4591.249999966094,11895.559999998964,9.867256462744017,155628.75,83402.5,72839.01,-92723.44999999611,54840.02000000008,32620.15405200157,-64075.299309814756,116020.0302466838,91684.81032287677
A-CSM,minfree2 R2_deeplimit,20,229310.0500000355,195573.8693471228,194883.42513314055,45684.88065287721,-4231.24999996557,12371.199999998951,9.903101175878108,157127.5,84131.25,73565.74999999999,-93716.64999999676,50581.560000000056,34426.62486689494,-64308.065198834985,115896.5914496168,91472.96914359566
A-HARV,free3 most_prof +1,20,229359.1200000369,193955.4066263364,193270.67615225635,48728.34337366361,-5413.749999964144,13115.879999998917,9.821148509467,158301.25,84382.5,72918.37,-93292.17999999603,51006.030000000086,36088.44384778055,-63775.88671038108,116178.8126664634,91957.30694350533
A-HARV,free1 all_prof +1,14,178800.5600000244,156951.4588161092,156397.36523000075,33081.041183890804,-4763.749999976484,10891.939999999146,7.947412307923752,121775.0,68257.5,58907.06999999999,-66535.95999999889,84261.02000000002,22403.194770023634,-51608.34972633372,122631.4167610799,103031.03168253985
A-CSM,minfree3 R1_deep,20,229404.2400000359,195202.83014126387,194513.69582555027,46772.16985873613,-4798.749999965163,12473.259999998942,9.884313191531811,157127.5,84847.5,73659.94,-93092.31999999622,51205.89000000007,34890.544174485636,-64186.06110124587,115961.29181919,91584.00556744271
A-SALV,dead20d pts10 highest,16,163819.76000003522,142539.09432185182,142035.88142705496,35875.90567814818,-6551.249999965919,12737.739999998857,7.217626144533291,122920.0,55495.0,42745.06000000003,-61996.19999999559,88800.77999999991,21783.878572980262,-46869.31542354019,125144.58866980925,107344.04601459258
A-SALV,dead5d pts15 closest_be,20,214799.49000004213,184148.581765221,183498.47281550666,44647.668234779005,-5439.99999995908,13659.259999998796,9.324568986149552,157351.25,71445.0,58749.02000000002,-85897.29999999501,58400.91000000009,31301.017184535478,-60551.233362428844,117888.88853670692,94892.0770289257
A-STRUCT,cap20 core10/rec10 mkt,20,220173.110000037,201960.10007011105,201247.11022635445,33109.899929888954,-6788.749999964086,16401.889999998886,10.22647509691049,146678.75,88391.25,74693.56000000001,-98084.82999999565,52810.21000000008,18925.99977368256,-66407.96813106062,114782.98544401837,89561.83897151193
A-SEP,core8/rec12 grid10.0 cool0m,20,180874.27000002976,164298.33377915312,163718.30315285613,29295.416220846877,-5471.249999971245,11254.479999999012,8.31942952233195,106702.5,86891.25,75470.15,-86905.13999999588,63771.830000000075,17155.966847173637,-54024.12907205263,121350.29735965024,100832.42110590382
A-SOFT,UNIFORM limit offset 0.5 (score-free control),20,226349.41000003536,196851.94005859477,196156.98380764798,40095.55994140523,-2951.2499999656575,10799.339999998967,9.967817712948657,156395.0,80552.5,72277.59,-93632.82999999667,57347.22000000006,30192.426192387386,-64728.3169171061,115673.72646374158,91090.49635100487
A-HARV-CORE,CORE-INCLUDED invhigh all_prof +1 (labelled),14,176488.68000002275,157623.53642535149,157067.07017004036,29900.213574648515,-4799.999999978085,10472.569999999187,7.981443707847407,121585.0,65938.75,56805.27,-66535.95999999889,84261.02000000002,19421.609829982393,-51829.34044895999,122514.22248884881,102829.90712993307
A-HARV,invhigh most_prof +1,14,176488.68000002275,157623.53642535149,157067.07017004036,29900.213574648515,-4799.999999978085,10472.569999999187,7.981443707847407,121585.0,65938.75,56805.27,-66535.95999999889,84261.02000000002,19421.609829982393,-51829.34044895999,122514.22248884881,102829.90712993307
A-SEP,core6/rec10 grid5.0 cool1440m,16,136369.56000001682,134939.47134106338,134463.0877754251,14025.528658936615,-6141.249999984051,9820.439999999133,6.832810752126761,65655.0,83310.0,71971.38,-67026.73000000216,83361.45000000007,1906.4722245917073,-44370.428165408084,126469.78128479356,109618.29343925338
A-CSM,minfree1 R3_deep_harv,20,229704.90000003652,195183.76501122056,194494.69800208922,47456.23498877944,-5081.2499999645515,12751.349999998927,9.883347807391383,157127.5,85512.5,73960.6,-93175.91999999608,51122.290000000066,35210.2019979473,-64179.79215729167,115964.61632220824,91589.71095875112
A-HARV,free0 prof_be +1,16,185218.74000002834,165988.2748499934,165402.27814019955,32345.47515000659,-6079.999999972613,11407.509999999053,8.40500157478288,121585.0,76748.75,65570.19,-74723.62999999791,76073.35000000003,19816.461859828793,-54579.81087621485,121055.61202690445,100326.69284308038
A-SOFT,trap_lr_mae_2atr pts_0_1_2_3 skip_top=False,16,185357.5900000265,171861.375541671,171254.64473072017,25533.624458328995,-5288.7499999743595,10539.909999999107,8.702392583919034,124823.75,72571.25,62812.229999999996,-81171.90999999811,69627.57000000004,14102.945269306336,-56510.98779397257,120031.48363483217,98569.12090081602
A-HARV,dead50 prof_be +1,16,178776.19000003842,156202.91414778502,155651.463186363,39338.33585221498,-8354.999999962776,15170.059999998804,7.909508913110198,121995.0,73546.25,58652.67000000001,-63650.769999994634,87146.21000000011,23124.72681367543,-51362.21531433106,122761.9450608333,103255.0396087861
A-NULL-B,NULL-B dumb floating recycle step5,20,247511.3500000796,230057.30369617432,229245.120888974,45395.19630382568,-12332.499999913096,21324.900000007277,11.64920836489268,76453.75,198998.75,173162.62,-95590.24999999977,60904.92000000001,18266.22911110561,-75646.81383535458,109883.50466173544,81153.52803973522
A-CSM,minfree4 R2_deeplimit,16,184867.85000002664,166283.38717545496,165696.34861585638,29904.112824545038,-4549.999999974301,10517.1499999991,8.419944916789921,121585.0,74602.5,65219.299999999996,-74707.64999999816,76089.33000000005,19171.50138417026,-54676.848904506216,121004.15149060139,100238.37814011911
A-SALV,dead5d pts10 closest_be,16,169877.2400000363,148480.5355609304,147956.34729892353,35905.71443906959,-6453.7499999648135,12755.25999999886,7.518477653569488,122153.75,62232.5,49557.470000000016,-64426.769999994955,86370.21000000008,21920.89270111278,-48822.96389331386,124108.54331962622,105566.02262173391
A-HARV,free2 all_prof +2,20,229933.3200000362,195326.65021709076,194637.07877316972,47282.09978290924,-4862.499999964872,12554.179999998934,9.890582959280499,157127.5,85481.25,74189.02,-93005.95999999612,51292.25000000009,35296.24122686649,-64226.77528016857,115939.70055729615,91546.951428141
A-HARV,free0 partial +1,20,229845.87000003626,195315.75131774935,194626.21835075784,47184.24868225065,-4834.9999999648135,12602.879999998933,9.890031081346887,157127.5,85372.5,74101.57,-93055.9299999961,51242.280000000086,35219.651649278414,-64223.19153387472,115941.60106485488,91550.21301017232
A-STATIC,static core 4 + recycle 12,16,166441.0800000017,171637.24110659971,171031.3015686567,6939.008893400285,-6122.499999999069,8472.669999999234,8.691043286618127,79062.5,99513.75,87933.67000000001,-85608.31000000163,65089.860000000044,-4590.22156865499,-56437.288521610724,120070.5673234403,98636.19490738545
A-CSM,minfree1 R1_deep,16,185713.51000002702,166503.62914647572,165915.81305562987,31203.870853524277,-5142.499999973923,10935.239999999085,8.431097114828823,121585.0,76122.5,66064.95999999999,-74561.27999999805,76235.70000000004,19797.696944397147,-54749.268267477426,120965.74655469283,100172.46898427511
A-NULL-C,NULL-C random TOD-matched recycle timing seed 20,16,184144.5900000329,172676.06826744118,172066.46130600787,28036.43173255882,-8713.74999996816,11724.159999998914,8.74364545945648,112588.75,88123.75,74679.02000000002,-75928.67999999889,74860.88000000006,12078.128694025043,-56778.872829436354,119889.42069481513,98325.31764397596
A-HARV,free2 partial +1,14,177014.79000002425,156511.47533373127,155958.9350433196,32009.774666268728,-4978.7499999766005,11400.209999999135,7.9251332531796335,122142.5,66378.75,56721.259999999995,-66524.69999999885,84272.28000000003,21055.854956704658,-51463.6755601702,122708.13936469276,103162.70022770594
A-SEP,core4/rec10 grid5.0 cool1440m,14,111023.29000000787,113177.07024969661,112777.51557723335,10425.429750303389,-6394.999999992971,9336.709999999168,5.730847281458148,43752.5,79850.0,68296.98,-60729.92000000217,83273.92000000007,-1754.2255772254866,-37214.574917023245,130264.62390836976,116130.8644920008
A-STATIC,recycle only 12 (no core),12,87617.44000000186,92671.87149620865,92403.12952111717,6841.878503791348,-6164.999999998909,8186.309999999234,4.692543654469708,0.0,99513.75,87933.67000000001,-59970.98000000065,90834.72000000006,-4785.689521115302,-30472.11150533962,133840.24049166613,122267.20777839365
A-NULL-B,NULL-B dumb floating recycle step10,16,214417.66000006022,195104.35080078617,194415.5641516144,42849.39919921383,-10462.499999935622,18089.840000004166,9.87932658020311,79330.0,158623.75,136760.22000000003,-81833.42999999982,67575.37,20002.09584844581,-64153.679393662314,115978.46426248876,91613.47629079701
A-HARV,invhigh prof_be +1,20,228334.89000004122,192763.74067298137,192083.21719682615,50386.25932701863,-6348.749999959982,14268.859999998816,9.760807173769548,157127.5,86022.5,72578.14,-90105.90999999488,58631.8300000001,36251.67280321507,-63384.04636852248,116386.61072761807,92313.92242723718
A-HARV,free3 partial +1,14,173388.00000002416,162091.3066625182,161519.06761445134,23339.94333748179,-5416.249999976717,11904.499999999121,8.207674240775654,120666.25,64765.0,54841.81999999999,-73273.40999999887,84263.53000000003,11868.932385572814,-53298.42044755211,121735.15014029849,101492.89146724308
A-HARV,invhigh newest_prof +1,16,185418.69000002713,166361.36355733196,165774.0497138119,31067.386442668037,-5137.499999973777,11087.55999999908,8.423893337924271,121585.0,75843.75,65767.65,-74539.88999999792,76257.09000000003,19644.64028621523,-54702.488885279105,120990.55427325681,100215.04308966768
A-SOFT,trap_lr_mae_2atr pts_0_1_3_5 skip_top=False,20,223906.65000003437,203682.80138940903,202963.72980701167,32698.448610590975,-4848.749999966647,11977.099999998974,10.313706001109388,155490.0,80891.25,69642.48,-99501.60999999617,51448.49000000008,20942.9201930227,-66974.422070584,114482.5875069196,89046.30694462353
A-CSM,minfree1 R2_deeplimit,14,178479.57000002265,157726.9885872488,157170.15710959563,31343.01141275119,-4398.749999978143,9972.929999999194,7.986682123539404,121585.0,67485.0,58798.649999999994,-66384.7299999989,84412.25000000003,21309.41289042702,-51863.35730609149,122496.18290434612,102798.94825034586
A-STRUCT,cap16 core8/rec8 lmt,16,185713.51000002702,166503.62914647572,165915.81305562987,31203.870853524277,-5142.499999973923,10935.239999999085,8.431097114828823,121585.0,76122.5,66064.95999999999,-74561.27999999805,76235.70000000004,19797.696944397147,-54749.268267477426,120965.74655469283,100172.46898427511
A-STRUCT,cap24 core10/rec14 mkt,24,225993.08000004163,207541.4645531056,206808.7705391228,35136.03544689441,-7949.999999959604,17659.41999999878,10.509093717481136,146678.75,95998.75,80533.45000000001,-103806.94999999474,47088.09000000011,19184.309460918827,-68243.21714601887,113809.72887417304,87891.57140249797
A-NULL-C,NULL-C random TOD-matched recycle timing seed 17,16,185928.61000003194,177489.8626710892,176863.26133047635,25652.637328910787,-9553.749999969092,11605.13999999895,8.987397312290105,111978.75,91163.75,77369.86000000002,-84651.46999999657,65891.09000000005,9065.348669555591,-58361.731548737676,119050.01000169344,96884.75150628487
A-NULL-A,"NULL-A core only cap10 (armed add, basket +25, grid 5)",10,199906.1300000081,166630.55524973883,166042.2910653215,33526.94475026117,2121.2500000079744,4585.119999999873,8.437524159743722,200157.5,,,-69624.79999999999,86171.62,33863.83893468659,-54791.003761852626,120943.61367584896,100134.48534163937
A-HARV,free2 prof_be +1,16,180541.49000003637,159715.41015652497,159151.55885474067,36883.33984347503,-7917.499999964784,14443.509999998852,8.087368069195517,121585.0,75013.75,60870.530000000006,-68026.66999999492,82770.31000000011,21389.931145295704,-52517.18465197692,122149.44970643069,102203.8973320966
A-HARV,free2 all_prof +1,16,184792.0700000279,166025.7457743326,165439.61677906016,31625.50422566739,-5877.499999973079,11524.179999999062,8.406898956862213,121585.0,76066.25,65141.03,-74598.63999999792,76198.34000000003,19352.453220967727,-54592.1319631449,121049.07799326401,100315.47937191301
A-SEP,core6/rec8 grid10.0 cool1440m,14,133126.1100000121,123660.19882388055,123223.63503822318,21001.05117611945,-5527.499999988708,9125.139999999205,6.26167219818371,64356.25,80305.0,69074.46999999999,-61636.93000000113,88883.10000000003,9902.474961788917,-40661.6086035115,128436.61683439277,112993.70515890024
A-SALV,dead20d pts15 closest_be,14,159246.92000002187,136466.27844916668,135984.5047200205,37661.22155083332,-6883.749999979249,12718.079999998863,6.910122334282762,126285.0,47842.5,35279.230000000025,-59125.779999997,91671.19999999987,23262.415280001384,-44872.46870580196,126203.54261620712,109161.3843080589
A-SALV,dead5d vwap oldest,16,160620.59000003245,145193.73891668615,144681.1541972851,30328.761083313846,-6903.749999968713,12655.659999998868,7.352047036733269,121773.75,53748.75,40719.79000000002,-65465.00999999611,85331.97000000009,15939.43580274735,-47742.20840384596,124681.68209913129,106549.62257431747
A-STATIC,static core 4 + recycle 10 + CSM R4 minfree4,14,139572.0399999906,147945.27409116123,147422.97548949602,5488.4759088387655,-7151.250000010303,9724.209999999097,7.49137409158358,79062.5,74371.25,60982.46000000002,-73088.10000000126,77610.06999999995,-7850.935489505413,-48646.960679738986,124201.8801270727,105726.20385996379
A-HARV,free1 newest_prof +1,20,229704.90000003652,195183.76501122056,194494.69800208922,47456.23498877944,-5081.2499999645515,12751.349999998927,9.883347807391383,157127.5,85512.5,73960.6,-93175.91999999608,51122.290000000066,35210.2019979473,-64179.79215729167,115964.61632220824,91589.71095875112
A-NULL-A,"NULL-A core only cap32 (armed add, basket +25, grid 5)",32,531306.5000000293,369058.60099295794,367755.6949527666,171641.39900704206,-3486.2499999712454,11505.999999999389,18.687694208137625,540700.0,,,-204025.1899999999,-26889.809999999998,163550.80504726275,-121352.84051020973,85645.0005784944,39556.28786073286
A-SOFT,trap_lr_hold_5d pts_0_1_3_5 skip_top=False,16,185137.2200000279,167965.5592058026,167372.58199013938,28349.440794197406,-4327.499999972992,10611.529999999086,8.505123575203626,121107.5,75207.5,65943.45999999999,-77186.98999999696,73609.99000000005,17764.638009888527,-55229.97611400703,120710.82089283553,99734.97482425382
A-SEP,core6/rec10 grid5.0 cool120m,16,142715.10000002116,143711.05169702464,143203.70138248237,11711.448302975361,-6011.249999979744,10274.899999999096,7.276969514375575,73205.0,82217.5,70829.84999999999,-73635.44999999908,83383.97000000009,-488.60138246120187,-47254.67524458608,124940.22731364968,106993.32847912575
A-SEP,core6/rec10 grid10.0 cool1440m,16,137622.02000001527,129190.7388477014,128734.65031994841,20845.511152298597,-5972.499999985623,9767.979999999132,6.541717265533332,64356.25,85680.0,73592.79000000001,-67148.5800000022,83371.45000000007,8887.369680066855,-42480.145658711815,127472.22283551021,111338.64721221599
A-HARV,dead50 all_prof +1,14,178322.03000002448,156537.31652874412,155984.68500986905,33148.93347125588,-4868.749999976368,11132.96999999914,7.926441750933305,122147.5,67538.75,58062.24,-66512.19999999885,84284.78000000003,22337.344990155427,-51472.17259128817,122703.63327789347,103154.96704523667
A-NULL-A,"NULL-A core only cap8 (armed add, basket +25, grid 5)",8,158200.320000005,139222.57196234842,138731.0675523369,18549.92803765158,2340.0000000049477,3675.9299999999366,7.049690332924788,157772.5,,,-55699.84,98744.04999999999,19469.252447668114,-45778.78560562365,125722.91090360357,108336.5416231245
A-CSM,minfree4 R4_deep_harv_salv,14,165087.28000003286,138267.5757670681,137779.44282789575,40254.924232931895,-5699.9999999681895,12621.469999998912,7.001333034600575,125190.0,53332.5,41793.09000000001,-55049.52999999517,95747.4500000001,27307.837172137108,-45464.76636677672,125889.43941541566,108622.33180550166
A-HARV,free0 partial +1,16,186075.4600000276,166260.9697600457,165674.0103417701,32511.5302399543,-5758.749999973312,11124.53999999907,8.418809785938134,121585.0,77187.5,66426.90999999999,-74581.27999999805,76215.70000000004,20401.44965825751,-54669.47767124005,121008.06055206699,100245.08672939919
A-SALV,dead20d atr0.5 oldest,20,209014.41000004217,173222.91974751584,172611.38220894773,49714.58025248416,-5397.499999959022,13605.589999998794,8.77133589455109,157056.25,65881.25,53169.190000000024,-77860.99999999494,66437.20999999993,36403.02779109444,-56958.68703852326,119794.06286657546,98161.66800327992
A-NULL-A,"NULL-A core only cap16 (armed add, basket +25, grid 5)",16,312006.8400000159,236704.1706344625,235868.52206041935,75972.0793655375,3015.000000015658,7105.6599999996915,11.985779891611495,312676.25,,,-106425.42999999993,49501.82999999999,76138.31793959657,-77832.4184555544,108724.44992945858,79164.40041397279
A-NULL-C,NULL-C random TOD-matched recycle timing seed 2,32,313543.3900000533,250515.4354098679,249631.02823691894,83397.0645901321,-10182.499999946565,15621.610000000122,12.685128699784437,222115.0,111797.5,94506.98000000001,-110295.52999999886,51640.72999999995,63912.36176313434,-82373.80079165124,106316.09544526534,75031.26993813491
A-SALV,dead5d atr0.5 highest,20,209014.41000004217,173222.91974751584,172611.38220894773,49714.58025248416,-5397.499999959022,13605.589999998794,8.77133589455109,157056.25,65881.25,53169.190000000024,-77860.99999999494,66437.20999999993,36403.02779109444,-56958.68703852326,119794.06286657546,98161.66800327992
A-SOFT,UNIFORM limit offset 0.5 (score-free control),14,181806.18000002444,154920.14864803985,154373.22629782825,36131.101351960155,-2856.249999976426,9055.06999999916,7.844554650195068,122540.0,68511.25,61033.47,-66202.24999999892,84599.73000000001,27432.953702196188,-50940.41986861112,122985.62870557673,103638.91735398668
A-HARV,free2 all_prof +1,14,177014.79000002425,156511.47533373127,155958.9350433196,32009.774666268728,-4978.7499999766005,11400.209999999135,7.9251332531796335,122142.5,66378.75,56721.259999999995,-66524.69999999885,84272.28000000003,21055.854956704658,-51463.6755601702,122708.13936469276,103162.70022770594
A-SOFT,trap_lr_hold_5d pts_0_.5_1_2 skip_top=True,14,178278.70000002347,155535.89674180842,154986.80058530034,33282.85325819158,-4307.499999977328,9721.299999999184,7.875733742227149,121793.75,67025.0,58801.21,-66374.72999999888,84422.25000000003,23291.899414723128,-51142.888473912724,122878.25695455495,103454.64985544982
A-HARV,free2 prof_be +1,20,226840.14000004146,192268.55569532397,191589.7803954656,49513.94430467603,-6444.999999959749,14436.109999998811,9.735732929695498,157127.5,84655.0,71083.39000000001,-90105.90999999488,54192.300000000105,35250.359604575846,-63221.22099755157,116472.95915267833,92462.11045748752
A-CSM,minfree4 R4_deep_harv_salv,16,174722.7900000349,151619.18820093427,151083.91939651023,36955.811799065734,-6033.749999966181,12567.209999998904,7.677406833391189,121623.75,66951.25,54898.17000000001,-64754.64999999531,86042.33000000007,23638.870603524672,-49855.00707619736,123561.23731378242,104626.7559368631
A-SOFT,trap_lr_hold_5d pts_0_1_2_3 skip_top=True,16,187794.87000002794,168743.0193213591,168147.29739935973,30786.980678640888,-4866.249999972992,10641.379999999082,8.544491135963495,124153.75,75376.25,65844.79,-77165.72999999701,73631.25000000006,19647.57260066821,-55485.61842434015,120575.25043017115,99502.3137211898
A-NULL-C,NULL-C random TOD-matched recycle timing seed 6,16,189923.35000003595,178915.41805105435,178283.78400097424,25634.581948945648,-6451.249999965192,12222.899999998861,9.059581900173649,111466.25,93083.75,80597.70000000001,-81858.66999999448,69031.41000000012,11639.565999061713,-58830.47877261462,118801.42721455301,96458.14275743072
A-HARV,free3 all_prof +1,14,173388.00000002416,162091.3066625182,161519.06761445134,23339.94333748179,-5416.249999976717,11904.499999999121,8.207674240775654,120666.25,64765.0,54841.81999999999,-73273.40999999887,84263.53000000003,11868.932385572814,-53298.42044755211,121735.15014029849,101492.89146724308
A-SALV,dead5d mid30 closest_be,20,216035.58000004198,183447.1756309288,182799.54289037618,46820.3243690712,-5696.2499999592255,13618.1699999988,9.289052503623207,156992.5,73275.0,60412.78000000001,-85448.539999995,58849.6700000001,33236.037109665805,-60320.598914353235,118011.19700274774,95101.97837516197
A-STATIC,static core 4 + recycle 6,10,143743.9099999927,146152.7070140588,145636.73680161397,6613.542985941196,-4563.750000007858,6253.589999999492,7.400605456753405,79062.5,73703.75,65146.86,-68379.22000000003,89616.23000000001,-1892.8268016212678,-48057.53367268329,124514.46098252371,106262.64376875109
A-SALV,dead20d pts10 highest,14,158550.96000002045,134726.89514108084,134251.26204383487,38621.85485891916,-6767.499999980675,12770.289999998859,6.822046718960989,127030.0,46318.75,33852.010000000024,-59228.219999997935,91568.75999999975,24299.697956185584,-44300.529440318525,126506.84949344685,109681.9085523421
A-HARV-CORE,CORE-INCLUDED free1 all_prof +1 (labelled),14,178800.5600000244,156951.4588161092,156397.36523000075,33081.041183890804,-4763.749999976484,10891.939999999146,7.947412307923752,121775.0,68257.5,58907.06999999999,-66535.95999999889,84261.02000000002,22403.194770023634,-51608.34972633372,122631.4167610799,103031.03168253985
A-CSM,minfree1 R3_deep_harv,14,178800.5600000244,156951.4588161092,156397.36523000075,33081.041183890804,-4763.749999976484,10891.939999999146,7.947412307923752,121775.0,68257.5,58907.06999999999,-66535.95999999889,84261.02000000002,22403.194770023634,-51608.34972633372,122631.4167610799,103031.03168253985
A-STATIC-NULL,passive static core 10 only,10,196877.84999999998,197413.18571185216,196716.24806730097,125.56428814784158,42.5,715.8999999999997,9.99623701306929,197538.75,,,-70049.79999999999,85464.1,161.60193269900628,-64912.86417887837,115575.85863572315,90922.53913987087
A-HARV,invhigh most_prof +1,16,185418.69000002713,166361.36355733196,165774.0497138119,31067.386442668037,-5137.499999973777,11087.55999999908,8.423893337924271,121585.0,75843.75,65767.65,-74539.88999999792,76257.09000000003,19644.64028621523,-54702.488885279105,120990.55427325681,100215.04308966768
A-HARV,free3 prof_be +1 (wave1c structure sweep),14,113197.2200000044,109589.07632598528,109202.18852795009,18830.923674014717,-7864.999999996624,12566.529999998957,5.5491652041767345,53620.0,74800.0,60849.28000000001,-53140.87000000302,90566.0100000001,3995.03147205431,-36034.78056131862,130890.28429472452,117204.6001182716
A-SALV,dead5d pts15 closest_be,16,168540.9500000364,151611.64158695878,151076.39942472355,31505.85841304122,-6519.999999964726,12756.549999998862,7.677024702168937,121831.25,61286.25,48482.45000000002,-65506.80999999499,85290.16999999998,17464.55057531284,-49852.52561921551,123562.5532628938,104629.01432092264
A-CSM,minfree1 R4_deep_harv_salv,14,156029.11000001908,134224.06027999357,133750.2023658106,37004.68972000643,-7091.249999982072,13257.139999998843,6.796585114500592,125722.5,45506.25,32651.410000000014,-56206.67999999906,94590.29999999987,22278.907634208474,-44135.188655585924,126594.53187534315,109832.38587085492
A-SEP,core8/rec8 grid20.0 cool120m,16,155659.55000002007,131284.9639449136,130821.48206954227,34608.78605508641,-4094.9999999807333,9420.449999999186,6.64776069092543,83946.25,81947.5,72068.94,-63467.28999999934,88393.18000000005,24838.067930477802,-43168.76303148316,127107.04003105318,110711.93374945145
A-SALV,dead20d vwap oldest,14,154859.17000002298,136340.97288195725,135859.64152532304,32939.02711804275,-6452.499999978172,12633.32999999887,6.9037773470197985,125725.0,43555.0,30878.03000000002,-61803.409999997355,88993.56999999992,18999.52847469994,-44831.2660716628,126225.39291229445,109198.8829924334
A-HARV,dead50 all_prof +1,16,185021.01000002807,165937.81580581216,165351.99723410603,32067.184194187837,-5978.749999972875,11648.989999999056,8.40244652475788,121995.0,76010.0,64922.39,-74674.8699999979,76122.11000000004,19669.01276592203,-54563.21907121601,121064.41087822603,100341.79311207664
A-SALV,dead20d atr0.5 closest_be,20,210524.5300000423,173806.23328879828,173192.6364492568,50778.76671120172,-5518.749999958905,13639.219999998792,8.800872626814268,157335.0,67250.0,54444.20000000002,-77860.99999999494,66437.20999999993,37331.89355078549,-57150.4906029226,119692.34692631345,97987.1068017065
A-SOFT,trap_lr_hold_5d pts_0_1_2_3 skip_top=False,16,186493.87000002817,168241.47135654974,167647.52007441904,29591.028643450263,-4438.749999972788,10673.629999999077,8.519094694932578,121708.75,76123.75,66702.57,-77165.72999999698,73631.25000000006,18846.34992560913,-55320.70079332456,120662.70840811373,99652.4059257893
A-HARV,dead50 all_prof +1,20,228056.54000003682,194564.19594763918,193877.3162341652,46363.30405236082,-4969.999999964231,13122.209999998919,9.851975236287824,157168.75,83758.75,72238.47,-93278.42999999606,51019.780000000086,34179.22376587163,-63976.06715113929,116072.65435904326,91775.1219127961
A-SEP,core8/rec8 grid5.0 cool1440m,16,156448.3300000215,139747.2920039645,139253.93514854246,27826.45799603549,-4966.249999979365,9494.169999999189,7.076260117929718,86793.75,80780.0,71046.07999999999,-70384.77999999927,88294.45000000004,17194.39485147904,-45951.3226156038,125631.41226928424,108179.51499083891
A-STRUCT,cap24 core10/rec14 lmt,24,234867.44000004,202643.82329628806,201928.41967022477,45927.42670371194,-5367.499999961205,13273.809999998846,10.261096185646588,157127.5,91443.75,79148.04000000001,-102498.77999999528,41799.43000000011,32939.02032981522,-66632.7881336188,114663.76045452699,89357.22937571426
A-SOFT,trap_lr_mae_2atr pts_0_.5_1_2 skip_top=False,14,179228.32000002416,157640.3375712021,157083.81200196536,31853.412428797892,-3917.499999976717,9940.429999999167,7.982294452621159,122297.5,67196.25,59217.1,-66437.2499999989,84359.73000000001,22144.507998058805,-51834.86495581962,122511.29277056399,102824.87925384255
A-SALV,dead5d rollhigh closest_be,20,216793.26000004215,181920.85309488076,181278.6088071271,49026.64690511924,-5599.999999959022,13654.239999998794,9.21176545831411,157011.25,73936.25,61071.710000000014,-81890.37999999494,62407.8300000001,35514.651192915044,-59818.71770961804,118277.35117354912,95558.7424943274
A-HARV,free1 partial +1,16,185604.45000002778,166110.83980475907,165524.41039777445,32267.910195240926,-5807.499999973137,11330.549999999064,8.411207788075656,121585.0,76793.75,65953.40999999999,-74539.88999999792,76257.09000000003,20080.039602253324,-54620.11234966054,121034.239628126,100290.01430870648
A-HARV,free3 most_prof +1,14,173388.00000002416,162091.3066625182,161519.06761445134,23339.94333748179,-5416.249999976717,11904.499999999121,8.207674240775654,120666.25,64765.0,54841.81999999999,-73273.40999999887,84263.53000000003,11868.932385572814,-53298.42044755211,121735.15014029849,101492.89146724308
A-HARV,free2 all_prof +1,20,229361.3100000366,194825.17374651908,194137.37269006704,47374.82625348092,-4964.999999964435,12838.689999998924,9.865190138440108,157127.5,85072.5,73617.01000000001,-93195.91999999605,51102.290000000066,35223.937309969566,-64061.88115769261,116027.14606835239,91697.0222375231
A-SEP,core4/rec10 grid5.0 cool120m,14,113382.88000000885,115416.50014360088,115009.03949976206,11044.749856399125,-6786.249999991996,9598.36999999915,5.84424331380978,47327.5,79133.75,67570.57999999999,-60729.92000000217,83321.43000000008,-1626.1594997532084,-37950.938134186,129874.12085780014,115460.6973426836
A-HARV,invhigh most_prof +1,20,229677.3800000365,195217.39907813858,194528.21332897837,47176.35092186142,-4864.999999964581,12756.369999998928,9.885050905912454,157127.5,85266.25,73933.08000000002,-93195.91999999608,51006.030000000086,35149.166671058134,-64190.85161925087,115958.75134480021,91579.64569758458
A-SEP,core6/rec8 grid10.0 cool120m,14,133830.6600000147,126830.65051203572,126382.89392219084,18530.599487964282,-5416.249999986147,9328.089999999189,6.422211558302967,66727.5,78633.75,68030.65,-61603.17000000112,88916.86000000004,7447.766077823864,-41704.1078624987,127883.76583455649,112044.9223567762
A-SALV,dead5d pts10 oldest,20,207988.14000004216,173296.12984688202,172684.33385103798,48606.37015311798,-5391.249999959022,13600.609999998795,8.775042969650334,157056.25,64846.25,52142.92000000003,-78842.26999999495,65455.939999999944,35303.80614900417,-56982.7597833075,119781.29677498544,98139.75930065563
A-SALV,dead5d pts10 highest,16,165062.45000003476,141232.8945997618,140734.29304718276,38355.855400238186,-6461.249999966385,12782.549999998853,7.151485263612218,123437.5,56151.25,43441.370000000024,-59694.24999999604,91102.73000000004,24328.156952852005,-46439.81440087658,125372.35868284598,107734.9366366097
A-CSM,minfree4 R2_deeplimit,20,229174.7800000353,195210.0351716594,194520.87541966658,44982.4648283406,-3334.999999965774,12206.469999998957,9.884678026288215,157127.5,83065.0,73427.98999999999,-93806.7999999969,50491.41000000006,34653.90458036872,-64188.43023964862,115960.035434091,91581.84940497745
A-HARV,dead50 partial +1,20,228056.54000003682,194564.19594763918,193877.3162341652,46363.30405236082,-4969.999999964231,13122.209999998919,9.851975236287824,157168.75,83758.75,72238.47,-93278.42999999606,51019.780000000086,34179.22376587163,-63976.06715113929,116072.65435904326,91775.1219127961
A-NULL-B,NULL-B dumb floating recycle step5,32,365571.71000013006,320436.22788968636,319304.9758454573,89145.02211031364,-20983.749999869673,31615.790000000277,16.225646073279897,114911.25,294670.0,252963.38,-140766.21999999962,12748.870000000024,46266.73415467277,-105364.96467543987,94123.5803609853,54106.918476298015
A-HARV,free2 partial +1,20,229361.3100000366,194825.17374651908,194137.37269006704,47374.82625348092,-4964.999999964435,12838.689999998924,9.865190138440108,157127.5,85072.5,73617.01000000001,-93195.91999999605,51102.290000000066,35223.937309969566,-64061.88115769261,116027.14606835239,91697.0222375231
A-NULL-C,NULL-C random TOD-matched recycle timing seed 10,16,191430.2400000345,175680.86780693283,175060.65285137872,29976.63219306717,-6206.249999966589,12086.009999998887,8.895796838125595,115952.5,89705.0,77687.52000000002,-75668.47999999605,74862.82000000007,16369.587148655788,-57766.90280164132,119365.45547057851,97426.10756058287
A-HARV,invhigh newest_prof +1,14,176488.68000002275,157623.53642535149,157067.07017004036,29900.213574648515,-4799.999999978085,10472.569999999187,7.981443707847407,121585.0,65938.75,56805.27,-66535.95999999889,84261.02000000002,19421.609829982393,-51829.34044895999,122514.22248884881,102829.90712993307
A-SOFT,trap_lr_mae_2atr pts_0_1_2_3 skip_top=True,20,222961.21000003407,198927.59254162316,198225.30851088694,36626.15745837684,-5029.999999966967,11870.039999998982,10.072920693290621,154443.75,81110.0,69767.19999999998,-93122.8399999961,51448.49000000008,24735.90148914713,-65410.82729364204,115311.78227930814,90469.34089027325
A-SALV,dead5d pts10 oldest,14,163645.60000002768,133024.17248930736,132554.55059901281,45597.077510692645,-6838.749999973486,12975.649999998837,6.735827456892581,128496.25,50125.0,37511.38000000002,-54382.86999999624,96414.10999999996,31091.04940101487,-43740.64483164705,126803.76362842445,110191.46180458856
A-HARV,free0 most_prof +1,14,177809.8600000227,157650.45003392923,157093.88876415946,30872.049966070772,-4484.999999978085,10203.889999999188,7.982806508458977,121585.0,66937.5,58128.94,-66443.47999999888,84353.50000000003,20715.971235863224,-51838.1901081753,122509.52939875472,102821.85301920265
A-SALV,dead20d atr0.5 oldest,14,159948.62000002374,133956.76715678684,133483.85288088728,40675.73284321316,-6633.749999977415,12812.629999998855,6.7830504288517925,127837.5,46795.0,34317.13000000002,-57251.93999999718,93545.03999999975,26464.767119136464,-44047.29806134771,126641.14140765878,109912.3754569988
A-STRUCT,cap20 core8/rec12 lmt,20,191974.7100000314,176794.5891536276,176170.4423718925,28735.410846372397,-6071.2499999695865,11850.289999998979,8.952191361662262,121585.0,83945.0,72363.51000000001,-86960.11999999586,63836.8600000001,15804.267628138885,-58133.11361096712,119171.24908593006,97092.81761831685
A-HARV,free1 newest_prof +2,14,180699.91000002413,157218.624838449,156663.58806276767,34235.125161551,-4366.249999976688,10357.58999999916,7.960940557678283,121702.5,69751.25,60873.939999999995,-66392.22999999888,84404.75000000003,24036.321937256464,-51696.19852761214,122584.82939211771,102951.08013233807
A-HARV,free2 newest_prof +1,20,229361.3100000366,194825.17374651908,194137.37269006704,47374.82625348092,-4964.999999964435,12838.689999998924,9.865190138440108,157127.5,85072.5,73617.01000000001,-93195.91999999605,51102.290000000066,35223.937309969566,-64061.88115769261,116027.14606835239,91697.0222375231
A-SALV,dead20d atr0.5 closest_be,16,165459.87000003655,142686.25329437337,142182.52087689462,37339.99670562663,-6506.2499999645515,12777.629999998855,7.225077703367219,122770.0,57256.25,44545.090000000026,-60521.16999999495,90275.80999999994,23277.349123141932,-46917.703834686865,125118.92766213727,107300.00752543082
A-SOFT,trap_lr_mae_2atr pts_0_1_3_5 skip_top=False,14,180027.88000002375,162840.47094756877,162265.58708735157,28108.27905243123,-4617.499999977066,9918.369999999179,8.245609010573771,124625.0,66323.75,57905.18,-72995.35999999894,77804.12000000002,17762.292912672187,-53544.75860023324,121604.51379419699,101268.69811577932
A-STRUCT,cap20 core8/rec12 mkt,20,184863.69000003347,180687.18824880122,180049.29922976423,20214.06175119878,-8208.749999967578,15800.05999999892,9.149297461803974,114072.5,86828.75,72875.6,-91292.87999999555,59486.60000000009,4814.390770269238,-59413.06740664027,118492.47283781104,95927.92647966236
A-SALV,dead5d vwap highest,20,207278.11000004213,176744.08244662132,176120.11397124044,44882.16755337868,-5821.24999995908,13609.389999998797,8.949633898176913,157803.75,63822.5,50820.25000000003,-83712.95999999502,60585.24999999994,31157.99602880169,-58116.5061336084,119180.0562485092,97107.93215079141
A-STRUCT,cap18 core6/rec12 lmt,18,150727.69000002497,150883.12324898425,150350.45301147964,13986.876751015749,-7108.749999975989,10919.809999999043,7.640135362946224,83248.75,81621.25,69854.33,-80794.54999999629,70131.21000000008,377.2369885453372,-49612.97621042468,123689.58944926846,104847.02920904869
A-SOFT,trap_lr_mae_2atr atr_0_.1_.25_.5 skip_top=True,16,185213.78000002762,165308.28521178314,164724.6891034236,32439.214788216865,-5651.249999973312,10726.219999999077,8.370569540440947,122163.75,75583.75,65632.61,-74616.29999999807,76181.93000000002,20489.09089660403,-54356.21854184757,121174.1859678881,100530.18513308022
A-HARV,free0 newest_prof +1,16,186075.4600000276,166260.9697600457,165674.0103417701,32511.5302399543,-5758.749999973312,11124.53999999907,8.418809785938134,121585.0,77187.5,66426.90999999999,-74581.27999999805,76215.70000000004,20401.44965825751,-54669.47767124005,121008.06055206699,100245.08672939919
A-SALV,dead20d pts15 closest_be,20,206618.35000004235,174955.17746324802,174337.5244486148,45697.32253675198,-5481.249999958876,13657.89999999879,8.859050697550378,157675.0,62977.5,50204.120000000024,-80221.05999999499,64077.15000000011,32280.82555142755,-57528.28328620375,119491.99852233878,97643.2761489982
A-SEP,core8/rec12 grid10.0 cool120m,20,166088.49000002653,156535.58477943184,155982.95937423798,23013.16522056816,-6477.499999974447,10707.759999999053,7.926354061873883,92276.25,87272.5,75832.70999999999,-80375.05999999575,70193.71000000008,10105.530625788553,-51471.6031622123,122703.93525358429,103155.48528494718
A-CSM,minfree2 R3_deep_harv,20,229495.96000003634,195143.12450901166,194454.20097507822,46926.87549098834,-4743.749999964726,12706.539999998931,9.881289930198704,157127.5,84942.5,73751.66,-93232.23999999615,51065.97000000009,35041.759024958126,-64166.42885842919,115971.70305447542,91601.87295122354
A-HARV,invhigh all_prof +1,20,229677.3800000365,195217.39907813858,194528.21332897837,47176.35092186142,-4864.999999964581,12756.369999998928,9.885050905912454,157127.5,85266.25,73933.08000000002,-93195.91999999608,51006.030000000086,35149.166671058134,-64190.85161925087,115958.75134480021,91579.64569758458
A-STATIC,static core 8 + recycle 16,24,249336.4100000034,260392.51527519283,259473.2385531225,2269.9847248071746,-6647.499999997439,9273.589999999173,13.185265663659361,158065.0,104597.5,92152.70000000001,-124094.12000000241,27104.070000000094,-10136.828553119092,-85621.55519807478,104593.76878139962,72075.4754857431
A-CSM,minfree4 R3_deep_harv,20,228780.60000003607,194635.3009388964,193948.17019991495,46562.1990611036,-4631.249999965017,12619.39999999894,9.855575716888229,157127.5,84070.0,73036.29999999999,-93279.77999999619,51018.43000000008,34832.429800121114,-63999.44770002857,116060.25534799485,91753.8431804621
A-SALV,dead5d atr1 closest_be,20,211964.37000004202,182998.96236741554,182352.9119765677,43379.787632584455,-5874.999999959196,13629.379999998799,9.266356724725137,157023.75,69355.0,56319.080000000016,-85726.029999995,58572.18000000008,29611.45802347432,-60173.21865404933,118089.35468349681,95236.10974757618
A-NULL-C,NULL-C random TOD-matched recycle timing seed 5,32,312360.1100000527,243564.1777828304,242704.31098239904,88085.8222171696,-9071.24999994709,15636.14000000023,12.333144010776905,219345.0,112305.0,94363.87000000001,-106006.51999999862,50154.70000000001,69655.79901765368,-80088.10725710218,107528.22863864746,77111.4888906289
A-HARV,dead50 prof_be +1 (wave1c structure sweep),14,110659.72000000498,112396.15457931979,111999.35681251074,13121.345420680213,-7649.999999996027,12384.029999998984,5.691304744822826,53620.0,71897.5,58321.740000000005,-57946.660000002914,85760.22000000012,-1339.6368125057634,-36957.796360598295,130400.79693720619,116364.55969723946
A-SALV,dead20d pts5 closest_be,14,159932.21000002563,133714.6400052372,133242.5805229325,41176.60999476281,-6929.999999975495,12780.289999998859,6.7707900502683565,127686.25,47205.0,34535.78000000002,-56675.69999999623,94121.27999999988,26689.62947709314,-43967.682473129185,126683.36259599036,109984.83392661551
A-CSM,minfree1 R4_deep_harv_salv,16,169978.57000003644,148550.5840262311,148026.14846862323,36064.41597376889,-6571.249999964697,12941.429999998858,7.522024635798777,122153.75,62461.25,49658.80000000002,-64579.269999994955,86217.71000000008,21952.421531413216,-48845.997038225614,124096.32854145339,105545.0600631683
A-HARV,free1 prof_be +1,16,182173.30000003125,164068.20971572655,163488.99150792198,32164.290284273447,-6617.49999996979,12611.699999998978,8.307776933513592,121585.0,74647.5,62517.280000000006,-73262.99999999616,77533.98000000007,18684.308492109267,-53948.46030646522,121390.42549628991,100901.28755624269
A-CSM,minfree2 R4_deep_harv_salv,14,160181.2300000328,137923.03709196934,137436.12049491625,37419.46290803066,-7092.499999968364,13232.519999998853,6.983886934209473,126390.0,48952.5,36042.06000000002,-55166.79999999612,95630.17999999996,22745.10950511656,-45351.47610128403,125949.5187257935,108725.43773543002
A-SOFT,trap_lr_hold_5d pts_0_.5_1_2 skip_top=False,14,178048.90000002366,155287.2874460441,154739.06896736883,32671.462553955906,-3652.4999999771535,9762.34999999918,7.863145133035968,120417.5,67541.25,59446.5,-66374.72999999888,84422.25000000003,23309.831032654824,-51061.14144474972,122921.60847391271,103529.04815811146
A-SOFT,trap_lr_mae_2atr pts_0_.5_1_2 skip_top=False,16,185070.08000002766,166077.9286240219,165491.61540502493,31079.571375978092,-5196.249999973254,10701.169999999078,8.409541293703242,122297.5,74860.0,65088.74,-74613.79999999807,76183.18000000002,19578.464595002733,-54609.290585159615,121039.9785514612,100299.86324045266
A-HARV,free3 all_prof +1,16,184662.8400000283,164893.5550829084,164311.4231170685,33008.944917091605,-6164.999999972642,11944.659999999043,8.349569217439504,121775.0,76127.5,64796.73999999999,-74691.1199999979,76105.86000000004,20351.416882959806,-54219.84811436356,121246.50499021143,100654.29641200905
A-SEP,core6/rec8 grid20.0 cool0m,14,129836.20000001189,121722.03770368097,121292.31630517723,18967.962296319034,-4839.999999988911,9142.549999999203,6.1635312464678,60255.0,80435.0,69863.35999999999,-61421.36000000109,89084.35000000003,8543.883694834658,-40024.307761125325,128774.58581122637,113573.71523931267
A-SEP,core6/rec8 grid5.0 cool120m,14,138245.4700000179,138181.09951471345,137693.2718669805,11890.150485286547,-5559.999999982945,9637.02999999917,6.9969542130369495,73205.0,76866.25,66337.81,-68123.80000000107,88895.62000000002,552.1981330373965,-45436.33148182437,125904.51880702253,108648.21050957801
A-STRUCT,cap32 core16/rec16 mkt (RUN-3 C32),32,306464.84000005067,251157.78730385104,250271.1124038789,73617.21269614896,-8506.24999994965,19758.90999999968,12.717654904935808,224493.75,100281.25,84352.94000000002,-122339.25999999465,28440.220000000118,56193.72759617175,-82585.01718582888,106204.08462732351,74839.04104147649
A-SEP,core4/rec10 grid20.0 cool1440m,14,104982.12000000634,103264.60868053307,102900.0484669901,13786.64131946693,-6048.74999999447,8987.87999999919,5.228918725515948,35900.0,81151.25,69969.76,-54094.920000002196,90019.55000000008,2082.0715330162348,-33955.186395444674,131993.12029575347,119097.24719976253
A-CSM,minfree1 R1_deep,14,178479.57000002265,157726.9885872488,157170.15710959563,31343.01141275119,-4398.749999978143,9972.929999999194,7.986682123539404,121585.0,67485.0,58798.649999999994,-66384.7299999989,84412.25000000003,21309.41289042702,-51863.35730609149,122496.18290434612,102798.94825034586
A-SALV,dead5d pts10 closest_be,14,158437.7700000247,134180.10721143964,133706.4044669732,39139.89278856036,-6782.499999976455,12892.229999998846,6.794359501813514,126500.0,46820.0,34217.53000000001,-55605.45999999612,95191.51999999993,24731.36553305149,-44120.736127711425,126602.19624000978,109845.53917506718
A-SEP,core8/rec8 grid5.0 cool120m,16,166819.83000002475,158380.59685176163,157821.45790815735,19899.403148238373,-4931.249999976135,10205.169999999132,8.019778307577019,99548.75,78731.25,68756.41999999998,-74095.599999998,76000.67000000004,8998.372091867408,-52078.27498926211,122382.20924441396,102603.35079556904
A-STATIC,static core 6 + recycle 10 + CSM R4 minfree4,16,178927.60999999067,187427.91123353163,186766.22510295617,5507.088766468369,-7156.250000010245,9867.389999999097,9.490621494197438,118563.75,74371.25,60982.46000000002,-86265.54000000123,64698.889999999956,-7838.615102965501,-61629.53351551475,117317.05185421734,93910.71168793796
A-SOFT,trap_lr_mae_2atr pts_0_1_3_5 skip_top=True,14,180865.7000000241,162593.52985068323,162019.5177789729,29353.970149316767,-4739.999999976717,9984.299999999172,8.233104872494879,124818.75,67128.75,58520.509999999995,-72995.35999999894,77804.12000000002,18846.18222105122,-53463.56010366621,121647.57441954066,101342.59719670145
A-HARV,free2 newest_prof +2,20,229933.3200000362,195326.65021709076,194637.07877316972,47282.09978290924,-4862.499999964872,12554.179999998934,9.890582959280499,157127.5,85481.25,74189.02,-93005.95999999612,51292.25000000009,35296.24122686649,-64226.77528016857,115939.70055729615,91546.951428141
A-STRUCT,cap12 core4/rec8 lmt,12,113956.46000000881,110962.32969919837,110570.59383608661,14690.170300801634,-5671.249999992011,9341.039999999193,5.618701421568371,53620.0,72032.5,61611.009999999995,-54955.05000000112,88751.83000000005,3385.8661639221973,-36486.3299822812,130650.82172753078,116793.64315957355
A-SALV,dead5d atr0.5 oldest,20,209014.41000004217,173222.91974751584,172611.38220894773,49714.58025248416,-5397.499999959022,13605.589999998794,8.77133589455109,157056.25,65881.25,53169.190000000024,-77860.99999999494,66437.20999999993,36403.02779109444,-56958.68703852326,119794.06286657546,98161.66800327992
A-SOFT,trap_lr_hold_5d pts_0_1_2_3 skip_top=True,14,180801.76000002422,161351.01560674192,160781.3900452202,29818.984393258084,-4052.4999999765714,9855.739999999176,8.170188776846226,124153.75,67016.25,58826.78,-70727.19999999832,80069.78000000003,20020.369954804017,-53054.99996586962,121864.23920728688,101714.42943450209
A-STRUCT,cap18 core8/rec10 lmt,18,190931.16000003048,172232.73249969733,171624.6906687015,32064.767500302667,-6019.999999970518,11662.589999999002,8.721196658001004,121585.0,82712.5,71305.01999999999,-80072.92999999612,70724.05000000008,19306.46933132896,-56633.09637396081,119966.72785687534,98457.98938711378
A-STATIC,static core 8 + recycle 12,20,245157.22000000137,250602.48361612385,249717.769132538,6976.266383876151,-6127.49999999936,8759.029999999233,12.689536482872276,158065.0,99513.75,87933.67000000001,-111963.19000000163,39235.00000000006,-4560.549132536631,-82402.42374492215,106300.9163185679,75005.22007231938
A-SOFT,UNIFORM limit offset 2.0 (score-free control),16,177296.8400000246,161930.58761625335,161358.915962675,23156.912383746647,-1769.999999976193,8533.159999999229,8.199536052471846,124833.75,60253.75,54462.869999999995,-74543.26999999813,76433.04000000004,15937.924037349585,-53245.57325001803,121763.17570074218,101540.98791597295
A-HARV,free2 newest_prof +2,14,180379.97000002395,157009.32942959474,156455.0315399647,34193.17057040526,-4427.4999999768625,10498.779999999158,7.950342651033343,121752.5,69450.0,60495.24,-66392.2299999989,84404.75000000003,23924.93846005926,-51627.378583294805,122621.32550920997,103013.71344267245
A-SALV,dead5d pts10 closest_be trig={'trig': 'always'},16,141440.81000001298,123534.90914427949,123098.78767504527,34012.59085572051,-7648.749999988242,13764.189999998776,6.255328015407531,143520.0,14027.5,1491.9200000000037,-52614.5400000012,98182.43999999957,18342.022324967707,-40620.41119349236,128458.46436006093,113031.19908878197
A-SOFT,trap_lr_mae_2atr pts_0_.5_1_2 skip_top=True,14,179743.6300000244,157391.823601088,156836.17537315114,32658.176398912008,-3921.249999976455,10005.11999999916,7.96971067035068,122443.75,67606.25,59534.93,-66437.2499999989,84359.73000000001,22907.454626873252,-51753.14927137637,122554.62766740666,102899.24902954762
A-SALV,dead5d pivot closest_be,20,218134.37000004202,181591.0184013279,180949.93854549192,50653.98159867211,-5573.749999959138,13626.879999998797,9.195063910441313,157023.75,75221.25,62484.10000000002,-81427.92999999499,62870.280000000086,37184.4314545501,-59710.26236715002,118334.86646097415,95657.44814120916
A-SALV,dead20d atr0.5 highest,14,159948.62000002374,133956.76715678684,133483.85288088728,40675.73284321316,-6633.749999977415,12812.629999998855,6.7830504288517925,127837.5,46795.0,34317.13000000002,-57251.93999999718,93545.03999999975,26464.767119136464,-44047.29806134771,126641.14140765878,109912.3754569988
A-NULL-C,NULL-C random TOD-matched recycle timing seed 5,16,190538.85000003607,166664.2687546987,166075.8855498084,41545.731245301286,-9531.249999965105,12217.39999999886,8.439231280698714,114115.0,94095.0,79449.06000000003,-71477.47999999893,82709.53000000012,24462.96445022768,-54802.08934441168,120937.73484634503,100124.39630800899
A-SALV,dead20d mid30 closest_be,20,211274.4400000422,175331.77733203626,174712.79478804793,50244.47266796374,-5768.749999959022,13624.309999998794,8.878120252270966,157803.75,67772.5,54809.11000000003,-79772.29999999498,64525.909999999974,36561.64521199427,-57652.115825779445,119426.32850605196,97530.57565268618
A-SALV,dead20d vwap closest_be,16,164955.59000003437,146332.6182912339,145816.0129290077,33689.8817087661,-7064.999999966763,12659.409999998868,7.409715465091911,121768.75,58253.75,45097.25000000002,-64660.01999999612,86136.9600000002,19139.577071026666,-48116.6916071313,124483.08875570833,106208.80389277072
A-HARV,free2 prof_be +1,14,169216.08000003546,145988.81838992427,145473.42676168727,40676.18161007573,-8914.999999965803,16345.169999998778,7.392306773336251,123561.25,63103.75,47575.770000000004,-57916.649999994814,92880.3300000001,23742.653238348197,-48003.64426321685,124543.03924159422,106311.68873878595
