dt,equity,qty,realized,unrealized
2019-05-05,150000.0,0,0.0,0.0
2019-05-06,150042.52,2,122.51999999999998,-80.0
2019-05-07,150158.19,11,116.93999999999994,41.25
2019-05-08,149030.69,11,116.93999999999994,-1086.25
2019-05-09,148648.21,15,114.45999999999992,-1466.25
2019-05-10,151278.22,17,113.21999999999991,1165.0
2019-05-12,148728.22,17,113.21999999999991,-1385.0
2019-05-13,145854.49,21,110.7399999999999,-4256.25
2019-05-14,148190.74,21,110.7399999999999,-1920.0
2019-05-15,148453.24,21,110.7399999999999,-1657.5
2019-05-16,152573.36,21,2743.3600000000006,-170.0
2019-05-17,152483.99,4,2742.7400000000007,-258.75
2019-05-19,152668.99,4,2742.7400000000007,-73.75
2019-05-20,152567.75,6,2741.500000000001,-173.75
2019-05-21,152882.75,6,2741.500000000001,141.25
2019-05-22,152282.75,6,2741.500000000001,-458.75
2019-05-23,151915.9,11,2738.4000000000015,-822.5
2019-05-24,152094.65,11,2738.4000000000015,-643.75
2019-05-26,152025.9,11,2738.4000000000015,-712.5
2019-05-27,152479.65,11,2738.4000000000015,-258.75
2019-05-28,150140.28,12,2737.7800000000016,-2597.5
2019-05-29,149639.05,16,2735.300000000002,-3096.25
2019-05-30,149042.82,16,2990.3200000000024,-3947.5
2019-05-31,147782.82,12,2990.3200000000024,-5207.5
2019-06-02,146942.82,12,2990.3200000000024,-6047.5
2019-06-03,147827.82,12,2990.3200000000024,-5162.5
2019-06-04,151382.82,12,2990.3200000000024,-1607.5
2019-06-05,152132.84,12,3216.590000000003,-1083.75
2019-06-06,152830.36000000002,8,3314.1100000000033,-483.75
2019-06-07,153297.87,4,3362.8700000000035,-65.0
2019-06-09,153352.87,2,3362.8700000000035,-10.0
2019-06-10,153479.14,2,3431.640000000004,47.5
2019-06-11,153409.77000000002,3,3431.020000000004,-21.25
2019-06-12,153272.9,4,3430.400000000004,-157.5
2019-06-13,153672.9,4,3430.400000000004,242.5
2019-06-14,153572.9,4,3430.400000000004,142.5
2019-06-16,153687.94,4,3420.440000000004,267.5
2019-06-17,153552.94,4,3420.440000000004,132.5
2019-06-18,153996.09,4,3919.8400000000047,76.25
2019-06-19,154081.09,1,3919.8400000000047,161.25
2019-06-20,154218.62,5,4154.870000000005,63.75
2019-06-21,154124.87,5,4154.870000000005,-30.0
2019-06-23,154437.37,5,4154.870000000005,282.5
2019-06-24,154062.37,5,4154.870000000005,-92.5
2019-06-25,153435.51,8,4153.010000000006,-717.5
2019-06-26,153627.39,9,4152.390000000006,-525.0
2019-06-27,153863.64,9,4152.390000000006,-288.75
2019-06-28,154819.89,9,4152.390000000006,667.5
2019-06-30,155528.64,9,4152.390000000006,1376.25
2019-07-01,155952.46000000002,9,5947.460000000007,5.0
2019-07-02,156083.71000000002,5,5947.460000000007,136.25
2019-07-03,156589.99000000002,5,6573.740000000008,16.25
2019-07-04,156608.74000000002,1,6573.740000000008,35.0
2019-07-05,156708.13,4,6571.880000000008,136.25
2019-07-07,156568.13,4,6571.880000000008,-3.75
2019-07-08,156198.13,4,6571.880000000008,-373.75
2019-07-09,156586.26,5,6571.260000000008,15.0
2019-07-10,157323.18000000002,5,7193.180000000009,130.0
2019-07-11,157443.18000000002,4,7193.180000000009,250.0
2019-07-12,157503.18000000002,4,7193.180000000009,310.0
2019-07-14,157578.18000000002,4,7193.180000000009,385.0
2019-07-15,157613.18000000002,4,7193.180000000009,420.0
2019-07-16,157383.18000000002,4,7193.180000000009,190.0
2019-07-17,156745.06,5,7192.5600000000095,-447.5
2019-07-18,157575.69,6,7191.94000000001,383.75
2019-07-19,156518.19,6,7191.94000000001,-673.75
2019-07-21,156683.19,6,7191.94000000001,-508.75
2019-07-22,157140.69,6,7191.94000000001,-51.25
2019-07-23,157620.69,6,7191.94000000001,428.75
2019-07-24,157590.73,6,7459.4800000000105,131.25
2019-07-25,157582.61000000002,3,7458.860000000011,123.75
2019-07-26,157717.61000000002,3,7458.860000000011,258.75
2019-07-28,157691.36000000002,3,7458.860000000011,232.5
2019-07-29,157751.36000000002,3,7458.860000000011,292.5
2019-07-30,157653.86000000002,3,7458.860000000011,195.0
2019-07-31,157363.26,8,7455.760000000011,-92.5
2019-08-01,156557.73,11,8451.480000000001,-1893.75
2019-08-02,156198.38,16,8448.379999999997,-2250.0
2019-08-04,153338.38,16,8448.379999999997,-5110.0
2019-08-05,147680.94,28,8440.939999999988,-10760.0
2019-08-06,150690.94,28,8440.939999999988,-7750.0
2019-08-07,155205.94,28,8440.939999999988,-3235.0
2019-08-08,159930.94,28,8440.939999999988,1490.0
2019-08-09,159405.94,28,8440.939999999988,965.0
2019-08-11,159580.94,28,8440.939999999988,1140.0
2019-08-12,153945.94,28,8440.939999999988,-4495.0
2019-08-13,161801.11,28,11939.859999999979,-138.75
2019-08-14,158813.64999999997,14,11934.899999999972,-3121.25
2019-08-15,160681.78999999998,17,11933.03999999997,-1251.25
2019-08-16,162764.28999999998,17,11933.03999999997,831.25
2019-08-18,163975.53999999998,17,11933.03999999997,2042.5
2019-08-19,165490.00999999995,17,15451.259999999955,38.75
2019-08-20,165250.02999999994,6,15448.779999999952,-198.75
2019-08-21,165857.52999999994,6,15448.779999999952,408.75
2019-08-22,166427.58999999994,6,16195.089999999942,232.5
2019-08-23,163063.26999999993,17,16188.269999999933,-3125.0
2019-08-25,162128.26999999993,17,16188.269999999933,-4060.0
2019-08-26,165698.26999999993,17,16188.269999999933,-490.0
2019-08-27,165082.01999999993,17,16188.269999999933,-1106.25
2019-08-28,165464.51999999993,17,16188.269999999933,-723.75
2019-08-29,168768.98999999993,17,18555.239999999936,213.75
2019-08-30,168722.77999999994,6,18844.029999999944,-121.25
2019-09-01,168362.77999999994,6,18844.029999999944,-481.25
2019-09-02,168250.27999999994,6,18844.029999999944,-593.75
2019-09-03,168590.28999999995,8,18842.789999999946,-252.5
2019-09-04,170700.28999999995,8,18842.789999999946,1857.5
2019-09-05,170693.45999999996,8,20634.709999999955,58.75
2019-09-06,170715.95999999996,1,20634.709999999955,81.25
2019-09-08,170729.70999999996,1,20634.709999999955,95.0
2019-09-09,170684.70999999996,1,20634.709999999955,50.0
2019-09-10,170785.33999999997,2,20634.089999999956,151.25
2019-09-11,171014.72999999995,2,20883.47999999996,131.25
2019-09-12,171049.74999999997,3,21005.999999999964,43.75
2019-09-13,170922.24999999997,3,21005.999999999964,-83.75
2019-09-15,170663.52999999997,3,20998.529999999962,-335.0
2019-09-16,170781.65999999997,4,20997.909999999963,-216.25
2019-09-17,170866.65999999997,4,20997.909999999963,-131.25
2019-09-18,170885.41999999995,6,20996.669999999966,-111.25
2019-09-19,171230.41999999995,6,20996.669999999966,233.75
2019-09-20,170585.41999999995,6,20996.669999999966,-411.25
2019-09-22,170945.41999999995,6,20996.669999999966,-51.25
2019-09-23,171042.91999999995,6,20996.669999999966,46.25
2019-09-24,170333.55999999997,9,20994.80999999997,-661.25
2019-09-25,170759.18999999997,10,20994.18999999997,-235.0
2019-09-26,170564.20999999996,10,21372.959999999974,-808.75
2019-09-27,170339.20999999996,6,21372.959999999974,-1033.75
2019-09-29,170594.20999999996,6,21372.959999999974,-778.75
2019-09-30,170991.70999999996,6,21372.959999999974,-381.25
2019-10-01,169849.83999999997,6,21397.339999999975,-1547.5
2019-10-02,168437.33999999997,5,21397.339999999975,-2960.0
2019-10-03,168924.83999999997,5,21397.339999999975,-2472.5
2019-10-04,169999.83999999997,5,21397.339999999975,-1397.5
2019-10-06,169668.58999999997,5,21397.339999999975,-1728.75
2019-10-07,169906.08999999997,5,21397.339999999975,-1491.25
2019-10-08,168743.58999999997,5,21397.339999999975,-2653.75
2019-10-09,169068.58999999997,5,21397.339999999975,-2328.75
2019-10-10,169993.58999999997,5,21397.339999999975,-1403.75
2019-10-11,170487.33999999997,5,21397.339999999975,-910.0
2019-10-13,170681.08999999997,5,21397.339999999975,-716.25
2019-10-14,170531.08999999997,5,21397.339999999975,-866.25
2019-10-15,171036.09999999998,5,21446.099999999977,-410.0
2019-10-16,171062.34999999998,3,21446.099999999977,-383.75
2019-10-17,171126.09999999998,3,21446.099999999977,-320.0
2019-10-18,171058.59999999998,3,21446.099999999977,-387.5
2019-10-20,171152.34999999998,3,21446.099999999977,-293.75
2019-10-21,171399.84999999998,3,21446.099999999977,-46.25
2019-10-22,171024.84999999998,3,21446.099999999977,-421.25
2019-10-23,171306.09999999998,3,21446.099999999977,-140.0
2019-10-24,171283.59999999998,3,21446.099999999977,-162.5
2019-10-25,171485.49999999997,3,21517.99999999998,-32.5
2019-10-27,171540.49999999997,2,21517.99999999998,22.5
2019-10-28,171667.99999999997,2,21517.99999999998,150.0
2019-10-29,171622.99999999997,2,21517.99999999998,105.0
2019-10-30,171769.88999999998,2,21766.139999999985,3.75
2019-10-31,171956.15999999997,5,21763.65999999999,192.5
2019-11-01,172435.57,5,22389.319999999996,46.25
2019-11-03,172505.57,2,22389.319999999996,116.25
2019-11-04,172615.57,2,22389.319999999996,226.25
2019-11-05,172510.57,2,22389.319999999996,121.25
2019-11-06,172530.57,2,22389.319999999996,141.25
2019-11-07,172605.59,2,22680.59,-75.0
2019-11-08,172828.72,3,22679.97,148.75
2019-11-10,172689.97,3,22679.97,10.0
2019-11-11,172723.72,3,22679.97,43.75
2019-11-12,172693.72,3,22679.97,13.75
2019-11-13,172832.47,3,22679.97,152.5
2019-11-14,173064.97,3,22679.97,385.0
2019-11-15,173218.12,3,23103.120000000006,115.0
2019-11-17,173195.62,2,23103.120000000006,92.5
2019-11-18,173268.12,2,23103.120000000006,165.0
2019-11-19,173165.62,2,23103.120000000006,62.5
2019-11-20,173086.88,4,23101.88000000001,-15.0
2019-11-21,173226.88,4,23101.88000000001,125.0
2019-11-22,173306.88,4,23101.88000000001,205.0
2019-11-24,173426.88,4,23101.88000000001,325.0
2019-11-25,173638.78000000003,4,23598.780000000013,40.0
2019-11-26,173695.03000000003,1,23598.780000000013,96.25
2019-11-27,173688.79,1,23722.540000000015,-33.75
2019-11-28,173688.79,1,23722.540000000015,-33.75
2019-11-29,173670.05000000002,3,23721.300000000017,-51.25
2019-12-01,173812.55000000002,3,23721.300000000017,91.25
2019-12-02,173164.45,8,23718.200000000023,-553.75
2019-12-03,172276.96000000002,10,23716.960000000025,-1440.0
2019-12-04,173126.96000000002,10,23716.960000000025,-590.0
2019-12-05,173639.46000000002,10,23716.960000000025,-77.5
2019-12-06,174960.14000000004,10,24970.140000000036,-10.0
2019-12-08,174935.14000000004,1,24970.140000000036,-35.0
2019-12-09,174872.03000000003,4,24968.28000000004,-96.25
2019-12-10,174856.41000000003,5,24967.66000000004,-111.25
2019-12-11,175175.16000000003,5,24967.66000000004,207.5
2019-12-12,175951.45000000004,5,25588.950000000048,362.5
2019-12-13,176046.49000000005,5,25961.490000000056,85.0
2019-12-15,176252.79000000007,5,25949.040000000055,303.75
2019-12-16,176581.57000000007,5,26574.07000000006,7.5
2019-12-17,176565.32000000007,1,26574.07000000006,-8.75
2019-12-18,176577.82000000007,1,26574.07000000006,3.75
2019-12-19,176646.57000000007,1,26574.07000000006,72.5
2019-12-20,176709.08000000007,1,26697.830000000064,11.25
2019-12-22,176727.83000000007,1,26697.830000000064,30.0
2019-12-23,176725.33000000007,1,26697.830000000064,27.5
2019-12-24,176719.08000000007,1,26697.830000000064,21.25
2019-12-25,176734.08000000007,1,26697.830000000064,36.25
2019-12-26,176831.58000000007,1,26697.830000000064,133.75
2019-12-27,176720.35000000006,3,26835.350000000068,-115.0
2019-12-29,176829.10000000006,3,26835.350000000068,-6.25
2019-12-30,176574.74000000008,6,26833.49000000007,-258.75
2019-12-31,176945.37000000008,7,26832.87000000007,112.5
2020-01-01,177076.62000000008,7,26832.87000000007,243.75
2020-01-02,177602.9100000001,7,27710.41000000008,-107.5
2020-01-03,177639.7900000001,2,27709.79000000008,-70.0
2020-01-05,177564.7900000001,2,27709.79000000008,-145.0
2020-01-06,177996.67000000007,3,27709.170000000082,287.5
2020-01-07,177565.42000000007,3,27709.170000000082,-143.75
2020-01-08,178144.8200000001,3,28083.570000000087,61.25
2020-01-09,178347.3200000001,2,28083.570000000087,263.75
2020-01-10,178130.4800000001,5,28330.480000000094,-200.0
2020-01-12,178380.4800000001,5,28330.480000000094,50.0
2020-01-13,178780.4800000001,5,28330.480000000094,450.0
2020-01-14,178561.7300000001,5,28330.480000000094,231.25
2020-01-15,179074.2700000001,5,28950.520000000102,123.75
2020-01-16,179331.7900000001,3,29323.040000000106,8.75
2020-01-17,179360.5400000001,1,29323.040000000106,37.5
2020-01-19,179374.2900000001,1,29323.040000000106,51.25
2020-01-20,179300.5400000001,1,29323.040000000106,-22.5
2020-01-21,179415.5400000001,1,29323.040000000106,92.5
2020-01-22,179324.2900000001,1,29323.040000000106,1.25
2020-01-23,179606.8000000001,3,29321.80000000011,285.0
2020-01-24,179030.57000000012,7,29319.320000000112,-288.75
2020-01-26,178006.82000000012,7,29319.320000000112,-1312.5
2020-01-27,177874.95000000013,8,29318.700000000114,-1443.75
2020-01-28,179184.95000000013,8,29318.700000000114,-133.75
2020-01-29,177794.95000000013,8,29318.700000000114,-1523.75
2020-01-30,179227.4600000001,8,29453.710000000116,-226.25
2020-01-31,177202.4600000001,6,29453.710000000116,-2251.25
2020-02-02,177749.9600000001,6,29453.710000000116,-1703.75
2020-02-03,178289.9600000001,6,29453.710000000116,-1163.75
2020-02-04,179294.35000000012,6,29526.85000000012,-232.5
2020-02-05,180289.38000000012,3,29793.130000000125,496.25
2020-02-06,180185.03000000014,3,30166.28000000013,18.75
2020-02-07,179950.04000000012,4,30165.040000000132,-215.0
2020-02-09,180010.04000000012,4,30165.040000000132,-155.0
2020-02-10,180955.67000000013,5,30164.420000000133,791.25
2020-02-11,181096.96000000014,5,31044.46000000014,52.5
2020-02-12,181145.71000000014,3,31044.46000000014,101.25
2020-02-13,181396.96000000014,3,31044.46000000014,352.5
2020-02-14,181340.71000000014,3,31044.46000000014,296.25
2020-02-16,181441.96000000014,3,31044.46000000014,397.5
2020-02-17,181220.71000000014,3,31044.46000000014,176.25
2020-02-18,181314.46000000014,3,31044.46000000014,270.0
2020-02-19,181398.23000000016,3,31416.980000000145,-18.75
2020-02-20,181049.51000000015,7,31413.26000000015,-363.75
2020-02-21,180397.65000000014,10,31411.400000000154,-1013.75
2020-02-23,178235.15000000014,10,31411.400000000154,-3176.25
2020-02-24,176769.55000000016,15,31408.30000000016,-4638.75
2020-02-25,167777.13000000018,31,31398.380000000176,-13621.25
2020-02-26,153830.26000000018,32,31397.760000000177,-27567.5
2020-02-27,152110.26000000018,32,31397.760000000177,-29287.5
2020-03-01,131190.26000000018,32,31397.760000000177,-50207.5
2020-03-03,149150.26000000018,32,31397.760000000177,-32247.5
2020-03-04,158654.0200000002,32,31446.52000000018,-22792.5
2020-03-05,142266.5200000002,30,31446.52000000018,-39180.0
2020-03-06,139904.0200000002,30,31446.52000000018,-41542.5
2020-03-08,118191.5200000002,30,31446.52000000018,-63255.0
2020-03-09,118154.0200000002,30,31446.52000000018,-63292.5
2020-03-10,117216.5200000002,30,31446.52000000018,-64230.0
2020-03-11,88266.5200000002,30,31446.52000000018,-93180.0
2020-03-12,55229.02000000019,30,31446.52000000018,-126217.5
2020-03-13,95054.0200000002,30,31446.52000000018,-86392.5
2020-03-15,80466.5200000002,30,31446.52000000018,-100980.0
2020-03-16,69741.82000000018,30,31371.820000000178,-111630.0
2020-03-17,57366.82000000018,30,31371.820000000178,-124005.0
2020-03-18,39854.32000000018,30,31371.820000000178,-141517.5
2020-03-19,52941.82000000018,30,31371.820000000178,-128430.0
2020-03-20,37004.32000000018,30,31371.820000000178,-144367.5
2020-03-22,26804.32000000018,30,31371.820000000178,-154567.5
2020-03-23,38654.32000000018,30,31371.820000000178,-142717.5
2020-03-24,57629.32000000018,30,31371.820000000178,-123742.5
2020-03-25,65541.82000000018,30,31371.820000000178,-115830.0
2020-03-26,83879.32000000018,30,31371.820000000178,-97492.5
2020-03-27,74916.82000000018,30,31371.820000000178,-106455.0
2020-03-29,73904.32000000018,30,31371.820000000178,-107467.5
2020-03-30,89579.32000000018,30,31371.820000000178,-91792.5
2020-03-31,76191.82000000018,30,31371.820000000178,-105180.0
2020-04-01,69141.82000000018,30,31371.820000000178,-112230.0
2020-04-02,70604.32000000018,30,31371.820000000178,-110767.5
2020-04-03,68954.32000000018,30,31371.820000000178,-112417.5
2020-04-05,81891.82000000018,30,31371.820000000178,-99480.0
2020-04-06,90891.82000000018,30,31371.820000000178,-90480.0
2020-04-07,93891.82000000018,30,31371.820000000178,-87480.0
2020-04-08,106866.82000000018,30,31371.820000000178,-74505.0
2020-04-09,114966.82000000018,30,31371.820000000178,-66405.0
2020-04-12,107804.32000000018,30,31371.820000000178,-73567.5
2020-04-13,116241.82000000018,30,31371.820000000178,-65130.0
2020-04-14,121041.82000000018,30,31371.820000000178,-60330.0
2020-04-15,110879.32000000018,30,31371.820000000178,-70492.5
2020-04-16,127904.32000000018,30,31371.820000000178,-53467.5
2020-04-17,127266.82000000018,30,31371.820000000178,-54105.0
2020-04-19,127604.32000000018,30,31371.820000000178,-53767.5
2020-04-20,115154.32000000018,30,31371.820000000178,-66217.5
2020-04-21,107766.82000000018,30,31371.820000000178,-73605.0
2020-04-22,113354.32000000018,30,31371.820000000178,-68017.5
2020-04-23,111779.32000000018,30,31371.820000000178,-69592.5
2020-04-24,121116.82000000018,30,31371.820000000178,-60255.0
2020-04-26,123366.82000000018,30,31371.820000000178,-58005.0
2020-04-27,125391.82000000018,30,31371.820000000178,-55980.0
2020-04-28,131729.32000000018,30,31371.820000000178,-49642.5
2020-04-29,140504.32000000018,30,31371.820000000178,-40867.5
2020-04-30,125916.82000000018,30,31371.820000000178,-55455.0
2020-05-01,119466.82000000018,30,31371.820000000178,-61905.0
2020-05-03,117779.32000000018,30,31371.820000000178,-63592.5
2020-05-04,123179.32000000018,30,31371.820000000178,-58192.5
2020-05-05,126104.32000000018,30,31371.820000000178,-55267.5
2020-05-06,124491.82000000018,30,31371.820000000178,-56880.0
2020-05-07,133941.82000000018,30,31371.820000000178,-47430.0
2020-05-08,136491.82000000018,30,31371.820000000178,-44880.0
2020-05-10,138216.82000000018,30,31371.820000000178,-43155.0
2020-05-11,132329.32000000018,30,31371.820000000178,-49042.5
2020-05-12,124941.82000000018,30,31371.820000000178,-56430.0
2020-05-13,118754.32000000018,30,31371.820000000178,-62617.5
2020-05-14,124079.32000000018,30,31371.820000000178,-57292.5
2020-05-15,125091.82000000018,30,31371.820000000178,-56280.0
2020-05-17,128766.82000000018,30,31371.820000000178,-52605.0
2020-05-18,137879.32000000018,30,31371.820000000178,-43492.5
2020-05-19,137279.32000000018,30,31371.820000000178,-44092.5
2020-05-20,139529.32000000018,30,31371.820000000178,-41842.5
2020-05-21,134804.32000000018,30,31371.820000000178,-46567.5
2020-05-22,140354.32000000018,30,31371.820000000178,-41017.5
2020-05-24,141216.82000000018,30,31371.820000000178,-40155.0
2020-05-25,146916.82000000018,30,31371.820000000178,-34455.0
2020-05-26,149091.82000000018,30,31371.820000000178,-32280.0
2020-05-27,151866.82000000018,30,31371.820000000178,-29505.0
2020-05-28,150929.32000000018,30,31371.820000000178,-30442.5
2020-05-29,155504.32000000018,30,31371.820000000178,-25867.5
2020-05-31,152354.32000000018,30,31371.820000000178,-29017.5
2020-06-01,153029.32000000018,30,31371.820000000178,-28342.5
2020-06-02,159629.32000000018,30,31371.820000000178,-21742.5
2020-06-03,163634.3300000002,30,31420.58000000018,-17786.25
2020-06-04,165664.3300000002,28,31420.58000000018,-15756.25
2020-06-05,173798.1500000002,28,32541.900000000194,-8743.75
2020-06-07,174393.1500000002,14,32541.900000000194,-8148.75
2020-06-08,176388.1700000002,14,32639.4200000002,-6251.25
2020-06-09,176350.6700000002,10,32639.4200000002,-6288.75
2020-06-10,172988.1700000002,10,32639.4200000002,-9651.25
2020-06-11,167488.1700000002,10,32639.4200000002,-15151.25
2020-06-12,167050.6700000002,10,32639.4200000002,-15588.75
2020-06-14,165150.6700000002,10,32639.4200000002,-17488.75
2020-06-15,171138.2700000002,10,32614.520000000197,-11476.25
2020-06-16,171225.7700000002,10,32614.520000000197,-11388.75
2020-06-17,170125.7700000002,10,32614.520000000197,-12488.75
2020-06-18,171063.2700000002,10,32614.520000000197,-11551.25
2020-06-19,168675.7700000002,10,32614.520000000197,-13938.75
2020-06-21,169750.7700000002,10,32614.520000000197,-12863.75
2020-06-22,171350.7700000002,10,32614.520000000197,-11263.75
2020-06-23,171775.7700000002,10,32614.520000000197,-10838.75
2020-06-24,167538.2700000002,10,32614.520000000197,-15076.25
2020-06-25,169425.7700000002,10,32614.520000000197,-13188.75
2020-06-26,165938.2700000002,10,32614.520000000197,-16676.25
2020-06-28,166000.7700000002,10,32614.520000000197,-16613.75
2020-06-29,168425.7700000002,10,32614.520000000197,-14188.75
2020-06-30,170025.7700000002,10,32614.520000000197,-12588.75
2020-07-01,171088.2700000002,10,32614.520000000197,-11526.25
2020-07-02,172088.2700000002,10,32614.520000000197,-10526.25
2020-07-03,171563.2700000002,10,32614.520000000197,-11051.25
2020-07-05,174088.2700000002,10,32614.520000000197,-8526.25
2020-07-06,174075.7700000002,10,32614.520000000197,-8538.75
2020-07-07,172913.2700000002,10,32614.520000000197,-9701.25
2020-07-08,174000.7700000002,10,32614.520000000197,-8613.75
2020-07-09,172550.7700000002,10,32614.520000000197,-10063.75
2020-07-10,174763.2700000002,10,32614.520000000197,-7851.25
2020-07-12,175388.2700000002,10,32614.520000000197,-7226.25
2020-07-13,173300.7700000002,10,32614.520000000197,-9313.75
2020-07-14,176175.7700000002,10,32614.520000000197,-6438.75
2020-07-15,176000.7700000002,10,32614.520000000197,-6613.75
2020-07-16,175963.2700000002,10,32614.520000000197,-6651.25
2020-07-17,176475.7700000002,10,32614.520000000197,-6138.75
2020-07-19,176038.2700000002,10,32614.520000000197,-6576.25
2020-07-20,178288.2700000002,10,32614.520000000197,-4326.25
2020-07-21,178925.7700000002,10,32614.520000000197,-3688.75
2020-07-22,179100.7700000002,10,32614.520000000197,-3513.75
2020-07-23,176613.2700000002,10,32614.520000000197,-6001.25
2020-07-24,175963.2700000002,10,32614.520000000197,-6651.25
2020-07-26,176800.7700000002,10,32614.520000000197,-5813.75
2020-07-27,177513.2700000002,10,32614.520000000197,-5101.25
2020-07-28,176325.7700000002,10,32614.520000000197,-6288.75
2020-07-29,178200.7700000002,10,32614.520000000197,-4413.75
2020-07-30,178725.7700000002,10,32614.520000000197,-3888.75
2020-07-31,179263.2700000002,10,32614.520000000197,-3351.25
2020-08-02,178875.7700000002,10,32614.520000000197,-3738.75
2020-08-03,180100.7700000002,10,32614.520000000197,-2513.75
2020-08-04,180875.7700000002,10,32614.520000000197,-1738.75
2020-08-05,181618.2800000002,10,32663.2800000002,-1045.0
2020-08-06,182159.5500000002,8,32760.800000000203,-601.25
2020-08-07,182579.5500000002,4,32760.800000000203,-181.25
2020-08-09,182634.5500000002,4,32760.800000000203,-126.25
2020-08-10,182821.4300000002,4,32785.180000000204,36.25
2020-08-11,182363.36000000016,8,32938.360000000175,-575.0
2020-08-12,183928.41000000015,8,33937.16000000015,-8.75
2020-08-13,184022.79000000015,3,33936.54000000015,86.25
2020-08-14,183887.79000000015,3,33936.54000000015,-48.75
2020-08-16,184004.04000000015,3,33936.54000000015,67.5
2020-08-17,184135.29000000015,3,33936.54000000015,198.75
2020-08-18,184319.04000000015,3,33936.54000000015,382.5
2020-08-19,183652.83000000013,5,34306.580000000125,-653.75
2020-08-20,184674.71000000014,6,34305.96000000012,368.75
2020-08-21,184749.71000000014,6,34305.96000000012,443.75
2020-08-23,185042.21000000014,6,34305.96000000012,736.25
2020-08-24,186014.1300000001,6,35606.6300000001,407.5
2020-08-25,185992.90000000008,3,35981.65000000009,11.25
2020-08-26,186149.1600000001,1,36105.41000000008,43.75
2020-08-27,186885.44000000006,5,36226.69000000007,658.75
2020-08-28,186854.22000000006,5,36850.47000000005,3.75
2020-08-30,186936.72000000006,1,36850.47000000005,86.25
2020-08-31,186857.98000000004,3,36849.23000000005,8.75
2020-09-01,187275.50000000003,3,37223.00000000004,52.5
2020-09-02,187879.30000000002,4,37843.05000000001,36.25
2020-09-03,181570.02999999997,22,37830.029999999955,-6260.0
2020-09-04,179907.57999999993,32,37823.82999999993,-7916.25
2020-09-06,179787.57999999993,32,37823.82999999993,-8036.25
2020-09-07,181987.57999999993,32,37823.82999999993,-5836.25
2020-09-08,167827.57999999993,32,37823.82999999993,-19996.25
2020-09-09,175867.57999999993,32,37823.82999999993,-11956.25
2020-09-10,170867.57999999993,32,37823.82999999993,-16956.25
2020-09-11,167467.57999999993,32,37823.82999999993,-20356.25
2020-09-13,173307.89999999994,32,37744.14999999993,-14436.25
2020-09-14,175587.89999999994,32,37744.14999999993,-12156.25
2020-09-15,179387.89999999994,32,37744.14999999993,-8356.25
2020-09-16,173139.1999999999,32,39079.1999999999,-15940.0
2020-09-17,173056.6999999999,22,39079.1999999999,-16022.5
2020-09-18,170169.1999999999,22,39079.1999999999,-18910.0
2020-09-20,169234.1999999999,22,39079.1999999999,-19845.0
2020-09-21,165219.1999999999,22,39079.1999999999,-23860.0
2020-09-22,168106.6999999999,22,39079.1999999999,-20972.5
2020-09-23,160571.6999999999,22,39079.1999999999,-28507.5
2020-09-24,162854.1999999999,22,39079.1999999999,-26225.0
2020-09-25,166676.6999999999,22,39079.1999999999,-22402.5
2020-09-27,168299.1999999999,22,39079.1999999999,-20780.0
2020-09-28,174266.6999999999,22,39079.1999999999,-14812.5
2020-09-29,169949.1999999999,22,39079.1999999999,-19130.0
2020-09-30,175696.6999999999,22,39079.1999999999,-13382.5
2020-10-01,175064.1999999999,22,39079.1999999999,-14015.0
2020-10-02,173276.6999999999,22,39079.1999999999,-15802.5
2020-10-04,174624.1999999999,22,39079.1999999999,-14455.0
2020-10-05,178749.1999999999,22,39079.1999999999,-10330.0
2020-10-06,174594.8299999999,22,39103.5799999999,-14508.75
2020-10-07,181157.3299999999,21,39103.5799999999,-7946.25
2020-10-08,184952.96999999988,21,39184.21999999989,-4231.25
2020-10-09,186471.73999999987,18,39322.98999999988,-2851.25
2020-10-11,186524.23999999987,14,39322.98999999988,-2798.75
2020-10-12,189104.28999999986,14,39689.289999999855,-585.0
2020-10-13,189054.28999999986,4,39689.289999999855,-635.0
2020-10-14,188039.28999999986,4,39689.289999999855,-1650.0
2020-10-15,188239.28999999986,4,39689.289999999855,-1450.0
2020-10-16,188014.28999999986,4,39689.289999999855,-1675.0
2020-10-18,188414.28999999986,4,39689.289999999855,-1275.0
2020-10-19,187469.28999999986,4,39689.289999999855,-2220.0
2020-10-20,187809.28999999986,4,39689.289999999855,-1880.0
2020-10-21,186844.28999999986,4,39689.289999999855,-2845.0
2020-10-22,187769.28999999986,4,39689.289999999855,-1920.0
2020-10-23,187774.28999999986,4,39689.289999999855,-1915.0
2020-10-25,187379.28999999986,4,39689.289999999855,-2310.0
2020-10-26,186654.28999999986,4,39689.289999999855,-3035.0
2020-10-27,185999.28999999986,4,39689.289999999855,-3690.0
2020-10-28,184659.28999999986,4,39689.289999999855,-5030.0
2020-10-29,184199.28999999986,4,39689.289999999855,-5490.0
2020-10-30,184284.28999999986,4,39689.289999999855,-5405.0
2020-11-01,184099.28999999986,4,39689.289999999855,-5590.0
2020-11-02,184954.28999999986,4,39689.289999999855,-4735.0
2020-11-03,186549.28999999986,4,39689.289999999855,-3140.0
2020-11-04,188009.28999999986,4,39689.289999999855,-1680.0
2020-11-05,188289.28999999986,4,39689.289999999855,-1400.0
2020-11-06,188919.28999999986,4,39689.289999999855,-770.0
2020-11-08,189949.28999999986,4,39689.289999999855,260.0
2020-11-09,185823.1299999998,14,41513.12999999981,-5690.0
2020-11-10,188611.2799999998,19,41510.029999999795,-2898.75
2020-11-11,188136.2799999998,19,41510.029999999795,-3373.75
2020-11-12,187495.0299999998,19,41510.029999999795,-4015.0
2020-11-13,192055.0299999998,19,41510.029999999795,545.0
2020-11-15,194762.5299999998,19,41510.029999999795,3252.5
2020-11-16,194818.88999999972,19,44772.63999999974,46.25
2020-11-17,194776.39999999973,5,44771.39999999973,5.0
2020-11-18,193621.41999999972,9,44768.91999999972,-1147.5
2020-11-19,193880.1799999997,11,44767.67999999972,-887.5
2020-11-20,193123.9299999997,11,44767.67999999972,-1643.75
2020-11-22,193797.6799999997,11,44767.67999999972,-970.0
2020-11-23,196038.9299999997,11,44767.67999999972,1271.25
2020-11-24,196372.12999999968,11,46264.62999999968,107.5
2020-11-25,196378.38999999966,4,46263.38999999967,115.0
2020-11-26,196253.38999999966,4,46263.38999999967,-10.0
2020-11-27,196508.38999999966,4,46263.38999999967,245.0
2020-11-29,196158.38999999966,4,46263.38999999967,-105.0
2020-11-30,197547.77999999968,7,46261.529999999664,1286.25
2020-12-01,197633.44999999963,7,47647.19999999964,-13.75
2020-12-02,197800.32999999964,3,47646.57999999964,153.75
2020-12-03,198065.9899999996,4,48017.23999999962,48.75
2020-12-04,198491.6399999996,4,48517.88999999961,-26.25
2020-12-06,198487.8899999996,1,48517.88999999961,-30.0
2020-12-07,198387.89999999962,3,48516.6499999996,-128.75
2020-12-08,199007.2799999996,4,48516.0299999996,491.25
2020-12-09,198324.7899999996,6,48514.78999999959,-190.0
2020-12-10,198173.54999999958,8,48513.54999999959,-340.0
2020-12-11,198226.0599999996,10,48512.30999999958,-286.25
2020-12-13,199201.15999999957,10,48487.40999999958,713.75
2020-12-14,198779.37999999954,10,49726.87999999953,-947.5
2020-12-15,200862.5599999995,9,50853.8099999995,8.75
2020-12-16,201035.0599999995,2,50853.8099999995,181.25
2020-12-17,201063.2099999995,3,51116.95999999949,-53.75
2020-12-18,201937.60999999946,8,51113.85999999948,823.75
2020-12-20,201337.60999999946,8,51113.85999999948,223.75
2020-12-21,201077.00999999946,13,51110.75999999946,-33.75
2020-12-22,200882.00999999946,13,51110.75999999946,-228.75
2020-12-23,202723.34999999942,13,52739.59999999942,-16.25
2020-12-24,202848.34999999942,5,52739.59999999942,108.75
2020-12-27,203454.59999999942,5,52739.59999999942,715.0
2020-12-28,203693.3799999994,5,53588.3799999994,105.0
2020-12-29,203733.4099999994,5,53709.659999999385,23.75
2020-12-30,203502.1599999994,5,53709.659999999385,-207.5
2020-12-31,204127.1599999994,5,53709.659999999385,417.5
2021-01-03,204114.6599999994,5,53709.659999999385,405.0
2021-01-04,202792.26999999932,17,54351.01999999933,-1558.75
2021-01-05,202919.76999999932,17,54351.01999999933,-1431.25
2021-01-06,206890.51999999926,17,56599.26999999926,291.25
2021-01-07,207714.94999999923,6,57473.69999999923,241.25
2021-01-08,208134.9899999992,5,58096.23999999921,38.75
2021-01-10,207991.2399999992,1,58096.23999999921,-105.0
2021-01-11,208020.6199999992,2,58095.61999999921,-75.0
2021-01-12,208413.1299999992,4,58094.379999999204,318.75
2021-01-13,208663.1599999992,4,58594.40999999919,68.75
2021-01-14,208153.16999999917,4,58593.16999999918,-440.0
2021-01-15,207223.81999999916,9,58590.06999999917,-1366.25
2021-01-17,207583.81999999916,9,58590.06999999917,-1006.25
2021-01-18,209170.06999999916,9,58590.06999999917,580.0
2021-01-19,209361.31999999916,9,58590.06999999917,771.25
2021-01-20,210545.12999999913,9,60446.37999999914,98.75
2021-01-21,210442.62999999913,1,60446.37999999914,-3.75
2021-01-22,210427.00999999914,2,60445.759999999136,-18.75
2021-01-24,210617.00999999914,2,60445.759999999136,171.25
2021-01-25,211146.4599999991,7,61311.4599999991,-165.0
2021-01-26,211353.36999999906,4,61682.11999999908,-328.75
2021-01-27,207650.93999999904,18,61673.43999999904,-4022.5
2021-01-28,211627.32999999897,18,64036.07999999897,-2408.75
2021-01-29,208493.00999999893,19,64029.25999999894,-5536.25
2021-01-31,211010.50999999893,19,64029.25999999894,-3018.75
2021-02-01,217090.50999999893,19,64029.25999999894,3061.25
2021-02-02,218403.74999999895,19,68317.49999999895,86.25
2021-02-03,218254.37999999896,3,68316.87999999896,-62.5
2021-02-04,218826.90999999898,3,68814.40999999898,12.5
2021-02-05,218899.40999999898,1,68814.40999999898,85.0
2021-02-07,218961.90999999898,1,68814.40999999898,147.5
2021-02-08,219083.799999999,2,68952.549999999,131.25
2021-02-09,219203.799999999,2,68952.549999999,251.25
2021-02-10,219298.84999999905,8,69242.59999999905,56.25
2021-02-11,219148.84999999905,8,69242.59999999905,-93.75
2021-02-12,220264.5199999991,8,70243.26999999909,21.25
2021-02-14,220318.2699999991,1,70243.26999999909,75.0
2021-02-15,220377.0199999991,1,70243.26999999909,133.75
2021-02-16,220243.2799999991,3,70242.0299999991,1.25
2021-02-17,220304.5399999991,5,70240.7899999991,63.75
2021-02-18,219911.42999999912,8,70238.92999999912,-327.5
2021-02-19,219981.42999999912,8,70238.92999999912,-257.5
2021-02-21,219861.42999999912,8,70238.92999999912,-377.5
2021-02-22,219877.05999999912,9,70238.30999999912,-361.25
2021-02-23,220486.46999999916,16,70233.96999999916,252.5
2021-02-24,222492.81999999925,16,72359.06999999925,133.75
2021-02-25,217199.15999999933,20,72347.90999999933,-5148.75
2021-02-26,216532.29999999935,23,72346.04999999935,-5813.75
2021-02-28,219982.29999999935,23,72346.04999999935,-2363.75
2021-03-01,225106.18999999948,23,75351.18999999948,-245.0
2021-03-02,225154.3399999995,8,75348.0899999995,-193.75
2021-03-03,219560.00999999954,17,75342.50999999954,-5782.5
2021-03-04,215391.9499999996,30,75334.4499999996,-9942.5
2021-03-05,229073.35999999975,30,79097.10999999975,-23.75
2021-03-07,228950.85999999975,2,79097.10999999975,-146.25
2021-03-08,229808.42999999982,10,79463.42999999982,345.0
2021-03-09,230482.8899999999,10,80835.3899999999,-352.5
2021-03-10,231792.30999999994,5,81458.55999999994,333.75
2021-03-11,232149.86,4,82091.10999999999,58.75
2021-03-12,232287.37,6,82089.87,197.5
2021-03-14,232437.43,6,82074.93,362.5
2021-03-15,232856.84000000003,6,82823.09000000003,33.75
2021-03-16,232828.72000000003,2,82822.47000000003,6.25
2021-03-17,233332.51000000007,4,83318.76000000007,13.75
2021-03-18,232243.1700000001,9,83314.4200000001,-1071.25
2021-03-19,231864.44000000012,13,83311.94000000012,-1447.5
2021-03-21,231913.19000000012,13,83311.94000000012,-1398.75
2021-03-22,234727.0200000002,13,84942.0200000002,-215.0
2021-03-23,234192.05000000022,9,84938.30000000022,-746.25
2021-03-24,233702.69000000024,12,84936.44000000024,-1233.75
2021-03-25,236323.96000000025,16,84933.96000000025,1390.0
2021-03-26,237550.97000000038,16,87555.97000000038,-5.0
2021-03-28,237470.97000000038,1,87555.97000000038,-85.0
2021-03-29,237972.2400000004,5,87553.4900000004,418.75
2021-03-30,237597.2400000004,5,87553.4900000004,43.75
2021-03-31,238149.15000000043,5,88174.15000000043,-25.0
2021-04-01,238526.04000000044,2,88422.29000000044,103.75
2021-04-02,238579.79000000044,1,88422.29000000044,157.5
2021-04-04,238583.54000000044,1,88422.29000000044,161.25
2021-04-05,238724.81000000046,1,88756.06000000046,-31.25
2021-04-06,238776.69000000047,2,88755.44000000047,21.25
2021-04-07,238999.19000000047,2,88755.44000000047,243.75
2021-04-08,239037.33000000048,2,89004.83000000048,32.5
2021-04-09,239124.8400000005,1,89128.59000000049,-3.75
2021-04-11,239096.0900000005,1,89128.59000000049,-32.5
2021-04-12,239216.7200000005,2,89127.9700000005,88.75
2021-04-13,239351.74000000051,2,89376.74000000051,-25.0
2021-04-14,239292.38000000053,5,89374.88000000053,-82.5
2021-04-15,240022.41000000056,5,90001.16000000056,21.25
2021-04-16,240153.68000000058,3,90126.18000000058,27.5
2021-04-18,240119.93000000058,3,90126.18000000058,-6.25
2021-04-19,240218.0700000006,6,90124.32000000059,93.75
2021-04-20,238659.35000000062,12,90120.60000000062,-1461.25
2021-04-21,241044.35000000062,12,90120.60000000062,923.75
2021-04-22,241423.2000000007,12,91616.95000000071,-193.75
2021-04-23,242615.12000000075,8,92617.62000000075,-2.5
2021-04-25,242657.62000000075,1,92617.62000000075,40.0
2021-04-26,242697.62000000075,1,92617.62000000075,80.0
2021-04-27,242702.62000000075,1,92617.62000000075,85.0
2021-04-28,243029.52000000078,4,92739.52000000078,290.0
2021-04-29,243347.08000000083,8,93232.08000000083,115.0
2021-04-30,242877.08000000083,8,93232.08000000083,-355.0
2021-05-02,243187.08000000083,8,93232.08000000083,-45.0
2021-05-03,242647.08000000083,8,93232.08000000083,-585.0
2021-05-04,243602.12000000087,16,93227.12000000087,375.0
2021-05-05,242522.12000000087,16,93227.12000000087,-705.0
2021-05-06,245287.83000000095,16,95231.58000000095,56.25
2021-05-07,245431.59000000096,1,95355.34000000096,76.25
2021-05-09,245464.09000000096,1,95355.34000000096,108.75
2021-05-10,244189.12000000098,7,95351.62000000098,-1162.5
2021-05-11,242539.140000001,11,95349.140000001,-2810.0
2021-05-12,239513.57000000105,22,95342.32000000105,-5828.75
2021-05-13,245371.07000000105,22,95342.32000000105,28.75
2021-05-14,248335.58000000118,22,98326.83000000118,8.75
2021-05-16,248256.83000000118,1,98326.83000000118,-70.0
2021-05-17,248713.1000000012,5,98324.3500000012,388.75
2021-05-18,246944.9900000012,8,98322.49000000121,-1377.5
2021-05-19,247563.13000000123,11,98320.63000000123,-757.5
2021-05-20,249815.0700000013,11,99700.07000000129,115.0
2021-05-21,249803.23000000132,5,99945.73000000132,-142.5
2021-05-23,249940.73000000132,5,99945.73000000132,-5.0
2021-05-24,250634.51000000135,5,100568.26000000135,66.25
2021-05-25,250683.89000000135,2,100567.64000000135,116.25
2021-05-26,250593.89000000135,2,100567.64000000135,26.25
2021-05-27,250846.39000000135,2,100567.64000000135,278.75
2021-05-28,250770.16000000137,2,100826.41000000137,-56.25
2021-05-30,250805.16000000137,2,100826.41000000137,-21.25
2021-05-31,250752.66000000137,2,100826.41000000137,-73.75
2021-06-01,250735.17000000138,4,100825.17000000138,-90.0
2021-06-02,250935.17000000138,4,100825.17000000138,110.0
2021-06-03,250854.5600000014,7,100823.3100000014,31.25
2021-06-04,251826.48000000144,7,101697.73000000144,128.75
2021-06-06,251778.98000000144,2,101697.73000000144,81.25
2021-06-07,251821.48000000144,2,101697.73000000144,123.75
2021-06-08,251813.98000000144,2,101697.73000000144,116.25
2021-06-09,251793.98000000144,2,101697.73000000144,96.25
2021-06-10,252136.51000000146,4,101945.26000000146,191.25
2021-06-11,252226.51000000146,4,101945.26000000146,281.25
2021-06-13,252311.55000000144,4,101935.30000000146,376.25
2021-06-14,252459.70000000147,4,102433.45000000148,26.25
2021-06-15,252374.09000000148,4,102431.5900000015,-57.5
2021-06-16,251375.3600000015,8,102429.11000000151,-1053.75
2021-06-17,252242.2400000015,9,102428.49000000152,-186.25
2021-06-18,248339.14000000153,14,102425.39000000154,-4086.25
2021-06-20,247639.14000000153,14,102425.39000000154,-4786.25
2021-06-21,253851.64000000153,14,102425.39000000154,1426.25
2021-06-22,254262.3400000016,14,104174.84000000161,87.5
2021-06-23,254262.3400000016,1,104174.84000000161,87.5
2021-06-24,254364.8500000016,1,104317.35000000162,47.5
2021-06-25,254419.8500000016,1,104317.35000000162,102.5
2021-06-27,254413.6000000016,1,104317.35000000162,96.25
2021-06-28,254412.36000000162,1,104441.11000000163,-28.75
2021-06-29,254483.61000000162,1,104441.11000000163,42.5
2021-06-30,254526.11000000162,1,104441.11000000163,85.0
2021-07-01,254603.62000000163,1,104564.87000000164,38.75
2021-07-02,254732.38000000163,1,104688.63000000165,43.75
2021-07-04,254722.38000000163,1,104688.63000000165,33.75
2021-07-05,254749.88000000163,1,104688.63000000165,61.25
2021-07-06,255013.65000000165,5,104686.15000000167,327.5
2021-07-07,255497.4500000017,5,105307.45000000171,190.0
2021-07-08,254728.0900000017,8,105305.59000000173,-577.5
2021-07-09,256397.51000000176,8,106302.51000000177,95.0
2021-07-11,256347.51000000176,1,106302.51000000177,45.0
2021-07-12,256462.52000000176,1,106426.27000000178,36.25
2021-07-13,256359.40000000177,2,106425.65000000178,-66.25
2021-07-14,256467.53000000177,3,106425.03000000179,42.5
2021-07-15,256448.8000000018,7,106422.55000000181,26.25
2021-07-16,255260.6900000018,10,106420.69000000182,-1160.0
2021-07-18,254560.6900000018,10,106420.69000000182,-1860.0
2021-07-19,252873.23000000184,18,106415.73000000186,-3542.5
2021-07-20,258594.58000000194,18,108665.83000000195,-71.25
2021-07-21,258951.47000000195,2,108915.22000000197,36.25
2021-07-22,259035.22000000195,1,108915.22000000197,120.0
2021-07-23,259317.75000000198,2,109327.750000002,-10.0
2021-07-25,259270.25000000198,1,109327.750000002,-57.5
2021-07-26,259360.25000000198,1,109327.750000002,32.5
2021-07-27,259462.780000002,7,109324.03000000202,138.75
2021-07-28,259366.530000002,7,109324.03000000202,42.5
2021-07-29,260052.82000000204,7,110201.57000000206,-148.75
2021-07-30,260183.45000000205,2,110200.95000000206,-17.5
2021-08-01,260345.95000000205,2,110200.95000000206,145.0
2021-08-02,260131.58000000205,3,110200.33000000207,-68.75
2021-08-03,260830.3700000021,5,110825.3700000021,5.0
2021-08-04,260835.3800000021,3,110824.13000000211,11.25
2021-08-05,261097.8800000021,3,110824.13000000211,273.75
2021-08-06,261219.78000000212,3,111196.03000000214,23.75
2021-08-08,261122.28000000212,2,111196.03000000214,-73.75
2021-08-09,261101.66000000213,3,111195.41000000214,-93.75
2021-08-10,261214.16000000213,3,111195.41000000214,18.75
2021-08-11,261450.41000000213,3,111195.41000000214,255.0
2021-08-12,261586.68000000215,3,111567.93000000216,18.75
2021-08-13,261616.68000000215,1,111567.93000000216,48.75
2021-08-15,261574.18000000215,1,111567.93000000216,6.25
2021-08-16,262041.72000000218,4,112064.2200000022,-22.5
2021-08-17,262454.2500000022,7,112060.50000000223,393.75
2021-08-18,260246.15000000224,12,112057.40000000225,-1811.25
2021-08-19,260620.53000000224,13,112056.78000000225,-1436.25
2021-08-20,263334.28000000224,13,112056.78000000225,1277.5
2021-08-22,264325.53000000224,13,112056.78000000225,2268.75
2021-08-23,264587.4900000023,13,114569.99000000233,17.5
2021-08-24,264544.9900000023,2,114569.99000000233,-25.0
2021-08-25,264619.9900000023,2,114569.99000000233,50.0
2021-08-26,264566.2500000023,4,114568.75000000234,-2.5
2021-08-27,265155.03000000236,4,115067.53000000237,87.5
2021-08-29,265170.03000000236,2,115067.53000000237,102.5
2021-08-30,265346.92000000237,2,115315.67000000238,31.25
2021-08-31,265500.6800000024,3,115314.4300000024,186.25
2021-09-01,265301.9300000024,3,115314.4300000024,-12.5
2021-09-02,265665.6800000024,3,115314.4300000024,351.25
2021-09-03,265523.1800000024,3,115314.4300000024,208.75
2021-09-05,265515.6800000024,3,115314.4300000024,201.25
2021-09-06,265601.9300000024,3,115314.4300000024,287.5
2021-09-07,265294.4300000024,3,115314.4300000024,-20.0
2021-09-08,264971.3200000024,6,115312.57000000241,-341.25
2021-09-09,265031.9500000024,7,115311.95000000241,-280.0
2021-09-10,263305.7300000024,13,115308.23000000244,-2002.5
2021-09-12,263533.36000000243,13,115275.86000000245,-1742.5
2021-09-13,264755.89000000246,13,115823.39000000247,-1067.5
2021-09-14,263758.39000000246,7,115823.39000000247,-2065.0
2021-09-15,264729.64000000246,7,115823.39000000247,-1093.75
2021-09-16,264589.64000000246,7,115823.39000000247,-1233.75
2021-09-17,262638.39000000246,7,115823.39000000247,-3185.0
2021-09-19,261938.39000000246,7,115823.39000000247,-3885.0
2021-09-20,261395.89000000246,7,115823.39000000247,-4427.5
2021-09-21,260442.14000000246,7,115823.39000000247,-5381.25
2021-09-22,262139.64000000246,7,115823.39000000247,-3683.75
2021-09-23,263758.39000000246,7,115823.39000000247,-2065.0
2021-09-24,263959.64000000246,7,115823.39000000247,-1863.75
2021-09-26,264502.14000000246,7,115823.39000000247,-1321.25
2021-09-27,263443.39000000246,7,115823.39000000247,-2380.0
2021-09-28,261142.14000000246,7,115823.39000000247,-4681.25
2021-09-29,261395.89000000246,7,115823.39000000247,-4427.5
2021-09-30,257843.39000000246,7,115823.39000000247,-7980.0
2021-10-01,260625.89000000246,7,115823.39000000247,-5197.5
2021-10-03,259899.64000000246,7,115823.39000000247,-5923.75
2021-10-04,258779.64000000246,7,115823.39000000247,-7043.75
2021-10-05,259453.39000000246,7,115823.39000000247,-6370.0
2021-10-06,261500.89000000246,7,115823.39000000247,-4322.5
2021-10-07,262060.89000000246,7,115823.39000000247,-3762.5
2021-10-08,261667.14000000246,7,115823.39000000247,-4156.25
2021-10-10,261378.39000000246,7,115823.39000000247,-4445.0
2021-10-11,259847.14000000246,7,115823.39000000247,-5976.25
2021-10-12,260065.89000000246,7,115823.39000000247,-5757.5
2021-10-13,261282.14000000246,7,115823.39000000247,-4541.25
2021-10-14,263863.39000000246,7,115823.39000000247,-1960.0
2021-10-15,264633.39000000246,7,115823.39000000247,-1190.0
2021-10-17,264449.64000000246,7,115823.39000000247,-1373.75
2021-10-18,265062.14000000246,7,115823.39000000247,-761.25
2021-10-19,265954.0400000025,7,115969.0400000025,-15.0
2021-10-20,266034.0600000025,2,116016.56000000252,17.5
2021-10-21,266204.0600000025,2,116016.56000000252,187.5
2021-10-22,266161.60000000254,6,116261.60000000255,-100.0
2021-10-24,266446.60000000254,6,116261.60000000255,185.0
2021-10-25,267067.26000000257,6,117012.26000000259,55.0
2021-10-26,266961.0400000026,5,117133.54000000261,-172.5
2021-10-27,266654.1800000026,8,117131.68000000263,-477.5
2021-10-28,268001.73000000266,8,118127.98000000267,-126.25
2021-10-29,268473.61000000266,3,118127.36000000268,346.25
2021-10-31,268533.61000000266,3,118127.36000000268,406.25
2021-11-01,268536.7700000027,4,118548.02000000271,-11.25
2021-11-02,269038.6700000027,4,119048.67000000273,-10.0
2021-11-03,269331.19000000274,2,119297.44000000275,33.75
2021-11-04,269561.21000000276,3,119419.96000000277,141.25
2021-11-05,269889.3700000028,4,119924.3700000028,-35.0
2021-11-07,269769.3700000028,4,119924.3700000028,-155.0
2021-11-08,269809.3700000028,4,119924.3700000028,-115.0
2021-11-09,269320.6300000028,6,119923.13000000281,-602.5
2021-11-10,268726.29000000283,13,119918.79000000285,-1192.5
2021-11-11,269148.79000000283,13,119918.79000000285,-770.0
2021-11-12,271212.54000000283,13,119918.79000000285,1293.75
2021-11-14,271163.79000000283,13,119918.79000000285,1245.0
2021-11-15,271812.6200000029,13,121852.62000000292,-40.0
2021-11-16,272126.40000000293,3,122225.15000000295,-98.75
2021-11-17,272158.29000000295,6,122223.29000000296,-65.0
2021-11-18,273240.17000000295,7,122222.67000000297,1017.5
2021-11-19,272470.17000000295,7,122222.67000000297,247.5
2021-11-21,272793.92000000295,7,122222.67000000297,571.25
2021-11-22,272582.740000003,7,123091.49000000303,-508.75
2021-11-23,272839.64000000304,12,123088.39000000306,-248.75
2021-11-24,274909.64000000304,12,123088.39000000306,1821.25
2021-11-25,271384.64000000304,12,123088.39000000306,-1703.75
2021-11-26,265666.5600000031,21,123082.8100000031,-7416.25
2021-11-28,271152.8100000031,21,123082.8100000031,-1930.0
2021-11-29,273856.5600000031,21,123082.8100000031,773.75
2021-11-30,269324.0800000031,25,123080.33000000312,-3756.25
2021-12-01,260218.49000000313,32,123075.99000000315,-12857.5
2021-12-02,266818.49000000313,32,123075.99000000315,-6257.5
2021-12-03,260178.49000000313,32,123075.99000000315,-12897.5
2021-12-05,264498.49000000313,32,123075.99000000315,-8577.5
2021-12-06,269741.0700000032,32,124588.57000000322,-4847.5
2021-12-07,275276.75000000326,16,125303.00000000327,-26.25
2021-12-08,275074.26000000327,5,125351.76000000328,-277.5
2021-12-09,274740.51000000327,3,125351.76000000328,-611.25
2021-12-10,275359.8900000033,3,125376.14000000329,-16.25
2021-12-12,275512.4100000033,2,125371.16000000329,141.25
2021-12-13,274964.9100000033,2,125371.16000000329,-406.25
2021-12-14,274642.4100000033,2,125371.16000000329,-728.75
2021-12-15,275407.4100000033,2,125371.16000000329,36.25
2021-12-16,273625.61000000336,13,125485.61000000336,-1860.0
2021-12-17,271660.6400000034,19,125481.89000000339,-3821.25
2021-12-19,266863.1400000034,19,125481.89000000339,-8618.75
2021-12-20,270094.4200000034,25,125478.17000000342,-5383.75
2021-12-21,275938.1700000034,25,125478.17000000342,460.0
2021-12-22,278759.56000000355,25,128733.31000000355,26.25
2021-12-23,278892.07000000356,1,128857.07000000356,35.0
2021-12-26,278909.57000000356,1,128857.07000000356,52.5
2021-12-27,279190.8400000036,1,129104.59000000358,86.25
2021-12-28,279277.1100000036,3,129235.8600000036,41.25
2021-12-29,279280.8600000036,3,129235.8600000036,45.0
2021-12-30,278988.3600000036,3,129235.8600000036,-247.5
2021-12-31,278929.6200000036,5,129234.6200000036,-305.0
2022-01-02,279329.6200000036,5,129234.6200000036,95.0
2022-01-03,279970.2500000036,6,129234.00000000361,736.25
2022-01-04,279693.44000000367,7,130149.69000000367,-456.25
2022-01-05,272311.63000000373,20,130141.63000000373,-7830.0
2022-01-06,275646.65000000375,24,130139.15000000375,-4492.5
2022-01-07,272090.41000000376,26,130137.91000000376,-8047.5
2022-01-09,272967.91000000376,26,130137.91000000376,-7170.0
2022-01-10,272589.1900000038,32,130134.19000000379,-7545.0
2022-01-11,280069.1900000038,32,130134.19000000379,-65.0
2022-01-12,284013.75000000396,32,134126.25000000396,-112.5
2022-01-13,281995.040000004,13,134121.290000004,-2126.25
2022-01-14,283395.680000004,16,134119.430000004,-723.75
2022-01-16,281795.680000004,16,134119.430000004,-2323.75
2022-01-17,280975.680000004,16,134119.430000004,-3143.75
2022-01-18,272621.34000000404,23,134115.09000000404,-11493.75
2022-01-19,272569.5000000041,30,134110.75000000407,-11541.25
2022-01-20,256622.01000000408,32,134109.51000000408,-27487.5
2022-01-21,246862.01000000408,32,134109.51000000408,-37247.5
2022-01-23,253182.01000000408,32,134109.51000000408,-30927.5
2022-01-24,240862.01000000408,32,134109.51000000408,-43247.5
2022-01-25,243462.01000000408,32,134109.51000000408,-40647.5
2022-01-26,230902.01000000408,32,134109.51000000408,-53207.5
2022-01-27,239022.01000000408,32,134109.51000000408,-45087.5
2022-01-28,252942.01000000408,32,134109.51000000408,-31167.5
2022-01-30,254982.01000000408,32,134109.51000000408,-29127.5
2022-01-31,264462.0100000041,32,134109.51000000408,-19647.5
2022-02-01,274206.4100000041,32,134231.4100000041,-10025.0
2022-02-02,272385.82000000414,27,134512.07000000414,-12126.25
2022-02-03,270860.82000000414,20,134512.07000000414,-13651.25
2022-02-04,267385.82000000414,20,134512.07000000414,-17126.25
2022-02-06,268210.82000000414,20,134512.07000000414,-16301.25
2022-02-07,266710.82000000414,20,134512.07000000414,-17801.25
2022-02-08,272285.82000000414,20,134512.07000000414,-12226.25
2022-02-09,275760.82000000414,20,134512.07000000414,-8751.25
2022-02-10,265385.82000000414,20,134512.07000000414,-19126.25
2022-02-11,260635.82000000414,20,134512.07000000414,-23876.25
2022-02-13,261010.82000000414,20,134512.07000000414,-23501.25
2022-02-14,258560.82000000414,20,134512.07000000414,-25951.25
2022-02-15,264285.82000000414,20,134512.07000000414,-20226.25
2022-02-16,263235.82000000414,20,134512.07000000414,-21276.25
2022-02-17,259260.82000000414,20,134512.07000000414,-25251.25
2022-02-18,253260.82000000414,20,134512.07000000414,-31251.25
2022-02-20,255510.82000000414,20,134512.07000000414,-29001.25
2022-02-21,246435.82000000414,20,134512.07000000414,-38076.25
2022-02-22,251335.82000000414,20,134512.07000000414,-33176.25
2022-02-23,232985.82000000414,20,134512.07000000414,-51526.25
2022-02-24,245135.82000000414,20,134512.07000000414,-39376.25
2022-02-25,256885.82000000414,20,134512.07000000414,-27626.25
2022-02-27,246460.82000000414,20,134512.07000000414,-38051.25
2022-02-28,255785.82000000414,20,134512.07000000414,-28726.25
2022-03-01,250760.82000000414,20,134512.07000000414,-33751.25
2022-03-02,257060.82000000414,20,134512.07000000414,-27451.25
2022-03-03,251410.82000000414,20,134512.07000000414,-33101.25
2022-03-04,250860.82000000414,20,134512.07000000414,-33651.25
2022-03-06,246410.82000000414,20,134512.07000000414,-38101.25
2022-03-07,237960.82000000414,20,134512.07000000414,-46551.25
2022-03-08,238135.82000000414,20,134512.07000000414,-46376.25
2022-03-09,245610.82000000414,20,134512.07000000414,-38901.25
2022-03-10,242735.82000000414,20,134512.07000000414,-41776.25
2022-03-11,239410.82000000414,20,134512.07000000414,-45101.25
2022-03-13,240711.02000000415,20,134462.27000000415,-43751.25
2022-03-14,237161.02000000415,20,134462.27000000415,-47301.25
2022-03-15,244461.02000000415,20,134462.27000000415,-40001.25
2022-03-16,253811.02000000415,20,134462.27000000415,-30651.25
2022-03-17,256861.02000000415,20,134462.27000000415,-27601.25
2022-03-18,266186.02000000415,20,134462.27000000415,-18276.25
2022-03-20,263986.02000000415,20,134462.27000000415,-20476.25
2022-03-21,264036.02000000415,20,134462.27000000415,-20426.25
2022-03-22,270736.02000000415,20,134462.27000000415,-13726.25
2022-03-23,265661.02000000415,20,134462.27000000415,-18801.25
2022-03-24,270886.02000000415,20,134462.27000000415,-13576.25
2022-03-25,273286.02000000415,20,134462.27000000415,-11176.25
2022-03-27,271836.02000000415,20,134462.27000000415,-12626.25
2022-03-28,276661.02000000415,20,134462.27000000415,-7801.25
2022-03-29,281342.9300000042,20,135175.43000000418,-3832.5
2022-03-30,280530.4300000042,13,135175.43000000418,-4645.0
2022-03-31,276646.6800000042,13,135175.43000000418,-8528.75
2022-04-01,276142.9300000042,13,135175.43000000418,-9032.5
2022-04-03,276224.1800000042,13,135175.43000000418,-8951.25
2022-04-04,278352.9300000042,13,135175.43000000418,-6822.5
2022-04-05,274566.6800000042,13,135175.43000000418,-10608.75
2022-04-06,270845.4300000042,13,135175.43000000418,-14330.0
2022-04-07,273331.6800000042,13,135175.43000000418,-11843.75
2022-04-08,272567.9300000042,13,135175.43000000418,-12607.5
2022-04-10,270747.9300000042,13,135175.43000000418,-14427.5
2022-04-11,266295.4300000042,13,135175.43000000418,-18880.0
2022-04-12,268131.6800000042,13,135175.43000000418,-17043.75
2022-04-13,270114.1800000042,13,135175.43000000418,-15061.25
2022-04-14,266425.4300000042,13,135175.43000000418,-18750.0
2022-04-17,264995.4300000042,13,135175.43000000418,-20180.0
2022-04-18,267416.6800000042,13,135175.43000000418,-17758.75
2022-04-19,270049.1800000042,13,135175.43000000418,-15126.25
2022-04-20,271755.4300000042,13,135175.43000000418,-13420.0
2022-04-21,265482.9300000042,13,135175.43000000418,-19692.5
2022-04-22,257471.68000000418,13,135175.43000000418,-27703.75
2022-04-24,257114.18000000418,13,135175.43000000418,-28061.25
2022-04-25,260737.93000000418,13,135175.43000000418,-24437.5
2022-04-26,253669.18000000418,13,135175.43000000418,-31506.25
2022-04-27,254725.43000000418,13,135175.43000000418,-30450.0
2022-04-28,258300.43000000418,13,135175.43000000418,-26875.0
2022-04-29,250045.43000000418,13,135175.43000000418,-35130.0
2022-05-01,250857.93000000418,13,135175.43000000418,-34317.5
2022-05-02,251816.68000000418,13,135175.43000000418,-33358.75
2022-05-03,252287.93000000418,13,135175.43000000418,-32887.5
2022-05-04,260120.43000000418,13,135175.43000000418,-25055.0
2022-05-05,250581.68000000418,13,135175.43000000418,-34593.75
2022-05-06,248339.18000000418,13,135175.43000000418,-36836.25
2022-05-08,246372.93000000418,13,135175.43000000418,-38802.5
2022-05-09,241725.43000000418,13,135175.43000000418,-43450.0
2022-05-10,241904.18000000418,13,135175.43000000418,-43271.25
2022-05-11,237224.18000000418,13,135175.43000000418,-47951.25
2022-05-12,238962.93000000418,13,135175.43000000418,-46212.5
2022-05-13,242017.93000000418,13,135175.43000000418,-43157.5
2022-05-15,240652.93000000418,13,135175.43000000418,-44522.5
2022-05-16,242245.43000000418,13,135175.43000000418,-42930.0
2022-05-17,245885.43000000418,13,135175.43000000418,-39290.0
2022-05-18,236574.18000000418,13,135175.43000000418,-48601.25
2022-05-19,236119.18000000418,13,135175.43000000418,-49056.25
2022-05-20,234786.68000000418,13,135175.43000000418,-50388.75
2022-05-22,236639.18000000418,13,135175.43000000418,-48536.25
2022-05-23,237321.68000000418,13,135175.43000000418,-47853.75
2022-05-24,238995.43000000418,13,135175.43000000418,-46180.0
2022-05-25,239547.93000000418,13,135175.43000000418,-45627.5
2022-05-26,244276.68000000418,13,135175.43000000418,-40898.75
2022-05-27,252060.43000000418,13,135175.43000000418,-33115.0
2022-05-29,252401.68000000418,13,135175.43000000418,-32773.75
2022-05-30,251849.18000000418,13,135175.43000000418,-33326.25
2022-05-31,250630.43000000418,13,135175.43000000418,-34545.0
2022-06-01,247607.93000000418,13,135175.43000000418,-37567.5
2022-06-02,252612.93000000418,13,135175.43000000418,-32562.5
2022-06-03,248257.93000000418,13,135175.43000000418,-36917.5
2022-06-05,249411.68000000418,13,135175.43000000418,-35763.75
2022-06-06,247802.93000000418,13,135175.43000000418,-37372.5
2022-06-07,250435.43000000418,13,135175.43000000418,-34740.0
2022-06-08,248420.43000000418,13,135175.43000000418,-36755.0
2022-06-09,242749.18000000418,13,135175.43000000418,-42426.25
2022-06-10,234997.93000000418,13,135175.43000000418,-50177.5
2022-06-12,231309.18000000418,13,135175.43000000418,-53866.25
2022-06-13,226580.5600000042,13,135143.0600000042,-58562.5
2022-06-14,224874.3100000042,13,135143.0600000042,-60268.75
2022-06-15,228498.0600000042,13,135143.0600000042,-56645.0
2022-06-16,220763.0600000042,13,135143.0600000042,-64380.0
2022-06-17,220340.5600000042,13,135143.0600000042,-64802.5
2022-06-19,220795.5600000042,13,135143.0600000042,-64347.5
2022-06-20,223688.0600000042,13,135143.0600000042,-61455.0
2022-06-21,223541.8100000042,13,135143.0600000042,-61601.25
2022-06-22,224825.5600000042,13,135143.0600000042,-60317.5
2022-06-23,228936.8100000042,13,135143.0600000042,-56206.25
2022-06-24,235371.8100000042,13,135143.0600000042,-49771.25
2022-06-26,236119.3100000042,13,135143.0600000042,-49023.75
2022-06-27,234380.5600000042,13,135143.0600000042,-50762.5
2022-06-28,229944.3100000042,13,135143.0600000042,-55198.75
2022-06-29,228595.5600000042,13,135143.0600000042,-56547.5
2022-06-30,225053.0600000042,13,135143.0600000042,-60090.0
2022-07-01,229570.5600000042,13,135143.0600000042,-55572.5
2022-07-03,228254.3100000042,13,135143.0600000042,-56888.75
2022-07-04,230253.0600000042,13,135143.0600000042,-54890.0
2022-07-05,230090.5600000042,13,135143.0600000042,-55052.5
2022-07-06,231146.8100000042,13,135143.0600000042,-53996.25
2022-07-07,233665.5600000042,13,135143.0600000042,-51477.5
2022-07-08,234770.5600000042,13,135143.0600000042,-50372.5
2022-07-10,232950.5600000042,13,135143.0600000042,-52192.5
2022-07-11,230334.3100000042,13,135143.0600000042,-54808.75
2022-07-12,229846.8100000042,13,135143.0600000042,-55296.25
2022-07-13,227961.8100000042,13,135143.0600000042,-57181.25
2022-07-14,228400.5600000042,13,135143.0600000042,-56742.5
2022-07-15,232251.8100000042,13,135143.0600000042,-52891.25
2022-07-17,233178.0600000042,13,135143.0600000042,-51965.0
2022-07-18,230529.3100000042,13,135143.0600000042,-54613.75
2022-07-19,238313.0600000042,13,135143.0600000042,-46830.0
2022-07-20,238069.3100000042,13,135143.0600000042,-47073.75
2022-07-21,239970.5600000042,13,135143.0600000042,-45172.5
2022-07-22,238524.3100000042,13,135143.0600000042,-46618.75
2022-07-24,238394.3100000042,13,135143.0600000042,-46748.75
2022-07-25,238264.3100000042,13,135143.0600000042,-46878.75
2022-07-26,237825.5600000042,13,135143.0600000042,-47317.5
2022-07-27,241888.0600000042,13,135143.0600000042,-43255.0
2022-07-28,247136.8100000042,13,135143.0600000042,-38006.25
2022-07-29,249525.5600000042,13,135143.0600000042,-35617.5
2022-07-31,248323.0600000042,13,135143.0600000042,-36820.0
2022-08-01,247705.5600000042,13,135143.0600000042,-37437.5
2022-08-02,247396.8100000042,13,135143.0600000042,-37746.25
2022-08-03,250728.0600000042,13,135143.0600000042,-34415.0
2022-08-04,251508.0600000042,13,135143.0600000042,-33635.0
2022-08-05,250126.8100000042,13,135143.0600000042,-35016.25
2022-08-07,249964.3100000042,13,135143.0600000042,-35178.75
2022-08-08,250825.5600000042,13,135143.0600000042,-34317.5
2022-08-09,248859.3100000042,13,135143.0600000042,-36283.75
2022-08-10,255375.5600000042,13,135143.0600000042,-29767.5
2022-08-11,254953.0600000042,13,135143.0600000042,-30190.0
2022-08-12,259161.8100000042,13,135143.0600000042,-25981.25
2022-08-14,258528.0600000042,13,135143.0600000042,-26615.0
2022-08-15,259990.5600000042,13,135143.0600000042,-25152.5
2022-08-16,260868.0600000042,13,135143.0600000042,-24275.0
2022-08-17,258609.3100000042,13,135143.0600000042,-26533.75
2022-08-18,259048.0600000042,13,135143.0600000042,-26095.0
2022-08-19,255765.5600000042,13,135143.0600000042,-29377.5
2022-08-21,254888.0600000042,13,135143.0600000042,-30255.0
2022-08-22,250468.0600000042,13,135143.0600000042,-34675.0
2022-08-23,248469.3100000042,13,135143.0600000042,-36673.75
2022-08-24,250923.0600000042,13,135143.0600000042,-34220.0
2022-08-25,253799.3100000042,13,135143.0600000042,-31343.75
2022-08-26,243691.8100000042,13,135143.0600000042,-41451.25
2022-08-28,242798.0600000042,13,135143.0600000042,-42345.0
2022-08-29,243545.5600000042,13,135143.0600000042,-41597.5
2022-08-30,241514.3100000042,13,135143.0600000042,-43628.75
2022-08-31,236184.3100000042,13,135143.0600000042,-48958.75
2022-09-01,238638.0600000042,13,135143.0600000042,-46505.0
2022-09-02,236574.3100000042,13,135143.0600000042,-48568.75
2022-09-04,236525.5600000042,13,135143.0600000042,-48617.5
2022-09-05,236996.8100000042,13,135143.0600000042,-48146.25
2022-09-06,233925.5600000042,13,135143.0600000042,-51217.5
2022-09-07,239678.0600000042,13,135143.0600000042,-45465.0
2022-09-08,242131.8100000042,13,135143.0600000042,-43011.25
2022-09-09,245219.3100000042,13,135143.0600000042,-39923.75
2022-09-11,245219.3100000042,13,135143.0600000042,-39923.75
2022-09-12,248274.4400000042,13,135110.6900000042,-36836.25
2022-09-13,236883.1900000042,13,135110.6900000042,-48227.5
2022-09-14,237646.9400000042,13,135110.6900000042,-47463.75
2022-09-15,232576.9400000042,13,135110.6900000042,-52533.75
2022-09-16,233324.4400000042,13,135110.6900000042,-51786.25
2022-09-18,231926.9400000042,13,135110.6900000042,-53183.75
2022-09-19,234835.6900000042,13,135110.6900000042,-50275.0
2022-09-20,231780.6900000042,13,135110.6900000042,-53330.0
2022-09-21,225508.1900000042,13,135110.6900000042,-59602.5
2022-09-22,224484.4400000042,13,135110.6900000042,-60626.25
2022-09-23,220893.1900000042,13,135110.6900000042,-64217.5
2022-09-25,219446.9400000042,13,135110.6900000042,-65663.75
2022-09-26,219836.9400000042,13,135110.6900000042,-65273.75
2022-09-27,216213.1900000042,13,135110.6900000042,-68897.5
2022-09-28,222079.4400000042,13,135110.6900000042,-63031.25
2022-09-29,216538.1900000042,13,135110.6900000042,-68572.5
2022-09-30,213938.1900000042,13,135110.6900000042,-71172.5
2022-10-02,213596.9400000042,13,135110.6900000042,-71513.75
2022-10-03,221575.6900000042,13,135110.6900000042,-63535.0
2022-10-04,225751.9400000042,13,135110.6900000042,-59358.75
2022-10-05,227490.6900000042,13,135110.6900000042,-57620.0
2022-10-06,223541.9400000042,13,135110.6900000042,-61568.75
2022-10-07,216960.6900000042,13,135110.6900000042,-68150.0
2022-10-09,216018.1900000042,13,135110.6900000042,-69092.5
2022-10-10,214051.9400000042,13,135110.6900000042,-71058.75
2022-10-11,213954.4400000042,13,135110.6900000042,-71156.25
2022-10-12,213255.6900000042,13,135110.6900000042,-71855.0
2022-10-13,220811.9400000042,13,135110.6900000042,-64298.75
2022-10-14,213434.4400000042,13,135110.6900000042,-71676.25
2022-10-16,214474.4400000042,13,135110.6900000042,-70636.25
2022-10-17,222924.4400000042,13,135110.6900000042,-62186.25
2022-10-18,224175.6900000042,13,135110.6900000042,-60935.0
2022-10-19,219154.4400000042,13,135110.6900000042,-65956.25
2022-10-20,217903.1900000042,13,135110.6900000042,-67207.5
2022-10-21,224841.9400000042,13,135110.6900000042,-60268.75
2022-10-23,224435.6900000042,13,135110.6900000042,-60675.0
2022-10-24,227263.1900000042,13,135110.6900000042,-57847.5
2022-10-25,229001.9400000042,13,135110.6900000042,-56108.75
2022-10-26,230643.1900000042,13,135110.6900000042,-54467.5
2022-10-27,226921.9400000042,13,135110.6900000042,-58188.75
2022-10-28,234656.9400000042,13,135110.6900000042,-50453.75
2022-10-30,233746.9400000042,13,135110.6900000042,-51363.75
2022-10-31,232950.6900000042,13,135110.6900000042,-52160.0
2022-11-01,231569.4400000042,13,135110.6900000042,-53541.25
2022-11-02,225199.4400000042,13,135110.6900000042,-59911.25
2022-11-03,221998.1900000042,13,135110.6900000042,-63112.5
2022-11-04,224890.6900000042,13,135110.6900000042,-60220.0
2022-11-06,224923.1900000042,13,135110.6900000042,-60187.5
2022-11-07,227474.4400000042,13,135110.6900000042,-57636.25
2022-11-08,229180.6900000042,13,135110.6900000042,-55930.0
2022-11-09,224354.4400000042,13,135110.6900000042,-60756.25
2022-11-10,237630.6900000042,13,135110.6900000042,-47480.0
2022-11-11,239629.4400000042,13,135110.6900000042,-45481.25
2022-11-13,238979.4400000042,13,135110.6900000042,-46131.25
2022-11-14,238524.4400000042,13,135110.6900000042,-46586.25
2022-11-15,238930.6900000042,13,135110.6900000042,-46180.0
2022-11-16,237744.4400000042,13,135110.6900000042,-47366.25
2022-11-17,236720.6900000042,13,135110.6900000042,-48390.0
2022-11-18,237809.4400000042,13,135110.6900000042,-47301.25
2022-11-20,237256.9400000042,13,135110.6900000042,-47853.75
2022-11-21,237208.1900000042,13,135110.6900000042,-47902.5
2022-11-22,240165.6900000042,13,135110.6900000042,-44945.0
2022-11-23,242391.9400000042,13,135110.6900000042,-42718.75
2022-11-24,242440.6900000042,13,135110.6900000042,-42670.0
2022-11-25,241888.1900000042,13,135110.6900000042,-43222.5
2022-11-27,240100.6900000042,13,135110.6900000042,-45010.0
2022-11-28,238573.1900000042,13,135110.6900000042,-46537.5
2022-11-29,237549.4400000042,13,135110.6900000042,-47561.25
2022-11-30,245414.4400000042,13,135110.6900000042,-39696.25
2022-12-01,244455.6900000042,13,135110.6900000042,-40655.0
2022-12-02,244000.6900000042,13,135110.6900000042,-41110.0
2022-12-04,244244.4400000042,13,135110.6900000042,-40866.25
2022-12-05,240100.6900000042,13,135110.6900000042,-45010.0
2022-12-06,236541.9400000042,13,135110.6900000042,-48568.75
2022-12-07,235274.4400000042,13,135110.6900000042,-49836.25
2022-12-08,237988.1900000042,13,135110.6900000042,-47122.5
2022-12-09,235225.6900000042,13,135110.6900000042,-49885.0
2022-12-11,235339.4400000042,13,135110.6900000042,-49771.25
2022-12-12,238914.5700000042,13,135078.3200000042,-46163.75
2022-12-13,241888.3200000042,13,135078.3200000042,-43190.0
2022-12-14,239515.8200000042,13,135078.3200000042,-45562.5
2022-12-15,232495.8200000042,13,135078.3200000042,-52582.5
2022-12-16,229164.5700000042,13,135078.3200000042,-55913.75
2022-12-18,229977.0700000042,13,135078.3200000042,-55101.25
2022-12-19,225264.5700000042,13,135078.3200000042,-59813.75
2022-12-20,228563.3200000042,13,135078.3200000042,-56515.0
2022-12-21,232154.5700000042,13,135078.3200000042,-52923.75
2022-12-22,227913.3200000042,13,135078.3200000042,-57165.0
2022-12-23,228920.8200000042,13,135078.3200000042,-56157.5
2022-12-26,230627.0700000042,13,135078.3200000042,-54451.25
2022-12-27,228270.8200000042,13,135078.3200000042,-56807.5
2022-12-28,225232.0700000042,13,135078.3200000042,-59846.25
2022-12-29,228872.0700000042,13,135078.3200000042,-56206.25
2022-12-30,228888.3200000042,13,135078.3200000042,-56190.0
2023-01-02,228660.8200000042,13,135078.3200000042,-56417.5
2023-01-03,227929.5700000042,13,135078.3200000042,-57148.75
2023-01-04,229229.5700000042,13,135078.3200000042,-55848.75
2023-01-05,227620.8200000042,13,135078.3200000042,-57457.5
2023-01-06,231878.3200000042,13,135078.3200000042,-53200.0
2023-01-08,232918.3200000042,13,135078.3200000042,-52160.0
2023-01-09,231147.0700000042,13,135078.3200000042,-53931.25
2023-01-10,233747.0700000042,13,135078.3200000042,-51331.25
2023-01-11,237110.8200000042,13,135078.3200000042,-47967.5
2023-01-12,237078.3200000042,13,135078.3200000042,-48000.0
2023-01-13,238719.5700000042,13,135078.3200000042,-46358.75
2023-01-15,238995.8200000042,13,135078.3200000042,-46082.5
2023-01-16,237842.0700000042,13,135078.3200000042,-47236.25
2023-01-17,238427.0700000042,13,135078.3200000042,-46651.25
2023-01-18,233665.8200000042,13,135078.3200000042,-51412.5
2023-01-19,232577.0700000042,13,135078.3200000042,-52501.25
2023-01-20,236704.5700000042,13,135078.3200000042,-48373.75
2023-01-22,236509.5700000042,13,135078.3200000042,-48568.75
2023-01-23,239889.5700000042,13,135078.3200000042,-45188.75
2023-01-24,238427.0700000042,13,135078.3200000042,-46651.25
2023-01-25,239873.3200000042,13,135078.3200000042,-45205.0
2023-01-26,241660.8200000042,13,135078.3200000042,-43417.5
2023-01-27,242944.5700000042,13,135078.3200000042,-42133.75
2023-01-29,242164.5700000042,13,135078.3200000042,-42913.75
2023-01-30,239434.5700000042,13,135078.3200000042,-45643.75
2023-01-31,242700.8200000042,13,135078.3200000042,-42377.5
2023-02-01,247039.5700000042,13,135078.3200000042,-38038.75
2023-02-02,248550.8200000042,13,135078.3200000042,-36527.5
2023-02-03,246974.5700000042,13,135078.3200000042,-38103.75
2023-02-05,246113.3200000042,13,135078.3200000042,-38965.0
2023-02-06,245723.3200000042,13,135078.3200000042,-39355.0
2023-02-07,248859.5700000042,13,135078.3200000042,-36218.75
2023-02-08,246487.0700000042,13,135078.3200000042,-38591.25
2023-02-09,242977.0700000042,13,135078.3200000042,-42101.25
2023-02-10,243952.0700000042,13,135078.3200000042,-41126.25
2023-02-12,242895.8200000042,13,135078.3200000042,-42182.5
2023-02-13,246779.5700000042,13,135078.3200000042,-38298.75
2023-02-14,245820.8200000042,13,135078.3200000042,-39257.5
2023-02-15,248274.5700000042,13,135078.3200000042,-36803.75
2023-02-16,242912.0700000042,13,135078.3200000042,-42166.25
2023-02-17,243058.3200000042,13,135078.3200000042,-42020.0
2023-02-19,243074.5700000042,13,135078.3200000042,-42003.75
2023-02-20,242018.3200000042,13,135078.3200000042,-43060.0
2023-02-21,238394.5700000042,13,135078.3200000042,-46683.75
2023-02-22,238687.0700000042,13,135078.3200000042,-46391.25
2023-02-23,238443.3200000042,13,135078.3200000042,-46635.0
2023-02-24,235827.0700000042,13,135078.3200000042,-49251.25
2023-02-26,236265.8200000042,13,135078.3200000042,-48812.5
2023-02-27,236932.0700000042,13,135078.3200000042,-48146.25
2023-02-28,235908.3200000042,13,135078.3200000042,-49170.0
2023-03-01,233747.0700000042,13,135078.3200000042,-51331.25
2023-03-02,236005.8200000042,13,135078.3200000042,-49072.5
2023-03-03,240897.0700000042,13,135078.3200000042,-44181.25
2023-03-05,241059.5700000042,13,135078.3200000042,-44018.75
2023-03-06,241449.5700000042,13,135078.3200000042,-43628.75
2023-03-07,236834.5700000042,13,135078.3200000042,-48243.75
2023-03-08,236850.8200000042,13,135078.3200000042,-48227.5
2023-03-09,230269.5700000042,13,135078.3200000042,-54808.75
2023-03-10,229619.5700000042,13,135078.3200000042,-55458.75
2023-03-12,232950.8200000042,13,135078.3200000042,-52127.5
2023-03-13,229424.7000000042,13,135045.9500000042,-55621.25
2023-03-14,232674.7000000042,13,135045.9500000042,-52371.25
2023-03-15,231244.7000000042,13,135045.9500000042,-53801.25
2023-03-16,234965.9500000042,13,135045.9500000042,-50080.0
2023-03-17,232008.4500000042,13,135045.9500000042,-53037.5
2023-03-19,232300.9500000042,13,135045.9500000042,-52745.0
2023-03-20,234575.9500000042,13,135045.9500000042,-50470.0
2023-03-21,237809.7000000042,13,135045.9500000042,-47236.25
2023-03-22,234624.7000000042,13,135045.9500000042,-50421.25
2023-03-23,234185.9500000042,13,135045.9500000042,-50860.0
2023-03-24,236070.9500000042,13,135045.9500000042,-48975.0
2023-03-26,236818.4500000042,13,135045.9500000042,-48227.5
2023-03-27,236249.7000000042,13,135045.9500000042,-48796.25
2023-03-28,236558.4500000042,13,135045.9500000042,-48487.5
2023-03-29,239012.2000000042,13,135045.9500000042,-46033.75
2023-03-30,241335.9500000042,13,135045.9500000042,-43710.0
2023-03-31,244455.9500000042,13,135045.9500000042,-40590.0
2023-04-02,243480.9500000042,13,135045.9500000042,-41565.0
2023-04-03,245268.4500000042,13,135045.9500000042,-39777.5
2023-04-04,243903.4500000042,13,135045.9500000042,-41142.5
2023-04-05,242310.9500000042,13,135045.9500000042,-42735.0
2023-04-06,243740.9500000042,13,135045.9500000042,-41305.0
2023-04-07,244618.4500000042,13,135045.9500000042,-40427.5
2023-04-09,243935.9500000042,13,135045.9500000042,-41110.0
2023-04-10,244504.7000000042,13,135045.9500000042,-40541.25
2023-04-11,244342.2000000042,13,135045.9500000042,-40703.75
2023-04-12,243318.4500000042,13,135045.9500000042,-41727.5
2023-04-13,246519.7000000042,13,135045.9500000042,-38526.25
2023-04-14,246552.2000000042,13,135045.9500000042,-38493.75
2023-04-16,246454.7000000042,13,135045.9500000042,-38591.25
2023-04-17,246730.9500000042,13,135045.9500000042,-38315.0
2023-04-18,246730.9500000042,13,135045.9500000042,-38315.0
2023-04-19,246470.9500000042,13,135045.9500000042,-38575.0
2023-04-20,245463.4500000042,13,135045.9500000042,-39582.5
2023-04-21,245349.7000000042,13,135045.9500000042,-39696.25
2023-04-23,244764.7000000042,13,135045.9500000042,-40281.25
2023-04-24,245040.9500000042,13,135045.9500000042,-40005.0
2023-04-25,242505.9500000042,13,135045.9500000042,-42540.0
2023-04-26,240880.9500000042,13,135045.9500000042,-44165.0
2023-04-27,245040.9500000042,13,135045.9500000042,-40005.0
2023-04-28,247770.9500000042,13,135045.9500000042,-37275.0
2023-04-30,247803.4500000042,13,135045.9500000042,-37242.5
2023-05-01,247332.2000000042,13,135045.9500000042,-37713.75
2023-05-02,244699.7000000042,13,135045.9500000042,-40346.25
2023-05-03,242717.2000000042,13,135045.9500000042,-42328.75
2023-05-04,241400.9500000042,13,135045.9500000042,-43645.0
2023-05-05,245073.4500000042,13,135045.9500000042,-39972.5
2023-05-07,244910.9500000042,13,135045.9500000042,-40135.0
2023-05-08,245235.9500000042,13,135045.9500000042,-39810.0
2023-05-09,244325.9500000042,13,135045.9500000042,-40720.0
2023-05-10,245804.7000000042,13,135045.9500000042,-39241.25
2023-05-11,245073.4500000042,13,135045.9500000042,-39972.5
2023-05-12,243968.4500000042,13,135045.9500000042,-41077.5
2023-05-14,244309.7000000042,13,135045.9500000042,-40736.25
2023-05-15,244650.9500000042,13,135045.9500000042,-40395.0
2023-05-16,243854.7000000042,13,135045.9500000042,-41191.25
2023-05-17,246405.9500000042,13,135045.9500000042,-38640.0
2023-05-18,249607.2000000042,13,135045.9500000042,-35438.75
2023-05-19,248274.7000000042,13,135045.9500000042,-36771.25
2023-05-21,248615.9500000042,13,135045.9500000042,-36430.0
2023-05-22,249265.9500000042,13,135045.9500000042,-35780.0
2023-05-23,245983.4500000042,13,135045.9500000042,-39062.5
2023-05-24,244553.4500000042,13,135045.9500000042,-40492.5
2023-05-25,245235.9500000042,13,135045.9500000042,-39810.0
2023-05-26,249639.7000000042,13,135045.9500000042,-35406.25
2023-05-28,249834.7000000042,13,135045.9500000042,-35211.25
2023-05-29,249850.9500000042,13,135045.9500000042,-35195.0
2023-05-30,248729.7000000042,13,135045.9500000042,-36316.25
2023-05-31,247933.4500000042,13,135045.9500000042,-37112.5
2023-06-01,250679.7000000042,13,135045.9500000042,-34366.25
2023-06-02,254157.2000000042,13,135045.9500000042,-30888.75
2023-06-04,253848.4500000042,13,135045.9500000042,-31197.5
2023-06-05,253669.7000000042,13,135045.9500000042,-31376.25
2023-06-06,254498.4500000042,13,135045.9500000042,-30547.5
2023-06-07,252938.4500000042,13,135045.9500000042,-32107.5
2023-06-08,254579.7000000042,13,135045.9500000042,-30466.25
2023-06-09,255197.2000000042,13,135045.9500000042,-29848.75
2023-06-11,255522.2000000042,13,135045.9500000042,-29523.75
2023-06-12,258203.5800000042,13,135013.5800000042,-26810.0
2023-06-13,259438.5800000042,13,135013.5800000042,-25575.0
2023-06-14,259601.0800000042,13,135013.5800000042,-25412.5
2023-06-15,262639.8300000042,13,135013.5800000042,-22373.75
2023-06-16,262249.8300000042,13,135013.5800000042,-22763.75
2023-06-18,261632.3300000042,13,135013.5800000042,-23381.25
2023-06-19,261258.5800000042,13,135013.5800000042,-23755.0
2023-06-20,260641.0800000042,13,135013.5800000042,-24372.5
2023-06-21,258951.0800000042,13,135013.5800000042,-26062.5
2023-06-22,258804.8300000042,13,135013.5800000042,-26208.75
2023-06-23,257667.3300000042,13,135013.5800000042,-27346.25
2023-06-25,258414.8300000042,13,135013.5800000042,-26598.75
2023-06-26,257033.5800000042,13,135013.5800000042,-27980.0
2023-06-27,259162.3300000042,13,135013.5800000042,-25851.25
2023-06-28,259731.0800000042,13,135013.5800000042,-25282.5
2023-06-29,260819.8300000042,13,135013.5800000042,-24193.75
2023-06-30,263777.3300000042,13,135013.5800000042,-21236.25
2023-07-02,264183.5800000042,13,135013.5800000042,-20830.0
2023-07-03,264346.0800000042,13,135013.5800000042,-20667.5
2023-07-04,264216.0800000042,13,135013.5800000042,-20797.5
2023-07-05,262948.5800000042,13,135013.5800000042,-22065.0
2023-07-06,261388.5800000042,13,135013.5800000042,-23625.0
2023-07-07,260884.8300000042,13,135013.5800000042,-24128.75
2023-07-09,259991.0800000042,13,135013.5800000042,-25022.5
2023-07-10,261469.8300000042,13,135013.5800000042,-23543.75
2023-07-11,263273.5800000042,13,135013.5800000042,-21740.0
2023-07-12,266149.8300000042,13,135013.5800000042,-18863.75
2023-07-13,267644.8300000042,13,135013.5800000042,-17368.75
2023-07-14,267206.0800000042,13,135013.5800000042,-17807.5
2023-07-16,267027.3300000042,13,135013.5800000042,-17986.25
2023-07-17,268132.3300000042,13,135013.5800000042,-16881.25
2023-07-18,270537.3300000042,13,135013.5800000042,-14476.25
2023-07-19,270732.3300000042,13,135013.5800000042,-14281.25
2023-07-20,269432.3300000042,13,135013.5800000042,-15581.25
2023-07-21,269074.8300000042,13,135013.5800000042,-15938.75
2023-07-23,269026.0800000042,13,135013.5800000042,-15987.5
2023-07-24,270293.5800000042,13,135013.5800000042,-14720.0
2023-07-25,271138.5800000042,13,135013.5800000042,-13875.0
2023-07-26,271869.8300000042,13,135013.5800000042,-13143.75
2023-07-27,269529.8300000042,13,135013.5800000042,-15483.75
2023-07-28,271869.8300000042,13,135013.5800000042,-13143.75
2023-07-30,271317.3300000042,13,135013.5800000042,-13696.25
2023-07-31,272552.3300000042,13,135013.5800000042,-12461.25
2023-08-01,270131.0800000042,13,135013.5800000042,-14882.5
2023-08-02,267644.8300000042,13,135013.5800000042,-17368.75
2023-08-03,267254.8300000042,13,135013.5800000042,-17758.75
2023-08-04,264784.8300000042,13,135013.5800000042,-20228.75
2023-08-06,265938.5800000042,13,135013.5800000042,-19075.0
2023-08-07,266702.3300000042,13,135013.5800000042,-18311.25
2023-08-08,266279.8300000042,13,135013.5800000042,-18733.75
2023-08-09,265077.3300000042,13,135013.5800000042,-19936.25
2023-08-10,263956.0800000042,13,135013.5800000042,-21057.5
2023-08-11,263891.0800000042,13,135013.5800000042,-21122.5
2023-08-13,262981.0800000042,13,135013.5800000042,-22032.5
2023-08-14,265857.3300000042,13,135013.5800000042,-19156.25
2023-08-15,262071.0800000042,13,135013.5800000042,-22942.5
2023-08-16,259909.8300000042,13,135013.5800000042,-25103.75
2023-08-17,257407.3300000042,13,135013.5800000042,-27606.25
2023-08-18,257114.8300000042,13,135013.5800000042,-27898.75
2023-08-20,257439.8300000042,13,135013.5800000042,-27573.75
2023-08-21,259081.0800000042,13,135013.5800000042,-25932.5
2023-08-22,259113.5800000042,13,135013.5800000042,-25900.0
2023-08-23,263436.0800000042,13,135013.5800000042,-21577.5
2023-08-24,257586.0800000042,13,135013.5800000042,-27427.5
2023-08-25,259276.0800000042,13,135013.5800000042,-25737.5
2023-08-27,259471.0800000042,13,135013.5800000042,-25542.5
2023-08-28,261307.3300000042,13,135013.5800000042,-23706.25
2023-08-29,265841.0800000042,13,135013.5800000042,-19172.5
2023-08-30,266718.5800000042,13,135013.5800000042,-18295.0
2023-08-31,266231.0800000042,13,135013.5800000042,-18782.5
2023-09-01,266149.8300000042,13,135013.5800000042,-18863.75
2023-09-03,266328.5800000042,13,135013.5800000042,-18685.0
2023-09-04,265841.0800000042,13,135013.5800000042,-19172.5
2023-09-05,264736.0800000042,13,135013.5800000042,-20277.5
2023-09-06,262883.5800000042,13,135013.5800000042,-22130.0
2023-09-07,262152.3300000042,13,135013.5800000042,-22861.25
2023-09-08,262542.3300000042,13,135013.5800000042,-22471.25
2023-09-10,262623.5800000042,13,135013.5800000042,-22390.0
2023-09-11,264037.4600000042,13,134981.2100000042,-20943.75
2023-09-12,262054.9600000042,13,134981.2100000042,-22926.25
2023-09-13,263696.2100000042,13,134981.2100000042,-21285.0
2023-09-14,265857.4600000042,13,134981.2100000042,-19123.75
2023-09-15,261599.9600000042,13,134981.2100000042,-23381.25
2023-09-17,262071.2100000042,13,134981.2100000042,-22910.0
2023-09-18,261746.2100000042,13,134981.2100000042,-23235.0
2023-09-19,260706.2100000042,13,134981.2100000042,-24275.0
2023-09-20,257472.4600000042,13,134981.2100000042,-27508.75
2023-09-21,253816.2100000042,13,134981.2100000042,-31165.0
2023-09-22,252743.7100000042,13,134981.2100000042,-32237.5
2023-09-24,253377.4600000042,13,134981.2100000042,-31603.75
2023-09-25,252841.2100000042,13,134981.2100000042,-32140.0
2023-09-26,250078.7100000042,13,134981.2100000042,-34902.5
2023-09-27,249591.2100000042,13,134981.2100000042,-35390.0
2023-09-28,251346.2100000042,13,134981.2100000042,-33635.0
2023-09-29,250566.2100000042,13,134981.2100000042,-34415.0
2023-10-01,251866.2100000042,13,134981.2100000042,-33115.0
2023-10-02,250176.2100000042,13,134981.2100000042,-34805.0
2023-10-03,245284.9600000042,13,134981.2100000042,-39696.25
2023-10-04,248648.7100000042,13,134981.2100000042,-36332.5
2023-10-05,247917.4600000042,13,134981.2100000042,-37063.75
2023-10-06,251606.2100000042,13,134981.2100000042,-33375.0
2023-10-08,248957.4600000042,13,134981.2100000042,-36023.75
2023-10-09,253409.9600000042,13,134981.2100000042,-31571.25
2023-10-10,254726.2100000042,13,134981.2100000042,-30255.0
2023-10-11,256562.4600000042,13,134981.2100000042,-28418.75
2023-10-12,254206.2100000042,13,134981.2100000042,-30775.0
2023-10-13,252012.4600000042,13,134981.2100000042,-32968.75
2023-10-15,253003.7100000042,13,134981.2100000042,-31977.5
2023-10-16,254888.7100000042,13,134981.2100000042,-30092.5
2023-10-17,254921.2100000042,13,134981.2100000042,-30060.0
2023-10-18,250761.2100000042,13,134981.2100000042,-34220.0
2023-10-19,248453.7100000042,13,134981.2100000042,-36527.5
2023-10-20,245057.4600000042,13,134981.2100000042,-39923.75
2023-10-22,245772.4600000042,13,134981.2100000042,-39208.75
2023-10-23,245496.2100000042,13,134981.2100000042,-39485.0
2023-10-24,246178.7100000042,13,134981.2100000042,-38802.5
2023-10-25,241076.2100000042,13,134981.2100000042,-43905.0
2023-10-26,240799.9600000042,13,134981.2100000042,-44181.25
2023-10-27,238037.4600000042,13,134981.2100000042,-46943.75
2023-10-29,239093.7100000042,13,134981.2100000042,-45887.5
2023-10-30,240328.7100000042,13,134981.2100000042,-44652.5
2023-10-31,242538.7100000042,13,134981.2100000042,-42442.5
2023-11-01,246536.2100000042,13,134981.2100000042,-38445.0
2023-11-02,250761.2100000042,13,134981.2100000042,-34220.0
2023-11-03,253767.4600000042,13,134981.2100000042,-31213.75
2023-11-05,253669.9600000042,13,134981.2100000042,-31311.25
2023-11-06,253474.9600000042,13,134981.2100000042,-31506.25
2023-11-07,254709.9600000042,13,134981.2100000042,-30271.25
2023-11-08,254937.4600000042,13,134981.2100000042,-30043.75
2023-11-09,252954.9600000042,13,134981.2100000042,-32026.25
2023-11-10,256757.4600000042,13,134981.2100000042,-28223.75
2023-11-12,255798.7100000042,13,134981.2100000042,-29182.5
2023-11-13,256952.4600000042,13,134981.2100000042,-28028.75
2023-11-14,263029.9600000042,13,134981.2100000042,-21951.25
2023-11-15,262493.7100000042,13,134981.2100000042,-22487.5
2023-11-16,263501.2100000042,13,134981.2100000042,-21480.0
2023-11-17,263208.7100000042,13,134981.2100000042,-21772.5
2023-11-19,263159.9600000042,13,134981.2100000042,-21821.25
2023-11-20,265808.7100000042,13,134981.2100000042,-19172.5
2023-11-21,264963.7100000042,13,134981.2100000042,-20017.5
2023-11-22,265954.9600000042,13,134981.2100000042,-19026.25
2023-11-23,266198.7100000042,13,134981.2100000042,-18782.5
2023-11-24,266101.2100000042,13,134981.2100000042,-18880.0
2023-11-26,265239.9600000042,13,134981.2100000042,-19741.25
2023-11-27,265629.9600000042,13,134981.2100000042,-19351.25
2023-11-28,266214.9600000042,13,134981.2100000042,-18766.25
2023-11-29,265922.4600000042,13,134981.2100000042,-19058.75
2023-11-30,266474.9600000042,13,134981.2100000042,-18506.25
2023-12-01,268424.9600000042,13,134981.2100000042,-16556.25
2023-12-03,267856.2100000042,13,134981.2100000042,-17125.0
2023-12-04,266019.9600000042,13,134981.2100000042,-18961.25
2023-12-05,267433.7100000042,13,134981.2100000042,-17547.5
2023-12-06,265174.9600000042,13,134981.2100000042,-19806.25
2023-12-07,267498.7100000042,13,134981.2100000042,-17482.5
2023-12-08,268636.2100000042,13,134981.2100000042,-16345.0
2023-12-10,268473.7100000042,13,134981.2100000042,-16507.5
2023-12-11,269920.0900000042,13,134948.84000000422,-15028.75
2023-12-12,271463.8400000042,13,134948.84000000422,-13485.0
2023-12-13,276452.5900000042,13,134948.84000000422,-8496.25
2023-12-14,276338.8400000042,13,134948.84000000422,-8610.0
2023-12-15,275737.5900000042,13,134948.84000000422,-9211.25
2023-12-17,276501.3400000042,13,134948.84000000422,-8447.5
2023-12-18,277297.5900000042,13,134948.84000000422,-7651.25
2023-12-19,279166.3400000042,13,134948.84000000422,-5782.5
2023-12-20,275445.0900000042,13,134948.84000000422,-9503.75
2023-12-21,277070.0900000042,13,134948.84000000422,-7878.75
2023-12-22,277671.3400000042,13,134948.84000000422,-7277.5
2023-12-25,278467.5900000042,13,134948.84000000422,-6481.25
2023-12-26,279393.8400000042,13,134948.84000000422,-5555.0
2023-12-27,280238.8400000042,13,134948.84000000422,-4710.0
2023-12-28,280027.5900000042,13,134948.84000000422,-4921.25
2023-12-29,278548.8400000042,13,134948.84000000422,-6400.0
2024-01-01,279068.8400000042,13,134948.84000000422,-5880.0
2024-01-02,276647.5900000042,13,134948.84000000422,-8301.25
2024-01-03,274453.8400000042,13,134948.84000000422,-10495.0
2024-01-04,273316.3400000042,13,134948.84000000422,-11632.5
2024-01-05,273527.5900000042,13,134948.84000000422,-11421.25
2024-01-07,273316.3400000042,13,134948.84000000422,-11632.5
2024-01-08,277460.0900000042,13,134948.84000000422,-7488.75
2024-01-09,276988.8400000042,13,134948.84000000422,-7960.0
2024-01-10,279572.5900000042,13,134948.84000000422,-5376.25
2024-01-11,278223.8400000042,13,134948.84000000422,-6725.0
2024-01-12,278451.3400000042,13,134948.84000000422,-6497.5
2024-01-14,278890.0900000042,13,134948.84000000422,-6058.75
2024-01-15,277752.5900000042,13,134948.84000000422,-7196.25
2024-01-16,277021.3400000042,13,134948.84000000422,-7927.5
2024-01-17,275477.5900000042,13,134948.84000000422,-9471.25
2024-01-18,278646.3400000042,13,134948.84000000422,-6302.5
2024-01-19,282253.8400000042,13,134948.84000000422,-2695.0
2024-01-21,283050.0900000042,13,134948.84000000422,-1898.75
2024-01-22,283183.86000000424,13,135096.36000000424,-1912.5
2024-01-23,284263.86000000424,9,135096.36000000424,-832.5
2024-01-24,284678.89000000426,9,135415.14000000426,-736.25
2024-01-25,284746.39000000426,3,135415.14000000426,-668.75
2024-01-26,284903.89000000426,3,135415.14000000426,-511.25
2024-01-28,284888.89000000426,3,135415.14000000426,-526.25
2024-01-29,285441.4000000043,3,135463.90000000427,-22.5
2024-01-30,285337.6500000043,1,135463.90000000427,-126.25
2024-01-31,285097.6500000043,1,135463.90000000427,-366.25
2024-02-01,285450.1500000043,1,135463.90000000427,-13.75
2024-02-02,285409.5600000043,4,135609.5600000043,-200.0
2024-02-04,285304.5600000043,4,135609.5600000043,-305.0
2024-02-05,285627.09000000433,10,135605.84000000433,21.25
2024-02-06,286077.09000000433,10,135605.84000000433,471.25
2024-02-07,287380.9200000044,10,137417.1700000044,-36.25
2024-02-08,287417.8000000044,3,137416.5500000044,1.25
2024-02-09,287802.82000000443,3,137790.32000000443,12.5
2024-02-11,287800.32000000443,1,137790.32000000443,10.0
2024-02-12,287429.73000000446,6,137910.98000000446,-481.25
2024-02-13,286137.8900000045,13,137906.6400000045,-1768.75
2024-02-14,289111.6400000045,13,137906.6400000045,1205.0
2024-02-15,289771.1100000046,13,139772.36000000458,-1.25
2024-02-16,289202.3800000046,6,139769.8800000046,-567.5
2024-02-18,289487.3800000046,6,139769.8800000046,-282.5
2024-02-19,288917.3800000046,6,139769.8800000046,-852.5
2024-02-20,288194.29000000464,13,139765.54000000464,-1571.25
2024-02-21,292029.30000000464,15,139764.30000000464,2265.0
2024-02-22,294456.91000000475,15,144421.91000000475,35.0
2024-02-23,294340.66000000475,3,144421.91000000475,-81.25
2024-02-25,294288.16000000475,3,144421.91000000475,-133.75
2024-02-26,294044.42000000476,5,144420.67000000476,-376.25
2024-02-27,294426.93000000477,7,144419.43000000477,7.5
2024-02-28,294321.93000000477,7,144419.43000000477,-97.5
2024-02-29,295345.1000000048,7,145296.3500000048,48.75
2024-03-01,295586.9900000048,2,145545.74000000482,41.25
2024-03-03,295596.9900000048,1,145545.74000000482,51.25
2024-03-04,295316.39000000485,4,145667.64000000485,-351.25
2024-03-05,294543.9400000049,14,145661.4400000049,-1117.5
2024-03-06,296977.790000005,14,147401.54000000498,-423.75
2024-03-07,298374.72000000504,6,148340.97000000504,33.75
2024-03-08,297327.9200000051,12,148706.6700000051,-1378.75
2024-03-10,296577.9200000051,12,148706.6700000051,-2128.75
2024-03-11,298213.1000000051,16,148664.35000000513,-451.25
2024-03-12,301101.9800000052,16,151158.23000000525,-56.25
2024-03-13,301189.49000000523,4,151156.99000000526,32.5
2024-03-14,301093.89000000525,9,151153.89000000528,-60.0
2024-03-15,299662.6600000053,13,151151.4100000053,-1488.75
2024-03-17,300312.6600000053,13,151151.4100000053,-838.75
2024-03-18,302446.50000000536,13,152771.50000000538,-325.0
2024-03-19,303620.3000000054,7,153640.30000000543,-20.0
2024-03-20,304539.73000000545,3,154260.98000000548,278.75
2024-03-21,304551.0000000055,2,154619.7500000055,-68.75
2024-03-22,304317.8900000055,5,154617.89000000551,-300.0
2024-03-24,304317.8900000055,5,154617.89000000551,-300.0
2024-03-25,304162.2700000055,6,154617.27000000552,-455.0
2024-03-26,304153.5300000055,8,154616.03000000553,-462.5
2024-03-27,305213.5300000055,8,154616.03000000553,597.5
2024-03-28,305510.46000000555,8,155616.71000000558,-106.25
2024-03-31,305870.46000000555,3,155616.71000000558,253.75
2024-04-01,305197.98000000557,7,155614.2300000056,-416.25
2024-04-02,304169.2500000056,11,155611.75000000562,-1442.5
2024-04-03,305544.2500000056,11,155611.75000000562,-67.5
2024-04-04,302657.5200000057,18,156970.02000000575,-4312.5
2024-04-05,307202.5200000057,18,156970.02000000575,232.5
2024-04-07,306302.5200000057,18,156970.02000000575,-667.5
2024-04-08,307090.0200000057,18,156970.02000000575,120.0
2024-04-09,307967.5200000057,18,156970.02000000575,997.5
2024-04-10,302856.9000000057,19,156969.40000000576,-4112.5
2024-04-11,306767.53000000573,20,156968.78000000576,-201.25
2024-04-12,299006.31000000576,26,156965.0600000058,-7958.75
2024-04-14,300956.31000000576,26,156965.0600000058,-6008.75
2024-04-15,288343.8400000058,32,156961.34000000582,-18617.5
2024-04-16,290183.8400000058,32,156961.34000000582,-16777.5
2024-04-17,285703.8400000058,32,156961.34000000582,-21257.5
2024-04-18,273663.8400000058,32,156961.34000000582,-33297.5
2024-04-19,274063.8400000058,32,156961.34000000582,-32897.5
2024-04-21,276063.8400000058,32,156961.34000000582,-30897.5
2024-04-22,281143.8400000058,32,156961.34000000582,-25817.5
2024-04-23,293543.8400000058,32,156961.34000000582,-13417.5
2024-04-24,285823.8500000058,32,157010.10000000583,-21186.25
2024-04-25,293356.9800000058,30,157034.48000000583,-13677.5
2024-04-26,294539.4900000058,29,157083.24000000584,-12543.75
2024-04-28,296159.4900000058,27,157083.24000000584,-10923.75
2024-04-29,296093.8700000058,27,157107.62000000585,-11013.75
2024-04-30,285953.8700000058,26,157107.62000000585,-21153.75
2024-05-01,286863.8700000058,26,157107.62000000585,-20243.75
2024-05-02,291413.8700000058,26,157107.62000000585,-15693.75
2024-05-03,298476.3800000058,26,157156.38000000585,-8680.0
2024-05-05,298266.3800000058,24,157156.38000000585,-8890.0
2024-05-06,303268.29000000586,24,157377.0400000059,-4108.75
2024-05-07,303717.6800000059,17,157487.6800000059,-3770.0
2024-05-08,303385.1800000059,14,157487.6800000059,-4102.5
2024-05-09,305642.6900000059,14,157536.4400000059,-1893.75
2024-05-10,305853.3300000059,12,157639.58000000592,-1786.25
2024-05-12,306190.8300000059,9,157639.58000000592,-1448.75
2024-05-13,305853.3300000059,9,157639.58000000592,-1786.25
2024-05-14,307290.8400000059,9,157688.34000000593,-397.5
2024-05-15,308317.77000000596,7,158221.52000000598,96.25
2024-05-16,308046.53000000597,4,158220.280000006,-173.75
2024-05-17,308401.540000006,6,158219.040000006,182.5
2024-05-19,308596.540000006,6,158219.040000006,377.5
2024-05-20,308835.340000006,6,158965.34000000605,-130.0
2024-05-21,309105.340000006,4,158965.34000000605,140.0
2024-05-22,310119.73000000603,7,158963.48000000606,1156.25
2024-05-23,308512.3300000061,13,159967.33000000616,-1455.0
2024-05-24,310348.5800000061,13,159967.33000000616,381.25
2024-05-26,310104.8300000061,13,159967.33000000616,137.5
2024-05-27,310917.3300000061,13,159967.33000000616,950.0
2024-05-28,309487.3300000061,13,159967.33000000616,-480.0
2024-05-29,306269.8300000061,13,159967.33000000616,-3697.5
2024-05-30,305211.11000000616,19,159963.61000000619,-4752.5
2024-05-31,312960.6400000063,24,162960.64000000633,0.0
2024-06-02,313045.6400000063,2,162960.64000000633,85.0
2024-06-03,314206.3600000064,10,164205.11000000642,1.25
2024-06-04,314974.54000000644,4,164700.79000000647,273.75
2024-06-05,315770.2300000065,4,165748.98000000653,21.25
2024-06-06,315920.8700000065,4,165747.12000000654,173.75
2024-06-07,315948.43000000657,6,166369.6800000066,-421.25
2024-06-09,316015.93000000657,6,166369.6800000066,-353.75
2024-06-10,316539.6900000066,8,166368.4400000066,171.25
2024-06-11,317504.12000000663,9,167489.12000000666,15.0
2024-06-12,317881.66000000667,5,167836.6600000067,45.0
2024-06-13,318155.4200000067,7,167835.4200000067,320.0
2024-06-14,317954.1700000067,7,167835.4200000067,118.75
2024-06-16,317954.1700000067,7,167835.4200000067,118.75
2024-06-17,318821.73000000673,7,168831.73000000676,-10.0
2024-06-18,318895.48000000673,1,168831.73000000676,63.75
2024-06-19,318945.48000000673,1,168831.73000000676,113.75
2024-06-20,318663.0300000068,9,168950.5300000068,-287.5
2024-06-21,318333.6600000068,10,168949.9100000068,-616.25
2024-06-23,317846.1600000068,10,168949.9100000068,-1103.75
2024-06-24,317723.0400000068,11,168949.29000000682,-1226.25
2024-06-25,318616.7900000068,11,168949.29000000682,-332.5
2024-06-26,317668.0400000068,11,168949.29000000682,-1281.25
2024-06-27,319799.2900000068,11,168949.29000000682,850.0
2024-06-28,319690.6500000069,11,170321.90000000692,-631.25
2024-06-30,319910.6500000069,11,170321.90000000692,-411.25
2024-07-01,319152.5300000069,12,170321.28000000693,-1168.75
2024-07-02,321788.22000000696,12,171814.470000007,-26.25
2024-07-03,321921.98000000697,1,171938.230000007,-16.25
2024-07-04,321944.48000000697,1,171938.230000007,6.25
2024-07-05,322185.750000007,2,172187.000000007,-1.25
2024-07-07,322182.000000007,1,172187.000000007,-5.0
2024-07-08,322300.750000007,1,172187.000000007,113.75
2024-07-09,322298.890000007,2,172310.14000000703,-11.25
2024-07-10,322679.540000007,2,172683.29000000705,-3.75
2024-07-11,321836.46000000706,10,172677.7100000071,-841.25
2024-07-12,323468.44000000716,10,174173.4400000072,-705.0
2024-07-14,323730.94000000716,7,174173.4400000072,-442.5
2024-07-15,325166.02000000724,9,175042.27000000727,123.75
2024-07-16,326134.8200000073,9,176161.0700000073,-26.25
2024-07-17,325886.7200000073,6,176157.97000000734,-271.25
2024-07-18,324439.90000000736,17,176151.1500000074,-1711.25
2024-07-19,320073.0500000074,22,176148.0500000074,-6075.0
2024-07-21,321255.5500000074,22,176148.0500000074,-4892.5
2024-07-22,325243.0500000074,22,176148.0500000074,-905.0
2024-07-23,322575.5500000074,22,176148.0500000074,-3572.5
2024-07-24,311431.8500000074,32,176141.85000000746,-14710.0
2024-07-25,307631.8500000074,32,176141.85000000746,-18510.0
2024-07-26,313711.8500000074,32,176141.85000000746,-12430.0
2024-07-28,317631.8500000074,32,176141.85000000746,-8510.0
2024-07-29,312151.8500000074,32,176141.85000000746,-13990.0
2024-07-30,313840.01000000746,32,176716.2600000075,-12876.25
2024-07-31,324211.9300000075,25,176993.18000000753,-2781.25
2024-08-01,314525.0700000075,16,177066.32000000754,-12541.25
2024-08-02,309032.5700000075,13,177066.32000000754,-18033.75
2024-08-04,304791.3200000075,13,177066.32000000754,-22275.0
2024-08-05,305051.3200000075,13,177066.32000000754,-22015.0
2024-08-06,305945.0700000075,13,177066.32000000754,-21121.25
2024-08-07,300485.0700000075,13,177066.32000000754,-26581.25
2024-08-08,308821.3200000075,13,177066.32000000754,-18245.0
2024-08-09,309487.5700000075,13,177066.32000000754,-17578.75
2024-08-11,309715.0700000075,13,177066.32000000754,-17351.25
2024-08-12,310170.0700000075,13,177066.32000000754,-16896.25
2024-08-13,315500.0700000075,13,177066.32000000754,-11566.25
2024-08-14,317645.0700000075,13,177066.32000000754,-9421.25
2024-08-15,323251.3200000075,13,177066.32000000754,-3815.0
2024-08-16,323478.8200000075,13,177066.32000000754,-3587.5
2024-08-18,323836.3200000075,13,177066.32000000754,-3230.0
2024-08-19,326307.60000000754,13,177212.60000000757,-905.0
2024-08-20,326311.36000000755,7,177261.36000000758,-950.0
2024-08-21,326655.12000000756,5,177310.1200000076,-655.0
2024-08-22,326570.75000000757,3,177347.0000000076,-776.25
2024-08-23,326978.25000000757,2,177347.0000000076,-368.75
2024-08-25,326928.25000000757,2,177347.0000000076,-418.75
2024-08-26,326972.6300000076,2,177371.3800000076,-398.75
2024-08-27,327011.3800000076,1,177371.3800000076,-360.0
2024-08-28,326743.8800000076,1,177371.3800000076,-627.5
2024-08-29,326897.6300000076,1,177371.3800000076,-473.75
2024-08-30,327081.3800000076,1,177371.3800000076,-290.0
2024-09-01,327063.8800000076,1,177371.3800000076,-307.5
2024-09-02,327060.1300000076,1,177371.3800000076,-311.25
2024-09-03,326372.6300000076,1,177371.3800000076,-998.75
2024-09-04,326405.1300000076,1,177371.3800000076,-966.25
2024-09-05,326323.8800000076,1,177371.3800000076,-1047.5
2024-09-06,325817.6300000076,1,177371.3800000076,-1553.75
2024-09-08,325973.8800000076,1,177371.3800000076,-1397.5
2024-09-09,326182.6300000076,1,177371.3800000076,-1188.75
2024-09-10,326188.8800000076,1,177371.3800000076,-1182.5
2024-09-11,326637.6300000076,1,177371.3800000076,-733.75
2024-09-12,326823.8800000076,1,177371.3800000076,-547.5
2024-09-13,326932.6300000076,1,177371.3800000076,-438.75
2024-09-15,326962.6300000076,1,177371.3800000076,-408.75
2024-09-16,326957.6400000076,1,177368.8900000076,-411.25
2024-09-17,327005.1400000076,1,177368.8900000076,-363.75
2024-09-18,327170.1400000076,1,177368.8900000076,-198.75
2024-09-19,327340.7900000076,4,177390.79000000763,-50.0
2024-09-20,327335.1900000076,9,177387.69000000766,-52.5
2024-09-22,328268.9400000076,9,177387.69000000766,881.25
2024-09-23,327773.9400000076,9,177387.69000000766,386.25
2024-09-24,328775.8800000077,9,178508.38000000772,267.5
2024-09-25,329642.18000000773,6,179004.68000000776,637.5
2024-09-26,330235.3700000078,7,180181.62000000782,53.75
2024-09-27,329666.6200000078,7,180181.62000000782,-515.0
2024-09-29,330007.8700000078,7,180181.62000000782,-173.75
2024-09-30,331444.82000000787,10,181429.8200000079,15.0
2024-10-01,330494.2500000079,13,181423.00000000795,-928.75
2024-10-02,329996.1300000079,14,181422.38000000795,-1426.25
2024-10-03,330153.6300000079,14,181422.38000000795,-1268.75
2024-10-04,333911.89000000805,14,183918.14000000808,-6.25
2024-10-06,333915.64000000805,1,183918.14000000808,-2.5
2024-10-07,332894.4300000081,9,183913.1800000081,-1018.75
2024-10-08,335142.62000000814,9,185035.12000000817,107.5
2024-10-09,335766.4100000082,4,185657.6600000082,108.75
2024-10-10,335827.6700000082,4,185656.42000000822,171.25
2024-10-11,336174.5700000082,4,186154.57000000824,20.0
2024-10-13,336185.8200000082,1,186154.57000000824,31.25
2024-10-14,336586.47000000824,2,186411.47000000827,175.0
2024-10-15,336005.2600000083,10,186406.5100000083,-401.25
2024-10-16,336280.2600000083,10,186406.5100000083,-126.25
2024-10-17,338166.59000000835,10,188707.84000000838,-541.25
2024-10-18,338864.09000000835,6,188707.84000000838,156.25
2024-10-20,338879.09000000835,6,188707.84000000838,171.25
2024-10-21,338355.98000000836,9,188705.9800000084,-350.0
2024-10-22,338550.36000000837,10,188705.3600000084,-155.0
2024-10-23,337544.7800000084,19,188699.78000000844,-1155.0
2024-10-24,337259.7800000084,19,188699.78000000844,-1440.0
2024-10-25,340175.54000000854,19,191066.79000000856,-891.25
2024-10-27,341425.54000000854,8,191066.79000000856,358.75
2024-10-28,340595.54000000854,8,191066.79000000856,-471.25
2024-10-29,341775.54000000854,8,191066.79000000856,708.75
2024-10-30,339615.54000000854,8,191066.79000000856,-1451.25
2024-10-31,335122.4700000086,19,191059.97000000862,-5937.5
2024-11-01,336191.2200000086,19,191059.97000000862,-4868.75
2024-11-03,337473.7200000086,19,191059.97000000862,-3586.25
2024-11-04,334694.3500000086,20,191059.35000000862,-6365.0
2024-11-05,349269.3500000086,20,191059.35000000862,8210.0
2024-11-06,354954.51000000874,20,204902.01000000877,52.5
2024-11-07,355230.1700000088,3,205272.6700000088,-42.5
2024-11-08,355593.9500000088,3,205646.45000000883,-52.5
2024-11-10,355788.9500000088,3,205646.45000000883,142.5
2024-11-11,355710.8300000088,4,205645.83000000883,65.0
2024-11-12,355320.8500000088,8,205643.35000000885,-322.5
2024-11-13,355660.8500000088,8,205643.35000000885,17.5
2024-11-14,353244.62000000884,12,205640.87000000887,-2396.25
2024-11-15,349182.8000000089,23,205634.05000000892,-6451.25
2024-11-17,350792.8000000089,23,205634.05000000892,-4841.25
2024-11-18,352661.5500000089,23,205634.05000000892,-2972.5
2024-11-19,354645.3000000089,23,205634.05000000892,-988.75
2024-11-20,351942.8000000089,23,205634.05000000892,-3691.25
2024-11-21,358407.930000009,23,208510.43000000904,-102.5
2024-11-22,358873.560000009,4,208509.81000000905,363.75
2024-11-24,359328.560000009,4,208509.81000000905,818.75
2024-11-25,359709.8700000091,8,209576.1200000091,133.75
2024-11-26,360672.4200000091,8,210573.67000000915,98.75
2024-11-27,360786.19000000914,6,210571.19000000917,215.0
2024-11-28,361153.69000000914,6,210571.19000000917,582.5
2024-11-29,361369.3500000092,6,211321.8500000092,47.5
2024-12-01,361313.1000000092,1,211321.8500000092,-8.75
2024-12-02,361441.8600000092,1,211445.6100000092,-3.75
2024-12-03,361751.2500000092,4,211443.75000000923,307.5
2024-12-04,362076.2800000092,4,211942.53000000925,133.75
2024-12-05,361918.19000000926,5,212189.4400000093,-271.25
2024-12-06,362218.19000000926,5,212189.4400000093,28.75
2024-12-08,362155.69000000926,5,212189.4400000093,-33.75
2024-12-09,361115.7100000093,9,212186.9600000093,-1071.25
2024-12-10,360570.7300000093,13,212184.48000000932,-1613.75
2024-12-11,363650.81000000937,13,213810.8100000094,-160.0
2024-12-12,363252.7100000094,8,213807.71000000942,-555.0
2024-12-13,362654.6000000094,11,213805.85000000944,-1151.25
2024-12-15,363053.3500000094,11,213805.85000000944,-752.5
2024-12-16,363988.4600000094,11,213778.46000000942,210.0
2024-12-17,363273.4600000094,11,213778.46000000942,-505.0
2024-12-18,344102.9400000095,32,213765.44000000952,-19662.5
2024-12-19,338702.9400000095,32,213765.44000000952,-25062.5
2024-12-20,351982.9400000095,32,213765.44000000952,-11782.5
2024-12-22,357102.9400000095,32,213765.44000000952,-6662.5
2024-12-23,358222.9400000095,32,213765.44000000952,-5542.5
2024-12-24,367777.48000000964,32,217762.48000000967,15.0
2024-12-25,367789.98000000964,1,217762.48000000967,27.5
2024-12-26,368020.0300000097,4,218257.53000000972,-237.5
2024-12-27,367716.34000000975,15,218250.09000000978,-533.75
2024-12-29,366853.84000000975,15,218250.09000000978,-1396.25
2024-12-30,362634.49000000977,20,218246.9900000098,-5612.5
2024-12-31,361033.8700000098,21,218246.3700000098,-7212.5
2025-01-01,362818.8700000098,21,218246.3700000098,-5427.5
2025-01-02,360817.6500000098,27,218242.65000000983,-7425.0
2025-01-03,368647.6500000098,27,218242.65000000983,405.0
2025-01-05,368985.1500000098,27,218242.65000000983,742.5
2025-01-06,374230.35000001,27,225126.60000001002,-896.25
2025-01-07,371231.03000001004,22,225119.78000001007,-3888.75
2025-01-08,369147.29000001005,24,225118.54000001008,-5971.25
2025-01-09,369087.29000001005,24,225118.54000001008,-6031.25
2025-01-10,357956.0800000101,32,225113.58000001012,-17157.5
2025-01-12,354756.0800000101,32,225113.58000001012,-20357.5
2025-01-13,362876.0800000101,32,225113.58000001012,-12237.5
2025-01-14,361556.0800000101,32,225113.58000001012,-13557.5
2025-01-15,379083.75000001024,32,229095.00000001027,-11.25
2025-01-16,379171.89000001026,5,229093.1400000103,78.75
2025-01-17,380285.0800000103,5,230432.58000001035,-147.5
2025-01-19,380275.0800000103,4,230432.58000001035,-157.5
2025-01-20,380470.0800000103,4,230432.58000001035,37.5
2025-01-21,381554.5200000104,4,231430.7700000104,123.75
2025-01-22,381628.2800000104,1,231612.03000001042,16.25
2025-01-23,381847.6700000104,2,231735.17000001043,112.5
2025-01-24,381628.34000001044,7,231979.59000001047,-351.25
2025-01-26,379659.59000001044,7,231979.59000001047,-2320.0
2025-01-27,378818.97000001045,8,231978.97000001048,-3160.0
2025-01-28,380808.97000001045,8,231978.97000001048,-1170.0
2025-01-29,380538.97000001045,8,231978.97000001048,-1440.0
2025-01-30,381398.97000001045,8,231978.97000001048,-580.0
2025-01-31,379548.97000001045,8,231978.97000001048,-2430.0
2025-02-02,374668.97000001045,8,231978.97000001048,-7310.0
2025-02-03,379777.1200000105,13,231975.8700000105,-2198.75
2025-02-04,380280.8700000105,13,231975.8700000105,-1695.0
2025-02-05,383604.06000001053,13,233604.06000001056,0.0
2025-02-06,383949.71000001056,5,233600.9600000106,348.75
2025-02-07,382947.2800000106,9,234222.28000001065,-1275.0
2025-02-09,383588.5300000106,9,234222.28000001065,-633.75
2025-02-10,384072.2800000106,9,234222.28000001065,-150.0
2025-02-11,384623.5300000106,9,234222.28000001065,401.25
2025-02-12,384911.6600000106,10,234221.66000001066,690.0
2025-02-13,385837.3600000107,10,235739.86000001073,97.5
2025-02-14,385789.8600000107,1,235739.86000001073,50.0
2025-02-16,385842.3600000107,1,235739.86000001073,102.5
2025-02-17,385848.6100000107,1,235739.86000001073,108.75
2025-02-18,385888.6200000107,1,235863.62000001073,25.0
2025-02-19,385879.90000001073,3,236111.15000001076,-231.25
2025-02-20,385754.93000001076,9,236107.4300000108,-352.5
2025-02-21,378904.3700000108,22,236099.37000001085,-7195.0
2025-02-23,381956.8700000108,22,236099.37000001085,-4142.5
2025-02-24,376610.64000001084,26,236096.89000001087,-9486.25
2025-02-25,374551.92000001087,32,236093.1700000109,-11541.25
2025-02-26,371991.92000001087,32,236093.1700000109,-14101.25
2025-02-27,356591.92000001087,32,236093.1700000109,-29501.25
2025-02-28,369351.92000001087,32,236093.1700000109,-16741.25
2025-03-02,371631.92000001087,32,236093.1700000109,-14461.25
2025-03-03,355431.92000001087,32,236093.1700000109,-30661.25
2025-03-04,348351.92000001087,32,236093.1700000109,-37741.25
2025-03-05,351951.92000001087,32,236093.1700000109,-34141.25
2025-03-06,338271.92000001087,32,236093.1700000109,-47821.25
2025-03-07,339551.92000001087,32,236093.1700000109,-46541.25
2025-03-09,336151.92000001087,32,236093.1700000109,-49941.25
2025-03-10,315991.92000001087,32,236093.1700000109,-70101.25
2025-03-11,310391.92000001087,32,236093.1700000109,-75701.25
2025-03-12,310351.92000001087,32,236093.1700000109,-75741.25
2025-03-13,307231.92000001087,32,236093.1700000109,-78861.25
2025-03-14,316671.92000001087,32,236093.1700000109,-69421.25
2025-03-16,313591.92000001087,32,236093.1700000109,-72501.25
2025-03-17,321792.24000001093,32,236013.4900000109,-64221.25
2025-03-18,316632.24000001093,32,236013.4900000109,-69381.25
2025-03-19,328712.24000001093,32,236013.4900000109,-57301.25
2025-03-20,322152.24000001093,32,236013.4900000109,-63861.25
2025-03-21,322952.24000001093,32,236013.4900000109,-63061.25
2025-03-23,328392.24000001093,32,236013.4900000109,-57621.25
2025-03-24,336872.24000001093,32,236013.4900000109,-49141.25
2025-03-25,339792.24000001093,32,236013.4900000109,-46221.25
2025-03-26,330432.24000001093,32,236013.4900000109,-55581.25
2025-03-27,326912.24000001093,32,236013.4900000109,-59101.25
2025-03-28,304152.24000001093,32,236013.4900000109,-81861.25
2025-03-30,300272.24000001093,32,236013.4900000109,-85741.25
2025-03-31,309312.24000001093,32,236013.4900000109,-76701.25
2025-04-01,314312.24000001093,32,236013.4900000109,-71701.25
2025-04-02,296272.24000001093,32,236013.4900000109,-89741.25
2025-04-03,271912.24000001093,32,236013.4900000109,-114101.25
2025-04-04,223232.24000001093,32,236013.4900000109,-162781.25
2025-04-06,196712.24000001093,32,236013.4900000109,-189301.25
2025-04-07,234872.24000001093,32,236013.4900000109,-151141.25
2025-04-08,195552.24000001093,32,236013.4900000109,-190461.25
2025-04-09,280472.24000001093,32,236013.4900000109,-105541.25
2025-04-10,255712.24000001093,32,236013.4900000109,-130301.25
2025-04-11,271072.24000001093,32,236013.4900000109,-114941.25
2025-04-13,277672.24000001093,32,236013.4900000109,-108341.25
2025-04-14,277712.24000001093,32,236013.4900000109,-108301.25
2025-04-15,268512.24000001093,32,236013.4900000109,-117501.25
2025-04-16,262872.24000001093,32,236013.4900000109,-123141.25
2025-04-17,259992.24000001093,32,236013.4900000109,-126021.25
2025-04-20,250512.24000001093,32,236013.4900000109,-135501.25
2025-04-21,240312.24000001093,32,236013.4900000109,-145701.25
2025-04-22,270952.24000001093,32,236013.4900000109,-115061.25
2025-04-23,270632.24000001093,32,236013.4900000109,-115381.25
2025-04-24,294352.24000001093,32,236013.4900000109,-91661.25
2025-04-25,296152.24000001093,32,236013.4900000109,-89861.25
2025-04-27,290712.24000001093,32,236013.4900000109,-95301.25
2025-04-28,297712.24000001093,32,236013.4900000109,-88301.25
2025-04-29,296952.24000001093,32,236013.4900000109,-89061.25
2025-04-30,311392.24000001093,32,236013.4900000109,-74621.25
2025-05-01,314592.24000001093,32,236013.4900000109,-71421.25
2025-05-02,321432.24000001093,32,236013.4900000109,-64581.25
2025-05-04,314872.24000001093,32,236013.4900000109,-71141.25
2025-05-05,313792.24000001093,32,236013.4900000109,-72221.25
2025-05-06,313192.24000001093,32,236013.4900000109,-72821.25
2025-05-07,319232.24000001093,32,236013.4900000109,-66781.25
2025-05-08,318312.24000001093,32,236013.4900000109,-67701.25
2025-05-09,317192.24000001093,32,236013.4900000109,-68821.25
2025-05-11,329392.24000001093,32,236013.4900000109,-56621.25
2025-05-12,342592.24000001093,32,236013.4900000109,-43421.25
2025-05-13,352632.24000001093,32,236013.4900000109,-33381.25
2025-05-14,351432.24000001093,32,236013.4900000109,-34581.25
2025-05-15,357072.24000001093,32,236013.4900000109,-28941.25
2025-05-16,359512.24000001093,32,236013.4900000109,-26501.25
2025-05-18,353592.24000001093,32,236013.4900000109,-32421.25
2025-05-19,362232.24000001093,32,236013.4900000109,-23781.25
2025-05-20,358632.24000001093,32,236013.4900000109,-27381.25
2025-05-21,346232.24000001093,32,236013.4900000109,-39781.25
2025-05-22,345672.24000001093,32,236013.4900000109,-40341.25
2025-05-23,338112.24000001093,32,236013.4900000109,-47901.25
2025-05-25,347752.24000001093,32,236013.4900000109,-38261.25
2025-05-26,346032.24000001093,32,236013.4900000109,-39981.25
2025-05-27,356552.24000001093,32,236013.4900000109,-29461.25
2025-05-28,366872.24000001093,32,236013.4900000109,-19141.25
2025-05-29,353232.24000001093,32,236013.4900000109,-32781.25
2025-05-30,353952.24000001093,32,236013.4900000109,-32061.25
2025-06-01,349832.24000001093,32,236013.4900000109,-36181.25
2025-06-02,355792.24000001093,32,236013.4900000109,-30221.25
2025-06-03,364072.24000001093,32,236013.4900000109,-21941.25
2025-06-04,363992.24000001093,32,236013.4900000109,-22021.25
2025-06-05,361352.24000001093,32,236013.4900000109,-24661.25
2025-06-06,369404.12000001094,32,236037.8700000109,-16633.75
2025-06-08,367272.87000001094,31,236037.8700000109,-18765.0
2025-06-09,373234.75000001094,31,236062.2500000109,-12827.5
2025-06-10,372475.39000001096,30,236135.39000001093,-13660.0
2025-06-11,370464.780000011,27,236213.53000001094,-15748.75
2025-06-12,364704.780000011,24,236213.53000001094,-21508.75
2025-06-13,366774.780000011,24,236213.53000001094,-19438.75
2025-06-15,367884.780000011,24,236213.53000001094,-18328.75
2025-06-16,371155.02000001096,24,236153.77000001093,-14998.75
2025-06-17,367795.02000001096,24,236153.77000001093,-18358.75
2025-06-18,365905.02000001096,24,236153.77000001093,-20248.75
2025-06-19,365395.02000001096,24,236153.77000001093,-20758.75
2025-06-20,365905.02000001096,24,236153.77000001093,-20248.75
2025-06-22,363025.02000001096,24,236153.77000001093,-23128.75
2025-06-23,376375.02000001096,24,236153.77000001093,-9778.75
2025-06-24,379960.670000011,24,236275.67000001096,-6315.0
2025-06-25,380837.550000011,19,236300.05000001096,-5462.5
2025-06-26,384513.210000011,18,236486.960000011,-1973.75
2025-06-27,385577.61000001105,11,236610.11000001102,-1032.5
2025-06-29,386387.61000001105,6,236610.11000001102,-222.5
2025-06-30,386515.13000001106,6,236728.88000001104,-213.75
2025-07-01,386632.63000001106,2,236728.88000001104,-96.25
2025-07-02,386794.5200000111,2,236777.02000001105,17.5
2025-07-03,386875.1700000111,2,237023.92000001107,-148.75
2025-07-04,386630.1700000111,2,237023.92000001107,-393.75
2025-07-06,386807.6700000111,2,237023.92000001107,-216.25
2025-07-07,386328.97000001115,12,237017.72000001112,-688.75
2025-07-08,385668.97000001115,12,237017.72000001112,-1348.75
2025-07-09,388429.69000001124,12,238507.1900000112,-77.5
2025-07-10,389327.2300000113,7,239378.48000001124,-51.25
2025-07-11,389319.1200000113,4,239376.62000001126,-57.5
2025-07-13,388909.1200000113,4,239376.62000001126,-467.5
2025-07-14,389779.1200000113,4,239376.62000001126,402.5
2025-07-15,388043.57000001136,11,240184.82000001133,-2141.25
2025-07-16,389954.2200000114,16,240181.72000001135,-227.5
2025-07-17,392471.2000000115,16,242432.45000001145,38.75
2025-07-18,392441.8400000115,4,242430.59000001146,11.25
2025-07-20,392526.8400000115,4,242430.59000001146,96.25
2025-07-21,392806.88000001153,4,242926.8800000115,-120.0
2025-07-22,393516.27000001154,7,242925.02000001151,591.25
2025-07-23,394290.0800000116,7,244231.33000001157,58.75
2025-07-24,394505.1000000116,3,244353.8500000116,151.25
2025-07-25,394640.1000000116,3,244353.8500000116,286.25
2025-07-27,394985.1000000116,3,244353.8500000116,631.25
2025-07-28,394685.1000000116,3,244353.8500000116,331.25
2025-07-29,394548.28000001167,8,244757.03000001164,-208.75
2025-07-30,396356.49000001175,12,246250.24000001172,106.25
2025-07-31,394125.9200000118,12,246243.42000001177,-2117.5
2025-08-01,387711.59000001184,21,246237.8400000118,-8526.25
2025-08-03,390494.09000001184,21,246237.8400000118,-5743.75
2025-08-04,398474.09000001184,21,246237.8400000118,2236.25
2025-08-05,398638.620000012,21,248848.62000001196,-210.0
2025-08-06,400287.43000001204,10,250093.680000012,193.75
2025-08-07,401231.8700000121,11,250471.87000001207,760.0
2025-08-08,402139.4500000122,11,251965.70000001215,173.75
2025-08-10,402135.7000000122,3,251965.70000001215,170.0
2025-08-11,401930.0900000122,6,251963.84000001216,-33.75
2025-08-12,403310.79000001226,6,253212.04000001223,98.75
2025-08-13,403546.4400000123,4,253421.44000001226,125.0
2025-08-14,403911.4400000123,4,253421.44000001226,490.0
2025-08-15,403252.0700000123,5,253420.82000001226,-168.75
2025-08-17,403608.3200000123,5,253420.82000001226,187.5
2025-08-18,403086.4500000123,6,253420.20000001226,-333.75
2025-08-19,400697.1100000123,13,253415.8600000123,-2718.75
2025-08-20,402109.03000001237,22,253410.28000001234,-1301.25
2025-08-21,399001.53000001237,22,253410.28000001234,-4408.75
2025-08-22,406549.8000000125,22,256286.05000001247,263.75
2025-08-24,406368.5500000125,5,256286.05000001247,82.5
2025-08-25,405546.6800000125,6,256285.43000001248,-738.75
2025-08-26,406949.8100000125,7,256284.81000001248,665.0
2025-08-27,407214.86000001256,7,257153.61000001253,61.25
2025-08-28,407514.8800000126,3,257527.38000001255,-12.5
2025-08-29,407085.5400000126,8,257523.04000001258,-437.5
2025-08-31,406955.5400000126,8,257523.04000001258,-567.5
2025-09-01,406895.5400000126,8,257523.04000001258,-627.5
2025-09-02,406058.6800000126,11,257521.1800000126,-1462.5
2025-09-03,407722.4300000126,11,257521.1800000126,201.25
2025-09-04,409080.0000000127,11,259021.25000001266,58.75
2025-09-05,408605.70000001276,14,259136.95000001273,-531.25
2025-09-07,409375.70000001276,14,259136.95000001273,238.75
2025-09-08,410425.70000001276,14,259136.95000001273,1288.75
2025-09-09,410966.4000000128,14,260888.9000000128,77.5
2025-09-10,411321.43000001286,5,261041.43000001283,280.0
2025-09-11,411995.8600000129,5,261914.61000001288,81.25
2025-09-12,411975.8600000129,2,261914.61000001288,61.25
2025-09-14,412013.3600000129,2,261914.61000001288,98.75
2025-09-15,412350.9000000129,2,262173.4000000129,177.5
2025-09-16,412148.4000000129,2,262173.4000000129,-25.0
2025-09-17,413909.750000013,9,263291.000000013,618.75
2025-09-18,414046.06000001304,4,264067.31000001304,-21.25
2025-09-19,414534.84000001306,4,264567.34000001306,-32.5
2025-09-21,414514.84000001306,2,264567.34000001306,-52.5
2025-09-22,414982.9900000131,3,264939.2400000131,43.75
2025-09-23,414658.0200000131,7,264935.5200000131,-277.5
2025-09-24,414581.17000001314,12,264932.42000001314,-351.25
2025-09-25,412289.95000001317,18,264928.70000001317,-2638.75
2025-09-26,415889.95000001317,18,264928.70000001317,961.25
2025-09-28,417509.95000001317,18,264928.70000001317,2581.25
2025-09-29,418155.6900000133,18,268058.1900000133,97.5
2025-09-30,418334.4800000133,5,268681.9800000133,-347.5
2025-10-01,419252.01000001334,4,269178.26000001334,73.75
2025-10-02,419911.4200000134,6,269303.9200000134,607.5
2025-10-03,419826.4800000134,6,270046.4800000134,-220.0
2025-10-05,420441.4800000134,6,270046.4800000134,395.0
2025-10-06,420674.02000001346,6,270796.52000001346,-122.5
2025-10-07,420748.4300000135,9,270792.1800000135,-43.75
2025-10-08,421922.86000001355,9,271911.61000001355,11.25
2025-10-09,422017.2600000136,7,271908.5100000136,108.75
2025-10-10,402558.61000001366,27,271896.11000001366,-19337.5
2025-10-12,418556.11000001366,27,271896.11000001366,-3340.0
2025-10-13,421728.61000001366,27,271896.11000001366,-167.5
2025-10-14,425230.6500000138,27,275251.9000000138,-21.25
2025-10-15,426727.0100000139,14,276429.5100000139,297.5
2025-10-16,425175.27000001405,14,278215.27000001405,-3040.0
2025-10-17,429886.6000000141,13,279845.3500000141,41.25
2025-10-19,430070.3500000141,3,279845.3500000141,225.0
2025-10-20,430458.51000001415,3,280341.01000001415,117.5
2025-10-21,430481.01000001415,2,280341.01000001415,140.0
2025-10-22,430714.8000000142,10,280336.0500000142,378.75
2025-10-23,432312.4100000143,10,282204.9100000143,107.5
2025-10-24,432619.3200000143,3,282760.5700000143,-141.25
2025-10-26,433410.5700000143,3,282760.5700000143,650.0
2025-10-27,433728.11000001436,3,283728.11000001436,0.0
2025-10-28,433937.5000000144,2,283851.2500000144,86.25
2025-10-29,434942.56000001443,5,284468.81000001443,473.75
2025-10-30,434897.59000001446,10,284465.09000001446,432.5
2025-10-31,433738.85000001447,12,284463.85000001447,-725.0
2025-11-02,434593.85000001447,12,284463.85000001447,130.0
2025-11-03,432403.85000001447,12,284463.85000001447,-2060.0
2025-11-04,428276.9900000145,15,284461.9900000145,-6185.0
2025-11-05,431461.3700000145,16,284461.3700000145,-3000.0
2025-11-06,424861.4100000145,24,284456.4100000145,-9595.0
2025-11-07,429842.70000001456,32,284451.45000001456,-4608.75
2025-11-09,435762.70000001456,32,284451.45000001456,1311.25
2025-11-10,439171.0500000148,32,289206.0500000148,-35.0
2025-11-11,439811.7200000148,4,289704.2200000148,107.5
2025-11-12,440152.9800000148,4,289702.9800000148,450.0
2025-11-13,434069.9300000149,19,289693.6800000149,-5623.75
2025-11-14,436148.6900000149,21,289692.4400000149,-3543.75
2025-11-16,438327.4400000149,21,289692.4400000149,-1365.0
2025-11-17,425263.7000000149,23,289691.2000000149,-14427.5
2025-11-18,421536.86000001495,30,289686.86000001495,-18150.0
2025-11-19,439686.86000001495,30,289686.86000001495,0.0
2025-11-20,431002.1500000152,30,293400.9000000152,-12398.75
2025-11-21,439047.7800000152,29,293400.2800000152,-4352.5
2025-11-23,441549.0300000152,29,293400.2800000152,-1851.25
2025-11-24,447633.6200000154,29,297659.8700000154,-26.25
2025-11-25,449229.3500000155,8,299149.3500000155,80.0
2025-11-26,449533.76000001555,2,299521.26000001555,12.5
2025-11-27,449586.26000001555,2,299521.26000001555,65.0
2025-11-28,449847.53000001557,2,299768.78000001557,78.75
2025-11-30,449360.03000001557,2,299768.78000001557,-408.75
2025-12-01,449484.4100000156,3,299768.1600000156,-283.75
2025-12-02,449998.1600000156,3,299768.1600000156,230.0
2025-12-03,450134.4300000156,3,300141.9300000156,-7.5
2025-12-04,450830.7000000156,5,300139.4500000156,691.25
2025-12-05,450850.12000001565,5,300762.62000001565,87.5
2025-12-07,451075.12000001565,4,300762.62000001565,312.5
2025-12-08,450763.2700000157,9,300759.5200000157,3.75
2025-12-09,450313.2700000157,9,300759.5200000157,-446.25
2025-12-10,451840.24000001576,9,302377.74000001576,-537.5
2025-12-11,453324.69000001583,7,303370.94000001583,-46.25
2025-12-12,451667.2500000159,13,303363.5000000159,-1696.25
2025-12-14,452674.7500000159,13,303363.5000000159,-688.75
2025-12-15,449051.1300000159,13,303331.1300000159,-4280.0
2025-12-16,448983.05000001594,22,303325.55000001594,-4342.5
2025-12-17,442456.21000001597,29,303321.21000001597,-10865.0
2025-12-18,449053.71000001597,29,303321.21000001597,-4267.5
2025-12-19,457016.9900000161,29,306936.9900000161,80.0
2025-12-21,457131.9900000161,2,306936.9900000161,195.0
2025-12-22,457373.26000001613,2,307294.51000001613,78.75
2025-12-23,458013.9400000162,4,308040.1900000162,-26.25
2025-12-24,458139.5800000162,2,308163.3300000162,-23.75
2025-12-25,458154.5800000162,2,308163.3300000162,-8.75
2025-12-26,458125.2100000162,3,308162.7100000162,-37.5
2025-12-28,458128.9600000162,3,308162.7100000162,-33.75
2025-12-29,457962.1000000162,6,308160.8500000162,-198.75
2025-12-30,457324.6000000162,6,308160.8500000162,-836.25
2025-12-31,455144.02000001626,15,308155.27000001626,-3011.25
2026-01-01,457281.52000001626,15,308155.27000001626,-873.75
2026-01-02,456115.2900000163,19,308152.7900000163,-2037.5
2026-01-04,457160.2900000163,19,308152.7900000163,-992.5
2026-01-05,460702.9000000164,19,310519.1500000164,183.75
2026-01-06,461265.4500000164,3,311262.9500000164,2.5
2026-01-07,460173.0100000165,9,311505.5100000165,-1332.5
2026-01-08,460604.2700000165,11,311504.2700000165,-900.0
2026-01-09,462879.33000001655,11,312879.33000001655,0.0
2026-01-11,462693.08000001655,1,312879.33000001655,-186.25
2026-01-12,463093.10000001657,2,313126.85000001657,-33.75
2026-01-13,462943.7500000166,6,313123.7500000166,-180.0
2026-01-14,462315.0400000166,14,313118.7900000166,-803.75
2026-01-15,466255.1400000167,14,315907.6400000167,347.5
2026-01-16,465616.4000000167,8,315906.4000000167,-290.0
2026-01-18,463086.4000000167,8,315906.4000000167,-2820.0
2026-01-19,462596.4000000167,8,315906.4000000167,-3310.0
2026-01-20,460352.0800000168,19,315899.5800000168,-5547.5
2026-01-21,468491.5800000169,19,318269.0800000169,222.5
2026-01-22,469637.26000001695,6,319272.26000001695,365.0
2026-01-23,469052.89000001695,6,319271.64000001695,-218.75
2026-01-25,468865.39000001695,6,319271.64000001695,-406.25
2026-01-26,470363.570000017,6,320146.070000017,217.5
2026-01-27,470699.220000017,3,320517.970000017,181.25
2026-01-28,470917.36000001704,5,320516.11000001704,401.25
2026-01-29,472416.2500000172,16,322516.2500000172,-100.0
2026-01-30,472882.5400000172,9,322511.2900000172,371.25
2026-02-01,470058.7900000172,9,322511.2900000172,-2452.5
2026-02-02,474381.3800000173,9,324002.6300000173,378.75
2026-02-03,473928.95000001736,17,323993.95000001736,-65.0
2026-02-04,470938.9700000174,21,323991.4700000174,-3052.5
2026-02-05,457152.7600000174,29,323986.5100000174,-16833.75
2026-02-06,477838.5600000176,29,327862.3100000176,-23.75
2026-02-08,477968.5600000176,2,327862.3100000176,106.25
2026-02-09,478457.9900000176,3,328482.9900000176,-25.0
2026-02-10,478631.76000001765,7,328480.51000001765,151.25
2026-02-11,479994.36000001774,13,329459.36000001774,535.0
2026-02-12,469224.4200000178,25,329451.9200000178,-10227.5
2026-02-13,468970.0600000178,28,329450.0600000178,-10480.0
2026-02-15,471280.0600000178,28,329450.0600000178,-8170.0
2026-02-16,465785.0600000178,28,329450.0600000178,-13665.0
2026-02-17,474575.0800000178,32,329447.5800000178,-4872.5
2026-02-18,477615.0800000178,32,329447.5800000178,-1832.5
2026-02-19,476815.0800000178,32,329447.5800000178,-2632.5
2026-02-20,483511.510000018,32,333432.760000018,78.75
2026-02-22,482431.510000018,4,333432.760000018,-1001.25
2026-02-23,482676.57000001805,16,333425.32000001805,-748.75
2026-02-24,485497.29000001814,16,335424.79000001814,72.5
2026-02-25,486044.8300000182,3,336107.3300000182,-62.5
2026-02-26,484864.27000001824,14,336099.27000001824,-1235.0
2026-02-27,483694.29000001826,18,336096.79000001826,-2402.5
2026-03-01,479711.79000001826,18,336096.79000001826,-6385.0
2026-03-02,480281.17000001826,19,336096.17000001826,-5815.0
2026-03-03,478215.5900000183,28,336090.5900000183,-7875.0
2026-03-04,489547.62000001845,28,339571.37000001845,-23.75
2026-03-05,491080.8000000185,14,339564.5500000185,1516.25
2026-03-06,483735.8200000185,18,339562.0700000185,-5826.25
2026-03-08,472035.8200000185,18,339562.0700000185,-17526.25
2026-03-09,492547.2800000187,26,343054.7800000187,-507.5
2026-03-10,494457.3700000188,7,344046.1200000188,411.25
2026-03-11,489547.4000000188,12,344042.4000000188,-4495.0
2026-03-12,489101.82000001887,21,344036.82000001887,-4935.0
2026-03-13,480287.4800000189,28,344032.4800000189,-13745.0
2026-03-15,486972.4800000189,28,344032.4800000189,-7060.0
2026-03-16,488092.7600000189,28,343962.7600000189,-5870.0
2026-03-17,497824.1800000191,28,347451.6800000191,372.5
2026-03-18,493076.74000001914,18,347444.24000001914,-4367.5
2026-03-19,492378.00000001915,20,347443.00000001915,-5065.0
2026-03-20,485083.0600000192,32,347435.5600000192,-12352.5
2026-03-22,474883.0600000192,32,347435.5600000192,-22552.5
2026-03-23,497999.5300000194,32,351415.7800000194,-3416.25
2026-03-24,501666.4200000194,15,351413.9200000194,252.5
2026-03-25,502995.29000001954,15,353282.79000001954,-287.5
2026-03-26,498834.7300000196,22,353274.7300000196,-4440.0
2026-03-27,478876.03000001964,32,353268.53000001964,-24392.5
2026-03-29,480676.03000001964,32,353268.53000001964,-22592.5
2026-03-30,486236.03000001964,32,353268.53000001964,-17032.5
2026-03-31,507409.3300000198,32,357254.3300000198,155.0
2026-04-01,505065.6700000199,7,358289.4200000199,-3223.75
2026-04-02,509655.14000002,10,359535.14000002,120.0
2026-04-03,509377.64000002,6,359535.14000002,-157.5
2026-04-05,509632.64000002,6,359535.14000002,97.5
2026-04-06,510214.59000002005,6,360527.09000002005,-312.5
2026-04-07,514440.3800000202,11,362775.3800000202,1665.0
2026-04-08,515619.2600000203,9,365690.5100000203,-71.25
2026-04-09,516778.0700000204,6,366688.0700000204,90.0
2026-04-10,516850.6100000204,6,366933.1100000204,-82.5
2026-04-12,514998.1100000204,6,366933.1100000204,-1935.0
2026-04-13,518407.5700000205,8,368297.5700000205,110.0
2026-04-14,518821.3500000205,1,368718.8500000205,102.5
2026-04-15,519537.6600000206,3,369462.6600000206,75.0
2026-04-16,519917.0700000206,4,369709.5700000206,207.5
2026-04-17,521075.88000002067,4,371014.63000002067,61.25
2026-04-19,520175.88000002067,4,371014.63000002067,-838.75
2026-04-20,521477.7800000207,9,371011.5300000207,466.25
2026-04-21,522438.5200000208,14,372127.2700000208,311.25
2026-04-22,523482.9800000209,14,373880.4800000209,-397.5
2026-04-23,524852.4500000209,16,374243.70000002097,608.75
2026-04-24,527137.570000021,16,377053.8200000211,83.75
2026-04-26,527210.070000021,2,377053.8200000211,156.25
2026-04-27,527435.100000021,3,377426.3500000211,8.75
2026-04-28,527573.2400000212,5,377424.4900000211,148.75
2026-04-29,527457.6200000211,6,377423.8700000211,33.75
2026-04-30,529672.7600000212,6,379512.76000002126,160.0
2026-05-01,528690.9500000214,9,379879.7000000213,-1188.75
2026-05-03,529534.7000000214,9,379879.7000000213,-345.0
2026-05-04,528690.3500000213,14,379876.60000002134,-1186.25
2026-05-05,532101.0600000215,14,381619.8100000214,481.25
2026-05-06,532744.8500000215,3,382691.10000002146,53.75
2026-05-07,532648.6500000216,9,382809.9000000215,-161.25
2026-05-08,533996.2000000216,9,383936.20000002155,60.0
2026-05-10,533951.2000000216,1,383936.20000002155,15.0
2026-05-11,533882.5000000217,5,384305.0000000216,-422.5
2026-05-12,536105.7500000217,13,385922.0000000217,183.75
2026-05-13,536800.1800000218,6,386791.43000002176,8.75
2026-05-14,537045.2200000219,3,387162.7200000218,-117.5
2026-05-15,535305.8800000218,10,387158.38000002183,-1852.5
2026-05-17,533718.3800000218,10,387158.38000002183,-3440.0
2026-05-18,535602.7800000219,15,387155.28000002186,-1552.5
2026-05-19,532099.0400000219,17,387154.04000002187,-5055.0
2026-05-20,539436.650000022,17,389267.90000002197,168.75
2026-05-21,541122.370000022,7,390387.37000002206,735.0
2026-05-22,541459.9800000221,6,391981.23000002216,-521.25
2026-05-24,543619.9800000221,6,391981.23000002216,1638.75
2026-05-25,543154.9800000221,6,391981.23000002216,1173.75
2026-05-26,543198.7800000221,6,392938.7800000222,260.0
2026-05-27,543498.7800000221,4,392938.7800000222,560.0
