dt,equity,equity_min_close,equity_min_low,realized,unrealized,qty_end,qty_max,raw_c
2019-05-05,150000.0,150000.0,150000.0,0.0,0.0,0,0,2886.5
2019-05-06,150042.52,150000.0,149998.13,122.51999999999998,-80.0,2,2,2912.25
2019-05-07,150158.19,148590.69,148563.19,116.93999999999994,41.25,11,11,2891.5
2019-05-08,149030.69,148865.69,148851.94,116.93999999999994,-1086.25,11,11,2871.0
2019-05-09,148648.21,146923.21,146885.71,114.45999999999992,-1466.25,15,15,2859.75
2019-05-10,151278.22,146137.59,146071.97,113.21999999999991,1165.0,17,17,2887.25
2019-05-12,148728.22,148430.72,148324.47,113.21999999999991,-1385.0,17,17,2857.25
2019-05-13,145854.49,143780.74,143544.49,110.7399999999999,-4256.25,21,21,2821.75
2019-05-14,148190.74,145355.74,145276.99,110.7399999999999,-1920.0,21,21,2844.0
2019-05-15,148453.24,145171.99,145145.74,110.7399999999999,-1657.5,21,21,2846.5
2019-05-16,152573.36,148059.49,147954.49,2743.3600000000006,-170.0,3,21,2869.25
2019-05-17,152483.99,152329.61,152322.11,2742.7400000000007,-258.75,4,4,2861.25
2019-05-19,152668.99,152543.99,152483.99,2742.7400000000007,-73.75,4,4,2870.5
2019-05-20,152567.75,151870.25,151840.25,2741.500000000001,-173.75,6,6,2856.75
2019-05-21,152882.75,152275.25,152252.75,2741.500000000001,141.25,6,6,2867.25
2019-05-22,152282.75,152177.75,152170.25,2741.500000000001,-458.75,6,6,2847.25
2019-05-23,151915.9,150747.15,150705.9,2738.4000000000015,-822.5,11,11,2827.75
2019-05-24,152094.65,151572.15,151530.9,2738.4000000000015,-643.75,11,11,2831.0
2019-05-26,152025.9,151902.15,151819.65,2738.4000000000015,-712.5,11,11,2829.75
2019-05-27,152479.65,151902.15,151902.15,2738.4000000000015,-258.75,11,11,2838.0
2019-05-28,150140.28,149945.28,149915.28,2737.7800000000016,-2597.5,12,12,2796.0
2019-05-29,149639.05,148179.05,148119.05,2735.300000000002,-3096.25,16,16,2785.25
2019-05-30,148699.05,147959.05,147899.05,2735.300000000002,-4036.25,16,16,2773.5
2019-05-31,146952.19,146762.19,146714.69,2733.4400000000023,-5781.25,19,19,2752.5
2019-06-02,145622.19,145075.94,145028.44,2733.4400000000023,-7111.25,19,19,2738.5
2019-06-03,147295.96,144679.71,144478.46,2730.9600000000028,-5435.0,23,23,2753.25
2019-06-04,154109.71,146663.46,146634.71,2730.9600000000028,1378.75,23,23,2812.5
2019-06-05,155619.83000000002,152930.96,152787.21,5618.580000000005,1.25,1,23,2826.75
2019-06-06,155739.22,155596.08000000002,155594.83000000002,5741.720000000006,-2.5,2,2,2850.0
2019-06-07,155997.36000000002,155701.72,155701.72,5989.860000000006,7.5,1,2,2877.5
2019-06-09,156024.86000000002,156014.86000000002,156012.36000000002,5989.860000000006,35.0,1,1,2883.0
2019-06-10,156114.26,155959.26,155949.26,6111.760000000007,2.5,4,4,2894.5
2019-06-11,155957.39,155807.39,155794.89,6111.140000000007,-153.75,5,5,2885.75
2019-06-12,155730.52000000002,155498.02000000002,155445.52000000002,6110.520000000007,-380.0,6,6,2876.75
2019-06-13,156330.52000000002,155648.02000000002,155633.02000000002,6110.520000000007,220.0,6,6,2896.75
2019-06-14,156180.52000000002,155850.52000000002,155843.02000000002,6110.520000000007,70.0,6,6,2891.75
2019-06-16,156353.08000000002,156165.58000000002,156128.08000000002,6095.580000000007,257.5,6,6,2902.5
2019-06-17,156150.58000000002,156053.08000000002,156038.08000000002,6095.580000000007,55.0,6,6,2895.75
2019-06-18,156877.49000000002,155970.58000000002,155948.08000000002,6843.740000000008,33.75,1,6,2927.75
2019-06-19,156962.49000000002,156834.99000000002,156814.99000000002,6843.740000000008,118.75,1,1,2944.75
2019-06-20,157100.02000000002,156731.27000000002,156693.77000000002,7036.270000000009,63.75,5,5,2952.0
2019-06-21,157006.27000000002,156993.77000000002,156993.77000000002,7036.270000000009,-30.0,5,5,2948.25
2019-06-23,157318.77000000002,157062.52000000002,156981.27000000002,7036.270000000009,282.5,5,5,2960.75
2019-06-24,156943.77000000002,156925.02000000002,156918.77000000002,7036.270000000009,-92.5,5,5,2945.75
2019-06-25,156316.91,156106.91,156076.91,7034.410000000009,-717.5,8,8,2923.5
2019-06-26,156508.79,155957.54,155935.04,7033.790000000009,-525.0,9,9,2927.25
2019-06-27,156745.04,156092.54,156081.29,7033.790000000009,-288.75,9,9,2932.5
2019-06-28,157701.29,156677.54,156666.29,7033.790000000009,667.5,9,9,2953.75
2019-06-30,158410.04,158128.79,158117.54,7033.790000000009,1376.25,9,9,2969.5
2019-07-01,158833.86000000002,158398.79,158398.79,8828.860000000004,5.0,5,9,2970.5
2019-07-02,158965.11000000002,158558.86000000002,158533.86000000002,8828.860000000004,136.25,5,5,2975.75
2019-07-03,159471.39,158927.61000000002,158921.36000000002,9455.14,16.25,1,5,2999.0
2019-07-04,159490.14,159463.89,159462.64,9455.14,35.0,1,1,3002.75
2019-07-05,159589.53,159184.53,159179.53,9453.279999999997,136.25,4,4,2991.75
2019-07-07,159449.53,159434.53,159434.53,9453.279999999997,-3.75,4,4,2984.75
2019-07-08,159079.53,159059.53,159054.53,9453.279999999997,-373.75,4,4,2966.25
2019-07-09,159467.66,159024.53,159024.53,9452.659999999996,15.0,5,5,2982.0
2019-07-10,160204.58,159211.41,159198.91,10074.579999999989,130.0,4,5,3005.25
2019-07-11,160324.58,159949.58,159949.58,10074.579999999989,250.0,4,4,3011.25
2019-07-12,160384.58,160209.58,160209.58,10074.579999999989,310.0,4,4,3014.25
2019-07-14,160459.58,160319.58,160314.58,10074.579999999989,385.0,4,4,3018.0
2019-07-15,160494.58,160349.58,160349.58,10074.579999999989,420.0,4,4,3019.75
2019-07-16,160264.58,160179.58,160164.58,10074.579999999989,190.0,4,4,3008.25
2019-07-17,159626.46,159545.21,159532.71,10073.959999999988,-447.5,5,5,2978.25
2019-07-18,160457.09,159557.09,159542.09,10073.339999999987,383.75,6,6,3006.25
2019-07-19,159399.59,159399.59,159354.59,10073.339999999987,-673.75,6,6,2971.0
2019-07-21,159564.59,159459.59,159444.59,10073.339999999987,-508.75,6,6,2976.5
2019-07-22,160022.09,159557.09,159557.09,10073.339999999987,-51.25,6,6,2991.75
2019-07-23,160502.09,159939.59,159939.59,10073.339999999987,428.75,6,6,3007.75
2019-07-24,160838.99999999997,160157.09,160149.59,10820.249999999982,18.75,1,6,3022.25
2019-07-25,160898.38999999998,160593.38999999998,160578.38999999998,10818.38999999998,80.0,4,4,3014.0
2019-07-26,161078.38999999998,160828.38999999998,160818.38999999998,10818.38999999998,260.0,4,4,3023.0
2019-07-28,161043.38999999998,161018.38999999998,161018.38999999998,10818.38999999998,225.0,4,4,3021.25
2019-07-29,161123.38999999998,160928.38999999998,160928.38999999998,10818.38999999998,305.0,4,4,3025.25
2019-07-30,160993.38999999998,160668.38999999998,160648.38999999998,10818.38999999998,175.0,4,4,3018.75
2019-07-31,160470.91999999998,159235.28999999998,159145.28999999998,10814.669999999975,-343.75,10,10,2984.75
2019-08-01,158397.80999999997,158056.55999999997,157991.55999999997,10812.809999999972,-2415.0,13,13,2945.0
2019-08-02,157933.45999999996,156043.45999999996,156043.45999999996,10809.709999999968,-2876.25,18,18,2934.5
2019-08-04,154715.95999999996,154400.95999999996,154288.45999999996,10809.709999999968,-6093.75,18,18,2898.75
2019-08-05,148471.01999999996,139021.01999999996,138833.51999999996,10802.269999999959,-12331.25,30,30,2840.0
2019-08-06,151696.01999999996,147308.51999999996,147196.01999999996,10802.269999999959,-9106.25,30,30,2861.5
2019-08-07,156533.51999999996,146071.01999999996,145958.51999999996,10802.269999999959,-4268.75,30,30,2893.75
2019-08-08,161596.01999999996,154771.01999999996,154658.51999999996,10802.269999999959,793.75,30,30,2927.5
2019-08-09,161033.51999999996,157433.51999999996,157321.01999999996,10802.269999999959,231.25,30,30,2923.75
2019-08-11,161221.01999999996,159458.51999999996,159421.01999999996,10802.269999999959,418.75,30,30,2925.0
2019-08-12,155183.51999999996,153533.51999999996,153346.01999999996,10802.269999999959,-5618.75,30,30,2884.75
2019-08-13,161521.01999999996,152558.51999999996,152483.51999999996,10802.269999999959,718.75,30,30,2927.0
2019-08-14,149671.01999999996,147608.51999999996,147533.51999999996,10802.269999999959,-11131.25,30,30,2848.0
2019-08-15,152521.01999999996,145246.01999999996,145133.51999999996,10802.269999999959,-8281.25,30,30,2867.0
2019-08-16,156196.01999999996,151808.51999999996,151696.01999999996,10802.269999999959,-4606.25,30,30,2891.5
2019-08-18,158333.51999999996,157583.51999999996,156346.01999999996,10802.269999999959,-2468.75,30,30,2905.75
2019-08-19,161483.51999999996,158296.01999999996,158296.01999999996,10802.269999999959,681.25,30,30,2926.75
2019-08-20,158408.51999999996,156646.01999999996,156421.01999999996,10802.269999999959,-2393.75,30,30,2906.25
2019-08-21,161446.01999999996,158146.01999999996,158071.01999999996,10802.269999999959,643.75,30,30,2926.5
2019-08-22,162271.01999999996,158371.01999999996,158108.51999999996,10802.269999999959,1468.75,30,30,2932.0
2019-08-23,150196.01999999996,147796.01999999996,147571.01999999996,10802.269999999959,-10606.25,30,30,2851.5
2019-08-25,148546.01999999996,144308.51999999996,144008.51999999996,10802.269999999959,-12256.25,30,30,2840.5
2019-08-26,154846.01999999996,146858.51999999996,146783.51999999996,10802.269999999959,-5956.25,30,30,2882.5
2019-08-27,153758.51999999996,151658.51999999996,151471.01999999996,10802.269999999959,-7043.75,30,30,2875.25
2019-08-28,154433.51999999996,150646.01999999996,150233.51999999996,10802.269999999959,-6368.75,30,30,2879.75
2019-08-29,162458.51999999996,154433.51999999996,154396.01999999996,10802.269999999959,1656.25,30,30,2933.25
2019-08-30,161033.51999999996,159533.51999999996,159458.51999999996,10802.269999999959,231.25,30,30,2923.75
2019-09-01,159233.51999999996,157021.01999999996,156533.51999999996,10802.269999999959,-1568.75,30,30,2911.75
2019-09-02,158671.01999999996,156871.01999999996,155821.01999999996,10802.269999999959,-2131.25,30,30,2908.0
2019-09-03,159646.01999999996,156196.01999999996,156121.01999999996,10802.269999999959,-1156.25,30,30,2914.5
2019-09-04,167558.51999999996,159608.51999999996,159608.51999999996,10802.269999999959,6756.25,30,30,2967.25
2019-09-05,167373.04999999993,165083.51999999996,165046.01999999996,17314.299999999937,58.75,1,30,2978.5
2019-09-06,167395.54999999993,167345.54999999993,167341.79999999993,17314.299999999937,81.25,1,1,2983.0
2019-09-08,167409.29999999993,167385.54999999993,167380.54999999993,17314.299999999937,95.0,1,1,2985.75
2019-09-09,167364.29999999993,167333.04999999993,167328.04999999993,17314.299999999937,50.0,1,1,2976.75
2019-09-10,167464.92999999993,167254.92999999993,167247.42999999993,17313.67999999994,151.25,2,2,2979.0
2019-09-11,167694.31999999995,167434.92999999993,167422.42999999993,17563.06999999994,131.25,1,2,3015.5
2019-09-12,167729.33999999994,167556.83999999994,167519.33999999994,17685.589999999946,43.75,3,3,3015.5
2019-09-13,167601.83999999994,167553.08999999994,167549.33999999994,17685.589999999946,-83.75,3,3,3007.0
2019-09-15,167343.11999999994,167219.36999999994,167204.36999999994,17678.119999999944,-335.0,3,3,2992.75
2019-09-16,167461.24999999994,167283.11999999994,167271.86999999994,17677.499999999945,-216.25,4,4,2999.75
2019-09-17,167546.24999999994,167346.24999999994,167341.24999999994,17677.499999999945,-131.25,4,4,3004.0
2019-09-18,167565.00999999995,167032.50999999995,167010.00999999995,17676.259999999947,-111.25,6,6,2999.25
2019-09-19,167910.00999999995,167392.50999999995,167325.00999999995,17676.259999999947,233.75,6,6,3010.75
2019-09-20,167265.00999999995,167197.50999999995,167145.00999999995,17676.259999999947,-411.25,6,6,2989.25
2019-09-22,167625.00999999995,167550.00999999995,167460.00999999995,17676.259999999947,-51.25,6,6,3001.25
2019-09-23,167722.50999999995,167070.00999999995,167047.50999999995,17676.259999999947,46.25,6,6,3004.5
2019-09-24,167013.14999999997,166203.14999999997,166191.89999999997,17674.39999999995,-661.25,9,9,2976.75
2019-09-25,167438.77999999994,166101.89999999997,165978.14999999997,17673.77999999995,-235.0,10,10,2983.25
2019-09-26,167076.27999999994,166501.27999999994,166488.77999999994,17673.77999999995,-597.5,10,10,2976.0
2019-09-27,166785.65999999995,165589.40999999995,165561.90999999995,17673.159999999953,-887.5,11,11,2968.5
2019-09-29,167253.15999999995,166634.40999999995,166620.65999999995,17673.159999999953,-420.0,11,11,2977.0
2019-09-30,167981.90999999995,166606.90999999995,166565.65999999995,17673.159999999953,308.75,11,11,2990.25
2019-10-01,165485.66999999995,165046.91999999995,164981.91999999995,17671.919999999955,-2186.25,13,13,2944.75
2019-10-02,161363.83999999997,159906.33999999997,159796.33999999997,17666.339999999964,-6302.5,22,22,2888.25
2019-10-03,164169.47999999998,157669.47999999998,157575.72999999998,17664.479999999967,-3495.0,25,25,2907.75
2019-10-04,169544.47999999998,162981.97999999998,162794.47999999998,17664.479999999967,1880.0,25,25,2950.75
2019-10-06,167888.22999999998,167606.97999999998,166700.72999999998,17664.479999999967,223.75,25,25,2937.5
2019-10-07,169075.72999999998,167419.47999999998,167419.47999999998,17664.479999999967,1411.25,25,25,2947.0
2019-10-08,163263.22999999998,161794.47999999998,161731.97999999998,17664.479999999967,-4401.25,25,25,2900.5
2019-10-09,164888.22999999998,161106.97999999998,160919.47999999998,17664.479999999967,-2776.25,25,25,2913.5
2019-10-10,169513.22999999998,164138.22999999998,164044.47999999998,17664.479999999967,1848.75,25,25,2950.5
2019-10-11,171758.99,169263.22999999998,169200.72999999998,21746.489999999994,12.5,2,25,2970.25
2019-10-13,171836.49,171748.99,171731.49,21746.489999999994,90.0,2,2,2978.0
2019-10-14,171776.49,171601.49,171593.99,21746.489999999994,30.0,2,2,2972.0
2019-10-15,171959.63,171773.99,171771.49,21994.629999999997,-35.0,1,2,2987.75
2019-10-16,171969.01,171926.51,171921.51,21994.01,-25.0,2,2,2989.5
2019-10-17,172011.51,171929.01,171926.51,21994.01,17.5,2,2,2993.75
2019-10-18,172055.27,171810.89,171780.89,21992.77,62.5,4,4,2989.25
2019-10-20,172180.27,171960.27,171945.27,21992.77,187.5,4,4,2995.5
2019-10-21,172510.27,172065.27,172060.27,21992.77,517.5,4,4,3012.0
2019-10-22,172090.94,171978.44,171965.94,22489.69000000001,-398.75,5,5,2987.0
2019-10-23,172559.69,172022.19,172009.69,22489.69000000001,70.0,5,5,3005.75
2019-10-24,172522.19,172397.19,172384.69,22489.69000000001,32.5,5,5,3004.25
2019-10-25,172909.69,172434.69,172415.94,22489.69000000001,420.0,5,5,3019.75
2019-10-27,173047.19,172990.94,172984.69,22489.69000000001,557.5,5,5,3025.25
2019-10-28,173247.22000000003,173015.94,173015.94,23237.220000000016,10.0,1,5,3038.0
2019-10-29,173224.72000000003,173209.72000000003,173204.72000000003,23237.220000000016,-12.5,1,1,3033.5
2019-10-30,173478.48,173162.85,173132.85,23235.980000000018,242.5,3,3,3047.5
2019-10-31,173505.36000000002,173080.36000000002,173069.73,23235.36000000002,270.0,4,4,3042.5
2019-11-01,173773.51,173425.36000000002,173405.36000000002,23732.260000000024,41.25,1,4,3063.0
2019-11-03,173808.51,173792.26,173782.26,23732.260000000024,76.25,1,1,3070.0
2019-11-04,173902.28000000003,173778.53000000003,173774.78000000003,23862.280000000028,40.0,3,3,3081.0
2019-11-05,173744.78000000003,173699.78000000003,173699.78000000003,23862.280000000028,-117.5,3,3,3070.5
2019-11-06,173794.16000000003,173629.16000000003,173604.16000000003,23861.66000000003,-67.5,4,4,3072.5
2019-11-07,173914.16000000003,173779.16000000003,173774.16000000003,23861.66000000003,52.5,4,4,3078.5
2019-11-08,174184.16000000003,173824.16000000003,173794.16000000003,23861.66000000003,322.5,4,4,3092.0
2019-11-10,173999.16000000003,173989.16000000003,173979.16000000003,23861.66000000003,137.5,4,4,3082.75
2019-11-11,174044.16000000003,173849.16000000003,173834.16000000003,23861.66000000003,182.5,4,4,3085.0
2019-11-12,174144.20000000004,174039.16000000003,174034.16000000003,24359.200000000037,-215.0,4,4,3083.0
2019-11-13,174392.33000000005,174009.20000000004,173999.20000000004,24358.580000000038,33.75,5,5,3092.25
2019-11-14,174779.83000000005,174148.58000000005,174129.83000000005,24358.580000000038,421.25,5,5,3107.75
2019-11-15,174997.36000000004,174648.58000000005,174648.58000000005,24982.360000000044,15.0,1,5,3119.0
2019-11-17,174986.11000000004,174971.11000000004,174971.11000000004,24982.360000000044,3.75,1,1,3116.75
2019-11-18,175022.36000000004,174958.61000000004,174957.36000000004,24982.360000000044,40.0,1,1,3124.0
2019-11-19,174971.11000000004,174944.86000000004,174943.61000000004,24982.360000000044,-11.25,1,1,3113.75
2019-11-20,174892.38000000006,174642.38000000006,174636.13000000006,24979.88000000005,-87.5,5,5,3101.0
2019-11-21,175067.38000000006,174717.38000000006,174704.88000000006,24979.88000000005,87.5,5,5,3108.0
2019-11-22,175167.38000000006,174842.38000000006,174811.13000000006,24979.88000000005,187.5,5,5,3112.0
2019-11-24,175317.38000000006,175286.13000000006,175279.88000000006,24979.88000000005,337.5,5,5,3118.0
2019-11-25,175626.16000000006,175298.63000000006,175286.13000000006,25601.160000000054,25.0,1,5,3134.75
2019-11-26,175682.41000000006,175594.91000000006,175592.41000000006,25601.160000000054,81.25,1,1,3146.0
2019-11-27,175678.67000000004,175664.92000000004,175658.67000000004,25724.920000000056,-46.25,1,1,3145.0
2019-11-28,175678.67000000004,175668.67000000004,175667.42000000004,25724.920000000056,-46.25,1,1,3145.0
2019-11-29,175659.93000000005,175603.68000000005,175596.18000000005,25723.68000000006,-63.75,3,3,3143.75
2019-12-01,175802.43000000005,175671.18000000005,175667.43000000005,25723.68000000006,78.75,3,3,3153.25
2019-12-02,175154.33000000007,174714.33000000007,174664.33000000007,25720.580000000064,-566.25,8,8,3120.25
2019-12-03,174266.84000000005,173141.84000000005,173054.34000000005,25719.340000000066,-1452.5,10,10,3093.75
2019-12-04,175116.84000000005,173691.84000000005,173666.84000000005,25719.340000000066,-602.5,10,10,3110.75
2019-12-05,175629.34000000005,174791.84000000005,174741.84000000005,25719.340000000066,-90.0,10,10,3121.0
2019-12-06,176962.52000000008,175579.34000000005,175566.84000000005,26972.520000000077,-10.0,1,10,3146.5
2019-12-08,176937.52000000008,176930.02000000008,176927.52000000008,26972.520000000077,-35.0,1,1,3141.5
2019-12-09,176874.4100000001,176784.4100000001,176779.4100000001,26970.66000000008,-96.25,4,4,3136.0
2019-12-10,176858.7900000001,176499.4100000001,176479.4100000001,26970.04000000008,-111.25,5,5,3133.75
2019-12-11,177177.5400000001,176821.2900000001,176796.2900000001,26970.04000000008,207.5,5,5,3146.5
2019-12-12,177953.83000000007,176965.0400000001,176946.2900000001,27591.33000000009,362.5,3,5,3180.25
2019-12-13,178048.8700000001,177668.83000000007,177650.08000000007,27963.870000000097,85.0,5,5,3172.0
2019-12-15,178255.1700000001,178073.9200000001,178073.9200000001,27951.420000000096,303.75,5,5,3184.25
2019-12-16,178583.9500000001,178192.6700000001,178192.6700000001,28576.450000000103,7.5,1,5,3198.0
2019-12-17,178567.7000000001,178557.7000000001,178553.9500000001,28576.450000000103,-8.75,1,1,3194.75
2019-12-18,178580.2000000001,178555.2000000001,178553.9500000001,28576.450000000103,3.75,1,1,3197.25
2019-12-19,178648.9500000001,178567.7000000001,178566.4500000001,28576.450000000103,72.5,1,1,3211.0
2019-12-20,178711.4600000001,178637.7000000001,178636.4500000001,28700.210000000105,11.25,1,1,3224.5
2019-12-22,178730.2100000001,178720.2100000001,178712.7100000001,28700.210000000105,30.0,1,1,3228.25
2019-12-23,178727.7100000001,178711.4600000001,178710.2100000001,28700.210000000105,27.5,1,1,3227.75
2019-12-24,178721.4600000001,178702.7100000001,178701.4600000001,28700.210000000105,21.25,1,1,3226.5
2019-12-25,178736.4600000001,178725.2100000001,178723.9600000001,28700.210000000105,36.25,1,1,3229.5
2019-12-26,178833.9600000001,178735.2100000001,178733.9600000001,28700.210000000105,133.75,1,1,3249.0
2019-12-27,178722.7300000001,178715.2300000001,178707.7300000001,28837.73000000011,-115.0,3,3,3236.5
2019-12-29,178831.4800000001,178760.2300000001,178745.2300000001,28837.73000000011,-6.25,3,3,3243.75
2019-12-30,178577.1200000001,178307.1200000001,178277.1200000001,28835.87000000011,-258.75,6,6,3227.25
2019-12-31,178947.75000000012,178179.6200000001,178142.75000000012,28835.250000000113,112.5,7,7,3236.0
2020-01-01,179079.00000000012,178904.00000000012,178886.50000000012,28835.250000000113,243.75,7,7,3239.75
2020-01-02,179605.29000000012,178974.00000000012,178930.25000000012,29712.79000000012,-107.5,1,7,3237.25
2020-01-03,179642.17000000013,179455.29000000012,179452.79000000012,29712.170000000122,-70.0,2,2,3235.5
2020-01-05,179567.17000000013,179459.67000000013,179449.67000000013,29712.170000000122,-145.0,2,2,3228.0
2020-01-06,179999.05000000013,179377.17000000013,179374.67000000013,29711.550000000123,287.5,3,3,3252.75
2020-01-07,179567.80000000013,178937.80000000013,178922.80000000013,29711.550000000123,-143.75,3,3,3224.0
2020-01-08,180147.20000000013,179541.55000000013,179534.05000000013,30085.950000000128,61.25,2,3,3262.75
2020-01-09,180349.70000000013,180144.70000000013,180144.70000000013,30085.950000000128,263.75,2,2,3283.0
2020-01-10,180132.86000000013,180072.23000000013,180064.11000000013,30332.860000000135,-200.0,5,5,3263.5
2020-01-12,180382.86000000013,180214.11000000013,180182.86000000013,30332.860000000135,50.0,5,5,3273.5
2020-01-13,180782.86000000013,180282.86000000013,180245.36000000013,30332.860000000135,450.0,5,5,3289.5
2020-01-14,180564.11000000013,180439.11000000013,180426.61000000013,30332.860000000135,231.25,5,5,3280.75
2020-01-15,181076.65000000014,180526.61000000013,180520.36000000013,30952.900000000143,123.75,3,5,3298.0
2020-01-16,181334.17000000016,181076.65000000014,181072.90000000014,31325.420000000147,8.75,1,3,3317.75
2020-01-17,181362.92000000016,181331.67000000016,181331.67000000016,31325.420000000147,37.5,1,1,3323.5
2020-01-19,181376.67000000016,181361.67000000016,181361.67000000016,31325.420000000147,51.25,1,1,3326.25
2020-01-20,181302.92000000016,181291.67000000016,181289.17000000016,31325.420000000147,-22.5,1,1,3311.5
2020-01-21,181417.92000000016,181287.92000000016,181281.67000000016,31325.420000000147,92.5,1,1,3334.5
2020-01-22,181326.67000000016,181314.17000000016,181310.42000000016,31325.420000000147,1.25,1,1,3316.25
2020-01-23,181609.18000000014,181192.93000000014,181181.68000000014,31324.18000000015,285.0,3,3,3329.75
2020-01-24,181032.95000000016,180682.95000000016,180665.45000000016,31321.700000000154,-288.75,7,7,3291.0
2020-01-26,180009.20000000016,179746.70000000016,179676.70000000016,31321.700000000154,-1312.5,7,7,3261.75
2020-01-27,179877.33000000016,179099.20000000016,179002.95000000016,31321.080000000155,-1443.75,8,8,3255.25
2020-01-28,181187.33000000016,179357.33000000016,179337.33000000016,31321.080000000155,-133.75,8,8,3288.0
2020-01-29,179797.33000000016,179737.33000000016,179727.33000000016,31321.080000000155,-1523.75,8,8,3253.25
2020-01-30,181447.33000000016,179267.33000000016,179257.33000000016,31321.080000000155,126.25,8,8,3294.5
2020-01-31,178790.47000000015,178061.72000000015,178006.72000000015,31319.220000000158,-2528.75,11,11,3227.0
2020-02-02,179794.22000000015,178749.22000000015,178515.47000000015,31319.220000000158,-1525.0,11,11,3245.25
2020-02-03,180784.22000000015,179134.22000000015,179106.72000000015,31319.220000000158,-535.0,11,11,3263.25
2020-02-04,182671.78000000017,180770.47000000015,180756.72000000015,32688.03000000017,-16.25,1,11,3295.25
2020-02-05,183469.93000000017,182641.78000000017,182640.53000000017,32831.18000000016,638.75,4,4,3352.5
2020-02-06,183314.96000000014,183089.93000000017,183074.93000000017,33331.210000000145,-16.25,2,4,3341.0
2020-02-07,183079.97000000015,183044.97000000015,183034.97000000015,33329.97000000014,-250.0,4,4,3323.0
2020-02-09,183139.97000000015,182709.97000000015,182689.97000000015,33329.97000000014,-190.0,4,4,3326.0
2020-02-10,184085.60000000015,182934.97000000015,182914.97000000015,33329.35000000014,756.25,5,5,3362.25
2020-02-11,184226.89000000013,183929.35000000015,183910.60000000015,34174.390000000116,52.5,3,5,3364.25
2020-02-12,184275.64000000013,184219.39000000013,184215.64000000013,34174.390000000116,101.25,3,3,3367.5
2020-02-13,184526.89000000013,183998.14000000013,183990.64000000013,34174.390000000116,352.5,3,3,3384.25
2020-02-14,184470.64000000013,184253.14000000013,184241.89000000013,34174.390000000116,296.25,3,3,3380.5
2020-02-16,184571.89000000013,184508.14000000013,184493.14000000013,34174.390000000116,397.5,3,3,3387.25
2020-02-17,184350.64000000013,184275.64000000013,184271.89000000013,34174.390000000116,176.25,3,3,3372.5
2020-02-18,184444.39000000013,184095.64000000013,184091.89000000013,34174.390000000116,270.0,3,3,3378.75
2020-02-19,184528.1600000001,184384.39000000013,184373.14000000013,34546.910000000105,-18.75,1,3,3382.5
2020-02-20,184179.4400000001,183786.31000000008,183576.31000000008,34543.19000000009,-363.75,7,7,3357.5
2020-02-21,183527.58000000007,183015.08000000007,183015.08000000007,34541.33000000008,-1013.75,10,10,3338.25
2020-02-23,181365.08000000007,180915.08000000007,180890.08000000007,34541.33000000008,-3176.25,10,10,3295.0
2020-02-24,179899.48000000007,177030.73000000007,177011.98000000007,34538.23000000007,-4638.75,15,15,3252.25
2020-02-25,170907.06000000003,166218.31000000003,165985.81000000003,34528.31000000003,-13621.25,31,31,3149.0
2020-02-26,156960.19000000003,156840.19000000003,156760.19000000003,34527.690000000024,-27567.5,32,32,3060.75
2020-02-27,155240.19000000003,148520.19000000003,148200.19000000003,34527.690000000024,-29287.5,32,32,3050.0
2020-03-01,134320.19000000003,130720.19000000003,129520.19000000003,34527.690000000024,-50207.5,32,32,2919.25
2020-03-03,152280.19000000003,143080.19000000003,142920.19000000003,34527.690000000024,-32247.5,32,32,3031.5
2020-03-04,161440.19000000003,151880.19000000003,151800.19000000003,34527.690000000024,-23087.5,32,32,3088.75
2020-03-05,143960.19000000003,143480.19000000003,143400.19000000003,34527.690000000024,-40567.5,32,32,2979.5
2020-03-06,141440.19000000003,131200.19000000003,130920.19000000003,34527.690000000024,-43087.5,32,32,2963.75
2020-03-08,118280.19000000003,118280.19000000003,118280.19000000003,34527.690000000024,-66247.5,32,32,2819.0
2020-03-09,118240.19000000003,99160.19000000003,98480.19000000003,34527.690000000024,-66287.5,32,32,2818.75
2020-03-10,117240.19000000003,104560.19000000003,103800.19000000003,34527.690000000024,-67287.5,32,32,2812.5
2020-03-11,86360.19000000003,84440.19000000003,84400.19000000003,34527.690000000024,-98167.5,32,32,2619.5
2020-03-12,51120.19000000003,50680.19000000003,50200.19000000003,34527.690000000024,-133407.5,32,32,2399.25
2020-03-13,93600.19000000003,51160.19000000003,51040.19000000003,34527.690000000024,-90927.5,32,32,2664.75
2020-03-15,78040.19000000003,78040.19000000003,78040.19000000003,34527.690000000024,-106487.5,32,32,2567.5
2020-03-16,66600.51000000001,47240.19000000003,44880.19000000003,34448.010000000024,-117847.5,32,32,2485.5
2020-03-17,53400.51000000001,46200.51000000001,45240.51000000001,34448.010000000024,-131047.5,32,32,2403.0
2020-03-18,34720.51000000001,31400.51000000001,30840.51000000001,34448.010000000024,-149727.5,32,32,2286.25
2020-03-19,48680.51000000001,33560.51000000001,32920.51000000001,34448.010000000024,-135767.5,32,32,2373.5
2020-03-20,31680.51000000001,30600.51000000001,30520.51000000001,34448.010000000024,-152767.5,32,32,2267.25
2020-03-22,20800.51000000001,16760.51000000001,16760.51000000001,34448.010000000024,-163647.5,32,32,2199.25
2020-03-23,33440.51000000001,17120.51000000001,16840.51000000001,34448.010000000024,-151007.5,32,32,2278.25
2020-03-24,53680.51000000001,33000.51000000001,32920.51000000001,34448.010000000024,-130767.5,32,32,2404.75
2020-03-25,62120.51000000001,50920.51000000001,50680.51000000001,34448.010000000024,-122327.5,32,32,2457.5
2020-03-26,81680.51000000001,54120.51000000001,53280.51000000001,34448.010000000024,-102767.5,32,32,2579.75
2020-03-27,72120.51000000001,70200.51000000001,69760.51000000001,34448.010000000024,-112327.5,32,32,2520.0
2020-03-29,71040.51000000001,63440.51000000001,60120.51000000001,34448.010000000024,-113407.5,32,32,2513.25
2020-03-30,87760.51000000001,68560.51000000001,68120.51000000001,34448.010000000024,-96687.5,32,32,2617.75
2020-03-31,73480.51000000001,73480.51000000001,73240.51000000001,34448.010000000024,-110967.5,32,32,2528.5
2020-04-01,65960.51000000001,58840.51000000001,58400.51000000001,34448.010000000024,-118487.5,32,32,2481.5
2020-04-02,67520.51000000001,57400.51000000001,56880.51000000001,34448.010000000024,-116927.5,32,32,2491.25
2020-04-03,65760.51000000001,60920.51000000001,60760.51000000001,34448.010000000024,-118687.5,32,32,2480.25
2020-04-05,79560.51000000001,70040.51000000001,66480.51000000001,34448.010000000024,-104887.5,32,32,2566.5
2020-04-06,89160.51000000001,79160.51000000001,78960.51000000001,34448.010000000024,-95287.5,32,32,2626.5
2020-04-07,92360.51000000001,88480.51000000001,88240.51000000001,34448.010000000024,-92087.5,32,32,2646.5
2020-04-08,106200.51000000001,89720.51000000001,89280.51000000001,34448.010000000024,-78247.5,32,32,2733.0
2020-04-09,114840.51000000001,101920.51000000001,101080.51000000001,34448.010000000024,-69607.5,32,32,2787.0
2020-04-12,107200.51000000001,103760.51000000001,103680.51000000001,34448.010000000024,-77247.5,32,32,2739.25
2020-04-13,116200.51000000001,102960.51000000001,102680.51000000001,34448.010000000024,-68247.5,32,32,2795.5
2020-04-14,121320.51000000001,114000.51000000001,113800.51000000001,34448.010000000024,-63127.5,32,32,2827.5
2020-04-15,110480.51000000001,108600.51000000001,108280.51000000001,34448.010000000024,-73967.5,32,32,2759.75
2020-04-16,128640.51000000001,109720.51000000001,109680.51000000001,34448.010000000024,-55807.5,32,32,2873.25
2020-04-17,127960.51000000001,120440.51000000001,120280.51000000001,34448.010000000024,-56487.5,32,32,2869.0
2020-04-19,128320.51000000001,123840.51000000001,123640.51000000001,34448.010000000024,-56127.5,32,32,2871.25
2020-04-20,115040.51000000001,112880.51000000001,112480.51000000001,34448.010000000024,-69407.5,32,32,2788.25
2020-04-21,107160.51000000001,103840.51000000001,103680.51000000001,34448.010000000024,-77287.5,32,32,2739.0
2020-04-22,113120.51000000001,105560.51000000001,105440.51000000001,34448.010000000024,-71327.5,32,32,2776.25
2020-04-23,111440.51000000001,109800.51000000001,109760.51000000001,34448.010000000024,-73007.5,32,32,2765.75
2020-04-24,121400.51000000001,109920.51000000001,109760.51000000001,34448.010000000024,-63047.5,32,32,2828.0
2020-04-26,123800.51000000001,119200.51000000001,118960.51000000001,34448.010000000024,-60647.5,32,32,2843.0
2020-04-27,125960.51000000001,123840.51000000001,123680.51000000001,34448.010000000024,-58487.5,32,32,2856.5
2020-04-28,132720.51,125160.51000000001,125080.51000000001,34448.010000000024,-51727.5,32,32,2898.75
2020-04-29,142080.51,129760.51000000001,129760.51000000001,34448.010000000024,-42367.5,32,32,2957.25
2020-04-30,126520.51000000001,125600.51000000001,125400.51000000001,34448.010000000024,-57927.5,32,32,2860.0
2020-05-01,119640.51000000001,118880.51000000001,118800.51000000001,34448.010000000024,-64807.5,32,32,2817.0
2020-05-03,117840.51000000001,112520.51000000001,112280.51000000001,34448.010000000024,-66607.5,32,32,2805.75
2020-05-04,123600.51000000001,114320.51000000001,114280.51000000001,34448.010000000024,-60847.5,32,32,2841.75
2020-05-05,126720.51000000001,122360.51000000001,122120.51000000001,34448.010000000024,-57727.5,32,32,2861.25
2020-05-06,125000.51000000001,120920.51000000001,120600.51000000001,34448.010000000024,-59447.5,32,32,2850.5
2020-05-07,135080.51,124600.51000000001,124480.51000000001,34448.010000000024,-49367.5,32,32,2913.5
2020-05-08,137800.51,132360.51,132240.51,34448.010000000024,-46647.5,32,32,2930.5
2020-05-10,139640.51,135520.51,135480.51,34448.010000000024,-44807.5,32,32,2942.0
2020-05-11,133360.51,131320.51,131280.51,34448.010000000024,-51087.5,32,32,2902.75
2020-05-12,125480.51000000001,121080.51000000001,120960.51000000001,34448.010000000024,-58967.5,32,32,2853.5
2020-05-13,118880.51000000001,114880.51000000001,114680.51000000001,34448.010000000024,-65567.5,32,32,2812.25
2020-05-14,124560.51000000001,110760.51000000001,110560.51000000001,34448.010000000024,-59887.5,32,32,2847.75
2020-05-15,125640.51000000001,118760.51000000001,118440.51000000001,34448.010000000024,-58807.5,32,32,2854.5
2020-05-17,129560.51000000001,125160.51000000001,124920.51000000001,34448.010000000024,-54887.5,32,32,2879.0
2020-05-18,139280.51,128800.51000000001,128760.51000000001,34448.010000000024,-45167.5,32,32,2939.75
2020-05-19,138640.51,134280.51,134280.51,34448.010000000024,-45807.5,32,32,2935.75
2020-05-20,141040.51,137040.51,136920.51,34448.010000000024,-43407.5,32,32,2950.75
2020-05-21,136000.51,135440.51,135400.51,34448.010000000024,-48447.5,32,32,2919.25
2020-05-22,141920.51,133720.51,133520.51,34448.010000000024,-42527.5,32,32,2956.25
2020-05-24,142840.51,141040.51,140520.51,34448.010000000024,-41607.5,32,32,2962.0
2020-05-25,148920.51,142480.51,142400.51,34448.010000000024,-35527.5,32,32,3000.0
2020-05-26,151240.51,146400.51,146240.51,34448.010000000024,-33207.5,32,32,3014.5
2020-05-27,154200.51,143520.51,143400.51,34448.010000000024,-30247.5,32,32,3033.0
2020-05-28,153200.51,150920.51,150720.51,34448.010000000024,-31247.5,32,32,3026.75
2020-05-29,158080.51,148720.51,147640.51,34448.010000000024,-26367.5,32,32,3057.25
2020-05-31,154720.51,150280.51,150200.51,34448.010000000024,-29727.5,32,32,3036.25
2020-06-01,155440.51,152520.51,152200.51,34448.010000000024,-29007.5,32,32,3040.75
2020-06-02,162480.51,155200.51,155160.51,34448.010000000024,-21967.5,32,32,3084.75
2020-06-03,166600.51,162440.51,162440.51,34448.010000000024,-17847.5,32,32,3110.5
2020-06-04,168920.51,163240.51,162920.51,34448.010000000024,-15527.5,32,32,3125.0
2020-06-05,178560.51,168840.51,168760.51,34448.010000000024,-5887.5,32,32,3185.25
2020-06-07,179920.51,178760.51,178720.51,34448.010000000024,-4527.5,32,32,3193.75
2020-06-08,184520.51,178280.51,178240.51,34448.010000000024,72.5,32,32,3222.5
2020-06-09,184400.51,179320.51,179320.51,34448.010000000024,-47.5,32,32,3221.75
2020-06-10,173640.51,173640.51,173480.51,34448.010000000024,-10807.5,32,32,3154.5
2020-06-11,156040.51,148880.51,148320.51,34448.010000000024,-28407.5,32,32,3044.5
2020-06-12,154640.51,146480.51,146040.51,34448.010000000024,-29807.5,32,32,3035.75
2020-06-14,148560.51,146360.51,145840.51,34448.010000000024,-35887.5,32,32,2997.75
2020-06-15,167720.83000000002,139000.51,138520.51,34368.33000000002,-16647.5,32,32,3107.0
2020-06-16,168000.83000000002,161720.83000000002,160680.83000000002,34368.33000000002,-16367.5,32,32,3108.75
2020-06-17,164480.83000000002,161080.83000000002,160920.83000000002,34368.33000000002,-19887.5,32,32,3086.75
2020-06-18,167480.83000000002,162640.83000000002,162360.83000000002,34368.33000000002,-16887.5,32,32,3105.5
2020-06-19,159840.83000000002,159840.83000000002,159680.83000000002,34368.33000000002,-24527.5,32,32,3057.75
2020-06-21,163280.83000000002,155320.83000000002,154960.83000000002,34368.33000000002,-21087.5,32,32,3079.25
2020-06-22,168400.83000000002,160640.83000000002,160200.83000000002,34368.33000000002,-15967.5,32,32,3111.25
2020-06-23,169760.83000000002,166960.83000000002,166720.83000000002,34368.33000000002,-14607.5,32,32,3119.75
2020-06-24,156200.83000000002,154120.83000000002,153760.83000000002,34368.33000000002,-28167.5,32,32,3035.0
2020-06-25,162240.83000000002,151840.83000000002,151400.83000000002,34368.33000000002,-22127.5,32,32,3072.75
2020-06-26,151080.83000000002,149480.83000000002,149400.83000000002,34368.33000000002,-33287.5,32,32,3003.0
2020-06-28,151280.83000000002,148400.83000000002,147960.83000000002,34368.33000000002,-33087.5,32,32,3004.25
2020-06-29,159040.83000000002,149240.83000000002,148760.83000000002,34368.33000000002,-25327.5,32,32,3052.75
2020-06-30,164160.83000000002,155560.83000000002,155440.83000000002,34368.33000000002,-20207.5,32,32,3084.75
2020-07-01,167560.83000000002,160760.83000000002,160640.83000000002,34368.33000000002,-16807.5,32,32,3106.0
2020-07-02,170760.83000000002,167160.83000000002,166960.83000000002,34368.33000000002,-13607.5,32,32,3126.0
2020-07-03,169080.83000000002,167840.83000000002,167520.83000000002,34368.33000000002,-15287.5,32,32,3115.5
2020-07-05,177160.83000000002,170720.83000000002,170000.83000000002,34368.33000000002,-7207.5,32,32,3166.0
2020-07-06,177120.83000000002,175560.83000000002,175400.83000000002,34368.33000000002,-7247.5,32,32,3165.75
2020-07-07,173400.83000000002,172040.83000000002,171800.83000000002,34368.33000000002,-10967.5,32,32,3142.5
2020-07-08,176880.83000000002,170800.83000000002,170680.83000000002,34368.33000000002,-7487.5,32,32,3164.25
2020-07-09,172240.83000000002,167560.83000000002,167440.83000000002,34368.33000000002,-12127.5,32,32,3135.25
2020-07-10,179320.83000000002,168480.83000000002,168440.83000000002,34368.33000000002,-5047.5,32,32,3179.5
2020-07-12,181320.83000000002,179800.83000000002,179680.83000000002,34368.33000000002,-3047.5,32,32,3192.0
2020-07-13,174640.83000000002,173080.83000000002,173080.83000000002,34368.33000000002,-9727.5,32,32,3150.25
2020-07-14,183840.83000000002,170040.83000000002,169640.83000000002,34368.33000000002,-527.5,32,32,3207.75
2020-07-15,183280.83000000002,181480.83000000002,181320.83000000002,34368.33000000002,-1087.5,32,32,3204.25
2020-07-16,183160.83000000002,180960.83000000002,180760.83000000002,34368.33000000002,-1207.5,32,32,3203.5
2020-07-17,184800.83000000002,181880.83000000002,181800.83000000002,34368.33000000002,432.5,32,32,3213.75
2020-07-19,183400.83000000002,182080.83000000002,181960.83000000002,34368.33000000002,-967.5,32,32,3205.0
2020-07-20,188447.87,181240.83000000002,181040.83000000002,38380.37000000001,67.5,1,32,3250.0
2020-07-21,188727.27,188287.27,188257.27,38512.27,215.0,4,4,3262.75
2020-07-22,188797.27,188042.27,188017.27,38512.27,285.0,4,4,3266.25
2020-07-23,187589.78999999998,187509.78999999998,187449.78999999998,38509.789999999986,-920.0,8,8,3216.5
2020-07-24,187096.68,186477.93,186436.68,38507.92999999998,-1411.25,11,11,3203.5
2020-07-26,188017.93,186519.18,186464.18,38507.92999999998,-490.0,11,11,3220.25
2020-07-27,188801.68,187357.93,187302.93,38507.92999999998,293.75,11,11,3234.5
2020-07-28,187495.43,187371.68,187344.18,38507.92999999998,-1012.5,11,11,3210.75
2020-07-29,189832.36999999994,187137.93,187137.93,39879.869999999944,-47.5,2,11,3248.25
2020-07-30,190678.04999999993,189131.13999999993,189080.50999999995,40626.799999999916,51.25,1,6,3258.75
2020-07-31,191428.10999999987,190041.1999999999,190026.1999999999,41371.859999999884,56.25,1,6,3269.5
2020-08-02,191389.35999999987,191359.35999999987,191359.35999999987,41371.859999999884,17.5,1,1,3261.75
2020-08-03,191523.11999999988,191356.85999999987,191354.35999999987,41495.61999999988,27.5,1,1,3286.25
2020-08-04,191600.61999999988,191448.11999999988,191446.86999999988,41495.61999999988,105.0,1,1,3301.75
2020-08-05,191679.3799999999,191590.61999999988,191589.36999999988,41660.629999999874,18.75,1,1,3316.5
2020-08-06,191725.63999999987,191599.3799999999,191599.3799999999,41784.38999999987,-58.75,1,1,3326.25
2020-08-07,192015.64999999985,191651.89999999985,191640.64999999985,41783.14999999986,232.5,3,3,3347.25
2020-08-09,192056.89999999985,191846.89999999985,191831.89999999985,41783.14999999986,273.75,3,3,3350.0
2020-08-10,192226.29999999984,191771.89999999985,191741.89999999985,42155.04999999985,71.25,2,3,3361.75
2020-08-11,191912.56999999983,191552.56999999983,191500.06999999983,42152.56999999984,-240.0,6,6,3333.25
2020-08-12,192909.4799999998,191770.06999999983,191725.06999999983,42898.22999999982,11.25,1,6,3368.75
2020-08-13,192983.8599999998,192836.3599999998,192831.3599999998,42897.60999999982,86.25,2,2,3372.75
2020-08-14,192893.8599999998,192758.8599999998,192756.3599999998,42897.60999999982,-3.75,2,2,3363.75
2020-08-16,192971.3599999998,192916.3599999998,192911.3599999998,42897.60999999982,73.75,2,2,3371.5
2020-08-17,193058.8599999998,192906.3599999998,192903.8599999998,42897.60999999982,161.25,2,2,3380.25
2020-08-18,193411.3899999998,192906.3899999998,192866.3899999998,43145.1399999998,266.25,4,4,3392.5
2020-08-19,192666.3899999998,192461.3899999998,192456.3899999998,43145.1399999998,-478.75,4,4,3355.25
2020-08-20,193519.5199999998,192566.3899999998,192546.3899999998,43144.5199999998,375.0,5,5,3389.0
2020-08-21,193582.0199999998,192725.7699999998,192713.2699999998,43144.5199999998,437.5,5,5,3391.5
2020-08-23,193825.7699999998,193675.7699999998,193632.0199999998,43144.5199999998,681.25,5,5,3401.25
2020-08-24,194703.30999999976,193800.7699999998,193794.5199999998,44295.80999999978,407.5,3,5,3443.25
2020-08-25,194682.07999999978,194395.80999999976,194380.80999999976,44670.82999999977,11.25,1,3,3442.75
2020-08-26,194838.33999999976,194654.57999999978,194652.07999999978,44794.589999999764,43.75,1,1,3475.0
2020-08-27,195574.61999999976,194537.11999999976,194524.61999999976,44915.86999999975,658.75,5,5,3506.75
2020-08-28,195543.39999999973,194949.61999999976,194924.61999999976,45539.64999999973,3.75,1,5,3506.75
2020-08-30,195625.89999999973,195560.89999999973,195552.14999999973,45539.64999999973,86.25,1,1,3523.25
2020-08-31,195547.15999999974,195292.15999999974,195284.65999999974,45538.40999999973,8.75,3,3,3501.75
2020-09-01,195964.6799999997,195397.15999999974,195397.15999999974,45912.17999999972,52.5,1,3,3535.75
2020-09-02,196568.4799999997,195872.19999999972,195865.3299999997,46532.22999999969,36.25,1,4,3576.5
2020-09-03,190259.20999999964,188389.82999999964,188284.82999999964,46519.209999999635,-6260.0,22,22,3442.5
2020-09-04,188596.7599999996,177958.6299999996,177836.7599999996,46513.00999999961,-7916.25,32,32,3415.0
2020-09-06,188476.7599999996,183716.7599999996,183036.7599999996,46513.00999999961,-8036.25,32,32,3414.25
2020-09-07,190676.7599999996,185036.7599999996,184956.7599999996,46513.00999999961,-5836.25,32,32,3428.0
2020-09-08,176516.7599999996,169676.7599999996,169476.7599999996,46513.00999999961,-19996.25,32,32,3339.5
2020-09-09,184556.7599999996,173836.7599999996,173636.7599999996,46513.00999999961,-11956.25,32,32,3389.75
2020-09-10,179556.7599999996,174956.7599999996,174556.7599999996,46513.00999999961,-16956.25,32,32,3358.5
2020-09-11,176156.7599999996,171836.7599999996,171596.7599999996,46513.00999999961,-20356.25,32,32,3337.25
2020-09-13,181997.0799999996,177837.0799999996,177557.0799999996,46433.32999999961,-14436.25,32,32,3364.0
2020-09-14,184277.0799999996,180477.0799999996,180357.0799999996,46433.32999999961,-12156.25,32,32,3378.25
2020-09-15,188077.0799999996,184157.0799999996,184157.0799999996,46433.32999999961,-8356.25,32,32,3402.0
2020-09-16,178837.0799999996,177397.0799999996,177277.0799999996,46433.32999999961,-17596.25,32,32,3344.25
2020-09-17,178717.0799999996,173677.0799999996,173397.0799999996,46433.32999999961,-17716.25,32,32,3343.5
2020-09-18,174517.0799999996,169277.0799999996,168677.0799999996,46433.32999999961,-21916.25,32,32,3317.25
2020-09-20,173157.0799999996,171237.0799999996,171117.0799999996,46433.32999999961,-23276.25,32,32,3308.75
2020-09-21,167317.0799999996,158797.0799999996,158597.0799999996,46433.32999999961,-29116.25,32,32,3272.25
2020-09-22,171517.0799999996,164877.0799999996,164797.0799999996,46433.32999999961,-24916.25,32,32,3298.5
2020-09-23,160557.0799999996,157517.0799999996,157357.0799999996,46433.32999999961,-35876.25,32,32,3230.0
2020-09-24,163877.0799999996,155677.0799999996,155437.0799999996,46433.32999999961,-32556.25,32,32,3250.75
2020-09-25,169437.0799999996,157037.0799999996,156797.0799999996,46433.32999999961,-26996.25,32,32,3285.5
2020-09-27,171797.0799999996,170557.0799999996,169757.0799999996,46433.32999999961,-24636.25,32,32,3300.25
2020-09-28,180477.0799999996,171637.0799999996,171597.0799999996,46433.32999999961,-15956.25,32,32,3354.5
2020-09-29,174197.0799999996,174037.0799999996,173957.0799999996,46433.32999999961,-22236.25,32,32,3315.25
2020-09-30,182557.0799999996,170477.0799999996,170357.0799999996,46433.32999999961,-13876.25,32,32,3367.5
2020-10-01,181637.0799999996,179877.0799999996,179757.0799999996,46433.32999999961,-14796.25,32,32,3361.75
2020-10-02,179037.0799999996,171917.0799999996,171797.0799999996,46433.32999999961,-17396.25,32,32,3345.5
2020-10-04,180997.0799999996,179717.0799999996,179677.0799999996,46433.32999999961,-15436.25,32,32,3357.75
2020-10-05,186997.0799999996,179357.0799999996,179197.0799999996,46433.32999999961,-9436.25,32,32,3395.25
2020-10-06,180477.0799999996,176797.0799999996,176637.0799999996,46433.32999999961,-15956.25,32,32,3354.5
2020-10-07,190477.0799999996,180397.0799999996,180357.0799999996,46433.32999999961,-5956.25,32,32,3417.0
2020-10-08,196837.0799999996,190117.0799999996,190037.0799999996,46433.32999999961,403.75,32,32,3456.75
2020-10-09,199997.0799999996,195117.0799999996,194997.0799999996,46433.32999999961,3563.75,32,32,3476.5
2020-10-11,200117.0799999996,198077.0799999996,198037.0799999996,46433.32999999961,3683.75,32,32,3477.25
2020-10-12,203297.8799999995,199997.0799999996,199997.0799999996,53300.37999999952,-2.5,1,32,3519.25
2020-10-13,203606.0299999995,202866.6499999995,202854.1499999995,53297.279999999504,308.75,6,6,3516.75
2020-10-14,201841.6699999995,201796.6699999995,201762.9199999995,53295.419999999496,-1453.75,9,9,3466.0
2020-10-15,202491.0499999995,200412.9199999995,200289.1699999995,53294.79999999949,-803.75,10,10,3476.0
2020-10-16,201928.5499999995,201803.5499999995,201753.5499999995,53294.79999999949,-1366.25,10,10,3464.75
2020-10-18,202928.5499999995,202303.5499999995,202191.0499999995,53294.79999999949,-366.25,10,10,3484.75
2020-10-19,200891.06999999948,199107.93999999948,199026.68999999948,53292.31999999948,-2401.25,14,14,3437.5
2020-10-20,202081.06999999948,199648.56999999948,199578.56999999948,53292.31999999948,-1211.25,14,14,3454.5
2020-10-21,198703.56999999948,198616.06999999948,198441.06999999948,53292.31999999948,-4588.75,14,14,3406.25
2020-10-22,202164.1999999995,198651.06999999948,198633.56999999948,53291.69999999948,-1127.5,15,15,3452.5
2020-10-23,202182.9499999995,200626.6999999995,200589.1999999995,53291.69999999948,-1108.75,15,15,3452.75
2020-10-25,200701.6999999995,200195.4499999995,200101.6999999995,53291.69999999948,-2590.0,15,15,3433.0
2020-10-26,198749.86999999947,194009.86999999947,193859.86999999947,53286.11999999946,-4536.25,24,24,3396.75
2020-10-27,194819.86999999947,194129.86999999947,194099.86999999947,53286.11999999946,-8466.25,24,24,3364.0
2020-10-28,186554.90999999945,181034.90999999945,180754.90999999945,53281.159999999436,-16726.25,32,32,3297.0
2020-10-29,182874.90999999945,179194.90999999945,179074.90999999945,53281.159999999436,-20406.25,32,32,3274.0
2020-10-30,183554.90999999945,175274.90999999945,175034.90999999945,53281.159999999436,-19726.25,32,32,3278.25
2020-11-01,182074.90999999945,177994.90999999945,177954.90999999945,53281.159999999436,-21206.25,32,32,3269.0
2020-11-02,188914.90999999945,181234.90999999945,181074.90999999945,53281.159999999436,-14366.25,32,32,3311.75
2020-11-03,201674.90999999945,188914.90999999945,188794.90999999945,53281.159999999436,-1606.25,32,32,3391.5
2020-11-04,208100.7599999993,190394.90999999945,190074.90999999945,57663.25999999932,437.5,7,32,3464.5
2020-11-05,208411.45999999926,207768.2599999993,207715.7599999993,59178.95999999928,-767.5,6,7,3478.5
2020-11-06,209495.83999999927,207818.95999999926,207758.95999999926,59178.339999999276,317.5,7,7,3510.0
2020-11-08,211298.33999999927,209714.58999999927,209697.08999999927,59178.339999999276,2120.0,7,7,3561.5
2020-11-09,208351.56999999922,208211.56999999922,208176.56999999922,64041.56999999922,-5690.0,14,14,3513.75
2020-11-10,211139.71999999922,207577.21999999922,207410.96999999922,64038.46999999921,-2898.75,19,19,3545.75
2020-11-11,210664.71999999922,210522.21999999922,210427.21999999922,64038.46999999921,-3373.75,19,19,3540.75
2020-11-12,210023.46999999922,208242.21999999922,208028.46999999922,64038.46999999921,-4015.0,19,19,3534.0
2020-11-13,214583.46999999922,209762.21999999922,209690.96999999922,64038.46999999921,545.0,19,19,3582.0
2020-11-15,217290.96999999922,215652.21999999922,215010.96999999922,64038.46999999921,3252.5,19,19,3610.5
2020-11-16,217347.3299999992,216697.21999999922,216578.46999999922,67301.0799999992,46.25,3,19,3608.5
2020-11-17,217304.8399999992,216929.8399999992,216911.0899999992,67299.83999999921,5.0,5,5,3600.0
2020-11-18,216149.85999999923,215789.85999999923,215744.85999999923,67297.35999999923,-1147.5,9,9,3562.75
2020-11-19,216408.61999999924,215261.10999999923,215143.61999999924,67296.11999999924,-887.5,11,11,3565.25
2020-11-20,215652.36999999924,215212.36999999924,215171.11999999924,67296.11999999924,-1643.75,11,11,3551.5
2020-11-22,216326.11999999924,215432.36999999924,215322.36999999924,67296.11999999924,-970.0,11,11,3563.75
2020-11-23,218567.36999999924,215556.11999999924,215501.11999999924,67296.11999999924,1271.25,11,11,3604.5
2020-11-24,218900.5699999993,218072.36999999924,217948.61999999924,68793.06999999931,107.5,2,11,3641.25
2020-11-25,218906.82999999932,218623.6999999993,218601.82999999932,68791.82999999932,115.0,4,4,3630.5
2020-11-26,218781.82999999932,218586.82999999932,218551.82999999932,68791.82999999932,-10.0,4,4,3624.25
2020-11-27,219036.82999999932,218756.82999999932,218746.82999999932,68791.82999999932,245.0,4,4,3637.0
2020-11-29,218686.82999999932,218666.82999999932,218651.82999999932,68791.82999999932,-105.0,4,4,3619.5
2020-11-30,220076.21999999933,218028.71999999933,217949.96999999933,68789.96999999933,1286.25,7,7,3653.0
2020-12-01,220161.88999999937,219839.96999999933,219831.21999999933,70175.63999999937,-13.75,2,7,3653.0
2020-12-02,220328.76999999938,220055.01999999938,220032.51999999938,70175.01999999938,153.75,3,3,3662.0
2020-12-03,220594.4299999994,220272.51999999938,220261.26999999938,70545.67999999941,48.75,4,4,3671.75
2020-12-04,221020.07999999943,220584.4299999994,220509.4299999994,71046.32999999943,-26.25,1,4,3690.25
2020-12-06,221016.32999999943,221000.07999999943,220997.57999999943,71046.32999999943,-30.0,1,1,3689.5
2020-12-07,220916.33999999944,220845.08999999944,220841.33999999944,71045.08999999944,-128.75,3,3,3681.0
2020-12-08,221535.71999999945,220695.08999999944,220665.08999999944,71044.46999999945,491.25,4,4,3711.25
2020-12-09,220853.22999999946,220440.72999999946,220410.72999999946,71043.22999999946,-190.0,6,6,3674.25
2020-12-10,220701.98999999947,219953.85999999946,219892.60999999946,71041.98999999947,-340.0,8,8,3664.5
2020-12-11,220754.49999999948,219301.98999999947,219251.98999999947,71040.74999999948,-286.25,10,10,3660.25
2020-12-13,221729.59999999948,221517.09999999948,221467.09999999948,71015.84999999948,713.75,10,10,3672.75
2020-12-14,221307.81999999957,221219.68999999957,221169.68999999957,72255.31999999957,-947.5,9,10,3640.75
2020-12-15,223390.99999999962,221116.56999999957,221105.31999999957,73382.24999999962,8.75,2,9,3685.5
2020-12-16,223563.49999999962,223355.99999999962,223348.49999999962,73382.24999999962,181.25,2,2,3702.75
2020-12-17,223591.64999999964,223554.14999999964,223546.64999999964,73645.39999999964,-53.75,3,3,3705.0
2020-12-18,224466.04999999967,222946.04999999967,222896.04999999967,73642.29999999967,823.75,8,8,3716.5
2020-12-20,223866.04999999967,223686.04999999967,223666.04999999967,73642.29999999967,223.75,8,8,3701.5
2020-12-21,223605.4499999997,220016.04999999967,219646.04999999967,73639.19999999969,-33.75,13,13,3674.5
2020-12-22,223410.4499999997,222402.9499999997,222077.9499999997,73639.19999999969,-228.75,13,13,3671.5
2020-12-23,225251.78999999978,223199.1999999997,223199.1999999997,75268.03999999978,-16.25,5,13,3687.75
2020-12-24,225376.78999999978,225064.28999999978,225051.78999999978,75268.03999999978,108.75,5,5,3692.75
2020-12-27,225983.03999999978,225126.78999999978,224958.03999999978,75268.03999999978,715.0,5,5,3717.0
2020-12-28,226221.8199999998,225920.53999999978,225914.28999999978,76116.8199999998,105.0,1,5,3742.0
2020-12-29,226261.84999999983,225805.59999999983,225799.34999999983,76238.09999999983,23.75,5,5,3733.0
2020-12-30,226030.59999999983,225968.09999999983,225955.59999999983,76238.09999999983,-207.5,5,5,3723.75
2020-12-31,226655.59999999983,225849.34999999983,225811.84999999983,76238.09999999983,417.5,5,5,3748.75
2021-01-03,226643.09999999983,226405.59999999983,226393.09999999983,76238.09999999983,405.0,5,5,3748.25
2021-01-04,225320.70999999993,222345.70999999993,222026.95999999993,76879.45999999993,-1558.75,17,17,3691.25
2021-01-05,225448.20999999993,223896.95999999993,223790.70999999993,76879.45999999993,-1431.25,17,17,3692.75
2021-01-06,229418.96000000005,225023.20999999993,224831.95999999993,79127.71000000005,291.25,6,17,3758.75
2021-01-07,230243.3900000001,229103.96000000005,229066.46000000005,80002.1400000001,241.25,3,6,3810.75
2021-01-08,230663.43000000014,229691.5200000001,229665.9000000001,80624.68000000014,38.75,1,5,3822.0
2021-01-10,230519.68000000014,230507.18000000014,230505.93000000014,80624.68000000014,-105.0,1,1,3793.25
2021-01-11,230549.06000000014,230435.93000000014,230435.93000000014,80624.06000000014,-75.0,2,2,3791.0
2021-01-12,230941.57000000015,230271.57000000015,230261.57000000015,80622.82000000015,318.75,4,4,3802.0
2021-01-13,231191.60000000018,230446.57000000015,230431.57000000015,81122.85000000018,68.75,2,4,3813.25
2021-01-14,230681.6100000002,230631.6100000002,230621.6100000002,81121.61000000019,-440.0,4,4,3778.5
2021-01-15,229752.2600000002,229538.5100000002,229538.5100000002,81118.51000000021,-1366.25,9,9,3746.25
2021-01-17,230112.2600000002,229696.0100000002,229493.5100000002,81118.51000000021,-1006.25,9,9,3754.25
2021-01-18,231698.5100000002,229932.2600000002,229921.0100000002,81118.51000000021,580.0,9,9,3789.5
2021-01-19,231889.7600000002,230989.7600000002,230922.2600000002,81118.51000000021,771.25,9,9,3793.75
2021-01-20,233073.57000000027,231822.2600000002,231811.0100000002,82974.82000000027,98.75,1,9,3856.75
2021-01-21,232971.07000000027,232947.32000000027,232943.57000000027,82974.82000000027,-3.75,1,1,3836.25
2021-01-22,232955.45000000027,232859.82000000027,232856.07000000027,82974.20000000027,-18.75,2,2,3830.0
2021-01-24,233145.45000000027,233025.45000000027,232995.45000000027,82974.20000000027,171.25,2,2,3849.0
2021-01-25,233674.90000000034,232211.7200000003,232076.7200000003,83839.90000000034,-165.0,3,7,3824.5
2021-01-26,233881.81000000038,233641.15000000034,233637.40000000034,84210.56000000038,-328.75,4,4,3836.25
2021-01-27,230179.38000000044,228131.88000000044,227839.38000000044,84201.88000000044,-4022.5,18,18,3729.5
2021-01-28,234155.77000000057,228131.88000000044,228109.38000000044,86564.52000000057,-2408.75,8,18,3737.25
2021-01-29,231021.45000000062,230118.95000000062,229976.45000000062,86557.70000000062,-5536.25,19,19,3696.5
2021-01-31,233538.95000000062,227363.95000000062,227221.45000000062,86557.70000000062,-3018.75,19,19,3723.0
2021-02-01,239618.95000000062,232873.95000000062,232802.70000000062,86557.70000000062,3061.25,19,19,3787.0
2021-02-02,240932.19000000073,239096.45000000062,239048.95000000062,90845.94000000073,86.25,2,19,3831.5
2021-02-03,240782.82000000073,240707.82000000073,240662.82000000073,90845.32000000073,-62.5,3,3,3815.75
2021-02-04,241355.35000000076,240726.57000000073,240715.32000000073,91342.85000000076,12.5,1,3,3870.25
2021-02-05,241427.85000000076,241346.60000000076,241346.60000000076,91342.85000000076,85.0,1,1,3884.75
2021-02-07,241490.35000000076,241440.35000000076,241431.60000000076,91342.85000000076,147.5,1,1,3897.25
2021-02-08,241612.24000000078,241412.24000000078,241404.74000000078,91480.99000000078,131.25,2,2,3907.75
2021-02-09,241732.24000000078,241497.24000000078,241484.74000000078,91480.99000000078,251.25,2,2,3919.75
2021-02-10,241827.29000000082,240727.29000000082,240667.29000000082,91771.04000000082,56.25,8,8,3907.25
2021-02-11,241677.29000000082,241017.29000000082,240917.29000000082,91771.04000000082,-93.75,8,8,3903.5
2021-02-12,242792.96000000086,241177.29000000082,241147.29000000082,92771.71000000086,21.25,1,8,3935.5
2021-02-14,242846.71000000086,242795.46000000086,242789.21000000086,92771.71000000086,75.0,1,1,3946.25
2021-02-15,242905.46000000086,242832.96000000086,242831.71000000086,92771.71000000086,133.75,1,1,3958.0
2021-02-16,242771.72000000087,242580.47000000087,242572.97000000087,92770.47000000087,1.25,3,3,3926.25
2021-02-17,242832.98000000088,242297.35000000088,242257.98000000088,92769.23000000088,63.75,5,5,3919.5
2021-02-18,242439.8700000009,241781.7400000009,241764.2400000009,92767.3700000009,-327.5,8,8,3897.5
2021-02-19,242509.8700000009,242429.8700000009,242409.8700000009,92767.3700000009,-257.5,8,8,3899.25
2021-02-21,242389.8700000009,242169.8700000009,242129.8700000009,92767.3700000009,-377.5,8,8,3896.25
2021-02-22,242405.5000000009,240999.8700000009,240989.8700000009,92766.7500000009,-361.25,9,9,3894.0
2021-02-23,243014.91000000093,237798.03000000093,237629.28000000093,92762.41000000093,252.5,16,16,3872.25
2021-02-24,245021.26000000103,241374.91000000093,241374.91000000093,94887.51000000103,133.75,2,16,3931.25
2021-02-25,239727.6000000011,238727.6000000011,238652.6000000011,94876.35000000111,-5148.75,20,20,3815.75
2021-02-26,239060.74000000113,236760.74000000113,236444.49000000113,94874.49000000113,-5813.75,23,23,3807.75
2021-02-28,242510.74000000113,239980.74000000113,239606.99000000113,94874.49000000113,-2363.75,23,23,3837.75
2021-03-01,247634.63000000126,242165.74000000113,242108.24000000113,97879.63000000126,-245.0,3,23,3885.25
2021-03-02,247682.78000000128,247012.78000000128,247002.78000000128,97876.53000000128,-193.75,8,8,3882.75
2021-03-03,242088.45000000132,240940.95000000132,240664.70000000132,97870.95000000132,-5782.5,17,17,3794.25
2021-03-04,237920.39000000138,232820.39000000138,232707.89000000138,97862.89000000138,-9942.5,30,30,3755.25
2021-03-05,251601.80000000153,233982.89000000138,233907.89000000138,101625.55000000153,-23.75,2,30,3840.5
2021-03-07,251479.30000000153,251446.80000000153,251429.30000000153,101625.55000000153,-146.25,2,2,3828.25
2021-03-08,252336.8700000016,250761.8700000016,250619.9900000016,101991.8700000016,345.0,10,10,3851.0
2021-03-09,253011.33000000168,251524.3700000016,251486.8700000016,103363.83000000168,-352.5,5,10,3869.25
2021-03-10,254320.75000000172,252711.33000000168,252686.33000000168,103987.00000000172,333.75,4,5,3914.75
2021-03-11,254678.30000000176,254260.75000000172,254245.75000000172,104619.55000000176,58.75,4,4,3945.75
2021-03-12,254815.81000000177,253978.30000000176,253968.30000000176,104618.31000000177,197.5,6,6,3941.75
2021-03-14,254965.87000000177,254778.37000000177,254763.37000000177,104603.37000000177,362.5,6,6,3938.5
2021-03-15,255385.2800000018,254260.87000000177,254200.87000000177,105351.5300000018,33.75,1,6,3959.5
2021-03-16,255357.1600000018,255282.1600000018,255279.6600000018,105350.91000000181,6.25,2,2,3950.5
2021-03-17,255860.95000000185,255065.92000000182,255025.92000000182,105847.20000000185,13.75,2,4,3965.5
2021-03-18,254771.61000000188,254512.86000000188,254434.11000000188,105842.86000000188,-1071.25,9,9,3908.0
2021-03-19,254392.8800000019,253125.3800000019,252979.1300000019,105840.3800000019,-1447.5,13,13,3896.75
2021-03-21,254441.6300000019,253661.6300000019,253629.1300000019,105840.3800000019,-1398.75,13,13,3897.5
2021-03-22,257255.46000000197,253759.1300000019,253726.6300000019,107470.46000000197,-215.0,3,13,3924.5
2021-03-23,256720.490000002,256236.740000002,256191.740000002,107466.740000002,-746.25,9,9,3902.25
2021-03-24,256231.130000002,255544.250000002,255511.130000002,107464.88000000201,-1233.75,12,12,3889.5
2021-03-25,258852.40000000203,253393.02000000203,253252.40000000203,107462.40000000203,1390.0,16,16,3913.25
2021-03-26,260079.41000000216,258132.40000000203,258112.40000000203,110084.41000000216,-5.0,1,16,3962.25
2021-03-28,259999.41000000216,259969.41000000216,259965.66000000216,110084.41000000216,-85.0,1,1,3946.25
2021-03-29,260500.68000000218,259706.93000000218,259688.18000000218,110081.93000000218,418.75,5,5,3964.25
2021-03-30,260125.68000000218,259750.68000000218,259738.18000000218,110081.93000000218,43.75,5,5,3949.25
2021-03-31,260677.5900000022,259938.18000000218,259931.93000000218,110702.59000000221,-25.0,2,5,3968.0
2021-04-01,261054.48000000222,260665.0900000022,260662.5900000022,110950.73000000222,103.75,1,2,4016.5
2021-04-02,261108.23000000222,261049.48000000222,261049.48000000222,110950.73000000222,157.5,1,1,4027.25
2021-04-04,261111.98000000222,261085.73000000222,261084.48000000222,110950.73000000222,161.25,1,1,4028.0
2021-04-05,261253.25000000224,261076.98000000222,261076.98000000222,111284.50000000224,-31.25,1,1,4059.75
2021-04-06,261305.13000000225,261217.00000000224,261215.75000000224,111283.88000000225,21.25,2,2,4065.25
2021-04-07,261527.63000000225,261220.13000000225,261217.63000000225,111283.88000000225,243.75,2,2,4087.5
2021-04-08,261565.77000000226,261387.63000000225,261382.63000000225,111533.27000000226,32.5,1,2,4095.25
2021-04-09,261653.28000000227,261497.02000000226,261494.52000000226,111657.03000000227,-3.75,1,1,4113.75
2021-04-11,261624.53000000227,261618.28000000227,261614.53000000227,111657.03000000227,-32.5,1,1,4108.0
2021-04-12,261745.16000000227,261605.16000000227,261600.16000000227,111656.41000000227,88.75,2,2,4120.5
2021-04-13,261880.1800000023,261560.16000000227,261552.66000000227,111905.18000000229,-25.0,2,2,4132.25
2021-04-14,261820.8200000023,261614.5700000023,261583.3200000023,111903.3200000023,-82.5,5,5,4122.5
2021-04-15,262550.8500000023,261820.8200000023,261820.8200000023,112529.60000000233,21.25,1,5,4155.5
2021-04-16,262682.1200000023,262547.1000000023,262524.6200000023,112654.62000000235,27.5,3,3,4172.25
2021-04-18,262648.3700000023,262517.1200000023,262509.6200000023,112654.62000000235,-6.25,3,3,4170.0
2021-04-19,262746.51000000234,262094.01000000234,262079.01000000234,112652.76000000237,93.75,6,6,4164.0
2021-04-20,261187.79000000237,260707.79000000237,260677.79000000237,112649.0400000024,-1461.25,12,12,4119.0
2021-04-21,263572.79000000237,260962.79000000237,260932.79000000237,112649.0400000024,923.75,12,12,4158.75
2021-04-22,263951.64000000246,263151.64000000246,263107.79000000237,114145.39000000249,-193.75,8,12,4135.5
2021-04-23,265143.5600000025,263641.64000000246,263631.64000000246,115146.06000000253,-2.5,1,8,4166.0
2021-04-25,265186.0600000025,265142.3100000025,265136.0600000025,115146.06000000253,40.0,1,1,4174.5
2021-04-26,265226.0600000025,265134.8100000025,265132.3100000025,115146.06000000253,80.0,1,1,4182.5
2021-04-27,265231.0600000025,265159.8100000025,265147.3100000025,115146.06000000253,85.0,1,1,4183.5
2021-04-28,265557.9600000025,265097.9600000025,265072.9600000025,115267.96000000255,290.0,4,4,4198.5
2021-04-29,265875.5200000026,264976.1400000026,264914.8900000026,115760.52000000261,115.0,8,8,4192.25
2021-04-30,265405.5200000026,264935.5200000026,264875.5200000026,115760.52000000261,-355.0,8,8,4180.5
2021-05-02,265715.5200000026,265535.5200000026,265445.5200000026,115760.52000000261,-45.0,8,8,4188.25
2021-05-03,265175.5200000026,265045.5200000026,265025.5200000026,115760.52000000261,-585.0,8,8,4174.75
2021-05-04,266130.5600000026,262212.4300000026,262137.4300000026,115755.56000000265,375.0,16,16,4170.5
2021-05-05,265050.5600000026,264750.5600000026,264610.5600000026,115755.56000000265,-705.0,16,16,4157.0
2021-05-06,267816.2700000027,263810.5600000026,263730.5600000026,117760.02000000273,56.25,1,16,4198.5
2021-05-07,267960.0300000027,267786.2700000027,267782.5200000027,117883.78000000273,76.25,1,1,4226.75
2021-05-09,267992.5300000027,267953.7800000027,267947.5300000027,117883.78000000273,108.75,1,1,4233.25
2021-05-10,266717.56000000273,266288.81000000273,266271.31000000273,117880.06000000276,-1162.5,7,7,4162.0
2021-05-11,265067.58000000275,264545.08000000275,264283.83000000275,117877.58000000278,-2810.0,11,11,4118.0
2021-05-12,262042.0100000028,259842.0100000028,259787.0100000028,117870.76000000283,-5828.75,22,22,4071.5
2021-05-13,267899.5100000028,257477.0100000028,257394.5100000028,117870.76000000283,28.75,22,22,4124.75
2021-05-14,270864.0200000029,267762.0100000028,267624.5100000028,120855.27000000296,8.75,1,22,4173.25
2021-05-16,270785.2700000029,270777.7700000029,270776.5200000029,120855.27000000296,-70.0,1,1,4157.5
2021-05-17,271241.54000000295,270466.54000000295,270429.04000000295,120852.79000000298,388.75,5,5,4169.0
2021-05-18,269473.43000000296,269243.43000000296,269203.43000000296,120850.93000000299,-1377.5,8,8,4110.0
2021-05-19,270091.570000003,267300.320000003,267190.320000003,120849.070000003,-757.5,11,11,4108.5
2021-05-20,272343.51000000304,268799.070000003,268771.570000003,122228.51000000307,115.0,2,11,4158.25
2021-05-21,272331.67000000307,272094.17000000307,272062.92000000307,122474.1700000031,-142.5,5,5,4157.75
2021-05-23,272469.17000000307,272000.42000000307,271950.42000000307,122474.1700000031,-5.0,5,5,4163.25
2021-05-24,273162.9500000031,272369.17000000307,272369.17000000307,123096.70000000313,66.25,1,5,4202.5
2021-05-25,273212.3300000031,273032.3300000031,273027.3300000031,123096.08000000313,116.25,2,2,4197.75
2021-05-26,273122.3300000031,273047.3300000031,273039.8300000031,123096.08000000313,26.25,2,2,4188.75
2021-05-27,273374.8300000031,273029.8300000031,273012.3300000031,123096.08000000313,278.75,2,2,4214.0
2021-05-28,273298.6000000031,273291.1000000031,273276.1000000031,123354.85000000315,-56.25,2,2,4203.25
2021-05-30,273333.6000000031,273316.1000000031,273311.1000000031,123354.85000000315,-21.25,2,2,4206.75
2021-05-31,273281.1000000031,273173.6000000031,273166.1000000031,123354.85000000315,-73.75,2,2,4201.5
2021-06-01,273263.61000000313,273098.61000000313,273093.61000000313,123353.61000000316,-90.0,4,4,4199.25
2021-06-02,273463.61000000313,273118.61000000313,273108.61000000313,123353.61000000316,110.0,4,4,4209.25
2021-06-03,273383.00000000314,272438.00000000314,272420.50000000314,123351.75000000317,31.25,7,7,4192.75
2021-06-04,274354.9200000032,273076.75000000314,273068.00000000314,124226.17000000321,128.75,2,7,4227.75
2021-06-06,274307.4200000032,274274.9200000032,274272.4200000032,124226.17000000321,81.25,2,2,4223.0
2021-06-07,274349.9200000032,274219.9200000032,274217.4200000032,124226.17000000321,123.75,2,2,4227.25
2021-06-08,274342.4200000032,274157.4200000032,274134.9200000032,124226.17000000321,116.25,2,2,4226.5
2021-06-09,274322.4200000032,274267.4200000032,274247.4200000032,124226.17000000321,96.25,2,2,4224.5
2021-06-10,274664.9500000032,274182.4200000032,274147.4200000032,124473.70000000324,191.25,4,4,4240.5
2021-06-11,274754.9500000032,274479.9500000032,274469.9500000032,124473.70000000324,281.25,4,4,4245.0
2021-06-13,274839.99000000325,274774.99000000325,274764.99000000325,124463.74000000324,376.25,4,4,4240.75
2021-06-14,274988.1400000033,274519.99000000325,274514.99000000325,124961.89000000326,26.25,1,4,4252.75
2021-06-15,274902.5300000033,274742.5300000033,274722.5300000033,124960.03000000327,-57.5,4,4,4237.25
2021-06-16,273903.8000000033,273263.8000000033,273253.8000000033,124957.55000000329,-1053.75,8,8,4199.25
2021-06-17,274770.6800000033,273375.6800000033,273330.6800000033,124956.9300000033,-186.25,9,9,4217.5
2021-06-18,270867.58000000333,270815.08000000333,270797.58000000333,124953.83000000332,-4086.25,14,14,4141.75
2021-06-20,270167.58000000333,269835.08000000333,269817.58000000333,124953.83000000332,-4786.25,14,14,4131.75
2021-06-21,276380.08000000333,270010.08000000333,270010.08000000333,124953.83000000332,1426.25,14,14,4220.5
2021-06-22,276790.7800000034,275400.08000000333,275347.58000000333,126703.28000000339,87.5,1,14,4242.75
2021-06-23,276790.7800000034,276730.7800000034,276729.5300000034,126703.28000000339,87.5,1,1,4242.75
2021-06-24,276893.2900000034,276772.0300000034,276772.0300000034,126845.7900000034,47.5,1,1,4263.5
2021-06-25,276948.2900000034,276847.0400000034,276843.2900000034,126845.7900000034,102.5,1,1,4274.5
2021-06-27,276942.0400000034,276938.2900000034,276935.7900000034,126845.7900000034,96.25,1,1,4273.25
2021-06-28,276940.8000000034,276898.2900000034,276897.0400000034,126969.55000000341,-28.75,1,1,4273.25
2021-06-29,277012.0500000034,276940.8000000034,276940.8000000034,126969.55000000341,42.5,1,1,4287.5
2021-06-30,277054.5500000034,276924.5500000034,276920.8000000034,126969.55000000341,85.0,1,1,4296.0
2021-07-01,277132.06000000343,277007.0500000034,277004.5500000034,127093.31000000342,38.75,1,1,4312.25
2021-07-02,277260.82000000344,277118.31000000343,277115.81000000343,127217.07000000343,43.75,1,1,4338.75
2021-07-04,277250.82000000344,277242.07000000344,277239.57000000344,127217.07000000343,33.75,1,1,4336.75
2021-07-05,277278.32000000344,277234.57000000344,277232.07000000344,127217.07000000343,61.25,1,1,4342.25
2021-07-06,277542.09000000346,276860.84000000346,276854.59000000346,127214.59000000345,327.5,5,5,4332.75
2021-07-07,278025.8900000035,277467.09000000346,277460.84000000346,127835.89000000349,190.0,5,5,4341.5
2021-07-08,277256.5300000035,276426.5300000035,276356.5300000035,127834.0300000035,-577.5,8,8,4302.75
2021-07-09,278925.95000000356,277176.5300000035,277166.5300000035,128830.95000000355,95.0,1,8,4362.0
2021-07-11,278875.95000000356,278873.45000000356,278873.45000000356,128830.95000000355,45.0,1,1,4352.0
2021-07-12,278990.9600000036,278825.95000000356,278824.70000000356,128954.71000000356,36.25,1,1,4374.5
2021-07-13,278887.8400000036,278862.8400000036,278855.3400000036,128954.09000000356,-66.25,2,2,4357.75
2021-07-14,278995.9700000036,278812.8400000036,278810.3400000036,128953.47000000357,42.5,3,3,4364.5
2021-07-15,278977.2400000036,278355.9900000036,278341.6100000036,128950.99000000359,26.25,7,7,4350.75
2021-07-16,277789.1300000036,277589.1300000036,277576.6300000036,128949.1300000036,-1160.0,10,10,4318.5
2021-07-18,277089.1300000036,276714.1300000036,276701.6300000036,128949.1300000036,-1860.0,10,10,4304.5
2021-07-19,275401.67000000365,272299.79000000365,272229.17000000365,128944.17000000364,-3542.5,18,18,4259.25
2021-07-20,281123.02000000374,274996.67000000365,274816.67000000365,131194.27000000371,-71.25,2,18,4313.5
2021-07-21,281479.91000000376,281088.02000000374,281088.02000000374,131443.66000000373,36.25,1,2,4353.5
2021-07-22,281563.66000000376,281421.16000000376,281419.91000000376,131443.66000000373,120.0,1,1,4370.25
2021-07-23,281846.1900000038,281553.66000000376,281552.41000000376,131856.19000000376,-10.0,1,2,4399.25
2021-07-25,281798.6900000038,281787.4400000038,281787.4400000038,131856.19000000376,-57.5,1,1,4389.75
2021-07-26,281888.6900000038,281731.1900000038,281727.4400000038,131856.19000000376,32.5,1,1,4407.75
2021-07-27,281991.2200000038,281159.9700000038,281133.7200000038,131852.47000000378,138.75,7,7,4389.25
2021-07-28,281894.9700000038,281719.9700000038,281579.9700000038,131852.47000000378,42.5,7,7,4386.5
2021-07-29,282581.26000000385,281903.7200000038,281894.9700000038,132730.01000000382,-148.75,1,7,4378.5
2021-07-30,282711.89000000386,282543.76000000385,282542.51000000385,132729.39000000383,-17.5,2,2,4395.25
2021-08-01,282874.39000000386,282736.89000000386,282711.89000000386,132729.39000000383,145.0,2,2,4411.5
2021-08-02,282660.02000000386,282517.52000000386,282513.77000000386,132728.77000000383,-68.75,3,3,4387.0
2021-08-03,283358.8100000039,282301.28000000387,282263.78000000387,133353.81000000387,5.0,1,5,4410.5
2021-08-04,283363.8200000039,283213.8200000039,283198.8200000039,133352.57000000388,11.25,3,3,4402.25
2021-08-05,283626.3200000039,283240.0700000039,283236.3200000039,133352.57000000388,273.75,3,3,4419.75
2021-08-06,283748.22000000393,283588.8200000039,283585.0700000039,133724.4700000039,23.75,2,3,4430.25
2021-08-08,283650.72000000393,283573.22000000393,283568.22000000393,133724.4700000039,-73.75,2,2,4420.5
2021-08-09,283630.10000000393,283603.85000000393,283596.35000000393,133723.8500000039,-93.75,3,3,4418.75
2021-08-10,283742.60000000393,283622.60000000393,283622.60000000393,133723.8500000039,18.75,3,3,4426.25
2021-08-11,283978.85000000393,283667.60000000393,283660.10000000393,133723.8500000039,255.0,3,3,4442.0
2021-08-12,284115.12000000395,283813.85000000393,283802.60000000393,134096.37000000392,18.75,1,3,4453.75
2021-08-13,284145.12000000395,284110.12000000395,284110.12000000395,134096.37000000392,48.75,1,1,4459.75
2021-08-15,284102.62000000395,284088.87000000395,284086.37000000395,134096.37000000392,6.25,1,1,4451.25
2021-08-16,284570.160000004,283915.76000000397,283900.76000000397,134592.66000000396,-22.5,1,4,4463.5
2021-08-17,284982.690000004,283810.190000004,283748.940000004,134588.940000004,393.75,7,7,4447.0
2021-08-18,282774.59000000404,282204.59000000404,282174.59000000404,134585.840000004,-1811.25,12,12,4391.5
2021-08-19,283148.97000000405,280164.59000000404,280149.59000000404,134585.22000000402,-1436.25,13,13,4395.75
2021-08-20,285862.72000000405,281653.97000000405,281588.97000000405,134585.22000000402,1277.5,13,13,4437.5
2021-08-22,286853.97000000405,285700.22000000405,285602.72000000405,134585.22000000402,2268.75,13,13,4452.75
2021-08-23,287115.9300000041,286382.72000000405,286366.47000000405,137098.4300000041,17.5,2,13,4482.75
2021-08-24,287073.4300000041,287055.9300000041,287050.9300000041,137098.4300000041,-25.0,2,2,4478.5
2021-08-25,287148.4300000041,287055.9300000041,287055.9300000041,137098.4300000041,50.0,2,2,4486.0
2021-08-26,287094.69000000414,286834.69000000414,286834.69000000414,137097.1900000041,-2.5,4,4,4475.25
2021-08-27,287683.47000000416,287069.69000000414,287059.69000000414,137595.97000000413,87.5,2,4,4507.5
2021-08-29,287698.47000000416,287618.47000000416,287615.97000000416,137595.97000000413,102.5,2,2,4509.0
2021-08-30,287875.3600000042,287670.97000000416,287670.97000000416,137844.11000000415,31.25,1,2,4531.0
2021-08-31,288029.1200000042,287762.8700000042,287732.8700000042,137842.87000000416,186.25,3,3,4532.25
2021-09-01,287830.3700000042,287785.3700000042,287785.3700000042,137842.87000000416,-12.5,3,3,4519.0
2021-09-02,288194.1200000042,287819.1200000042,287819.1200000042,137842.87000000416,351.25,3,3,4543.25
2021-09-03,288051.6200000042,287845.3700000042,287834.1200000042,137842.87000000416,208.75,3,3,4533.75
2021-09-05,288044.1200000042,287905.3700000042,287901.6200000042,137842.87000000416,201.25,3,3,4533.25
2021-09-06,288130.3700000042,288021.6200000042,288021.6200000042,137842.87000000416,287.5,3,3,4539.0
2021-09-07,287822.8700000042,287725.3700000042,287706.6200000042,137842.87000000416,-20.0,3,3,4518.5
2021-09-08,287499.7600000042,287304.7600000042,287267.2600000042,137841.01000000417,-341.25,6,6,4499.75
2021-09-09,287560.3900000042,287094.7600000042,287072.2600000042,137840.39000000418,-280.0,7,7,4500.25
2021-09-10,285834.17000000423,285557.92000000423,285541.67000000423,137836.6700000042,-2002.5,13,13,4461.0
2021-09-12,286061.80000000424,285931.80000000424,285704.30000000424,137804.3000000042,-1742.5,13,13,4456.0
2021-09-13,287168.06000000425,284674.31000000425,284599.31000000425,137803.06000000422,-635.0,15,15,4468.75
2021-09-14,285116.82000000426,283926.82000000426,283841.82000000426,137801.82000000423,-2685.0,17,17,4440.25
2021-09-15,287475.57000000426,284118.07000000426,284033.07000000426,137801.82000000423,-326.25,17,17,4468.0
2021-09-16,287135.57000000426,284564.32000000426,284521.82000000426,137801.82000000423,-666.25,17,17,4464.0
2021-09-17,282236.21000000427,282061.21000000427,282061.21000000427,137799.96000000424,-5563.75,20,20,4408.25
2021-09-19,280236.21000000427,279611.21000000427,279536.21000000427,137799.96000000424,-7563.75,20,20,4388.25
2021-09-20,281268.7600000043,269568.7600000043,269418.7600000043,137793.7600000043,-6525.0,30,30,4372.75
2021-09-21,277181.2600000043,273618.7600000043,273543.7600000043,137793.7600000043,-10612.5,30,30,4345.5
2021-09-22,284456.2600000043,277368.7600000043,277181.2600000043,137793.7600000043,-3337.5,30,30,4394.0
2021-09-23,291530.79000000446,284381.2600000043,284306.2600000043,141524.54000000443,6.25,1,30,4440.25
2021-09-24,291687.67000000447,291387.04000000446,291383.29000000446,141523.92000000444,163.75,2,2,4446.0
2021-09-26,291842.67000000447,291707.67000000447,291677.67000000447,141523.92000000444,318.75,2,2,4461.5
2021-09-27,291540.17000000447,291442.67000000447,291440.17000000447,141523.92000000444,16.25,2,2,4431.25
2021-09-28,290516.4800000045,288433.9800000045,288363.9800000045,141516.4800000045,-1000.0,14,14,4365.5
2021-09-29,291023.9800000045,289116.4800000045,289028.9800000045,141516.4800000045,-492.5,14,14,4372.75
2021-09-30,282338.39000000455,282207.14000000455,282075.89000000455,141512.14000000453,-9173.75,21,21,4271.25
2021-10-01,291700.28000000457,281288.39000000455,281157.14000000455,141510.28000000454,190.0,24,24,4350.75
2021-10-03,289210.28000000457,288850.28000000457,288790.28000000457,141510.28000000454,-2300.0,24,24,4330.0
2021-10-04,285493.4100000046,281837.1600000046,281680.9100000046,141509.66000000454,-6016.25,25,25,4298.0
2021-10-05,287899.6600000046,283868.4100000046,283680.9100000046,141509.66000000454,-3610.0,25,25,4317.25
2021-10-06,295212.1600000046,282618.4100000046,282462.1600000046,141509.66000000454,3702.5,25,25,4375.75
2021-10-07,296546.7000000047,294493.4100000046,294430.9100000046,146847.9500000047,-301.25,6,25,4391.75
2021-10-08,296208.58000000473,296068.58000000473,296059.83000000473,146847.3300000047,-638.75,7,7,4380.5
2021-10-10,295919.83000000473,295359.83000000473,295219.83000000473,146847.3300000047,-927.5,7,7,4372.25
2021-10-11,293372.36000000476,292933.61000000476,292917.36000000476,146843.61000000473,-3471.25,13,13,4328.5
2021-10-12,293764.2500000048,292706.11000000476,292641.11000000476,146841.75000000474,-3077.5,16,16,4334.75
2021-10-13,296772.3800000048,292649.8800000048,292458.6300000048,146841.13000000475,-68.75,17,17,4369.5
2021-10-14,299344.9900000049,296623.6300000048,296602.3800000048,149219.99000000485,125.0,1,17,4443.25
2021-10-15,299462.5000000049,299313.7400000049,299309.9900000049,149386.25000000486,76.25,1,1,4465.25
2021-10-17,299436.2500000049,299391.2500000049,299390.0000000049,149386.25000000486,50.0,1,1,4460.0
2021-10-18,299661.2700000049,299299.3800000049,299294.3800000049,149635.02000000488,26.25,1,2,4477.5
2021-10-19,299827.5300000049,299655.0200000049,299653.7700000049,149758.7800000049,68.75,1,1,4511.75
2021-10-20,299885.67000000493,299791.2800000049,299788.7800000049,149881.9200000049,3.75,2,2,4521.75
2021-10-21,300055.67000000493,299773.17000000493,299770.67000000493,149881.9200000049,173.75,2,2,4538.75
2021-10-22,300086.33000000496,299742.58000000496,299736.33000000496,150128.83000000493,-42.5,5,5,4529.25
2021-10-24,300323.83000000496,299930.08000000496,299917.58000000496,150128.83000000493,195.0,5,5,4538.75
2021-10-25,300812.610000005,300123.83000000496,300073.83000000496,150751.36000000496,61.25,1,5,4569.0
2021-10-26,300720.140000005,300601.390000005,300595.140000005,150872.640000005,-152.5,5,5,4565.75
2021-10-27,300413.28000000503,300083.28000000503,300073.28000000503,150870.780000005,-457.5,8,8,4552.25
2021-10-28,301740.8300000051,300143.28000000503,300133.28000000503,151867.08000000505,-126.25,2,8,4574.0
2021-10-29,302212.7100000051,301595.8300000051,301593.3300000051,151866.46000000506,346.25,3,3,4602.5
2021-10-31,302272.7100000051,302223.9600000051,302216.4600000051,151866.46000000506,406.25,3,3,4606.5
2021-11-01,302275.8700000051,302112.7400000051,302090.8700000051,152287.1200000051,-11.25,4,4,4596.0
2021-11-02,302777.77000000514,302255.8700000051,302245.8700000051,152787.7700000051,-10.0,1,4,4618.75
2021-11-03,303070.29000000516,302745.90000000515,302735.90000000515,153036.54000000513,33.75,1,2,4651.75
2021-11-04,303300.3100000052,303066.54000000516,303052.8100000052,153159.06000000515,141.25,3,3,4673.0
2021-11-05,303628.4700000052,303221.5600000052,303217.8100000052,153663.47000000518,-35.0,4,4,4685.75
2021-11-07,303508.4700000052,303453.4700000052,303438.4700000052,153663.47000000518,-155.0,4,4,4679.75
2021-11-08,303548.4700000052,303498.4700000052,303493.4700000052,153663.47000000518,-115.0,4,4,4681.75
2021-11-09,303059.7300000052,302992.2300000052,302962.2300000052,153662.2300000052,-602.5,6,6,4661.5
2021-11-10,302465.39000000525,301376.64000000525,301327.89000000525,153657.89000000522,-1192.5,13,13,4642.75
2021-11-11,302887.89000000525,302449.14000000525,302416.64000000525,153657.89000000522,-770.0,13,13,4649.25
2021-11-12,304951.64000000525,302579.14000000525,302530.39000000525,153657.89000000522,1293.75,13,13,4681.0
2021-11-14,304902.89000000525,304740.39000000525,304707.89000000525,153657.89000000522,1245.0,13,13,4680.25
2021-11-15,305551.7200000053,304724.14000000525,304707.89000000525,155591.7200000053,-40.0,3,13,4678.25
2021-11-16,305865.50000000536,305442.9700000053,305439.2200000053,155964.25000000533,-98.75,3,3,4694.25
2021-11-17,305897.39000000537,305574.89000000537,305544.89000000537,155962.39000000534,-65.0,6,6,4691.25
2021-11-18,306979.2700000054,305273.0200000054,305168.0200000054,155961.77000000534,1017.5,7,7,4719.75
2021-11-19,306209.2700000054,305763.0200000054,305736.7700000054,155961.77000000534,247.5,7,7,4697.75
2021-11-21,306533.0200000054,306130.5200000054,306121.7700000054,155961.77000000534,571.25,7,7,4707.0
2021-11-22,306321.84000000544,305963.09000000544,305954.34000000544,156830.5900000054,-508.75,7,7,4682.0
2021-11-23,306578.74000000546,304870.61000000546,304853.74000000546,156827.49000000543,-248.75,12,12,4677.75
2021-11-24,308648.74000000546,305348.74000000546,305288.74000000546,156827.49000000543,1821.25,12,12,4712.25
2021-11-25,305123.74000000546,304928.74000000546,304913.74000000546,156827.49000000543,-1703.75,12,12,4653.5
2021-11-26,299405.6600000055,299405.6600000055,299221.9100000055,156821.91000000548,-7416.25,21,21,4579.0
2021-11-28,304891.9100000055,302214.4100000055,300429.4100000055,156821.91000000548,-1930.0,21,21,4631.25
2021-11-29,307595.6600000055,303763.1600000055,303710.6600000055,156821.91000000548,773.75,21,21,4657.0
2021-11-30,303063.1800000055,297190.0500000055,296890.0500000055,156819.4300000055,-3756.25,25,25,4606.5
2021-12-01,293957.59000000556,288997.59000000556,288237.59000000556,156815.09000000553,-12857.5,32,32,4533.5
2021-12-02,300557.59000000556,289677.59000000556,289477.59000000556,156815.09000000553,-6257.5,32,32,4574.75
2021-12-03,293917.59000000556,287437.59000000556,287317.59000000556,156815.09000000553,-12897.5,32,32,4533.25
2021-12-05,298237.59000000556,294397.59000000556,294197.59000000556,156815.09000000553,-8577.5,32,32,4560.25
2021-12-06,305557.59000000556,293717.59000000556,293637.59000000556,156815.09000000553,-1257.5,32,32,4606.0
2021-12-07,312617.7700000057,305477.59000000556,305477.59000000556,162300.2700000057,317.5,2,32,4702.0
2021-12-08,312704.05000000575,312329.05000000575,312309.05000000575,162546.55000000572,157.5,4,4,4691.5
2021-12-09,312292.81000000576,312105.31000000576,312088.43000000576,162545.31000000573,-252.5,6,6,4669.25
2021-12-10,314173.54000000586,312180.31000000576,312165.31000000576,164167.29000000583,6.25,1,7,4712.25
2021-12-12,314249.80000000587,314184.80000000587,314166.05000000587,164164.80000000584,85.0,1,1,4720.5
2021-12-13,313501.7200000059,313016.0900000059,312989.2200000059,164159.22000000588,-657.5,10,10,4665.75
2021-12-14,312465.50000000594,309545.50000000594,309485.50000000594,164155.5000000059,-1690.0,16,16,4633.5
2021-12-15,316445.590000006,309985.50000000594,309945.50000000594,166154.340000006,291.25,2,16,4710.0
2021-12-16,314475.6700000061,313653.1700000061,313618.1700000061,166533.17000000607,-2057.5,14,14,4654.25
2021-12-17,312335.7000000061,309510.7000000061,309416.3200000061,166529.4500000061,-4193.75,20,20,4619.25
2021-12-19,307285.7000000061,306485.7000000061,306310.7000000061,166529.4500000061,-9243.75,20,20,4568.75
2021-12-20,310610.73000000615,301900.73000000615,301868.23000000615,166525.73000000612,-5915.0,26,26,4587.5
2021-12-21,316688.23000000615,308790.73000000615,308628.23000000615,166525.73000000612,162.5,26,26,4634.25
2021-12-22,319909.0000000063,315388.23000000615,315128.23000000615,169882.75000000626,26.25,1,26,4689.0
2021-12-23,320041.5100000063,319891.5000000063,319885.2500000063,170006.51000000627,35.0,1,1,4716.75
2021-12-26,320059.0100000063,320046.5100000063,320041.5100000063,170006.51000000627,52.5,1,1,4720.25
2021-12-27,320340.2800000063,320024.0100000063,320024.0100000063,170254.03000000629,86.25,1,1,4777.5
2021-12-28,320426.55000000633,320246.55000000633,320242.80000000633,170385.3000000063,41.25,3,3,4782.75
2021-12-29,320430.30000000633,320239.05000000633,320235.30000000633,170385.3000000063,45.0,3,3,4783.0
2021-12-30,320137.80000000633,319965.30000000633,319942.80000000633,170385.3000000063,-247.5,3,3,4763.5
2021-12-31,320079.06000000634,320010.31000000634,319972.81000000634,170384.0600000063,-305.0,5,5,4761.5
2022-01-02,320479.06000000634,320341.56000000634,320310.31000000634,170384.0600000063,95.0,5,5,4777.5
2022-01-03,321119.69000000635,319854.06000000634,319729.06000000634,170383.44000000632,736.25,6,6,4794.75
2022-01-04,320842.8800000064,320597.8800000064,320562.8800000064,171299.13000000638,-456.25,7,7,4772.5
2022-01-05,313461.07000000647,313436.07000000647,313386.07000000647,171291.07000000644,-7830.0,20,20,4668.75
2022-01-06,316796.0900000065,312716.0900000065,312506.0900000065,171288.59000000646,-4492.5,24,24,4697.75
2022-01-07,313239.8500000065,311517.3500000065,311452.3500000065,171287.35000000647,-8047.5,26,26,4667.5
2022-01-09,314117.3500000065,311062.3500000065,310964.8500000065,171287.35000000647,-7170.0,26,26,4674.25
2022-01-10,313738.6300000065,299938.6300000065,299538.6300000065,171283.6300000065,-7545.0,32,32,4661.5
2022-01-11,321218.6300000065,308698.6300000065,308258.6300000065,171283.6300000065,-65.0,32,32,4708.25
2022-01-12,325163.1900000067,319298.6300000065,319098.6300000065,175275.69000000667,-112.5,5,32,4709.0
2022-01-13,323144.48000000673,322169.48000000673,322120.73000000673,175270.7300000067,-2126.25,13,13,4653.75
2022-01-14,324545.12000000675,319965.12000000675,319885.12000000675,175268.87000000672,-723.75,16,16,4664.25
2022-01-16,322945.12000000675,322645.12000000675,322505.12000000675,175268.87000000672,-2323.75,16,16,4644.25
2022-01-17,322125.12000000675,321465.12000000675,321425.12000000675,175268.87000000672,-3143.75,16,16,4634.0
2022-01-18,313770.7800000068,313770.7800000068,313742.0300000068,175264.53000000675,-11493.75,23,23,4545.5
2022-01-19,313718.9400000068,309443.9400000068,309293.9400000068,175260.19000000678,-11541.25,30,30,4544.0
2022-01-20,297771.4500000068,295851.4500000068,295691.4500000068,175258.9500000068,-27487.5,32,32,4442.5
2022-01-21,288011.4500000068,288011.4500000068,287971.4500000068,175258.9500000068,-37247.5,32,32,4381.5
2022-01-23,294331.4500000068,289051.4500000068,288731.4500000068,175258.9500000068,-30927.5,32,32,4421.0
2022-01-24,282011.4500000068,261451.45000000682,261011.45000000682,175258.9500000068,-43247.5,32,32,4344.0
2022-01-25,284611.4500000068,271571.4500000068,271211.4500000068,175258.9500000068,-40647.5,32,32,4360.25
2022-01-26,272051.4500000068,269291.4500000068,269091.4500000068,175258.9500000068,-53207.5,32,32,4281.75
2022-01-27,280171.4500000068,270051.4500000068,269771.4500000068,175258.9500000068,-45087.5,32,32,4332.5
2022-01-28,294091.4500000068,270011.4500000068,269571.4500000068,175258.9500000068,-31167.5,32,32,4419.5
2022-01-30,296131.4500000068,291531.4500000068,291411.4500000068,175258.9500000068,-29127.5,32,32,4432.25
2022-01-31,305611.4500000068,290331.4500000068,290251.4500000068,175258.9500000068,-19647.5,32,32,4491.5
2022-02-01,316091.4500000068,302971.4500000068,302811.4500000068,175258.9500000068,-9167.5,32,32,4557.0
2022-02-02,312651.4500000068,311251.4500000068,311211.4500000068,175258.9500000068,-12607.5,32,32,4535.5
2022-02-03,310211.4500000068,301371.4500000068,300891.4500000068,175258.9500000068,-15047.5,32,32,4520.25
2022-02-04,304651.4500000068,297291.4500000068,297131.4500000068,175258.9500000068,-20607.5,32,32,4485.5
2022-02-06,305971.4500000068,302491.4500000068,302371.4500000068,175258.9500000068,-19287.5,32,32,4493.75
2022-02-07,303571.4500000068,301211.4500000068,301011.4500000068,175258.9500000068,-21687.5,32,32,4478.75
2022-02-08,312491.4500000068,300171.4500000068,299971.4500000068,175258.9500000068,-12767.5,32,32,4534.5
2022-02-09,318051.4500000068,310531.4500000068,310331.4500000068,175258.9500000068,-7207.5,32,32,4569.25
2022-02-10,301451.4500000068,301091.4500000068,300971.4500000068,175258.9500000068,-23807.5,32,32,4465.5
2022-02-11,293851.4500000068,290211.4500000068,289891.4500000068,175258.9500000068,-31407.5,32,32,4418.0
2022-02-13,294451.4500000068,291211.4500000068,291131.4500000068,175258.9500000068,-30807.5,32,32,4421.75
2022-02-14,290531.4500000068,284011.4500000068,283611.4500000068,175258.9500000068,-34727.5,32,32,4397.25
2022-02-15,299691.4500000068,288131.4500000068,288051.4500000068,175258.9500000068,-25567.5,32,32,4454.5
2022-02-16,298011.4500000068,294931.4500000068,294611.4500000068,175258.9500000068,-27247.5,32,32,4444.0
2022-02-17,291651.4500000068,285851.4500000068,285731.4500000068,175258.9500000068,-33607.5,32,32,4404.25
2022-02-18,282051.4500000068,278531.4500000068,278331.4500000068,175258.9500000068,-43207.5,32,32,4344.25
2022-02-20,285651.4500000068,277491.4500000068,277011.4500000068,175258.9500000068,-39607.5,32,32,4366.75
2022-02-21,271131.4500000068,267411.4500000068,266971.4500000068,175258.9500000068,-54127.5,32,32,4276.0
2022-02-22,278971.4500000068,268891.4500000068,268571.4500000068,175258.9500000068,-46287.5,32,32,4325.0
2022-02-23,249611.45000000682,245891.45000000682,245611.45000000682,175258.9500000068,-75647.5,32,32,4141.5
2022-02-24,269051.4500000068,243651.45000000682,243251.45000000682,175258.9500000068,-56207.5,32,32,4263.0
2022-02-25,287851.4500000068,263891.4500000068,263371.4500000068,175258.9500000068,-37407.5,32,32,4380.5
2022-02-27,271171.4500000068,269011.4500000068,267211.4500000068,175258.9500000068,-54087.5,32,32,4276.25
2022-02-28,286091.4500000068,271091.4500000068,271051.4500000068,175258.9500000068,-39167.5,32,32,4369.5
2022-03-01,278051.4500000068,271331.4500000068,270971.4500000068,175258.9500000068,-47207.5,32,32,4319.25
2022-03-02,288131.4500000068,271771.4500000068,271491.4500000068,175258.9500000068,-37127.5,32,32,4382.25
2022-03-03,279091.4500000068,273011.4500000068,272331.4500000068,175258.9500000068,-46167.5,32,32,4325.75
2022-03-04,278211.4500000068,272131.4500000068,271971.4500000068,175258.9500000068,-47047.5,32,32,4320.25
2022-03-06,271091.4500000068,267731.4500000068,267371.4500000068,175258.9500000068,-54167.5,32,32,4275.75
2022-03-07,257571.45000000682,256291.45000000682,255931.45000000682,175258.9500000068,-67687.5,32,32,4191.25
2022-03-08,257851.45000000682,249411.45000000682,249171.45000000682,175258.9500000068,-67407.5,32,32,4193.0
2022-03-09,269811.4500000068,254451.45000000682,254251.45000000682,175258.9500000068,-55447.5,32,32,4267.75
2022-03-10,265211.4500000068,260331.45000000682,260091.45000000682,175258.9500000068,-60047.5,32,32,4239.0
2022-03-11,259891.45000000682,259531.45000000682,258651.45000000682,175258.9500000068,-65367.5,32,32,4205.75
2022-03-13,261971.77000000677,260531.77000000677,260371.77000000677,175179.2700000068,-63207.5,32,32,4210.25
2022-03-14,256291.77000000677,252851.77000000677,252691.77000000677,175179.2700000068,-68887.5,32,32,4174.75
2022-03-15,267971.77000000677,249091.77000000677,249051.77000000677,175179.2700000068,-57207.5,32,32,4247.75
2022-03-16,282931.77000000677,267771.77000000677,267091.77000000677,175179.2700000068,-42247.5,32,32,4341.25
2022-03-17,287811.77000000677,279611.77000000677,279571.77000000677,175179.2700000068,-37367.5,32,32,4371.75
2022-03-18,302731.77000000677,286811.77000000677,286651.77000000677,175179.2700000068,-22447.5,32,32,4465.0
2022-03-20,299211.77000000677,298771.77000000677,298691.77000000677,175179.2700000068,-25967.5,32,32,4443.0
2022-03-21,299291.77000000677,294811.77000000677,294731.77000000677,175179.2700000068,-25887.5,32,32,4443.5
2022-03-22,310011.77000000677,298171.77000000677,298091.77000000677,175179.2700000068,-15167.5,32,32,4510.5
2022-03-23,301891.77000000677,299571.77000000677,299491.77000000677,175179.2700000068,-23287.5,32,32,4459.75
2022-03-24,310251.77000000677,301411.77000000677,301291.77000000677,175179.2700000068,-14927.5,32,32,4512.0
2022-03-25,314091.77000000677,307451.77000000677,307251.77000000677,175179.2700000068,-11087.5,32,32,4536.0
2022-03-27,311771.77000000677,311371.77000000677,311331.77000000677,175179.2700000068,-13407.5,32,32,4521.5
2022-03-28,319491.77000000677,310051.77000000677,309891.77000000677,175179.2700000068,-5687.5,32,32,4569.75
2022-03-29,329080.07000000693,319371.77000000677,319371.77000000677,179190.07000000696,-110.0,3,32,4618.5
2022-03-30,329291.360000007,327641.360000007,327572.610000007,179185.110000007,106.25,11,11,4606.0
2022-03-31,325828.900000007,324073.270000007,323938.270000007,179180.15000000704,-3351.25,19,19,4546.25
2022-04-01,325590.170000007,321392.670000007,321306.420000007,179177.67000000706,-3587.5,23,23,4538.5
2022-04-03,325733.920000007,324411.420000007,324353.920000007,179177.67000000706,-3443.75,23,23,4539.75
2022-04-04,329500.170000007,324670.170000007,324612.670000007,179177.67000000706,322.5,23,23,4572.5
2022-04-05,322801.420000007,322283.920000007,322053.920000007,179177.67000000706,-6376.25,23,23,4514.25
2022-04-06,315973.95000000705,314632.70000000705,314161.45000000705,179173.95000000708,-13200.0,29,29,4457.0
2022-04-07,321520.20000000705,314197.70000000705,314161.45000000705,179173.95000000708,-7653.75,29,29,4495.25
2022-04-08,319816.45000000705,317786.45000000705,317677.70000000705,179173.95000000708,-9357.5,29,29,4483.5
2022-04-10,315756.45000000705,315067.70000000705,314958.95000000705,179173.95000000708,-13417.5,29,29,4455.5
2022-04-11,305085.84000000707,305085.84000000707,305005.84000000707,179172.0900000071,-24086.25,32,32,4387.0
2022-04-12,309605.84000000707,303525.84000000707,303245.84000000707,179172.0900000071,-19566.25,32,32,4415.25
2022-04-13,314485.84000000707,304645.84000000707,304605.84000000707,179172.0900000071,-14686.25,32,32,4445.75
2022-04-14,305405.84000000707,304765.84000000707,304765.84000000707,179172.0900000071,-23766.25,32,32,4389.0
2022-04-17,301885.84000000707,300165.84000000707,300045.84000000707,179172.0900000071,-27286.25,32,32,4367.0
2022-04-18,307845.84000000707,301045.84000000707,300925.84000000707,179172.0900000071,-21326.25,32,32,4404.25
2022-04-19,314325.84000000707,302725.84000000707,302645.84000000707,179172.0900000071,-14846.25,32,32,4444.75
2022-04-20,318525.84000000707,312765.84000000707,312525.84000000707,179172.0900000071,-10646.25,32,32,4471.0
2022-04-21,303085.84000000707,301245.84000000707,301085.84000000707,179172.0900000071,-26086.25,32,32,4374.5
2022-04-22,283365.84000000707,282965.84000000707,282765.84000000707,179172.0900000071,-45806.25,32,32,4251.25
2022-04-24,282485.84000000707,280205.84000000707,280005.84000000707,179172.0900000071,-46686.25,32,32,4245.75
2022-04-25,291405.84000000707,274605.84000000707,274405.84000000707,179172.0900000071,-37766.25,32,32,4301.5
2022-04-26,274005.84000000707,265045.84000000707,265045.84000000707,179172.0900000071,-55166.25,32,32,4192.75
2022-04-27,276605.84000000707,268325.84000000707,268285.84000000707,179172.0900000071,-52566.25,32,32,4209.0
2022-04-28,285405.84000000707,272765.84000000707,272365.84000000707,179172.0900000071,-43766.25,32,32,4264.0
2022-04-29,265085.84000000707,262285.84000000707,262165.84000000707,179172.0900000071,-64086.25,32,32,4137.0
2022-05-01,267085.84000000707,261925.84000000707,261845.84000000707,179172.0900000071,-62086.25,32,32,4149.5
2022-05-02,269445.84000000707,252365.84000000707,252125.84000000707,179172.0900000071,-59726.25,32,32,4164.25
2022-05-03,270605.84000000707,263925.84000000707,263805.84000000707,179172.0900000071,-58566.25,32,32,4171.5
2022-05-04,289885.84000000707,266165.84000000707,266005.84000000707,179172.0900000071,-39286.25,32,32,4292.0
2022-05-05,266405.84000000707,259405.84000000707,259045.84000000707,179172.0900000071,-62766.25,32,32,4145.25
2022-05-06,260885.84000000707,253325.84000000707,253085.84000000707,179172.0900000071,-68286.25,32,32,4110.75
2022-05-08,256045.84000000707,252525.84000000707,252405.84000000707,179172.0900000071,-73126.25,32,32,4080.5
2022-05-09,244605.84000000707,237565.84000000707,237045.84000000707,179172.0900000071,-84566.25,32,32,4009.0
2022-05-10,245045.84000000707,236045.84000000707,235645.84000000707,179172.0900000071,-84126.25,32,32,4011.75
2022-05-11,233525.84000000707,230645.84000000707,230405.84000000707,179172.0900000071,-95646.25,32,32,3939.75
2022-05-12,237805.84000000707,220045.84000000707,219965.84000000707,179172.0900000071,-91366.25,32,32,3966.5
2022-05-13,245325.84000000707,235525.84000000707,235325.84000000707,179172.0900000071,-83846.25,32,32,4013.5
2022-05-15,241965.84000000707,240365.84000000707,240245.84000000707,179172.0900000071,-87206.25,32,32,3992.5
2022-05-16,245885.84000000707,240365.84000000707,239885.84000000707,179172.0900000071,-83286.25,32,32,4017.0
2022-05-17,254845.84000000707,245845.84000000707,245805.84000000707,179172.0900000071,-74326.25,32,32,4073.0
2022-05-18,231925.84000000707,226805.84000000707,226285.84000000707,179172.0900000071,-97246.25,32,32,3929.75
2022-05-19,230805.84000000707,220325.84000000707,220125.84000000707,179172.0900000071,-98366.25,32,32,3922.75
2022-05-20,227525.84000000707,212565.84000000707,212365.84000000707,179172.0900000071,-101646.25,32,32,3902.25
2022-05-22,232085.84000000707,230125.84000000707,228805.84000000707,179172.0900000071,-97086.25,32,32,3930.75
2022-05-23,233765.84000000707,228525.84000000707,228205.84000000707,179172.0900000071,-95406.25,32,32,3941.25
2022-05-24,237885.84000000707,223005.84000000707,222685.84000000707,179172.0900000071,-91286.25,32,32,3967.0
2022-05-25,239245.84000000707,229805.84000000707,229325.84000000707,179172.0900000071,-89926.25,32,32,3975.5
2022-05-26,250885.84000000707,236965.84000000707,236845.84000000707,179172.0900000071,-78286.25,32,32,4048.25
2022-05-27,270045.84000000707,250485.84000000707,250405.84000000707,179172.0900000071,-59126.25,32,32,4168.0
2022-05-29,270885.84000000707,268485.84000000707,268365.84000000707,179172.0900000071,-58286.25,32,32,4173.25
2022-05-30,269525.84000000707,267245.84000000707,266845.84000000707,179172.0900000071,-59646.25,32,32,4164.75
2022-05-31,266525.84000000707,259685.84000000707,259605.84000000707,179172.0900000071,-62646.25,32,32,4146.0
2022-06-01,259085.84000000707,254725.84000000707,254605.84000000707,179172.0900000071,-70086.25,32,32,4099.5
2022-06-02,271405.84000000707,255165.84000000707,254725.84000000707,179172.0900000071,-57766.25,32,32,4176.5
2022-06-03,260685.84000000707,258925.84000000707,258645.84000000707,179172.0900000071,-68486.25,32,32,4109.5
2022-06-05,263525.84000000707,259925.84000000707,259885.84000000707,179172.0900000071,-65646.25,32,32,4127.25
2022-06-06,259565.84000000707,258085.84000000707,257925.84000000707,179172.0900000071,-69606.25,32,32,4102.5
2022-06-07,266045.84000000707,255405.84000000707,255325.84000000707,179172.0900000071,-63126.25,32,32,4143.0
2022-06-08,261085.84000000707,259525.84000000707,259405.84000000707,179172.0900000071,-68086.25,32,32,4112.0
2022-06-09,247125.84000000707,245565.84000000707,245405.84000000707,179172.0900000071,-82046.25,32,32,4024.75
2022-06-10,228045.84000000707,226765.84000000707,226405.84000000707,179172.0900000071,-101126.25,32,32,3905.5
2022-06-12,218965.84000000707,216525.84000000707,216405.84000000707,179172.0900000071,-110206.25,32,32,3848.75
2022-06-13,207326.16000000713,200485.84000000707,200365.84000000707,179092.4100000071,-121766.25,32,32,3779.5
2022-06-14,203126.16000000713,196206.16000000713,195966.16000000713,179092.4100000071,-125966.25,32,32,3753.25
2022-06-15,212046.16000000713,199126.16000000713,198366.16000000713,179092.4100000071,-117046.25,32,32,3809.0
2022-06-16,193006.16000000713,185406.16000000713,185326.16000000713,179092.4100000071,-136086.25,32,32,3690.0
2022-06-17,191966.16000000713,185206.16000000713,184846.16000000713,179092.4100000071,-137126.25,32,32,3683.5
2022-06-19,193086.16000000713,188766.16000000713,188446.16000000713,179092.4100000071,-136006.25,32,32,3690.5
2022-06-20,200206.16000000713,191126.16000000713,191086.16000000713,179092.4100000071,-128886.25,32,32,3735.0
2022-06-21,199846.16000000713,197926.16000000713,197846.16000000713,179092.4100000071,-129246.25,32,32,3732.75
2022-06-22,203006.16000000713,193606.16000000713,193526.16000000713,179092.4100000071,-126086.25,32,32,3752.5
2022-06-23,213126.16000000713,200406.16000000713,200206.16000000713,179092.4100000071,-115966.25,32,32,3815.75
2022-06-24,228966.16000000713,213046.16000000713,212966.16000000713,179092.4100000071,-100126.25,32,32,3914.75
2022-06-26,230806.16000000713,226126.16000000713,225886.16000000713,179092.4100000071,-98286.25,32,32,3926.25
2022-06-27,226526.16000000713,224366.16000000713,224326.16000000713,179092.4100000071,-102566.25,32,32,3899.5
2022-06-28,215606.16000000713,214086.16000000713,214046.16000000713,179092.4100000071,-113486.25,32,32,3831.25
2022-06-29,212286.16000000713,211046.16000000713,210806.16000000713,179092.4100000071,-116806.25,32,32,3810.5
2022-06-30,203566.16000000713,201366.16000000713,201206.16000000713,179092.4100000071,-125526.25,32,32,3756.0
2022-07-01,214686.16000000713,201806.16000000713,201726.16000000713,179092.4100000071,-114406.25,32,32,3825.5
2022-07-03,211446.16000000713,209686.16000000713,209486.16000000713,179092.4100000071,-117646.25,32,32,3805.25
2022-07-04,216366.16000000713,210326.16000000713,210166.16000000713,179092.4100000071,-112726.25,32,32,3836.0
2022-07-05,215966.16000000713,201846.16000000713,201646.16000000713,179092.4100000071,-113126.25,32,32,3833.5
2022-07-06,218566.16000000713,212086.16000000713,212006.16000000713,179092.4100000071,-110526.25,32,32,3849.75
2022-07-07,224766.16000000713,218526.16000000713,218406.16000000713,179092.4100000071,-104326.25,32,32,3888.5
2022-07-08,227486.16000000713,221646.16000000713,221486.16000000713,179092.4100000071,-101606.25,32,32,3905.5
2022-07-10,223006.16000000713,222126.16000000713,222046.16000000713,179092.4100000071,-106086.25,32,32,3877.5
2022-07-11,216566.16000000713,215766.16000000713,215606.16000000713,179092.4100000071,-112526.25,32,32,3837.25
2022-07-12,215366.16000000713,211486.16000000713,211366.16000000713,179092.4100000071,-113726.25,32,32,3829.75
2022-07-13,210726.16000000713,203126.16000000713,202926.16000000713,179092.4100000071,-118366.25,32,32,3800.75
2022-07-14,211806.16000000713,198566.16000000713,198406.16000000713,179092.4100000071,-117286.25,32,32,3807.5
2022-07-15,221286.16000000713,207606.16000000713,207446.16000000713,179092.4100000071,-107806.25,32,32,3866.75
2022-07-17,223566.16000000713,221246.16000000713,221126.16000000713,179092.4100000071,-105526.25,32,32,3881.0
2022-07-18,217046.16000000713,214126.16000000713,213846.16000000713,179092.4100000071,-112046.25,32,32,3840.25
2022-07-19,236206.16000000713,216246.16000000713,216086.16000000713,179092.4100000071,-92886.25,32,32,3960.0
2022-07-20,235606.16000000713,230446.16000000713,230166.16000000713,179092.4100000071,-93486.25,32,32,3956.25
2022-07-21,240286.16000000713,231566.16000000713,231446.16000000713,179092.4100000071,-88806.25,32,32,3985.5
2022-07-22,236726.16000000713,233286.16000000713,233246.16000000713,179092.4100000071,-92366.25,32,32,3963.25
2022-07-24,236406.16000000713,234966.16000000713,234846.16000000713,179092.4100000071,-92686.25,32,32,3961.25
2022-07-25,236086.16000000713,234086.16000000713,233966.16000000713,179092.4100000071,-93006.25,32,32,3959.25
2022-07-26,235006.16000000713,228806.16000000713,228726.16000000713,179092.4100000071,-94086.25,32,32,3952.5
2022-07-27,245006.16000000713,234966.16000000713,234966.16000000713,179092.4100000071,-84086.25,32,32,4015.0
2022-07-28,257926.16000000713,241846.16000000713,241726.16000000713,179092.4100000071,-71166.25,32,32,4095.75
2022-07-29,263806.16000000713,255726.16000000713,255566.16000000713,179092.4100000071,-65286.25,32,32,4132.5
2022-07-31,260846.16000000713,260686.16000000713,260646.16000000713,179092.4100000071,-68246.25,32,32,4114.0
2022-08-01,259326.16000000713,258046.16000000713,258006.16000000713,179092.4100000071,-69766.25,32,32,4104.5
2022-08-02,258566.16000000713,256166.16000000713,255486.16000000713,179092.4100000071,-70526.25,32,32,4099.75
2022-08-03,266766.16000000713,257406.16000000713,257406.16000000713,179092.4100000071,-62326.25,32,32,4151.0
2022-08-04,268686.16000000713,264646.16000000713,264366.16000000713,179092.4100000071,-60406.25,32,32,4163.0
2022-08-05,265286.16000000713,259366.16000000713,259206.16000000713,179092.4100000071,-63806.25,32,32,4141.75
2022-08-07,264886.16000000713,263526.16000000713,263526.16000000713,179092.4100000071,-64206.25,32,32,4139.25
2022-08-08,267006.16000000713,263326.16000000713,263286.16000000713,179092.4100000071,-62086.25,32,32,4152.5
2022-08-09,262166.16000000713,260806.16000000713,260686.16000000713,179092.4100000071,-66926.25,32,32,4122.25
2022-08-10,278206.16000000713,261046.16000000713,260806.16000000713,179092.4100000071,-50886.25,32,32,4222.5
2022-08-11,277166.16000000713,275166.16000000713,275046.16000000713,179092.4100000071,-51926.25,32,32,4216.0
2022-08-12,287526.16000000713,277046.16000000713,277006.16000000713,179092.4100000071,-41566.25,32,32,4280.75
2022-08-14,285966.16000000713,285526.16000000713,285486.16000000713,179092.4100000071,-43126.25,32,32,4271.0
2022-08-15,289566.16000000713,282486.16000000713,282446.16000000713,179092.4100000071,-39526.25,32,32,4293.5
2022-08-16,291726.16000000713,287326.16000000713,287206.16000000713,179092.4100000071,-37366.25,32,32,4307.0
2022-08-17,286166.16000000713,283606.16000000713,283406.16000000713,179092.4100000071,-42926.25,32,32,4272.25
2022-08-18,287246.16000000713,284006.16000000713,283886.16000000713,179092.4100000071,-41846.25,32,32,4279.0
2022-08-19,279166.16000000713,278046.16000000713,277926.16000000713,179092.4100000071,-49926.25,32,32,4228.5
2022-08-21,277006.16000000713,275766.16000000713,275606.16000000713,179092.4100000071,-52086.25,32,32,4215.0
2022-08-22,266126.16000000713,263726.16000000713,263646.16000000713,179092.4100000071,-62966.25,32,32,4147.0
2022-08-23,261206.16000000713,260966.16000000713,260846.16000000713,179092.4100000071,-67886.25,32,32,4116.25
2022-08-24,267246.16000000713,260326.16000000713,260326.16000000713,179092.4100000071,-61846.25,32,32,4154.0
2022-08-25,274326.16000000713,266366.16000000713,266206.16000000713,179092.4100000071,-54766.25,32,32,4198.25
2022-08-26,249446.16000000713,249446.16000000713,249446.16000000713,179092.4100000071,-79646.25,32,32,4042.75
2022-08-28,247246.16000000713,243886.16000000713,243686.16000000713,179092.4100000071,-81846.25,32,32,4029.0
2022-08-29,249086.16000000713,245086.16000000713,245086.16000000713,179092.4100000071,-80006.25,32,32,4040.5
2022-08-30,244086.16000000713,237006.16000000713,236926.16000000713,179092.4100000071,-85006.25,32,32,4009.25
2022-08-31,230966.16000000713,230566.16000000713,230446.16000000713,179092.4100000071,-98126.25,32,32,3927.25
2022-09-01,237006.16000000713,227366.16000000713,227166.16000000713,179092.4100000071,-92086.25,32,32,3965.0
2022-09-02,231926.16000000713,227646.16000000713,227566.16000000713,179092.4100000071,-97166.25,32,32,3933.25
2022-09-04,231806.16000000713,229086.16000000713,229046.16000000713,179092.4100000071,-97286.25,32,32,3932.5
2022-09-05,232966.16000000713,229606.16000000713,229566.16000000713,179092.4100000071,-96126.25,32,32,3939.75
2022-09-06,225406.16000000713,224126.16000000713,223966.16000000713,179092.4100000071,-103686.25,32,32,3892.5
2022-09-07,239566.16000000713,224846.16000000713,224806.16000000713,179092.4100000071,-89526.25,32,32,3981.0
2022-09-08,245606.16000000713,233766.16000000713,233446.16000000713,179092.4100000071,-83486.25,32,32,4018.75
2022-09-09,253206.16000000713,244446.16000000713,244366.16000000713,179092.4100000071,-75886.25,32,32,4066.25
2022-09-11,253206.16000000713,252766.16000000713,252726.16000000713,179092.4100000071,-75886.25,32,32,4066.25
2022-09-12,260726.48000000708,252686.16000000713,252566.16000000713,179012.7300000071,-68286.25,32,32,4132.5
2022-09-13,232686.48000000708,229726.48000000708,229686.48000000708,179012.7300000071,-96326.25,32,32,3957.25
2022-09-14,234566.48000000708,228326.48000000708,228166.48000000708,179012.7300000071,-94446.25,32,32,3969.0
2022-09-15,222086.48000000708,221726.48000000708,221526.48000000708,179012.7300000071,-106926.25,32,32,3891.0
2022-09-16,223926.48000000708,216246.48000000708,216006.48000000708,179012.7300000071,-105086.25,32,32,3902.5
2022-09-18,220486.48000000708,219446.48000000708,219326.48000000708,179012.7300000071,-108526.25,32,32,3881.0
2022-09-19,227646.48000000708,214966.48000000708,214926.48000000708,179012.7300000071,-101366.25,32,32,3925.75
2022-09-20,220126.48000000708,214566.48000000708,214446.48000000708,179012.7300000071,-108886.25,32,32,3878.75
2022-09-21,204686.48000000708,202326.48000000708,202206.48000000708,179012.7300000071,-124326.25,32,32,3782.25
2022-09-22,202166.48000000708,201846.48000000708,201686.48000000708,179012.7300000071,-126846.25,32,32,3766.5
2022-09-23,193326.48000000708,185246.48000000708,185166.48000000708,179012.7300000071,-135686.25,32,32,3711.25
2022-09-25,189766.48000000708,188326.48000000708,188206.48000000708,179012.7300000071,-139246.25,32,32,3689.0
2022-09-26,190726.48000000708,184806.48000000708,184726.48000000708,179012.7300000071,-138286.25,32,32,3695.0
2022-09-27,181806.48000000708,179446.48000000708,179206.48000000708,179012.7300000071,-147206.25,32,32,3639.25
2022-09-28,196246.48000000708,177766.48000000708,177606.48000000708,179012.7300000071,-132766.25,32,32,3729.5
2022-09-29,182606.48000000708,179246.48000000708,179046.48000000708,179012.7300000071,-146406.25,32,32,3644.25
2022-09-30,176206.48000000708,175086.48000000708,174766.48000000708,179012.7300000071,-152806.25,32,32,3604.25
2022-10-02,175366.48000000708,171206.48000000708,171006.48000000708,179012.7300000071,-153646.25,32,32,3599.0
2022-10-03,195006.48000000708,173646.48000000708,173526.48000000708,179012.7300000071,-134006.25,32,32,3721.75
2022-10-04,205286.48000000708,194526.48000000708,194366.48000000708,179012.7300000071,-123726.25,32,32,3786.0
2022-10-05,209566.48000000708,197366.48000000708,196966.48000000708,179012.7300000071,-119446.25,32,32,3812.75
2022-10-06,199846.48000000708,198606.48000000708,198326.48000000708,179012.7300000071,-129166.25,32,32,3752.0
2022-10-07,183646.48000000708,180806.48000000708,180726.48000000708,179012.7300000071,-145366.25,32,32,3650.75
2022-10-09,181326.48000000708,178806.48000000708,178406.48000000708,179012.7300000071,-147686.25,32,32,3636.25
2022-10-10,176486.48000000708,175526.48000000708,175526.48000000708,179012.7300000071,-152526.25,32,32,3606.0
2022-10-11,176246.48000000708,172246.48000000708,172166.48000000708,179012.7300000071,-152766.25,32,32,3604.5
2022-10-12,174526.48000000708,173526.48000000708,173206.48000000708,179012.7300000071,-154486.25,32,32,3593.75
2022-10-13,193126.48000000708,160086.48000000708,159846.48000000708,179012.7300000071,-135886.25,32,32,3710.0
2022-10-14,174966.48000000708,174366.48000000708,174126.48000000708,179012.7300000071,-154046.25,32,32,3596.5
2022-10-16,177526.48000000708,174806.48000000708,174006.48000000708,179012.7300000071,-151486.25,32,32,3612.5
2022-10-17,198326.48000000708,177166.48000000708,177126.48000000708,179012.7300000071,-130686.25,32,32,3742.5
2022-10-18,201406.48000000708,191526.48000000708,191086.48000000708,179012.7300000071,-127606.25,32,32,3761.75
2022-10-19,189046.48000000708,188046.48000000708,187806.48000000708,179012.7300000071,-139966.25,32,32,3684.5
2022-10-20,185966.48000000708,184526.48000000708,184406.48000000708,179012.7300000071,-143046.25,32,32,3665.25
2022-10-21,203046.48000000708,182326.48000000708,182166.48000000708,179012.7300000071,-125966.25,32,32,3772.0
2022-10-23,202046.48000000708,201886.48000000708,201646.48000000708,179012.7300000071,-126966.25,32,32,3765.75
2022-10-24,209006.48000000708,197446.48000000708,197366.48000000708,179012.7300000071,-120006.25,32,32,3809.25
2022-10-25,213286.48000000708,206046.48000000708,205926.48000000708,179012.7300000071,-115726.25,32,32,3836.0
2022-10-26,217326.48000000708,212446.48000000708,212366.48000000708,179012.7300000071,-111686.25,32,32,3861.25
2022-10-27,208166.48000000708,201126.48000000708,200726.48000000708,179012.7300000071,-120846.25,32,32,3804.0
2022-10-28,227206.48000000708,203926.48000000708,203806.48000000708,179012.7300000071,-101806.25,32,32,3923.0
2022-10-30,224966.48000000708,223046.48000000708,222806.48000000708,179012.7300000071,-104046.25,32,32,3909.0
2022-10-31,223006.48000000708,219246.48000000708,219086.48000000708,179012.7300000071,-106006.25,32,32,3896.75
2022-11-01,219606.48000000708,216286.48000000708,215926.48000000708,179012.7300000071,-109406.25,32,32,3875.5
2022-11-02,203926.48000000708,200526.48000000708,200486.48000000708,179012.7300000071,-125086.25,32,32,3777.5
2022-11-03,196046.48000000708,192846.48000000708,192206.48000000708,179012.7300000071,-132966.25,32,32,3728.25
2022-11-04,203166.48000000708,194166.48000000708,193286.48000000708,179012.7300000071,-125846.25,32,32,3772.75
2022-11-06,203246.48000000708,199406.48000000708,197646.48000000708,179012.7300000071,-125766.25,32,32,3773.25
2022-11-07,209526.48000000708,200926.48000000708,200726.48000000708,179012.7300000071,-119486.25,32,32,3812.5
2022-11-08,213726.48000000708,206486.48000000708,206366.48000000708,179012.7300000071,-115286.25,32,32,3838.75
2022-11-09,201846.48000000708,199806.48000000708,199526.48000000708,179012.7300000071,-127166.25,32,32,3764.5
2022-11-10,234526.48000000708,200406.48000000708,199766.48000000708,179012.7300000071,-94486.25,32,32,3968.75
2022-11-11,239446.48000000708,232126.48000000708,231686.48000000708,179012.7300000071,-89566.25,32,32,3999.5
2022-11-13,237846.48000000708,236646.48000000708,236246.48000000708,179012.7300000071,-91166.25,32,32,3989.5
2022-11-14,236726.48000000708,234046.48000000708,233766.48000000708,179012.7300000071,-92286.25,32,32,3982.5
2022-11-15,237726.48000000708,233246.48000000708,233126.48000000708,179012.7300000071,-91286.25,32,32,3988.75
2022-11-16,234806.48000000708,233526.48000000708,233446.48000000708,179012.7300000071,-94206.25,32,32,3970.5
2022-11-17,232286.48000000708,225606.48000000708,225526.48000000708,179012.7300000071,-96726.25,32,32,3954.75
2022-11-18,234966.48000000708,230446.48000000708,230326.48000000708,179012.7300000071,-94046.25,32,32,3971.5
2022-11-20,233606.48000000708,232606.48000000708,232486.48000000708,179012.7300000071,-95406.25,32,32,3963.0
2022-11-21,233486.48000000708,230206.48000000708,229526.48000000708,179012.7300000071,-95526.25,32,32,3962.25
2022-11-22,240766.48000000708,230886.48000000708,230766.48000000708,179012.7300000071,-88246.25,32,32,4007.75
2022-11-23,246246.48000000708,239926.48000000708,239846.48000000708,179012.7300000071,-82766.25,32,32,4042.0
2022-11-24,246366.48000000708,245566.48000000708,245486.48000000708,179012.7300000071,-82646.25,32,32,4042.75
2022-11-25,245006.48000000708,243566.48000000708,243486.48000000708,179012.7300000071,-84006.25,32,32,4034.25
2022-11-27,240606.48000000708,239766.48000000708,239766.48000000708,179012.7300000071,-88406.25,32,32,4006.75
2022-11-28,236846.48000000708,233206.48000000708,233166.48000000708,179012.7300000071,-92166.25,32,32,3983.25
2022-11-29,234326.48000000708,230446.48000000708,230126.48000000708,179012.7300000071,-94686.25,32,32,3967.5
2022-11-30,253686.48000000708,230446.48000000708,230366.48000000708,179012.7300000071,-75326.25,32,32,4088.5
2022-12-01,251326.48000000708,248286.48000000708,248246.48000000708,179012.7300000071,-77686.25,32,32,4073.75
2022-12-02,250206.48000000708,241486.48000000708,240606.48000000708,179012.7300000071,-78806.25,32,32,4066.75
2022-12-04,250806.48000000708,250046.48000000708,250006.48000000708,179012.7300000071,-78206.25,32,32,4070.5
2022-12-05,240606.48000000708,237726.48000000708,237486.48000000708,179012.7300000071,-88406.25,32,32,4006.75
2022-12-06,231846.48000000708,227006.48000000708,226966.48000000708,179012.7300000071,-97166.25,32,32,3952.0
2022-12-07,228726.48000000708,226006.48000000708,225766.48000000708,179012.7300000071,-100286.25,32,32,3932.5
2022-12-08,235406.48000000708,228406.48000000708,228366.48000000708,179012.7300000071,-93606.25,32,32,3974.25
2022-12-09,228606.48000000708,228566.48000000708,228326.48000000708,179012.7300000071,-100406.25,32,32,3931.75
2022-12-11,228886.48000000708,227526.48000000708,227446.48000000708,179012.7300000071,-100126.25,32,32,3933.5
2022-12-12,237686.80000000715,228406.48000000708,228326.48000000708,178933.05000000712,-91246.25,32,32,4022.0
2022-12-13,245006.80000000715,237646.80000000715,237566.80000000715,178933.05000000712,-83926.25,32,32,4067.75
2022-12-14,239166.80000000715,234006.80000000715,233686.80000000715,178933.05000000712,-89766.25,32,32,4031.25
2022-12-15,221886.80000000715,219766.80000000715,219446.80000000715,178933.05000000712,-107046.25,32,32,3923.25
2022-12-16,213686.80000000715,211086.80000000715,211006.80000000715,178933.05000000712,-115246.25,32,32,3872.0
2022-12-18,215686.80000000715,214406.80000000715,213806.80000000715,178933.05000000712,-113246.25,32,32,3884.5
2022-12-19,204086.80000000715,203326.80000000715,203286.80000000715,178933.05000000712,-124846.25,32,32,3812.0
2022-12-20,212206.80000000715,202806.80000000715,202726.80000000715,178933.05000000712,-116726.25,32,32,3862.75
2022-12-21,221046.80000000715,211406.80000000715,211366.80000000715,178933.05000000712,-107886.25,32,32,3918.0
2022-12-22,210606.80000000715,200326.80000000715,200326.80000000715,178933.05000000712,-118326.25,32,32,3852.75
2022-12-23,213086.80000000715,205566.80000000715,205566.80000000715,178933.05000000712,-115846.25,32,32,3868.25
2022-12-26,217286.80000000715,215446.80000000715,214486.80000000715,178933.05000000712,-111646.25,32,32,3894.5
2022-12-27,211486.80000000715,208166.80000000715,208126.80000000715,178933.05000000712,-117446.25,32,32,3858.25
2022-12-28,204006.80000000715,202966.80000000715,202886.80000000715,178933.05000000712,-124926.25,32,32,3811.5
2022-12-29,212966.80000000715,203446.80000000715,203406.80000000715,178933.05000000712,-115966.25,32,32,3867.5
2022-12-30,213006.80000000715,205646.80000000715,205606.80000000715,178933.05000000712,-115926.25,32,32,3867.75
2023-01-02,212446.80000000715,209126.80000000715,209006.80000000715,178933.05000000712,-116486.25,32,32,3864.25
2023-01-03,210646.80000000715,204846.80000000715,204486.80000000715,178933.05000000712,-118286.25,32,32,3853.0
2023-01-04,213846.80000000715,208566.80000000715,208006.80000000715,178933.05000000712,-115086.25,32,32,3873.0
2023-01-05,209886.80000000715,205926.80000000715,205766.80000000715,178933.05000000712,-119046.25,32,32,3848.25
2023-01-06,220366.80000000715,205326.80000000715,205206.80000000715,178933.05000000712,-108566.25,32,32,3913.75
2023-01-08,222926.80000000715,221286.80000000715,221046.80000000715,178933.05000000712,-106006.25,32,32,3929.75
2023-01-09,218566.80000000715,217846.80000000715,217766.80000000715,178933.05000000712,-110366.25,32,32,3902.5
2023-01-10,224966.80000000715,216846.80000000715,216806.80000000715,178933.05000000712,-103966.25,32,32,3942.5
2023-01-11,233246.80000000715,223726.80000000715,223686.80000000715,178933.05000000712,-95686.25,32,32,3994.25
2023-01-12,233166.80000000715,227566.80000000715,226806.80000000715,178933.05000000712,-95766.25,32,32,3993.75
2023-01-13,237206.80000000715,228046.80000000715,228046.80000000715,178933.05000000712,-91726.25,32,32,4019.0
2023-01-15,237886.80000000715,236086.80000000715,236006.80000000715,178933.05000000712,-91046.25,32,32,4023.25
2023-01-16,235046.80000000715,233726.80000000715,233646.80000000715,178933.05000000712,-93886.25,32,32,4005.5
2023-01-17,236486.80000000715,233606.80000000715,233566.80000000715,178933.05000000712,-92446.25,32,32,4014.5
2023-01-18,224766.80000000715,224166.80000000715,224126.80000000715,178933.05000000712,-104166.25,32,32,3941.25
2023-01-19,222086.80000000715,218566.80000000715,218446.80000000715,178933.05000000712,-106846.25,32,32,3924.5
2023-01-20,232246.80000000715,220206.80000000715,220046.80000000715,178933.05000000712,-96686.25,32,32,3988.0
2023-01-22,231766.80000000715,231086.80000000715,231086.80000000715,178933.05000000712,-97166.25,32,32,3985.0
2023-01-23,240086.80000000715,231126.80000000715,231006.80000000715,178933.05000000712,-88846.25,32,32,4037.0
2023-01-24,236486.80000000715,235166.80000000715,235006.80000000715,178933.05000000712,-92446.25,32,32,4014.5
2023-01-25,240046.80000000715,228566.80000000715,228286.80000000715,178933.05000000712,-88886.25,32,32,4036.75
2023-01-26,244446.80000000715,238726.80000000715,238526.80000000715,178933.05000000712,-84486.25,32,32,4064.25
2023-01-27,247606.80000000715,243366.80000000715,243326.80000000715,178933.05000000712,-81326.25,32,32,4084.0
2023-01-29,245686.80000000715,245566.80000000715,245526.80000000715,178933.05000000712,-83246.25,32,32,4072.0
2023-01-30,238966.80000000715,238446.80000000715,238446.80000000715,178933.05000000712,-89966.25,32,32,4030.0
2023-01-31,247006.80000000715,235486.80000000715,235366.80000000715,178933.05000000712,-81926.25,32,32,4080.25
2023-02-01,257686.80000000715,242526.80000000715,241926.80000000715,178933.05000000712,-71246.25,32,32,4147.0
2023-02-02,261406.80000000715,257046.80000000715,257006.80000000715,178933.05000000712,-67526.25,32,32,4170.25
2023-02-03,257526.80000000715,255566.80000000715,255366.80000000715,178933.05000000712,-71406.25,32,32,4146.0
2023-02-05,255406.80000000715,255166.80000000715,255006.80000000715,178933.05000000712,-73526.25,32,32,4132.75
2023-02-06,254446.80000000715,250926.80000000715,250806.80000000715,178933.05000000712,-74486.25,32,32,4126.75
2023-02-07,262166.80000000715,250086.80000000715,249886.80000000715,178933.05000000712,-66766.25,32,32,4175.0
2023-02-08,256326.80000000715,253646.80000000715,253566.80000000715,178933.05000000712,-72606.25,32,32,4138.5
2023-02-09,247686.80000000715,246926.80000000715,246686.80000000715,178933.05000000712,-81246.25,32,32,4084.5
2023-02-10,250086.80000000715,243966.80000000715,243886.80000000715,178933.05000000712,-78846.25,32,32,4099.5
2023-02-12,247486.80000000715,246846.80000000715,246766.80000000715,178933.05000000712,-81446.25,32,32,4083.25
2023-02-13,257046.80000000715,247326.80000000715,247286.80000000715,178933.05000000712,-71886.25,32,32,4143.0
2023-02-14,254686.80000000715,250966.80000000715,250766.80000000715,178933.05000000712,-74246.25,32,32,4128.25
2023-02-15,260726.80000000715,252966.80000000715,252246.80000000715,178933.05000000712,-68206.25,32,32,4166.0
2023-02-16,247526.80000000715,247166.80000000715,247166.80000000715,178933.05000000712,-81406.25,32,32,4083.5
2023-02-17,247886.80000000715,243246.80000000715,243086.80000000715,178933.05000000712,-81046.25,32,32,4085.75
2023-02-19,247926.80000000715,246246.80000000715,246246.80000000715,178933.05000000712,-81006.25,32,32,4086.0
2023-02-20,245326.80000000715,245006.80000000715,244926.80000000715,178933.05000000712,-83606.25,32,32,4069.75
2023-02-21,236406.80000000715,234606.80000000715,234486.80000000715,178933.05000000712,-92526.25,32,32,4014.0
2023-02-22,237126.80000000715,231926.80000000715,231566.80000000715,178933.05000000712,-91806.25,32,32,4018.5
2023-02-23,236526.80000000715,230206.80000000715,230046.80000000715,178933.05000000712,-92406.25,32,32,4014.75
2023-02-24,230086.80000000715,225966.80000000715,225766.80000000715,178933.05000000712,-98846.25,32,32,3974.5
2023-02-26,231166.80000000715,229846.80000000715,229846.80000000715,178933.05000000712,-97766.25,32,32,3981.25
2023-02-27,232806.80000000715,230206.80000000715,230166.80000000715,178933.05000000712,-96126.25,32,32,3991.5
2023-02-28,230286.80000000715,227246.80000000715,227126.80000000715,178933.05000000712,-98646.25,32,32,3975.75
2023-03-01,224966.80000000715,223366.80000000715,223286.80000000715,178933.05000000712,-103966.25,32,32,3942.5
2023-03-02,230526.80000000715,222246.80000000715,222166.80000000715,178933.05000000712,-98406.25,32,32,3977.25
2023-03-03,242566.80000000715,230286.80000000715,230206.80000000715,178933.05000000712,-86366.25,32,32,4052.5
2023-03-05,242966.80000000715,240886.80000000715,240846.80000000715,178933.05000000712,-85966.25,32,32,4055.0
2023-03-06,243926.80000000715,241206.80000000715,241126.80000000715,178933.05000000712,-85006.25,32,32,4061.0
2023-03-07,232566.80000000715,231406.80000000715,231366.80000000715,178933.05000000712,-96366.25,32,32,3990.0
2023-03-08,232606.80000000715,229806.80000000715,229606.80000000715,178933.05000000712,-96326.25,32,32,3990.25
2023-03-09,216406.80000000715,216126.80000000715,216086.80000000715,178933.05000000712,-112526.25,32,32,3889.0
2023-03-10,214806.80000000715,209846.80000000715,209566.80000000715,178933.05000000712,-114126.25,32,32,3879.0
2023-03-12,223006.80000000715,212086.80000000715,211606.80000000715,178933.05000000712,-105926.25,32,32,3930.25
2023-03-13,214327.1200000071,204046.80000000715,203566.80000000715,178853.37000000713,-114526.25,32,32,3908.25
2023-03-14,222327.1200000071,211327.1200000071,210607.1200000071,178853.37000000713,-106526.25,32,32,3958.25
2023-03-15,218807.1200000071,207687.1200000071,207407.1200000071,178853.37000000713,-110046.25,32,32,3936.25
2023-03-16,227967.1200000071,212487.1200000071,212207.1200000071,178853.37000000713,-100886.25,32,32,3993.5
2023-03-17,220687.1200000071,218407.1200000071,218207.1200000071,178853.37000000713,-108166.25,32,32,3948.0
2023-03-19,221407.1200000071,221087.1200000071,221007.1200000071,178853.37000000713,-107446.25,32,32,3952.5
2023-03-20,227007.1200000071,212727.1200000071,212567.1200000071,178853.37000000713,-101846.25,32,32,3987.5
2023-03-21,234967.1200000071,226687.1200000071,226567.1200000071,178853.37000000713,-93886.25,32,32,4037.25
2023-03-22,227127.1200000071,223727.1200000071,223607.1200000071,178853.37000000713,-101726.25,32,32,3988.25
2023-03-23,226047.1200000071,221007.1200000071,220767.1200000071,178853.37000000713,-102806.25,32,32,3981.5
2023-03-24,230687.1200000071,219007.1200000071,218927.1200000071,178853.37000000713,-98166.25,32,32,4010.5
2023-03-26,232527.1200000071,230327.1200000071,230047.1200000071,178853.37000000713,-96326.25,32,32,4022.0
2023-03-27,231127.1200000071,228807.1200000071,228607.1200000071,178853.37000000713,-97726.25,32,32,4013.25
2023-03-28,231887.1200000071,225967.1200000071,225927.1200000071,178853.37000000713,-96966.25,32,32,4018.0
2023-03-29,237927.1200000071,231767.1200000071,231767.1200000071,178853.37000000713,-90926.25,32,32,4055.75
2023-03-30,243647.1200000071,237887.1200000071,237847.1200000071,178853.37000000713,-85206.25,32,32,4091.5
2023-03-31,251327.1200000071,241527.1200000071,241487.1200000071,178853.37000000713,-77526.25,32,32,4139.5
2023-04-02,248927.1200000071,248727.1200000071,248647.1200000071,178853.37000000713,-79926.25,32,32,4124.5
2023-04-03,253327.1200000071,248727.1200000071,248687.1200000071,178853.37000000713,-75526.25,32,32,4152.0
2023-04-04,249967.1200000071,247647.1200000071,247447.1200000071,178853.37000000713,-78886.25,32,32,4131.0
2023-04-05,246047.1200000071,244927.1200000071,244847.1200000071,178853.37000000713,-82806.25,32,32,4106.5
2023-04-06,249567.1200000071,244687.1200000071,244447.1200000071,178853.37000000713,-79286.25,32,32,4128.5
2023-04-07,251727.1200000071,248767.1200000071,248367.1200000071,178853.37000000713,-77126.25,32,32,4142.0
2023-04-09,250047.1200000071,249807.1200000071,249727.1200000071,178853.37000000713,-78806.25,32,32,4131.5
2023-04-10,251447.1200000071,244967.1200000071,244807.1200000071,178853.37000000713,-77406.25,32,32,4140.25
2023-04-11,251047.1200000071,249767.1200000071,249607.1200000071,178853.37000000713,-77806.25,32,32,4137.75
2023-04-12,248527.1200000071,246727.1200000071,246647.1200000071,178853.37000000713,-80326.25,32,32,4122.0
2023-04-13,256407.1200000071,247887.1200000071,247847.1200000071,178853.37000000713,-72446.25,32,32,4171.25
2023-04-14,256487.1200000071,251207.1200000071,251087.1200000071,178853.37000000713,-72366.25,32,32,4171.75
2023-04-16,256247.1200000071,256047.1200000071,256007.1200000071,178853.37000000713,-72606.25,32,32,4170.25
2023-04-17,256927.1200000071,252847.1200000071,252687.1200000071,178853.37000000713,-71926.25,32,32,4174.5
2023-04-18,256927.1200000071,255487.1200000071,255327.1200000071,178853.37000000713,-71926.25,32,32,4174.5
2023-04-19,256287.1200000071,253167.1200000071,253087.1200000071,178853.37000000713,-72566.25,32,32,4170.5
2023-04-20,253807.1200000071,250967.1200000071,250927.1200000071,178853.37000000713,-75046.25,32,32,4155.0
2023-04-21,253527.1200000071,250887.1200000071,250647.1200000071,178853.37000000713,-75326.25,32,32,4153.25
2023-04-23,252087.1200000071,251967.1200000071,251927.1200000071,178853.37000000713,-76766.25,32,32,4144.25
2023-04-24,252767.1200000071,250487.1200000071,250367.1200000071,178853.37000000713,-76086.25,32,32,4148.5
2023-04-25,246527.1200000071,243967.1200000071,243647.1200000071,178853.37000000713,-82326.25,32,32,4109.5
2023-04-26,242527.1200000071,240207.1200000071,240007.1200000071,178853.37000000713,-86326.25,32,32,4084.5
2023-04-27,252767.1200000071,242567.1200000071,242527.1200000071,178853.37000000713,-76086.25,32,32,4148.5
2023-04-28,259487.1200000071,250087.1200000071,250047.1200000071,178853.37000000713,-69366.25,32,32,4190.5
2023-04-30,259567.1200000071,258127.1200000071,257967.1200000071,178853.37000000713,-69286.25,32,32,4191.0
2023-05-01,258407.1200000071,257207.1200000071,257207.1200000071,178853.37000000713,-70446.25,32,32,4183.75
2023-05-02,251927.1200000071,246367.1200000071,245887.1200000071,178853.37000000713,-76926.25,32,32,4143.25
2023-05-03,247047.1200000071,241567.1200000071,241087.1200000071,178853.37000000713,-81806.25,32,32,4112.75
2023-05-04,243807.1200000071,239047.1200000071,238967.1200000071,178853.37000000713,-85046.25,32,32,4092.5
2023-05-05,252847.1200000071,242847.1200000071,242687.1200000071,178853.37000000713,-76006.25,32,32,4149.0
2023-05-07,252447.1200000071,251967.1200000071,251807.1200000071,178853.37000000713,-76406.25,32,32,4146.5
2023-05-08,253247.1200000071,251367.1200000071,251007.1200000071,178853.37000000713,-75606.25,32,32,4151.5
2023-05-09,251007.1200000071,250047.1200000071,249967.1200000071,178853.37000000713,-77846.25,32,32,4137.5
2023-05-10,254647.1200000071,247047.1200000071,246967.1200000071,178853.37000000713,-74206.25,32,32,4160.25
2023-05-11,252847.1200000071,248527.1200000071,248447.1200000071,178853.37000000713,-76006.25,32,32,4149.0
2023-05-12,250127.1200000071,246967.1200000071,246887.1200000071,178853.37000000713,-78726.25,32,32,4132.0
2023-05-14,250967.1200000071,249287.1200000071,249287.1200000071,178853.37000000713,-77886.25,32,32,4137.25
2023-05-15,251807.1200000071,248847.1200000071,248687.1200000071,178853.37000000713,-77046.25,32,32,4142.5
2023-05-16,249847.1200000071,248207.1200000071,248207.1200000071,178853.37000000713,-79006.25,32,32,4130.25
2023-05-17,256127.1200000071,248647.1200000071,248527.1200000071,178853.37000000713,-72726.25,32,32,4169.5
2023-05-18,264007.1200000071,254887.1200000071,254807.1200000071,178853.37000000713,-64846.25,32,32,4218.75
2023-05-19,260727.1200000071,259727.1200000071,259647.1200000071,178853.37000000713,-68126.25,32,32,4198.25
2023-05-21,261567.1200000071,259607.1200000071,258847.1200000071,178853.37000000713,-67286.25,32,32,4203.5
2023-05-22,263167.1200000071,260007.1200000071,259567.1200000071,178853.37000000713,-65686.25,32,32,4213.5
2023-05-23,255087.1200000071,253727.1200000071,253487.1200000071,178853.37000000713,-73766.25,32,32,4163.0
2023-05-24,251567.1200000071,247447.1200000071,247247.1200000071,178853.37000000713,-77286.25,32,32,4141.0
2023-05-25,253247.1200000071,250767.1200000071,250687.1200000071,178853.37000000713,-75606.25,32,32,4151.5
2023-05-26,264087.1200000071,252767.1200000071,252727.1200000071,178853.37000000713,-64766.25,32,32,4219.25
2023-05-28,264567.1200000071,264567.1200000071,264527.1200000071,178853.37000000713,-64286.25,32,32,4222.25
2023-05-29,264607.1200000071,264287.1200000071,264247.1200000071,178853.37000000713,-64246.25,32,32,4222.5
2023-05-30,261847.1200000071,261087.1200000071,261007.1200000071,178853.37000000713,-67006.25,32,32,4205.25
2023-05-31,259887.1200000071,256927.1200000071,256847.1200000071,178853.37000000713,-68966.25,32,32,4193.0
2023-06-01,266647.1200000071,257647.1200000071,257487.1200000071,178853.37000000713,-62206.25,32,32,4235.25
2023-06-02,275207.1200000071,266567.1200000071,266527.1200000071,178853.37000000713,-53646.25,32,32,4288.75
2023-06-04,274447.1200000071,273927.1200000071,273887.1200000071,178853.37000000713,-54406.25,32,32,4284.0
2023-06-05,274007.1200000071,272807.1200000071,272687.1200000071,178853.37000000713,-54846.25,32,32,4281.25
2023-06-06,276047.1200000071,272207.1200000071,271967.1200000071,178853.37000000713,-52806.25,32,32,4294.0
2023-06-07,272207.1200000071,272127.1200000071,272087.1200000071,178853.37000000713,-56646.25,32,32,4270.0
2023-06-08,276247.1200000071,271127.1200000071,271047.1200000071,178853.37000000713,-52606.25,32,32,4295.25
2023-06-09,277767.1200000071,274567.1200000071,274447.1200000071,178853.37000000713,-51086.25,32,32,4304.75
2023-06-11,278567.1200000071,277847.1200000071,277847.1200000071,178853.37000000713,-50286.25,32,32,4309.75
2023-06-12,285167.44000000716,278247.1200000071,278127.1200000071,178773.69000000713,-43606.25,32,32,4396.75
2023-06-13,288207.44000000716,283807.44000000716,282767.44000000716,178773.69000000713,-40566.25,32,32,4415.75
2023-06-14,288607.44000000716,283247.44000000716,283047.44000000716,178773.69000000713,-40166.25,32,32,4418.25
2023-06-15,296087.44000000716,284727.44000000716,284687.44000000716,178773.69000000713,-32686.25,32,32,4465.0
2023-06-16,295127.44000000716,294527.44000000716,293847.44000000716,178773.69000000713,-33646.25,32,32,4459.0
2023-06-18,293607.44000000716,293407.44000000716,293407.44000000716,178773.69000000713,-35166.25,32,32,4449.5
2023-06-19,292687.44000000716,292447.44000000716,292327.44000000716,178773.69000000713,-36086.25,32,32,4443.75
2023-06-20,291167.44000000716,287487.44000000716,287367.44000000716,178773.69000000713,-37606.25,32,32,4434.25
2023-06-21,287007.44000000716,286167.44000000716,286047.44000000716,178773.69000000713,-41766.25,32,32,4408.25
2023-06-22,286647.44000000716,284607.44000000716,284567.44000000716,178773.69000000713,-42126.25,32,32,4406.0
2023-06-23,283847.44000000716,282927.44000000716,282727.44000000716,178773.69000000713,-44926.25,32,32,4388.5
2023-06-25,285687.44000000716,283807.44000000716,283687.44000000716,178773.69000000713,-43086.25,32,32,4400.0
2023-06-26,282287.44000000716,280687.44000000716,280647.44000000716,178773.69000000713,-46486.25,32,32,4378.75
2023-06-27,287527.44000000716,281287.44000000716,281127.44000000716,178773.69000000713,-41246.25,32,32,4411.5
2023-06-28,288927.44000000716,285647.44000000716,285567.44000000716,178773.69000000713,-39846.25,32,32,4420.25
2023-06-29,291607.44000000716,287447.44000000716,287247.44000000716,178773.69000000713,-37166.25,32,32,4437.0
2023-06-30,298887.44000000716,291407.44000000716,291407.44000000716,178773.69000000713,-29886.25,32,32,4482.5
2023-07-02,299887.44000000716,299287.44000000716,299287.44000000716,178773.69000000713,-28886.25,32,32,4488.75
2023-07-03,300287.44000000716,298527.44000000716,298407.44000000716,178773.69000000713,-28486.25,32,32,4491.25
2023-07-04,299967.44000000716,299527.44000000716,299487.44000000716,178773.69000000713,-28806.25,32,32,4489.25
2023-07-05,296847.44000000716,296367.44000000716,296287.44000000716,178773.69000000713,-31926.25,32,32,4469.75
2023-07-06,293007.44000000716,288927.44000000716,288807.44000000716,178773.69000000713,-35766.25,32,32,4445.75
2023-07-07,291767.44000000716,290927.44000000716,290727.44000000716,178773.69000000713,-37006.25,32,32,4438.0
2023-07-09,289567.44000000716,289367.44000000716,289247.44000000716,178773.69000000713,-39206.25,32,32,4424.25
2023-07-10,293207.44000000716,287527.44000000716,287487.44000000716,178773.69000000713,-35566.25,32,32,4447.0
2023-07-11,297647.44000000716,292007.44000000716,291927.44000000716,178773.69000000713,-31126.25,32,32,4474.75
2023-07-12,304727.44000000716,297607.44000000716,297607.44000000716,178773.69000000713,-24046.25,32,32,4519.0
2023-07-13,308407.44000000716,304167.44000000716,304087.44000000716,178773.69000000713,-20366.25,32,32,4542.0
2023-07-14,307327.44000000716,307007.44000000716,306647.44000000716,178773.69000000713,-21446.25,32,32,4535.25
2023-07-16,306887.44000000716,306167.44000000716,306167.44000000716,178773.69000000713,-21886.25,32,32,4532.5
2023-07-17,309607.44000000716,306247.44000000716,306247.44000000716,178773.69000000713,-19166.25,32,32,4549.5
2023-07-18,315527.44000000716,309007.44000000716,308847.44000000716,178773.69000000713,-13246.25,32,32,4586.5
2023-07-19,316007.44000000716,314727.44000000716,314647.44000000716,178773.69000000713,-12766.25,32,32,4589.5
2023-07-20,312807.44000000716,310927.44000000716,310847.44000000716,178773.69000000713,-15966.25,32,32,4569.5
2023-07-21,311927.44000000716,311687.44000000716,311647.44000000716,178773.69000000713,-16846.25,32,32,4564.0
2023-07-23,311807.44000000716,311287.44000000716,311287.44000000716,178773.69000000713,-16966.25,32,32,4563.25
2023-07-24,314927.44000000716,311287.44000000716,311287.44000000716,178773.69000000713,-13846.25,32,32,4582.75
2023-07-25,317007.44000000716,314447.44000000716,314367.44000000716,178773.69000000713,-11766.25,32,32,4595.75
2023-07-26,318807.44000000716,314127.44000000716,313487.44000000716,178773.69000000713,-9966.25,32,32,4607.0
2023-07-27,313047.44000000716,310487.44000000716,310287.44000000716,178773.69000000713,-15726.25,32,32,4571.0
2023-07-28,318807.44000000716,311207.44000000716,310967.44000000716,178773.69000000713,-9966.25,32,32,4607.0
2023-07-30,317447.44000000716,317207.44000000716,317127.44000000716,178773.69000000713,-11326.25,32,32,4598.5
2023-07-31,320487.44000000716,317047.44000000716,316927.44000000716,178773.69000000713,-8286.25,32,32,4617.5
2023-08-01,314527.44000000716,313727.44000000716,313207.44000000716,178773.69000000713,-14246.25,32,32,4580.25
2023-08-02,308407.44000000716,306207.44000000716,306127.44000000716,178773.69000000713,-20366.25,32,32,4542.0
2023-08-03,307447.44000000716,302727.44000000716,302607.44000000716,178773.69000000713,-21326.25,32,32,4536.0
2023-08-04,301367.44000000716,300887.44000000716,300687.44000000716,178773.69000000713,-27406.25,32,32,4498.0
2023-08-06,304207.44000000716,302087.44000000716,301767.44000000716,178773.69000000713,-24566.25,32,32,4515.75
2023-08-07,306087.44000000716,302527.44000000716,302447.44000000716,178773.69000000713,-22686.25,32,32,4527.5
2023-08-08,305047.44000000716,298887.44000000716,298807.44000000716,178773.69000000713,-23726.25,32,32,4521.0
2023-08-09,302087.44000000716,298447.44000000716,298207.44000000716,178773.69000000713,-26686.25,32,32,4502.5
2023-08-10,299327.44000000716,297527.44000000716,297447.44000000716,178773.69000000713,-29446.25,32,32,4485.25
2023-08-11,299167.44000000716,295287.44000000716,295127.44000000716,178773.69000000713,-29606.25,32,32,4484.25
2023-08-13,296927.44000000716,296367.44000000716,296087.44000000716,178773.69000000713,-31846.25,32,32,4470.25
2023-08-14,304007.44000000716,296767.44000000716,296727.44000000716,178773.69000000713,-24766.25,32,32,4514.5
2023-08-15,294687.44000000716,293287.44000000716,293207.44000000716,178773.69000000713,-34086.25,32,32,4456.25
2023-08-16,289367.44000000716,287447.44000000716,287207.44000000716,178773.69000000713,-39406.25,32,32,4423.0
2023-08-17,283207.44000000716,281887.44000000716,281727.44000000716,178773.69000000713,-45566.25,32,32,4384.5
2023-08-18,282487.44000000716,278247.44000000716,277687.44000000716,178773.69000000713,-46286.25,32,32,4380.0
2023-08-20,283287.44000000716,282527.44000000716,282247.44000000716,178773.69000000713,-45486.25,32,32,4385.0
2023-08-21,287327.44000000716,281367.44000000716,281247.44000000716,178773.69000000713,-41446.25,32,32,4410.25
2023-08-22,287407.44000000716,284887.44000000716,284767.44000000716,178773.69000000713,-41366.25,32,32,4410.75
2023-08-23,298047.44000000716,285807.44000000716,285607.44000000716,178773.69000000713,-30726.25,32,32,4477.25
2023-08-24,283647.44000000716,282247.44000000716,282247.44000000716,178773.69000000713,-45126.25,32,32,4387.25
2023-08-25,287807.44000000716,280287.44000000716,280127.44000000716,178773.69000000713,-40966.25,32,32,4413.25
2023-08-27,288287.44000000716,288007.44000000716,288007.44000000716,178773.69000000713,-40486.25,32,32,4416.25
2023-08-28,292807.44000000716,288207.44000000716,288167.44000000716,178773.69000000713,-35966.25,32,32,4444.5
2023-08-29,303967.44000000716,291127.44000000716,291047.44000000716,178773.69000000713,-24806.25,32,32,4514.25
2023-08-30,306127.44000000716,301167.44000000716,301087.44000000716,178773.69000000713,-22646.25,32,32,4527.75
2023-08-31,304927.44000000716,303967.44000000716,303727.44000000716,178773.69000000713,-23846.25,32,32,4520.25
2023-09-01,304727.44000000716,302927.44000000716,302847.44000000716,178773.69000000713,-24046.25,32,32,4519.0
2023-09-03,305167.44000000716,304487.44000000716,304487.44000000716,178773.69000000713,-23606.25,32,32,4521.75
2023-09-04,303967.44000000716,303727.44000000716,303687.44000000716,178773.69000000713,-24806.25,32,32,4514.25
2023-09-05,301247.44000000716,301167.44000000716,301087.44000000716,178773.69000000713,-27526.25,32,32,4497.25
2023-09-06,296687.44000000716,293287.44000000716,293207.44000000716,178773.69000000713,-32086.25,32,32,4468.75
2023-09-07,294887.44000000716,291287.44000000716,291167.44000000716,178773.69000000713,-33886.25,32,32,4457.5
2023-09-08,295847.44000000716,292567.44000000716,292567.44000000716,178773.69000000713,-32926.25,32,32,4463.5
2023-09-10,296047.44000000716,295287.44000000716,295167.44000000716,178773.69000000713,-32726.25,32,32,4464.75
2023-09-11,299527.7600000071,296047.44000000716,296007.44000000716,178694.01000000714,-29166.25,32,32,4536.5
2023-09-12,294647.7600000071,294607.7600000071,294567.7600000071,178694.01000000714,-34046.25,32,32,4506.0
2023-09-13,298687.7600000071,293727.7600000071,292887.7600000071,178694.01000000714,-30006.25,32,32,4531.25
2023-09-14,304007.7600000071,297247.7600000071,297207.7600000071,178694.01000000714,-24686.25,32,32,4564.5
2023-09-15,293527.7600000071,293007.7600000071,292727.7600000071,178694.01000000714,-35166.25,32,32,4499.0
2023-09-17,294687.7600000071,293767.7600000071,293407.7600000071,178694.01000000714,-34006.25,32,32,4506.25
2023-09-18,293887.7600000071,291807.7600000071,291607.7600000071,178694.01000000714,-34806.25,32,32,4501.25
2023-09-19,291327.7600000071,287727.7600000071,287647.7600000071,178694.01000000714,-37366.25,32,32,4485.25
2023-09-20,283367.7600000071,282767.7600000071,282687.7600000071,178694.01000000714,-45326.25,32,32,4435.5
2023-09-21,274367.7600000071,272327.7600000071,272247.7600000071,178694.01000000714,-54326.25,32,32,4379.25
2023-09-22,271727.7600000071,270927.7600000071,270847.7600000071,178694.01000000714,-56966.25,32,32,4362.75
2023-09-24,273287.7600000071,271407.7600000071,271367.7600000071,178694.01000000714,-55406.25,32,32,4372.5
2023-09-25,271967.7600000071,267927.7600000071,267807.7600000071,178694.01000000714,-56726.25,32,32,4364.25
2023-09-26,265167.7600000071,262727.7600000071,262567.7600000071,178694.01000000714,-63526.25,32,32,4321.75
2023-09-27,263967.7600000071,258127.7600000071,258007.7600000071,178694.01000000714,-64726.25,32,32,4314.25
2023-09-28,268287.7600000071,262047.7600000071,261847.7600000071,178694.01000000714,-60406.25,32,32,4341.25
2023-09-29,266367.7600000071,263647.7600000071,263447.7600000071,178694.01000000714,-62326.25,32,32,4329.25
2023-10-01,269567.7600000071,268007.7600000071,267727.7600000071,178694.01000000714,-59126.25,32,32,4349.25
2023-10-02,265407.7600000071,261127.7600000071,260967.7600000071,178694.01000000714,-63286.25,32,32,4323.25
2023-10-03,253367.7600000071,253127.7600000071,252847.7600000071,178694.01000000714,-75326.25,32,32,4248.0
2023-10-04,261647.7600000071,251487.7600000071,251367.7600000071,178694.01000000714,-67046.25,32,32,4299.75
2023-10-05,259847.7600000071,255287.7600000071,254967.7600000071,178694.01000000714,-68846.25,32,32,4288.5
2023-10-06,268927.7600000071,252807.7600000071,252447.7600000071,178694.01000000714,-59766.25,32,32,4345.25
2023-10-08,262407.7600000071,262087.7600000071,262047.7600000071,178694.01000000714,-66286.25,32,32,4304.5
2023-10-09,273367.7600000071,261807.7600000071,261607.7600000071,178694.01000000714,-55326.25,32,32,4373.0
2023-10-10,276607.7600000071,272327.7600000071,272287.7600000071,178694.01000000714,-52086.25,32,32,4393.25
2023-10-11,281127.7600000071,274127.7600000071,274047.7600000071,178694.01000000714,-47566.25,32,32,4421.5
2023-10-12,275327.7600000071,270807.7600000071,270567.7600000071,178694.01000000714,-53366.25,32,32,4385.25
2023-10-13,269927.7600000071,268407.7600000071,268207.7600000071,178694.01000000714,-58766.25,32,32,4351.5
2023-10-15,272367.7600000071,271367.7600000071,270767.7600000071,178694.01000000714,-56326.25,32,32,4366.75
2023-10-16,277007.7600000071,270447.7600000071,270407.7600000071,178694.01000000714,-51686.25,32,32,4395.75
2023-10-17,277087.7600000071,272327.7600000071,272207.7600000071,178694.01000000714,-51606.25,32,32,4396.25
2023-10-18,266847.7600000071,266447.7600000071,266327.7600000071,178694.01000000714,-61846.25,32,32,4332.25
2023-10-19,261167.7600000071,259807.7600000071,259727.7600000071,178694.01000000714,-67526.25,32,32,4296.75
2023-10-20,252807.7600000071,252687.7600000071,252647.7600000071,178694.01000000714,-75886.25,32,32,4244.5
2023-10-22,254567.7600000071,253687.7600000071,253367.7600000071,178694.01000000714,-74126.25,32,32,4255.5
2023-10-23,253887.7600000071,248127.7600000071,247807.7600000071,178694.01000000714,-74806.25,32,32,4251.25
2023-10-24,255567.7600000071,252567.7600000071,252407.7600000071,178694.01000000714,-73126.25,32,32,4261.75
2023-10-25,243007.7600000071,242287.7600000071,242167.7600000071,178694.01000000714,-85686.25,32,32,4183.25
2023-10-26,242327.7600000071,237647.7600000071,237087.7600000071,178694.01000000714,-86366.25,32,32,4179.0
2023-10-27,235527.7600000071,233487.7600000071,233247.7600000071,178694.01000000714,-93166.25,32,32,4136.5
2023-10-29,238127.7600000071,236927.7600000071,236647.7600000071,178694.01000000714,-90566.25,32,32,4152.75
2023-10-30,241167.7600000071,237567.7600000071,237527.7600000071,178694.01000000714,-87526.25,32,32,4171.75
2023-10-31,246607.7600000071,240447.7600000071,240367.7600000071,178694.01000000714,-82086.25,32,32,4205.75
2023-11-01,256447.7600000071,244367.7600000071,244287.7600000071,178694.01000000714,-72246.25,32,32,4267.25
2023-11-02,266847.7600000071,255607.7600000071,255567.7600000071,178694.01000000714,-61846.25,32,32,4332.25
2023-11-03,274247.7600000071,265967.7600000071,265847.7600000071,178694.01000000714,-54446.25,32,32,4378.5
2023-11-05,274007.7600000071,273567.7600000071,273527.7600000071,178694.01000000714,-54686.25,32,32,4377.0
2023-11-06,273527.7600000071,272127.7600000071,271967.7600000071,178694.01000000714,-55166.25,32,32,4374.0
2023-11-07,276567.7600000071,272367.7600000071,272247.7600000071,178694.01000000714,-52126.25,32,32,4393.0
2023-11-08,277127.7600000071,273967.7600000071,273687.7600000071,178694.01000000714,-51566.25,32,32,4396.5
2023-11-09,272247.7600000071,270567.7600000071,270367.7600000071,178694.01000000714,-56446.25,32,32,4366.0
2023-11-10,281607.7600000071,270727.7600000071,270647.7600000071,178694.01000000714,-47086.25,32,32,4424.5
2023-11-12,279247.7600000071,279127.7600000071,279127.7600000071,178694.01000000714,-49446.25,32,32,4409.75
2023-11-13,282087.7600000071,279047.7600000071,278847.7600000071,178694.01000000714,-46606.25,32,32,4427.5
2023-11-14,297047.7600000071,281647.7600000071,280927.7600000071,178694.01000000714,-31646.25,32,32,4521.0
2023-11-15,295727.7600000071,294807.7600000071,294807.7600000071,178694.01000000714,-32966.25,32,32,4512.75
2023-11-16,298207.7600000071,294127.7600000071,293967.7600000071,178694.01000000714,-30486.25,32,32,4528.25
2023-11-17,297487.7600000071,295807.7600000071,295727.7600000071,178694.01000000714,-31206.25,32,32,4523.75
2023-11-19,297367.7600000071,297007.7600000071,296967.7600000071,178694.01000000714,-31326.25,32,32,4523.0
2023-11-20,303887.7600000071,296887.7600000071,296887.7600000071,178694.01000000714,-24806.25,32,32,4563.75
2023-11-21,301807.7600000071,299887.7600000071,299567.7600000071,178694.01000000714,-26886.25,32,32,4550.75
2023-11-22,304247.7600000071,301007.7600000071,301007.7600000071,178694.01000000714,-24446.25,32,32,4566.0
2023-11-23,304847.7600000071,304207.7600000071,304167.7600000071,178694.01000000714,-23846.25,32,32,4569.75
2023-11-24,304607.7600000071,303847.7600000071,303727.7600000071,178694.01000000714,-24086.25,32,32,4568.25
2023-11-26,302487.7600000071,302207.7600000071,302167.7600000071,178694.01000000714,-26206.25,32,32,4555.0
2023-11-27,303447.7600000071,302007.7600000071,302007.7600000071,178694.01000000714,-25246.25,32,32,4561.0
2023-11-28,304887.7600000071,301247.7600000071,301207.7600000071,178694.01000000714,-23806.25,32,32,4570.0
2023-11-29,304167.7600000071,302647.7600000071,302567.7600000071,178694.01000000714,-24526.25,32,32,4565.5
2023-11-30,305527.7600000071,301127.7600000071,300847.7600000071,178694.01000000714,-23166.25,32,32,4574.0
2023-12-01,310327.7600000071,303927.7600000071,303687.7600000071,178694.01000000714,-18366.25,32,32,4604.0
2023-12-03,308927.7600000071,308527.7600000071,308487.7600000071,178694.01000000714,-19766.25,32,32,4595.25
2023-12-04,304407.7600000071,302287.7600000071,302247.7600000071,178694.01000000714,-24286.25,32,32,4567.0
2023-12-05,307887.7600000071,302607.7600000071,302567.7600000071,178694.01000000714,-20806.25,32,32,4588.75
2023-12-06,302327.7600000071,301967.7600000071,301887.7600000071,178694.01000000714,-26366.25,32,32,4554.0
2023-12-07,308047.7600000071,301527.7600000071,301487.7600000071,178694.01000000714,-20646.25,32,32,4589.75
2023-12-08,310847.7600000071,304367.7600000071,303567.7600000071,178694.01000000714,-17846.25,32,32,4607.25
2023-12-10,310447.7600000071,310367.7600000071,310287.7600000071,178694.01000000714,-18246.25,32,32,4604.75
2023-12-11,314008.0800000072,309607.7600000071,309607.7600000071,178614.33000000715,-14606.25,32,32,4680.0
2023-12-12,317808.0800000072,311248.0800000072,311168.0800000072,178614.33000000715,-10806.25,32,32,4703.75
2023-12-13,330088.0800000072,316728.0800000072,316688.0800000072,178614.33000000715,1473.75,32,32,4780.5
2023-12-14,329808.0800000072,324608.0800000072,324608.0800000072,178614.33000000715,1193.75,32,32,4778.75
2023-12-15,328328.0800000072,326488.0800000072,326368.0800000072,178614.33000000715,-286.25,32,32,4769.5
2023-12-17,330208.0800000072,328368.0800000072,328328.0800000072,178614.33000000715,1593.75,32,32,4781.25
2023-12-18,332628.25000000733,328688.0800000072,328568.0800000072,182627.0000000073,1.25,2,32,4793.5
2023-12-19,332895.14000000735,332613.25000000733,332613.25000000733,182876.39000000732,18.75,1,2,4822.25
2023-12-20,331841.4500000074,330541.4500000074,330443.3200000074,182868.95000000737,-1027.5,13,13,4765.0
2023-12-21,333466.4500000074,331240.2000000074,331223.9500000074,182868.95000000737,597.5,13,13,4790.0
2023-12-22,334519.6600000075,333173.9500000074,333173.9500000074,184495.91000000745,23.75,4,13,4799.25
2023-12-25,334764.6600000075,334629.6600000075,334539.6600000075,184495.91000000745,268.75,4,4,4811.5
2023-12-26,335006.5600000075,334679.6600000075,334664.6600000075,184996.56000000748,10.0,1,4,4825.75
2023-12-27,335170.9400000075,334963.4400000075,334948.4400000075,184995.94000000748,175.0,2,2,4838.75
2023-12-28,335138.4400000075,335070.9400000075,335063.4400000075,184995.94000000748,142.5,2,2,4835.5
2023-12-29,334991.5800000075,334591.5800000075,334591.5800000075,184994.0800000075,-2.5,5,5,4812.75
2024-01-01,335191.5800000075,335110.3300000075,335066.5800000075,184994.0800000075,197.5,5,5,4820.75
2024-01-02,334352.85000000754,333554.10000000754,333542.85000000754,184991.60000000751,-638.75,9,9,4783.5
2024-01-03,332727.25000000757,332169.12000000756,332114.75000000757,184988.50000000754,-2261.25,14,14,4749.75
2024-01-04,331494.7600000076,331134.7600000076,331074.7600000076,184987.26000000755,-3492.5,16,16,4732.25
2024-01-05,331806.6400000076,329134.7600000076,329074.7600000076,184986.64000000755,-3180.0,17,17,4735.5
2024-01-07,331530.3900000076,331360.3900000076,331360.3900000076,184986.64000000755,-3456.25,17,17,4732.25
2024-01-08,337099.86000000767,330170.3900000076,330085.3900000076,187107.36000000764,-7.5,2,17,4796.0
2024-01-09,337104.2400000077,336800.4900000077,336785.4900000077,187106.74000000764,-2.5,3,3,4788.75
2024-01-10,337643.6400000077,337074.2400000077,337062.9900000077,187479.89000000767,163.75,2,3,4828.5
2024-01-11,337832.4100000077,336819.9100000077,336782.4100000077,187477.4100000077,355.0,6,6,4807.75
2024-01-12,338301.84000000777,337367.4100000077,337344.9100000077,188455.59000000774,-153.75,5,6,4811.25
2024-01-14,338470.59000000777,338189.34000000777,338183.09000000777,188455.59000000774,15.0,5,5,4818.0
2024-01-15,338033.09000000777,337964.34000000777,337945.59000000777,188455.59000000774,-422.5,5,5,4800.5
2024-01-16,337712.4900000078,337251.8600000078,337229.3600000078,188452.49000000776,-740.0,10,10,4789.25
2024-01-17,336676.2600000078,335398.7600000078,335328.7600000078,188450.01000000778,-1773.75,14,14,4765.5
2024-01-18,340208.8400000079,336658.7600000078,336641.2600000078,190201.34000000785,7.5,2,14,4814.25
2024-01-19,340878.2600000079,340183.8400000079,340181.3400000079,190823.2600000079,55.0,1,3,4869.75
2024-01-21,340939.5100000079,340897.0100000079,340892.0100000079,190823.2600000079,116.25,1,1,4882.0
2024-01-22,340962.03000000794,340857.03000000794,340842.03000000794,190954.53000000792,7.5,3,3,4881.5
2024-01-23,341322.03000000794,340857.03000000794,340853.28000000794,190954.53000000792,367.5,3,3,4905.5
2024-01-24,341391.450000008,341160.820000008,341135.820000008,191582.70000000796,-191.25,6,6,4897.75
2024-01-25,341526.450000008,341361.450000008,341323.950000008,191582.70000000796,-56.25,6,6,4902.25
2024-01-26,342190.25000000803,341421.450000008,341413.950000008,192330.250000008,-140.0,4,6,4912.75
2024-01-28,342170.25000000803,342005.25000000803,341970.25000000803,192330.250000008,-160.0,4,4,4911.75
2024-01-29,342872.15000000806,342155.25000000803,342155.25000000803,192827.15000000803,45.0,1,4,4953.0
2024-01-30,342768.40000000806,342749.65000000806,342742.15000000806,192827.15000000803,-58.75,1,1,4932.25
2024-01-31,341785.9500000081,340837.2000000081,340782.2000000081,192820.95000000807,-1035.0,11,11,4884.25
2024-02-01,344323.51000000816,341235.9500000081,341208.4500000081,194198.51000000813,125.0,1,11,4954.75
2024-02-02,344438.5400000082,344183.51000000816,344178.51000000816,194444.79000000816,-6.25,3,3,4972.75
2024-02-04,344359.7900000082,344318.5400000082,344311.0400000082,194444.79000000816,-85.0,3,3,4967.5
2024-02-05,344681.0600000082,343737.9300000082,343683.5600000082,194442.31000000818,238.75,7,7,4966.25
2024-02-06,344996.0600000082,344278.5600000082,344269.8100000082,194442.31000000818,553.75,7,7,4975.25
2024-02-07,345971.75000000827,344812.3100000082,344812.3100000082,196008.00000000824,-36.25,2,7,5013.75
2024-02-08,346008.63000000827,345873.63000000827,345858.63000000827,196007.38000000824,1.25,3,3,5015.0
2024-02-09,346393.6500000083,345986.13000000827,345986.13000000827,196381.15000000826,12.5,1,3,5042.0
2024-02-11,346391.1500000083,346378.6500000083,346377.4000000083,196381.15000000826,10.0,1,1,5041.5
2024-02-12,346020.5600000083,345983.0600000083,345975.5600000083,196501.8100000083,-481.25,6,6,5033.0
2024-02-13,344728.72000000835,342453.72000000835,342437.47000000835,196497.47000000832,-1768.75,13,13,4971.75
2024-02-14,347702.47000000835,344696.22000000835,344679.97000000835,196497.47000000832,1205.0,13,13,5017.5
2024-02-15,348361.94000000844,347621.22000000835,347621.22000000835,198363.1900000084,-1.25,2,13,5044.5
2024-02-16,347793.21000000846,347755.71000000846,347748.21000000846,198360.71000000843,-567.5,6,6,5014.5
2024-02-18,348078.21000000846,347943.21000000846,347845.71000000846,198360.71000000843,-282.5,6,6,5024.0
2024-02-19,347508.21000000846,347418.21000000846,347395.71000000846,198360.71000000843,-852.5,6,6,5005.0
2024-02-20,346785.1200000085,345810.1200000085,345712.6200000085,198356.37000000846,-1571.25,13,13,4984.75
2024-02-21,350620.1300000085,345182.6300000085,345051.3800000085,198355.13000000847,2265.0,15,15,5033.25
2024-02-22,353047.7400000086,350507.6300000085,350507.6300000085,203012.74000000858,35.0,3,15,5102.5
2024-02-23,352931.4900000086,352897.7400000086,352890.2400000086,203012.74000000858,-81.25,3,3,5094.75
2024-02-25,352878.9900000086,352826.4900000086,352818.9900000086,203012.74000000858,-133.75,3,3,5091.25
2024-02-26,352635.2500000086,352529.0000000086,352510.2500000086,203011.5000000086,-376.25,5,5,5078.25
2024-02-27,353017.7600000086,352387.7600000086,352291.5100000086,203010.2600000086,7.5,7,7,5087.75
2024-02-28,352912.7600000086,352186.5100000086,352160.2600000086,203010.2600000086,-97.5,7,7,5084.75
2024-02-29,353935.93000000867,352151.5100000086,352046.5100000086,203887.18000000864,48.75,2,7,5110.0
2024-03-01,354177.8200000087,353730.93000000867,353728.43000000867,204136.57000000865,41.25,1,2,5138.75
2024-03-03,354187.8200000087,354182.8200000087,354177.8200000087,204136.57000000865,51.25,1,1,5140.75
2024-03-04,353907.2200000087,353862.2200000087,353862.2200000087,204258.47000000867,-351.25,4,4,5130.0
2024-03-05,353134.77000000875,351244.77000000875,351227.27000000875,204252.27000000872,-1117.5,14,14,5090.25
2024-03-06,355568.62000000884,353012.27000000875,353012.27000000875,205992.3700000088,-423.75,6,14,5101.25
2024-03-07,356965.5500000089,355156.12000000884,355126.12000000884,206931.80000000887,33.75,3,6,5162.75
2024-03-08,355918.75000000896,355393.75000000896,355303.75000000896,207297.50000000893,-1378.75,12,12,5132.0
2024-03-10,355168.75000000896,355108.75000000896,355093.75000000896,207297.50000000893,-2128.75,12,12,5119.5
2024-03-11,356803.93000000896,353503.770000009,353423.770000009,207255.18000000896,-451.25,16,16,5200.25
2024-03-12,359692.8100000091,355263.93000000896,354883.93000000896,209749.06000000908,-56.25,2,16,5238.0
2024-03-13,359780.3200000091,359462.1900000091,359380.3200000091,209747.8200000091,32.5,4,4,5237.5
2024-03-14,359684.7200000091,358413.4700000091,358390.9700000091,209744.7200000091,-60.0,9,9,5216.75
2024-03-15,358253.49000000913,357278.49000000913,357245.99000000913,209742.24000000913,-1488.75,13,13,5183.25
2024-03-17,358903.49000000913,358172.24000000913,358155.99000000913,209742.24000000913,-838.75,13,13,5193.25
2024-03-18,361037.3300000092,358887.24000000913,358822.24000000913,211362.3300000092,-325.0,5,13,5208.0
2024-03-19,362211.13000000926,360493.5800000092,360487.3300000092,212231.13000000926,-20.0,1,7,5236.0
2024-03-20,363130.5600000093,362196.76000000926,362189.26000000926,212851.8100000093,278.75,2,3,5306.5
2024-03-21,363141.83000000933,363085.5600000093,363080.5600000093,213210.58000000933,-68.75,2,2,5302.75
2024-03-22,362908.72000000934,362877.47000000934,362864.97000000934,213208.72000000934,-300.0,5,5,5289.5
2024-03-24,362908.72000000934,362858.72000000934,362852.47000000934,213208.72000000934,-300.0,5,5,5289.5
2024-03-25,362753.10000000935,362508.72000000934,362483.72000000934,213208.10000000935,-455.0,6,6,5282.5
2024-03-26,362744.36000000936,362146.23000000935,362124.36000000936,213206.86000000936,-462.5,8,8,5278.5
2024-03-27,363804.36000000936,362454.36000000936,362434.36000000936,213206.86000000936,597.5,8,8,5305.0
2024-03-28,364101.2900000094,363654.36000000936,363644.36000000936,214207.5400000094,-106.25,3,8,5304.25
2024-03-31,364461.2900000094,364330.0400000094,364217.5400000094,214207.5400000094,253.75,3,3,5328.25
2024-04-01,363788.8100000094,363570.0600000094,363543.8100000094,214205.06000000943,-416.25,7,7,5289.25
2024-04-02,362760.08000000945,361728.83000000945,361669.45000000944,214202.58000000945,-1442.5,11,11,5255.0
2024-04-03,364135.08000000945,362196.33000000945,362182.58000000945,214202.58000000945,-67.5,11,11,5280.0
2024-04-04,361248.3500000096,360123.3500000096,360010.8500000096,215560.85000000958,-4312.5,18,18,5205.25
2024-04-05,365793.3500000096,361023.3500000096,360370.8500000096,215560.85000000958,232.5,18,18,5255.75
2024-04-07,364893.3500000096,364803.3500000096,364713.3500000096,215560.85000000958,-667.5,18,18,5245.75
2024-04-08,365680.8500000096,364150.8500000096,364060.8500000096,215560.85000000958,120.0,18,18,5254.5
2024-04-09,366558.3500000096,361675.8500000096,361518.3500000096,215560.85000000958,997.5,18,18,5264.25
2024-04-10,361447.7300000096,358885.8500000096,358660.8500000096,215560.2300000096,-4112.5,19,19,5206.5
2024-04-11,365358.3600000096,358811.4800000096,358312.7300000096,215559.6100000096,-201.25,20,20,5244.5
2024-04-12,357597.1400000096,355582.1400000096,355452.1400000096,215555.89000000962,-7958.75,26,26,5166.5
2024-04-14,359547.1400000096,358052.1400000096,357304.6400000096,215555.89000000962,-6008.75,26,26,5181.5
2024-04-15,346934.67000000965,345294.67000000965,345094.67000000965,215552.17000000965,-18617.5,32,32,5092.75
2024-04-16,348774.67000000965,345334.67000000965,344694.67000000965,215552.17000000965,-16777.5,32,32,5104.25
2024-04-17,344294.67000000965,339814.67000000965,339614.67000000965,215552.17000000965,-21257.5,32,32,5076.25
2024-04-18,332254.67000000965,326414.67000000965,326254.67000000965,215552.17000000965,-33297.5,32,32,5001.0
2024-04-19,332654.67000000965,330974.67000000965,330694.67000000965,215552.17000000965,-32897.5,32,32,5003.5
2024-04-21,334654.67000000965,333734.67000000965,333574.67000000965,215552.17000000965,-30897.5,32,32,5016.0
2024-04-22,339734.67000000965,333214.67000000965,333054.67000000965,215552.17000000965,-25817.5,32,32,5047.75
2024-04-23,352134.67000000965,339014.67000000965,338894.67000000965,215552.17000000965,-13417.5,32,32,5125.25
2024-04-24,343974.67000000965,343534.67000000965,343294.67000000965,215552.17000000965,-21577.5,32,32,5074.25
2024-04-25,351974.67000000965,335934.67000000965,335654.67000000965,215552.17000000965,-13577.5,32,32,5124.25
2024-04-26,353174.67000000965,349094.67000000965,348814.67000000965,215552.17000000965,-12377.5,32,32,5131.75
2024-04-28,355094.67000000965,353814.67000000965,353694.67000000965,215552.17000000965,-10457.5,32,32,5143.75
2024-04-29,354974.67000000965,351334.67000000965,351094.67000000965,215552.17000000965,-10577.5,32,32,5143.0
2024-04-30,342494.67000000965,340334.67000000965,339854.67000000965,215552.17000000965,-23057.5,32,32,5065.0
2024-05-01,343614.67000000965,338174.67000000965,338134.67000000965,215552.17000000965,-21937.5,32,32,5072.0
2024-05-02,349214.67000000965,338254.67000000965,337894.67000000965,215552.17000000965,-16337.5,32,32,5107.0
2024-05-03,357934.67000000965,347974.67000000965,347974.67000000965,215552.17000000965,-7617.5,32,32,5161.5
2024-05-05,357654.67000000965,357094.67000000965,357054.67000000965,215552.17000000965,-7897.5,32,32,5159.75
2024-05-06,365414.67000000965,357054.67000000965,357014.67000000965,215552.17000000965,-137.5,32,32,5208.25
2024-05-07,366134.67000000965,364454.67000000965,364454.67000000965,215552.17000000965,582.5,32,32,5212.75
2024-05-08,365374.67000000965,362414.67000000965,362294.67000000965,215552.17000000965,-177.5,32,32,5208.0
2024-05-09,369589.2100000098,363334.67000000965,363294.67000000965,219554.2100000098,35.0,1,32,5241.25
2024-05-10,369556.7400000098,369350.4900000098,369337.9900000098,219675.49000000983,-118.75,5,5,5241.5
2024-05-12,369744.2400000098,369519.2400000098,369512.9900000098,219675.49000000983,68.75,5,5,5249.0
2024-05-13,369556.7400000098,369431.7400000098,369350.4900000098,219675.49000000983,-118.75,5,5,5241.5
2024-05-14,370366.15000000986,369281.7400000098,368937.9900000098,220296.15000000986,70.0,2,5,5275.25
2024-05-15,370918.0600000099,370276.15000000986,370276.15000000986,220793.0600000099,125.0,1,2,5342.25
2024-05-16,370595.5900000099,370526.8400000099,370520.5900000099,220914.34000000992,-318.75,5,5,5318.5
2024-05-17,370996.85000000993,370297.4700000099,370226.85000000993,220913.10000000993,83.75,7,7,5327.75
2024-05-19,371224.35000000993,371075.60000000993,371040.60000000993,220913.10000000993,311.25,7,7,5334.25
2024-05-20,371154.35000000993,370988.10000000993,370856.85000000993,220913.10000000993,241.25,7,7,5332.25
2024-05-21,371626.85000000993,370830.60000000993,370813.10000000993,220913.10000000993,713.75,7,7,5345.75
2024-05-22,372169.35000000993,370323.10000000993,370261.85000000993,220913.10000000993,1256.25,7,7,5361.25
2024-05-23,370561.95000001,369440.70000001,369326.95000001,222016.95000001002,-1455.0,13,13,5292.5
2024-05-24,372398.20000001,370155.70000001,370139.45000001,222016.95000001002,381.25,13,13,5320.75
2024-05-26,372154.45000001,371926.95000001,371861.95000001,222016.95000001002,137.5,13,13,5317.0
2024-05-27,372966.95000001,372105.70000001,372105.70000001,222016.95000001002,950.0,13,13,5329.5
2024-05-28,371536.95000001,370935.70000001,370838.20000001,222016.95000001002,-480.0,13,13,5307.5
2024-05-29,368319.45000001,368238.20000001,368189.45000001,222016.95000001002,-3697.5,13,13,5258.0
2024-05-30,367260.73000001005,366168.23000001005,366168.23000001005,222013.23000001005,-4752.5,19,19,5246.0
2024-05-31,375010.2600000102,363236.3800000101,363026.3800000101,225010.2600000102,0.0,2,24,5299.25
2024-06-02,375095.2600000102,374927.7600000102,374920.2600000102,225010.2600000102,85.0,2,2,5307.75
2024-06-03,376255.9800000103,373650.9200000102,373605.9200000102,226254.73000001028,1.25,1,10,5299.25
2024-06-04,377024.16000001034,375965.3700000103,375955.3700000103,226750.41000001034,273.75,4,4,5313.25
2024-06-05,377819.8500000104,376874.16000001034,376869.16000001034,227798.6000000104,21.25,1,4,5369.75
2024-06-06,377970.4900000104,377590.4900000104,377540.4900000104,227796.7400000104,173.75,4,4,5366.75
2024-06-07,377998.05000001047,377255.4900000104,377215.4900000104,228419.30000001047,-421.25,6,6,5353.5
2024-06-09,378065.55000001047,377953.05000001047,377840.55000001047,228419.30000001047,-353.75,6,6,5355.75
2024-06-10,378589.3100000105,377578.05000001047,377540.55000001047,228418.06000001048,171.25,8,8,5366.0
2024-06-11,379553.7400000105,377351.1900000105,377317.4400000105,229538.74000001053,15.0,1,9,5387.25
2024-06-12,379931.28000001056,379400.03000001056,379312.53000001056,229886.28000001056,45.0,5,5,5441.0
2024-06-13,380205.0400000106,379093.7900000106,379050.0400000106,229885.04000001057,320.0,7,7,5441.5
2024-06-14,380003.7900000106,378717.5400000106,378673.7900000106,229885.04000001057,118.75,7,7,5435.75
2024-06-16,380003.7900000106,379898.7900000106,379872.5400000106,229885.04000001057,118.75,7,7,5435.75
2024-06-17,380871.3500000106,379645.0400000106,379618.7900000106,230881.35000001063,-10.0,1,7,5546.25
2024-06-18,380945.1000000106,380848.8500000106,380847.6000000106,230881.35000001063,63.75,1,1,5561.0
2024-06-19,380995.1000000106,380938.8500000106,380938.8500000106,230881.35000001063,113.75,1,1,5571.0
2024-06-20,380712.6500000107,379857.6500000107,379812.6500000107,231000.15000001068,-287.5,9,9,5545.5
2024-06-21,380383.2800000107,379598.9000000107,379520.1500000107,230999.53000001068,-616.25,10,10,5536.5
2024-06-23,379895.7800000107,379570.7800000107,379545.7800000107,230999.53000001068,-1103.75,10,10,5526.75
2024-06-24,379772.6600000107,379126.4100000107,379043.9100000107,230998.91000001068,-1226.25,11,11,5523.5
2024-06-25,380666.4100000107,379140.1600000107,379085.1600000107,230998.91000001068,-332.5,11,11,5539.75
2024-06-26,379717.6600000107,379401.4100000107,379346.4100000107,230998.91000001068,-1281.25,11,11,5522.5
2024-06-27,381848.9100000107,379703.9100000107,379676.4100000107,230998.91000001068,850.0,11,11,5561.25
2024-06-28,381740.2700000108,380683.3900000108,380557.7700000108,232371.5200000108,-631.25,11,11,5532.25
2024-06-30,381960.2700000108,381437.7700000108,381424.0200000108,232371.5200000108,-411.25,11,11,5536.25
2024-07-01,381202.1500000108,380332.1500000108,380197.1500000108,232370.9000000108,-1168.75,12,12,5521.25
2024-07-02,383837.84000001085,380122.1500000108,380092.1500000108,233864.09000001085,-26.25,1,12,5561.25
2024-07-03,383971.60000001086,383834.09000001085,383831.59000001085,233987.85000001086,-16.25,1,1,5589.0
2024-07-04,383994.10000001086,383954.10000001086,383952.85000001086,233987.85000001086,6.25,1,1,5593.5
2024-07-05,384235.3700000109,383960.35000001086,383951.60000001086,234236.62000001088,-1.25,1,2,5615.0
2024-07-07,384231.6200000109,384215.3700000109,384214.1200000109,234236.62000001088,-5.0,1,1,5614.25
2024-07-08,384350.3700000109,384215.3700000109,384214.1200000109,234236.62000001088,113.75,1,1,5638.0
2024-07-09,384348.5100000109,384291.0100000109,384286.0100000109,234359.7600000109,-11.25,2,2,5634.5
2024-07-10,384729.1600000109,384311.0100000109,384311.0100000109,234732.91000001092,-3.75,1,2,5684.75
2024-07-11,383886.08000001096,383400.45000001095,383398.58000001096,234727.33000001096,-841.25,10,10,5639.75
2024-07-12,385518.06000001106,383648.58000001096,382961.08000001096,236223.06000001106,-705.0,7,10,5667.5
2024-07-14,385780.56000001106,385483.06000001106,385448.06000001106,236223.06000001106,-442.5,7,7,5675.0
2024-07-15,387215.64000001113,385771.81000001106,385771.81000001106,237091.89000001113,123.75,9,9,5693.25
2024-07-16,388184.4400000112,386315.64000001113,386304.39000001113,238210.69000001118,-26.25,1,9,5709.25
2024-07-17,387936.3400000112,387411.3400000112,387373.8400000112,238207.5900000112,-271.25,6,6,5650.5
2024-07-18,386489.52000001125,383833.27000001125,383663.27000001125,238200.77000001125,-1711.25,17,17,5603.5
2024-07-19,382122.6700000113,381052.0400000113,380940.1700000113,238197.67000001128,-6075.0,22,22,5552.75
2024-07-21,383305.1700000113,382342.6700000113,382205.1700000113,238197.67000001128,-4892.5,22,22,5563.5
2024-07-22,387292.6700000113,382700.1700000113,382645.1700000113,238197.67000001128,-905.0,22,22,5599.75
2024-07-23,384625.1700000113,384542.6700000113,384405.1700000113,238197.67000001128,-3572.5,22,22,5575.5
2024-07-24,373481.4700000113,370041.4700000113,369801.4700000113,238191.47000001132,-14710.0,32,32,5485.0
2024-07-25,369681.4700000113,365281.4700000113,365081.4700000113,238191.47000001132,-18510.0,32,32,5461.25
2024-07-26,375761.4700000113,369521.4700000113,369441.4700000113,238191.47000001132,-12430.0,32,32,5499.25
2024-07-28,379681.4700000113,376361.4700000113,375281.4700000113,238191.47000001132,-8510.0,32,32,5523.75
2024-07-29,374201.4700000113,372841.4700000113,372601.4700000113,238191.47000001132,-13990.0,32,32,5489.5
2024-07-30,375201.4700000113,365521.4700000113,365161.4700000113,238191.47000001132,-12990.0,32,32,5495.75
2024-07-31,390601.4700000113,374521.4700000113,374401.4700000113,238191.47000001132,2410.0,32,32,5592.0
2024-08-01,366681.4700000113,363601.4700000113,363241.4700000113,238191.47000001132,-21510.0,32,32,5442.5
2024-08-02,353161.4700000113,349081.4700000113,348961.4700000113,238191.47000001132,-35030.0,32,32,5358.0
2024-08-04,342721.4700000113,342121.4700000113,341841.4700000113,238191.47000001132,-45470.0,32,32,5292.75
2024-08-05,343361.4700000113,316161.4700000113,315081.4700000113,238191.47000001132,-44830.0,32,32,5296.75
2024-08-06,345561.4700000113,331521.4700000113,331361.4700000113,238191.47000001132,-42630.0,32,32,5310.5
2024-08-07,332121.4700000113,325241.4700000113,325001.4700000113,238191.47000001132,-56070.0,32,32,5226.5
2024-08-08,352641.4700000113,328401.4700000113,328241.4700000113,238191.47000001132,-35550.0,32,32,5354.75
2024-08-09,354281.4700000113,347161.4700000113,347001.4700000113,238191.47000001132,-33910.0,32,32,5365.0
2024-08-11,354841.4700000113,352281.4700000113,351921.4700000113,238191.47000001132,-33350.0,32,32,5368.5
2024-08-12,355961.4700000113,352001.4700000113,351521.4700000113,238191.47000001132,-32230.0,32,32,5375.5
2024-08-13,369081.4700000113,355321.4700000113,355121.4700000113,238191.47000001132,-19110.0,32,32,5457.5
2024-08-14,374361.4700000113,366281.4700000113,366081.4700000113,238191.47000001132,-13830.0,32,32,5490.5
2024-08-15,388161.4700000113,371721.4700000113,371361.4700000113,238191.47000001132,-30.0,32,32,5576.75
2024-08-16,388721.4700000113,381881.4700000113,381721.4700000113,238191.47000001132,530.0,32,32,5580.25
2024-08-18,389601.4700000113,389161.4700000113,388841.4700000113,238191.47000001132,1410.0,32,32,5585.75
2024-08-19,392448.5300000115,386441.4700000113,386321.4700000113,242428.5300000115,20.0,1,32,5629.5
2024-08-20,392604.1700000115,392266.0400000115,392243.5400000115,242426.6700000115,177.5,4,4,5626.25
2024-08-21,393051.71000001155,392469.1700000115,392464.1700000115,242924.21000001155,127.5,4,4,5633.0
2024-08-22,392679.2900000116,391136.1600000116,391053.6600000116,243551.79000001162,-872.5,12,12,5610.0
2024-08-23,395790.04000001174,392694.2900000116,392679.2900000116,245801.29000001174,-11.25,1,12,5650.75
2024-08-25,395765.04000001174,395740.04000001174,395737.54000001174,245801.29000001174,-36.25,1,1,5645.75
2024-08-26,395651.94000001176,395231.94000001176,395201.94000001176,245798.19000001176,-146.25,6,6,5634.75
2024-08-27,396124.45000001177,394894.45000001177,394884.45000001177,245796.95000001177,327.5,8,8,5642.5
2024-08-28,393755.1000000118,392130.1000000118,391951.3500000118,245793.8500000118,-2038.75,13,13,5589.0
2024-08-29,397114.6100000119,393771.3500000118,393755.1000000118,247785.86000001192,-671.25,8,13,5619.75
2024-08-30,398905.29000001197,396228.9900000119,396071.4900000119,248911.54000001197,-6.25,1,9,5656.5
2024-09-01,398887.79000001197,398874.04000001197,398872.79000001197,248911.54000001197,-23.75,1,1,5653.0
2024-09-02,398884.04000001197,398816.54000001197,398812.79000001197,248911.54000001197,-27.5,1,1,5652.25
2024-09-03,392917.88000001205,392276.63000001205,392229.13000001205,248900.38000001205,-5982.5,19,19,5514.75
2024-09-04,393553.51000001206,392276.63000001205,392157.88000001205,248899.76000001206,-5346.25,20,20,5521.25
2024-09-05,391969.1500000121,390157.9000000121,390071.6500000121,248897.90000001207,-6928.75,23,23,5505.0
2024-09-06,377599.8200000121,376239.8200000121,376039.8200000121,248892.3200000121,-21292.5,32,32,5403.75
2024-09-08,382599.8200000121,378119.8200000121,377839.8200000121,248892.3200000121,-16292.5,32,32,5435.0
2024-09-09,389279.8200000121,382639.8200000121,382559.8200000121,248892.3200000121,-9612.5,32,32,5476.75
2024-09-10,389479.8200000121,385039.8200000121,384719.8200000121,248892.3200000121,-9412.5,32,32,5478.0
2024-09-11,402977.4900000123,379159.8200000121,378919.8200000121,252898.74000001227,78.75,2,32,5567.75
2024-09-12,404058.82000001235,402665.6200000123,402653.7500000123,253890.07000001235,168.75,2,4,5605.0
2024-09-13,404183.2300000124,404031.32000001235,404026.32000001235,254261.98000001238,-78.75,3,3,5626.75
2024-09-15,404273.2300000124,404123.2300000124,404119.4800000124,254261.98000001238,11.25,3,3,5632.75
2024-09-16,404412.0400000124,403908.8600000124,403861.9900000124,254248.29000001238,163.75,5,5,5693.25
2024-09-17,405115.23000001244,404235.23000001244,404115.23000001244,255116.48000001244,-1.25,8,8,5702.75
2024-09-18,407244.6900000125,404335.23000001244,404295.23000001244,256114.69000001252,1130.0,9,9,5735.75
2024-09-19,409462.2900000126,407075.9400000125,407053.4400000125,259633.5400000126,-171.25,3,9,5771.0
2024-09-20,409491.69000001263,408511.69000001263,408501.69000001263,259630.44000001263,-138.75,8,8,5758.25
2024-09-22,410321.69000001263,409391.69000001263,409381.69000001263,259630.44000001263,691.25,8,8,5779.0
2024-09-23,409881.69000001263,409021.69000001263,408971.69000001263,259630.44000001263,251.25,8,8,5768.0
2024-09-24,410601.7400000127,409401.69000001263,409351.69000001263,260625.49000001268,-23.75,2,8,5782.75
2024-09-25,411151.7500000127,410441.7500000127,410411.7500000127,260624.2500000127,527.5,4,4,5805.25
2024-09-26,411563.68000001274,410823.05000001274,410748.05000001274,261509.93000001274,53.75,7,7,5802.0
2024-09-27,410994.93000001274,410977.43000001274,410863.68000001274,261509.93000001274,-515.0,7,7,5785.75
2024-09-29,411336.18000001274,410854.93000001274,410758.68000001274,261509.93000001274,-173.75,7,7,5795.5
2024-09-30,412773.1300000128,409878.07000001275,409765.57000001275,262758.1300000128,15.0,2,10,5815.0
2024-10-01,411822.56000001286,410132.56000001286,410083.81000001286,262751.31000001286,-928.75,13,13,5759.75
2024-10-02,411324.44000001287,409556.94000001287,409469.44000001287,262750.69000001287,-1426.25,14,14,5750.5
2024-10-03,411481.94000001287,409679.44000001287,409591.94000001287,262750.69000001287,-1268.75,14,14,5752.75
2024-10-04,415240.200000013,410869.44000001287,410834.44000001287,265246.450000013,-6.25,1,14,5795.5
2024-10-06,415243.950000013,415231.450000013,415230.200000013,265246.450000013,-2.5,1,1,5796.25
2024-10-07,414222.74000001303,413817.74000001303,413468.99000001303,265241.49000001303,-1018.75,9,9,5742.0
2024-10-08,416470.9300000131,413986.49000001303,413963.99000001303,266363.4300000131,107.5,4,9,5789.75
2024-10-09,417094.7200000131,416305.9300000131,416290.9300000131,266985.9700000131,108.75,2,4,5842.5
2024-10-10,417155.98000001314,416755.98000001314,416705.98000001314,266984.73000001314,171.25,4,4,5834.0
2024-10-11,417502.88000001316,416805.98000001314,416795.98000001314,267482.88000001316,20.0,1,4,5853.25
2024-10-13,417514.13000001316,417490.38000001316,417486.63000001316,267482.88000001316,31.25,1,1,5855.5
2024-10-14,417914.7800000132,417511.63000001316,417509.13000001316,267739.7800000132,175.0,2,2,5914.0
2024-10-15,417333.5700000132,416533.5700000132,416408.5700000132,267734.8200000132,-401.25,10,10,5868.5
2024-10-16,417608.5700000132,416608.5700000132,416571.0700000132,267734.8200000132,-126.25,10,10,5874.0
2024-10-17,419494.9000000133,417546.0700000132,417521.0700000132,270036.1500000133,-541.25,6,10,5884.25
2024-10-18,420192.4000000133,419472.4000000133,419472.4000000133,270036.1500000133,156.25,6,6,5907.5
2024-10-20,420207.4000000133,420199.9000000133,420192.4000000133,270036.1500000133,171.25,6,6,5908.0
2024-10-21,419684.2900000133,418784.2900000133,418773.0400000133,270034.2900000133,-350.0,9,9,5885.25
2024-10-22,419878.6700000133,418626.7900000133,418604.2900000133,270033.6700000133,-155.0,10,10,5887.0
2024-10-23,418873.09000001336,414408.09000001336,414241.84000001336,270028.09000001336,-1155.0,19,19,5849.75
2024-10-24,418588.09000001336,416403.09000001336,416284.34000001336,270028.09000001336,-1440.0,19,19,5846.75
2024-10-25,421503.8500000135,418374.34000001336,418350.59000001336,272395.1000000135,-891.25,8,19,5841.5
2024-10-27,422753.8500000135,422283.8500000135,422123.8500000135,272395.1000000135,358.75,8,8,5872.75
2024-10-28,421923.8500000135,421923.8500000135,421853.8500000135,272395.1000000135,-471.25,8,8,5852.0
2024-10-29,423103.8500000135,421373.8500000135,421343.8500000135,272395.1000000135,708.75,8,8,5881.5
2024-10-30,420943.8500000135,420943.8500000135,420923.8500000135,272395.1000000135,-1451.25,8,8,5827.5
2024-10-31,416450.78000001353,415073.28000001353,414978.28000001353,272388.28000001353,-5937.5,19,19,5748.0
2024-11-01,417519.53000001353,415762.03000001353,415738.28000001353,272388.28000001353,-4868.75,19,19,5759.25
2024-11-03,418802.03000001353,416070.78000001353,415690.78000001353,272388.28000001353,-3586.25,19,19,5772.75
2024-11-04,416022.66000001354,414272.66000001354,414172.66000001354,272387.66000001354,-6365.0,20,20,5742.75
2024-11-05,430597.66000001354,416047.66000001354,416047.66000001354,272387.66000001354,8210.0,20,20,5888.5
2024-11-06,436282.8200000137,428822.66000001354,428372.66000001354,286230.3200000137,52.5,2,20,5965.75
2024-11-07,436558.4800000137,436222.8200000137,436217.8200000137,286600.9800000137,-42.5,3,3,6003.0
2024-11-08,436922.26000001375,436374.7300000137,436367.2300000137,286974.76000001375,-52.5,3,3,6023.5
2024-11-10,437117.26000001375,437038.51000001375,437012.26000001375,286974.76000001375,142.5,3,3,6036.5
2024-11-11,437039.14000001375,436789.14000001375,436764.14000001375,286974.14000001375,65.0,4,4,6027.25
2024-11-12,436649.16000001377,436059.16000001377,435969.16000001377,286971.66000001377,-322.5,8,8,6003.75
2024-11-13,436989.16000001377,436239.16000001377,436169.16000001377,286971.66000001377,17.5,8,8,6012.25
2024-11-14,434572.9300000138,434257.9300000138,434242.9300000138,286969.1800000138,-2396.25,12,12,5960.25
2024-11-15,430511.11000001384,428011.73000001383,427837.36000001384,286962.36000001384,-6451.25,23,23,5900.0
2024-11-17,432121.11000001384,429591.11000001384,429562.36000001384,286962.36000001384,-4841.25,23,23,5914.0
2024-11-18,433989.86000001384,429016.11000001384,428958.61000001384,286962.36000001384,-2972.5,23,23,5930.25
2024-11-19,435973.61000001384,425709.86000001384,425336.11000001384,286962.36000001384,-988.75,23,23,5947.5
2024-11-20,433271.11000001384,428326.11000001384,428211.11000001384,286962.36000001384,-3691.25,23,23,5924.0
2024-11-21,439736.24000001396,431172.36000001384,431114.86000001384,289838.74000001396,-102.5,3,23,5968.75
2024-11-22,440201.87000001397,439323.74000001396,439316.24000001396,289838.12000001397,363.75,4,4,5991.0
2024-11-24,440656.87000001397,440536.87000001397,440491.87000001397,289838.12000001397,818.75,4,4,6013.75
2024-11-25,441038.180000014,439858.180000014,439788.180000014,290904.430000014,133.75,8,8,6007.5
2024-11-26,442000.73000001407,440658.180000014,440618.180000014,291901.98000001407,98.75,2,8,6036.25
2024-11-27,442114.5000000141,441486.3700000141,441455.1200000141,291899.5000000141,215.0,6,6,6022.5
2024-11-28,442482.0000000141,441987.0000000141,441979.5000000141,291899.5000000141,582.5,6,6,6034.75
2024-11-29,442697.6600000141,442024.5000000141,442002.0000000141,292650.1600000141,47.5,1,6,6051.5
2024-12-01,442641.4100000141,442635.1600000141,442635.1600000141,292650.1600000141,-8.75,1,1,6040.25
2024-12-02,442770.1700000141,442621.4100000141,442620.1600000141,292773.9200000141,-3.75,1,1,6065.0
2024-12-03,443079.56000001414,442609.56000001414,442599.56000001414,292772.06000001414,307.5,4,4,6071.75
2024-12-04,443404.59000001417,443019.56000001414,443019.56000001414,293270.84000001417,133.75,2,4,6093.75
2024-12-05,443246.5000000142,443134.0000000142,443115.2500000142,293517.7500000142,-271.25,5,5,6084.75
2024-12-06,443546.5000000142,443102.7500000142,443027.7500000142,293517.7500000142,28.75,5,5,6096.75
2024-12-08,443484.0000000142,443465.2500000142,443459.0000000142,293517.7500000142,-33.75,5,5,6094.25
2024-12-09,442444.0200000142,442365.2700000142,442365.2700000142,293515.2700000142,-1071.25,9,9,6061.25
2024-12-10,441899.04000001424,441297.79000001424,441232.79000001424,293512.79000001424,-1613.75,13,13,6050.0
2024-12-11,444979.1200000143,441622.79000001424,441606.54000001424,295139.1200000143,-160.0,3,13,6084.75
2024-12-12,444581.02000001434,444171.02000001434,444141.02000001434,295136.02000001434,-555.0,8,8,6066.5
2024-12-13,443982.91000001435,443460.41000001435,443432.91000001435,295134.16000001435,-1151.25,11,11,6051.25
2024-12-15,444381.66000001435,444037.91000001435,443996.66000001435,295134.16000001435,-752.5,11,11,6058.5
2024-12-16,445316.77000001434,444244.16000001435,444244.16000001435,295106.77000001434,210.0,11,11,6149.25
2024-12-17,444601.77000001434,443364.27000001434,443350.52000001434,295106.77000001434,-505.0,11,11,6136.25
2024-12-18,425431.25000001444,419311.25000001444,418911.25000001444,295093.75000001444,-19662.5,32,32,5947.25
2024-12-19,420031.25000001444,418191.25000001444,418151.25000001444,295093.75000001444,-25062.5,32,32,5913.5
2024-12-20,433311.25000001444,412511.25000001444,412431.25000001444,295093.75000001444,-11782.5,32,32,5996.5
2024-12-22,438431.25000001444,435671.25000001444,434151.25000001444,295093.75000001444,-6662.5,32,32,6028.5
2024-12-23,439551.25000001444,428511.25000001444,428271.25000001444,295093.75000001444,-5542.5,32,32,6035.5
2024-12-24,449105.7900000146,439111.25000001444,439071.25000001444,299090.7900000146,15.0,1,32,6099.0
2024-12-25,449118.2900000146,449085.7900000146,449084.5400000146,299090.7900000146,27.5,1,1,6101.5
2024-12-26,449348.34000001464,448768.3000000146,448740.1800000146,299585.84000001464,-237.5,3,4,6082.75
2024-12-27,449044.6500000147,445669.6500000147,445557.1500000147,299578.4000000147,-533.75,15,15,6029.25
2024-12-29,448182.1500000147,448013.4000000147,447994.6500000147,299578.4000000147,-1396.25,15,15,6017.75
2024-12-30,443962.8000000147,440312.8000000147,440262.8000000147,299575.3000000147,-5612.5,20,20,5955.25
2024-12-31,442362.1800000147,440212.8000000147,440157.1800000147,299574.6800000147,-7212.5,21,21,5938.25
2025-01-01,444147.1800000147,439815.9300000147,439474.6800000147,299574.6800000147,-5427.5,21,21,5955.25
2025-01-02,442145.96000001475,435328.46000001475,435058.46000001475,299570.96000001475,-7425.0,27,27,5927.25
2025-01-03,449975.96000001475,441673.46000001475,441673.46000001475,299570.96000001475,405.0,27,27,5985.25
2025-01-05,450313.46000001475,449435.96000001475,449368.46000001475,299570.96000001475,742.5,27,27,5987.75
2025-01-06,455558.66000001493,450245.96000001475,450212.21000001475,306454.91000001493,-896.25,11,27,6017.5
2025-01-07,452559.340000015,449314.340000015,449259.340000015,306448.090000015,-3888.75,22,22,5965.0
2025-01-08,450475.600000015,447565.600000015,447175.600000015,306446.850000015,-5971.25,24,24,5944.5
2025-01-09,450415.600000015,447625.600000015,447595.600000015,306446.850000015,-6031.25,24,24,5944.0
2025-01-10,439284.39000001503,436964.39000001503,436684.39000001503,306441.89000001503,-17157.5,32,32,5861.5
2025-01-12,436084.39000001503,434764.39000001503,434404.39000001503,306441.89000001503,-20357.5,32,32,5841.5
2025-01-13,444204.39000001503,431044.39000001503,430884.39000001503,306441.89000001503,-12237.5,32,32,5892.25
2025-01-14,442884.39000001503,436684.39000001503,436244.39000001503,306441.89000001503,-13557.5,32,32,5884.0
2025-01-15,460412.0600000152,442284.39000001503,442164.39000001503,310423.3100000152,-11.25,2,32,5990.25
2025-01-16,460500.2000000152,459943.9500000152,459900.2000000152,310421.4500000152,78.75,5,5,5985.75
2025-01-17,461613.39000001526,460300.2000000152,460281.4500000152,311760.89000001526,-147.5,4,5,6032.5
2025-01-19,461603.39000001526,461378.39000001526,461363.39000001526,311760.89000001526,-157.5,4,4,6032.0
2025-01-20,461798.39000001526,461058.39000001526,460853.39000001526,311760.89000001526,37.5,4,4,6041.75
2025-01-21,462882.8300000153,461698.39000001526,461683.39000001526,312759.0800000153,123.75,1,4,6104.25
2025-01-22,462956.59000001533,462854.0800000153,462851.5800000153,312940.34000001533,16.25,1,1,6116.0
2025-01-23,463175.98000001535,462886.59000001533,462884.09000001533,313063.48000001535,112.5,2,2,6146.5
2025-01-24,462956.6500000154,462650.4000000154,462606.6500000154,313307.9000000154,-351.25,7,7,6132.0
2025-01-26,460987.9000000154,460874.1500000154,460856.6500000154,313307.9000000154,-2320.0,7,7,6075.75
2025-01-27,460147.2800000154,456647.9000000154,456516.6500000154,313307.2800000154,-3160.0,8,8,6047.25
2025-01-28,462137.2800000154,459237.2800000154,459197.2800000154,313307.2800000154,-1170.0,8,8,6097.0
2025-01-29,461867.2800000154,459957.2800000154,459947.2800000154,313307.2800000154,-1440.0,8,8,6090.25
2025-01-30,462727.2800000154,460547.2800000154,460517.2800000154,313307.2800000154,-580.0,8,8,6111.75
2025-01-31,460877.2800000154,460597.2800000154,460567.2800000154,313307.2800000154,-2430.0,8,8,6065.5
2025-02-02,455997.2800000154,455707.2800000154,455677.2800000154,313307.2800000154,-7310.0,8,8,5943.5
2025-02-03,461105.4300000154,455877.2800000154,455857.2800000154,313304.1800000154,-2198.75,13,13,6029.75
2025-02-04,461609.1800000154,458570.4300000154,458326.6800000154,313304.1800000154,-1695.0,13,13,6037.5
2025-02-05,464932.3700000155,460601.6800000154,460487.9300000154,314932.3700000155,0.0,0,13,6098.25
2025-02-06,465278.0200000155,464548.6400000155,464523.6400000155,314929.2700000155,348.75,5,5,6100.5
2025-02-07,464275.59000001557,463960.59000001557,463881.84000001557,315550.59000001557,-1275.0,9,9,6050.0
2025-02-09,464916.84000001557,463521.84000001557,462655.59000001557,315550.59000001557,-633.75,9,9,6064.25
2025-02-10,465400.59000001557,464838.09000001557,464838.09000001557,315550.59000001557,-150.0,9,9,6075.0
2025-02-11,465951.84000001557,464691.84000001557,464624.34000001557,315550.59000001557,401.25,9,9,6087.25
2025-02-12,466239.9700000156,462993.09000001557,462959.34000001557,315549.9700000156,690.0,10,10,6087.0
2025-02-13,467165.67000001564,464602.4700000156,464564.9700000156,317068.17000001564,97.5,1,10,6143.5
2025-02-14,467118.17000001564,467055.67000001564,467054.42000001564,317068.17000001564,50.0,1,1,6134.0
2025-02-16,467170.67000001564,467104.42000001564,467103.17000001564,317068.17000001564,102.5,1,1,6144.5
2025-02-17,467176.92000001564,467130.67000001564,467129.42000001564,317068.17000001564,108.75,1,1,6145.75
2025-02-18,467216.93000001565,467046.92000001564,467039.42000001564,317191.93000001565,25.0,1,1,6152.75
2025-02-19,467208.2100000157,467085.06000001566,467077.56000001566,317439.4600000157,-231.25,3,3,6145.25
2025-02-20,467083.2400000157,465856.9900000157,465778.2400000157,317435.7400000157,-352.5,9,9,6131.75
2025-02-21,460232.68000001577,459765.18000001577,459627.68000001577,317427.68000001577,-7195.0,22,22,6030.0
2025-02-23,463285.18000001577,460755.18000001577,460672.68000001577,317427.68000001577,-4142.5,22,22,6057.75
2025-02-24,457938.9500000158,456183.9500000158,456053.9500000158,317425.2000000158,-9486.25,26,26,6009.0
2025-02-25,455880.2300000158,445480.2300000158,445240.2300000158,317421.4800000158,-11541.25,32,32,5990.5
2025-02-26,453320.2300000158,448800.2300000158,448680.2300000158,317421.4800000158,-14101.25,32,32,5974.5
2025-02-27,437920.2300000158,434880.2300000158,434760.2300000158,317421.4800000158,-29501.25,32,32,5878.25
2025-02-28,450680.2300000158,433240.2300000158,433080.2300000158,317421.4800000158,-16741.25,32,32,5958.0
2025-03-02,452960.2300000158,449280.2300000158,448920.2300000158,317421.4800000158,-14461.25,32,32,5972.25
2025-03-03,436760.2300000158,429360.2300000158,428880.2300000158,317421.4800000158,-30661.25,32,32,5871.0
2025-03-04,429680.2300000158,417080.2300000158,416440.2300000158,317421.4800000158,-37741.25,32,32,5826.75
2025-03-05,433280.2300000158,417840.2300000158,417520.2300000158,317421.4800000158,-34141.25,32,32,5849.25
2025-03-06,419600.2300000158,412880.2300000158,412600.2300000158,317421.4800000158,-47821.25,32,32,5763.75
2025-03-07,420880.2300000158,405320.2300000158,405080.2300000158,317421.4800000158,-46541.25,32,32,5771.75
2025-03-09,417480.2300000158,411440.2300000158,411080.2300000158,317421.4800000158,-49941.25,32,32,5750.5
2025-03-10,397320.2300000158,387240.2300000158,386680.2300000158,317421.4800000158,-70101.25,32,32,5624.5
2025-03-11,391720.2300000158,383200.2300000158,382840.2300000158,317421.4800000158,-75701.25,32,32,5589.5
2025-03-12,391680.2300000158,386320.2300000158,385440.2300000158,317421.4800000158,-75741.25,32,32,5589.25
2025-03-13,388560.2300000158,379120.2300000158,378880.2300000158,317421.4800000158,-78861.25,32,32,5569.75
2025-03-14,398000.2300000158,385920.2300000158,385840.2300000158,317421.4800000158,-69421.25,32,32,5628.75
2025-03-16,394920.2300000158,393960.2300000158,393800.2300000158,317421.4800000158,-72501.25,32,32,5609.5
2025-03-17,403120.5500000158,393320.2300000158,393240.2300000158,317341.8000000158,-64221.25,32,32,5712.75
2025-03-18,397960.5500000158,393240.5500000158,393200.5500000158,317341.8000000158,-69381.25,32,32,5680.5
2025-03-19,410040.5500000158,394400.5500000158,394280.5500000158,317341.8000000158,-57301.25,32,32,5756.0
2025-03-20,403480.5500000158,398680.5500000158,398280.5500000158,317341.8000000158,-63861.25,32,32,5715.0
2025-03-21,404280.5500000158,393320.5500000158,393280.5500000158,317341.8000000158,-63061.25,32,32,5720.0
2025-03-23,409720.5500000158,407720.5500000158,407320.5500000158,317341.8000000158,-57621.25,32,32,5754.0
2025-03-24,418200.5500000158,409440.5500000158,409440.5500000158,317341.8000000158,-49141.25,32,32,5807.0
2025-03-25,421120.5500000158,417520.5500000158,417440.5500000158,317341.8000000158,-46221.25,32,32,5825.25
2025-03-26,411760.5500000158,406320.5500000158,405880.5500000158,317341.8000000158,-55581.25,32,32,5766.75
2025-03-27,408240.5500000158,404560.5500000158,404280.5500000158,317341.8000000158,-59101.25,32,32,5744.75
2025-03-28,385480.5500000158,385480.5500000158,385440.5500000158,317341.8000000158,-81861.25,32,32,5602.5
2025-03-30,381600.5500000158,381000.5500000158,380960.5500000158,317341.8000000158,-85741.25,32,32,5578.25
2025-03-31,390640.5500000158,374760.5500000158,374480.5500000158,317341.8000000158,-76701.25,32,32,5634.75
2025-04-01,395640.5500000158,385480.5500000158,385120.5500000158,317341.8000000158,-71701.25,32,32,5666.0
2025-04-02,377600.5500000158,366600.5500000158,366040.5500000158,317341.8000000158,-89741.25,32,32,5553.25
2025-04-03,353240.5500000158,351960.5500000158,351560.5500000158,317341.8000000158,-114101.25,32,32,5401.0
2025-04-04,304560.5500000158,301720.5500000158,300920.5500000158,317341.8000000158,-162781.25,32,32,5096.75
2025-04-06,278040.5500000158,262680.5500000158,262200.5500000158,317341.8000000158,-189301.25,32,32,4931.0
2025-04-07,316200.5500000158,264920.5500000158,263880.5500000158,317341.8000000158,-151141.25,32,32,5169.5
2025-04-08,276880.5500000158,276400.5500000158,275040.5500000158,317341.8000000158,-190461.25,32,32,4923.75
2025-04-09,361800.5500000158,269280.5500000158,268560.5500000158,317341.8000000158,-105541.25,32,32,5454.5
2025-04-10,337040.5500000158,314000.5500000158,312560.5500000158,317341.8000000158,-130301.25,32,32,5299.75
2025-04-11,352400.5500000158,330080.5500000158,329320.5500000158,317341.8000000158,-114941.25,32,32,5395.75
2025-04-13,359000.5500000158,355280.5500000158,354680.5500000158,317341.8000000158,-108341.25,32,32,5437.0
2025-04-14,359040.5500000158,351840.5500000158,351640.5500000158,317341.8000000158,-108301.25,32,32,5437.25
2025-04-15,349840.5500000158,348520.5500000158,347840.5500000158,317341.8000000158,-117501.25,32,32,5379.75
2025-04-16,344200.5500000158,329520.5500000158,329240.5500000158,317341.8000000158,-123141.25,32,32,5344.5
2025-04-17,341320.5500000158,334960.5500000158,334760.5500000158,317341.8000000158,-126021.25,32,32,5326.5
2025-04-20,331840.5500000158,330760.5500000158,330560.5500000158,317341.8000000158,-135501.25,32,32,5267.25
2025-04-21,321640.5500000158,309720.5500000158,309440.5500000158,317341.8000000158,-145701.25,32,32,5203.5
2025-04-22,352280.5500000158,321400.5500000158,321240.5500000158,317341.8000000158,-115061.25,32,32,5395.0
2025-04-23,351960.5500000158,350880.5500000158,350480.5500000158,317341.8000000158,-115381.25,32,32,5393.0
2025-04-24,375680.5500000158,346160.5500000158,345920.5500000158,317341.8000000158,-91661.25,32,32,5541.25
2025-04-25,377480.5500000158,366480.5500000158,365920.5500000158,317341.8000000158,-89861.25,32,32,5552.5
2025-04-27,372040.5500000158,371840.5500000158,371680.5500000158,317341.8000000158,-95301.25,32,32,5518.5
2025-04-28,379040.5500000158,368040.5500000158,367800.5500000158,317341.8000000158,-88301.25,32,32,5562.25
2025-04-29,378280.5500000158,372760.5500000158,372520.5500000158,317341.8000000158,-89061.25,32,32,5557.5
2025-04-30,392720.5500000158,362200.5500000158,361960.5500000158,317341.8000000158,-74621.25,32,32,5647.75
2025-05-01,395920.5500000158,385240.5500000158,385240.5500000158,317341.8000000158,-71421.25,32,32,5667.75
2025-05-02,402760.5500000158,390480.5500000158,390440.5500000158,317341.8000000158,-64581.25,32,32,5710.5
2025-05-04,396200.5500000158,394840.5500000158,394720.5500000158,317341.8000000158,-71141.25,32,32,5669.5
2025-05-05,395120.5500000158,393480.5500000158,393400.5500000158,317341.8000000158,-72221.25,32,32,5662.75
2025-05-06,394520.5500000158,386160.5500000158,385880.5500000158,317341.8000000158,-72821.25,32,32,5659.0
2025-05-07,400560.5500000158,385240.5500000158,384440.5500000158,317341.8000000158,-66781.25,32,32,5696.75
2025-05-08,399640.5500000158,393840.5500000158,393560.5500000158,317341.8000000158,-67701.25,32,32,5691.0
2025-05-09,398520.5500000158,395360.5500000158,395080.5500000158,317341.8000000158,-68821.25,32,32,5684.0
2025-05-11,410720.5500000158,406760.5500000158,406560.5500000158,317341.8000000158,-56621.25,32,32,5760.25
2025-05-12,423920.5500000158,410560.5500000158,410480.5500000158,317341.8000000158,-43421.25,32,32,5842.75
2025-05-13,433960.5500000158,423000.5500000158,422800.5500000158,317341.8000000158,-33381.25,32,32,5905.5
2025-05-14,432760.5500000158,431720.5500000158,431480.5500000158,317341.8000000158,-34581.25,32,32,5898.0
2025-05-15,438400.5500000158,428000.5500000158,427800.5500000158,317341.8000000158,-28941.25,32,32,5933.25
2025-05-16,440840.5500000158,437280.5500000158,437040.5500000158,317341.8000000158,-26501.25,32,32,5948.5
2025-05-18,434920.5500000158,434680.5500000158,434640.5500000158,317341.8000000158,-32421.25,32,32,5911.5
2025-05-19,443560.5500000158,431960.5500000158,431920.5500000158,317341.8000000158,-23781.25,32,32,5965.5
2025-05-20,439960.5500000158,437680.5500000158,437360.5500000158,317341.8000000158,-27381.25,32,32,5943.0
2025-05-21,427560.5500000158,424800.5500000158,424720.5500000158,317341.8000000158,-39781.25,32,32,5865.5
2025-05-22,427000.5500000158,421800.5500000158,421680.5500000158,317341.8000000158,-40341.25,32,32,5862.0
2025-05-23,419440.5500000158,410560.5500000158,410120.5500000158,317341.8000000158,-47901.25,32,32,5814.75
2025-05-25,429080.5500000158,419480.5500000158,419160.5500000158,317341.8000000158,-38261.25,32,32,5875.0
2025-05-26,427360.5500000158,427320.5500000158,427080.5500000158,317341.8000000158,-39981.25,32,32,5864.25
2025-05-27,437880.5500000158,427440.5500000158,427280.5500000158,317341.8000000158,-29461.25,32,32,5930.0
2025-05-28,448200.5500000158,432120.5500000158,431480.5500000158,317341.8000000158,-19141.25,32,32,5994.5
2025-05-29,434560.5500000158,431000.5500000158,430520.5500000158,317341.8000000158,-32781.25,32,32,5909.25
2025-05-30,435280.5500000158,426040.5500000158,425600.5500000158,317341.8000000158,-32061.25,32,32,5913.75
2025-06-01,431160.5500000158,431000.5500000158,430920.5500000158,317341.8000000158,-36181.25,32,32,5888.0
2025-06-02,437120.5500000158,428120.5500000158,427880.5500000158,317341.8000000158,-30221.25,32,32,5925.25
2025-06-03,445400.5500000158,434880.5500000158,434560.5500000158,317341.8000000158,-21941.25,32,32,5977.0
2025-06-04,445320.5500000158,444800.5500000158,444640.5500000158,317341.8000000158,-22021.25,32,32,5976.5
2025-06-05,442680.5500000158,438200.5500000158,437680.5500000158,317341.8000000158,-24661.25,32,32,5960.0
2025-06-06,450680.5500000158,442400.5500000158,442360.5500000158,317341.8000000158,-16661.25,32,32,6010.0
2025-06-08,448480.5500000158,447880.5500000158,447840.5500000158,317341.8000000158,-18861.25,32,32,5996.25
2025-06-09,454680.5500000158,448200.5500000158,448200.5500000158,317341.8000000158,-12661.25,32,32,6035.0
2025-06-10,453720.5500000158,448240.5500000158,447680.5500000158,317341.8000000158,-13621.25,32,32,6029.0
2025-06-11,450520.5500000158,448640.5500000158,448600.5500000158,317341.8000000158,-16821.25,32,32,6009.0
2025-06-12,442840.5500000158,437600.5500000158,437480.5500000158,317341.8000000158,-24501.25,32,32,5961.0
2025-06-13,445600.5500000158,440640.5500000158,440560.5500000158,317341.8000000158,-21741.25,32,32,5978.25
2025-06-15,447080.5500000158,441800.5500000158,440120.5500000158,317341.8000000158,-20261.25,32,32,5987.5
2025-06-16,451440.8700000158,446800.5500000158,446760.5500000158,317262.1200000158,-15821.25,32,32,6068.75
2025-06-17,446960.8700000158,443400.8700000158,443280.8700000158,317262.1200000158,-20301.25,32,32,6040.75
2025-06-18,444440.8700000158,441720.8700000158,440400.8700000158,317262.1200000158,-22821.25,32,32,6025.0
2025-06-19,443760.8700000158,435920.8700000158,435560.8700000158,317262.1200000158,-23501.25,32,32,6020.75
2025-06-20,444440.8700000158,441280.8700000158,440960.8700000158,317262.1200000158,-22821.25,32,32,6025.0
2025-06-22,440600.8700000158,436640.8700000158,433880.8700000158,317262.1200000158,-26661.25,32,32,6001.0
2025-06-23,458400.8700000158,440240.8700000158,439360.8700000158,317262.1200000158,-8861.25,32,32,6112.25
2025-06-24,463400.8700000158,457440.8700000158,457400.8700000158,317262.1200000158,-3861.25,32,32,6143.5
2025-06-25,464840.8700000158,461920.8700000158,461360.8700000158,317262.1200000158,-2421.25,32,32,6152.5
2025-06-26,471307.910000016,464640.8700000158,464560.8700000158,321260.410000016,47.5,1,32,6201.5
2025-06-27,471878.570000016,470776.070000016,470753.570000016,321381.070000016,497.5,6,6,6220.75
2025-06-29,472688.570000016,472058.570000016,471953.570000016,321381.070000016,1307.5,6,6,6247.75
2025-06-30,473090.5300000161,472494.87000001606,472440.49000001606,323185.5300000161,-95.0,3,6,6247.25
2025-07-01,473505.5400000161,472768.0400000161,472718.0400000161,323184.2900000161,321.25,5,5,6259.0
2025-07-02,473848.07000001613,472949.2900000161,472918.0400000161,323808.07000001613,40.0,1,5,6279.25
2025-07-03,473978.09000001615,473816.82000001613,473814.32000001613,324055.59000001615,-77.5,1,1,6308.25
2025-07-04,473855.59000001615,473829.34000001615,473819.34000001615,324055.59000001615,-200.0,1,1,6283.75
2025-07-06,473944.34000001615,473896.84000001615,473891.84000001615,324055.59000001615,-111.25,1,1,6301.5
2025-07-07,473591.8900000162,471996.8900000162,471941.8900000162,324049.3900000162,-457.5,11,11,6276.25
2025-07-08,472986.8900000162,472766.8900000162,472698.1400000162,324049.3900000162,-1062.5,11,11,6265.25
2025-07-09,475423.8500000163,472739.3900000162,472725.6400000162,325423.8500000163,0.0,6,11,6292.75
2025-07-10,476125.7600000163,475288.8500000163,475266.3500000163,326169.5100000163,-43.75,1,6,6308.75
2025-07-11,476117.6500000163,475857.6500000163,475807.6500000163,326167.6500000163,-50.0,4,4,6294.0
2025-07-13,475707.6500000163,475567.6500000163,475497.6500000163,326167.6500000163,-460.0,4,4,6273.5
2025-07-14,476577.6500000163,475447.6500000163,475432.6500000163,326167.6500000163,410.0,4,4,6317.0
2025-07-15,474842.1000000164,474388.3500000164,474347.1000000164,326983.3500000164,-2141.25,11,11,6273.25
2025-07-16,476752.7500000164,472854.6200000164,472632.7500000164,326980.2500000164,-227.5,16,16,6292.5
2025-07-17,479269.7300000165,476612.7500000164,476612.7500000164,329230.9800000165,38.75,1,16,6350.0
2025-07-18,479240.3700000165,479010.3700000165,479000.3700000165,329229.1200000165,11.25,4,4,6335.25
2025-07-20,479325.3700000165,479135.3700000165,479130.3700000165,329229.1200000165,96.25,4,4,6339.5
2025-07-21,479605.41000001656,479330.3700000165,479320.3700000165,329725.41000001656,-120.0,4,4,6345.5
2025-07-22,480314.8000000166,478984.8000000166,478923.5500000166,329723.5500000166,591.25,7,7,6359.0
2025-07-23,481088.61000001663,480262.3000000166,480262.3000000166,331029.86000001663,58.75,1,7,6400.75
2025-07-24,481303.63000001665,481007.38000001665,480999.88000001665,331152.38000001665,151.25,3,3,6419.25
2025-07-25,481438.63000001665,481044.88000001665,481029.88000001665,331152.38000001665,286.25,3,3,6428.25
2025-07-27,481783.63000001665,481663.63000001665,481656.13000001665,331152.38000001665,631.25,3,3,6451.25
2025-07-28,481483.63000001665,481161.13000001665,481146.13000001665,331152.38000001665,331.25,3,3,6431.25
2025-07-29,481346.8100000167,480666.8100000167,480646.8100000167,331555.5600000167,-208.75,8,8,6413.75
2025-07-30,483155.0200000168,479336.8300000167,479216.8300000167,333048.7700000168,106.25,1,12,6455.75
2025-07-31,480924.45000001683,480039.45000001683,479949.45000001683,333041.95000001683,-2117.5,12,12,6362.5
2025-08-01,474510.1200000169,472252.6200000169,472040.7400000169,333036.3700000169,-8526.25,21,21,6263.25
2025-08-03,477292.6200000169,473486.3700000169,473250.1200000169,333036.3700000169,-5743.75,21,21,6289.75
2025-08-04,485272.6200000169,476242.6200000169,476190.1200000169,333036.3700000169,2236.25,21,21,6365.75
2025-08-05,485437.150000017,484137.150000017,484087.150000017,335647.150000017,-210.0,10,21,6340.25
2025-08-06,487085.9600000171,484749.650000017,484712.150000017,336892.2100000171,193.75,2,10,6387.75
2025-08-07,488030.40000001714,485459.15000001714,485417.90000001714,337270.40000001714,760.0,11,11,6382.0
2025-08-08,488937.9800000172,487356.65000001714,487329.15000001714,338764.2300000172,173.75,3,11,6425.25
2025-08-10,488934.2300000172,488757.9800000172,488754.2300000172,338764.2300000172,170.0,3,3,6425.0
2025-08-11,488728.6200000172,488248.6200000172,488211.1200000172,338762.3700000172,-33.75,6,6,6404.75
2025-08-12,490109.3200000173,488353.6200000172,488323.6200000172,340010.5700000173,98.75,1,6,6466.5
2025-08-13,490344.9700000173,490039.9700000173,490024.9700000173,340219.9700000173,125.0,4,4,6483.0
2025-08-14,490709.9700000173,489764.9700000173,489749.9700000173,340219.9700000173,490.0,4,4,6501.25
2025-08-15,490050.6000000173,489939.9700000173,489914.9700000173,340219.3500000173,-168.75,5,5,6467.25
2025-08-17,490406.8500000173,490175.6000000173,490025.6000000173,340219.3500000173,187.5,5,5,6481.5
2025-08-18,489884.9800000173,489794.3500000173,489769.3500000173,340218.7300000173,-333.75,6,6,6460.25
2025-08-19,487495.64000001736,487446.89000001736,487398.14000001736,340214.39000001736,-2718.75,13,13,6410.75
2025-08-20,488907.5600000174,483215.0600000174,483215.0600000174,340208.8100000174,-1301.25,22,22,6414.5
2025-08-21,485800.0600000174,484095.0600000174,484040.0600000174,340208.8100000174,-4408.75,22,22,6386.25
2025-08-22,493348.33000001754,483435.0600000174,483352.5600000174,343084.58000001754,263.75,5,22,6484.75
2025-08-24,493167.08000001754,493023.33000001754,493017.08000001754,343084.58000001754,82.5,5,5,6477.5
2025-08-25,492345.21000001754,491865.21000001754,491857.71000001754,343083.96000001754,-738.75,6,6,6447.0
2025-08-26,493748.34000001755,492000.21000001754,491985.21000001754,343083.34000001755,665.0,7,7,6487.5
2025-08-27,494013.3900000176,493249.59000001755,493214.59000001755,343952.1400000176,61.25,3,7,6493.0
2025-08-28,494313.4100000176,493840.8900000176,493829.6400000176,344325.9100000176,-12.5,1,3,6511.75
2025-08-29,493884.07000001764,493194.07000001764,493144.07000001764,344321.57000001764,-437.5,8,8,6474.0
2025-08-31,493754.07000001764,493674.07000001764,493654.07000001764,344321.57000001764,-567.5,8,8,6470.75
2025-09-01,493694.07000001764,493314.07000001764,493304.07000001764,344321.57000001764,-627.5,8,8,6469.25
2025-09-02,492857.21000001766,489680.96000001766,489653.46000001766,344319.71000001766,-1462.5,11,11,6430.0
2025-09-03,494520.96000001766,492623.46000001766,492609.71000001766,344319.71000001766,201.25,11,11,6460.25
2025-09-04,495878.5300000177,494328.46000001766,494300.96000001766,345819.7800000177,58.75,1,11,6520.0
2025-09-05,495404.2300000178,492954.2300000178,492831.7300000178,345935.4800000178,-531.25,14,14,6488.75
2025-09-07,496174.2300000178,494861.7300000178,494809.2300000178,345935.4800000178,238.75,14,14,6499.75
2025-09-08,497224.2300000178,495596.7300000178,495509.2300000178,345935.4800000178,1288.75,14,14,6514.75
2025-09-09,497764.93000001786,495509.2300000178,495439.2300000178,347687.43000001786,77.5,1,14,6537.25
2025-09-10,498119.9600000179,497554.3300000179,497544.3300000179,347839.9600000179,280.0,5,5,6545.75
2025-09-11,498794.39000001794,497919.9600000179,497863.7100000179,348713.14000001794,81.25,2,5,6590.5
2025-09-12,498774.39000001794,498649.39000001794,498649.39000001794,348713.14000001794,61.25,2,2,6588.5
2025-09-14,498811.89000001794,498744.39000001794,498741.89000001794,348713.14000001794,98.75,2,2,6592.25
2025-09-15,499149.430000018,498769.39000001794,498751.89000001794,348971.930000018,177.5,2,2,6685.25
2025-09-16,498946.930000018,498921.930000018,498909.430000018,348971.930000018,-25.0,2,2,6665.0
2025-09-17,500708.2800000181,497603.210000018,497498.840000018,350089.5300000181,618.75,4,9,6690.75
2025-09-18,500844.5900000181,500493.2800000181,500493.2800000181,350865.8400000181,-21.25,4,4,6697.25
2025-09-19,501333.37000001816,500504.5900000181,500489.5900000181,351365.87000001816,-32.5,2,4,6719.75
2025-09-21,501313.37000001816,501245.87000001816,501240.87000001816,351365.87000001816,-52.5,2,2,6717.75
2025-09-22,501781.5200000182,501095.87000001816,501088.37000001816,351737.7700000182,43.75,1,3,6751.5
2025-09-23,501456.5500000182,500931.5500000182,500887.8000000182,351734.0500000182,-277.5,7,7,6718.0
2025-09-24,501379.70000001823,499805.3200000182,499774.70000001823,351730.95000001823,-351.25,12,12,6704.75
2025-09-25,499088.48000001826,496142.85000001825,496073.48000001826,351727.23000001826,-2638.75,18,18,6657.75
2025-09-26,502688.48000001826,498728.48000001826,498683.48000001826,351727.23000001826,961.25,18,18,6697.75
2025-09-28,504308.48000001826,502665.98000001826,502598.48000001826,351727.23000001826,2581.25,18,18,6715.75
2025-09-29,504954.22000001837,504263.48000001826,504240.98000001826,354856.72000001837,97.5,5,18,6713.5
2025-09-30,505133.0100000184,504497.97000001837,504441.72000001837,355480.5100000184,-347.5,3,5,6708.25
2025-10-01,506050.54000001843,504728.0100000184,504709.2600000184,355976.79000001843,73.75,1,4,6767.5
2025-10-02,506709.95000001846,505554.95000001846,505539.95000001846,356102.45000001846,607.5,6,6,6780.5
2025-10-03,506625.0100000185,506327.45000001846,506289.95000001846,356845.0100000185,-220.0,6,6,6763.0
2025-10-05,507240.0100000185,506790.0100000185,506745.0100000185,356845.0100000185,395.0,6,6,6783.5
2025-10-06,507472.55000001856,506760.0100000185,506730.0100000185,357595.05000001856,-122.5,2,6,6781.25
2025-10-07,507546.9600000186,506478.2100000186,506455.7100000186,357590.7100000186,-43.75,9,9,6771.5
2025-10-08,508721.39000001864,507006.9600000186,506984.4600000186,358710.14000001864,11.25,2,9,6797.0
2025-10-09,508815.79000001866,508010.79000001866,507940.79000001866,358707.04000001866,108.75,7,7,6785.75
2025-10-10,489357.14000001876,489019.64000001876,487770.89000001876,358694.64000001876,-19337.5,27,27,6552.0
2025-10-12,505354.64000001876,502350.89000001876,500157.14000001876,358694.64000001876,-3340.0,27,27,6670.5
2025-10-13,508527.14000001876,503599.64000001876,503025.89000001876,358694.64000001876,-167.5,27,27,6694.0
2025-10-14,512029.1800000189,495735.89000001876,494925.89000001876,362050.4300000189,-21.25,6,27,6695.5
2025-10-15,513525.540000019,509519.910000019,509448.040000019,363228.040000019,297.5,14,14,6709.75
2025-10-16,511973.80000001914,511470.05000001914,511291.30000001914,365013.80000001914,-3040.0,13,14,6642.5
2025-10-17,516685.1300000192,507488.80000001914,507342.55000001914,366643.8800000192,41.25,3,13,6711.0
2025-10-19,516868.8800000192,516441.3800000192,516430.1300000192,366643.8800000192,225.0,3,3,6723.25
2025-10-20,517257.04000001925,516711.3800000192,516692.6300000192,367139.54000001925,117.5,2,3,6777.5
2025-10-21,517279.54000001925,517089.54000001925,517074.54000001925,367139.54000001925,140.0,2,2,6779.75
2025-10-22,517513.3300000193,514888.3300000193,514825.8300000193,367134.5800000193,378.75,10,10,6744.5
2025-10-23,519110.9400000194,516325.8300000193,516263.3300000193,369003.4400000194,107.5,2,10,6787.75
2025-10-24,519417.8500000194,519075.9400000194,519073.4400000194,369559.1000000194,-141.25,3,3,6825.25
2025-10-26,520209.1000000194,520062.8500000194,520025.3500000194,369559.1000000194,650.0,3,3,6878.0
2025-10-27,520526.64000001946,520190.3500000194,520186.6000000194,370526.64000001946,0.0,1,3,6907.5
2025-10-28,520736.03000001947,520497.89000001946,520496.64000001946,370649.78000001947,86.25,2,2,6938.0
2025-10-29,521741.0900000195,519997.9200000195,519879.1700000195,371267.3400000195,473.75,4,5,6946.5
2025-10-30,521696.12000001955,519371.12000001955,519233.62000001955,371263.62000001955,432.5,10,10,6900.25
2025-10-31,520537.38000001956,518859.25000001956,518812.38000001956,371262.38000001956,-725.0,12,12,6872.25
2025-11-02,521392.38000001956,521047.38000001956,520807.38000001956,371262.38000001956,130.0,12,12,6886.5
2025-11-03,519202.38000001956,519007.38000001956,518962.38000001956,371262.38000001956,-2060.0,12,12,6850.0
2025-11-04,515075.5200000196,512338.0200000196,512244.2700000196,371260.5200000196,-6185.0,15,15,6786.25
2025-11-05,518259.9000000196,514100.5200000196,513988.0200000196,371259.9000000196,-3000.0,16,16,6826.5
2025-11-06,511659.9400000196,509919.9400000196,509499.9400000196,371254.9400000196,-9595.0,24,24,6750.0
2025-11-07,516641.23000001966,499201.23000001966,499121.23000001966,371249.98000001966,-4608.75,32,32,6765.0
2025-11-09,522561.23000001966,518121.23000001966,517761.23000001966,371249.98000001966,1311.25,32,32,6802.0
2025-11-10,525969.5800000199,521681.23000001966,521641.23000001966,376004.58000001987,-35.0,1,32,6852.25
2025-11-11,526610.2500000199,525691.4700000199,525676.4700000199,376502.7500000199,107.5,2,4,6880.5
2025-11-12,526951.5100000199,526266.5100000199,526236.5100000199,376501.5100000199,450.0,4,4,6887.0
2025-11-13,520868.46000002,520583.46000002,520274.71000002,376492.21000002,-5623.75,19,19,6752.25
2025-11-14,522947.22000002,513182.22000002,512998.47000002,376490.97000002,-3543.75,21,21,6765.25
2025-11-16,525125.97000002,520505.97000002,520348.47000002,376490.97000002,-1365.0,21,21,6786.0
2025-11-17,512062.23000002,509445.98000002,509388.48000002,376489.73000002,-14427.5,23,23,6662.0
2025-11-18,508335.39000002004,503686.01000002003,503272.89000002004,376485.39000002004,-18150.0,30,30,6627.75
2025-11-19,526485.39000002,506422.89000002004,506160.39000002004,376485.39000002004,0.0,30,30,6748.75
2025-11-20,517800.6800000203,512865.6800000203,512515.6800000203,380199.4300000203,-12398.75,28,30,6577.0
2025-11-21,525846.3100000203,510695.6800000203,510520.6800000203,380198.8100000203,-4352.5,29,29,6631.5
2025-11-23,528347.5600000203,526716.3100000203,526643.8100000203,380198.8100000203,-1851.25,29,29,6648.75
2025-11-24,534432.1500000205,525085.0600000203,524903.8100000203,384458.4000000205,-26.25,4,29,6719.5
2025-11-25,536027.8800000206,533338.4200000205,533148.4200000205,385947.8800000206,80.0,1,8,6797.25
2025-11-26,536332.2900000206,535981.6300000206,535967.2700000206,386319.79000002064,12.5,2,2,6829.75
2025-11-27,536384.7900000206,536279.7900000206,536277.2900000206,386319.79000002064,65.0,2,2,6835.0
2025-11-28,536646.0600000207,536369.7900000206,536347.2900000206,386567.31000002066,78.75,2,2,6857.25
2025-11-30,536158.5600000207,536158.5600000207,536153.5600000207,386567.31000002066,-408.75,2,2,6808.5
2025-12-01,536282.9400000207,536101.0600000207,536093.5600000207,386566.69000002067,-283.75,3,3,6820.25
2025-12-02,536796.6900000207,536189.1900000207,536162.9400000207,386566.69000002067,230.0,3,3,6854.5
2025-12-03,536932.9600000207,536279.1900000207,536241.6900000207,386940.4600000207,-7.5,1,3,6862.75
2025-12-04,537629.2300000207,536610.4800000207,536535.4800000207,386937.9800000207,691.25,5,5,6880.0
2025-12-05,537648.6500000207,537079.2300000207,537047.9800000207,387561.15000002075,87.5,4,5,6879.5
2025-12-07,537873.6500000207,537518.6500000207,537513.6500000207,387561.15000002075,312.5,4,4,6890.75
2025-12-08,537561.8000000208,536462.4200000208,536402.4200000208,387558.05000002077,3.75,9,9,6861.25
2025-12-09,537111.8000000208,536729.3000000208,536706.8000000208,387558.05000002077,-446.25,9,9,6851.25
2025-12-10,538638.7700000209,536301.8000000208,536189.3000000208,389176.27000002086,-537.5,2,9,6837.25
2025-12-11,540123.2200000209,538318.1700000209,538256.9200000209,390169.4700000209,-46.25,1,7,6904.25
2025-12-12,538465.780000021,536727.030000021,536613.280000021,390162.030000021,-1696.25,13,13,6833.5
2025-12-14,539473.280000021,537572.030000021,537507.030000021,390162.030000021,-688.75,13,13,6849.0
2025-12-15,535849.660000021,535085.910000021,535037.160000021,390129.660000021,-4280.0,13,13,6851.0
2025-12-16,535781.580000021,532785.950000021,532575.950000021,390124.08000002103,-4342.5,22,22,6846.75
2025-12-17,529254.7400000211,526898.4900000211,526753.4900000211,390119.74000002106,-10865.0,29,29,6788.75
2025-12-18,535852.2400000211,528058.4900000211,528058.4900000211,390119.74000002106,-4267.5,29,29,6834.25
2025-12-19,543815.5200000212,533967.2400000211,533858.4900000211,393735.5200000212,80.0,2,29,6893.5
2025-12-21,543930.5200000212,543888.0200000212,543885.5200000212,393735.5200000212,195.0,2,2,6905.0
2025-12-22,544171.7900000212,543895.5200000212,543893.0200000212,394093.0400000212,78.75,2,2,6926.0
2025-12-23,544812.4700000213,544051.7900000212,544044.2900000212,394838.7200000213,-26.25,1,4,6953.5
2025-12-24,544938.1100000213,544808.7200000213,544807.4700000213,394961.8600000213,-23.75,2,2,6980.0
2025-12-25,544953.1100000213,544940.6100000213,544933.1100000213,394961.8600000213,-8.75,2,2,6981.5
2025-12-26,544923.7400000213,544818.7400000213,544803.7400000213,394961.2400000213,-37.5,3,3,6977.0
2025-12-28,544927.4900000213,544863.7400000213,544859.9900000213,394961.2400000213,-33.75,3,3,6977.25
2025-12-29,544760.6300000213,544190.6300000213,544145.6300000213,394959.3800000213,-198.75,6,6,6956.5
2025-12-30,544123.1300000213,543943.1300000213,543913.1300000213,394959.3800000213,-836.25,6,6,6935.25
2025-12-31,541942.5500000214,541794.4200000213,541689.4200000213,394953.80000002135,-3011.25,15,15,6893.75
2026-01-01,544080.0500000214,542261.3000000214,542186.3000000214,394953.80000002135,-873.75,15,15,6922.25
2026-01-02,542913.8200000214,539780.6900000214,539713.1900000214,394951.32000002137,-2037.5,19,19,6900.5
2026-01-04,543958.8200000214,542961.3200000214,542818.8200000214,394951.32000002137,-992.5,19,19,6911.5
2026-01-05,547501.4300000215,543483.8200000214,543436.3200000214,397317.6800000215,183.75,3,19,6954.0
2026-01-06,548063.9800000215,547160.1800000215,547156.4300000215,398061.4800000215,2.5,1,3,6984.75
2026-01-07,546971.5400000216,546915.2900000216,546904.0400000216,398304.0400000216,-1332.5,9,9,6954.75
2026-01-08,547402.8000000216,546105.2900000216,546094.0400000216,398302.8000000216,-900.0,11,11,6961.5
2026-01-09,549677.8600000216,547141.5500000216,547086.5500000216,399677.86000002164,0.0,1,11,7004.0
2026-01-11,549491.6100000216,549481.6100000216,549477.8600000216,399677.86000002164,-186.25,1,1,6966.75
2026-01-12,549891.6300000217,549410.3600000216,549407.8600000216,399925.38000002166,-33.75,1,2,7008.75
2026-01-13,549742.2800000217,549344.7800000217,549329.7800000217,399922.2800000217,-180.0,6,6,6990.5
2026-01-14,549113.5700000217,546821.6900000217,546733.5700000217,399917.3200000217,-803.75,14,14,6957.25
2026-01-15,553053.6700000218,549096.0700000217,549078.5700000217,402706.1700000218,347.5,6,14,7002.5
2026-01-16,552414.9300000218,551744.9300000218,551724.9300000218,402704.9300000218,-290.0,8,8,6977.75
2026-01-18,549884.9300000218,549884.9300000218,549744.9300000218,402704.9300000218,-2820.0,8,8,6914.5
2026-01-19,549394.9300000218,548824.9300000218,548804.9300000218,402704.9300000218,-3310.0,8,8,6902.25
2026-01-20,547150.6100000219,544680.6100000219,544538.1100000219,402698.1100000219,-5547.5,19,19,6849.75
2026-01-21,555290.110000022,543896.8600000219,543801.8600000219,405067.610000022,222.5,6,19,6929.5
2026-01-22,556435.790000022,554750.110000022,554742.610000022,406070.79000002204,365.0,5,6,6958.5
2026-01-23,555851.420000022,555623.290000022,555588.920000022,406070.17000002204,-218.75,6,6,6933.75
2026-01-25,555663.920000022,554591.420000022,554208.920000022,406070.17000002204,-406.25,6,6,6927.5
2026-01-26,557162.1000000221,555521.420000022,555491.420000022,406944.6000000221,217.5,3,6,7000.75
2026-01-27,557497.7500000221,556974.6000000221,556974.6000000221,407316.5000000221,181.25,2,3,7027.0
2026-01-28,557715.8900000221,556878.3900000221,556759.6400000221,407314.64000002213,401.25,5,5,7015.5
2026-01-29,559214.7800000223,552705.3200000222,552645.3200000222,409314.78000002226,-100.0,1,16,6964.75
2026-01-30,559681.0700000223,557824.8200000223,557768.5700000223,409309.8200000223,371.25,9,9,6961.25
2026-02-01,556857.3200000223,555788.5700000223,555732.3200000223,409309.8200000223,-2452.5,9,9,6898.5
2026-02-02,561179.9100000224,555406.0700000223,555327.3200000223,410801.1600000224,378.75,3,9,7021.75
2026-02-03,560727.4800000224,555776.2300000224,555733.7300000224,410792.48000002245,-65.0,17,17,6945.0
2026-02-04,557737.5000000225,553800.0000000225,553432.5000000225,410790.00000002247,-3052.5,21,21,6903.5
2026-02-05,543951.2900000225,539311.2900000225,538948.7900000225,410785.0400000225,-16833.75,29,29,6786.0
2026-02-06,564637.0900000227,543480.0400000225,543407.5400000225,414660.84000002267,-23.75,2,29,6945.75
2026-02-08,564767.0900000227,564752.0900000227,564747.0900000227,414660.84000002267,106.25,2,2,6958.75
2026-02-09,565256.5200000227,564399.5900000227,564389.5900000227,415281.5200000227,-25.0,3,3,6984.0
2026-02-10,565430.2900000227,564669.6600000227,564642.7900000227,415279.04000002274,151.25,7,7,6979.5
2026-02-11,566792.8900000228,563786.6400000228,563591.6400000228,416257.89000002283,535.0,13,13,6980.25
2026-02-12,556022.9500000229,554991.7000000229,554835.4500000229,416250.4500000229,-10227.5,25,25,6849.75
2026-02-13,555768.5900000229,551710.4600000229,550658.5900000229,416248.5900000229,-10480.0,28,28,6845.25
2026-02-15,558078.5900000229,555803.5900000229,555628.5900000229,416248.5900000229,-8170.0,28,28,6861.75
2026-02-16,552583.5900000229,551638.5900000229,551358.5900000229,416248.5900000229,-13665.0,28,28,6822.5
2026-02-17,561373.6100000229,548095.4800000229,547973.6100000229,416246.1100000229,-4872.5,32,32,6874.75
2026-02-18,564413.6100000229,559813.6100000229,559253.6100000229,416246.1100000229,-1832.5,32,32,6893.75
2026-02-19,563613.6100000229,557413.6100000229,557053.6100000229,416246.1100000229,-2632.5,32,32,6888.75
2026-02-20,570310.0400000231,557333.6100000229,556973.6100000229,420231.2900000231,78.75,4,32,6924.75
2026-02-22,569230.0400000231,569190.0400000231,569165.0400000231,420231.2900000231,-1001.25,4,4,6870.75
2026-02-23,569475.1000000231,566375.1000000231,566295.1000000231,420223.85000002314,-748.75,16,16,6872.5
2026-02-24,572295.8200000232,566335.1000000231,565955.1000000231,422223.32000002323,72.5,3,16,6906.0
2026-02-25,572843.3600000233,572228.3200000232,572220.8200000232,422905.86000002327,-62.5,1,3,6948.5
2026-02-26,571662.8000000233,569878.4200000233,569715.9200000233,422897.80000002333,-1235.0,14,14,6898.75
2026-02-27,570492.8200000233,567568.4400000233,567462.1900000233,422895.32000002335,-2402.5,18,18,6875.25
2026-03-01,566510.3200000233,564665.3200000233,564552.8200000233,422895.32000002335,-6385.0,18,18,6831.0
2026-03-02,567079.7000000234,561042.8200000233,560885.3200000233,422894.70000002335,-5815.0,19,19,6836.25
2026-03-03,565014.1200000234,554794.1200000234,554549.1200000234,422889.1200000234,-7875.0,28,28,6793.5
2026-03-04,576346.1500000235,562284.1200000234,562214.1200000234,426369.90000002354,-23.75,3,28,6867.5
2026-03-05,577879.3300000236,573154.3300000236,573014.3300000236,426363.0800000236,1516.25,14,14,6846.5
2026-03-06,570534.3500000236,568621.8500000236,568351.8500000236,426360.6000000236,-5826.25,18,18,6740.0
2026-03-08,558834.3500000236,556674.3500000236,556539.3500000236,426360.6000000236,-17526.25,18,18,6610.0
2026-03-09,579345.8100000238,558766.8500000236,558676.8500000236,429853.3100000238,-507.5,4,26,6772.5
2026-03-10,581255.9000000239,579092.7000000238,579048.9500000238,430844.6500000239,411.25,6,7,6821.5
2026-03-11,576345.9300000239,576000.9300000239,575940.9300000239,430840.9300000239,-4495.0,12,12,6712.5
2026-03-12,575900.350000024,572934.100000024,572671.600000024,430835.35000002396,-4935.0,21,21,6701.75
2026-03-13,567086.010000024,567086.010000024,567051.010000024,430831.010000024,-13745.0,28,28,6625.25
2026-03-15,573771.010000024,565931.010000024,564741.010000024,430831.010000024,-7060.0,28,28,6673.0
2026-03-16,574891.290000024,570936.010000024,570831.010000024,430761.290000024,-5870.0,28,28,6732.0
2026-03-17,584622.7100000242,572686.290000024,572616.290000024,434250.2100000242,372.5,6,28,6797.0
2026-03-18,579875.2700000242,577512.7700000242,577242.7700000242,434242.77000002423,-4367.5,18,18,6683.75
2026-03-19,579176.5300000242,573527.1500000242,573395.2700000242,434241.53000002424,-5065.0,20,20,6670.0
2026-03-20,571881.5900000243,562041.5900000243,561521.5900000243,434234.0900000243,-12352.5,32,32,6588.5
2026-03-22,561681.5900000243,560561.5900000243,558521.5900000243,434234.0900000243,-22552.5,32,32,6524.75
2026-03-23,584798.0600000245,556001.5900000243,555081.5900000243,438214.3100000245,-3416.25,12,32,6602.5
2026-03-24,588464.9500000245,582954.3200000245,582914.9500000245,438212.4500000245,252.5,15,15,6647.5
2026-03-25,589793.8200000246,587714.9500000245,587696.2000000245,440081.3200000246,-287.5,9,15,6639.25
2026-03-26,585633.2600000247,581948.2600000247,581783.2600000247,440073.2600000247,-4440.0,22,22,6552.0
2026-03-27,565674.5600000247,564714.5600000247,564234.5600000247,440067.06000002474,-24392.5,32,32,6398.0
2026-03-29,567474.5600000247,559754.5600000247,559634.5600000247,440067.06000002474,-22592.5,32,32,6409.25
2026-03-30,573034.5600000247,559074.5600000247,558514.5600000247,440067.06000002474,-17032.5,32,32,6444.0
2026-03-31,594207.8600000249,569594.5600000247,569434.5600000247,444052.8600000249,155.0,3,32,6580.0
2026-04-01,591864.200000025,591820.450000025,591811.700000025,445087.950000025,-3223.75,7,7,6537.25
2026-04-02,596453.6700000251,590735.450000025,590691.700000025,446333.6700000251,120.0,6,10,6613.0
2026-04-03,596176.1700000251,596018.6700000251,596011.1700000251,446333.6700000251,-157.5,6,6,6603.75
2026-04-05,596431.1700000251,595111.1700000251,595073.6700000251,446333.6700000251,97.5,6,6,6612.25
2026-04-06,597013.1200000251,596431.1700000251,596401.1700000251,447325.62000002514,-312.5,5,6,6622.75
2026-04-07,601238.9100000253,595134.4000000252,595051.9000000252,449573.9100000253,1665.0,2,11,6815.25
2026-04-08,602417.7900000254,600352.7100000253,600272.7100000253,452489.0400000254,-71.25,6,9,6809.75
2026-04-09,603576.6000000255,601907.7900000254,601900.2900000254,453486.6000000255,90.0,2,6,6866.75
2026-04-10,603649.1400000255,603184.1400000255,603124.1400000255,453731.6400000255,-82.5,6,6,6863.75
2026-04-12,601796.6400000255,600769.1400000255,600746.6400000255,453731.6400000255,-1935.0,6,6,6802.0
2026-04-13,605206.1000000256,601744.1400000255,601714.1400000255,455096.1000000256,110.0,1,8,6924.5
2026-04-14,605619.8800000256,605184.8500000256,605184.8500000256,455517.3800000256,102.5,1,1,7010.25
2026-04-15,606336.1900000257,605532.3800000256,605527.3800000256,456261.1900000257,75.0,1,3,7071.75
2026-04-16,606715.6000000257,606222.4400000257,606196.8200000257,456508.1000000257,207.5,4,4,7078.25
2026-04-17,607874.4100000258,606660.6000000257,606655.6000000257,457813.16000002576,61.25,4,4,7164.25
2026-04-19,606974.4100000258,606394.4100000258,606289.4100000258,457813.16000002576,-838.75,4,4,7119.25
2026-04-20,608276.3100000258,606746.9300000258,606696.9300000258,457810.0600000258,466.25,9,9,7156.75
2026-04-21,609237.0500000259,606017.0500000259,605614.5500000259,458925.8000000259,311.25,14,14,7136.75
2026-04-22,610281.510000026,608764.5500000259,608659.5500000259,460679.01000002597,-397.5,3,14,7126.5
2026-04-23,611650.9800000261,607072.850000026,606866.600000026,461042.23000002606,608.75,16,16,7139.25
2026-04-24,613936.1000000262,611550.9800000261,611350.9800000261,463852.35000002617,83.75,2,16,7195.75
2026-04-26,614008.6000000262,613701.1000000262,613693.6000000262,463852.35000002617,156.25,2,2,7203.0
2026-04-27,614233.6300000262,613766.1000000262,613748.6000000262,464224.8800000262,8.75,2,3,7208.25
2026-04-28,614371.7700000262,613496.7700000262,613459.2700000262,464223.0200000262,148.75,5,5,7182.75
2026-04-29,614256.1500000262,613101.1500000262,613018.6500000262,464222.4000000262,33.75,6,6,7172.5
2026-04-30,616471.2900000263,613116.1500000262,613093.6500000262,466311.29000002635,160.0,2,6,7260.75
2026-05-01,615489.4800000264,615354.4800000264,615174.4800000264,466678.2300000264,-1188.75,9,9,7247.75
2026-05-03,616333.2300000264,615826.9800000264,615781.9800000264,466678.2300000264,-345.0,9,9,7266.5
2026-05-04,615488.8800000264,613126.3800000264,612601.3800000264,466675.13000002643,-1186.25,14,14,7240.75
2026-05-05,618899.5900000265,615191.3800000264,615138.8800000264,468418.3400000265,481.25,3,14,7307.75
2026-05-06,619543.3800000265,618869.5900000265,618839.5900000265,469489.63000002655,53.75,1,3,7390.75
2026-05-07,619447.1800000266,617950.9300000266,617557.1800000266,469608.4300000266,-161.25,9,9,7378.25
2026-05-08,620794.7300000266,619334.6800000266,619312.1800000266,470734.73000002664,60.0,1,9,7420.5
2026-05-10,620749.7300000266,620645.9800000266,620644.7300000266,470734.73000002664,15.0,1,1,7411.5
2026-05-11,620681.0300000267,620337.2800000267,620331.0300000267,471103.5300000267,-422.5,5,5,7425.25
2026-05-12,622904.2800000268,618213.5700000267,618164.8200000267,472720.5300000268,183.75,4,13,7434.75
2026-05-13,623598.7100000269,622158.0400000268,622098.0400000268,473589.96000002685,8.75,1,6,7472.25
2026-05-14,623843.7500000269,623594.9600000269,623592.4600000269,473961.2500000269,-117.5,3,3,7506.0
2026-05-15,622104.4100000269,621756.2800000269,621677.5300000269,473956.9100000269,-1852.5,10,10,7418.0
2026-05-17,620516.9100000269,619991.9100000269,619954.4100000269,473956.9100000269,-3440.0,10,10,7386.25
2026-05-18,622401.310000027,619553.180000027,619500.680000027,473953.81000002695,-1552.5,15,15,7412.25
2026-05-19,618897.570000027,618175.070000027,617941.320000027,473952.57000002696,-5055.0,17,17,7365.5
2026-05-20,626235.1800000271,618642.570000027,618621.320000027,476066.43000002706,168.75,5,17,7444.0
2026-05-21,627920.9000000271,625370.1900000271,625273.9400000271,477185.90000002715,735.0,6,7,7488.25
2026-05-22,628258.5100000273,627388.4000000271,627358.4000000271,478779.76000002725,-521.25,6,6,7484.25
2026-05-24,630418.5100000273,629503.5100000273,629241.0100000273,478779.76000002725,1638.75,6,6,7556.25
2026-05-25,629953.5100000273,629706.0100000273,629683.5100000273,478779.76000002725,1173.75,6,6,7540.75
2026-05-26,629997.3100000273,629548.5100000273,629488.5100000273,479737.3100000273,260.0,4,6,7539.25
2026-05-27,630297.3100000273,629537.3100000273,629512.3100000273,479737.3100000273,560.0,4,4,7554.25
