dt,equity,qty,realized,unrealized
2019-05-05,150000.0,0,0.0,0.0
2019-05-06,150042.52,2,122.51999999999998,-80.0
2019-05-07,150158.19,11,116.93999999999994,41.25
2019-05-08,149030.69,11,116.93999999999994,-1086.25
2019-05-09,148648.21,15,114.45999999999992,-1466.25
2019-05-10,151278.22,17,113.21999999999991,1165.0
2019-05-12,148728.22,17,113.21999999999991,-1385.0
2019-05-13,145854.49,21,110.7399999999999,-4256.25
2019-05-14,148190.74,21,110.7399999999999,-1920.0
2019-05-15,148453.24,21,110.7399999999999,-1657.5
2019-05-16,152573.36,21,2743.3600000000006,-170.0
2019-05-17,152483.99,4,2742.7400000000007,-258.75
2019-05-19,152668.99,4,2742.7400000000007,-73.75
2019-05-20,152567.75,6,2741.500000000001,-173.75
2019-05-21,152882.75,6,2741.500000000001,141.25
2019-05-22,152282.75,6,2741.500000000001,-458.75
2019-05-23,151915.9,11,2738.4000000000015,-822.5
2019-05-24,152094.65,11,2738.4000000000015,-643.75
2019-05-26,152025.9,11,2738.4000000000015,-712.5
2019-05-27,152479.65,11,2738.4000000000015,-258.75
2019-05-28,150140.28,12,2737.7800000000016,-2597.5
2019-05-29,149639.05,16,2735.300000000002,-3096.25
2019-05-30,148699.05,16,2735.300000000002,-4036.25
2019-05-31,146952.19,19,2733.4400000000023,-5781.25
2019-06-02,145622.19,19,2733.4400000000023,-7111.25
2019-06-03,147295.96,23,2730.9600000000028,-5435.0
2019-06-04,154109.71,23,2730.9600000000028,1378.75
2019-06-05,155619.83000000002,23,5618.580000000005,1.25
2019-06-06,155739.22,2,5741.720000000006,-2.5
2019-06-07,155997.36000000002,2,5989.860000000006,7.5
2019-06-09,156024.86000000002,1,5989.860000000006,35.0
2019-06-10,156114.26,4,6111.760000000007,2.5
2019-06-11,155957.39,5,6111.140000000007,-153.75
2019-06-12,155730.52000000002,6,6110.520000000007,-380.0
2019-06-13,156330.52000000002,6,6110.520000000007,220.0
2019-06-14,156180.52000000002,6,6110.520000000007,70.0
2019-06-16,156353.08000000002,6,6095.580000000007,257.5
2019-06-17,156150.58000000002,6,6095.580000000007,55.0
2019-06-18,156877.49000000002,6,6843.740000000008,33.75
2019-06-19,156962.49000000002,1,6843.740000000008,118.75
2019-06-20,157100.02000000002,5,7036.270000000009,63.75
2019-06-21,157006.27000000002,5,7036.270000000009,-30.0
2019-06-23,157318.77000000002,5,7036.270000000009,282.5
2019-06-24,156943.77000000002,5,7036.270000000009,-92.5
2019-06-25,156316.91,8,7034.410000000009,-717.5
2019-06-26,156508.79,9,7033.790000000009,-525.0
2019-06-27,156745.04,9,7033.790000000009,-288.75
2019-06-28,157701.29,9,7033.790000000009,667.5
2019-06-30,158410.04,9,7033.790000000009,1376.25
2019-07-01,158833.86000000002,9,8828.860000000004,5.0
2019-07-02,158965.11000000002,5,8828.860000000004,136.25
2019-07-03,159471.39,5,9455.14,16.25
2019-07-04,159490.14,1,9455.14,35.0
2019-07-05,159589.53,4,9453.279999999997,136.25
2019-07-07,159449.53,4,9453.279999999997,-3.75
2019-07-08,159079.53,4,9453.279999999997,-373.75
2019-07-09,159467.66,5,9452.659999999996,15.0
2019-07-10,160204.58,5,10074.579999999989,130.0
2019-07-11,160324.58,4,10074.579999999989,250.0
2019-07-12,160384.58,4,10074.579999999989,310.0
2019-07-14,160459.58,4,10074.579999999989,385.0
2019-07-15,160494.58,4,10074.579999999989,420.0
2019-07-16,160264.58,4,10074.579999999989,190.0
2019-07-17,159626.46,5,10073.959999999988,-447.5
2019-07-18,160457.09,6,10073.339999999987,383.75
2019-07-19,159399.59,6,10073.339999999987,-673.75
2019-07-21,159564.59,6,10073.339999999987,-508.75
2019-07-22,160022.09,6,10073.339999999987,-51.25
2019-07-23,160502.09,6,10073.339999999987,428.75
2019-07-24,160838.99999999997,6,10820.249999999982,18.75
2019-07-25,160898.38999999998,4,10818.38999999998,80.0
2019-07-26,161078.38999999998,4,10818.38999999998,260.0
2019-07-28,161043.38999999998,4,10818.38999999998,225.0
2019-07-29,161123.38999999998,4,10818.38999999998,305.0
2019-07-30,160993.38999999998,4,10818.38999999998,175.0
2019-07-31,160470.91999999998,10,10814.669999999975,-343.75
2019-08-01,158397.80999999997,13,10812.809999999972,-2415.0
2019-08-02,157933.45999999996,18,10809.709999999968,-2876.25
2019-08-04,154715.95999999996,18,10809.709999999968,-6093.75
2019-08-05,148462.23999999996,24,10805.989999999963,-12343.75
2019-08-06,151042.23999999996,24,10805.989999999963,-9763.75
2019-08-07,154912.23999999996,24,10805.989999999963,-5893.75
2019-08-08,158962.23999999996,24,10805.989999999963,-1843.75
2019-08-09,158512.23999999996,24,10805.989999999963,-2293.75
2019-08-11,158662.23999999996,24,10805.989999999963,-2143.75
2019-08-12,153832.23999999996,24,10805.989999999963,-6973.75
2019-08-13,158902.23999999996,24,10805.989999999963,-1903.75
2019-08-14,149422.23999999996,24,10805.989999999963,-11383.75
2019-08-15,151702.23999999996,24,10805.989999999963,-9103.75
2019-08-16,154642.23999999996,24,10805.989999999963,-6163.75
2019-08-18,156352.23999999996,24,10805.989999999963,-4453.75
2019-08-19,158872.23999999996,24,10805.989999999963,-1933.75
2019-08-20,156412.23999999996,24,10805.989999999963,-4393.75
2019-08-21,158842.23999999996,24,10805.989999999963,-1963.75
2019-08-22,159502.23999999996,24,10805.989999999963,-1303.75
2019-08-23,149842.23999999996,24,10805.989999999963,-10963.75
2019-08-25,148522.23999999996,24,10805.989999999963,-12283.75
2019-08-26,153562.23999999996,24,10805.989999999963,-7243.75
2019-08-27,152692.23999999996,24,10805.989999999963,-8113.75
2019-08-28,153232.23999999996,24,10805.989999999963,-7573.75
2019-08-29,159652.23999999996,24,10805.989999999963,-1153.75
2019-08-30,158512.23999999996,24,10805.989999999963,-2293.75
2019-09-01,157072.23999999996,24,10805.989999999963,-3733.75
2019-09-02,156622.23999999996,24,10805.989999999963,-4183.75
2019-09-03,157402.23999999996,24,10805.989999999963,-3403.75
2019-09-04,163732.23999999996,24,10805.989999999963,2926.25
2019-09-05,163860.48999999993,24,13806.739999999943,53.75
2019-09-06,163882.98999999993,1,13806.739999999943,76.25
2019-09-08,163896.73999999993,1,13806.739999999943,90.0
2019-09-09,163851.73999999993,1,13806.739999999943,45.0
2019-09-10,163946.11999999994,2,13806.119999999943,140.0
2019-09-11,164178.00999999995,2,14054.25999999994,123.75
2019-09-12,164220.52999999994,3,14176.779999999937,43.75
2019-09-13,164093.02999999994,3,14176.779999999937,-83.75
2019-09-15,163834.30999999994,3,14169.309999999938,-335.0
2019-09-16,163952.43999999994,4,14168.689999999937,-216.25
2019-09-17,164037.43999999994,4,14168.689999999937,-131.25
2019-09-18,164056.19999999992,6,14167.449999999935,-111.25
2019-09-19,164401.19999999992,6,14167.449999999935,233.75
2019-09-20,163756.19999999992,6,14167.449999999935,-411.25
2019-09-22,164116.19999999992,6,14167.449999999935,-51.25
2019-09-23,164213.69999999992,6,14167.449999999935,46.25
2019-09-24,163504.33999999994,9,14165.589999999933,-661.25
2019-09-25,163929.96999999994,10,14164.969999999932,-235.0
2019-09-26,163567.46999999994,10,14164.969999999932,-597.5
2019-09-27,163276.84999999992,11,14164.349999999931,-887.5
2019-09-29,163744.34999999992,11,14164.349999999931,-420.0
2019-09-30,164473.09999999992,11,14164.349999999931,308.75
2019-10-01,161976.85999999993,13,14163.10999999993,-2186.25
2019-10-02,157855.0299999999,22,14157.529999999922,-6302.5
2019-10-03,160407.53999999992,24,14156.28999999992,-3748.75
2019-10-04,165567.53999999992,24,14156.28999999992,1411.25
2019-10-06,163977.53999999992,24,14156.28999999992,-178.75
2019-10-07,165117.53999999992,24,14156.28999999992,961.25
2019-10-08,159537.53999999992,24,14156.28999999992,-4618.75
2019-10-09,161097.53999999992,24,14156.28999999992,-3058.75
2019-10-10,165537.53999999992,24,14156.28999999992,1381.25
2019-10-11,167693.9199999999,24,17681.419999999907,12.5
2019-10-13,167771.4199999999,2,17681.419999999907,90.0
2019-10-14,167711.4199999999,2,17681.419999999907,30.0
2019-10-15,167894.5599999999,2,17929.55999999991,-35.0
2019-10-16,167903.93999999992,2,17928.93999999991,-25.0
2019-10-17,167946.43999999992,2,17928.93999999991,17.5
2019-10-18,167990.19999999992,4,17927.699999999913,62.5
2019-10-20,168115.19999999992,4,17927.699999999913,187.5
2019-10-21,168445.19999999992,4,17927.699999999913,517.5
2019-10-22,168025.86999999994,5,18424.619999999923,-398.75
2019-10-23,168494.61999999994,5,18424.619999999923,70.0
2019-10-24,168457.11999999994,5,18424.619999999923,32.5
2019-10-25,168844.61999999994,5,18424.619999999923,420.0
2019-10-27,168982.11999999994,5,18424.619999999923,557.5
2019-10-28,169182.14999999994,5,19172.14999999993,10.0
2019-10-29,169159.64999999994,1,19172.14999999993,-12.5
2019-10-30,169413.40999999992,3,19170.90999999993,242.5
2019-10-31,169440.28999999992,4,19170.28999999993,270.0
2019-11-01,169708.43999999994,4,19667.189999999937,41.25
2019-11-03,169743.43999999994,1,19667.189999999937,76.25
2019-11-04,169837.20999999993,3,19797.20999999994,40.0
2019-11-05,169679.70999999993,3,19797.20999999994,-117.5
2019-11-06,169729.08999999994,4,19796.589999999942,-67.5
2019-11-07,169849.08999999994,4,19796.589999999942,52.5
2019-11-08,170119.08999999994,4,19796.589999999942,322.5
2019-11-10,169934.08999999994,4,19796.589999999942,137.5
2019-11-11,169979.08999999994,4,19796.589999999942,182.5
2019-11-12,170079.12999999995,4,20294.12999999995,-215.0
2019-11-13,170327.25999999995,5,20293.50999999995,33.75
2019-11-14,170714.75999999995,5,20293.50999999995,421.25
2019-11-15,170932.28999999995,5,20917.289999999957,15.0
2019-11-17,170921.03999999995,1,20917.289999999957,3.75
2019-11-18,170957.28999999995,1,20917.289999999957,40.0
2019-11-19,170906.03999999995,1,20917.289999999957,-11.25
2019-11-20,170827.30999999997,5,20914.80999999996,-87.5
2019-11-21,171002.30999999997,5,20914.80999999996,87.5
2019-11-22,171102.30999999997,5,20914.80999999996,187.5
2019-11-24,171252.30999999997,5,20914.80999999996,337.5
2019-11-25,171561.08999999997,5,21536.089999999967,25.0
2019-11-26,171617.33999999997,1,21536.089999999967,81.25
2019-11-27,171613.59999999998,1,21659.84999999997,-46.25
2019-11-28,171613.59999999998,1,21659.84999999997,-46.25
2019-11-29,171594.86,3,21658.60999999997,-63.75
2019-12-01,171737.36,3,21658.60999999997,78.75
2019-12-02,171089.25999999998,8,21655.509999999977,-566.25
2019-12-03,170201.77,10,21654.26999999998,-1452.5
2019-12-04,171051.77,10,21654.26999999998,-602.5
2019-12-05,171564.27,10,21654.26999999998,-90.0
2019-12-06,172897.44999999998,10,22907.44999999999,-10.0
2019-12-08,172872.44999999998,1,22907.44999999999,-35.0
2019-12-09,172809.34,4,22905.589999999993,-96.25
2019-12-10,172793.72,5,22904.969999999994,-111.25
2019-12-11,173112.47,5,22904.969999999994,207.5
2019-12-12,173888.76,5,23526.260000000002,362.5
2019-12-13,173983.80000000002,5,23898.80000000001,85.0
2019-12-15,174190.1,5,23886.35000000001,303.75
2019-12-16,174518.88,5,24511.380000000016,7.5
2019-12-17,174502.63,1,24511.380000000016,-8.75
2019-12-18,174515.13,1,24511.380000000016,3.75
2019-12-19,174583.88,1,24511.380000000016,72.5
2019-12-20,174646.39,1,24635.140000000018,11.25
2019-12-22,174665.14,1,24635.140000000018,30.0
2019-12-23,174662.64,1,24635.140000000018,27.5
2019-12-24,174656.39,1,24635.140000000018,21.25
2019-12-25,174671.39,1,24635.140000000018,36.25
2019-12-26,174768.89,1,24635.140000000018,133.75
2019-12-27,174657.66000000003,3,24772.66000000002,-115.0
2019-12-29,174766.41000000003,3,24772.66000000002,-6.25
2019-12-30,174512.05000000002,6,24770.800000000025,-258.75
2019-12-31,174882.68000000002,7,24770.180000000026,112.5
2020-01-01,175013.93000000002,7,24770.180000000026,243.75
2020-01-02,175540.22000000003,7,25647.720000000034,-107.5
2020-01-03,175577.10000000003,2,25647.100000000035,-70.0
2020-01-05,175502.10000000003,2,25647.100000000035,-145.0
2020-01-06,175933.98000000004,3,25646.480000000036,287.5
2020-01-07,175502.73000000004,3,25646.480000000036,-143.75
2020-01-08,176082.13000000003,3,26020.88000000004,61.25
2020-01-09,176284.63000000003,2,26020.88000000004,263.75
2020-01-10,176067.79000000004,5,26267.790000000048,-200.0
2020-01-12,176317.79000000004,5,26267.790000000048,50.0
2020-01-13,176717.79000000004,5,26267.790000000048,450.0
2020-01-14,176499.04000000004,5,26267.790000000048,231.25
2020-01-15,177011.58000000005,5,26887.830000000056,123.75
2020-01-16,177269.10000000006,3,27260.35000000006,8.75
2020-01-17,177297.85000000006,1,27260.35000000006,37.5
2020-01-19,177311.60000000006,1,27260.35000000006,51.25
2020-01-20,177237.85000000006,1,27260.35000000006,-22.5
2020-01-21,177352.85000000006,1,27260.35000000006,92.5
2020-01-22,177261.60000000006,1,27260.35000000006,1.25
2020-01-23,177544.11000000007,3,27259.110000000062,285.0
2020-01-24,176967.88000000006,7,27256.630000000067,-288.75
2020-01-26,175944.13000000006,7,27256.630000000067,-1312.5
2020-01-27,175812.26000000007,8,27256.010000000068,-1443.75
2020-01-28,177122.26000000007,8,27256.010000000068,-133.75
2020-01-29,175732.26000000007,8,27256.010000000068,-1523.75
2020-01-30,177382.26000000007,8,27256.010000000068,126.25
2020-01-31,174725.40000000008,11,27254.15000000007,-2528.75
2020-02-02,175729.15000000008,11,27254.15000000007,-1525.0
2020-02-03,176719.15000000008,11,27254.15000000007,-535.0
2020-02-04,178606.71000000008,11,28622.960000000083,-16.25
2020-02-05,179404.8600000001,4,28766.110000000088,638.75
2020-02-06,179249.8900000001,4,29266.140000000094,-16.25
2020-02-07,179014.90000000008,4,29264.900000000096,-250.0
2020-02-09,179074.90000000008,4,29264.900000000096,-190.0
2020-02-10,180020.5300000001,5,29264.280000000097,756.25
2020-02-11,180161.8200000001,5,30109.320000000105,52.5
2020-02-12,180210.5700000001,3,30109.320000000105,101.25
2020-02-13,180461.8200000001,3,30109.320000000105,352.5
2020-02-14,180405.5700000001,3,30109.320000000105,296.25
2020-02-16,180506.8200000001,3,30109.320000000105,397.5
2020-02-17,180285.5700000001,3,30109.320000000105,176.25
2020-02-18,180379.3200000001,3,30109.320000000105,270.0
2020-02-19,180463.0900000001,3,30481.84000000011,-18.75
2020-02-20,180114.3700000001,7,30478.120000000115,-363.75
2020-02-21,179462.51000000013,10,30476.26000000012,-1013.75
2020-02-23,177300.01000000013,10,30476.26000000012,-3176.25
2020-02-24,175834.41000000012,15,30473.160000000124,-4638.75
2020-02-25,166508.83000000013,24,30467.580000000133,-13958.75
2020-02-26,155918.83000000013,24,30467.580000000133,-24548.75
2020-02-27,154628.83000000013,24,30467.580000000133,-25838.75
2020-03-01,138938.83000000013,24,30467.580000000133,-41528.75
2020-03-03,152408.83000000013,24,30467.580000000133,-28058.75
2020-03-04,159278.83000000013,24,30467.580000000133,-21188.75
2020-03-05,146168.83000000013,24,30467.580000000133,-34298.75
2020-03-06,144278.83000000013,24,30467.580000000133,-36188.75
2020-03-08,126908.83000000013,24,30467.580000000133,-53558.75
2020-03-09,126878.83000000013,24,30467.580000000133,-53588.75
2020-03-10,126128.83000000013,24,30467.580000000133,-54338.75
2020-03-11,102968.83000000013,24,30467.580000000133,-77498.75
2020-03-12,76538.83000000013,24,30467.580000000133,-103928.75
2020-03-13,108398.83000000013,24,30467.580000000133,-72068.75
2020-03-15,96728.83000000013,24,30467.580000000133,-83738.75
2020-03-16,88149.07000000012,24,30407.820000000134,-92258.75
2020-03-17,78249.07000000012,24,30407.820000000134,-102158.75
2020-03-18,64239.07000000012,24,30407.820000000134,-116168.75
2020-03-19,74709.07000000012,24,30407.820000000134,-105698.75
2020-03-20,61959.07000000012,24,30407.820000000134,-118448.75
2020-03-22,53799.07000000012,24,30407.820000000134,-126608.75
2020-03-23,63279.07000000012,24,30407.820000000134,-117128.75
2020-03-24,78459.07000000012,24,30407.820000000134,-101948.75
2020-03-25,84789.07000000012,24,30407.820000000134,-95618.75
2020-03-26,99459.07000000012,24,30407.820000000134,-80948.75
2020-03-27,92289.07000000012,24,30407.820000000134,-88118.75
2020-03-29,91479.07000000012,24,30407.820000000134,-88928.75
2020-03-30,104019.07000000012,24,30407.820000000134,-76388.75
2020-03-31,93309.07000000012,24,30407.820000000134,-87098.75
2020-04-01,87669.07000000012,24,30407.820000000134,-92738.75
2020-04-02,88839.07000000012,24,30407.820000000134,-91568.75
2020-04-03,87519.07000000012,24,30407.820000000134,-92888.75
2020-04-05,97869.07000000012,24,30407.820000000134,-82538.75
2020-04-06,105069.07000000012,24,30407.820000000134,-75338.75
2020-04-07,107469.07000000012,24,30407.820000000134,-72938.75
2020-04-08,117849.07000000012,24,30407.820000000134,-62558.75
2020-04-09,124329.07000000012,24,30407.820000000134,-56078.75
2020-04-12,118599.07000000012,24,30407.820000000134,-61808.75
2020-04-13,125349.07000000012,24,30407.820000000134,-55058.75
2020-04-14,129189.07000000012,24,30407.820000000134,-51218.75
2020-04-15,121059.07000000012,24,30407.820000000134,-59348.75
2020-04-16,134679.07000000012,24,30407.820000000134,-45728.75
2020-04-17,134169.07000000012,24,30407.820000000134,-46238.75
2020-04-19,134439.07000000012,24,30407.820000000134,-45968.75
2020-04-20,124479.07000000012,24,30407.820000000134,-55928.75
2020-04-21,118569.07000000012,24,30407.820000000134,-61838.75
2020-04-22,123039.07000000012,24,30407.820000000134,-57368.75
2020-04-23,121779.07000000012,24,30407.820000000134,-58628.75
2020-04-24,129249.07000000012,24,30407.820000000134,-51158.75
2020-04-26,131049.07000000012,24,30407.820000000134,-49358.75
2020-04-27,132669.07000000012,24,30407.820000000134,-47738.75
2020-04-28,137739.07000000012,24,30407.820000000134,-42668.75
2020-04-29,144759.07000000012,24,30407.820000000134,-35648.75
2020-04-30,133089.07000000012,24,30407.820000000134,-47318.75
2020-05-01,127929.07000000012,24,30407.820000000134,-52478.75
2020-05-03,126579.07000000012,24,30407.820000000134,-53828.75
2020-05-04,130899.07000000012,24,30407.820000000134,-49508.75
2020-05-05,133239.07000000012,24,30407.820000000134,-47168.75
2020-05-06,131949.07000000012,24,30407.820000000134,-48458.75
2020-05-07,139509.07000000012,24,30407.820000000134,-40898.75
2020-05-08,141549.07000000012,24,30407.820000000134,-38858.75
2020-05-10,142929.07000000012,24,30407.820000000134,-37478.75
2020-05-11,138219.07000000012,24,30407.820000000134,-42188.75
2020-05-12,132309.07000000012,24,30407.820000000134,-48098.75
2020-05-13,127359.07000000012,24,30407.820000000134,-53048.75
2020-05-14,131619.07000000012,24,30407.820000000134,-48788.75
2020-05-15,132429.07000000012,24,30407.820000000134,-47978.75
2020-05-17,135369.07000000012,24,30407.820000000134,-45038.75
2020-05-18,142659.07000000012,24,30407.820000000134,-37748.75
2020-05-19,142179.07000000012,24,30407.820000000134,-38228.75
2020-05-20,143979.07000000012,24,30407.820000000134,-36428.75
2020-05-21,140199.07000000012,24,30407.820000000134,-40208.75
2020-05-22,144639.07000000012,24,30407.820000000134,-35768.75
2020-05-24,145329.07000000012,24,30407.820000000134,-35078.75
2020-05-25,149889.07000000012,24,30407.820000000134,-30518.75
2020-05-26,151629.07000000012,24,30407.820000000134,-28778.75
2020-05-27,153849.07000000012,24,30407.820000000134,-26558.75
2020-05-28,153099.07000000012,24,30407.820000000134,-27308.75
2020-05-29,156759.07000000012,24,30407.820000000134,-23648.75
2020-05-31,154239.07000000012,24,30407.820000000134,-26168.75
2020-06-01,154779.07000000012,24,30407.820000000134,-25628.75
2020-06-02,160059.07000000012,24,30407.820000000134,-20348.75
2020-06-03,163149.07000000012,24,30407.820000000134,-17258.75
2020-06-04,164889.07000000012,24,30407.820000000134,-15518.75
2020-06-05,172119.07000000012,24,30407.820000000134,-8288.75
2020-06-07,173139.07000000012,24,30407.820000000134,-7268.75
2020-06-08,176589.07000000012,24,30407.820000000134,-3818.75
2020-06-09,176499.07000000012,24,30407.820000000134,-3908.75
2020-06-10,168429.07000000012,24,30407.820000000134,-11978.75
2020-06-11,155229.07000000012,24,30407.820000000134,-25178.75
2020-06-12,154179.07000000012,24,30407.820000000134,-26228.75
2020-06-14,149619.07000000012,24,30407.820000000134,-30788.75
2020-06-15,163989.31000000014,24,30348.060000000136,-16358.75
2020-06-16,164199.31000000014,24,30348.060000000136,-16148.75
2020-06-17,161559.31000000014,24,30348.060000000136,-18788.75
2020-06-18,163809.31000000014,24,30348.060000000136,-16538.75
2020-06-19,158079.31000000014,24,30348.060000000136,-22268.75
2020-06-21,160659.31000000014,24,30348.060000000136,-19688.75
2020-06-22,164499.31000000014,24,30348.060000000136,-15848.75
2020-06-23,165519.31000000014,24,30348.060000000136,-14828.75
2020-06-24,155349.31000000014,24,30348.060000000136,-24998.75
2020-06-25,159879.31000000014,24,30348.060000000136,-20468.75
2020-06-26,151509.31000000014,24,30348.060000000136,-28838.75
2020-06-28,151659.31000000014,24,30348.060000000136,-28688.75
2020-06-29,157479.31000000014,24,30348.060000000136,-22868.75
2020-06-30,161319.31000000014,24,30348.060000000136,-19028.75
2020-07-01,163869.31000000014,24,30348.060000000136,-16478.75
2020-07-02,166269.31000000014,24,30348.060000000136,-14078.75
2020-07-03,165009.31000000014,24,30348.060000000136,-15338.75
2020-07-05,171069.31000000014,24,30348.060000000136,-9278.75
2020-07-06,171039.31000000014,24,30348.060000000136,-9308.75
2020-07-07,168249.31000000014,24,30348.060000000136,-12098.75
2020-07-08,170859.31000000014,24,30348.060000000136,-9488.75
2020-07-09,167379.31000000014,24,30348.060000000136,-12968.75
2020-07-10,172689.31000000014,24,30348.060000000136,-7658.75
2020-07-12,174189.31000000014,24,30348.060000000136,-6158.75
2020-07-13,169179.31000000014,24,30348.060000000136,-11168.75
2020-07-14,176079.31000000014,24,30348.060000000136,-4268.75
2020-07-15,175659.31000000014,24,30348.060000000136,-4688.75
2020-07-16,175569.31000000014,24,30348.060000000136,-4778.75
2020-07-17,176799.31000000014,24,30348.060000000136,-3548.75
2020-07-19,175749.31000000014,24,30348.060000000136,-4598.75
2020-07-20,181149.31000000014,24,30348.060000000136,801.25
2020-07-21,183533.21000000014,24,33350.710000000145,182.5
2020-07-22,183638.21000000014,6,33350.710000000145,287.5
2020-07-23,181933.23000000013,10,33348.230000000134,-1415.0
2020-07-24,181310.1200000001,13,33346.370000000126,-2036.25
2020-07-26,182398.8700000001,13,33346.370000000126,-947.5
2020-07-27,183325.1200000001,13,33346.370000000126,-21.25
2020-07-28,181781.3700000001,13,33346.370000000126,-1565.0
2020-07-29,184218.8700000001,13,33346.370000000126,872.5
2020-07-30,184901.3700000001,13,33346.370000000126,1555.0
2020-07-31,185995.27000000005,13,35972.77000000005,22.5
2020-08-02,185956.52000000005,1,35972.77000000005,-16.25
2020-08-03,186104.04000000004,3,36095.29000000004,8.75
2020-08-04,186336.54000000004,3,36095.29000000004,241.25
2020-08-05,186536.56000000003,3,36517.81000000003,18.75
2020-08-06,186582.82,1,36641.57000000002,-58.75
2020-08-07,186872.83000000002,3,36640.330000000016,232.5
2020-08-09,186914.08000000002,3,36640.330000000016,273.75
2020-08-10,187083.48,3,37012.23,71.25
2020-08-11,186769.75,6,37009.74999999999,-240.0
2020-08-12,187766.65999999997,6,37755.409999999974,11.25
2020-08-13,187841.03999999998,2,37754.78999999997,86.25
2020-08-14,187751.03999999998,2,37754.78999999997,-3.75
2020-08-16,187828.53999999998,2,37754.78999999997,73.75
2020-08-17,187916.03999999998,2,37754.78999999997,161.25
2020-08-18,188268.56999999995,4,38002.319999999956,266.25
2020-08-19,187523.56999999995,4,38002.319999999956,-478.75
2020-08-20,188376.69999999995,5,38001.69999999995,375.0
2020-08-21,188439.19999999995,5,38001.69999999995,437.5
2020-08-23,188682.94999999995,5,38001.69999999995,681.25
2020-08-24,189560.48999999993,5,39152.98999999993,407.5
2020-08-25,189539.25999999992,3,39528.00999999992,11.25
2020-08-26,189695.5199999999,1,39651.76999999992,43.75
2020-08-27,190431.7999999999,5,39773.0499999999,658.75
2020-08-28,190400.5799999999,5,40396.829999999885,3.75
2020-08-30,190483.0799999999,1,40396.829999999885,86.25
2020-08-31,190404.33999999988,3,40395.58999999988,8.75
2020-09-01,190821.85999999987,3,40769.35999999987,52.5
2020-09-02,191425.65999999986,4,41389.40999999984,36.25
2020-09-03,185116.38999999978,22,41376.38999999979,-6260.0
2020-09-04,182097.6499999998,24,41375.14999999978,-9277.5
2020-09-06,182007.6499999998,24,41375.14999999978,-9367.5
2020-09-07,183657.6499999998,24,41375.14999999978,-7717.5
2020-09-08,173037.6499999998,24,41375.14999999978,-18337.5
2020-09-09,179067.6499999998,24,41375.14999999978,-12307.5
2020-09-10,175317.6499999998,24,41375.14999999978,-16057.5
2020-09-11,172767.6499999998,24,41375.14999999978,-18607.5
2020-09-13,177147.88999999978,24,41315.38999999978,-14167.5
2020-09-14,178857.88999999978,24,41315.38999999978,-12457.5
2020-09-15,181707.88999999978,24,41315.38999999978,-9607.5
2020-09-16,174777.88999999978,24,41315.38999999978,-16537.5
2020-09-17,174687.88999999978,24,41315.38999999978,-16627.5
2020-09-18,171537.88999999978,24,41315.38999999978,-19777.5
2020-09-20,170517.88999999978,24,41315.38999999978,-20797.5
2020-09-21,166137.88999999978,24,41315.38999999978,-25177.5
2020-09-22,169287.88999999978,24,41315.38999999978,-22027.5
2020-09-23,161067.88999999978,24,41315.38999999978,-30247.5
2020-09-24,163557.88999999978,24,41315.38999999978,-27757.5
2020-09-25,167727.88999999978,24,41315.38999999978,-23587.5
2020-09-27,169497.88999999978,24,41315.38999999978,-21817.5
2020-09-28,176007.88999999978,24,41315.38999999978,-15307.5
2020-09-29,171297.88999999978,24,41315.38999999978,-20017.5
2020-09-30,177567.88999999978,24,41315.38999999978,-13747.5
2020-10-01,176877.88999999978,24,41315.38999999978,-14437.5
2020-10-02,174927.88999999978,24,41315.38999999978,-16387.5
2020-10-04,176397.88999999978,24,41315.38999999978,-14917.5
2020-10-05,180897.88999999978,24,41315.38999999978,-10417.5
2020-10-06,176007.88999999978,24,41315.38999999978,-15307.5
2020-10-07,183507.88999999978,24,41315.38999999978,-7807.5
2020-10-08,188277.88999999978,24,41315.38999999978,-3037.5
2020-10-09,190647.88999999978,24,41315.38999999978,-667.5
2020-10-11,190737.88999999978,24,41315.38999999978,-577.5
2020-10-12,194328.0299999997,24,44445.52999999971,-117.5
2020-10-13,194576.8099999997,8,44441.80999999969,135.0
2020-10-14,192304.9499999997,11,44439.949999999684,-2135.0
2020-10-15,193054.32999999967,12,44439.32999999968,-1385.0
2020-10-16,192379.32999999967,12,44439.32999999968,-2060.0
2020-10-18,193579.32999999967,12,44439.32999999968,-860.0
2020-10-19,191069.3499999997,16,44436.84999999967,-3367.5
2020-10-20,192429.3499999997,16,44436.84999999967,-2007.5
2020-10-21,188569.3499999997,16,44436.84999999967,-5867.5
2020-10-22,192492.47999999966,17,44436.22999999967,-1943.75
2020-10-23,192513.72999999966,17,44436.22999999967,-1922.5
2020-10-25,190834.97999999966,17,44436.22999999967,-3601.25
2020-10-26,188160.63999999966,24,44431.88999999965,-6271.25
2020-10-27,184230.63999999966,24,44431.88999999965,-10201.25
2020-10-28,176190.63999999966,24,44431.88999999965,-18241.25
2020-10-29,173430.63999999966,24,44431.88999999965,-21001.25
2020-10-30,173940.63999999966,24,44431.88999999965,-20491.25
2020-11-01,172830.63999999966,24,44431.88999999965,-21601.25
2020-11-02,177960.63999999966,24,44431.88999999965,-16471.25
2020-11-03,187530.63999999966,24,44431.88999999965,-6901.25
2020-11-04,197849.54999999958,24,47440.799999999566,408.75
2020-11-05,198297.12999999954,8,49064.629999999524,-767.5
2020-11-06,199381.5099999995,7,49064.00999999952,317.5
2020-11-08,201184.0099999995,7,49064.00999999952,2120.0
2020-11-09,198237.23999999947,14,53927.23999999947,-5690.0
2020-11-10,201025.38999999946,19,53924.139999999454,-2898.75
2020-11-11,200550.38999999946,19,53924.139999999454,-3373.75
2020-11-12,199909.13999999946,19,53924.139999999454,-4015.0
2020-11-13,204469.13999999946,19,53924.139999999454,545.0
2020-11-15,207176.63999999946,19,53924.139999999454,3252.5
2020-11-16,207232.9999999994,19,57186.749999999396,46.25
2020-11-17,207190.5099999994,5,57185.50999999939,5.0
2020-11-18,206035.5299999994,9,57183.02999999938,-1147.5
2020-11-19,206294.28999999937,11,57181.789999999375,-887.5
2020-11-20,205538.03999999937,11,57181.789999999375,-1643.75
2020-11-22,206211.78999999937,11,57181.789999999375,-970.0
2020-11-23,208453.03999999937,11,57181.789999999375,1271.25
2020-11-24,208786.23999999935,11,58678.739999999336,107.5
2020-11-25,208792.49999999933,4,58677.49999999933,115.0
2020-11-26,208667.49999999933,4,58677.49999999933,-10.0
2020-11-27,208922.49999999933,4,58677.49999999933,245.0
2020-11-29,208572.49999999933,4,58677.49999999933,-105.0
2020-11-30,209961.88999999932,7,58675.63999999932,1286.25
2020-12-01,210047.5599999993,7,60061.3099999993,-13.75
2020-12-02,210214.4399999993,3,60060.6899999993,153.75
2020-12-03,210480.09999999928,4,60431.34999999928,48.75
2020-12-04,210905.74999999927,4,60931.999999999265,-26.25
2020-12-06,210901.99999999927,1,60931.999999999265,-30.0
2020-12-07,210802.00999999925,3,60930.75999999926,-128.75
2020-12-08,211421.38999999926,4,60930.13999999926,491.25
2020-12-09,210738.89999999927,6,60928.89999999925,-190.0
2020-12-10,210587.65999999925,8,60927.65999999925,-340.0
2020-12-11,210640.16999999923,10,60926.41999999924,-286.25
2020-12-13,211615.26999999923,10,60901.51999999924,713.75
2020-12-14,211193.48999999918,10,62140.98999999919,-947.5
2020-12-15,213276.66999999917,9,63267.91999999916,8.75
2020-12-16,213449.16999999917,2,63267.91999999916,181.25
2020-12-17,213477.31999999913,3,63531.06999999915,-53.75
2020-12-18,214351.71999999913,8,63527.969999999135,823.75
2020-12-20,213751.71999999913,8,63527.969999999135,223.75
2020-12-21,213491.11999999912,13,63524.86999999912,-33.75
2020-12-22,213296.11999999912,13,63524.86999999912,-228.75
2020-12-23,215137.4599999991,13,65153.709999999075,-16.25
2020-12-24,215262.4599999991,5,65153.709999999075,108.75
2020-12-27,215868.7099999991,5,65153.709999999075,715.0
2020-12-28,216107.4899999991,5,66002.48999999909,105.0
2020-12-29,216147.51999999912,5,66123.76999999912,23.75
2020-12-30,215916.26999999912,5,66123.76999999912,-207.5
2020-12-31,216541.26999999912,5,66123.76999999912,417.5
2021-01-03,216528.76999999912,5,66123.76999999912,405.0
2021-01-04,215206.37999999922,17,66765.12999999922,-1558.75
2021-01-05,215333.87999999922,17,66765.12999999922,-1431.25
2021-01-06,219304.62999999934,17,69013.37999999934,291.25
2021-01-07,220129.0599999994,6,69887.80999999939,241.25
2021-01-08,220549.09999999942,5,70510.34999999942,38.75
2021-01-10,220405.34999999942,1,70510.34999999942,-105.0
2021-01-11,220434.72999999943,2,70509.72999999943,-75.0
2021-01-12,220827.23999999944,4,70508.48999999944,318.75
2021-01-13,221077.26999999947,4,71008.51999999947,68.75
2021-01-14,220567.27999999947,4,71007.27999999947,-440.0
2021-01-15,219637.9299999995,9,71004.1799999995,-1366.25
2021-01-17,219997.9299999995,9,71004.1799999995,-1006.25
2021-01-18,221584.1799999995,9,71004.1799999995,580.0
2021-01-19,221775.4299999995,9,71004.1799999995,771.25
2021-01-20,222959.23999999955,9,72860.48999999955,98.75
2021-01-21,222856.73999999955,1,72860.48999999955,-3.75
2021-01-22,222841.11999999956,2,72859.86999999956,-18.75
2021-01-24,223031.11999999956,2,72859.86999999956,171.25
2021-01-25,223560.56999999963,7,73725.56999999963,-165.0
2021-01-26,223767.47999999966,4,74096.22999999966,-328.75
2021-01-27,220065.04999999973,18,74087.54999999973,-4022.5
2021-01-28,224041.43999999986,18,76450.18999999986,-2408.75
2021-01-29,220907.1199999999,19,76443.36999999991,-5536.25
2021-01-31,223424.6199999999,19,76443.36999999991,-3018.75
2021-02-01,229504.6199999999,19,76443.36999999991,3061.25
2021-02-02,230817.86000000002,19,80731.61000000002,86.25
2021-02-03,230668.49000000002,3,80730.99000000002,-62.5
2021-02-04,231241.02000000005,3,81228.52000000005,12.5
2021-02-05,231313.52000000005,1,81228.52000000005,85.0
2021-02-07,231376.02000000005,1,81228.52000000005,147.5
2021-02-08,231497.91000000006,2,81366.66000000006,131.25
2021-02-09,231617.91000000006,2,81366.66000000006,251.25
2021-02-10,231712.9600000001,8,81656.71000000011,56.25
2021-02-11,231562.9600000001,8,81656.71000000011,-93.75
2021-02-12,232678.63000000015,8,82657.38000000015,21.25
2021-02-14,232732.38000000015,1,82657.38000000015,75.0
2021-02-15,232791.13000000015,1,82657.38000000015,133.75
2021-02-16,232657.39000000016,3,82656.14000000016,1.25
2021-02-17,232718.65000000017,5,82654.90000000017,63.75
2021-02-18,232325.54000000018,8,82653.04000000018,-327.5
2021-02-19,232395.54000000018,8,82653.04000000018,-257.5
2021-02-21,232275.54000000018,8,82653.04000000018,-377.5
2021-02-22,232291.1700000002,9,82652.42000000019,-361.25
2021-02-23,232900.58000000022,16,82648.08000000022,252.5
2021-02-24,234906.9300000003,16,84773.18000000031,133.75
2021-02-25,229613.2700000004,20,84762.0200000004,-5148.75
2021-02-26,228946.4100000004,23,84760.16000000041,-5813.75
2021-02-28,232396.4100000004,23,84760.16000000041,-2363.75
2021-03-01,237520.30000000054,23,87765.30000000054,-245.0
2021-03-02,237568.45000000056,8,87762.20000000056,-193.75
2021-03-03,231974.1200000006,17,87756.6200000006,-5782.5
2021-03-04,227474.78000000064,24,87752.28000000064,-10277.5
2021-03-05,237704.78000000064,24,87752.28000000064,-47.5
2021-03-07,236234.78000000064,24,87752.28000000064,-1517.5
2021-03-08,241088.7000000008,24,90743.7000000008,345.0
2021-03-09,241763.16000000088,10,92115.66000000088,-352.5
2021-03-10,243072.58000000092,5,92738.83000000092,333.75
2021-03-11,243430.13000000097,4,93371.38000000097,58.75
2021-03-12,243567.64000000097,6,93370.14000000097,197.5
2021-03-14,243717.70000000097,6,93355.20000000097,362.5
2021-03-15,244137.110000001,6,94103.360000001,33.75
2021-03-16,244108.990000001,2,94102.74000000101,6.25
2021-03-17,244612.78000000105,4,94599.03000000105,13.75
2021-03-18,243523.44000000108,9,94594.69000000108,-1071.25
2021-03-19,243144.7100000011,13,94592.2100000011,-1447.5
2021-03-21,243193.4600000011,13,94592.2100000011,-1398.75
2021-03-22,246007.29000000117,13,96222.29000000117,-215.0
2021-03-23,245472.3200000012,9,96218.5700000012,-746.25
2021-03-24,244982.9600000012,12,96216.71000000121,-1233.75
2021-03-25,247604.23000000123,16,96214.23000000123,1390.0
2021-03-26,248831.24000000136,16,98836.24000000136,-5.0
2021-03-28,248751.24000000136,1,98836.24000000136,-85.0
2021-03-29,249252.51000000138,5,98833.76000000138,418.75
2021-03-30,248877.51000000138,5,98833.76000000138,43.75
2021-03-31,249429.4200000014,5,99454.42000000141,-25.0
2021-04-01,249806.31000000142,2,99702.56000000142,103.75
2021-04-02,249860.06000000142,1,99702.56000000142,157.5
2021-04-04,249863.81000000142,1,99702.56000000142,161.25
2021-04-05,250005.08000000144,1,100036.33000000144,-31.25
2021-04-06,250056.96000000145,2,100035.71000000145,21.25
2021-04-07,250279.46000000145,2,100035.71000000145,243.75
2021-04-08,250317.60000000146,2,100285.10000000146,32.5
2021-04-09,250405.11000000147,1,100408.86000000147,-3.75
2021-04-11,250376.36000000147,1,100408.86000000147,-32.5
2021-04-12,250496.99000000147,2,100408.24000000147,88.75
2021-04-13,250632.0100000015,2,100657.0100000015,-25.0
2021-04-14,250572.6500000015,5,100655.15000000151,-82.5
2021-04-15,251302.68000000154,5,101281.43000000154,21.25
2021-04-16,251433.95000000155,3,101406.45000000155,27.5
2021-04-18,251400.20000000155,3,101406.45000000155,-6.25
2021-04-19,251498.34000000157,6,101404.59000000157,93.75
2021-04-20,249939.6200000016,12,101400.8700000016,-1461.25
2021-04-21,252324.6200000016,12,101400.8700000016,923.75
2021-04-22,252703.4700000017,12,102897.22000000169,-193.75
2021-04-23,253895.39000000173,8,103897.89000000173,-2.5
2021-04-25,253937.89000000173,1,103897.89000000173,40.0
2021-04-26,253977.89000000173,1,103897.89000000173,80.0
2021-04-27,253982.89000000173,1,103897.89000000173,85.0
2021-04-28,254309.79000000175,4,104019.79000000175,290.0
2021-04-29,254627.3500000018,8,104512.35000000181,115.0
2021-04-30,254157.3500000018,8,104512.35000000181,-355.0
2021-05-02,254467.3500000018,8,104512.35000000181,-45.0
2021-05-03,253927.3500000018,8,104512.35000000181,-585.0
2021-05-04,254882.39000000185,16,104507.39000000185,375.0
2021-05-05,253802.39000000185,16,104507.39000000185,-705.0
2021-05-06,256568.10000000193,16,106511.85000000193,56.25
2021-05-07,256711.86000000194,1,106635.61000000194,76.25
2021-05-09,256744.36000000194,1,106635.61000000194,108.75
2021-05-10,255469.39000000196,7,106631.89000000196,-1162.5
2021-05-11,253819.41000000198,11,106629.41000000198,-2810.0
2021-05-12,250793.84000000203,22,106622.59000000203,-5828.75
2021-05-13,256651.34000000203,22,106622.59000000203,28.75
2021-05-14,259615.85000000216,22,109607.10000000216,8.75
2021-05-16,259537.10000000216,1,109607.10000000216,-70.0
2021-05-17,259993.37000000218,5,109604.62000000218,388.75
2021-05-18,258225.2600000022,8,109602.76000000219,-1377.5
2021-05-19,258843.4000000022,11,109600.9000000022,-757.5
2021-05-20,261095.34000000227,11,110980.34000000227,115.0
2021-05-21,261083.5000000023,5,111226.0000000023,-142.5
2021-05-23,261221.0000000023,5,111226.0000000023,-5.0
2021-05-24,261914.78000000233,5,111848.53000000233,66.25
2021-05-25,261964.16000000233,2,111847.91000000233,116.25
2021-05-26,261874.16000000233,2,111847.91000000233,26.25
2021-05-27,262126.66000000233,2,111847.91000000233,278.75
2021-05-28,262050.43000000235,2,112106.68000000235,-56.25
2021-05-30,262085.43000000235,2,112106.68000000235,-21.25
2021-05-31,262032.93000000235,2,112106.68000000235,-73.75
2021-06-01,262015.44000000236,4,112105.44000000236,-90.0
2021-06-02,262215.4400000024,4,112105.44000000236,110.0
2021-06-03,262134.83000000237,7,112103.58000000237,31.25
2021-06-04,263106.75000000244,7,112978.00000000242,128.75
2021-06-06,263059.25000000244,2,112978.00000000242,81.25
2021-06-07,263101.75000000244,2,112978.00000000242,123.75
2021-06-08,263094.25000000244,2,112978.00000000242,116.25
2021-06-09,263074.25000000244,2,112978.00000000242,96.25
2021-06-10,263416.7800000025,4,113225.53000000244,191.25
2021-06-11,263506.7800000025,4,113225.53000000244,281.25
2021-06-13,263591.82000000245,4,113215.57000000244,376.25
2021-06-14,263739.9700000025,4,113713.72000000246,26.25
2021-06-15,263654.3600000025,4,113711.86000000247,-57.5
2021-06-16,262655.6300000025,8,113709.3800000025,-1053.75
2021-06-17,263522.5100000025,9,113708.7600000025,-186.25
2021-06-18,259619.41000000254,14,113705.66000000252,-4086.25
2021-06-20,258919.41000000254,14,113705.66000000252,-4786.25
2021-06-21,265131.91000000254,14,113705.66000000252,1426.25
2021-06-22,265542.6100000026,14,115455.11000000259,87.5
2021-06-23,265542.6100000026,1,115455.11000000259,87.5
2021-06-24,265645.1200000026,1,115597.6200000026,47.5
2021-06-25,265700.1200000026,1,115597.6200000026,102.5
2021-06-27,265693.8700000026,1,115597.6200000026,96.25
2021-06-28,265692.6300000026,1,115721.38000000261,-28.75
2021-06-29,265763.8800000026,1,115721.38000000261,42.5
2021-06-30,265806.3800000026,1,115721.38000000261,85.0
2021-07-01,265883.89000000263,1,115845.14000000262,38.75
2021-07-02,266012.65000000264,1,115968.90000000263,43.75
2021-07-04,266002.65000000264,1,115968.90000000263,33.75
2021-07-05,266030.15000000264,1,115968.90000000263,61.25
2021-07-06,266293.92000000266,5,115966.42000000265,327.5
2021-07-07,266777.7200000027,5,116587.7200000027,190.0
2021-07-08,266008.3600000027,8,116585.8600000027,-577.5
2021-07-09,267677.78000000276,8,117582.78000000275,95.0
2021-07-11,267627.78000000276,1,117582.78000000275,45.0
2021-07-12,267742.7900000028,1,117706.54000000276,36.25
2021-07-13,267639.6700000028,2,117705.92000000276,-66.25
2021-07-14,267747.8000000028,3,117705.30000000277,42.5
2021-07-15,267729.0700000028,7,117702.82000000279,26.25
2021-07-16,266540.9600000028,10,117700.9600000028,-1160.0
2021-07-18,265840.9600000028,10,117700.9600000028,-1860.0
2021-07-19,264153.50000000285,18,117696.00000000284,-3542.5
2021-07-20,269874.85000000295,18,119946.10000000293,-71.25
2021-07-21,270231.74000000296,2,120195.49000000294,36.25
2021-07-22,270315.49000000296,1,120195.49000000294,120.0
2021-07-23,270598.020000003,2,120608.02000000297,-10.0
2021-07-25,270550.520000003,1,120608.02000000297,-57.5
2021-07-26,270640.520000003,1,120608.02000000297,32.5
2021-07-27,270743.050000003,7,120604.300000003,138.75
2021-07-28,270646.800000003,7,120604.300000003,42.5
2021-07-29,271333.09000000305,7,121481.84000000304,-148.75
2021-07-30,271463.72000000306,2,121481.22000000304,-17.5
2021-08-01,271626.22000000306,2,121481.22000000304,145.0
2021-08-02,271411.85000000306,3,121480.60000000305,-68.75
2021-08-03,272110.6400000031,5,122105.64000000308,5.0
2021-08-04,272115.6500000031,3,122104.4000000031,11.25
2021-08-05,272378.1500000031,3,122104.4000000031,273.75
2021-08-06,272500.05000000313,3,122476.30000000312,23.75
2021-08-08,272402.55000000313,2,122476.30000000312,-73.75
2021-08-09,272381.93000000314,3,122475.68000000312,-93.75
2021-08-10,272494.43000000314,3,122475.68000000312,18.75
2021-08-11,272730.68000000314,3,122475.68000000312,255.0
2021-08-12,272866.95000000315,3,122848.20000000314,18.75
2021-08-13,272896.95000000315,1,122848.20000000314,48.75
2021-08-15,272854.45000000315,1,122848.20000000314,6.25
2021-08-16,273321.9900000032,4,123344.49000000318,-22.5
2021-08-17,273734.5200000032,7,123340.7700000032,393.75
2021-08-18,271526.42000000324,12,123337.67000000323,-1811.25
2021-08-19,271900.80000000325,13,123337.05000000323,-1436.25
2021-08-20,274614.55000000325,13,123337.05000000323,1277.5
2021-08-22,275605.80000000325,13,123337.05000000323,2268.75
2021-08-23,275867.7600000033,13,125850.26000000331,17.5
2021-08-24,275825.2600000033,2,125850.26000000331,-25.0
2021-08-25,275900.2600000033,2,125850.26000000331,50.0
2021-08-26,275846.52000000334,4,125849.02000000332,-2.5
2021-08-27,276435.30000000336,4,126347.80000000335,87.5
2021-08-29,276450.30000000336,2,126347.80000000335,102.5
2021-08-30,276627.1900000034,2,126595.94000000336,31.25
2021-08-31,276780.9500000034,3,126594.70000000337,186.25
2021-09-01,276582.2000000034,3,126594.70000000337,-12.5
2021-09-02,276945.9500000034,3,126594.70000000337,351.25
2021-09-03,276803.4500000034,3,126594.70000000337,208.75
2021-09-05,276795.9500000034,3,126594.70000000337,201.25
2021-09-06,276882.2000000034,3,126594.70000000337,287.5
2021-09-07,276574.7000000034,3,126594.70000000337,-20.0
2021-09-08,276251.5900000034,6,126592.84000000339,-341.25
2021-09-09,276312.2200000034,7,126592.22000000339,-280.0
2021-09-10,274586.00000000343,13,126588.50000000342,-2002.5
2021-09-12,274813.63000000344,13,126556.13000000342,-1742.5
2021-09-13,275919.89000000345,15,126554.89000000343,-635.0
2021-09-14,273868.65000000346,17,126553.65000000344,-2685.0
2021-09-15,276227.40000000346,17,126553.65000000344,-326.25
2021-09-16,275887.40000000346,17,126553.65000000344,-666.25
2021-09-17,270988.0400000035,20,126551.79000000346,-5563.75
2021-09-19,268988.0400000035,20,126551.79000000346,-7563.75
2021-09-20,268124.3100000035,24,126549.31000000348,-8425.0
2021-09-21,264854.3100000035,24,126549.31000000348,-11695.0
2021-09-22,270674.3100000035,24,126549.31000000348,-5875.0
2021-09-23,276224.3100000035,24,126549.31000000348,-325.0
2021-09-24,276914.3100000035,24,126549.31000000348,365.0
2021-09-26,278774.3100000035,24,126549.31000000348,2225.0
2021-09-27,275144.3100000035,24,126549.31000000348,-1405.0
2021-09-28,267254.3100000035,24,126549.31000000348,-9295.0
2021-09-29,268124.3100000035,24,126549.31000000348,-8425.0
2021-09-30,255944.3100000035,24,126549.31000000348,-20605.0
2021-10-01,265484.3100000035,24,126549.31000000348,-11065.0
2021-10-03,262994.3100000035,24,126549.31000000348,-13555.0
2021-10-04,259154.3100000035,24,126549.31000000348,-17395.0
2021-10-05,261464.3100000035,24,126549.31000000348,-15085.0
2021-10-06,268484.3100000035,24,126549.31000000348,-8065.0
2021-10-07,270404.3100000035,24,126549.31000000348,-6145.0
2021-10-08,269054.3100000035,24,126549.31000000348,-7495.0
2021-10-10,268064.3100000035,24,126549.31000000348,-8485.0
2021-10-11,262814.3100000035,24,126549.31000000348,-13735.0
2021-10-12,263564.3100000035,24,126549.31000000348,-12985.0
2021-10-13,267734.3100000035,24,126549.31000000348,-8815.0
2021-10-14,276584.3100000035,24,126549.31000000348,35.0
2021-10-15,279224.3100000035,24,126549.31000000348,2675.0
2021-10-17,278594.3100000035,24,126549.31000000348,2045.0
2021-10-18,279582.5600000036,24,129538.81000000359,43.75
2021-10-19,279760.0700000036,1,129662.5700000036,97.5
2021-10-20,279812.5800000036,1,129786.33000000361,26.25
2021-10-21,279887.59000000363,1,129910.09000000362,-22.5
2021-10-22,279886.36000000365,5,129907.61000000364,-21.25
2021-10-24,280123.86000000365,5,129907.61000000364,216.25
2021-10-25,280601.3900000037,5,130532.64000000367,68.75
2021-10-26,280504.5400000037,4,130654.54000000369,-150.0
2021-10-27,280224.5600000037,8,130652.06000000371,-427.5
2021-10-28,281537.1100000037,8,131648.36000000374,-111.25
2021-10-29,282008.9900000037,3,131647.74000000375,361.25
2021-10-31,282068.9900000037,3,131647.74000000375,421.25
2021-11-01,282072.15000000375,4,132083.40000000378,-11.25
2021-11-02,282574.0500000038,4,132584.0500000038,-10.0
2021-11-03,282866.5700000038,2,132832.82000000382,33.75
2021-11-04,283096.5900000038,3,132955.34000000384,141.25
2021-11-05,283424.75000000384,4,133459.75000000387,-35.0
2021-11-07,283304.75000000384,4,133459.75000000387,-155.0
2021-11-08,283344.75000000384,4,133459.75000000387,-115.0
2021-11-09,282856.01000000385,6,133458.51000000388,-602.5
2021-11-10,282261.6700000039,13,133454.1700000039,-1192.5
2021-11-11,282684.1700000039,13,133454.1700000039,-770.0
2021-11-12,284747.9200000039,13,133454.1700000039,1293.75
2021-11-14,284699.1700000039,13,133454.1700000039,1245.0
2021-11-15,285348.00000000396,13,135388.000000004,-40.0
2021-11-16,285661.780000004,3,135760.53000000402,-98.75
2021-11-17,285693.670000004,6,135758.67000000403,-65.0
2021-11-18,286775.550000004,7,135758.05000000403,1017.5
2021-11-19,286005.550000004,7,135758.05000000403,247.5
2021-11-21,286329.300000004,7,135758.05000000403,571.25
2021-11-22,286118.12000000407,7,136626.8700000041,-508.75
2021-11-23,286375.0200000041,12,136623.77000000412,-248.75
2021-11-24,288445.0200000041,12,136623.77000000412,1821.25
2021-11-25,284920.0200000041,12,136623.77000000412,-1703.75
2021-11-26,279201.94000000414,21,136618.19000000416,-7416.25
2021-11-28,284688.19000000414,21,136618.19000000416,-1930.0
2021-11-29,287391.94000000414,21,136618.19000000416,773.75
2021-11-30,282626.33000000415,24,136616.33000000418,-3990.0
2021-12-01,273866.33000000415,24,136616.33000000418,-12750.0
2021-12-02,278816.33000000415,24,136616.33000000418,-7800.0
2021-12-03,273836.33000000415,24,136616.33000000418,-12780.0
2021-12-05,277076.33000000415,24,136616.33000000418,-9540.0
2021-12-06,282566.33000000415,24,136616.33000000418,-4050.0
2021-12-07,290320.8600000043,24,139722.11000000432,598.75
2021-12-08,290058.3600000043,5,139722.11000000432,336.25
2021-12-09,289502.1100000043,5,139722.11000000432,-220.0
2021-12-10,291228.4600000044,7,141222.21000000442,6.25
2021-12-12,291304.7200000044,1,141219.72000000442,85.0
2021-12-13,290556.64000000444,10,141214.14000000447,-657.5
2021-12-14,289520.42000000447,16,141210.4200000045,-1690.0
2021-12-15,293500.51000000455,16,143209.26000000458,291.25
2021-12-16,291530.5900000046,14,143588.09000000465,-2057.5
2021-12-17,289390.62000000465,20,143584.37000000468,-4193.75
2021-12-19,284340.62000000465,20,143584.37000000468,-9243.75
2021-12-20,287065.64000000467,24,143581.8900000047,-6516.25
2021-12-21,292675.64000000467,24,143581.8900000047,-906.25
2021-12-22,296824.5200000048,24,146589.52000000482,235.0
2021-12-23,296985.8000000048,2,147018.30000000485,-32.5
2021-12-26,297020.8000000048,2,147018.30000000485,2.5
2021-12-27,297561.46000000485,2,147513.96000000488,47.5
2021-12-28,297605.2400000049,5,147635.2400000049,-30.0
2021-12-29,297611.4900000049,5,147635.2400000049,-23.75
2021-12-30,297123.9900000049,5,147635.2400000049,-511.25
2021-12-31,297045.2500000049,7,147634.00000000492,-588.75
2022-01-02,297605.2500000049,7,147634.00000000492,-28.75
2022-01-03,298418.3800000049,8,147633.38000000492,785.0
2022-01-04,298202.83000000496,8,148659.080000005,-456.25
2022-01-05,290821.020000005,20,148651.02000000505,-7830.0
2022-01-06,294156.04000000504,24,148648.54000000507,-4492.5
2022-01-07,290526.04000000504,24,148648.54000000507,-8122.5
2022-01-09,291336.04000000504,24,148648.54000000507,-7312.5
2022-01-10,289806.04000000504,24,148648.54000000507,-8842.5
2022-01-11,295416.04000000504,24,148648.54000000507,-3232.5
2022-01-12,295506.04000000504,24,148648.54000000507,-3142.5
2022-01-13,288876.04000000504,24,148648.54000000507,-9772.5
2022-01-14,290136.04000000504,24,148648.54000000507,-8512.5
2022-01-16,287736.04000000504,24,148648.54000000507,-10912.5
2022-01-17,286506.04000000504,24,148648.54000000507,-12142.5
2022-01-18,275886.04000000504,24,148648.54000000507,-22762.5
2022-01-19,275706.04000000504,24,148648.54000000507,-22942.5
2022-01-20,263526.04000000504,24,148648.54000000507,-35122.5
2022-01-21,256206.04000000504,24,148648.54000000507,-42442.5
2022-01-23,260946.04000000504,24,148648.54000000507,-37702.5
2022-01-24,251706.04000000504,24,148648.54000000507,-46942.5
2022-01-25,253656.04000000504,24,148648.54000000507,-44992.5
2022-01-26,244236.04000000504,24,148648.54000000507,-54412.5
2022-01-27,250326.04000000504,24,148648.54000000507,-48322.5
2022-01-28,260766.04000000504,24,148648.54000000507,-37882.5
2022-01-30,262296.04000000504,24,148648.54000000507,-36352.5
2022-01-31,269406.04000000504,24,148648.54000000507,-29242.5
2022-02-01,277266.04000000504,24,148648.54000000507,-21382.5
2022-02-02,274686.04000000504,24,148648.54000000507,-23962.5
2022-02-03,272856.04000000504,24,148648.54000000507,-25792.5
2022-02-04,268686.04000000504,24,148648.54000000507,-29962.5
2022-02-06,269676.04000000504,24,148648.54000000507,-28972.5
2022-02-07,267876.04000000504,24,148648.54000000507,-30772.5
2022-02-08,274566.04000000504,24,148648.54000000507,-24082.5
2022-02-09,278736.04000000504,24,148648.54000000507,-19912.5
2022-02-10,266286.04000000504,24,148648.54000000507,-32362.5
2022-02-11,260586.04000000504,24,148648.54000000507,-38062.5
2022-02-13,261036.04000000504,24,148648.54000000507,-37612.5
2022-02-14,258096.04000000504,24,148648.54000000507,-40552.5
2022-02-15,264966.04000000504,24,148648.54000000507,-33682.5
2022-02-16,263706.04000000504,24,148648.54000000507,-34942.5
2022-02-17,258936.04000000504,24,148648.54000000507,-39712.5
2022-02-18,251736.04000000504,24,148648.54000000507,-46912.5
2022-02-20,254436.04000000504,24,148648.54000000507,-44212.5
2022-02-21,243546.04000000504,24,148648.54000000507,-55102.5
2022-02-22,249426.04000000504,24,148648.54000000507,-49222.5
2022-02-23,227406.04000000504,24,148648.54000000507,-71242.5
2022-02-24,241986.04000000504,24,148648.54000000507,-56662.5
2022-02-25,256086.04000000504,24,148648.54000000507,-42562.5
2022-02-27,243576.04000000504,24,148648.54000000507,-55072.5
2022-02-28,254766.04000000504,24,148648.54000000507,-43882.5
2022-03-01,248736.04000000504,24,148648.54000000507,-49912.5
2022-03-02,256296.04000000504,24,148648.54000000507,-42352.5
2022-03-03,249516.04000000504,24,148648.54000000507,-49132.5
2022-03-04,248856.04000000504,24,148648.54000000507,-49792.5
2022-03-06,243516.04000000504,24,148648.54000000507,-55132.5
2022-03-07,233376.04000000504,24,148648.54000000507,-65272.5
2022-03-08,233586.04000000504,24,148648.54000000507,-65062.5
2022-03-09,242556.04000000504,24,148648.54000000507,-56092.5
2022-03-10,239106.04000000504,24,148648.54000000507,-59542.5
2022-03-11,235116.04000000504,24,148648.54000000507,-63532.5
2022-03-13,236676.28000000503,24,148588.78000000506,-61912.5
2022-03-14,232416.28000000503,24,148588.78000000506,-66172.5
2022-03-15,241176.28000000503,24,148588.78000000506,-57412.5
2022-03-16,252396.28000000503,24,148588.78000000506,-46192.5
2022-03-17,256056.28000000503,24,148588.78000000506,-42532.5
2022-03-18,267246.28000000503,24,148588.78000000506,-31342.5
2022-03-20,264606.28000000503,24,148588.78000000506,-33982.5
2022-03-21,264666.28000000503,24,148588.78000000506,-33922.5
2022-03-22,272706.28000000503,24,148588.78000000506,-25882.5
2022-03-23,266616.28000000503,24,148588.78000000506,-31972.5
2022-03-24,272886.28000000503,24,148588.78000000506,-25702.5
2022-03-25,275766.28000000503,24,148588.78000000506,-22822.5
2022-03-27,274026.28000000503,24,148588.78000000506,-24562.5
2022-03-28,279816.28000000503,24,148588.78000000506,-18772.5
2022-03-29,285666.28000000503,24,148588.78000000506,-12922.5
2022-03-30,284166.28000000503,24,148588.78000000506,-14422.5
2022-03-31,276996.28000000503,24,148588.78000000506,-21592.5
2022-04-01,276066.28000000503,24,148588.78000000506,-22522.5
2022-04-03,276216.28000000503,24,148588.78000000506,-22372.5
2022-04-04,280146.28000000503,24,148588.78000000506,-18442.5
2022-04-05,273156.28000000503,24,148588.78000000506,-25432.5
2022-04-06,266286.28000000503,24,148588.78000000506,-32302.5
2022-04-07,270876.28000000503,24,148588.78000000506,-27712.5
2022-04-08,269466.28000000503,24,148588.78000000506,-29122.5
2022-04-10,266106.28000000503,24,148588.78000000506,-32482.5
2022-04-11,257886.28000000503,24,148588.78000000506,-40702.5
2022-04-12,261276.28000000503,24,148588.78000000506,-37312.5
2022-04-13,264936.28000000503,24,148588.78000000506,-33652.5
2022-04-14,258126.28000000503,24,148588.78000000506,-40462.5
2022-04-17,255486.28000000503,24,148588.78000000506,-43102.5
2022-04-18,259956.28000000503,24,148588.78000000506,-38632.5
2022-04-19,264816.28000000503,24,148588.78000000506,-33772.5
2022-04-20,267966.28000000503,24,148588.78000000506,-30622.5
2022-04-21,256386.28000000503,24,148588.78000000506,-42202.5
2022-04-22,241596.28000000503,24,148588.78000000506,-56992.5
2022-04-24,240936.28000000503,24,148588.78000000506,-57652.5
2022-04-25,247626.28000000503,24,148588.78000000506,-50962.5
2022-04-26,234576.28000000503,24,148588.78000000506,-64012.5
2022-04-27,236526.28000000503,24,148588.78000000506,-62062.5
2022-04-28,243126.28000000503,24,148588.78000000506,-55462.5
2022-04-29,227886.28000000503,24,148588.78000000506,-70702.5
2022-05-01,229386.28000000503,24,148588.78000000506,-69202.5
2022-05-02,231156.28000000503,24,148588.78000000506,-67432.5
2022-05-03,232026.28000000503,24,148588.78000000506,-66562.5
2022-05-04,246486.28000000503,24,148588.78000000506,-52102.5
2022-05-05,228876.28000000503,24,148588.78000000506,-69712.5
2022-05-06,224736.28000000503,24,148588.78000000506,-73852.5
2022-05-08,221106.28000000503,24,148588.78000000506,-77482.5
2022-05-09,212526.28000000503,24,148588.78000000506,-86062.5
2022-05-10,212856.28000000503,24,148588.78000000506,-85732.5
2022-05-11,204216.28000000503,24,148588.78000000506,-94372.5
2022-05-12,207426.28000000503,24,148588.78000000506,-91162.5
2022-05-13,213066.28000000503,24,148588.78000000506,-85522.5
2022-05-15,210546.28000000503,24,148588.78000000506,-88042.5
2022-05-16,213486.28000000503,24,148588.78000000506,-85102.5
2022-05-17,220206.28000000503,24,148588.78000000506,-78382.5
2022-05-18,203016.28000000503,24,148588.78000000506,-95572.5
2022-05-19,202176.28000000503,24,148588.78000000506,-96412.5
2022-05-20,199716.28000000503,24,148588.78000000506,-98872.5
2022-05-22,203136.28000000503,24,148588.78000000506,-95452.5
2022-05-23,204396.28000000503,24,148588.78000000506,-94192.5
2022-05-24,207486.28000000503,24,148588.78000000506,-91102.5
2022-05-25,208506.28000000503,24,148588.78000000506,-90082.5
2022-05-26,217236.28000000503,24,148588.78000000506,-81352.5
2022-05-27,231606.28000000503,24,148588.78000000506,-66982.5
2022-05-29,232236.28000000503,24,148588.78000000506,-66352.5
2022-05-30,231216.28000000503,24,148588.78000000506,-67372.5
2022-05-31,228966.28000000503,24,148588.78000000506,-69622.5
2022-06-01,223386.28000000503,24,148588.78000000506,-75202.5
2022-06-02,232626.28000000503,24,148588.78000000506,-65962.5
2022-06-03,224586.28000000503,24,148588.78000000506,-74002.5
2022-06-05,226716.28000000503,24,148588.78000000506,-71872.5
2022-06-06,223746.28000000503,24,148588.78000000506,-74842.5
2022-06-07,228606.28000000503,24,148588.78000000506,-69982.5
2022-06-08,224886.28000000503,24,148588.78000000506,-73702.5
2022-06-09,214416.28000000503,24,148588.78000000506,-84172.5
2022-06-10,200106.28000000503,24,148588.78000000506,-98482.5
2022-06-12,193296.28000000503,24,148588.78000000506,-105292.5
2022-06-13,184566.52000000502,24,148529.02000000505,-113962.5
2022-06-14,181416.52000000502,24,148529.02000000505,-117112.5
2022-06-15,188106.52000000502,24,148529.02000000505,-110422.5
2022-06-16,173826.52000000502,24,148529.02000000505,-124702.5
2022-06-17,173046.52000000502,24,148529.02000000505,-125482.5
2022-06-19,173886.52000000502,24,148529.02000000505,-124642.5
2022-06-20,179226.52000000502,24,148529.02000000505,-119302.5
2022-06-21,178956.52000000502,24,148529.02000000505,-119572.5
2022-06-22,181326.52000000502,24,148529.02000000505,-117202.5
2022-06-23,188916.52000000502,24,148529.02000000505,-109612.5
2022-06-24,200796.52000000502,24,148529.02000000505,-97732.5
2022-06-26,202176.52000000502,24,148529.02000000505,-96352.5
2022-06-27,198966.52000000502,24,148529.02000000505,-99562.5
2022-06-28,190776.52000000502,24,148529.02000000505,-107752.5
2022-06-29,188286.52000000502,24,148529.02000000505,-110242.5
2022-06-30,181746.52000000502,24,148529.02000000505,-116782.5
2022-07-01,190086.52000000502,24,148529.02000000505,-108442.5
2022-07-03,187656.52000000502,24,148529.02000000505,-110872.5
2022-07-04,191346.52000000502,24,148529.02000000505,-107182.5
2022-07-05,191046.52000000502,24,148529.02000000505,-107482.5
2022-07-06,192996.52000000502,24,148529.02000000505,-105532.5
2022-07-07,197646.52000000502,24,148529.02000000505,-100882.5
2022-07-08,199686.52000000502,24,148529.02000000505,-98842.5
2022-07-10,196326.52000000502,24,148529.02000000505,-102202.5
2022-07-11,191496.52000000502,24,148529.02000000505,-107032.5
2022-07-12,190596.52000000502,24,148529.02000000505,-107932.5
2022-07-13,187116.52000000502,24,148529.02000000505,-111412.5
2022-07-14,187926.52000000502,24,148529.02000000505,-110602.5
2022-07-15,195036.52000000502,24,148529.02000000505,-103492.5
2022-07-17,196746.52000000502,24,148529.02000000505,-101782.5
2022-07-18,191856.52000000502,24,148529.02000000505,-106672.5
2022-07-19,206226.52000000502,24,148529.02000000505,-92302.5
2022-07-20,205776.52000000502,24,148529.02000000505,-92752.5
2022-07-21,209286.52000000502,24,148529.02000000505,-89242.5
2022-07-22,206616.52000000502,24,148529.02000000505,-91912.5
2022-07-24,206376.52000000502,24,148529.02000000505,-92152.5
2022-07-25,206136.52000000502,24,148529.02000000505,-92392.5
2022-07-26,205326.52000000502,24,148529.02000000505,-93202.5
2022-07-27,212826.52000000502,24,148529.02000000505,-85702.5
2022-07-28,222516.52000000502,24,148529.02000000505,-76012.5
2022-07-29,226926.52000000502,24,148529.02000000505,-71602.5
2022-07-31,224706.52000000502,24,148529.02000000505,-73822.5
2022-08-01,223566.52000000502,24,148529.02000000505,-74962.5
2022-08-02,222996.52000000502,24,148529.02000000505,-75532.5
2022-08-03,229146.52000000502,24,148529.02000000505,-69382.5
2022-08-04,230586.52000000502,24,148529.02000000505,-67942.5
2022-08-05,228036.52000000502,24,148529.02000000505,-70492.5
2022-08-07,227736.52000000502,24,148529.02000000505,-70792.5
2022-08-08,229326.52000000502,24,148529.02000000505,-69202.5
2022-08-09,225696.52000000502,24,148529.02000000505,-72832.5
2022-08-10,237726.52000000502,24,148529.02000000505,-60802.5
2022-08-11,236946.52000000502,24,148529.02000000505,-61582.5
2022-08-12,244716.52000000502,24,148529.02000000505,-53812.5
2022-08-14,243546.52000000502,24,148529.02000000505,-54982.5
2022-08-15,246246.52000000502,24,148529.02000000505,-52282.5
2022-08-16,247866.52000000502,24,148529.02000000505,-50662.5
2022-08-17,243696.52000000502,24,148529.02000000505,-54832.5
2022-08-18,244506.52000000502,24,148529.02000000505,-54022.5
2022-08-19,238446.52000000502,24,148529.02000000505,-60082.5
2022-08-21,236826.52000000502,24,148529.02000000505,-61702.5
2022-08-22,228666.52000000502,24,148529.02000000505,-69862.5
2022-08-23,224976.52000000502,24,148529.02000000505,-73552.5
2022-08-24,229506.52000000502,24,148529.02000000505,-69022.5
2022-08-25,234816.52000000502,24,148529.02000000505,-63712.5
2022-08-26,216156.52000000502,24,148529.02000000505,-82372.5
2022-08-28,214506.52000000502,24,148529.02000000505,-84022.5
2022-08-29,215886.52000000502,24,148529.02000000505,-82642.5
2022-08-30,212136.52000000502,24,148529.02000000505,-86392.5
2022-08-31,202296.52000000502,24,148529.02000000505,-96232.5
2022-09-01,206826.52000000502,24,148529.02000000505,-91702.5
2022-09-02,203016.52000000502,24,148529.02000000505,-95512.5
2022-09-04,202926.52000000502,24,148529.02000000505,-95602.5
2022-09-05,203796.52000000502,24,148529.02000000505,-94732.5
2022-09-06,198126.52000000502,24,148529.02000000505,-100402.5
2022-09-07,208746.52000000502,24,148529.02000000505,-89782.5
2022-09-08,213276.52000000502,24,148529.02000000505,-85252.5
2022-09-09,218976.52000000502,24,148529.02000000505,-79552.5
2022-09-11,218976.52000000502,24,148529.02000000505,-79552.5
2022-09-12,224616.76000000502,24,148469.26000000504,-73852.5
2022-09-13,203586.76000000502,24,148469.26000000504,-94882.5
2022-09-14,204996.76000000502,24,148469.26000000504,-93472.5
2022-09-15,195636.76000000502,24,148469.26000000504,-102832.5
2022-09-16,197016.76000000502,24,148469.26000000504,-101452.5
2022-09-18,194436.76000000502,24,148469.26000000504,-104032.5
2022-09-19,199806.76000000502,24,148469.26000000504,-98662.5
2022-09-20,194166.76000000502,24,148469.26000000504,-104302.5
2022-09-21,182586.76000000502,24,148469.26000000504,-115882.5
2022-09-22,180696.76000000502,24,148469.26000000504,-117772.5
2022-09-23,174066.76000000502,24,148469.26000000504,-124402.5
2022-09-25,171396.76000000502,24,148469.26000000504,-127072.5
2022-09-26,172116.76000000502,24,148469.26000000504,-126352.5
2022-09-27,165426.76000000502,24,148469.26000000504,-133042.5
2022-09-28,176256.76000000502,24,148469.26000000504,-122212.5
2022-09-29,166026.76000000502,24,148469.26000000504,-132442.5
2022-09-30,161226.76000000502,24,148469.26000000504,-137242.5
2022-10-02,160596.76000000502,24,148469.26000000504,-137872.5
2022-10-03,175326.76000000502,24,148469.26000000504,-123142.5
2022-10-04,183036.76000000502,24,148469.26000000504,-115432.5
2022-10-05,186246.76000000502,24,148469.26000000504,-112222.5
2022-10-06,178956.76000000502,24,148469.26000000504,-119512.5
2022-10-07,166806.76000000502,24,148469.26000000504,-131662.5
2022-10-09,165066.76000000502,24,148469.26000000504,-133402.5
2022-10-10,161436.76000000502,24,148469.26000000504,-137032.5
2022-10-11,161256.76000000502,24,148469.26000000504,-137212.5
2022-10-12,159966.76000000502,24,148469.26000000504,-138502.5
2022-10-13,173916.76000000502,24,148469.26000000504,-124552.5
2022-10-14,160296.76000000502,24,148469.26000000504,-138172.5
2022-10-16,162216.76000000502,24,148469.26000000504,-136252.5
2022-10-17,177816.76000000502,24,148469.26000000504,-120652.5
2022-10-18,180126.76000000502,24,148469.26000000504,-118342.5
2022-10-19,170856.76000000502,24,148469.26000000504,-127612.5
2022-10-20,168546.76000000502,24,148469.26000000504,-129922.5
2022-10-21,181356.76000000502,24,148469.26000000504,-117112.5
2022-10-23,180606.76000000502,24,148469.26000000504,-117862.5
2022-10-24,185826.76000000502,24,148469.26000000504,-112642.5
2022-10-25,189036.76000000502,24,148469.26000000504,-109432.5
2022-10-26,192066.76000000502,24,148469.26000000504,-106402.5
2022-10-27,185196.76000000502,24,148469.26000000504,-113272.5
2022-10-28,199476.76000000502,24,148469.26000000504,-98992.5
2022-10-30,197796.76000000502,24,148469.26000000504,-100672.5
2022-10-31,196326.76000000502,24,148469.26000000504,-102142.5
2022-11-01,193776.76000000502,24,148469.26000000504,-104692.5
2022-11-02,182016.76000000502,24,148469.26000000504,-116452.5
2022-11-03,176106.76000000502,24,148469.26000000504,-122362.5
2022-11-04,181446.76000000502,24,148469.26000000504,-117022.5
2022-11-06,181506.76000000502,24,148469.26000000504,-116962.5
2022-11-07,186216.76000000502,24,148469.26000000504,-112252.5
2022-11-08,189366.76000000502,24,148469.26000000504,-109102.5
2022-11-09,180456.76000000502,24,148469.26000000504,-118012.5
2022-11-10,204966.76000000502,24,148469.26000000504,-93502.5
2022-11-11,208656.76000000502,24,148469.26000000504,-89812.5
2022-11-13,207456.76000000502,24,148469.26000000504,-91012.5
2022-11-14,206616.76000000502,24,148469.26000000504,-91852.5
2022-11-15,207366.76000000502,24,148469.26000000504,-91102.5
2022-11-16,205176.76000000502,24,148469.26000000504,-93292.5
2022-11-17,203286.76000000502,24,148469.26000000504,-95182.5
2022-11-18,205296.76000000502,24,148469.26000000504,-93172.5
2022-11-20,204276.76000000502,24,148469.26000000504,-94192.5
2022-11-21,204186.76000000502,24,148469.26000000504,-94282.5
2022-11-22,209646.76000000502,24,148469.26000000504,-88822.5
2022-11-23,213756.76000000502,24,148469.26000000504,-84712.5
2022-11-24,213846.76000000502,24,148469.26000000504,-84622.5
2022-11-25,212826.76000000502,24,148469.26000000504,-85642.5
2022-11-27,209526.76000000502,24,148469.26000000504,-88942.5
2022-11-28,206706.76000000502,24,148469.26000000504,-91762.5
2022-11-29,204816.76000000502,24,148469.26000000504,-93652.5
2022-11-30,219336.76000000502,24,148469.26000000504,-79132.5
2022-12-01,217566.76000000502,24,148469.26000000504,-80902.5
2022-12-02,216726.76000000502,24,148469.26000000504,-81742.5
2022-12-04,217176.76000000502,24,148469.26000000504,-81292.5
2022-12-05,209526.76000000502,24,148469.26000000504,-88942.5
2022-12-06,202956.76000000502,24,148469.26000000504,-95512.5
2022-12-07,200616.76000000502,24,148469.26000000504,-97852.5
2022-12-08,205626.76000000502,24,148469.26000000504,-92842.5
2022-12-09,200526.76000000502,24,148469.26000000504,-97942.5
2022-12-11,200736.76000000502,24,148469.26000000504,-97732.5
2022-12-12,207337.000000005,24,148409.50000000503,-91072.5
2022-12-13,212827.000000005,24,148409.50000000503,-85582.5
2022-12-14,208447.000000005,24,148409.50000000503,-89962.5
2022-12-15,195487.000000005,24,148409.50000000503,-102922.5
2022-12-16,189337.000000005,24,148409.50000000503,-109072.5
2022-12-18,190837.000000005,24,148409.50000000503,-107572.5
2022-12-19,182137.000000005,24,148409.50000000503,-116272.5
2022-12-20,188227.000000005,24,148409.50000000503,-110182.5
2022-12-21,194857.000000005,24,148409.50000000503,-103552.5
2022-12-22,187027.000000005,24,148409.50000000503,-111382.5
2022-12-23,188887.000000005,24,148409.50000000503,-109522.5
2022-12-26,192037.000000005,24,148409.50000000503,-106372.5
2022-12-27,187687.000000005,24,148409.50000000503,-110722.5
2022-12-28,182077.000000005,24,148409.50000000503,-116332.5
2022-12-29,188797.000000005,24,148409.50000000503,-109612.5
2022-12-30,188827.000000005,24,148409.50000000503,-109582.5
2023-01-02,188407.000000005,24,148409.50000000503,-110002.5
2023-01-03,187057.000000005,24,148409.50000000503,-111352.5
2023-01-04,189457.000000005,24,148409.50000000503,-108952.5
2023-01-05,186487.000000005,24,148409.50000000503,-111922.5
2023-01-06,194347.000000005,24,148409.50000000503,-104062.5
2023-01-08,196267.000000005,24,148409.50000000503,-102142.5
2023-01-09,192997.000000005,24,148409.50000000503,-105412.5
2023-01-10,197797.000000005,24,148409.50000000503,-100612.5
2023-01-11,204007.000000005,24,148409.50000000503,-94402.5
2023-01-12,203947.000000005,24,148409.50000000503,-94462.5
2023-01-13,206977.000000005,24,148409.50000000503,-91432.5
2023-01-15,207487.000000005,24,148409.50000000503,-90922.5
2023-01-16,205357.000000005,24,148409.50000000503,-93052.5
2023-01-17,206437.000000005,24,148409.50000000503,-91972.5
2023-01-18,197647.000000005,24,148409.50000000503,-100762.5
2023-01-19,195637.000000005,24,148409.50000000503,-102772.5
2023-01-20,203257.000000005,24,148409.50000000503,-95152.5
2023-01-22,202897.000000005,24,148409.50000000503,-95512.5
2023-01-23,209137.000000005,24,148409.50000000503,-89272.5
2023-01-24,206437.000000005,24,148409.50000000503,-91972.5
2023-01-25,209107.000000005,24,148409.50000000503,-89302.5
2023-01-26,212407.000000005,24,148409.50000000503,-86002.5
2023-01-27,214777.000000005,24,148409.50000000503,-83632.5
2023-01-29,213337.000000005,24,148409.50000000503,-85072.5
2023-01-30,208297.000000005,24,148409.50000000503,-90112.5
2023-01-31,214327.000000005,24,148409.50000000503,-84082.5
2023-02-01,222337.000000005,24,148409.50000000503,-76072.5
2023-02-02,225127.000000005,24,148409.50000000503,-73282.5
2023-02-03,222217.000000005,24,148409.50000000503,-76192.5
2023-02-05,220627.000000005,24,148409.50000000503,-77782.5
2023-02-06,219907.000000005,24,148409.50000000503,-78502.5
2023-02-07,225697.000000005,24,148409.50000000503,-72712.5
2023-02-08,221317.000000005,24,148409.50000000503,-77092.5
2023-02-09,214837.000000005,24,148409.50000000503,-83572.5
2023-02-10,216637.000000005,24,148409.50000000503,-81772.5
2023-02-12,214687.000000005,24,148409.50000000503,-83722.5
2023-02-13,221857.000000005,24,148409.50000000503,-76552.5
2023-02-14,220087.000000005,24,148409.50000000503,-78322.5
2023-02-15,224617.000000005,24,148409.50000000503,-73792.5
2023-02-16,214717.000000005,24,148409.50000000503,-83692.5
2023-02-17,214987.000000005,24,148409.50000000503,-83422.5
2023-02-19,215017.000000005,24,148409.50000000503,-83392.5
2023-02-20,213067.000000005,24,148409.50000000503,-85342.5
2023-02-21,206377.000000005,24,148409.50000000503,-92032.5
2023-02-22,206917.000000005,24,148409.50000000503,-91492.5
2023-02-23,206467.000000005,24,148409.50000000503,-91942.5
2023-02-24,201637.000000005,24,148409.50000000503,-96772.5
2023-02-26,202447.000000005,24,148409.50000000503,-95962.5
2023-02-27,203677.000000005,24,148409.50000000503,-94732.5
2023-02-28,201787.000000005,24,148409.50000000503,-96622.5
2023-03-01,197797.000000005,24,148409.50000000503,-100612.5
2023-03-02,201967.000000005,24,148409.50000000503,-96442.5
2023-03-03,210997.000000005,24,148409.50000000503,-87412.5
2023-03-05,211297.000000005,24,148409.50000000503,-87112.5
2023-03-06,212017.000000005,24,148409.50000000503,-86392.5
2023-03-07,203497.000000005,24,148409.50000000503,-94912.5
2023-03-08,203527.000000005,24,148409.50000000503,-94882.5
2023-03-09,191377.000000005,24,148409.50000000503,-107032.5
2023-03-10,190177.000000005,24,148409.50000000503,-108232.5
2023-03-12,196327.000000005,24,148409.50000000503,-102082.5
2023-03-13,189817.240000005,24,148349.74000000503,-108532.5
2023-03-14,195817.240000005,24,148349.74000000503,-102532.5
2023-03-15,193177.240000005,24,148349.74000000503,-105172.5
2023-03-16,200047.240000005,24,148349.74000000503,-98302.5
2023-03-17,194587.240000005,24,148349.74000000503,-103762.5
2023-03-19,195127.240000005,24,148349.74000000503,-103222.5
2023-03-20,199327.240000005,24,148349.74000000503,-99022.5
2023-03-21,205297.240000005,24,148349.74000000503,-93052.5
2023-03-22,199417.240000005,24,148349.74000000503,-98932.5
2023-03-23,198607.240000005,24,148349.74000000503,-99742.5
2023-03-24,202087.240000005,24,148349.74000000503,-96262.5
2023-03-26,203467.240000005,24,148349.74000000503,-94882.5
2023-03-27,202417.240000005,24,148349.74000000503,-95932.5
2023-03-28,202987.240000005,24,148349.74000000503,-95362.5
2023-03-29,207517.240000005,24,148349.74000000503,-90832.5
2023-03-30,211807.240000005,24,148349.74000000503,-86542.5
2023-03-31,217567.240000005,24,148349.74000000503,-80782.5
2023-04-02,215767.240000005,24,148349.74000000503,-82582.5
2023-04-03,219067.240000005,24,148349.74000000503,-79282.5
2023-04-04,216547.240000005,24,148349.74000000503,-81802.5
2023-04-05,213607.240000005,24,148349.74000000503,-84742.5
2023-04-06,216247.240000005,24,148349.74000000503,-82102.5
2023-04-07,217867.240000005,24,148349.74000000503,-80482.5
2023-04-09,216607.240000005,24,148349.74000000503,-81742.5
2023-04-10,217657.240000005,24,148349.74000000503,-80692.5
2023-04-11,217357.240000005,24,148349.74000000503,-80992.5
2023-04-12,215467.240000005,24,148349.74000000503,-82882.5
2023-04-13,221377.240000005,24,148349.74000000503,-76972.5
2023-04-14,221437.240000005,24,148349.74000000503,-76912.5
2023-04-16,221257.240000005,24,148349.74000000503,-77092.5
2023-04-17,221767.240000005,24,148349.74000000503,-76582.5
2023-04-18,221767.240000005,24,148349.74000000503,-76582.5
2023-04-19,221287.240000005,24,148349.74000000503,-77062.5
2023-04-20,219427.240000005,24,148349.74000000503,-78922.5
2023-04-21,219217.240000005,24,148349.74000000503,-79132.5
2023-04-23,218137.240000005,24,148349.74000000503,-80212.5
2023-04-24,218647.240000005,24,148349.74000000503,-79702.5
2023-04-25,213967.240000005,24,148349.74000000503,-84382.5
2023-04-26,210967.240000005,24,148349.74000000503,-87382.5
2023-04-27,218647.240000005,24,148349.74000000503,-79702.5
2023-04-28,223687.240000005,24,148349.74000000503,-74662.5
2023-04-30,223747.240000005,24,148349.74000000503,-74602.5
2023-05-01,222877.240000005,24,148349.74000000503,-75472.5
2023-05-02,218017.240000005,24,148349.74000000503,-80332.5
2023-05-03,214357.240000005,24,148349.74000000503,-83992.5
2023-05-04,211927.240000005,24,148349.74000000503,-86422.5
2023-05-05,218707.240000005,24,148349.74000000503,-79642.5
2023-05-07,218407.240000005,24,148349.74000000503,-79942.5
2023-05-08,219007.240000005,24,148349.74000000503,-79342.5
2023-05-09,217327.240000005,24,148349.74000000503,-81022.5
2023-05-10,220057.240000005,24,148349.74000000503,-78292.5
2023-05-11,218707.240000005,24,148349.74000000503,-79642.5
2023-05-12,216667.240000005,24,148349.74000000503,-81682.5
2023-05-14,217297.240000005,24,148349.74000000503,-81052.5
2023-05-15,217927.240000005,24,148349.74000000503,-80422.5
2023-05-16,216457.240000005,24,148349.74000000503,-81892.5
2023-05-17,221167.240000005,24,148349.74000000503,-77182.5
2023-05-18,227077.240000005,24,148349.74000000503,-71272.5
2023-05-19,224617.240000005,24,148349.74000000503,-73732.5
2023-05-21,225247.240000005,24,148349.74000000503,-73102.5
2023-05-22,226447.240000005,24,148349.74000000503,-71902.5
2023-05-23,220387.240000005,24,148349.74000000503,-77962.5
2023-05-24,217747.240000005,24,148349.74000000503,-80602.5
2023-05-25,219007.240000005,24,148349.74000000503,-79342.5
2023-05-26,227137.240000005,24,148349.74000000503,-71212.5
2023-05-28,227497.240000005,24,148349.74000000503,-70852.5
2023-05-29,227527.240000005,24,148349.74000000503,-70822.5
2023-05-30,225457.240000005,24,148349.74000000503,-72892.5
2023-05-31,223987.240000005,24,148349.74000000503,-74362.5
2023-06-01,229057.240000005,24,148349.74000000503,-69292.5
2023-06-02,235477.240000005,24,148349.74000000503,-62872.5
2023-06-04,234907.240000005,24,148349.74000000503,-63442.5
2023-06-05,234577.240000005,24,148349.74000000503,-63772.5
2023-06-06,236107.240000005,24,148349.74000000503,-62242.5
2023-06-07,233227.240000005,24,148349.74000000503,-65122.5
2023-06-08,236257.240000005,24,148349.74000000503,-62092.5
2023-06-09,237397.240000005,24,148349.74000000503,-60952.5
2023-06-11,237997.240000005,24,148349.74000000503,-60352.5
2023-06-12,242947.480000005,24,148289.98000000502,-55342.5
2023-06-13,245227.480000005,24,148289.98000000502,-53062.5
2023-06-14,245527.480000005,24,148289.98000000502,-52762.5
2023-06-15,251137.480000005,24,148289.98000000502,-47152.5
2023-06-16,250417.480000005,24,148289.98000000502,-47872.5
2023-06-18,249277.480000005,24,148289.98000000502,-49012.5
2023-06-19,248587.480000005,24,148289.98000000502,-49702.5
2023-06-20,247447.480000005,24,148289.98000000502,-50842.5
2023-06-21,244327.480000005,24,148289.98000000502,-53962.5
2023-06-22,244057.480000005,24,148289.98000000502,-54232.5
2023-06-23,241957.480000005,24,148289.98000000502,-56332.5
2023-06-25,243337.480000005,24,148289.98000000502,-54952.5
2023-06-26,240787.480000005,24,148289.98000000502,-57502.5
2023-06-27,244717.480000005,24,148289.98000000502,-53572.5
2023-06-28,245767.480000005,24,148289.98000000502,-52522.5
2023-06-29,247777.480000005,24,148289.98000000502,-50512.5
2023-06-30,253237.480000005,24,148289.98000000502,-45052.5
2023-07-02,253987.480000005,24,148289.98000000502,-44302.5
2023-07-03,254287.480000005,24,148289.98000000502,-44002.5
2023-07-04,254047.480000005,24,148289.98000000502,-44242.5
2023-07-05,251707.480000005,24,148289.98000000502,-46582.5
2023-07-06,248827.480000005,24,148289.98000000502,-49462.5
2023-07-07,247897.480000005,24,148289.98000000502,-50392.5
2023-07-09,246247.480000005,24,148289.98000000502,-52042.5
2023-07-10,248977.480000005,24,148289.98000000502,-49312.5
2023-07-11,252307.480000005,24,148289.98000000502,-45982.5
2023-07-12,257617.480000005,24,148289.98000000502,-40672.5
2023-07-13,260377.480000005,24,148289.98000000502,-37912.5
2023-07-14,259567.480000005,24,148289.98000000502,-38722.5
2023-07-16,259237.480000005,24,148289.98000000502,-39052.5
2023-07-17,261277.480000005,24,148289.98000000502,-37012.5
2023-07-18,265717.480000005,24,148289.98000000502,-32572.5
2023-07-19,266077.480000005,24,148289.98000000502,-32212.5
2023-07-20,263677.480000005,24,148289.98000000502,-34612.5
2023-07-21,263017.480000005,24,148289.98000000502,-35272.5
2023-07-23,262927.480000005,24,148289.98000000502,-35362.5
2023-07-24,265267.480000005,24,148289.98000000502,-33022.5
2023-07-25,266827.480000005,24,148289.98000000502,-31462.5
2023-07-26,268177.480000005,24,148289.98000000502,-30112.5
2023-07-27,263857.480000005,24,148289.98000000502,-34432.5
2023-07-28,268177.480000005,24,148289.98000000502,-30112.5
2023-07-30,267157.480000005,24,148289.98000000502,-31132.5
2023-07-31,269437.480000005,24,148289.98000000502,-28852.5
2023-08-01,264967.480000005,24,148289.98000000502,-33322.5
2023-08-02,260377.480000005,24,148289.98000000502,-37912.5
2023-08-03,259657.480000005,24,148289.98000000502,-38632.5
2023-08-04,255097.480000005,24,148289.98000000502,-43192.5
2023-08-06,257227.480000005,24,148289.98000000502,-41062.5
2023-08-07,258637.480000005,24,148289.98000000502,-39652.5
2023-08-08,257857.480000005,24,148289.98000000502,-40432.5
2023-08-09,255637.480000005,24,148289.98000000502,-42652.5
2023-08-10,253567.480000005,24,148289.98000000502,-44722.5
2023-08-11,253447.480000005,24,148289.98000000502,-44842.5
2023-08-13,251767.480000005,24,148289.98000000502,-46522.5
2023-08-14,257077.480000005,24,148289.98000000502,-41212.5
2023-08-15,250087.480000005,24,148289.98000000502,-48202.5
2023-08-16,246097.480000005,24,148289.98000000502,-52192.5
2023-08-17,241477.480000005,24,148289.98000000502,-56812.5
2023-08-18,240937.480000005,24,148289.98000000502,-57352.5
2023-08-20,241537.480000005,24,148289.98000000502,-56752.5
2023-08-21,244567.480000005,24,148289.98000000502,-53722.5
2023-08-22,244627.480000005,24,148289.98000000502,-53662.5
2023-08-23,252607.480000005,24,148289.98000000502,-45682.5
2023-08-24,241807.480000005,24,148289.98000000502,-56482.5
2023-08-25,244927.480000005,24,148289.98000000502,-53362.5
2023-08-27,245287.480000005,24,148289.98000000502,-53002.5
2023-08-28,248677.480000005,24,148289.98000000502,-49612.5
2023-08-29,257047.480000005,24,148289.98000000502,-41242.5
2023-08-30,258667.480000005,24,148289.98000000502,-39622.5
2023-08-31,257767.480000005,24,148289.98000000502,-40522.5
2023-09-01,257617.480000005,24,148289.98000000502,-40672.5
2023-09-03,257947.480000005,24,148289.98000000502,-40342.5
2023-09-04,257047.480000005,24,148289.98000000502,-41242.5
2023-09-05,255007.480000005,24,148289.98000000502,-43282.5
2023-09-06,251587.480000005,24,148289.98000000502,-46702.5
2023-09-07,250237.480000005,24,148289.98000000502,-48052.5
2023-09-08,250957.480000005,24,148289.98000000502,-47332.5
2023-09-10,251107.480000005,24,148289.98000000502,-47182.5
2023-09-11,253717.72000000498,24,148230.220000005,-44512.5
2023-09-12,250057.72000000498,24,148230.220000005,-48172.5
2023-09-13,253087.72000000498,24,148230.220000005,-45142.5
2023-09-14,257077.72000000498,24,148230.220000005,-41152.5
2023-09-15,249217.72000000498,24,148230.220000005,-49012.5
2023-09-17,250087.72000000498,24,148230.220000005,-48142.5
2023-09-18,249487.72000000498,24,148230.220000005,-48742.5
2023-09-19,247567.72000000498,24,148230.220000005,-50662.5
2023-09-20,241597.72000000498,24,148230.220000005,-56632.5
2023-09-21,234847.72000000498,24,148230.220000005,-63382.5
2023-09-22,232867.72000000498,24,148230.220000005,-65362.5
2023-09-24,234037.72000000498,24,148230.220000005,-64192.5
2023-09-25,233047.72000000498,24,148230.220000005,-65182.5
2023-09-26,227947.72000000498,24,148230.220000005,-70282.5
2023-09-27,227047.72000000498,24,148230.220000005,-71182.5
2023-09-28,230287.72000000498,24,148230.220000005,-67942.5
2023-09-29,228847.72000000498,24,148230.220000005,-69382.5
2023-10-01,231247.72000000498,24,148230.220000005,-66982.5
2023-10-02,228127.72000000498,24,148230.220000005,-70102.5
2023-10-03,219097.72000000498,24,148230.220000005,-79132.5
2023-10-04,225307.72000000498,24,148230.220000005,-72922.5
2023-10-05,223957.72000000498,24,148230.220000005,-74272.5
2023-10-06,230767.72000000498,24,148230.220000005,-67462.5
2023-10-08,225877.72000000498,24,148230.220000005,-72352.5
2023-10-09,234097.72000000498,24,148230.220000005,-64132.5
2023-10-10,236527.72000000498,24,148230.220000005,-61702.5
2023-10-11,239917.72000000498,24,148230.220000005,-58312.5
2023-10-12,235567.72000000498,24,148230.220000005,-62662.5
2023-10-13,231517.72000000498,24,148230.220000005,-66712.5
2023-10-15,233347.72000000498,24,148230.220000005,-64882.5
2023-10-16,236827.72000000498,24,148230.220000005,-61402.5
2023-10-17,236887.72000000498,24,148230.220000005,-61342.5
2023-10-18,229207.72000000498,24,148230.220000005,-69022.5
2023-10-19,224947.72000000498,24,148230.220000005,-73282.5
2023-10-20,218677.72000000498,24,148230.220000005,-79552.5
2023-10-22,219997.72000000498,24,148230.220000005,-78232.5
2023-10-23,219487.72000000498,24,148230.220000005,-78742.5
2023-10-24,220747.72000000498,24,148230.220000005,-77482.5
2023-10-25,211327.72000000498,24,148230.220000005,-86902.5
2023-10-26,210817.72000000498,24,148230.220000005,-87412.5
2023-10-27,205717.72000000498,24,148230.220000005,-92512.5
2023-10-29,207667.72000000498,24,148230.220000005,-90562.5
2023-10-30,209947.72000000498,24,148230.220000005,-88282.5
2023-10-31,214027.72000000498,24,148230.220000005,-84202.5
2023-11-01,221407.72000000498,24,148230.220000005,-76822.5
2023-11-02,229207.72000000498,24,148230.220000005,-69022.5
2023-11-03,234757.72000000498,24,148230.220000005,-63472.5
2023-11-05,234577.72000000498,24,148230.220000005,-63652.5
2023-11-06,234217.72000000498,24,148230.220000005,-64012.5
2023-11-07,236497.72000000498,24,148230.220000005,-61732.5
2023-11-08,236917.72000000498,24,148230.220000005,-61312.5
2023-11-09,233257.72000000498,24,148230.220000005,-64972.5
2023-11-10,240277.72000000498,24,148230.220000005,-57952.5
2023-11-12,238507.72000000498,24,148230.220000005,-59722.5
2023-11-13,240637.72000000498,24,148230.220000005,-57592.5
2023-11-14,251857.72000000498,24,148230.220000005,-46372.5
2023-11-15,250867.72000000498,24,148230.220000005,-47362.5
2023-11-16,252727.72000000498,24,148230.220000005,-45502.5
2023-11-17,252187.72000000498,24,148230.220000005,-46042.5
2023-11-19,252097.72000000498,24,148230.220000005,-46132.5
2023-11-20,256987.72000000498,24,148230.220000005,-41242.5
2023-11-21,255427.72000000498,24,148230.220000005,-42802.5
2023-11-22,257257.72000000498,24,148230.220000005,-40972.5
2023-11-23,257707.72000000498,24,148230.220000005,-40522.5
2023-11-24,257527.72000000498,24,148230.220000005,-40702.5
2023-11-26,255937.72000000498,24,148230.220000005,-42292.5
2023-11-27,256657.72000000498,24,148230.220000005,-41572.5
2023-11-28,257737.72000000498,24,148230.220000005,-40492.5
2023-11-29,257197.72000000498,24,148230.220000005,-41032.5
2023-11-30,258217.72000000498,24,148230.220000005,-40012.5
2023-12-01,261817.72000000498,24,148230.220000005,-36412.5
2023-12-03,260767.72000000498,24,148230.220000005,-37462.5
2023-12-04,257377.72000000498,24,148230.220000005,-40852.5
2023-12-05,259987.72000000498,24,148230.220000005,-38242.5
2023-12-06,255817.72000000498,24,148230.220000005,-42412.5
2023-12-07,260107.72000000498,24,148230.220000005,-38122.5
2023-12-08,262207.720000005,24,148230.220000005,-36022.5
2023-12-10,261907.72000000498,24,148230.220000005,-36322.5
2023-12-11,264577.96000000497,24,148170.460000005,-33592.5
2023-12-12,267427.96000000497,24,148170.460000005,-30742.5
2023-12-13,276637.96000000497,24,148170.460000005,-21532.5
2023-12-14,276427.96000000497,24,148170.460000005,-21742.5
2023-12-15,275317.96000000497,24,148170.460000005,-22852.5
2023-12-17,276727.96000000497,24,148170.460000005,-21442.5
2023-12-18,278197.96000000497,24,148170.460000005,-19972.5
2023-12-19,281647.96000000497,24,148170.460000005,-16522.5
2023-12-20,274777.96000000497,24,148170.460000005,-23392.5
2023-12-21,277777.96000000497,24,148170.460000005,-20392.5
2023-12-22,278887.96000000497,24,148170.460000005,-19282.5
2023-12-25,280357.96000000497,24,148170.460000005,-17812.5
2023-12-26,282067.96000000497,24,148170.460000005,-16102.5
2023-12-27,283627.96000000497,24,148170.460000005,-14542.5
2023-12-28,283237.96000000497,24,148170.460000005,-14932.5
2023-12-29,280507.96000000497,24,148170.460000005,-17662.5
2024-01-01,281467.96000000497,24,148170.460000005,-16702.5
2024-01-02,276997.96000000497,24,148170.460000005,-21172.5
2024-01-03,272947.96000000497,24,148170.460000005,-25222.5
2024-01-04,270847.96000000497,24,148170.460000005,-27322.5
2024-01-05,271237.96000000497,24,148170.460000005,-26932.5
2024-01-07,270847.96000000497,24,148170.460000005,-27322.5
2024-01-08,278497.96000000497,24,148170.460000005,-19672.5
2024-01-09,277627.96000000497,24,148170.460000005,-20542.5
2024-01-10,282397.96000000497,24,148170.460000005,-15772.5
2024-01-11,279907.96000000497,24,148170.460000005,-18262.5
2024-01-12,280327.96000000497,24,148170.460000005,-17842.5
2024-01-14,281137.96000000497,24,148170.460000005,-17032.5
2024-01-15,279037.96000000497,24,148170.460000005,-19132.5
2024-01-16,277687.96000000497,24,148170.460000005,-20482.5
2024-01-17,274837.96000000497,24,148170.460000005,-23332.5
2024-01-18,280687.96000000497,24,148170.460000005,-17482.5
2024-01-19,287347.96000000497,24,148170.460000005,-10822.5
2024-01-21,288817.96000000497,24,148170.460000005,-9352.5
2024-01-22,288757.96000000497,24,148170.460000005,-9412.5
2024-01-23,291637.96000000497,24,148170.460000005,-6532.5
2024-01-24,290707.96000000497,24,148170.460000005,-7462.5
2024-01-25,291247.96000000497,24,148170.460000005,-6922.5
2024-01-26,292507.96000000497,24,148170.460000005,-5662.5
2024-01-28,292387.96000000497,24,148170.460000005,-5782.5
2024-01-29,297337.96000000497,24,148170.460000005,-832.5
2024-01-30,294847.96000000497,24,148170.460000005,-3322.5
2024-01-31,289087.96000000497,24,148170.460000005,-9082.5
2024-02-01,297547.96000000497,24,148170.460000005,-622.5
2024-02-02,301053.7200000051,24,151161.22000000512,-107.5
2024-02-04,300974.9700000051,3,151161.22000000512,-186.25
2024-02-05,301303.7500000051,9,151157.50000000515,146.25
2024-02-06,301708.7500000051,9,151157.50000000515,551.25
2024-02-07,302903.2000000052,9,152939.45000000522,-36.25
2024-02-08,302940.0800000052,3,152938.83000000523,1.25
2024-02-09,303325.1000000052,3,153312.60000000524,12.5
2024-02-11,303322.6000000052,1,153312.60000000524,10.0
2024-02-12,302952.01000000525,6,153433.26000000528,-481.25
2024-02-13,301660.1700000053,13,153428.9200000053,-1768.75
2024-02-14,304633.9200000053,13,153428.9200000053,1205.0
2024-02-15,305293.39000000537,13,155294.6400000054,-1.25
2024-02-16,304724.6600000054,6,155292.16000000542,-567.5
2024-02-18,305009.6600000054,6,155292.16000000542,-282.5
2024-02-19,304439.6600000054,6,155292.16000000542,-852.5
2024-02-20,303716.5700000054,13,155287.82000000545,-1571.25
2024-02-21,307551.58000000543,15,155286.58000000546,2265.0
2024-02-22,309979.19000000553,15,159944.19000000556,35.0
2024-02-23,309862.94000000553,3,159944.19000000556,-81.25
2024-02-25,309810.44000000553,3,159944.19000000556,-133.75
2024-02-26,309566.70000000554,5,159942.95000000557,-376.25
2024-02-27,309949.21000000555,7,159941.71000000558,7.5
2024-02-28,309844.21000000555,7,159941.71000000558,-97.5
2024-02-29,310867.3800000056,7,160818.63000000562,48.75
2024-03-01,311109.2700000056,2,161068.02000000564,41.25
2024-03-03,311119.2700000056,1,161068.02000000564,51.25
2024-03-04,310838.67000000563,4,161189.92000000566,-351.25
2024-03-05,310066.2200000057,14,161183.7200000057,-1117.5
2024-03-06,312500.07000000577,14,162923.8200000058,-423.75
2024-03-07,313897.0000000058,6,163863.25000000585,33.75
2024-03-08,312850.2000000059,12,164228.95000000592,-1378.75
2024-03-10,312100.2000000059,12,164228.95000000592,-2128.75
2024-03-11,313735.38000000594,16,164186.63000000594,-451.25
2024-03-12,316624.26000000606,16,166680.51000000606,-56.25
2024-03-13,316711.7700000061,4,166679.27000000607,32.5
2024-03-14,316616.1700000061,9,166676.1700000061,-60.0
2024-03-15,315184.9400000061,13,166673.6900000061,-1488.75
2024-03-17,315834.9400000061,13,166673.6900000061,-838.75
2024-03-18,317968.7800000062,13,168293.7800000062,-325.0
2024-03-19,319142.58000000624,7,169162.58000000624,-20.0
2024-03-20,320062.0100000063,3,169783.2600000063,278.75
2024-03-21,320073.2800000063,2,170142.0300000063,-68.75
2024-03-22,319840.1700000063,5,170140.17000000633,-300.0
2024-03-24,319840.1700000063,5,170140.17000000633,-300.0
2024-03-25,319684.55000000633,6,170139.55000000633,-455.0
2024-03-26,319675.81000000634,8,170138.31000000634,-462.5
2024-03-27,320735.81000000634,8,170138.31000000634,597.5
2024-03-28,321032.7400000064,8,171138.9900000064,-106.25
2024-03-31,321392.7400000064,3,171138.9900000064,253.75
2024-04-01,320720.2600000064,7,171136.5100000064,-416.25
2024-04-02,319691.53000000643,11,171134.03000000643,-1442.5
2024-04-03,321066.53000000643,11,171134.03000000643,-67.5
2024-04-04,318179.80000000657,18,172492.30000000657,-4312.5
2024-04-05,322724.80000000657,18,172492.30000000657,232.5
2024-04-07,321824.80000000657,18,172492.30000000657,-667.5
2024-04-08,322612.30000000657,18,172492.30000000657,120.0
2024-04-09,323489.80000000657,18,172492.30000000657,997.5
2024-04-10,318379.18000000657,19,172491.68000000657,-4112.5
2024-04-11,322289.8100000066,20,172491.06000000658,-201.25
2024-04-12,314408.5800000066,24,172488.5800000066,-8080.0
2024-04-14,316208.5800000066,24,172488.5800000066,-6280.0
2024-04-15,305558.5800000066,24,172488.5800000066,-16930.0
2024-04-16,306938.5800000066,24,172488.5800000066,-15550.0
2024-04-17,303578.5800000066,24,172488.5800000066,-18910.0
2024-04-18,294548.5800000066,24,172488.5800000066,-27940.0
2024-04-19,294848.5800000066,24,172488.5800000066,-27640.0
2024-04-21,296348.5800000066,24,172488.5800000066,-26140.0
2024-04-22,300158.5800000066,24,172488.5800000066,-22330.0
2024-04-23,309458.5800000066,24,172488.5800000066,-13030.0
2024-04-24,303338.5800000066,24,172488.5800000066,-19150.0
2024-04-25,309338.5800000066,24,172488.5800000066,-13150.0
2024-04-26,310238.5800000066,24,172488.5800000066,-12250.0
2024-04-28,311678.5800000066,24,172488.5800000066,-10810.0
2024-04-29,311588.5800000066,24,172488.5800000066,-10900.0
2024-04-30,302228.5800000066,24,172488.5800000066,-20260.0
2024-05-01,303068.5800000066,24,172488.5800000066,-19420.0
2024-05-02,307268.5800000066,24,172488.5800000066,-15220.0
2024-05-03,313808.5800000066,24,172488.5800000066,-8680.0
2024-05-05,313598.5800000066,24,172488.5800000066,-8890.0
2024-05-06,319418.5800000066,24,172488.5800000066,-3070.0
2024-05-07,319958.5800000066,24,172488.5800000066,-2530.0
2024-05-08,319388.5800000066,24,172488.5800000066,-3100.0
2024-05-09,323378.5800000066,24,172488.5800000066,890.0
2024-05-10,325371.8500000067,24,175490.60000000673,-118.75
2024-05-12,325559.3500000067,5,175490.60000000673,68.75
2024-05-13,325371.8500000067,5,175490.60000000673,-118.75
2024-05-14,326181.26000000676,5,176111.26000000676,70.0
2024-05-15,326733.1700000068,2,176608.1700000068,125.0
2024-05-16,326410.7000000068,5,176729.45000000682,-318.75
2024-05-17,326811.96000000683,7,176728.21000000683,83.75
2024-05-19,327039.46000000683,7,176728.21000000683,311.25
2024-05-20,326969.46000000683,7,176728.21000000683,241.25
2024-05-21,327441.96000000683,7,176728.21000000683,713.75
2024-05-22,327984.46000000683,7,176728.21000000683,1256.25
2024-05-23,326377.0600000069,13,177832.06000000692,-1455.0
2024-05-24,328213.3100000069,13,177832.06000000692,381.25
2024-05-26,327969.5600000069,13,177832.06000000692,137.5
2024-05-27,328782.0600000069,13,177832.06000000692,950.0
2024-05-28,327352.0600000069,13,177832.06000000692,-480.0
2024-05-29,324134.5600000069,13,177832.06000000692,-3697.5
2024-05-30,323075.84000000695,19,177828.34000000695,-4752.5
2024-05-31,330825.3700000071,24,180825.3700000071,0.0
2024-06-02,330910.3700000071,2,180825.3700000071,85.0
2024-06-03,332071.0900000072,10,182069.84000000719,1.25
2024-06-04,332839.27000000724,4,182565.52000000724,273.75
2024-06-05,333634.9600000073,4,183613.7100000073,21.25
2024-06-06,333785.6000000073,4,183611.8500000073,173.75
2024-06-07,333813.16000000737,6,184234.41000000737,-421.25
2024-06-09,333880.66000000737,6,184234.41000000737,-353.75
2024-06-10,334404.4200000074,8,184233.17000000738,171.25
2024-06-11,335368.8500000074,9,185353.85000000743,15.0
2024-06-12,335746.39000000746,5,185701.39000000746,45.0
2024-06-13,336020.1500000075,7,185700.15000000747,320.0
2024-06-14,335818.9000000075,7,185700.15000000747,118.75
2024-06-16,335818.9000000075,7,185700.15000000747,118.75
2024-06-17,336686.46000000753,7,186696.46000000753,-10.0
2024-06-18,336760.21000000753,1,186696.46000000753,63.75
2024-06-19,336810.21000000753,1,186696.46000000753,113.75
2024-06-20,336527.7600000076,9,186815.26000000758,-287.5
2024-06-21,336198.3900000076,10,186814.64000000758,-616.25
2024-06-23,335710.8900000076,10,186814.64000000758,-1103.75
2024-06-24,335587.7700000076,11,186814.0200000076,-1226.25
2024-06-25,336481.5200000076,11,186814.0200000076,-332.5
2024-06-26,335532.7700000076,11,186814.0200000076,-1281.25
2024-06-27,337664.0200000076,11,186814.0200000076,850.0
2024-06-28,337555.3800000077,11,188186.6300000077,-631.25
2024-06-30,337775.3800000077,11,188186.6300000077,-411.25
2024-07-01,337017.2600000077,12,188186.0100000077,-1168.75
2024-07-02,339652.95000000775,12,189679.20000000775,-26.25
2024-07-03,339786.71000000776,1,189802.96000000776,-16.25
2024-07-04,339809.21000000776,1,189802.96000000776,6.25
2024-07-05,340050.4800000078,2,190051.73000000778,-1.25
2024-07-07,340046.7300000078,1,190051.73000000778,-5.0
2024-07-08,340165.4800000078,1,190051.73000000778,113.75
2024-07-09,340163.6200000078,2,190174.8700000078,-11.25
2024-07-10,340544.2700000078,2,190548.02000000782,-3.75
2024-07-11,339701.19000000786,10,190542.44000000786,-841.25
2024-07-12,341333.17000000796,10,192038.17000000796,-705.0
2024-07-14,341595.67000000796,7,192038.17000000796,-442.5
2024-07-15,343030.75000000803,9,192907.00000000803,123.75
2024-07-16,343999.5500000081,9,194025.80000000808,-26.25
2024-07-17,343751.4500000081,6,194022.7000000081,-271.25
2024-07-18,342304.63000000815,17,194015.88000000815,-1711.25
2024-07-19,337937.7800000082,22,194012.78000000818,-6075.0
2024-07-21,339120.2800000082,22,194012.78000000818,-4892.5
2024-07-22,343107.7800000082,22,194012.78000000818,-905.0
2024-07-23,340440.2800000082,22,194012.78000000818,-3572.5
2024-07-24,329986.5400000082,24,194011.5400000082,-14025.0
2024-07-25,327136.5400000082,24,194011.5400000082,-16875.0
2024-07-26,331696.5400000082,24,194011.5400000082,-12315.0
2024-07-28,334636.5400000082,24,194011.5400000082,-9375.0
2024-07-29,330526.5400000082,24,194011.5400000082,-13485.0
2024-07-30,331276.5400000082,24,194011.5400000082,-12735.0
2024-07-31,342826.5400000082,24,194011.5400000082,-1185.0
2024-08-01,324886.5400000082,24,194011.5400000082,-19125.0
2024-08-02,314746.5400000082,24,194011.5400000082,-29265.0
2024-08-04,306916.5400000082,24,194011.5400000082,-37095.0
2024-08-05,307396.5400000082,24,194011.5400000082,-36615.0
2024-08-06,309046.5400000082,24,194011.5400000082,-34965.0
2024-08-07,298966.5400000082,24,194011.5400000082,-45045.0
2024-08-08,314356.5400000082,24,194011.5400000082,-29655.0
2024-08-09,315586.5400000082,24,194011.5400000082,-28425.0
2024-08-11,316006.5400000082,24,194011.5400000082,-28005.0
2024-08-12,316846.5400000082,24,194011.5400000082,-27165.0
2024-08-13,326686.5400000082,24,194011.5400000082,-17325.0
2024-08-14,330646.5400000082,24,194011.5400000082,-13365.0
2024-08-15,340996.5400000082,24,194011.5400000082,-3015.0
2024-08-16,341416.5400000082,24,194011.5400000082,-2595.0
2024-08-18,342076.5400000082,24,194011.5400000082,-1935.0
2024-08-19,347022.2900000083,24,197011.0400000083,11.25
2024-08-20,347177.9300000083,4,197009.18000000832,168.75
2024-08-21,347549.85000000836,5,197507.35000000836,42.5
2024-08-22,347304.31000000844,12,198176.81000000844,-872.5
2024-08-23,350415.06000000855,12,200426.31000000855,-11.25
2024-08-25,350390.06000000855,1,200426.31000000855,-36.25
2024-08-26,350276.9600000086,6,200423.21000000858,-146.25
2024-08-27,350749.4700000086,8,200421.9700000086,327.5
2024-08-28,348380.1200000086,13,200418.8700000086,-2038.75
2024-08-29,351739.63000000874,13,202410.88000000874,-671.25
2024-08-30,353530.3100000088,9,203536.5600000088,-6.25
2024-09-01,353512.8100000088,1,203536.5600000088,-23.75
2024-09-02,353509.0600000088,1,203536.5600000088,-27.5
2024-09-03,347542.90000000887,19,203525.40000000887,-5982.5
2024-09-04,348178.5300000089,20,203524.78000000888,-5346.25
2024-09-05,346594.1700000089,23,203522.9200000089,-6928.75
2024-09-06,334522.3000000089,24,203522.3000000089,-19000.0
2024-09-08,338272.3000000089,24,203522.3000000089,-15250.0
2024-09-09,343282.3000000089,24,203522.3000000089,-10240.0
2024-09-10,343432.3000000089,24,203522.3000000089,-10090.0
2024-09-11,354202.3000000089,24,203522.3000000089,680.0
2024-09-12,356620.550000009,24,206526.800000009,93.75
2024-09-13,356731.83000000904,3,206773.08000000904,-41.25
2024-09-15,356821.83000000904,3,206773.08000000904,48.75
2024-09-16,356965.64000000904,5,206759.39000000904,206.25
2024-09-17,357668.8300000091,8,207670.0800000091,-1.25
2024-09-18,359798.2900000092,9,208668.29000000918,1130.0
2024-09-19,362015.89000000927,9,212187.14000000927,-171.25
2024-09-20,362045.2900000093,8,212184.0400000093,-138.75
2024-09-22,362875.2900000093,8,212184.0400000093,691.25
2024-09-23,362435.2900000093,8,212184.0400000093,251.25
2024-09-24,363155.34000000934,8,213179.09000000934,-23.75
2024-09-25,363705.35000000935,4,213177.85000000935,527.5
2024-09-26,364117.2800000094,7,214063.5300000094,53.75
2024-09-27,363548.5300000094,7,214063.5300000094,-515.0
2024-09-29,363889.7800000094,7,214063.5300000094,-173.75
2024-09-30,365326.73000000947,10,215311.73000000947,15.0
2024-10-01,364376.1600000095,13,215304.91000000952,-928.75
2024-10-02,363878.0400000095,14,215304.29000000953,-1426.25
2024-10-03,364035.5400000095,14,215304.29000000953,-1268.75
2024-10-04,367793.80000000965,14,217800.05000000965,-6.25
2024-10-06,367797.55000000965,1,217800.05000000965,-2.5
2024-10-07,366776.3400000097,9,217795.0900000097,-1018.75
2024-10-08,369024.53000000975,9,218917.03000000975,107.5
2024-10-09,369648.3200000098,4,219539.5700000098,108.75
2024-10-10,369709.5800000098,4,219538.3300000098,171.25
2024-10-11,370056.4800000098,4,220036.48000000982,20.0
2024-10-13,370067.7300000098,1,220036.48000000982,31.25
2024-10-14,370468.38000000984,2,220293.38000000984,175.0
2024-10-15,369887.1700000099,10,220288.42000000988,-401.25
2024-10-16,370162.1700000099,10,220288.42000000988,-126.25
2024-10-17,372048.50000000995,10,222589.75000000995,-541.25
2024-10-18,372746.00000000995,6,222589.75000000995,156.25
2024-10-20,372761.00000000995,6,222589.75000000995,171.25
2024-10-21,372237.89000000997,9,222587.89000000997,-350.0
2024-10-22,372432.27000001,10,222587.27000000997,-155.0
2024-10-23,371426.69000001,19,222581.69000001,-1155.0
2024-10-24,371141.69000001,19,222581.69000001,-1440.0
2024-10-25,374057.45000001014,19,224948.70000001014,-891.25
2024-10-27,375307.45000001014,8,224948.70000001014,358.75
2024-10-28,374477.45000001014,8,224948.70000001014,-471.25
2024-10-29,375657.45000001014,8,224948.70000001014,708.75
2024-10-30,373497.45000001014,8,224948.70000001014,-1451.25
2024-10-31,369004.3800000102,19,224941.8800000102,-5937.5
2024-11-01,370073.1300000102,19,224941.8800000102,-4868.75
2024-11-03,371355.6300000102,19,224941.8800000102,-3586.25
2024-11-04,368576.2600000102,20,224941.2600000102,-6365.0
2024-11-05,383151.2600000102,20,224941.2600000102,8210.0
2024-11-06,388836.42000001034,20,238783.92000001034,52.5
2024-11-07,389112.0800000104,3,239154.58000001038,-42.5
2024-11-08,389475.8600000104,3,239528.3600000104,-52.5
2024-11-10,389670.8600000104,3,239528.3600000104,142.5
2024-11-11,389592.7400000104,4,239527.7400000104,65.0
2024-11-12,389202.7600000104,8,239525.26000001043,-322.5
2024-11-13,389542.7600000104,8,239525.26000001043,17.5
2024-11-14,387126.53000001045,12,239522.78000001045,-2396.25
2024-11-15,383064.7100000105,23,239515.9600000105,-6451.25
2024-11-17,384674.7100000105,23,239515.9600000105,-4841.25
2024-11-18,386543.4600000105,23,239515.9600000105,-2972.5
2024-11-19,388527.2100000105,23,239515.9600000105,-988.75
2024-11-20,385824.7100000105,23,239515.9600000105,-3691.25
2024-11-21,392289.8400000106,23,242392.34000001062,-102.5
2024-11-22,392755.4700000106,4,242391.72000001062,363.75
2024-11-24,393210.4700000106,4,242391.72000001062,818.75
2024-11-25,393591.7800000107,8,243458.03000001068,133.75
2024-11-26,394554.3300000107,8,244455.58000001073,98.75
2024-11-27,394668.10000001075,6,244453.10000001075,215.0
2024-11-28,395035.60000001075,6,244453.10000001075,582.5
2024-11-29,395251.2600000108,6,245203.76000001078,47.5
2024-12-01,395195.0100000108,1,245203.76000001078,-8.75
2024-12-02,395323.7700000108,1,245327.5200000108,-3.75
2024-12-03,395633.1600000108,4,245325.6600000108,307.5
2024-12-04,395958.1900000108,4,245824.44000001083,133.75
2024-12-05,395800.10000001086,5,246071.35000001086,-271.25
2024-12-06,396100.10000001086,5,246071.35000001086,28.75
2024-12-08,396037.60000001086,5,246071.35000001086,-33.75
2024-12-09,394997.6200000109,9,246068.87000001088,-1071.25
2024-12-10,394452.6400000109,13,246066.3900000109,-1613.75
2024-12-11,397532.720000011,13,247692.72000001097,-160.0
2024-12-12,397134.620000011,8,247689.620000011,-555.0
2024-12-13,396536.510000011,11,247687.760000011,-1151.25
2024-12-15,396935.260000011,11,247687.760000011,-752.5
2024-12-16,397870.370000011,11,247660.370000011,210.0
2024-12-17,397155.370000011,11,247660.370000011,-505.0
2024-12-18,379228.56000001106,24,247652.31000001106,-18423.75
2024-12-19,375178.56000001106,24,247652.31000001106,-22473.75
2024-12-20,385138.56000001106,24,247652.31000001106,-12513.75
2024-12-22,388978.56000001106,24,247652.31000001106,-8673.75
2024-12-23,389818.56000001106,24,247652.31000001106,-7833.75
2024-12-24,397438.56000001106,24,247652.31000001106,-213.75
2024-12-25,397738.56000001106,24,247652.31000001106,86.25
2024-12-26,395488.56000001106,24,247652.31000001106,-2163.75
2024-12-27,389068.56000001106,24,247652.31000001106,-8583.75
2024-12-29,387688.56000001106,24,247652.31000001106,-9963.75
2024-12-30,380188.56000001106,24,247652.31000001106,-17463.75
2024-12-31,378148.56000001106,24,247652.31000001106,-19503.75
2025-01-01,380188.56000001106,24,247652.31000001106,-17463.75
2025-01-02,376828.56000001106,24,247652.31000001106,-20823.75
2025-01-03,383788.56000001106,24,247652.31000001106,-13863.75
2025-01-05,384088.56000001106,24,247652.31000001106,-13563.75
2025-01-06,387658.56000001106,24,247652.31000001106,-9993.75
2025-01-07,381358.56000001106,24,247652.31000001106,-16293.75
2025-01-08,378898.56000001106,24,247652.31000001106,-18753.75
2025-01-09,378838.56000001106,24,247652.31000001106,-18813.75
2025-01-10,368938.56000001106,24,247652.31000001106,-28713.75
2025-01-12,366538.56000001106,24,247652.31000001106,-31113.75
2025-01-13,372628.56000001106,24,247652.31000001106,-25023.75
2025-01-14,371638.56000001106,24,247652.31000001106,-26013.75
2025-01-15,384388.56000001106,24,247652.31000001106,-13263.75
2025-01-16,383848.56000001106,24,247652.31000001106,-13803.75
2025-01-17,389458.56000001106,24,247652.31000001106,-8193.75
2025-01-19,389398.56000001106,24,247652.31000001106,-8253.75
2025-01-20,390568.56000001106,24,247652.31000001106,-7083.75
2025-01-21,398068.56000001106,24,247652.31000001106,416.25
2025-01-22,400601.1900000112,24,250662.44000001118,-61.25
2025-01-23,401030.5900000112,3,251035.5900000112,-5.0
2025-01-24,400944.3600000112,5,251033.11000001122,-88.75
2025-01-26,399538.1100000112,5,251033.11000001122,-1495.0
2025-01-27,398982.4900000112,6,251032.49000001122,-2050.0
2025-01-28,400474.9900000112,6,251032.49000001122,-557.5
2025-01-29,400272.4900000112,6,251032.49000001122,-760.0
2025-01-30,400917.4900000112,6,251032.49000001122,-115.0
2025-01-31,399783.8300000113,12,251776.3300000113,-1992.5
2025-02-02,392463.8300000113,12,251776.3300000113,-9312.5
2025-02-03,399296.98000001133,17,251773.23000001133,-2476.25
2025-02-04,399955.73000001133,17,251773.23000001133,-1817.5
2025-02-05,404066.4500000114,17,253896.45000001142,170.0
2025-02-06,404343.98000001145,3,254267.73000001145,76.25
2025-02-07,403212.1600000115,9,254512.1600000115,-1300.0
2025-02-09,403853.4100000115,9,254512.1600000115,-658.75
2025-02-10,404337.1600000115,9,254512.1600000115,-175.0
2025-02-11,404888.4100000115,9,254512.1600000115,376.25
2025-02-12,405176.5400000115,10,254511.5400000115,665.0
2025-02-13,406127.2400000116,10,256029.74000001157,97.5
2025-02-14,406079.7400000116,1,256029.74000001157,50.0
2025-02-16,406132.2400000116,1,256029.74000001157,102.5
2025-02-17,406138.4900000116,1,256029.74000001157,108.75
2025-02-18,406178.5000000116,1,256153.50000001158,25.0
2025-02-19,406169.7800000116,3,256401.0300000116,-231.25
2025-02-20,406044.81000001164,9,256397.31000001164,-352.5
2025-02-21,399194.2500000117,22,256389.2500000117,-7195.0
2025-02-23,402246.7500000117,22,256389.2500000117,-4142.5
2025-02-24,396819.2600000117,24,256388.0100000117,-9568.75
2025-02-25,394599.2600000117,24,256388.0100000117,-11788.75
2025-02-26,392679.2600000117,24,256388.0100000117,-13708.75
2025-02-27,381129.2600000117,24,256388.0100000117,-25258.75
2025-02-28,390699.2600000117,24,256388.0100000117,-15688.75
2025-03-02,392409.2600000117,24,256388.0100000117,-13978.75
2025-03-03,380259.2600000117,24,256388.0100000117,-26128.75
2025-03-04,374949.2600000117,24,256388.0100000117,-31438.75
2025-03-05,377649.2600000117,24,256388.0100000117,-28738.75
2025-03-06,367389.2600000117,24,256388.0100000117,-38998.75
2025-03-07,368349.2600000117,24,256388.0100000117,-38038.75
2025-03-09,365799.2600000117,24,256388.0100000117,-40588.75
2025-03-10,350679.2600000117,24,256388.0100000117,-55708.75
2025-03-11,346479.2600000117,24,256388.0100000117,-59908.75
2025-03-12,346449.2600000117,24,256388.0100000117,-59938.75
2025-03-13,344109.2600000117,24,256388.0100000117,-62278.75
2025-03-14,351189.2600000117,24,256388.0100000117,-55198.75
2025-03-16,348879.2600000117,24,256388.0100000117,-57508.75
2025-03-17,355029.5000000117,24,256328.2500000117,-51298.75
2025-03-18,351159.5000000117,24,256328.2500000117,-55168.75
2025-03-19,360219.5000000117,24,256328.2500000117,-46108.75
2025-03-20,355299.5000000117,24,256328.2500000117,-51028.75
2025-03-21,355899.5000000117,24,256328.2500000117,-50428.75
2025-03-23,359979.5000000117,24,256328.2500000117,-46348.75
2025-03-24,366339.5000000117,24,256328.2500000117,-39988.75
2025-03-25,368529.5000000117,24,256328.2500000117,-37798.75
2025-03-26,361509.5000000117,24,256328.2500000117,-44818.75
2025-03-27,358869.5000000117,24,256328.2500000117,-47458.75
2025-03-28,341799.5000000117,24,256328.2500000117,-64528.75
2025-03-30,338889.5000000117,24,256328.2500000117,-67438.75
2025-03-31,345669.5000000117,24,256328.2500000117,-60658.75
2025-04-01,349419.5000000117,24,256328.2500000117,-56908.75
2025-04-02,335889.5000000117,24,256328.2500000117,-70438.75
2025-04-03,317619.5000000117,24,256328.2500000117,-88708.75
2025-04-04,281109.5000000117,24,256328.2500000117,-125218.75
2025-04-06,261219.5000000117,24,256328.2500000117,-145108.75
2025-04-07,289839.5000000117,24,256328.2500000117,-116488.75
2025-04-08,260349.5000000117,24,256328.2500000117,-145978.75
2025-04-09,324039.5000000117,24,256328.2500000117,-82288.75
2025-04-10,305469.5000000117,24,256328.2500000117,-100858.75
2025-04-11,316989.5000000117,24,256328.2500000117,-89338.75
2025-04-13,321939.5000000117,24,256328.2500000117,-84388.75
2025-04-14,321969.5000000117,24,256328.2500000117,-84358.75
2025-04-15,315069.5000000117,24,256328.2500000117,-91258.75
2025-04-16,310839.5000000117,24,256328.2500000117,-95488.75
2025-04-17,308679.5000000117,24,256328.2500000117,-97648.75
2025-04-20,301569.5000000117,24,256328.2500000117,-104758.75
2025-04-21,293919.5000000117,24,256328.2500000117,-112408.75
2025-04-22,316899.5000000117,24,256328.2500000117,-89428.75
2025-04-23,316659.5000000117,24,256328.2500000117,-89668.75
2025-04-24,334449.5000000117,24,256328.2500000117,-71878.75
2025-04-25,335799.5000000117,24,256328.2500000117,-70528.75
2025-04-27,331719.5000000117,24,256328.2500000117,-74608.75
2025-04-28,336969.5000000117,24,256328.2500000117,-69358.75
2025-04-29,336399.5000000117,24,256328.2500000117,-69928.75
2025-04-30,347229.5000000117,24,256328.2500000117,-59098.75
2025-05-01,349629.5000000117,24,256328.2500000117,-56698.75
2025-05-02,354759.5000000117,24,256328.2500000117,-51568.75
2025-05-04,349839.5000000117,24,256328.2500000117,-56488.75
2025-05-05,349029.5000000117,24,256328.2500000117,-57298.75
2025-05-06,348579.5000000117,24,256328.2500000117,-57748.75
2025-05-07,353109.5000000117,24,256328.2500000117,-53218.75
2025-05-08,352419.5000000117,24,256328.2500000117,-53908.75
2025-05-09,351579.5000000117,24,256328.2500000117,-54748.75
2025-05-11,360729.5000000117,24,256328.2500000117,-45598.75
2025-05-12,370629.5000000117,24,256328.2500000117,-35698.75
2025-05-13,378159.5000000117,24,256328.2500000117,-28168.75
2025-05-14,377259.5000000117,24,256328.2500000117,-29068.75
2025-05-15,381489.5000000117,24,256328.2500000117,-24838.75
2025-05-16,383319.5000000117,24,256328.2500000117,-23008.75
2025-05-18,378879.5000000117,24,256328.2500000117,-27448.75
2025-05-19,385359.5000000117,24,256328.2500000117,-20968.75
2025-05-20,382659.5000000117,24,256328.2500000117,-23668.75
2025-05-21,373359.5000000117,24,256328.2500000117,-32968.75
2025-05-22,372939.5000000117,24,256328.2500000117,-33388.75
2025-05-23,367269.5000000117,24,256328.2500000117,-39058.75
2025-05-25,374499.5000000117,24,256328.2500000117,-31828.75
2025-05-26,373209.5000000117,24,256328.2500000117,-33118.75
2025-05-27,381099.5000000117,24,256328.2500000117,-25228.75
2025-05-28,388839.5000000117,24,256328.2500000117,-17488.75
2025-05-29,378609.5000000117,24,256328.2500000117,-27718.75
2025-05-30,379149.5000000117,24,256328.2500000117,-27178.75
2025-06-01,376059.5000000117,24,256328.2500000117,-30268.75
2025-06-02,380529.5000000117,24,256328.2500000117,-25798.75
2025-06-03,386739.5000000117,24,256328.2500000117,-19588.75
2025-06-04,386679.5000000117,24,256328.2500000117,-19648.75
2025-06-05,384699.5000000117,24,256328.2500000117,-21628.75
2025-06-06,390699.5000000117,24,256328.2500000117,-15628.75
2025-06-08,389049.5000000117,24,256328.2500000117,-17278.75
2025-06-09,393699.5000000117,24,256328.2500000117,-12628.75
2025-06-10,392979.5000000117,24,256328.2500000117,-13348.75
2025-06-11,390579.5000000117,24,256328.2500000117,-15748.75
2025-06-12,384819.5000000117,24,256328.2500000117,-21508.75
2025-06-13,386889.5000000117,24,256328.2500000117,-19438.75
2025-06-15,387999.5000000117,24,256328.2500000117,-18328.75
2025-06-16,391269.7400000117,24,256268.4900000117,-14998.75
2025-06-17,387909.7400000117,24,256268.4900000117,-18358.75
2025-06-18,386019.7400000117,24,256268.4900000117,-20248.75
2025-06-19,385509.7400000117,24,256268.4900000117,-20758.75
2025-06-20,386019.7400000117,24,256268.4900000117,-20248.75
2025-06-22,383139.7400000117,24,256268.4900000117,-23128.75
2025-06-23,396489.7400000117,24,256268.4900000117,-9778.75
2025-06-24,400239.7400000117,24,256268.4900000117,-6028.75
2025-06-25,401319.7400000117,24,256268.4900000117,-4948.75
2025-06-26,407199.7400000117,24,256268.4900000117,931.25
2025-06-27,409748.64000001183,24,259251.14000001183,497.5
2025-06-29,410558.64000001183,6,259251.14000001183,1307.5
2025-06-30,410960.6000000119,6,261055.6000000119,-95.0
2025-07-01,411375.6100000119,5,261054.36000001192,321.25
2025-07-02,411718.14000001195,5,261678.14000001195,40.0
2025-07-03,411848.16000001197,1,261925.66000001197,-77.5
2025-07-04,411725.66000001197,1,261925.66000001197,-200.0
2025-07-06,411814.41000001197,1,261925.66000001197,-111.25
2025-07-07,411461.960000012,11,261919.460000012,-457.5
2025-07-08,410856.960000012,11,261919.460000012,-1062.5
2025-07-09,413293.9200000121,11,263293.9200000121,0.0
2025-07-10,413995.8300000121,6,264039.5800000121,-43.75
2025-07-11,413987.72000001214,4,264037.72000001214,-50.0
2025-07-13,413577.72000001214,4,264037.72000001214,-460.0
2025-07-14,414447.72000001214,4,264037.72000001214,410.0
2025-07-15,412712.1700000122,11,264853.4200000122,-2141.25
2025-07-16,414622.82000001223,16,264850.32000001223,-227.5
2025-07-17,417139.8000000123,16,267101.0500000123,38.75
2025-07-18,417110.44000001234,4,267099.19000001234,11.25
2025-07-20,417195.44000001234,4,267099.19000001234,96.25
2025-07-21,417475.4800000124,4,267595.4800000124,-120.0
2025-07-22,418184.8700000124,7,267593.6200000124,591.25
2025-07-23,418958.68000001245,7,268899.93000001245,58.75
2025-07-24,419173.70000001247,3,269022.45000001247,151.25
2025-07-25,419308.70000001247,3,269022.45000001247,286.25
2025-07-27,419653.70000001247,3,269022.45000001247,631.25
2025-07-28,419353.70000001247,3,269022.45000001247,331.25
2025-07-29,419216.8800000125,8,269425.6300000125,-208.75
2025-07-30,421025.0900000126,12,270918.8400000126,106.25
2025-07-31,418794.52000001265,12,270912.02000001265,-2117.5
2025-08-01,412380.1900000127,21,270906.4400000127,-8526.25
2025-08-03,415162.6900000127,21,270906.4400000127,-5743.75
2025-08-04,423142.6900000127,21,270906.4400000127,2236.25
2025-08-05,423307.22000001284,21,273517.22000001284,-210.0
2025-08-06,424956.0300000129,10,274762.2800000129,193.75
2025-08-07,425900.47000001295,11,275140.47000001295,760.0
2025-08-08,426808.050000013,11,276634.300000013,173.75
2025-08-10,426804.300000013,3,276634.300000013,170.0
2025-08-11,426598.69000001304,6,276632.44000001304,-33.75
2025-08-12,427979.3900000131,6,277880.6400000131,98.75
2025-08-13,428215.04000001313,4,278090.04000001313,125.0
2025-08-14,428580.04000001313,4,278090.04000001313,490.0
2025-08-15,427920.67000001314,5,278089.42000001314,-168.75
2025-08-17,428276.92000001314,5,278089.42000001314,187.5
2025-08-18,427755.05000001314,6,278088.80000001314,-333.75
2025-08-19,425365.7100000132,13,278084.4600000132,-2718.75
2025-08-20,426777.6300000132,22,278078.8800000132,-1301.25
2025-08-21,423670.1300000132,22,278078.8800000132,-4408.75
2025-08-22,431218.40000001335,22,280954.65000001335,263.75
2025-08-24,431037.15000001335,5,280954.65000001335,82.5
2025-08-25,430215.28000001336,6,280954.03000001336,-738.75
2025-08-26,431618.41000001336,7,280953.41000001336,665.0
2025-08-27,431883.4600000134,7,281822.2100000134,61.25
2025-08-28,432183.4800000134,3,282195.9800000134,-12.5
2025-08-29,431754.14000001346,8,282191.64000001346,-437.5
2025-08-31,431624.14000001346,8,282191.64000001346,-567.5
2025-09-01,431564.14000001346,8,282191.64000001346,-627.5
2025-09-02,430727.2800000135,11,282189.7800000135,-1462.5
2025-09-03,432391.0300000135,11,282189.7800000135,201.25
2025-09-04,433748.60000001354,11,283689.85000001354,58.75
2025-09-05,433274.3000000136,14,283805.5500000136,-531.25
2025-09-07,434044.3000000136,14,283805.5500000136,238.75
2025-09-08,435094.3000000136,14,283805.5500000136,1288.75
2025-09-09,435635.0000000137,14,285557.5000000137,77.5
2025-09-10,435990.0300000137,5,285710.0300000137,280.0
2025-09-11,436664.46000001376,5,286583.21000001376,81.25
2025-09-12,436644.46000001376,2,286583.21000001376,61.25
2025-09-14,436681.96000001376,2,286583.21000001376,98.75
2025-09-15,437019.5000000138,2,286842.0000000138,177.5
2025-09-16,436817.0000000138,2,286842.0000000138,-25.0
2025-09-17,438578.3500000139,9,287959.6000000139,618.75
2025-09-18,438714.66000001394,4,288735.91000001394,-21.25
2025-09-19,439203.440000014,4,289235.940000014,-32.5
2025-09-21,439183.440000014,2,289235.940000014,-52.5
2025-09-22,439651.590000014,3,289607.840000014,43.75
2025-09-23,439326.620000014,7,289604.120000014,-277.5
2025-09-24,439249.77000001405,12,289601.02000001405,-351.25
2025-09-25,436958.5500000141,18,289597.3000000141,-2638.75
2025-09-26,440558.5500000141,18,289597.3000000141,961.25
2025-09-28,442178.5500000141,18,289597.3000000141,2581.25
2025-09-29,442824.2900000142,18,292726.7900000142,97.5
2025-09-30,443003.0800000142,5,293350.5800000142,-347.5
2025-10-01,443920.61000001425,4,293846.86000001425,73.75
2025-10-02,444580.0200000143,6,293972.5200000143,607.5
2025-10-03,444495.08000001434,6,294715.08000001434,-220.0
2025-10-05,445110.08000001434,6,294715.08000001434,395.0
2025-10-06,445342.6200000144,6,295465.1200000144,-122.5
2025-10-07,445417.0300000144,9,295460.7800000144,-43.75
2025-10-08,446591.46000001446,9,296580.21000001446,11.25
2025-10-09,446685.8600000145,7,296577.1100000145,108.75
2025-10-10,427942.82000001456,24,296566.57000001456,-18623.75
2025-10-12,442162.82000001456,24,296566.57000001456,-4403.75
2025-10-13,444982.82000001456,24,296566.57000001456,-1583.75
2025-10-14,445162.82000001456,24,296566.57000001456,-1403.75
2025-10-15,449970.52000001475,24,299673.02000001475,297.5
2025-10-16,448418.78000001487,14,301458.78000001487,-3040.0
2025-10-17,453130.11000001495,13,303088.86000001495,41.25
2025-10-19,453313.86000001495,3,303088.86000001495,225.0
2025-10-20,453702.020000015,3,303584.520000015,117.5
2025-10-21,453724.520000015,2,303584.520000015,140.0
2025-10-22,453958.310000015,10,303579.560000015,378.75
2025-10-23,455555.9200000151,10,305448.4200000151,107.5
2025-10-24,455862.83000001515,3,306004.08000001515,-141.25
2025-10-26,456654.08000001515,3,306004.08000001515,650.0
2025-10-27,456971.6200000152,3,306971.6200000152,0.0
2025-10-28,457181.0100000152,2,307094.7600000152,86.25
2025-10-29,458186.07000001526,5,307712.32000001526,473.75
2025-10-30,458141.1000000153,10,307708.6000000153,432.5
2025-10-31,456982.3600000153,12,307707.3600000153,-725.0
2025-11-02,457837.3600000153,12,307707.3600000153,130.0
2025-11-03,455647.3600000153,12,307707.3600000153,-2060.0
2025-11-04,451520.5000000153,15,307705.5000000153,-6185.0
2025-11-05,454704.8800000153,16,307704.8800000153,-3000.0
2025-11-06,448104.92000001535,24,307699.92000001535,-9595.0
2025-11-07,449904.92000001535,24,307699.92000001535,-7795.0
2025-11-09,454344.92000001535,24,307699.92000001535,-3355.0
2025-11-10,460668.17000001547,24,310689.42000001547,-21.25
2025-11-11,461293.8400000155,4,311186.3400000155,107.5
2025-11-12,461635.1000000155,4,311185.1000000155,450.0
2025-11-13,455552.0500000156,19,311175.8000000156,-5623.75
2025-11-14,457630.8100000156,21,311174.5600000156,-3543.75
2025-11-16,459809.5600000156,21,311174.5600000156,-1365.0
2025-11-17,446745.8200000156,23,311173.3200000156,-14427.5
2025-11-18,442708.9500000156,24,311172.7000000156,-18463.75
2025-11-19,457228.9500000156,24,311172.7000000156,-3943.75
2025-11-20,436618.9500000156,24,311172.7000000156,-24553.75
2025-11-21,443158.9500000156,24,311172.7000000156,-18013.75
2025-11-23,445228.9500000156,24,311172.7000000156,-15943.75
2025-11-24,453718.9500000156,24,311172.7000000156,-7453.75
2025-11-25,463048.9500000156,24,311172.7000000156,1876.25
2025-11-26,464434.10000001575,24,314421.60000001575,12.5
2025-11-27,464486.60000001575,2,314421.60000001575,65.0
2025-11-28,464747.87000001577,2,314669.12000001577,78.75
2025-11-30,464260.37000001577,2,314669.12000001577,-408.75
2025-12-01,464384.7500000158,3,314668.5000000158,-283.75
2025-12-02,464898.5000000158,3,314668.5000000158,230.0
2025-12-03,465034.7700000158,3,315042.2700000158,-7.5
2025-12-04,465731.0400000158,5,315039.7900000158,691.25
2025-12-05,465750.46000001585,5,315662.96000001585,87.5
2025-12-07,465975.46000001585,4,315662.96000001585,312.5
2025-12-08,465663.6100000159,9,315659.8600000159,3.75
2025-12-09,465213.6100000159,9,315659.8600000159,-446.25
2025-12-10,466740.58000001597,9,317278.08000001597,-537.5
2025-12-11,468225.03000001604,7,318271.28000001604,-46.25
2025-12-12,466567.5900000161,13,318263.8400000161,-1696.25
2025-12-14,467575.0900000161,13,318263.8400000161,-688.75
2025-12-15,463951.4700000161,13,318231.4700000161,-4280.0
2025-12-16,463883.39000001614,22,318225.89000001614,-4342.5
2025-12-17,457310.90000001615,24,318224.65000001615,-10913.75
2025-12-18,462770.90000001615,24,318224.65000001615,-5453.75
2025-12-19,469880.90000001615,24,318224.65000001615,1656.25
2025-12-21,471260.90000001615,24,318224.65000001615,3036.25
2025-12-22,473303.53000001627,24,323224.78000001627,78.75
2025-12-23,473944.2100000163,4,323970.4600000163,-26.25
2025-12-24,474069.85000001633,2,324093.60000001633,-23.75
2025-12-25,474084.85000001633,2,324093.60000001633,-8.75
2025-12-26,474055.48000001634,3,324092.98000001634,-37.5
2025-12-28,474059.23000001634,3,324092.98000001634,-33.75
2025-12-29,473892.37000001635,6,324091.12000001635,-198.75
2025-12-30,473254.87000001635,6,324091.12000001635,-836.25
2025-12-31,471074.2900000164,15,324085.5400000164,-3011.25
2026-01-01,473211.7900000164,15,324085.5400000164,-873.75
2026-01-02,472045.5600000164,19,324083.0600000164,-2037.5
2026-01-04,473090.5600000164,19,324083.0600000164,-992.5
2026-01-05,476633.1700000165,19,326449.4200000165,183.75
2026-01-06,477195.72000001656,3,327193.22000001656,2.5
2026-01-07,476103.2800000166,9,327435.7800000166,-1332.5
2026-01-08,476534.5400000166,11,327434.5400000166,-900.0
2026-01-09,478809.6000000167,11,328809.6000000167,0.0
2026-01-11,478623.3500000167,1,328809.6000000167,-186.25
2026-01-12,479023.3700000167,2,329057.1200000167,-33.75
2026-01-13,478874.0200000167,6,329054.0200000167,-180.0
2026-01-14,478245.31000001676,14,329049.06000001676,-803.75
2026-01-15,482185.41000001685,14,331837.91000001685,347.5
2026-01-16,481546.67000001686,8,331836.67000001686,-290.0
2026-01-18,479016.67000001686,8,331836.67000001686,-2820.0
2026-01-19,478526.67000001686,8,331836.67000001686,-3310.0
2026-01-20,476282.3500000169,19,331829.8500000169,-5547.5
2026-01-21,484421.85000001703,19,334199.35000001703,222.5
2026-01-22,485567.5300000171,6,335202.5300000171,365.0
2026-01-23,484983.1600000171,6,335201.9100000171,-218.75
2026-01-25,484795.6600000171,6,335201.9100000171,-406.25
2026-01-26,486293.84000001714,6,336076.34000001714,217.5
2026-01-27,486629.49000001716,3,336448.24000001716,181.25
2026-01-28,486847.6300000172,5,336446.3800000172,401.25
2026-01-29,488346.5200000173,16,338446.5200000173,-100.0
2026-01-30,488812.81000001734,9,338441.56000001734,371.25
2026-02-01,485989.06000001734,9,338441.56000001734,-2452.5
2026-02-02,490311.6500000174,9,339932.9000000174,378.75
2026-02-03,489859.2200000175,17,339924.2200000175,-65.0
2026-02-04,486869.2400000175,21,339921.7400000175,-3052.5
2026-02-05,473744.8800000175,24,339919.8800000175,-16175.0
2026-02-06,492926.88000001764,24,342929.38000001764,-2.5
2026-02-08,492991.88000001764,1,342929.38000001764,62.5
2026-02-09,493288.7900000177,2,343301.2900000177,-12.5
2026-02-10,493485.0600000177,6,343298.8100000177,186.25
2026-02-11,494728.2800000178,13,344193.2800000178,535.0
2026-02-12,483946.46000001783,24,344186.46000001783,-10240.0
2026-02-13,483406.46000001783,24,344186.46000001783,-10780.0
2026-02-15,485386.46000001783,24,344186.46000001783,-8800.0
2026-02-16,480676.46000001783,24,344186.46000001783,-13510.0
2026-02-17,486946.46000001783,24,344186.46000001783,-7240.0
2026-02-18,489226.46000001783,24,344186.46000001783,-4960.0
2026-02-19,488626.46000001783,24,344186.46000001783,-5560.0
2026-02-20,492946.46000001783,24,344186.46000001783,-1240.0
2026-02-22,486466.46000001783,24,344186.46000001783,-7720.0
2026-02-23,486676.46000001783,24,344186.46000001783,-7510.0
2026-02-24,490696.46000001783,24,344186.46000001783,-3490.0
2026-02-25,497128.46000001795,24,347190.96000001795,-62.5
2026-02-26,495947.900000018,14,347182.900000018,-1235.0
2026-02-27,494777.920000018,18,347180.420000018,-2402.5
2026-03-01,490795.420000018,18,347180.420000018,-6385.0
2026-03-02,491364.80000001803,19,347179.80000001803,-5815.0
2026-03-03,488036.70000001806,24,347176.70000001806,-9140.0
2026-03-04,496916.70000001806,24,347176.70000001806,-260.0
2026-03-05,494396.70000001806,24,347176.70000001806,-2780.0
2026-03-06,481616.70000001806,24,347176.70000001806,-15560.0
2026-03-08,466016.70000001806,24,347176.70000001806,-31160.0
2026-03-09,485516.70000001806,24,347176.70000001806,-11660.0
2026-03-10,491396.70000001806,24,347176.70000001806,-5780.0
2026-03-11,478316.70000001806,24,347176.70000001806,-18860.0
2026-03-12,477026.70000001806,24,347176.70000001806,-20150.0
2026-03-13,467846.70000001806,24,347176.70000001806,-29330.0
2026-03-15,473576.70000001806,24,347176.70000001806,-23600.0
2026-03-16,474536.94000001805,24,347116.94000001805,-22580.0
2026-03-17,482336.94000001805,24,347116.94000001805,-14780.0
2026-03-18,468746.94000001805,24,347116.94000001805,-28370.0
2026-03-19,467096.94000001805,24,347116.94000001805,-30020.0
2026-03-20,457316.94000001805,24,347116.94000001805,-39800.0
2026-03-22,449666.94000001805,24,347116.94000001805,-47450.0
2026-03-23,458996.94000001805,24,347116.94000001805,-38120.0
2026-03-24,464396.94000001805,24,347116.94000001805,-32720.0
2026-03-25,463406.94000001805,24,347116.94000001805,-33710.0
2026-03-26,452936.94000001805,24,347116.94000001805,-44180.0
2026-03-27,434456.94000001805,24,347116.94000001805,-62660.0
2026-03-29,435806.94000001805,24,347116.94000001805,-61310.0
2026-03-30,439976.94000001805,24,347116.94000001805,-57140.0
2026-03-31,456296.94000001805,24,347116.94000001805,-40820.0
2026-04-01,451166.94000001805,24,347116.94000001805,-45950.0
2026-04-02,460256.94000001805,24,347116.94000001805,-36860.0
2026-04-03,459146.94000001805,24,347116.94000001805,-37970.0
2026-04-05,460166.94000001805,24,347116.94000001805,-36950.0
2026-04-06,461426.94000001805,24,347116.94000001805,-35690.0
2026-04-07,484526.94000001805,24,347116.94000001805,-12590.0
2026-04-08,483866.94000001805,24,347116.94000001805,-13250.0
2026-04-09,490706.94000001805,24,347116.94000001805,-6410.0
2026-04-10,490346.94000001805,24,347116.94000001805,-6770.0
2026-04-12,482936.94000001805,24,347116.94000001805,-14180.0
2026-04-13,497636.94000001805,24,347116.94000001805,520.0
2026-04-14,500461.4600000182,24,350358.9600000182,102.5
2026-04-15,501177.77000001824,3,351102.77000001824,75.0
2026-04-16,501557.18000001827,4,351349.68000001827,207.5
2026-04-17,502715.9900000183,4,352654.7400000183,61.25
2026-04-19,501815.9900000183,4,352654.7400000183,-838.75
2026-04-20,503117.89000001835,9,352651.64000001835,466.25
2026-04-21,504078.63000001846,14,353767.38000001846,311.25
2026-04-22,505123.09000001854,14,355520.59000001854,-397.5
2026-04-23,506492.5600000186,16,355883.8100000186,608.75
2026-04-24,508777.68000001874,16,358693.93000001874,83.75
2026-04-26,508850.18000001874,2,358693.93000001874,156.25
2026-04-27,509075.21000001876,3,359066.46000001876,8.75
2026-04-28,509213.3500000188,5,359064.6000000188,148.75
2026-04-29,509097.7300000188,6,359063.9800000188,33.75
2026-04-30,511312.8700000189,6,361152.8700000189,160.0
2026-05-01,510331.060000019,9,361519.810000019,-1188.75
2026-05-03,511174.810000019,9,361519.810000019,-345.0
2026-05-04,510330.460000019,14,361516.710000019,-1186.25
2026-05-05,513741.1700000191,14,363259.9200000191,481.25
2026-05-06,514384.9600000191,3,364331.2100000191,53.75
2026-05-07,514288.76000001916,9,364450.01000001916,-161.25
2026-05-08,515636.3100000192,9,365576.3100000192,60.0
2026-05-10,515591.3100000192,1,365576.3100000192,15.0
2026-05-11,515522.61000001925,5,365945.11000001925,-422.5
2026-05-12,517745.86000001937,13,367562.11000001937,183.75
2026-05-13,518440.2900000194,6,368431.5400000194,8.75
2026-05-14,518685.33000001946,3,368802.83000001946,-117.5
2026-05-15,516945.9900000195,10,368798.4900000195,-1852.5
2026-05-17,515358.4900000195,10,368798.4900000195,-3440.0
2026-05-18,517242.8900000195,15,368795.3900000195,-1552.5
2026-05-19,513739.1500000195,17,368794.1500000195,-5055.0
2026-05-20,521076.7600000196,17,370908.0100000196,168.75
2026-05-21,522762.4800000197,7,372027.4800000197,735.0
2026-05-22,523100.0900000198,6,373621.3400000198,-521.25
2026-05-24,525260.0900000199,6,373621.3400000198,1638.75
2026-05-25,524795.0900000199,6,373621.3400000198,1173.75
2026-05-26,524838.8900000199,6,374578.89000001986,260.0
2026-05-27,525138.8900000199,4,374578.89000001986,560.0
