dt,equity,qty,realized,unrealized
2019-05-05,150000.0,0,0.0,0.0
2019-05-06,150042.52,2,122.51999999999998,-80.0
2019-05-07,150158.19,11,116.93999999999994,41.25
2019-05-08,149030.69,11,116.93999999999994,-1086.25
2019-05-09,148648.21,15,114.45999999999992,-1466.25
2019-05-10,151278.22,17,113.21999999999991,1165.0
2019-05-12,148728.22,17,113.21999999999991,-1385.0
2019-05-13,145854.49,21,110.7399999999999,-4256.25
2019-05-14,148190.74,21,110.7399999999999,-1920.0
2019-05-15,148453.24,21,110.7399999999999,-1657.5
2019-05-16,152573.36,21,2743.3600000000006,-170.0
2019-05-17,152483.99,4,2742.7400000000007,-258.75
2019-05-19,152668.99,4,2742.7400000000007,-73.75
2019-05-20,152567.75,6,2741.500000000001,-173.75
2019-05-21,152882.75,6,2741.500000000001,141.25
2019-05-22,152282.75,6,2741.500000000001,-458.75
2019-05-23,151915.9,11,2738.4000000000015,-822.5
2019-05-24,152094.65,11,2738.4000000000015,-643.75
2019-05-26,152025.9,11,2738.4000000000015,-712.5
2019-05-27,152479.65,11,2738.4000000000015,-258.75
2019-05-28,150805.92,11,2974.670000000002,-2168.75
2019-05-29,150429.67,7,2974.670000000002,-2545.0
2019-05-30,150018.42,7,2974.670000000002,-2956.25
2019-05-31,149283.42,7,2974.670000000002,-3691.25
2019-06-02,148793.42,7,2974.670000000002,-4181.25
2019-06-03,149309.67,7,2974.670000000002,-3665.0
2019-06-04,151383.42,7,2974.670000000002,-1591.25
2019-06-05,151882.17,7,2974.670000000002,-1092.5
2019-06-06,152564.06,7,3047.810000000002,-483.75
2019-06-07,153031.57,4,3096.5700000000024,-65.0
2019-06-09,153086.57,2,3096.5700000000024,-10.0
2019-06-10,153212.84,2,3165.340000000003,47.5
2019-06-11,153143.47,3,3164.720000000003,-21.25
2019-06-12,153006.6,4,3164.100000000003,-157.5
2019-06-13,153406.6,4,3164.100000000003,242.5
2019-06-14,153306.6,4,3164.100000000003,142.5
2019-06-16,153421.64,4,3154.140000000003,267.5
2019-06-17,153286.64,4,3154.140000000003,132.5
2019-06-18,153729.79,4,3653.5400000000036,76.25
2019-06-19,153814.79,1,3653.5400000000036,161.25
2019-06-20,153952.32,5,3888.5700000000043,63.75
2019-06-21,153858.57,5,3888.5700000000043,-30.0
2019-06-23,154171.07,5,3888.5700000000043,282.5
2019-06-24,153796.07,5,3888.5700000000043,-92.5
2019-06-25,153169.21,8,3886.7100000000046,-717.5
2019-06-26,153361.09,9,3886.0900000000047,-525.0
2019-06-27,153597.34,9,3886.0900000000047,-288.75
2019-06-28,154553.59,9,3886.0900000000047,667.5
2019-06-30,155262.34,9,3886.0900000000047,1376.25
2019-07-01,155686.16,9,5681.160000000006,5.0
2019-07-02,155817.41,5,5681.160000000006,136.25
2019-07-03,156323.69,5,6307.440000000007,16.25
2019-07-04,156342.44,1,6307.440000000007,35.0
2019-07-05,156441.83000000002,4,6305.580000000007,136.25
2019-07-07,156301.83000000002,4,6305.580000000007,-3.75
2019-07-08,155931.83000000002,4,6305.580000000007,-373.75
2019-07-09,156319.96000000002,5,6304.960000000007,15.0
2019-07-10,157056.88,5,6926.880000000008,130.0
2019-07-11,157176.88,4,6926.880000000008,250.0
2019-07-12,157236.88,4,6926.880000000008,310.0
2019-07-14,157311.88,4,6926.880000000008,385.0
2019-07-15,157346.88,4,6926.880000000008,420.0
2019-07-16,157116.88,4,6926.880000000008,190.0
2019-07-17,156478.76,5,6926.260000000008,-447.5
2019-07-18,157309.39,6,6925.6400000000085,383.75
2019-07-19,156251.89,6,6925.6400000000085,-673.75
2019-07-21,156416.89,6,6925.6400000000085,-508.75
2019-07-22,156853.15000000002,6,6993.150000000009,-140.0
2019-07-23,157086.29,4,7080.040000000009,6.25
2019-07-24,157234.43000000002,2,7103.180000000009,131.25
2019-07-25,157226.31,3,7102.5600000000095,123.75
2019-07-26,157361.31,3,7102.5600000000095,258.75
2019-07-28,157335.06,3,7102.5600000000095,232.5
2019-07-29,157395.06,3,7102.5600000000095,292.5
2019-07-30,157297.56,3,7102.5600000000095,195.0
2019-07-31,157006.96000000002,8,7099.46000000001,-92.5
2019-08-01,156201.43000000002,11,8095.180000000012,-1893.75
2019-08-02,155842.08000000002,16,8092.080000000013,-2250.0
2019-08-04,152982.08000000002,16,8092.080000000013,-5110.0
2019-08-05,147324.64,28,8084.640000000014,-10760.0
2019-08-06,150334.64,28,8084.640000000014,-7750.0
2019-08-07,154849.64,28,8084.640000000014,-3235.0
2019-08-08,159574.64,28,8084.640000000014,1490.0
2019-08-09,159049.64,28,8084.640000000014,965.0
2019-08-11,159224.64,28,8084.640000000014,1140.0
2019-08-12,153589.64,28,8084.640000000014,-4495.0
2019-08-13,161444.81,28,11583.560000000007,-138.75
2019-08-14,158457.35,14,11578.6,-3121.25
2019-08-15,160325.49,17,11576.739999999998,-1251.25
2019-08-16,162407.99,17,11576.739999999998,831.25
2019-08-18,163619.24,17,11576.739999999998,2042.5
2019-08-19,165133.71,17,15094.959999999983,38.75
2019-08-20,164893.72999999998,6,15092.47999999998,-198.75
2019-08-21,165501.22999999998,6,15092.47999999998,408.75
2019-08-22,166071.28999999998,6,15838.78999999997,232.5
2019-08-23,162706.96999999997,17,15831.969999999961,-3125.0
2019-08-25,161771.96999999997,17,15831.969999999961,-4060.0
2019-08-26,165341.96999999997,17,15831.969999999961,-490.0
2019-08-27,164725.71999999997,17,15831.969999999961,-1106.25
2019-08-28,165108.21999999997,17,15831.969999999961,-723.75
2019-08-29,168412.68999999994,17,18198.93999999996,213.75
2019-08-30,168366.47999999998,6,18487.729999999967,-121.25
2019-09-01,168006.47999999998,6,18487.729999999967,-481.25
2019-09-02,167893.97999999998,6,18487.729999999967,-593.75
2019-09-03,168233.98999999996,8,18486.48999999997,-252.5
2019-09-04,170343.98999999996,8,18486.48999999997,1857.5
2019-09-05,170337.15999999997,8,20278.409999999978,58.75
2019-09-06,170359.65999999997,1,20278.409999999978,81.25
2019-09-08,170373.40999999997,1,20278.409999999978,95.0
2019-09-09,170328.40999999997,1,20278.409999999978,50.0
2019-09-10,170429.03999999998,2,20277.78999999998,151.25
2019-09-11,170658.43,2,20527.179999999982,131.25
2019-09-12,170693.44999999998,3,20649.699999999986,43.75
2019-09-13,170565.94999999998,3,20649.699999999986,-83.75
2019-09-15,170307.22999999998,3,20642.229999999985,-335.0
2019-09-16,170425.36,4,20641.609999999986,-216.25
2019-09-17,170510.36,4,20641.609999999986,-131.25
2019-09-18,170529.12,6,20640.369999999988,-111.25
2019-09-19,170874.12,6,20640.369999999988,233.75
2019-09-20,170229.12,6,20640.369999999988,-411.25
2019-09-22,170589.12,6,20640.369999999988,-51.25
2019-09-23,170686.62,6,20640.369999999988,46.25
2019-09-24,170249.75999999998,6,20824.75999999999,-575.0
2019-09-25,170347.25999999998,3,20824.75999999999,-477.5
2019-09-26,170238.50999999998,3,20824.75999999999,-586.25
2019-09-27,170126.00999999998,3,20824.75999999999,-698.75
2019-09-29,170253.50999999998,3,20824.75999999999,-571.25
2019-09-30,170452.25999999998,3,20824.75999999999,-372.5
2019-10-01,169769.75999999998,3,20824.75999999999,-1055.0
2019-10-02,168922.25999999998,3,20824.75999999999,-1902.5
2019-10-03,169214.75999999998,3,20824.75999999999,-1610.0
2019-10-04,169859.75999999998,3,20824.75999999999,-965.0
2019-10-06,169661.00999999998,3,20824.75999999999,-1163.75
2019-10-07,169803.50999999998,3,20824.75999999999,-1021.25
2019-10-08,169106.00999999998,3,20824.75999999999,-1718.75
2019-10-09,169301.00999999998,3,20824.75999999999,-1523.75
2019-10-10,169856.00999999998,3,20824.75999999999,-968.75
2019-10-11,170152.25999999998,3,20824.75999999999,-672.5
2019-10-13,170268.50999999998,3,20824.75999999999,-556.25
2019-10-14,170178.50999999998,3,20824.75999999999,-646.25
2019-10-15,170414.75999999998,3,20824.75999999999,-410.0
2019-10-16,170441.00999999998,3,20824.75999999999,-383.75
2019-10-17,170504.75999999998,3,20824.75999999999,-320.0
2019-10-18,170437.25999999998,3,20824.75999999999,-387.5
2019-10-20,170531.00999999998,3,20824.75999999999,-293.75
2019-10-21,170778.50999999998,3,20824.75999999999,-46.25
2019-10-22,170403.50999999998,3,20824.75999999999,-421.25
2019-10-23,170684.75999999998,3,20824.75999999999,-140.0
2019-10-24,170662.25999999998,3,20824.75999999999,-162.5
2019-10-25,170864.16,3,20896.659999999996,-32.5
2019-10-27,170919.16,2,20896.659999999996,22.5
2019-10-28,171046.66,2,20896.659999999996,150.0
2019-10-29,171001.66,2,20896.659999999996,105.0
2019-10-30,171148.55,2,21144.8,3.75
2019-10-31,171334.82,5,21142.320000000003,192.5
2019-11-01,171814.23,5,21767.98000000001,46.25
2019-11-03,171884.23,2,21767.98000000001,116.25
2019-11-04,171994.23,2,21767.98000000001,226.25
2019-11-05,171889.23,2,21767.98000000001,121.25
2019-11-06,171909.23,2,21767.98000000001,141.25
2019-11-07,171984.25,2,22059.250000000015,-75.0
2019-11-08,172207.38,3,22058.630000000016,148.75
2019-11-10,172068.63,3,22058.630000000016,10.0
2019-11-11,172102.38,3,22058.630000000016,43.75
2019-11-12,172072.38,3,22058.630000000016,13.75
2019-11-13,172211.13,3,22058.630000000016,152.5
2019-11-14,172443.63,3,22058.630000000016,385.0
2019-11-15,172596.78000000003,3,22481.78000000002,115.0
2019-11-17,172574.28000000003,2,22481.78000000002,92.5
2019-11-18,172646.78000000003,2,22481.78000000002,165.0
2019-11-19,172544.28000000003,2,22481.78000000002,62.5
2019-11-20,172465.54000000004,4,22480.540000000023,-15.0
2019-11-21,172605.54000000004,4,22480.540000000023,125.0
2019-11-22,172685.54000000004,4,22480.540000000023,205.0
2019-11-24,172805.54000000004,4,22480.540000000023,325.0
2019-11-25,173017.44000000003,4,22977.440000000028,40.0
2019-11-26,173073.69000000003,1,22977.440000000028,96.25
2019-11-27,173067.45000000004,1,23101.20000000003,-33.75
2019-11-28,173067.45000000004,1,23101.20000000003,-33.75
2019-11-29,173048.71000000002,3,23099.960000000032,-51.25
2019-12-01,173191.21000000002,3,23099.960000000032,91.25
2019-12-02,172543.11000000004,8,23096.860000000037,-553.75
2019-12-03,171655.62000000005,10,23095.62000000004,-1440.0
2019-12-04,172505.62000000005,10,23095.62000000004,-590.0
2019-12-05,173018.12000000005,10,23095.62000000004,-77.5
2019-12-06,174338.80000000005,10,24348.80000000005,-10.0
2019-12-08,174313.80000000005,1,24348.80000000005,-35.0
2019-12-09,174250.69000000006,4,24346.940000000053,-96.25
2019-12-10,174235.07000000007,5,24346.320000000054,-111.25
2019-12-11,174553.82000000007,5,24346.320000000054,207.5
2019-12-12,175330.11000000007,5,24967.610000000062,362.5
2019-12-13,175425.15000000008,5,25340.15000000007,85.0
2019-12-15,175631.45000000007,5,25327.70000000007,303.75
2019-12-16,175960.23000000007,5,25952.730000000076,7.5
2019-12-17,175943.98000000007,1,25952.730000000076,-8.75
2019-12-18,175956.48000000007,1,25952.730000000076,3.75
2019-12-19,176025.23000000007,1,25952.730000000076,72.5
2019-12-20,176087.74000000008,1,26076.490000000078,11.25
2019-12-22,176106.49000000008,1,26076.490000000078,30.0
2019-12-23,176103.99000000008,1,26076.490000000078,27.5
2019-12-24,176097.74000000008,1,26076.490000000078,21.25
2019-12-25,176112.74000000008,1,26076.490000000078,36.25
2019-12-26,176210.24000000008,1,26076.490000000078,133.75
2019-12-27,176099.01000000007,3,26214.010000000082,-115.0
2019-12-29,176207.76000000007,3,26214.010000000082,-6.25
2019-12-30,175953.40000000008,6,26212.150000000085,-258.75
2019-12-31,176324.0300000001,7,26211.530000000086,112.5
2020-01-01,176455.2800000001,7,26211.530000000086,243.75
2020-01-02,176981.5700000001,7,27089.070000000094,-107.5
2020-01-03,177018.4500000001,2,27088.450000000095,-70.0
2020-01-05,176943.4500000001,2,27088.450000000095,-145.0
2020-01-06,177375.3300000001,3,27087.830000000096,287.5
2020-01-07,176944.0800000001,3,27087.830000000096,-143.75
2020-01-08,177523.4800000001,3,27462.2300000001,61.25
2020-01-09,177725.9800000001,2,27462.2300000001,263.75
2020-01-10,177509.1400000001,5,27709.14000000011,-200.0
2020-01-12,177759.1400000001,5,27709.14000000011,50.0
2020-01-13,178159.1400000001,5,27709.14000000011,450.0
2020-01-14,177940.3900000001,5,27709.14000000011,231.25
2020-01-15,178452.9300000001,5,28329.180000000117,123.75
2020-01-16,178710.45000000013,3,28701.70000000012,8.75
2020-01-17,178739.20000000013,1,28701.70000000012,37.5
2020-01-19,178752.95000000013,1,28701.70000000012,51.25
2020-01-20,178679.20000000013,1,28701.70000000012,-22.5
2020-01-21,178794.20000000013,1,28701.70000000012,92.5
2020-01-22,178702.95000000013,1,28701.70000000012,1.25
2020-01-23,178985.46000000014,3,28700.460000000123,285.0
2020-01-24,178409.23000000013,7,28697.980000000127,-288.75
2020-01-26,177385.48000000013,7,28697.980000000127,-1312.5
2020-01-27,177253.61000000013,8,28697.360000000128,-1443.75
2020-01-28,178514.24000000014,8,28907.99000000013,-393.75
2020-01-29,177678.00000000012,7,28970.50000000013,-1292.5
2020-01-30,178709.25000000012,5,28970.50000000013,-261.25
2020-01-31,177021.75000000012,5,28970.50000000013,-1948.75
2020-02-02,177478.00000000012,5,28970.50000000013,-1492.5
2020-02-03,177928.00000000012,5,28970.50000000013,-1042.5
2020-02-04,178786.76000000013,5,29019.260000000133,-232.5
2020-02-05,179781.79000000015,3,29285.54000000014,496.25
2020-02-06,179677.44000000015,3,29658.690000000144,18.75
2020-02-07,179442.45000000016,4,29657.450000000146,-215.0
2020-02-09,179502.45000000016,4,29657.450000000146,-155.0
2020-02-10,180448.08000000013,5,29656.830000000147,791.25
2020-02-11,180589.37000000017,5,30536.870000000155,52.5
2020-02-12,180638.12000000017,3,30536.870000000155,101.25
2020-02-13,180889.37000000017,3,30536.870000000155,352.5
2020-02-14,180833.12000000017,3,30536.870000000155,296.25
2020-02-16,180934.37000000017,3,30536.870000000155,397.5
2020-02-17,180713.12000000017,3,30536.870000000155,176.25
2020-02-18,180806.87000000017,3,30536.870000000155,270.0
2020-02-19,180890.64000000016,3,30909.39000000016,-18.75
2020-02-20,180541.92000000016,7,30905.670000000166,-363.75
2020-02-21,179890.06000000017,10,30903.81000000017,-1013.75
2020-02-23,177727.56000000017,10,30903.81000000017,-3176.25
2020-02-24,176261.96000000017,15,30900.710000000174,-4638.75
2020-02-25,167269.54000000018,31,30890.79000000019,-13621.25
2020-02-26,153322.6700000002,32,30890.17000000019,-27567.5
2020-02-27,151602.6700000002,32,30890.17000000019,-29287.5
2020-03-01,130682.67000000019,32,30890.17000000019,-50207.5
2020-03-03,150067.0600000002,32,30963.310000000194,-30896.25
2020-03-04,158368.3100000002,29,30963.310000000194,-22595.0
2020-03-05,142527.0600000002,29,30963.310000000194,-38436.25
2020-03-06,140243.3100000002,29,30963.310000000194,-40720.0
2020-03-08,119254.5600000002,29,30963.310000000194,-61708.75
2020-03-09,119218.3100000002,29,30963.310000000194,-61745.0
2020-03-10,118312.0600000002,29,30963.310000000194,-62651.25
2020-03-11,90327.0600000002,29,30963.310000000194,-90636.25
2020-03-12,58390.8100000002,29,30963.310000000194,-122572.5
2020-03-13,96888.3100000002,29,30963.310000000194,-84075.0
2020-03-15,82787.0600000002,29,30963.310000000194,-98176.25
2020-03-16,72419.85000000021,29,30891.100000000195,-108471.25
2020-03-17,60457.35000000021,29,30891.100000000195,-120433.75
2020-03-18,43528.60000000021,29,30891.100000000195,-137362.5
2020-03-19,56179.85000000021,29,30891.100000000195,-124711.25
2020-03-20,40773.60000000021,29,30891.100000000195,-140117.5
2020-03-22,30913.60000000021,29,30891.100000000195,-149977.5
2020-03-23,42368.60000000021,29,30891.100000000195,-138522.5
2020-03-24,60711.10000000021,29,30891.100000000195,-120180.0
2020-03-25,68359.85000000021,29,30891.100000000195,-112531.25
2020-03-26,86086.10000000021,29,30891.100000000195,-94805.0
2020-03-27,77422.35000000021,29,30891.100000000195,-103468.75
2020-03-29,76443.60000000021,29,30891.100000000195,-104447.5
2020-03-30,91596.10000000021,29,30891.100000000195,-89295.0
2020-03-31,78654.85000000021,29,30891.100000000195,-102236.25
2020-04-01,71839.85000000021,29,30891.100000000195,-109051.25
2020-04-02,73253.60000000021,29,30891.100000000195,-107637.5
2020-04-03,71658.60000000021,29,30891.100000000195,-109232.5
2020-04-05,84164.85000000021,29,30891.100000000195,-96726.25
2020-04-06,92864.85000000021,29,30891.100000000195,-88026.25
2020-04-07,95764.85000000021,29,30891.100000000195,-85126.25
2020-04-08,108307.35000000021,29,30891.100000000195,-72583.75
2020-04-09,116137.35000000021,29,30891.100000000195,-64753.75
2020-04-12,109213.60000000021,29,30891.100000000195,-71677.5
2020-04-13,117369.85000000021,29,30891.100000000195,-63521.25
2020-04-14,122009.85000000021,29,30891.100000000195,-58881.25
2020-04-15,112186.10000000021,29,30891.100000000195,-68705.0
2020-04-16,128643.60000000021,29,30891.100000000195,-52247.5
2020-04-17,128027.35000000021,29,30891.100000000195,-52863.75
2020-04-19,128353.60000000021,29,30891.100000000195,-52537.5
2020-04-20,116318.60000000021,29,30891.100000000195,-64572.5
2020-04-21,109177.35000000021,29,30891.100000000195,-71713.75
2020-04-22,114578.60000000021,29,30891.100000000195,-66312.5
2020-04-23,113056.10000000021,29,30891.100000000195,-67835.0
2020-04-24,122082.35000000021,29,30891.100000000195,-58808.75
2020-04-26,124257.35000000021,29,30891.100000000195,-56633.75
2020-04-27,126214.85000000021,29,30891.100000000195,-54676.25
2020-04-28,132341.1000000002,29,30891.100000000195,-48550.0
2020-04-29,140823.6000000002,29,30891.100000000195,-40067.5
2020-04-30,126722.35000000021,29,30891.100000000195,-54168.75
2020-05-01,120487.35000000021,29,30891.100000000195,-60403.75
2020-05-03,118856.10000000021,29,30891.100000000195,-62035.0
2020-05-04,124076.10000000021,29,30891.100000000195,-56815.0
2020-05-05,126903.60000000021,29,30891.100000000195,-53987.5
2020-05-06,125344.85000000021,29,30891.100000000195,-55546.25
2020-05-07,134479.8500000002,29,30891.100000000195,-46411.25
2020-05-08,136944.8500000002,29,30891.100000000195,-43946.25
2020-05-10,138612.3500000002,29,30891.100000000195,-42278.75
2020-05-11,132921.1000000002,29,30891.100000000195,-47970.0
2020-05-12,125779.85000000021,29,30891.100000000195,-55111.25
2020-05-13,119798.60000000021,29,30891.100000000195,-61092.5
2020-05-14,124946.10000000021,29,30891.100000000195,-55945.0
2020-05-15,125924.85000000021,29,30891.100000000195,-54966.25
2020-05-17,129477.35000000021,29,30891.100000000195,-51413.75
2020-05-18,138286.1000000002,29,30891.100000000195,-42605.0
2020-05-19,137706.1000000002,29,30891.100000000195,-43185.0
2020-05-20,139881.1000000002,29,30891.100000000195,-41010.0
2020-05-21,135313.6000000002,29,30891.100000000195,-45577.5
2020-05-22,140678.6000000002,29,30891.100000000195,-40212.5
2020-05-24,141512.3500000002,29,30891.100000000195,-39378.75
2020-05-25,147022.3500000002,29,30891.100000000195,-33868.75
2020-05-26,149124.8500000002,29,30891.100000000195,-31766.25
2020-05-27,151807.3500000002,29,30891.100000000195,-29083.75
2020-05-28,150901.1000000002,29,30891.100000000195,-29990.0
2020-05-29,155323.6000000002,29,30891.100000000195,-25567.5
2020-05-31,152278.6000000002,29,30891.100000000195,-28612.5
2020-06-01,152931.1000000002,29,30891.100000000195,-27960.0
2020-06-02,159311.1000000002,29,30891.100000000195,-21580.0
2020-06-03,163129.23000000019,29,30915.480000000196,-17786.25
2020-06-04,165159.23000000019,28,30915.480000000196,-15756.25
2020-06-05,173293.05000000022,28,32036.80000000021,-8743.75
2020-06-07,173888.05000000022,14,32036.80000000021,-8148.75
2020-06-08,175883.0700000002,14,32134.320000000214,-6251.25
2020-06-09,175845.5700000002,10,32134.320000000214,-6288.75
2020-06-10,172483.0700000002,10,32134.320000000214,-9651.25
2020-06-11,166983.0700000002,10,32134.320000000214,-15151.25
2020-06-12,166545.5700000002,10,32134.320000000214,-15588.75
2020-06-14,164645.5700000002,10,32134.320000000214,-17488.75
2020-06-15,170633.17000000022,10,32109.420000000213,-11476.25
2020-06-16,170720.67000000022,10,32109.420000000213,-11388.75
2020-06-17,169620.67000000022,10,32109.420000000213,-12488.75
2020-06-18,170558.17000000022,10,32109.420000000213,-11551.25
2020-06-19,168170.67000000022,10,32109.420000000213,-13938.75
2020-06-21,169245.67000000022,10,32109.420000000213,-12863.75
2020-06-22,170845.67000000022,10,32109.420000000213,-11263.75
2020-06-23,171270.67000000022,10,32109.420000000213,-10838.75
2020-06-24,167033.17000000022,10,32109.420000000213,-15076.25
2020-06-25,168920.67000000022,10,32109.420000000213,-13188.75
2020-06-26,165433.17000000022,10,32109.420000000213,-16676.25
2020-06-28,165495.67000000022,10,32109.420000000213,-16613.75
2020-06-29,167920.67000000022,10,32109.420000000213,-14188.75
2020-06-30,169520.67000000022,10,32109.420000000213,-12588.75
2020-07-01,170583.17000000022,10,32109.420000000213,-11526.25
2020-07-02,171583.17000000022,10,32109.420000000213,-10526.25
2020-07-03,171058.17000000022,10,32109.420000000213,-11051.25
2020-07-05,173583.17000000022,10,32109.420000000213,-8526.25
2020-07-06,173570.67000000022,10,32109.420000000213,-8538.75
2020-07-07,172408.17000000022,10,32109.420000000213,-9701.25
2020-07-08,173495.67000000022,10,32109.420000000213,-8613.75
2020-07-09,172045.67000000022,10,32109.420000000213,-10063.75
2020-07-10,174258.17000000022,10,32109.420000000213,-7851.25
2020-07-12,174883.17000000022,10,32109.420000000213,-7226.25
2020-07-13,172795.67000000022,10,32109.420000000213,-9313.75
2020-07-14,175670.67000000022,10,32109.420000000213,-6438.75
2020-07-15,175495.67000000022,10,32109.420000000213,-6613.75
2020-07-16,175458.17000000022,10,32109.420000000213,-6651.25
2020-07-17,175970.67000000022,10,32109.420000000213,-6138.75
2020-07-19,175533.17000000022,10,32109.420000000213,-6576.25
2020-07-20,177783.17000000022,10,32109.420000000213,-4326.25
2020-07-21,178420.67000000022,10,32109.420000000213,-3688.75
2020-07-22,178595.67000000022,10,32109.420000000213,-3513.75
2020-07-23,176108.17000000022,10,32109.420000000213,-6001.25
2020-07-24,175458.17000000022,10,32109.420000000213,-6651.25
2020-07-26,176295.67000000022,10,32109.420000000213,-5813.75
2020-07-27,177008.17000000022,10,32109.420000000213,-5101.25
2020-07-28,175820.67000000022,10,32109.420000000213,-6288.75
2020-07-29,177695.67000000022,10,32109.420000000213,-4413.75
2020-07-30,178220.67000000022,10,32109.420000000213,-3888.75
2020-07-31,178758.17000000022,10,32109.420000000213,-3351.25
2020-08-02,178370.67000000022,10,32109.420000000213,-3738.75
2020-08-03,179595.67000000022,10,32109.420000000213,-2513.75
2020-08-04,180370.67000000022,10,32109.420000000213,-1738.75
2020-08-05,181113.18000000023,10,32158.180000000215,-1045.0
2020-08-06,181654.45000000022,8,32255.70000000022,-601.25
2020-08-07,182074.45000000022,4,32255.70000000022,-181.25
2020-08-09,182129.45000000022,4,32255.70000000022,-126.25
2020-08-10,182316.33000000022,4,32280.08000000022,36.25
2020-08-11,181858.26000000024,8,32433.26000000023,-575.0
2020-08-12,183423.31000000023,8,33432.06000000022,-8.75
2020-08-13,183517.69000000024,3,33431.44000000022,86.25
2020-08-14,183382.69000000024,3,33431.44000000022,-48.75
2020-08-16,183498.94000000024,3,33431.44000000022,67.5
2020-08-17,183630.19000000024,3,33431.44000000022,198.75
2020-08-18,183813.94000000024,3,33431.44000000022,382.5
2020-08-19,183147.7300000002,5,33801.4800000002,-653.75
2020-08-20,184169.6100000002,6,33800.8600000002,368.75
2020-08-21,184244.6100000002,6,33800.8600000002,443.75
2020-08-23,184537.1100000002,6,33800.8600000002,736.25
2020-08-24,185509.03000000017,6,35101.53000000017,407.5
2020-08-25,185487.80000000016,3,35476.55000000016,11.25
2020-08-26,185644.06000000017,1,35600.31000000016,43.75
2020-08-27,186380.34000000014,5,35721.59000000014,658.75
2020-08-28,186349.1200000001,5,36345.370000000126,3.75
2020-08-30,186431.6200000001,1,36345.370000000126,86.25
2020-08-31,186352.88000000012,3,36344.13000000012,8.75
2020-09-01,186770.4000000001,3,36717.90000000011,52.5
2020-09-02,187374.20000000007,4,37337.950000000084,36.25
2020-09-03,181064.93000000002,22,37324.93000000003,-6260.0
2020-09-04,179402.48,32,37318.73,-7916.25
2020-09-06,179282.48,32,37318.73,-8036.25
2020-09-07,181482.48,32,37318.73,-5836.25
2020-09-08,167322.48,32,37318.73,-19996.25
2020-09-09,175362.48,32,37318.73,-11956.25
2020-09-10,170362.48,32,37318.73,-16956.25
2020-09-11,166962.48,32,37318.73,-20356.25
2020-09-13,172802.8,32,37239.05,-14436.25
2020-09-14,175021.58,32,37611.57999999999,-12590.0
2020-09-15,178113.46999999997,26,37727.21999999998,-9613.75
2020-09-16,171811.59999999998,23,37751.59999999998,-15940.0
2020-09-17,171729.09999999998,22,37751.59999999998,-16022.5
2020-09-18,168841.59999999998,22,37751.59999999998,-18910.0
2020-09-20,167906.59999999998,22,37751.59999999998,-19845.0
2020-09-21,163891.59999999998,22,37751.59999999998,-23860.0
2020-09-22,166779.09999999998,22,37751.59999999998,-20972.5
2020-09-23,159244.09999999998,22,37751.59999999998,-28507.5
2020-09-24,161526.59999999998,22,37751.59999999998,-26225.0
2020-09-25,165349.09999999998,22,37751.59999999998,-22402.5
2020-09-27,166971.59999999998,22,37751.59999999998,-20780.0
2020-09-28,172939.09999999998,22,37751.59999999998,-14812.5
2020-09-29,168621.59999999998,22,37751.59999999998,-19130.0
2020-09-30,174369.09999999998,22,37751.59999999998,-13382.5
2020-10-01,173736.59999999998,22,37751.59999999998,-14015.0
2020-10-02,171949.09999999998,22,37751.59999999998,-15802.5
2020-10-04,173296.59999999998,22,37751.59999999998,-14455.0
2020-10-05,177421.59999999998,22,37751.59999999998,-10330.0
2020-10-06,173267.22999999998,22,37775.979999999974,-14508.75
2020-10-07,179829.72999999998,21,37775.979999999974,-7946.25
2020-10-08,183625.36999999997,21,37856.619999999966,-4231.25
2020-10-09,185144.13999999996,18,37995.389999999956,-2851.25
2020-10-11,185196.63999999996,14,37995.389999999956,-2798.75
2020-10-12,187776.68999999994,14,38361.68999999993,-585.0
2020-10-13,187726.68999999994,4,38361.68999999993,-635.0
2020-10-14,186711.68999999994,4,38361.68999999993,-1650.0
2020-10-15,186911.68999999994,4,38361.68999999993,-1450.0
2020-10-16,186686.68999999994,4,38361.68999999993,-1675.0
2020-10-18,187086.68999999994,4,38361.68999999993,-1275.0
2020-10-19,186141.68999999994,4,38361.68999999993,-2220.0
2020-10-20,186481.68999999994,4,38361.68999999993,-1880.0
2020-10-21,185516.68999999994,4,38361.68999999993,-2845.0
2020-10-22,186441.68999999994,4,38361.68999999993,-1920.0
2020-10-23,186446.68999999994,4,38361.68999999993,-1915.0
2020-10-25,186051.68999999994,4,38361.68999999993,-2310.0
2020-10-26,185326.68999999994,4,38361.68999999993,-3035.0
2020-10-27,184671.68999999994,4,38361.68999999993,-3690.0
2020-10-28,183331.68999999994,4,38361.68999999993,-5030.0
2020-10-29,182871.68999999994,4,38361.68999999993,-5490.0
2020-10-30,182956.68999999994,4,38361.68999999993,-5405.0
2020-11-01,182771.68999999994,4,38361.68999999993,-5590.0
2020-11-02,183626.68999999994,4,38361.68999999993,-4735.0
2020-11-03,185221.68999999994,4,38361.68999999993,-3140.0
2020-11-04,186681.68999999994,4,38361.68999999993,-1680.0
2020-11-05,186961.68999999994,4,38361.68999999993,-1400.0
2020-11-06,187591.68999999994,4,38361.68999999993,-770.0
2020-11-08,188621.68999999994,4,38361.68999999993,260.0
2020-11-09,184495.52999999988,14,40185.52999999988,-5690.0
2020-11-10,187283.67999999988,19,40182.42999999987,-2898.75
2020-11-11,186808.67999999988,19,40182.42999999987,-3373.75
2020-11-12,186167.42999999988,19,40182.42999999987,-4015.0
2020-11-13,190727.42999999988,19,40182.42999999987,545.0
2020-11-15,193434.92999999988,19,40182.42999999987,3252.5
2020-11-16,193491.2899999998,19,43445.03999999981,46.25
2020-11-17,193448.7999999998,5,43443.79999999981,5.0
2020-11-18,192293.8199999998,9,43441.319999999796,-1147.5
2020-11-19,192552.57999999978,11,43440.07999999979,-887.5
2020-11-20,191796.32999999978,11,43440.07999999979,-1643.75
2020-11-22,192470.07999999978,11,43440.07999999979,-970.0
2020-11-23,194711.32999999978,11,43440.07999999979,1271.25
2020-11-24,195044.52999999974,11,44937.02999999975,107.5
2020-11-25,195050.78999999975,4,44935.789999999746,115.0
2020-11-26,194925.78999999975,4,44935.789999999746,-10.0
2020-11-27,195180.78999999975,4,44935.789999999746,245.0
2020-11-29,194830.78999999975,4,44935.789999999746,-105.0
2020-11-30,196220.17999999973,7,44933.92999999974,1286.25
2020-12-01,196305.84999999971,7,46319.599999999715,-13.75
2020-12-02,196472.72999999972,3,46318.97999999971,153.75
2020-12-03,196738.3899999997,4,46689.639999999694,48.75
2020-12-04,197164.0399999997,4,47190.28999999968,-26.25
2020-12-06,197160.2899999997,1,47190.28999999968,-30.0
2020-12-07,197060.29999999967,3,47189.049999999675,-128.75
2020-12-08,197679.67999999967,4,47188.42999999967,491.25
2020-12-09,196997.18999999965,6,47187.18999999967,-190.0
2020-12-10,196845.94999999966,8,47185.94999999966,-340.0
2020-12-11,196898.45999999967,10,47184.70999999966,-286.25
2020-12-13,197873.55999999965,10,47159.809999999656,713.75
2020-12-14,197451.77999999962,10,48399.279999999606,-947.5
2020-12-15,199534.95999999958,9,49526.20999999958,8.75
2020-12-16,199707.45999999958,2,49526.20999999958,181.25
2020-12-17,199735.60999999958,3,49789.359999999564,-53.75
2020-12-18,200610.00999999954,8,49786.25999999955,823.75
2020-12-20,200010.00999999954,8,49786.25999999955,223.75
2020-12-21,199749.40999999954,13,49783.15999999954,-33.75
2020-12-22,199554.40999999954,13,49783.15999999954,-228.75
2020-12-23,201395.74999999948,13,51411.99999999949,-16.25
2020-12-24,201520.74999999948,5,51411.99999999949,108.75
2020-12-27,202126.99999999948,5,51411.99999999949,715.0
2020-12-28,202365.77999999947,5,52260.779999999475,105.0
2020-12-29,202405.80999999947,5,52382.05999999946,23.75
2020-12-30,202174.55999999947,5,52382.05999999946,-207.5
2020-12-31,202799.55999999947,5,52382.05999999946,417.5
2021-01-03,202787.05999999947,5,52382.05999999946,405.0
2021-01-04,201464.6699999994,17,53023.4199999994,-1558.75
2021-01-05,201592.1699999994,17,53023.4199999994,-1431.25
2021-01-06,205562.91999999934,17,55271.669999999336,291.25
2021-01-07,206387.3499999993,6,56146.09999999931,241.25
2021-01-08,206807.3899999993,5,56768.63999999929,38.75
2021-01-10,206663.6399999993,1,56768.63999999929,-105.0
2021-01-11,206693.0199999993,2,56768.019999999284,-75.0
2021-01-12,207085.52999999927,4,56766.77999999928,318.75
2021-01-13,207335.55999999927,4,57266.80999999926,68.75
2021-01-14,206825.56999999925,4,57265.56999999926,-440.0
2021-01-15,205896.21999999924,9,57262.469999999244,-1366.25
2021-01-17,206256.21999999924,9,57262.469999999244,-1006.25
2021-01-18,207842.46999999924,9,57262.469999999244,580.0
2021-01-19,208033.71999999924,9,57262.469999999244,771.25
2021-01-20,209217.5299999992,9,59118.77999999921,98.75
2021-01-21,209115.0299999992,1,59118.77999999921,-3.75
2021-01-22,209099.40999999922,2,59118.15999999921,-18.75
2021-01-24,209289.40999999922,2,59118.15999999921,171.25
2021-01-25,209818.85999999917,7,59983.85999999917,-165.0
2021-01-26,210025.76999999915,4,60354.51999999915,-328.75
2021-01-27,206323.33999999912,18,60345.839999999116,-4022.5
2021-01-28,210299.72999999905,18,62708.47999999904,-2408.75
2021-01-29,207165.409999999,19,62701.659999999014,-5536.25
2021-01-31,209682.909999999,19,62701.659999999014,-3018.75
2021-02-01,215762.909999999,19,62701.659999999014,3061.25
2021-02-02,217076.149999999,19,66989.899999999,86.25
2021-02-03,216926.779999999,3,66989.27999999901,-62.5
2021-02-04,217499.30999999904,3,67486.80999999904,12.5
2021-02-05,217571.80999999904,1,67486.80999999904,85.0
2021-02-07,217634.30999999904,1,67486.80999999904,147.5
2021-02-08,217756.19999999905,2,67624.94999999905,131.25
2021-02-09,217876.19999999905,2,67624.94999999905,251.25
2021-02-10,217971.2499999991,8,67914.9999999991,56.25
2021-02-11,217821.2499999991,8,67914.9999999991,-93.75
2021-02-12,218936.91999999914,8,68915.66999999914,21.25
2021-02-14,218990.66999999914,1,68915.66999999914,75.0
2021-02-15,219049.41999999914,1,68915.66999999914,133.75
2021-02-16,218915.67999999915,3,68914.42999999915,1.25
2021-02-17,218976.93999999916,5,68913.18999999916,63.75
2021-02-18,218583.82999999917,8,68911.32999999917,-327.5
2021-02-19,218653.82999999917,8,68911.32999999917,-257.5
2021-02-21,218533.82999999917,8,68911.32999999917,-377.5
2021-02-22,218549.45999999918,9,68910.70999999918,-361.25
2021-02-23,219158.8699999992,16,68906.36999999921,252.5
2021-02-24,221165.2199999993,16,71031.4699999993,133.75
2021-02-25,215871.5599999994,20,71020.30999999939,-5148.75
2021-02-26,215204.6999999994,23,71018.4499999994,-5813.75
2021-02-28,218654.6999999994,23,71018.4499999994,-2363.75
2021-03-01,223778.58999999953,23,74023.58999999953,-245.0
2021-03-02,223826.73999999955,8,74020.48999999955,-193.75
2021-03-03,218232.4099999996,17,74014.9099999996,-5782.5
2021-03-04,214064.34999999966,30,74006.84999999966,-9942.5
2021-03-05,227745.7599999998,30,77769.5099999998,-23.75
2021-03-07,227623.2599999998,2,77769.5099999998,-146.25
2021-03-08,228480.82999999987,10,78135.82999999987,345.0
2021-03-09,229155.28999999995,10,79507.78999999995,-352.5
2021-03-10,230464.71,5,80130.95999999999,333.75
2021-03-11,230822.26000000004,4,80763.51000000004,58.75
2021-03-12,230959.77000000005,6,80762.27000000005,197.5
2021-03-14,231109.83000000005,6,80747.33000000005,362.5
2021-03-15,231529.24000000008,6,81495.49000000008,33.75
2021-03-16,231501.12000000008,2,81494.87000000008,6.25
2021-03-17,232004.91000000012,4,81991.16000000012,13.75
2021-03-18,230915.57000000015,9,81986.82000000015,-1071.25
2021-03-19,230536.84000000017,13,81984.34000000017,-1447.5
2021-03-21,230585.59000000017,13,81984.34000000017,-1398.75
2021-03-22,233399.42000000025,13,83614.42000000025,-215.0
2021-03-23,232864.45000000027,9,83610.70000000027,-746.25
2021-03-24,232375.0900000003,12,83608.84000000029,-1233.75
2021-03-25,234996.3600000003,16,83606.3600000003,1390.0
2021-03-26,236223.37000000043,16,86228.37000000043,-5.0
2021-03-28,236143.37000000043,1,86228.37000000043,-85.0
2021-03-29,236644.64000000045,5,86225.89000000045,418.75
2021-03-30,236269.64000000045,5,86225.89000000045,43.75
2021-03-31,236821.55000000048,5,86846.55000000048,-25.0
2021-04-01,237198.4400000005,2,87094.6900000005,103.75
2021-04-02,237252.1900000005,1,87094.6900000005,157.5
2021-04-04,237255.9400000005,1,87094.6900000005,161.25
2021-04-05,237397.21000000052,1,87428.46000000052,-31.25
2021-04-06,237449.09000000052,2,87427.84000000052,21.25
2021-04-07,237671.59000000052,2,87427.84000000052,243.75
2021-04-08,237709.73000000053,2,87677.23000000053,32.5
2021-04-09,237797.24000000054,1,87800.99000000054,-3.75
2021-04-11,237768.49000000054,1,87800.99000000054,-32.5
2021-04-12,237889.12000000055,2,87800.37000000055,88.75
2021-04-13,238024.14000000057,2,88049.14000000057,-25.0
2021-04-14,237964.78000000058,5,88047.28000000058,-82.5
2021-04-15,238694.8100000006,5,88673.56000000061,21.25
2021-04-16,238826.08000000063,3,88798.58000000063,27.5
2021-04-18,238792.33000000063,3,88798.58000000063,-6.25
2021-04-19,238890.47000000064,6,88796.72000000064,93.75
2021-04-20,237331.75000000067,12,88793.00000000067,-1461.25
2021-04-21,239716.75000000067,12,88793.00000000067,923.75
2021-04-22,240095.60000000076,12,90289.35000000076,-193.75
2021-04-23,241287.5200000008,8,91290.0200000008,-2.5
2021-04-25,241330.0200000008,1,91290.0200000008,40.0
2021-04-26,241370.0200000008,1,91290.0200000008,80.0
2021-04-27,241375.0200000008,1,91290.0200000008,85.0
2021-04-28,241701.92000000083,4,91411.92000000083,290.0
2021-04-29,242019.48000000088,8,91904.48000000088,115.0
2021-04-30,241549.48000000088,8,91904.48000000088,-355.0
2021-05-02,241859.48000000088,8,91904.48000000088,-45.0
2021-05-03,241319.48000000088,8,91904.48000000088,-585.0
2021-05-04,242274.52000000092,16,91899.52000000092,375.0
2021-05-05,241194.52000000092,16,91899.52000000092,-705.0
2021-05-06,243960.230000001,16,93903.980000001,56.25
2021-05-07,244103.990000001,1,94027.74000000101,76.25
2021-05-09,244136.490000001,1,94027.74000000101,108.75
2021-05-10,242861.52000000104,7,94024.02000000104,-1162.5
2021-05-11,241211.54000000106,11,94021.54000000106,-2810.0
2021-05-12,238185.9700000011,22,94014.7200000011,-5828.75
2021-05-13,244043.4700000011,22,94014.7200000011,28.75
2021-05-14,247007.98000000123,22,96999.23000000123,8.75
2021-05-16,246929.23000000123,1,96999.23000000123,-70.0
2021-05-17,247385.50000000125,5,96996.75000000125,388.75
2021-05-18,245617.39000000127,8,96994.89000000127,-1377.5
2021-05-19,246235.53000000128,11,96993.03000000128,-757.5
2021-05-20,248487.47000000134,11,98372.47000000134,115.0
2021-05-21,248475.63000000137,5,98618.13000000137,-142.5
2021-05-23,248613.13000000137,5,98618.13000000137,-5.0
2021-05-24,249306.9100000014,5,99240.6600000014,66.25
2021-05-25,249356.2900000014,2,99240.0400000014,116.25
2021-05-26,249266.2900000014,2,99240.0400000014,26.25
2021-05-27,249518.7900000014,2,99240.0400000014,278.75
2021-05-28,249442.56000000142,2,99498.81000000142,-56.25
2021-05-30,249477.56000000142,2,99498.81000000142,-21.25
2021-05-31,249425.06000000142,2,99498.81000000142,-73.75
2021-06-01,249407.57000000143,4,99497.57000000143,-90.0
2021-06-02,249607.57000000143,4,99497.57000000143,110.0
2021-06-03,249526.96000000145,7,99495.71000000145,31.25
2021-06-04,250498.8800000015,7,100370.13000000149,128.75
2021-06-06,250451.3800000015,2,100370.13000000149,81.25
2021-06-07,250493.8800000015,2,100370.13000000149,123.75
2021-06-08,250486.3800000015,2,100370.13000000149,116.25
2021-06-09,250466.3800000015,2,100370.13000000149,96.25
2021-06-10,250808.91000000152,4,100617.66000000152,191.25
2021-06-11,250898.91000000152,4,100617.66000000152,281.25
2021-06-13,250983.95000000153,4,100607.70000000151,376.25
2021-06-14,251132.10000000155,4,101105.85000000153,26.25
2021-06-15,251046.49000000156,4,101103.99000000155,-57.5
2021-06-16,250047.76000000158,8,101101.51000000157,-1053.75
2021-06-17,250914.6400000016,9,101100.89000000157,-186.25
2021-06-18,247011.5400000016,14,101097.7900000016,-4086.25
2021-06-20,246311.5400000016,14,101097.7900000016,-4786.25
2021-06-21,252524.0400000016,14,101097.7900000016,1426.25
2021-06-22,252934.74000000168,14,102847.24000000166,87.5
2021-06-23,252934.74000000168,1,102847.24000000166,87.5
2021-06-24,253037.2500000017,1,102989.75000000167,47.5
2021-06-25,253092.2500000017,1,102989.75000000167,102.5
2021-06-27,253086.0000000017,1,102989.75000000167,96.25
2021-06-28,253084.7600000017,1,103113.51000000168,-28.75
2021-06-29,253156.0100000017,1,103113.51000000168,42.5
2021-06-30,253198.5100000017,1,103113.51000000168,85.0
2021-07-01,253276.0200000017,1,103237.27000000169,38.75
2021-07-02,253404.78000000172,1,103361.0300000017,43.75
2021-07-04,253394.78000000172,1,103361.0300000017,33.75
2021-07-05,253422.28000000172,1,103361.0300000017,61.25
2021-07-06,253686.05000000173,5,103358.55000000172,327.5
2021-07-07,254169.85000000178,5,103979.85000000177,190.0
2021-07-08,253400.4900000018,8,103977.99000000178,-577.5
2021-07-09,255069.91000000184,8,104974.91000000182,95.0
2021-07-11,255019.91000000184,1,104974.91000000182,45.0
2021-07-12,255134.92000000185,1,105098.67000000183,36.25
2021-07-13,255031.80000000185,2,105098.05000000184,-66.25
2021-07-14,255139.93000000186,3,105097.43000000184,42.5
2021-07-15,255121.20000000187,7,105094.95000000186,26.25
2021-07-16,253933.0900000019,10,105093.09000000187,-1160.0
2021-07-18,253233.0900000019,10,105093.09000000187,-1860.0
2021-07-19,251545.63000000193,18,105088.13000000191,-3542.5
2021-07-20,257266.98000000202,18,107338.230000002,-71.25
2021-07-21,257623.87000000203,2,107587.62000000202,36.25
2021-07-22,257707.62000000203,1,107587.62000000202,120.0
2021-07-23,257990.15000000206,2,108000.15000000205,-10.0
2021-07-25,257942.65000000206,1,108000.15000000205,-57.5
2021-07-26,258032.65000000206,1,108000.15000000205,32.5
2021-07-27,258135.1800000021,7,107996.43000000207,138.75
2021-07-28,258038.9300000021,7,107996.43000000207,42.5
2021-07-29,258725.22000000213,7,108873.97000000211,-148.75
2021-07-30,258855.85000000213,2,108873.35000000212,-17.5
2021-08-01,259018.35000000213,2,108873.35000000212,145.0
2021-08-02,258803.98000000214,3,108872.73000000212,-68.75
2021-08-03,259502.77000000217,5,109497.77000000216,5.0
2021-08-04,259507.78000000218,3,109496.53000000217,11.25
2021-08-05,259770.28000000218,3,109496.53000000217,273.75
2021-08-06,259892.1800000022,3,109868.43000000219,23.75
2021-08-08,259794.6800000022,2,109868.43000000219,-73.75
2021-08-09,259774.0600000022,3,109867.8100000022,-93.75
2021-08-10,259886.5600000022,3,109867.8100000022,18.75
2021-08-11,260122.8100000022,3,109867.8100000022,255.0
2021-08-12,260259.08000000223,3,110240.33000000221,18.75
2021-08-13,260289.08000000223,1,110240.33000000221,48.75
2021-08-15,260246.58000000223,1,110240.33000000221,6.25
2021-08-16,260714.12000000227,4,110736.62000000225,-22.5
2021-08-17,261126.6500000023,7,110732.90000000228,393.75
2021-08-18,258918.55000000232,12,110729.8000000023,-1811.25
2021-08-19,259292.93000000232,13,110729.1800000023,-1436.25
2021-08-20,262006.68000000232,13,110729.1800000023,1277.5
2021-08-22,262997.9300000023,13,110729.1800000023,2268.75
2021-08-23,263259.8900000024,13,113242.39000000239,17.5
2021-08-24,263217.3900000024,2,113242.39000000239,-25.0
2021-08-25,263292.3900000024,2,113242.39000000239,50.0
2021-08-26,263238.6500000024,4,113241.1500000024,-2.5
2021-08-27,263827.43000000244,4,113739.93000000242,87.5
2021-08-29,263842.43000000244,2,113739.93000000242,102.5
2021-08-30,264019.32000000245,2,113988.07000000244,31.25
2021-08-31,264173.08000000246,3,113986.83000000245,186.25
2021-09-01,263974.33000000246,3,113986.83000000245,-12.5
2021-09-02,264338.08000000246,3,113986.83000000245,351.25
2021-09-03,264195.58000000246,3,113986.83000000245,208.75
2021-09-05,264188.08000000246,3,113986.83000000245,201.25
2021-09-06,264274.33000000246,3,113986.83000000245,287.5
2021-09-07,263966.83000000246,3,113986.83000000245,-20.0
2021-09-08,263643.7200000025,6,113984.97000000246,-341.25
2021-09-09,263704.3500000025,7,113984.35000000247,-280.0
2021-09-10,261978.1300000025,13,113980.6300000025,-2002.5
2021-09-12,262205.7600000025,13,113948.2600000025,-1742.5
2021-09-13,263428.29000000254,13,114495.79000000253,-1067.5
2021-09-14,262430.79000000254,7,114495.79000000253,-2065.0
2021-09-15,263402.04000000254,7,114495.79000000253,-1093.75
2021-09-16,263262.04000000254,7,114495.79000000253,-1233.75
2021-09-17,261310.79000000254,7,114495.79000000253,-3185.0
2021-09-19,260610.79000000254,7,114495.79000000253,-3885.0
2021-09-20,260068.29000000254,7,114495.79000000253,-4427.5
2021-09-21,259114.54000000254,7,114495.79000000253,-5381.25
2021-09-22,260812.04000000254,7,114495.79000000253,-3683.75
2021-09-23,262430.79000000254,7,114495.79000000253,-2065.0
2021-09-24,262632.04000000254,7,114495.79000000253,-1863.75
2021-09-26,263174.54000000254,7,114495.79000000253,-1321.25
2021-09-27,262115.79000000254,7,114495.79000000253,-2380.0
2021-09-28,259814.54000000254,7,114495.79000000253,-4681.25
2021-09-29,260068.29000000254,7,114495.79000000253,-4427.5
2021-09-30,256515.79000000254,7,114495.79000000253,-7980.0
2021-10-01,259298.29000000254,7,114495.79000000253,-5197.5
2021-10-03,258572.04000000254,7,114495.79000000253,-5923.75
2021-10-04,257452.04000000254,7,114495.79000000253,-7043.75
2021-10-05,258125.79000000254,7,114495.79000000253,-6370.0
2021-10-06,260173.29000000254,7,114495.79000000253,-4322.5
2021-10-07,260733.29000000254,7,114495.79000000253,-3762.5
2021-10-08,260339.54000000254,7,114495.79000000253,-4156.25
2021-10-10,260050.79000000254,7,114495.79000000253,-4445.0
2021-10-11,258519.54000000254,7,114495.79000000253,-5976.25
2021-10-12,258738.29000000254,7,114495.79000000253,-5757.5
2021-10-13,259954.54000000254,7,114495.79000000253,-4541.25
2021-10-14,262535.79000000254,7,114495.79000000253,-1960.0
2021-10-15,263305.79000000254,7,114495.79000000253,-1190.0
2021-10-17,263122.04000000254,7,114495.79000000253,-1373.75
2021-10-18,263734.54000000254,7,114495.79000000253,-761.25
2021-10-19,264626.44000000256,7,114641.44000000255,-15.0
2021-10-20,264706.4600000026,2,114688.96000000257,17.5
2021-10-21,264876.4600000026,2,114688.96000000257,187.5
2021-10-22,264834.0000000026,6,114934.0000000026,-100.0
2021-10-24,265119.0000000026,6,114934.0000000026,185.0
2021-10-25,265739.66000000265,6,115684.66000000264,55.0
2021-10-26,265633.4400000027,5,115805.94000000267,-172.5
2021-10-27,265326.5800000027,8,115804.08000000268,-477.5
2021-10-28,266674.13000000274,8,116800.38000000273,-126.25
2021-10-29,267146.01000000275,3,116799.76000000273,346.25
2021-10-31,267206.01000000275,3,116799.76000000273,406.25
2021-11-01,267209.1700000028,4,117220.42000000276,-11.25
2021-11-02,267711.0700000028,4,117721.07000000279,-10.0
2021-11-03,268003.5900000028,2,117969.8400000028,33.75
2021-11-04,268233.61000000284,3,118092.36000000282,141.25
2021-11-05,268561.77000000287,4,118596.77000000286,-35.0
2021-11-07,268441.77000000287,4,118596.77000000286,-155.0
2021-11-08,268481.77000000287,4,118596.77000000286,-115.0
2021-11-09,267993.0300000029,6,118595.53000000287,-602.5
2021-11-10,267398.6900000029,13,118591.1900000029,-1192.5
2021-11-11,267821.1900000029,13,118591.1900000029,-770.0
2021-11-12,269884.9400000029,13,118591.1900000029,1293.75
2021-11-14,269836.1900000029,13,118591.1900000029,1245.0
2021-11-15,270485.020000003,13,120525.02000000297,-40.0
2021-11-16,270798.800000003,3,120897.550000003,-98.75
2021-11-17,270830.69000000303,6,120895.69000000301,-65.0
2021-11-18,271912.57000000303,7,120895.07000000302,1017.5
2021-11-19,271142.57000000303,7,120895.07000000302,247.5
2021-11-21,271466.32000000303,7,120895.07000000302,571.25
2021-11-22,271255.1400000031,7,121763.89000000308,-508.75
2021-11-23,271512.0400000031,12,121760.79000000311,-248.75
2021-11-24,273582.0400000031,12,121760.79000000311,1821.25
2021-11-25,270057.0400000031,12,121760.79000000311,-1703.75
2021-11-26,264338.96000000316,21,121755.21000000315,-7416.25
2021-11-28,269825.21000000316,21,121755.21000000315,-1930.0
2021-11-29,272528.96000000316,21,121755.21000000315,773.75
2021-11-30,267996.4800000032,25,121752.73000000317,-3756.25
2021-12-01,258890.89000000322,32,121748.3900000032,-12857.5
2021-12-02,265490.8900000032,32,121748.3900000032,-6257.5
2021-12-03,258850.89000000322,32,121748.3900000032,-12897.5
2021-12-05,263170.8900000032,32,121748.3900000032,-8577.5
2021-12-06,268413.4700000033,32,123260.97000000328,-4847.5
2021-12-07,273949.15000000334,16,123975.40000000333,-26.25
2021-12-08,273746.66000000335,5,124024.16000000334,-277.5
2021-12-09,273412.91000000335,3,124024.16000000334,-611.25
2021-12-10,274032.29000000336,3,124048.54000000334,-16.25
2021-12-12,274184.8100000033,2,124043.56000000334,141.25
2021-12-13,273637.3100000033,2,124043.56000000334,-406.25
2021-12-14,273314.8100000033,2,124043.56000000334,-728.75
2021-12-15,274079.8100000033,2,124043.56000000334,36.25
2021-12-16,272298.0100000034,13,124158.01000000341,-1860.0
2021-12-17,270333.0400000034,19,124154.29000000344,-3821.25
2021-12-19,265535.5400000034,19,124154.29000000344,-8618.75
2021-12-20,268766.82000000344,25,124150.57000000347,-5383.75
2021-12-21,274610.57000000344,25,124150.57000000347,460.0
2021-12-22,277431.9600000036,25,127405.7100000036,26.25
2021-12-23,277564.4700000036,1,127529.47000000361,35.0
2021-12-26,277581.9700000036,1,127529.47000000361,52.5
2021-12-27,277863.2400000036,1,127776.99000000363,86.25
2021-12-28,277949.5100000036,3,127908.26000000365,41.25
2021-12-29,277953.2600000036,3,127908.26000000365,45.0
2021-12-30,277660.7600000036,3,127908.26000000365,-247.5
2021-12-31,277602.0200000036,5,127907.02000000366,-305.0
2022-01-02,278002.0200000036,5,127907.02000000366,95.0
2022-01-03,278642.65000000363,6,127906.40000000366,736.25
2022-01-04,278365.8400000037,7,128822.09000000372,-456.25
2022-01-05,270984.03000000375,20,128814.03000000378,-7830.0
2022-01-06,274319.0500000038,24,128811.5500000038,-4492.5
2022-01-07,270762.8100000038,26,128810.31000000381,-8047.5
2022-01-09,271640.3100000038,26,128810.31000000381,-7170.0
2022-01-10,271261.5900000038,32,128806.59000000384,-7545.0
2022-01-11,278741.5900000038,32,128806.59000000384,-65.0
2022-01-12,282686.150000004,32,132798.650000004,-112.5
2022-01-13,280667.440000004,13,132793.69000000405,-2126.25
2022-01-14,282068.08000000403,16,132791.83000000406,-723.75
2022-01-16,280468.08000000403,16,132791.83000000406,-2323.75
2022-01-17,279648.08000000403,16,132791.83000000406,-3143.75
2022-01-18,271293.74000000407,23,132787.4900000041,-11493.75
2022-01-19,271241.9000000041,30,132783.15000000413,-11541.25
2022-01-20,255294.4100000041,32,132781.91000000414,-27487.5
2022-01-21,245534.4100000041,32,132781.91000000414,-37247.5
2022-01-23,251854.4100000041,32,132781.91000000414,-30927.5
2022-01-24,239534.4100000041,32,132781.91000000414,-43247.5
2022-01-25,242134.4100000041,32,132781.91000000414,-40647.5
2022-01-26,229574.4100000041,32,132781.91000000414,-53207.5
2022-01-27,237694.4100000041,32,132781.91000000414,-45087.5
2022-01-28,251614.4100000041,32,132781.91000000414,-31167.5
2022-01-30,253654.4100000041,32,132781.91000000414,-29127.5
2022-01-31,263134.4100000041,32,132781.91000000414,-19647.5
2022-02-01,272878.81000000413,32,132903.81000000416,-10025.0
2022-02-02,271058.22000000416,27,133184.4700000042,-12126.25
2022-02-03,269533.22000000416,20,133184.4700000042,-13651.25
2022-02-04,266058.22000000416,20,133184.4700000042,-17126.25
2022-02-06,266883.22000000416,20,133184.4700000042,-16301.25
2022-02-07,265383.22000000416,20,133184.4700000042,-17801.25
2022-02-08,270958.22000000416,20,133184.4700000042,-12226.25
2022-02-09,274433.22000000416,20,133184.4700000042,-8751.25
2022-02-10,264058.22000000416,20,133184.4700000042,-19126.25
2022-02-11,259308.22000000416,20,133184.4700000042,-23876.25
2022-02-13,259683.22000000416,20,133184.4700000042,-23501.25
2022-02-14,257233.22000000416,20,133184.4700000042,-25951.25
2022-02-15,262958.22000000416,20,133184.4700000042,-20226.25
2022-02-16,261908.22000000416,20,133184.4700000042,-21276.25
2022-02-17,257933.22000000416,20,133184.4700000042,-25251.25
2022-02-18,251933.22000000416,20,133184.4700000042,-31251.25
2022-02-20,254183.22000000416,20,133184.4700000042,-29001.25
2022-02-21,245108.22000000416,20,133184.4700000042,-38076.25
2022-02-22,250008.22000000416,20,133184.4700000042,-33176.25
2022-02-23,231658.22000000416,20,133184.4700000042,-51526.25
2022-02-24,243808.22000000416,20,133184.4700000042,-39376.25
2022-02-25,255558.22000000416,20,133184.4700000042,-27626.25
2022-02-27,245133.22000000416,20,133184.4700000042,-38051.25
2022-02-28,254458.22000000416,20,133184.4700000042,-28726.25
2022-03-01,249433.22000000416,20,133184.4700000042,-33751.25
2022-03-02,255733.22000000416,20,133184.4700000042,-27451.25
2022-03-03,250083.22000000416,20,133184.4700000042,-33101.25
2022-03-04,249533.22000000416,20,133184.4700000042,-33651.25
2022-03-06,245083.22000000416,20,133184.4700000042,-38101.25
2022-03-07,236633.22000000416,20,133184.4700000042,-46551.25
2022-03-08,236808.22000000416,20,133184.4700000042,-46376.25
2022-03-09,244283.22000000416,20,133184.4700000042,-38901.25
2022-03-10,241408.22000000416,20,133184.4700000042,-41776.25
2022-03-11,238083.22000000416,20,133184.4700000042,-45101.25
2022-03-13,239383.42000000423,20,133134.6700000042,-43751.25
2022-03-14,235833.42000000423,20,133134.6700000042,-47301.25
2022-03-15,243133.42000000423,20,133134.6700000042,-40001.25
2022-03-16,252483.42000000423,20,133134.6700000042,-30651.25
2022-03-17,255533.42000000423,20,133134.6700000042,-27601.25
2022-03-18,264858.42000000423,20,133134.6700000042,-18276.25
2022-03-20,262658.42000000423,20,133134.6700000042,-20476.25
2022-03-21,262708.42000000423,20,133134.6700000042,-20426.25
2022-03-22,269408.42000000423,20,133134.6700000042,-13726.25
2022-03-23,264333.42000000423,20,133134.6700000042,-18801.25
2022-03-24,269558.42000000423,20,133134.6700000042,-13576.25
2022-03-25,271958.42000000423,20,133134.6700000042,-11176.25
2022-03-27,270508.42000000423,20,133134.6700000042,-12626.25
2022-03-28,275333.42000000423,20,133134.6700000042,-7801.25
2022-03-29,280015.33000000427,20,133847.83000000424,-3832.5
2022-03-30,279202.83000000427,13,133847.83000000424,-4645.0
2022-03-31,275319.08000000427,13,133847.83000000424,-8528.75
2022-04-01,274815.33000000427,13,133847.83000000424,-9032.5
2022-04-03,274896.58000000427,13,133847.83000000424,-8951.25
2022-04-04,277025.33000000427,13,133847.83000000424,-6822.5
2022-04-05,273239.08000000427,13,133847.83000000424,-10608.75
2022-04-06,269517.83000000427,13,133847.83000000424,-14330.0
2022-04-07,272004.08000000427,13,133847.83000000424,-11843.75
2022-04-08,271240.33000000427,13,133847.83000000424,-12607.5
2022-04-10,269420.33000000427,13,133847.83000000424,-14427.5
2022-04-11,264967.83000000427,13,133847.83000000424,-18880.0
2022-04-12,266804.08000000427,13,133847.83000000424,-17043.75
2022-04-13,268786.58000000427,13,133847.83000000424,-15061.25
2022-04-14,265097.83000000427,13,133847.83000000424,-18750.0
2022-04-17,263667.83000000427,13,133847.83000000424,-20180.0
2022-04-18,266089.08000000427,13,133847.83000000424,-17758.75
2022-04-19,268721.58000000427,13,133847.83000000424,-15126.25
2022-04-20,270427.83000000427,13,133847.83000000424,-13420.0
2022-04-21,264155.33000000427,13,133847.83000000424,-19692.5
2022-04-22,256144.08000000427,13,133847.83000000424,-27703.75
2022-04-24,255786.58000000427,13,133847.83000000424,-28061.25
2022-04-25,259410.33000000427,13,133847.83000000424,-24437.5
2022-04-26,252341.58000000427,13,133847.83000000424,-31506.25
2022-04-27,253397.83000000427,13,133847.83000000424,-30450.0
2022-04-28,256972.83000000427,13,133847.83000000424,-26875.0
2022-04-29,248717.83000000427,13,133847.83000000424,-35130.0
2022-05-01,249530.33000000427,13,133847.83000000424,-34317.5
2022-05-02,250489.08000000427,13,133847.83000000424,-33358.75
2022-05-03,250960.33000000427,13,133847.83000000424,-32887.5
2022-05-04,258792.83000000427,13,133847.83000000424,-25055.0
2022-05-05,249254.08000000427,13,133847.83000000424,-34593.75
2022-05-06,247011.58000000427,13,133847.83000000424,-36836.25
2022-05-08,245045.33000000427,13,133847.83000000424,-38802.5
2022-05-09,240397.83000000427,13,133847.83000000424,-43450.0
2022-05-10,240576.58000000427,13,133847.83000000424,-43271.25
2022-05-11,235896.58000000427,13,133847.83000000424,-47951.25
2022-05-12,237635.33000000427,13,133847.83000000424,-46212.5
2022-05-13,240690.33000000427,13,133847.83000000424,-43157.5
2022-05-15,239325.33000000427,13,133847.83000000424,-44522.5
2022-05-16,240917.83000000427,13,133847.83000000424,-42930.0
2022-05-17,244557.83000000427,13,133847.83000000424,-39290.0
2022-05-18,235246.58000000427,13,133847.83000000424,-48601.25
2022-05-19,234791.58000000427,13,133847.83000000424,-49056.25
2022-05-20,233459.08000000427,13,133847.83000000424,-50388.75
2022-05-22,235311.58000000427,13,133847.83000000424,-48536.25
2022-05-23,235994.08000000427,13,133847.83000000424,-47853.75
2022-05-24,237667.83000000427,13,133847.83000000424,-46180.0
2022-05-25,238220.33000000427,13,133847.83000000424,-45627.5
2022-05-26,242949.08000000427,13,133847.83000000424,-40898.75
2022-05-27,250732.83000000427,13,133847.83000000424,-33115.0
2022-05-29,251074.08000000427,13,133847.83000000424,-32773.75
2022-05-30,250521.58000000427,13,133847.83000000424,-33326.25
2022-05-31,249302.83000000427,13,133847.83000000424,-34545.0
2022-06-01,246280.33000000427,13,133847.83000000424,-37567.5
2022-06-02,251285.33000000427,13,133847.83000000424,-32562.5
2022-06-03,246930.33000000427,13,133847.83000000424,-36917.5
2022-06-05,248084.08000000427,13,133847.83000000424,-35763.75
2022-06-06,246475.33000000427,13,133847.83000000424,-37372.5
2022-06-07,249107.83000000427,13,133847.83000000424,-34740.0
2022-06-08,247092.83000000427,13,133847.83000000424,-36755.0
2022-06-09,241421.58000000427,13,133847.83000000424,-42426.25
2022-06-10,233670.33000000427,13,133847.83000000424,-50177.5
2022-06-12,229981.58000000427,13,133847.83000000424,-53866.25
2022-06-13,225252.96000000427,13,133815.46000000424,-58562.5
2022-06-14,223546.71000000427,13,133815.46000000424,-60268.75
2022-06-15,227170.46000000427,13,133815.46000000424,-56645.0
2022-06-16,219435.46000000427,13,133815.46000000424,-64380.0
2022-06-17,219012.96000000427,13,133815.46000000424,-64802.5
2022-06-19,219467.96000000427,13,133815.46000000424,-64347.5
2022-06-20,222360.46000000427,13,133815.46000000424,-61455.0
2022-06-21,222214.21000000427,13,133815.46000000424,-61601.25
2022-06-22,223497.96000000427,13,133815.46000000424,-60317.5
2022-06-23,227609.21000000427,13,133815.46000000424,-56206.25
2022-06-24,234044.21000000427,13,133815.46000000424,-49771.25
2022-06-26,234791.71000000427,13,133815.46000000424,-49023.75
2022-06-27,233052.96000000427,13,133815.46000000424,-50762.5
2022-06-28,228616.71000000427,13,133815.46000000424,-55198.75
2022-06-29,227267.96000000427,13,133815.46000000424,-56547.5
2022-06-30,223725.46000000427,13,133815.46000000424,-60090.0
2022-07-01,228242.96000000427,13,133815.46000000424,-55572.5
2022-07-03,226926.71000000427,13,133815.46000000424,-56888.75
2022-07-04,228925.46000000427,13,133815.46000000424,-54890.0
2022-07-05,228762.96000000427,13,133815.46000000424,-55052.5
2022-07-06,229819.21000000427,13,133815.46000000424,-53996.25
2022-07-07,232337.96000000427,13,133815.46000000424,-51477.5
2022-07-08,233442.96000000427,13,133815.46000000424,-50372.5
2022-07-10,231622.96000000427,13,133815.46000000424,-52192.5
2022-07-11,229006.71000000427,13,133815.46000000424,-54808.75
2022-07-12,228519.21000000427,13,133815.46000000424,-55296.25
2022-07-13,226634.21000000427,13,133815.46000000424,-57181.25
2022-07-14,227072.96000000427,13,133815.46000000424,-56742.5
2022-07-15,230924.21000000427,13,133815.46000000424,-52891.25
2022-07-17,231850.46000000427,13,133815.46000000424,-51965.0
2022-07-18,229201.71000000427,13,133815.46000000424,-54613.75
2022-07-19,236985.46000000427,13,133815.46000000424,-46830.0
2022-07-20,236741.71000000427,13,133815.46000000424,-47073.75
2022-07-21,238642.96000000427,13,133815.46000000424,-45172.5
2022-07-22,237196.71000000427,13,133815.46000000424,-46618.75
2022-07-24,237066.71000000427,13,133815.46000000424,-46748.75
2022-07-25,236936.71000000427,13,133815.46000000424,-46878.75
2022-07-26,236497.96000000427,13,133815.46000000424,-47317.5
2022-07-27,240560.46000000427,13,133815.46000000424,-43255.0
2022-07-28,245809.21000000427,13,133815.46000000424,-38006.25
2022-07-29,248197.96000000427,13,133815.46000000424,-35617.5
2022-07-31,246995.46000000427,13,133815.46000000424,-36820.0
2022-08-01,246377.96000000427,13,133815.46000000424,-37437.5
2022-08-02,246069.21000000427,13,133815.46000000424,-37746.25
2022-08-03,249400.46000000427,13,133815.46000000424,-34415.0
2022-08-04,250180.46000000427,13,133815.46000000424,-33635.0
2022-08-05,248799.21000000427,13,133815.46000000424,-35016.25
2022-08-07,248636.71000000427,13,133815.46000000424,-35178.75
2022-08-08,249497.96000000427,13,133815.46000000424,-34317.5
2022-08-09,247531.71000000427,13,133815.46000000424,-36283.75
2022-08-10,254047.96000000427,13,133815.46000000424,-29767.5
2022-08-11,253625.46000000427,13,133815.46000000424,-30190.0
2022-08-12,257834.21000000427,13,133815.46000000424,-25981.25
2022-08-14,257200.46000000427,13,133815.46000000424,-26615.0
2022-08-15,258662.96000000427,13,133815.46000000424,-25152.5
2022-08-16,259540.46000000427,13,133815.46000000424,-24275.0
2022-08-17,257281.71000000427,13,133815.46000000424,-26533.75
2022-08-18,257720.46000000427,13,133815.46000000424,-26095.0
2022-08-19,254437.96000000427,13,133815.46000000424,-29377.5
2022-08-21,253560.46000000427,13,133815.46000000424,-30255.0
2022-08-22,249140.46000000427,13,133815.46000000424,-34675.0
2022-08-23,247141.71000000427,13,133815.46000000424,-36673.75
2022-08-24,249595.46000000427,13,133815.46000000424,-34220.0
2022-08-25,252471.71000000427,13,133815.46000000424,-31343.75
2022-08-26,242364.21000000427,13,133815.46000000424,-41451.25
2022-08-28,241470.46000000427,13,133815.46000000424,-42345.0
2022-08-29,242217.96000000427,13,133815.46000000424,-41597.5
2022-08-30,240186.71000000427,13,133815.46000000424,-43628.75
2022-08-31,234856.71000000427,13,133815.46000000424,-48958.75
2022-09-01,237310.46000000427,13,133815.46000000424,-46505.0
2022-09-02,235246.71000000427,13,133815.46000000424,-48568.75
2022-09-04,235197.96000000427,13,133815.46000000424,-48617.5
2022-09-05,235669.21000000427,13,133815.46000000424,-48146.25
2022-09-06,232597.96000000427,13,133815.46000000424,-51217.5
2022-09-07,238350.46000000427,13,133815.46000000424,-45465.0
2022-09-08,240804.21000000427,13,133815.46000000424,-43011.25
2022-09-09,243891.71000000427,13,133815.46000000424,-39923.75
2022-09-11,243891.71000000427,13,133815.46000000424,-39923.75
2022-09-12,246946.84000000427,13,133783.09000000425,-36836.25
2022-09-13,235555.59000000427,13,133783.09000000425,-48227.5
2022-09-14,236319.34000000427,13,133783.09000000425,-47463.75
2022-09-15,231249.34000000427,13,133783.09000000425,-52533.75
2022-09-16,231996.84000000427,13,133783.09000000425,-51786.25
2022-09-18,230599.34000000427,13,133783.09000000425,-53183.75
2022-09-19,233508.09000000427,13,133783.09000000425,-50275.0
2022-09-20,230453.09000000427,13,133783.09000000425,-53330.0
2022-09-21,224180.59000000427,13,133783.09000000425,-59602.5
2022-09-22,223156.84000000427,13,133783.09000000425,-60626.25
2022-09-23,219565.59000000427,13,133783.09000000425,-64217.5
2022-09-25,218119.34000000427,13,133783.09000000425,-65663.75
2022-09-26,218509.34000000427,13,133783.09000000425,-65273.75
2022-09-27,214885.59000000427,13,133783.09000000425,-68897.5
2022-09-28,220751.84000000427,13,133783.09000000425,-63031.25
2022-09-29,215210.59000000427,13,133783.09000000425,-68572.5
2022-09-30,212610.59000000427,13,133783.09000000425,-71172.5
2022-10-02,212269.34000000427,13,133783.09000000425,-71513.75
2022-10-03,220248.09000000427,13,133783.09000000425,-63535.0
2022-10-04,224424.34000000427,13,133783.09000000425,-59358.75
2022-10-05,226163.09000000427,13,133783.09000000425,-57620.0
2022-10-06,222214.34000000427,13,133783.09000000425,-61568.75
2022-10-07,215633.09000000427,13,133783.09000000425,-68150.0
2022-10-09,214690.59000000427,13,133783.09000000425,-69092.5
2022-10-10,212724.34000000427,13,133783.09000000425,-71058.75
2022-10-11,212626.84000000427,13,133783.09000000425,-71156.25
2022-10-12,211928.09000000427,13,133783.09000000425,-71855.0
2022-10-13,219484.34000000427,13,133783.09000000425,-64298.75
2022-10-14,212106.84000000427,13,133783.09000000425,-71676.25
2022-10-16,213146.84000000427,13,133783.09000000425,-70636.25
2022-10-17,221596.84000000427,13,133783.09000000425,-62186.25
2022-10-18,222848.09000000427,13,133783.09000000425,-60935.0
2022-10-19,217826.84000000427,13,133783.09000000425,-65956.25
2022-10-20,216575.59000000427,13,133783.09000000425,-67207.5
2022-10-21,223514.34000000427,13,133783.09000000425,-60268.75
2022-10-23,223108.09000000427,13,133783.09000000425,-60675.0
2022-10-24,225935.59000000427,13,133783.09000000425,-57847.5
2022-10-25,227674.34000000427,13,133783.09000000425,-56108.75
2022-10-26,229315.59000000427,13,133783.09000000425,-54467.5
2022-10-27,225594.34000000427,13,133783.09000000425,-58188.75
2022-10-28,233329.34000000427,13,133783.09000000425,-50453.75
2022-10-30,232419.34000000427,13,133783.09000000425,-51363.75
2022-10-31,231623.09000000427,13,133783.09000000425,-52160.0
2022-11-01,230241.84000000427,13,133783.09000000425,-53541.25
2022-11-02,223871.84000000427,13,133783.09000000425,-59911.25
2022-11-03,220670.59000000427,13,133783.09000000425,-63112.5
2022-11-04,223563.09000000427,13,133783.09000000425,-60220.0
2022-11-06,223595.59000000427,13,133783.09000000425,-60187.5
2022-11-07,226146.84000000427,13,133783.09000000425,-57636.25
2022-11-08,227853.09000000427,13,133783.09000000425,-55930.0
2022-11-09,223026.84000000427,13,133783.09000000425,-60756.25
2022-11-10,236303.09000000427,13,133783.09000000425,-47480.0
2022-11-11,238301.84000000427,13,133783.09000000425,-45481.25
2022-11-13,237651.84000000427,13,133783.09000000425,-46131.25
2022-11-14,237196.84000000427,13,133783.09000000425,-46586.25
2022-11-15,237603.09000000427,13,133783.09000000425,-46180.0
2022-11-16,236416.84000000427,13,133783.09000000425,-47366.25
2022-11-17,235393.09000000427,13,133783.09000000425,-48390.0
2022-11-18,236481.84000000427,13,133783.09000000425,-47301.25
2022-11-20,235929.34000000427,13,133783.09000000425,-47853.75
2022-11-21,235880.59000000427,13,133783.09000000425,-47902.5
2022-11-22,238838.09000000427,13,133783.09000000425,-44945.0
2022-11-23,241064.34000000427,13,133783.09000000425,-42718.75
2022-11-24,241113.09000000427,13,133783.09000000425,-42670.0
2022-11-25,240560.59000000427,13,133783.09000000425,-43222.5
2022-11-27,238773.09000000427,13,133783.09000000425,-45010.0
2022-11-28,237245.59000000427,13,133783.09000000425,-46537.5
2022-11-29,236221.84000000427,13,133783.09000000425,-47561.25
2022-11-30,244086.84000000427,13,133783.09000000425,-39696.25
2022-12-01,243128.09000000427,13,133783.09000000425,-40655.0
2022-12-02,242673.09000000427,13,133783.09000000425,-41110.0
2022-12-04,242916.84000000427,13,133783.09000000425,-40866.25
2022-12-05,238773.09000000427,13,133783.09000000425,-45010.0
2022-12-06,235214.34000000427,13,133783.09000000425,-48568.75
2022-12-07,233946.84000000427,13,133783.09000000425,-49836.25
2022-12-08,236660.59000000427,13,133783.09000000425,-47122.5
2022-12-09,233898.09000000427,13,133783.09000000425,-49885.0
2022-12-11,234011.84000000427,13,133783.09000000425,-49771.25
2022-12-12,237586.97000000428,13,133750.72000000425,-46163.75
2022-12-13,240560.72000000428,13,133750.72000000425,-43190.0
2022-12-14,238188.22000000428,13,133750.72000000425,-45562.5
2022-12-15,231168.22000000428,13,133750.72000000425,-52582.5
2022-12-16,227836.97000000428,13,133750.72000000425,-55913.75
2022-12-18,228649.47000000428,13,133750.72000000425,-55101.25
2022-12-19,223936.97000000428,13,133750.72000000425,-59813.75
2022-12-20,227235.72000000428,13,133750.72000000425,-56515.0
2022-12-21,230826.97000000428,13,133750.72000000425,-52923.75
2022-12-22,226585.72000000428,13,133750.72000000425,-57165.0
2022-12-23,227593.22000000428,13,133750.72000000425,-56157.5
2022-12-26,229299.47000000428,13,133750.72000000425,-54451.25
2022-12-27,226943.22000000428,13,133750.72000000425,-56807.5
2022-12-28,223904.47000000428,13,133750.72000000425,-59846.25
2022-12-29,227544.47000000428,13,133750.72000000425,-56206.25
2022-12-30,227560.72000000428,13,133750.72000000425,-56190.0
2023-01-02,227333.22000000428,13,133750.72000000425,-56417.5
2023-01-03,226601.97000000428,13,133750.72000000425,-57148.75
2023-01-04,227901.97000000428,13,133750.72000000425,-55848.75
2023-01-05,226293.22000000428,13,133750.72000000425,-57457.5
2023-01-06,230550.72000000428,13,133750.72000000425,-53200.0
2023-01-08,231590.72000000428,13,133750.72000000425,-52160.0
2023-01-09,229819.47000000428,13,133750.72000000425,-53931.25
2023-01-10,232419.47000000428,13,133750.72000000425,-51331.25
2023-01-11,235783.22000000428,13,133750.72000000425,-47967.5
2023-01-12,235750.72000000428,13,133750.72000000425,-48000.0
2023-01-13,237391.97000000428,13,133750.72000000425,-46358.75
2023-01-15,237668.22000000428,13,133750.72000000425,-46082.5
2023-01-16,236514.47000000428,13,133750.72000000425,-47236.25
2023-01-17,237099.47000000428,13,133750.72000000425,-46651.25
2023-01-18,232338.22000000428,13,133750.72000000425,-51412.5
2023-01-19,231249.47000000428,13,133750.72000000425,-52501.25
2023-01-20,235376.97000000428,13,133750.72000000425,-48373.75
2023-01-22,235181.97000000428,13,133750.72000000425,-48568.75
2023-01-23,238561.97000000428,13,133750.72000000425,-45188.75
2023-01-24,237099.47000000428,13,133750.72000000425,-46651.25
2023-01-25,238545.72000000428,13,133750.72000000425,-45205.0
2023-01-26,240333.22000000428,13,133750.72000000425,-43417.5
2023-01-27,241616.97000000428,13,133750.72000000425,-42133.75
2023-01-29,240836.97000000428,13,133750.72000000425,-42913.75
2023-01-30,238106.97000000428,13,133750.72000000425,-45643.75
2023-01-31,241373.22000000428,13,133750.72000000425,-42377.5
2023-02-01,245711.97000000428,13,133750.72000000425,-38038.75
2023-02-02,247223.22000000428,13,133750.72000000425,-36527.5
2023-02-03,245646.97000000428,13,133750.72000000425,-38103.75
2023-02-05,244785.72000000428,13,133750.72000000425,-38965.0
2023-02-06,244395.72000000428,13,133750.72000000425,-39355.0
2023-02-07,247531.97000000428,13,133750.72000000425,-36218.75
2023-02-08,245159.47000000428,13,133750.72000000425,-38591.25
2023-02-09,241649.47000000428,13,133750.72000000425,-42101.25
2023-02-10,242624.47000000428,13,133750.72000000425,-41126.25
2023-02-12,241568.22000000428,13,133750.72000000425,-42182.5
2023-02-13,245451.97000000428,13,133750.72000000425,-38298.75
2023-02-14,244493.22000000428,13,133750.72000000425,-39257.5
2023-02-15,246946.97000000428,13,133750.72000000425,-36803.75
2023-02-16,241584.47000000428,13,133750.72000000425,-42166.25
2023-02-17,241730.72000000428,13,133750.72000000425,-42020.0
2023-02-19,241746.97000000428,13,133750.72000000425,-42003.75
2023-02-20,240690.72000000428,13,133750.72000000425,-43060.0
2023-02-21,237066.97000000428,13,133750.72000000425,-46683.75
2023-02-22,237359.47000000428,13,133750.72000000425,-46391.25
2023-02-23,237115.72000000428,13,133750.72000000425,-46635.0
2023-02-24,234499.47000000428,13,133750.72000000425,-49251.25
2023-02-26,234938.22000000428,13,133750.72000000425,-48812.5
2023-02-27,235604.47000000428,13,133750.72000000425,-48146.25
2023-02-28,234580.72000000428,13,133750.72000000425,-49170.0
2023-03-01,232419.47000000428,13,133750.72000000425,-51331.25
2023-03-02,234678.22000000428,13,133750.72000000425,-49072.5
2023-03-03,239569.47000000428,13,133750.72000000425,-44181.25
2023-03-05,239731.97000000428,13,133750.72000000425,-44018.75
2023-03-06,240121.97000000428,13,133750.72000000425,-43628.75
2023-03-07,235506.97000000428,13,133750.72000000425,-48243.75
2023-03-08,235523.22000000428,13,133750.72000000425,-48227.5
2023-03-09,228941.97000000428,13,133750.72000000425,-54808.75
2023-03-10,228291.97000000428,13,133750.72000000425,-55458.75
2023-03-12,231623.22000000428,13,133750.72000000425,-52127.5
2023-03-13,228097.10000000428,13,133718.35000000425,-55621.25
2023-03-14,231347.10000000428,13,133718.35000000425,-52371.25
2023-03-15,229917.10000000428,13,133718.35000000425,-53801.25
2023-03-16,233638.35000000428,13,133718.35000000425,-50080.0
2023-03-17,230680.85000000428,13,133718.35000000425,-53037.5
2023-03-19,230973.35000000428,13,133718.35000000425,-52745.0
2023-03-20,233248.35000000428,13,133718.35000000425,-50470.0
2023-03-21,236482.10000000428,13,133718.35000000425,-47236.25
2023-03-22,233297.10000000428,13,133718.35000000425,-50421.25
2023-03-23,232858.35000000428,13,133718.35000000425,-50860.0
2023-03-24,234743.35000000428,13,133718.35000000425,-48975.0
2023-03-26,235490.85000000428,13,133718.35000000425,-48227.5
2023-03-27,234922.10000000428,13,133718.35000000425,-48796.25
2023-03-28,235230.85000000428,13,133718.35000000425,-48487.5
2023-03-29,237684.60000000428,13,133718.35000000425,-46033.75
2023-03-30,240008.35000000428,13,133718.35000000425,-43710.0
2023-03-31,243128.35000000428,13,133718.35000000425,-40590.0
2023-04-02,242153.35000000428,13,133718.35000000425,-41565.0
2023-04-03,243940.85000000428,13,133718.35000000425,-39777.5
2023-04-04,242575.85000000428,13,133718.35000000425,-41142.5
2023-04-05,240983.35000000428,13,133718.35000000425,-42735.0
2023-04-06,242413.35000000428,13,133718.35000000425,-41305.0
2023-04-07,243290.85000000428,13,133718.35000000425,-40427.5
2023-04-09,242608.35000000428,13,133718.35000000425,-41110.0
2023-04-10,243177.10000000428,13,133718.35000000425,-40541.25
2023-04-11,243014.60000000428,13,133718.35000000425,-40703.75
2023-04-12,241990.85000000428,13,133718.35000000425,-41727.5
2023-04-13,245192.10000000428,13,133718.35000000425,-38526.25
2023-04-14,245224.60000000428,13,133718.35000000425,-38493.75
2023-04-16,245127.10000000428,13,133718.35000000425,-38591.25
2023-04-17,245403.35000000428,13,133718.35000000425,-38315.0
2023-04-18,245403.35000000428,13,133718.35000000425,-38315.0
2023-04-19,245143.35000000428,13,133718.35000000425,-38575.0
2023-04-20,244135.85000000428,13,133718.35000000425,-39582.5
2023-04-21,244022.10000000428,13,133718.35000000425,-39696.25
2023-04-23,243437.10000000428,13,133718.35000000425,-40281.25
2023-04-24,243713.35000000428,13,133718.35000000425,-40005.0
2023-04-25,241178.35000000428,13,133718.35000000425,-42540.0
2023-04-26,239553.35000000428,13,133718.35000000425,-44165.0
2023-04-27,243713.35000000428,13,133718.35000000425,-40005.0
2023-04-28,246443.35000000428,13,133718.35000000425,-37275.0
2023-04-30,246475.85000000428,13,133718.35000000425,-37242.5
2023-05-01,246004.60000000428,13,133718.35000000425,-37713.75
2023-05-02,243372.10000000428,13,133718.35000000425,-40346.25
2023-05-03,241389.60000000428,13,133718.35000000425,-42328.75
2023-05-04,240073.35000000428,13,133718.35000000425,-43645.0
2023-05-05,243745.85000000428,13,133718.35000000425,-39972.5
2023-05-07,243583.35000000428,13,133718.35000000425,-40135.0
2023-05-08,243908.35000000428,13,133718.35000000425,-39810.0
2023-05-09,242998.35000000428,13,133718.35000000425,-40720.0
2023-05-10,244477.10000000428,13,133718.35000000425,-39241.25
2023-05-11,243745.85000000428,13,133718.35000000425,-39972.5
2023-05-12,242640.85000000428,13,133718.35000000425,-41077.5
2023-05-14,242982.10000000428,13,133718.35000000425,-40736.25
2023-05-15,243323.35000000428,13,133718.35000000425,-40395.0
2023-05-16,242527.10000000428,13,133718.35000000425,-41191.25
2023-05-17,245078.35000000428,13,133718.35000000425,-38640.0
2023-05-18,248279.60000000428,13,133718.35000000425,-35438.75
2023-05-19,246947.10000000428,13,133718.35000000425,-36771.25
2023-05-21,247288.35000000428,13,133718.35000000425,-36430.0
2023-05-22,247938.35000000428,13,133718.35000000425,-35780.0
2023-05-23,244655.85000000428,13,133718.35000000425,-39062.5
2023-05-24,243225.85000000428,13,133718.35000000425,-40492.5
2023-05-25,243908.35000000428,13,133718.35000000425,-39810.0
2023-05-26,248312.10000000428,13,133718.35000000425,-35406.25
2023-05-28,248507.10000000428,13,133718.35000000425,-35211.25
2023-05-29,248523.35000000428,13,133718.35000000425,-35195.0
2023-05-30,247402.10000000428,13,133718.35000000425,-36316.25
2023-05-31,246605.85000000428,13,133718.35000000425,-37112.5
2023-06-01,249352.10000000428,13,133718.35000000425,-34366.25
2023-06-02,252829.60000000428,13,133718.35000000425,-30888.75
2023-06-04,252520.85000000428,13,133718.35000000425,-31197.5
2023-06-05,252342.10000000428,13,133718.35000000425,-31376.25
2023-06-06,253170.85000000428,13,133718.35000000425,-30547.5
2023-06-07,251610.85000000428,13,133718.35000000425,-32107.5
2023-06-08,253252.10000000428,13,133718.35000000425,-30466.25
2023-06-09,253869.60000000428,13,133718.35000000425,-29848.75
2023-06-11,254194.60000000428,13,133718.35000000425,-29523.75
2023-06-12,256875.9800000043,13,133685.98000000426,-26810.0
2023-06-13,258110.9800000043,13,133685.98000000426,-25575.0
2023-06-14,258273.4800000043,13,133685.98000000426,-25412.5
2023-06-15,261312.2300000043,13,133685.98000000426,-22373.75
2023-06-16,260922.2300000043,13,133685.98000000426,-22763.75
2023-06-18,260304.7300000043,13,133685.98000000426,-23381.25
2023-06-19,259930.9800000043,13,133685.98000000426,-23755.0
2023-06-20,259313.4800000043,13,133685.98000000426,-24372.5
2023-06-21,257623.4800000043,13,133685.98000000426,-26062.5
2023-06-22,257477.2300000043,13,133685.98000000426,-26208.75
2023-06-23,256339.7300000043,13,133685.98000000426,-27346.25
2023-06-25,257087.2300000043,13,133685.98000000426,-26598.75
2023-06-26,255705.9800000043,13,133685.98000000426,-27980.0
2023-06-27,257834.7300000043,13,133685.98000000426,-25851.25
2023-06-28,258403.4800000043,13,133685.98000000426,-25282.5
2023-06-29,259492.2300000043,13,133685.98000000426,-24193.75
2023-06-30,262449.7300000043,13,133685.98000000426,-21236.25
2023-07-02,262855.9800000043,13,133685.98000000426,-20830.0
2023-07-03,263018.4800000043,13,133685.98000000426,-20667.5
2023-07-04,262888.4800000043,13,133685.98000000426,-20797.5
2023-07-05,261620.9800000043,13,133685.98000000426,-22065.0
2023-07-06,260060.9800000043,13,133685.98000000426,-23625.0
2023-07-07,259557.2300000043,13,133685.98000000426,-24128.75
2023-07-09,258663.4800000043,13,133685.98000000426,-25022.5
2023-07-10,260142.2300000043,13,133685.98000000426,-23543.75
2023-07-11,261945.9800000043,13,133685.98000000426,-21740.0
2023-07-12,264822.2300000043,13,133685.98000000426,-18863.75
2023-07-13,266317.2300000043,13,133685.98000000426,-17368.75
2023-07-14,265878.4800000043,13,133685.98000000426,-17807.5
2023-07-16,265699.7300000043,13,133685.98000000426,-17986.25
2023-07-17,266804.7300000043,13,133685.98000000426,-16881.25
2023-07-18,269209.7300000043,13,133685.98000000426,-14476.25
2023-07-19,269404.7300000043,13,133685.98000000426,-14281.25
2023-07-20,268104.7300000043,13,133685.98000000426,-15581.25
2023-07-21,267747.2300000043,13,133685.98000000426,-15938.75
2023-07-23,267698.4800000043,13,133685.98000000426,-15987.5
2023-07-24,268965.9800000043,13,133685.98000000426,-14720.0
2023-07-25,269810.9800000043,13,133685.98000000426,-13875.0
2023-07-26,270542.2300000043,13,133685.98000000426,-13143.75
2023-07-27,268202.2300000043,13,133685.98000000426,-15483.75
2023-07-28,270542.2300000043,13,133685.98000000426,-13143.75
2023-07-30,269989.7300000043,13,133685.98000000426,-13696.25
2023-07-31,271224.7300000043,13,133685.98000000426,-12461.25
2023-08-01,268803.4800000043,13,133685.98000000426,-14882.5
2023-08-02,266317.2300000043,13,133685.98000000426,-17368.75
2023-08-03,265927.2300000043,13,133685.98000000426,-17758.75
2023-08-04,263457.2300000043,13,133685.98000000426,-20228.75
2023-08-06,264610.9800000043,13,133685.98000000426,-19075.0
2023-08-07,265374.7300000043,13,133685.98000000426,-18311.25
2023-08-08,264952.2300000043,13,133685.98000000426,-18733.75
2023-08-09,263749.7300000043,13,133685.98000000426,-19936.25
2023-08-10,262628.4800000043,13,133685.98000000426,-21057.5
2023-08-11,262563.4800000043,13,133685.98000000426,-21122.5
2023-08-13,261653.4800000043,13,133685.98000000426,-22032.5
2023-08-14,264529.7300000043,13,133685.98000000426,-19156.25
2023-08-15,260743.4800000043,13,133685.98000000426,-22942.5
2023-08-16,258582.2300000043,13,133685.98000000426,-25103.75
2023-08-17,256079.7300000043,13,133685.98000000426,-27606.25
2023-08-18,255787.2300000043,13,133685.98000000426,-27898.75
2023-08-20,256112.2300000043,13,133685.98000000426,-27573.75
2023-08-21,257753.4800000043,13,133685.98000000426,-25932.5
2023-08-22,257785.9800000043,13,133685.98000000426,-25900.0
2023-08-23,262108.4800000043,13,133685.98000000426,-21577.5
2023-08-24,256258.4800000043,13,133685.98000000426,-27427.5
2023-08-25,257948.4800000043,13,133685.98000000426,-25737.5
2023-08-27,258143.4800000043,13,133685.98000000426,-25542.5
2023-08-28,259979.7300000043,13,133685.98000000426,-23706.25
2023-08-29,264513.4800000043,13,133685.98000000426,-19172.5
2023-08-30,265390.9800000043,13,133685.98000000426,-18295.0
2023-08-31,264903.4800000043,13,133685.98000000426,-18782.5
2023-09-01,264822.2300000043,13,133685.98000000426,-18863.75
2023-09-03,265000.9800000043,13,133685.98000000426,-18685.0
2023-09-04,264513.4800000043,13,133685.98000000426,-19172.5
2023-09-05,263408.4800000043,13,133685.98000000426,-20277.5
2023-09-06,261555.9800000043,13,133685.98000000426,-22130.0
2023-09-07,260824.7300000043,13,133685.98000000426,-22861.25
2023-09-08,261214.7300000043,13,133685.98000000426,-22471.25
2023-09-10,261295.9800000043,13,133685.98000000426,-22390.0
2023-09-11,262709.8600000043,13,133653.61000000426,-20943.75
2023-09-12,260727.3600000043,13,133653.61000000426,-22926.25
2023-09-13,262368.6100000043,13,133653.61000000426,-21285.0
2023-09-14,264529.8600000043,13,133653.61000000426,-19123.75
2023-09-15,260272.3600000043,13,133653.61000000426,-23381.25
2023-09-17,260743.6100000043,13,133653.61000000426,-22910.0
2023-09-18,260418.6100000043,13,133653.61000000426,-23235.0
2023-09-19,259378.6100000043,13,133653.61000000426,-24275.0
2023-09-20,256144.8600000043,13,133653.61000000426,-27508.75
2023-09-21,252488.6100000043,13,133653.61000000426,-31165.0
2023-09-22,251416.1100000043,13,133653.61000000426,-32237.5
2023-09-24,252049.8600000043,13,133653.61000000426,-31603.75
2023-09-25,251513.6100000043,13,133653.61000000426,-32140.0
2023-09-26,248751.1100000043,13,133653.61000000426,-34902.5
2023-09-27,248263.6100000043,13,133653.61000000426,-35390.0
2023-09-28,250018.6100000043,13,133653.61000000426,-33635.0
2023-09-29,249238.6100000043,13,133653.61000000426,-34415.0
2023-10-01,250538.6100000043,13,133653.61000000426,-33115.0
2023-10-02,248848.6100000043,13,133653.61000000426,-34805.0
2023-10-03,243957.3600000043,13,133653.61000000426,-39696.25
2023-10-04,247321.1100000043,13,133653.61000000426,-36332.5
2023-10-05,246589.8600000043,13,133653.61000000426,-37063.75
2023-10-06,250278.6100000043,13,133653.61000000426,-33375.0
2023-10-08,247629.8600000043,13,133653.61000000426,-36023.75
2023-10-09,252082.3600000043,13,133653.61000000426,-31571.25
2023-10-10,253398.6100000043,13,133653.61000000426,-30255.0
2023-10-11,255234.8600000043,13,133653.61000000426,-28418.75
2023-10-12,252878.6100000043,13,133653.61000000426,-30775.0
2023-10-13,250684.8600000043,13,133653.61000000426,-32968.75
2023-10-15,251676.1100000043,13,133653.61000000426,-31977.5
2023-10-16,253561.1100000043,13,133653.61000000426,-30092.5
2023-10-17,253593.6100000043,13,133653.61000000426,-30060.0
2023-10-18,249433.6100000043,13,133653.61000000426,-34220.0
2023-10-19,247126.1100000043,13,133653.61000000426,-36527.5
2023-10-20,243729.8600000043,13,133653.61000000426,-39923.75
2023-10-22,244444.8600000043,13,133653.61000000426,-39208.75
2023-10-23,244168.6100000043,13,133653.61000000426,-39485.0
2023-10-24,244851.1100000043,13,133653.61000000426,-38802.5
2023-10-25,239748.6100000043,13,133653.61000000426,-43905.0
2023-10-26,239472.3600000043,13,133653.61000000426,-44181.25
2023-10-27,236709.8600000043,13,133653.61000000426,-46943.75
2023-10-29,237766.1100000043,13,133653.61000000426,-45887.5
2023-10-30,239001.1100000043,13,133653.61000000426,-44652.5
2023-10-31,241211.1100000043,13,133653.61000000426,-42442.5
2023-11-01,245208.6100000043,13,133653.61000000426,-38445.0
2023-11-02,249433.6100000043,13,133653.61000000426,-34220.0
2023-11-03,252439.8600000043,13,133653.61000000426,-31213.75
2023-11-05,252342.3600000043,13,133653.61000000426,-31311.25
2023-11-06,252147.3600000043,13,133653.61000000426,-31506.25
2023-11-07,253382.3600000043,13,133653.61000000426,-30271.25
2023-11-08,253609.8600000043,13,133653.61000000426,-30043.75
2023-11-09,251627.3600000043,13,133653.61000000426,-32026.25
2023-11-10,255429.8600000043,13,133653.61000000426,-28223.75
2023-11-12,254471.1100000043,13,133653.61000000426,-29182.5
2023-11-13,255624.8600000043,13,133653.61000000426,-28028.75
2023-11-14,261702.3600000043,13,133653.61000000426,-21951.25
2023-11-15,261166.1100000043,13,133653.61000000426,-22487.5
2023-11-16,262173.6100000043,13,133653.61000000426,-21480.0
2023-11-17,261881.1100000043,13,133653.61000000426,-21772.5
2023-11-19,261832.3600000043,13,133653.61000000426,-21821.25
2023-11-20,264481.1100000043,13,133653.61000000426,-19172.5
2023-11-21,263636.1100000043,13,133653.61000000426,-20017.5
2023-11-22,264627.3600000043,13,133653.61000000426,-19026.25
2023-11-23,264871.1100000043,13,133653.61000000426,-18782.5
2023-11-24,264773.6100000043,13,133653.61000000426,-18880.0
2023-11-26,263912.3600000043,13,133653.61000000426,-19741.25
2023-11-27,264302.3600000043,13,133653.61000000426,-19351.25
2023-11-28,264887.3600000043,13,133653.61000000426,-18766.25
2023-11-29,264594.8600000043,13,133653.61000000426,-19058.75
2023-11-30,265147.3600000043,13,133653.61000000426,-18506.25
2023-12-01,267097.3600000043,13,133653.61000000426,-16556.25
2023-12-03,266528.6100000043,13,133653.61000000426,-17125.0
2023-12-04,264692.3600000043,13,133653.61000000426,-18961.25
2023-12-05,266106.1100000043,13,133653.61000000426,-17547.5
2023-12-06,263847.3600000043,13,133653.61000000426,-19806.25
2023-12-07,266171.1100000043,13,133653.61000000426,-17482.5
2023-12-08,267308.6100000043,13,133653.61000000426,-16345.0
2023-12-10,267146.1100000043,13,133653.61000000426,-16507.5
2023-12-11,268592.4900000043,13,133621.24000000427,-15028.75
2023-12-12,270136.2400000043,13,133621.24000000427,-13485.0
2023-12-13,275124.9900000043,13,133621.24000000427,-8496.25
2023-12-14,275011.2400000043,13,133621.24000000427,-8610.0
2023-12-15,274409.9900000043,13,133621.24000000427,-9211.25
2023-12-17,275173.7400000043,13,133621.24000000427,-8447.5
2023-12-18,275969.9900000043,13,133621.24000000427,-7651.25
2023-12-19,277838.7400000043,13,133621.24000000427,-5782.5
2023-12-20,274117.4900000043,13,133621.24000000427,-9503.75
2023-12-21,275742.4900000043,13,133621.24000000427,-7878.75
2023-12-22,276343.7400000043,13,133621.24000000427,-7277.5
2023-12-25,277139.9900000043,13,133621.24000000427,-6481.25
2023-12-26,278066.2400000043,13,133621.24000000427,-5555.0
2023-12-27,278911.2400000043,13,133621.24000000427,-4710.0
2023-12-28,278699.9900000043,13,133621.24000000427,-4921.25
2023-12-29,277221.2400000043,13,133621.24000000427,-6400.0
2024-01-01,277741.2400000043,13,133621.24000000427,-5880.0
2024-01-02,275319.9900000043,13,133621.24000000427,-8301.25
2024-01-03,273126.2400000043,13,133621.24000000427,-10495.0
2024-01-04,271988.7400000043,13,133621.24000000427,-11632.5
2024-01-05,272199.9900000043,13,133621.24000000427,-11421.25
2024-01-07,271988.7400000043,13,133621.24000000427,-11632.5
2024-01-08,276132.4900000043,13,133621.24000000427,-7488.75
2024-01-09,275661.2400000043,13,133621.24000000427,-7960.0
2024-01-10,278244.9900000043,13,133621.24000000427,-5376.25
2024-01-11,276896.2400000043,13,133621.24000000427,-6725.0
2024-01-12,277123.7400000043,13,133621.24000000427,-6497.5
2024-01-14,277562.4900000043,13,133621.24000000427,-6058.75
2024-01-15,276424.9900000043,13,133621.24000000427,-7196.25
2024-01-16,275693.7400000043,13,133621.24000000427,-7927.5
2024-01-17,274149.9900000043,13,133621.24000000427,-9471.25
2024-01-18,277318.7400000043,13,133621.24000000427,-6302.5
2024-01-19,280926.2400000043,13,133621.24000000427,-2695.0
2024-01-21,281722.4900000043,13,133621.24000000427,-1898.75
2024-01-22,281856.2600000043,13,133768.7600000043,-1912.5
2024-01-23,282936.2600000043,9,133768.7600000043,-832.5
2024-01-24,283351.29000000434,9,134087.54000000432,-736.25
2024-01-25,283418.79000000434,3,134087.54000000432,-668.75
2024-01-26,283576.29000000434,3,134087.54000000432,-511.25
2024-01-28,283561.29000000434,3,134087.54000000432,-526.25
2024-01-29,284113.80000000435,3,134136.30000000432,-22.5
2024-01-30,284010.05000000435,1,134136.30000000432,-126.25
2024-01-31,283770.05000000435,1,134136.30000000432,-366.25
2024-02-01,284122.55000000435,1,134136.30000000432,-13.75
2024-02-02,284081.9600000044,4,134281.96000000436,-200.0
2024-02-04,283976.9600000044,4,134281.96000000436,-305.0
2024-02-05,284299.4900000044,10,134278.24000000439,21.25
2024-02-06,284749.4900000044,10,134278.24000000439,471.25
2024-02-07,286053.3200000045,10,136089.57000000446,-36.25
2024-02-08,286090.2000000045,3,136088.95000000446,1.25
2024-02-09,286475.2200000045,3,136462.72000000448,12.5
2024-02-11,286472.7200000045,1,136462.72000000448,10.0
2024-02-12,286102.13000000454,6,136583.38000000452,-481.25
2024-02-13,284810.2900000046,13,136579.04000000455,-1768.75
2024-02-14,287784.0400000046,13,136579.04000000455,1205.0
2024-02-15,288443.51000000467,13,138444.76000000464,-1.25
2024-02-16,287874.7800000047,6,138442.28000000466,-567.5
2024-02-18,288159.7800000047,6,138442.28000000466,-282.5
2024-02-19,287589.7800000047,6,138442.28000000466,-852.5
2024-02-20,286866.6900000047,13,138437.9400000047,-1571.25
2024-02-21,290701.7000000047,15,138436.7000000047,2265.0
2024-02-22,293129.3100000048,15,143094.3100000048,35.0
2024-02-23,293013.0600000048,3,143094.3100000048,-81.25
2024-02-25,292960.5600000048,3,143094.3100000048,-133.75
2024-02-26,292716.82000000484,5,143093.0700000048,-376.25
2024-02-27,293099.33000000485,7,143091.83000000482,7.5
2024-02-28,292994.33000000485,7,143091.83000000482,-97.5
2024-02-29,294017.5000000049,7,143968.75000000486,48.75
2024-03-01,294259.3900000049,2,144218.14000000487,41.25
2024-03-03,294269.3900000049,1,144218.14000000487,51.25
2024-03-04,293988.7900000049,4,144340.0400000049,-351.25
2024-03-05,293216.340000005,14,144333.84000000494,-1117.5
2024-03-06,295650.19000000507,14,146073.94000000504,-423.75
2024-03-07,297047.1200000051,6,147013.3700000051,33.75
2024-03-08,296000.3200000052,12,147379.07000000516,-1378.75
2024-03-10,295250.3200000052,12,147379.07000000516,-2128.75
2024-03-11,296885.5000000052,16,147336.75000000518,-451.25
2024-03-12,299774.3800000053,16,149830.6300000053,-56.25
2024-03-13,299861.8900000053,4,149829.3900000053,32.5
2024-03-14,299766.29000000533,9,149826.29000000533,-60.0
2024-03-15,298335.06000000535,13,149823.81000000535,-1488.75
2024-03-17,298985.06000000535,13,149823.81000000535,-838.75
2024-03-18,301118.90000000544,13,151443.90000000544,-325.0
2024-03-19,302292.7000000055,7,152312.70000000548,-20.0
2024-03-20,303212.13000000553,3,152933.38000000553,278.75
2024-03-21,303223.40000000555,2,153292.15000000555,-68.75
2024-03-22,302990.29000000557,5,153290.29000000557,-300.0
2024-03-24,302990.29000000557,5,153290.29000000557,-300.0
2024-03-25,302834.6700000056,6,153289.67000000557,-455.0
2024-03-26,302825.9300000056,8,153288.43000000558,-462.5
2024-03-27,303885.9300000056,8,153288.43000000558,597.5
2024-03-28,304182.86000000563,8,154289.11000000563,-106.25
2024-03-31,304542.86000000563,3,154289.11000000563,253.75
2024-04-01,303870.38000000565,7,154286.63000000565,-416.25
2024-04-02,302841.65000000567,11,154284.15000000567,-1442.5
2024-04-03,304216.65000000567,11,154284.15000000567,-67.5
2024-04-04,301329.9200000058,18,155642.4200000058,-4312.5
2024-04-05,305874.9200000058,18,155642.4200000058,232.5
2024-04-07,304974.9200000058,18,155642.4200000058,-667.5
2024-04-08,305762.4200000058,18,155642.4200000058,120.0
2024-04-09,306639.9200000058,18,155642.4200000058,997.5
2024-04-10,301529.3000000058,19,155641.8000000058,-4112.5
2024-04-11,305439.9300000058,20,155641.1800000058,-201.25
2024-04-12,297678.71000000584,26,155637.46000000584,-7958.75
2024-04-14,299628.71000000584,26,155637.46000000584,-6008.75
2024-04-15,287016.24000000587,32,155633.74000000587,-18617.5
2024-04-16,288996.2500000059,32,155682.50000000588,-16686.25
2024-04-17,284796.2500000059,30,155682.50000000588,-20886.25
2024-04-18,273508.7500000059,30,155682.50000000588,-32173.75
2024-04-19,273883.7500000059,30,155682.50000000588,-31798.75
2024-04-21,275758.7500000059,30,155682.50000000588,-29923.75
2024-04-22,280521.2500000059,30,155682.50000000588,-25161.25
2024-04-23,292146.2500000059,30,155682.50000000588,-13536.25
2024-04-24,284496.2500000059,30,155682.50000000588,-21186.25
2024-04-25,292029.3800000059,30,155706.88000000588,-13677.5
2024-04-26,293211.8900000059,29,155755.6400000059,-12543.75
2024-04-28,294831.8900000059,27,155755.6400000059,-10923.75
2024-04-29,294766.2700000059,27,155780.0200000059,-11013.75
2024-04-30,284626.2700000059,26,155780.0200000059,-21153.75
2024-05-01,285536.2700000059,26,155780.0200000059,-20243.75
2024-05-02,290086.2700000059,26,155780.0200000059,-15693.75
2024-05-03,297148.7800000059,26,155828.7800000059,-8680.0
2024-05-05,296938.7800000059,24,155828.7800000059,-8890.0
2024-05-06,301940.69000000594,24,156049.44000000594,-4108.75
2024-05-07,302390.08000000595,17,156160.08000000595,-3770.0
2024-05-08,302057.58000000595,14,156160.08000000595,-4102.5
2024-05-09,304315.09000000596,14,156208.84000000596,-1893.75
2024-05-10,304525.730000006,12,156311.98000000598,-1786.25
2024-05-12,304863.230000006,9,156311.98000000598,-1448.75
2024-05-13,304525.730000006,9,156311.98000000598,-1786.25
2024-05-14,305963.240000006,9,156360.740000006,-397.5
2024-05-15,306990.17000000604,7,156893.92000000604,96.25
2024-05-16,306718.93000000605,4,156892.68000000605,-173.75
2024-05-17,307073.94000000606,6,156891.44000000606,182.5
2024-05-19,307268.94000000606,6,156891.44000000606,377.5
2024-05-20,307507.7400000061,6,157637.7400000061,-130.0
2024-05-21,307777.7400000061,4,157637.7400000061,140.0
2024-05-22,308792.1300000061,7,157635.88000000612,1156.25
2024-05-23,307184.7300000062,13,158639.7300000062,-1455.0
2024-05-24,309020.9800000062,13,158639.7300000062,381.25
2024-05-26,308777.2300000062,13,158639.7300000062,137.5
2024-05-27,309589.7300000062,13,158639.7300000062,950.0
2024-05-28,308159.7300000062,13,158639.7300000062,-480.0
2024-05-29,304942.2300000062,13,158639.7300000062,-3697.5
2024-05-30,303883.51000000624,19,158636.01000000624,-4752.5
2024-05-31,311633.0400000064,24,161633.04000000638,0.0
2024-06-02,311718.0400000064,2,161633.04000000638,85.0
2024-06-03,312878.76000000647,10,162877.51000000647,1.25
2024-06-04,313646.9400000065,4,163373.19000000652,273.75
2024-06-05,314442.6300000066,4,164421.38000000658,21.25
2024-06-06,314593.2700000066,4,164419.5200000066,173.75
2024-06-07,314620.83000000665,6,165042.08000000665,-421.25
2024-06-09,314688.33000000665,6,165042.08000000665,-353.75
2024-06-10,315212.09000000666,8,165040.84000000666,171.25
2024-06-11,316176.5200000067,9,166161.5200000067,15.0
2024-06-12,316554.06000000675,5,166509.06000000675,45.0
2024-06-13,316827.82000000676,7,166507.82000000676,320.0
2024-06-14,316626.57000000676,7,166507.82000000676,118.75
2024-06-16,316626.57000000676,7,166507.82000000676,118.75
2024-06-17,317494.1300000068,7,167504.13000000681,-10.0
2024-06-18,317567.8800000068,1,167504.13000000681,63.75
2024-06-19,317617.8800000068,1,167504.13000000681,113.75
2024-06-20,317335.43000000686,9,167622.93000000686,-287.5
2024-06-21,317006.06000000687,10,167622.31000000687,-616.25
2024-06-23,316518.56000000687,10,167622.31000000687,-1103.75
2024-06-24,316395.44000000687,11,167621.69000000687,-1226.25
2024-06-25,317289.19000000687,11,167621.69000000687,-332.5
2024-06-26,316340.44000000687,11,167621.69000000687,-1281.25
2024-06-27,318471.69000000687,11,167621.69000000687,850.0
2024-06-28,318363.050000007,11,168994.30000000697,-631.25
2024-06-30,318583.050000007,11,168994.30000000697,-411.25
2024-07-01,317824.930000007,12,168993.68000000698,-1168.75
2024-07-02,320460.62000000704,12,170486.87000000704,-26.25
2024-07-03,320594.38000000705,1,170610.63000000705,-16.25
2024-07-04,320616.88000000705,1,170610.63000000705,6.25
2024-07-05,320858.15000000707,2,170859.40000000707,-1.25
2024-07-07,320854.40000000707,1,170859.40000000707,-5.0
2024-07-08,320973.15000000707,1,170859.40000000707,113.75
2024-07-09,320971.2900000071,2,170982.54000000708,-11.25
2024-07-10,321351.9400000071,2,171355.6900000071,-3.75
2024-07-11,320508.86000000715,10,171350.11000000715,-841.25
2024-07-12,322140.84000000724,10,172845.84000000724,-705.0
2024-07-14,322403.34000000724,7,172845.84000000724,-442.5
2024-07-15,323838.4200000073,9,173714.67000000732,123.75
2024-07-16,324807.22000000736,9,174833.47000000736,-26.25
2024-07-17,324559.1200000074,6,174830.3700000074,-271.25
2024-07-18,323112.30000000744,17,174823.55000000744,-1711.25
2024-07-19,318745.45000000746,22,174820.45000000746,-6075.0
2024-07-21,319927.95000000746,22,174820.45000000746,-4892.5
2024-07-22,323915.45000000746,22,174820.45000000746,-905.0
2024-07-23,321247.95000000746,22,174820.45000000746,-3572.5
2024-07-24,310104.2500000075,32,174814.2500000075,-14710.0
2024-07-25,306304.2500000075,32,174814.2500000075,-18510.0
2024-07-26,312384.2500000075,32,174814.2500000075,-12430.0
2024-07-28,316304.2500000075,32,174814.2500000075,-8510.0
2024-07-29,311563.66000000754,32,175221.16000000754,-13657.5
2024-07-30,312344.91000000754,25,175221.16000000754,-12876.25
2024-07-31,322716.8300000076,25,175498.08000000758,-2781.25
2024-08-01,313029.9700000076,16,175571.2200000076,-12541.25
2024-08-02,307537.4700000076,13,175571.2200000076,-18033.75
2024-08-04,303296.2200000076,13,175571.2200000076,-22275.0
2024-08-05,303556.2200000076,13,175571.2200000076,-22015.0
2024-08-06,304449.9700000076,13,175571.2200000076,-21121.25
2024-08-07,298989.9700000076,13,175571.2200000076,-26581.25
2024-08-08,307326.2200000076,13,175571.2200000076,-18245.0
2024-08-09,307992.4700000076,13,175571.2200000076,-17578.75
2024-08-11,308219.9700000076,13,175571.2200000076,-17351.25
2024-08-12,308674.9700000076,13,175571.2200000076,-16896.25
2024-08-13,314004.9700000076,13,175571.2200000076,-11566.25
2024-08-14,316149.9700000076,13,175571.2200000076,-9421.25
2024-08-15,321756.2200000076,13,175571.2200000076,-3815.0
2024-08-16,321983.7200000076,13,175571.2200000076,-3587.5
2024-08-18,322341.2200000076,13,175571.2200000076,-3230.0
2024-08-19,324812.5000000076,13,175717.50000000763,-905.0
2024-08-20,324816.26000000763,7,175766.26000000763,-950.0
2024-08-21,325160.02000000764,5,175815.02000000764,-655.0
2024-08-22,325075.65000000765,3,175851.90000000765,-776.25
2024-08-23,325483.15000000765,2,175851.90000000765,-368.75
2024-08-25,325433.15000000765,2,175851.90000000765,-418.75
2024-08-26,325477.53000000765,2,175876.28000000765,-398.75
2024-08-27,325516.28000000765,1,175876.28000000765,-360.0
2024-08-28,325248.78000000765,1,175876.28000000765,-627.5
2024-08-29,325402.53000000765,1,175876.28000000765,-473.75
2024-08-30,325586.28000000765,1,175876.28000000765,-290.0
2024-09-01,325568.78000000765,1,175876.28000000765,-307.5
2024-09-02,325565.03000000765,1,175876.28000000765,-311.25
2024-09-03,324877.53000000765,1,175876.28000000765,-998.75
2024-09-04,324910.03000000765,1,175876.28000000765,-966.25
2024-09-05,324828.78000000765,1,175876.28000000765,-1047.5
2024-09-06,324322.53000000765,1,175876.28000000765,-1553.75
2024-09-08,324478.78000000765,1,175876.28000000765,-1397.5
2024-09-09,324687.53000000765,1,175876.28000000765,-1188.75
2024-09-10,324693.78000000765,1,175876.28000000765,-1182.5
2024-09-11,325142.53000000765,1,175876.28000000765,-733.75
2024-09-12,325328.78000000765,1,175876.28000000765,-547.5
2024-09-13,325437.53000000765,1,175876.28000000765,-438.75
2024-09-15,325467.53000000765,1,175876.28000000765,-408.75
2024-09-16,325462.54000000766,1,175873.79000000766,-411.25
2024-09-17,325510.04000000766,1,175873.79000000766,-363.75
2024-09-18,325675.04000000766,1,175873.79000000766,-198.75
2024-09-19,325845.6900000077,4,175895.6900000077,-50.0
2024-09-20,325840.0900000077,9,175892.5900000077,-52.5
2024-09-22,326773.8400000077,9,175892.5900000077,881.25
2024-09-23,326278.8400000077,9,175892.5900000077,386.25
2024-09-24,327280.78000000777,9,177013.28000000777,267.5
2024-09-25,328147.0800000078,6,177509.58000000782,637.5
2024-09-26,328740.2700000079,7,178686.52000000788,53.75
2024-09-27,328171.5200000079,7,178686.52000000788,-515.0
2024-09-29,328512.7700000079,7,178686.52000000788,-173.75
2024-09-30,329949.72000000795,10,179934.72000000795,15.0
2024-10-01,328999.150000008,13,179927.900000008,-928.75
2024-10-02,328501.030000008,14,179927.280000008,-1426.25
2024-10-03,328658.530000008,14,179927.280000008,-1268.75
2024-10-04,332416.7900000081,14,182423.04000000813,-6.25
2024-10-06,332420.5400000081,1,182423.04000000813,-2.5
2024-10-07,331399.33000000817,9,182418.08000000817,-1018.75
2024-10-08,333647.5200000082,9,183540.02000000823,107.5
2024-10-09,334271.31000000826,4,184162.56000000826,108.75
2024-10-10,334332.5700000083,4,184161.32000000827,171.25
2024-10-11,334679.4700000083,4,184659.4700000083,20.0
2024-10-13,334690.7200000083,1,184659.4700000083,31.25
2024-10-14,335091.3700000083,2,184916.37000000832,175.0
2024-10-15,334510.16000000836,10,184911.41000000836,-401.25
2024-10-16,334785.16000000836,10,184911.41000000836,-126.25
2024-10-17,336671.49000000843,10,187212.74000000843,-541.25
2024-10-18,337368.99000000843,6,187212.74000000843,156.25
2024-10-20,337383.99000000843,6,187212.74000000843,171.25
2024-10-21,336860.88000000844,9,187210.88000000844,-350.0
2024-10-22,337055.26000000845,10,187210.26000000845,-155.0
2024-10-23,336049.6800000085,19,187204.6800000085,-1155.0
2024-10-24,335764.6800000085,19,187204.6800000085,-1440.0
2024-10-25,338680.4400000086,19,189571.69000000862,-891.25
2024-10-27,339930.4400000086,8,189571.69000000862,358.75
2024-10-28,339100.4400000086,8,189571.69000000862,-471.25
2024-10-29,340280.4400000086,8,189571.69000000862,708.75
2024-10-30,338120.4400000086,8,189571.69000000862,-1451.25
2024-10-31,333627.37000000867,19,189564.87000000867,-5937.5
2024-11-01,334696.12000000867,19,189564.87000000867,-4868.75
2024-11-03,335978.62000000867,19,189564.87000000867,-3586.25
2024-11-04,333199.2500000087,20,189564.25000000867,-6365.0
2024-11-05,347774.2500000087,20,189564.25000000867,8210.0
2024-11-06,353459.4100000088,20,203406.91000000882,52.5
2024-11-07,353735.07000000885,3,203777.57000000885,-42.5
2024-11-08,354098.8500000089,3,204151.35000000888,-52.5
2024-11-10,354293.8500000089,3,204151.35000000888,142.5
2024-11-11,354215.7300000089,4,204150.7300000089,65.0
2024-11-12,353825.7500000089,8,204148.2500000089,-322.5
2024-11-13,354165.7500000089,8,204148.2500000089,17.5
2024-11-14,351749.5200000089,12,204145.77000000892,-2396.25
2024-11-15,347687.700000009,23,204138.95000000898,-6451.25
2024-11-17,349297.700000009,23,204138.95000000898,-4841.25
2024-11-18,351166.450000009,23,204138.95000000898,-2972.5
2024-11-19,353150.200000009,23,204138.95000000898,-988.75
2024-11-20,350038.380000009,23,204609.63000000903,-4571.25
2024-11-21,352882.77000000904,12,204682.77000000904,-1800.0
2024-11-22,353874.65000000905,9,204707.15000000905,-832.5
2024-11-24,354784.65000000905,8,204707.15000000905,77.5
2024-11-25,355064.74000000913,10,205234.74000000913,-170.0
2024-11-26,356487.9200000092,10,206482.92000000918,5.0
2024-11-27,356626.7000000092,7,206479.2000000092,147.5
2024-11-28,357055.4500000092,7,206479.2000000092,576.25
2024-11-29,357392.99000000925,7,207356.74000000925,36.25
2024-12-01,357336.74000000925,1,207356.74000000925,-20.0
2024-12-02,357460.49000000925,1,207356.74000000925,103.75
2024-12-03,357494.24000000925,1,207356.74000000925,137.5
2024-12-04,357698.63000000926,2,207532.38000000926,166.25
2024-12-05,357571.1600000093,4,207779.9100000093,-208.75
2024-12-06,357811.1600000093,4,207779.9100000093,31.25
2024-12-08,357761.1600000093,4,207779.9100000093,-18.75
2024-12-09,356863.0600000093,9,207776.8100000093,-913.75
2024-12-10,356361.2000000093,12,207774.95000000932,-1413.75
2024-12-11,359140.6500000094,12,209276.9000000094,-136.25
2024-12-12,358742.5500000094,8,209273.80000000942,-531.25
2024-12-13,358144.44000000943,11,209271.94000000943,-1127.5
2024-12-15,358543.19000000943,11,209271.94000000943,-728.75
2024-12-16,359478.3000000094,11,209244.55000000942,233.75
2024-12-17,358763.3000000094,11,209244.55000000942,-481.25
2024-12-18,339592.7800000095,32,209231.53000000952,-19638.75
2024-12-19,334192.7800000095,32,209231.53000000952,-25038.75
2024-12-20,347472.7800000095,32,209231.53000000952,-11758.75
2024-12-22,352592.7800000095,32,209231.53000000952,-6638.75
2024-12-23,352727.8400000096,32,210714.09000000957,-7986.25
2024-12-24,358275.3700000096,20,210860.3700000096,-2585.0
2024-12-25,358450.3700000096,14,210860.3700000096,-2410.0
2024-12-26,357231.0000000096,14,210884.7500000096,-3653.75
2024-12-27,353753.5000000096,13,210884.7500000096,-7131.25
2024-12-29,353006.0000000096,13,210884.7500000096,-7878.75
2024-12-30,348943.5000000096,13,210884.7500000096,-11941.25
2024-12-31,347838.5000000096,13,210884.7500000096,-13046.25
2025-01-01,348943.5000000096,13,210884.7500000096,-11941.25
2025-01-02,347123.5000000096,13,210884.7500000096,-13761.25
2025-01-03,350893.5000000096,13,210884.7500000096,-9991.25
2025-01-05,351056.0000000096,13,210884.7500000096,-9828.75
2025-01-06,352989.7500000096,13,210884.7500000096,-7895.0
2025-01-07,349577.2500000096,13,210884.7500000096,-11307.5
2025-01-08,348244.7500000096,13,210884.7500000096,-12640.0
2025-01-09,348212.2500000096,13,210884.7500000096,-12672.5
2025-01-10,342849.7500000096,13,210884.7500000096,-18035.0
2025-01-12,341549.7500000096,13,210884.7500000096,-19335.0
2025-01-13,344848.5000000096,13,210884.7500000096,-16036.25
2025-01-14,344312.2500000096,13,210884.7500000096,-16572.5
2025-01-15,351218.5000000096,13,210884.7500000096,-9666.25
2025-01-16,350926.0000000096,13,210884.7500000096,-9958.75
2025-01-17,353964.7500000096,13,210884.7500000096,-6920.0
2025-01-19,353932.2500000096,13,210884.7500000096,-6952.5
2025-01-20,354566.0000000096,13,210884.7500000096,-6318.75
2025-01-21,358628.5000000096,13,210884.7500000096,-2256.25
2025-01-22,359546.6500000096,13,211027.90000000963,-1481.25
2025-01-23,360732.29000000964,8,211101.04000000964,-368.75
2025-01-24,360623.55000000965,5,211149.80000000965,-526.25
2025-01-26,359779.80000000965,3,211149.80000000965,-1370.0
2025-01-27,359352.30000000965,3,211149.80000000965,-1797.5
2025-01-28,360098.55000000965,3,211149.80000000965,-1051.25
2025-01-29,359997.30000000965,3,211149.80000000965,-1152.5
2025-01-30,360319.80000000965,3,211149.80000000965,-830.0
2025-01-31,359626.05000000965,3,211149.80000000965,-1523.75
2025-02-02,357796.05000000965,3,211149.80000000965,-3353.75
2025-02-03,359089.80000000965,3,211149.80000000965,-2060.0
2025-02-04,359206.05000000965,3,211149.80000000965,-1943.75
2025-02-05,360117.30000000965,3,211149.80000000965,-1032.5
2025-02-06,360151.05000000965,3,211149.80000000965,-998.75
2025-02-07,359393.55000000965,3,211149.80000000965,-1756.25
2025-02-09,359607.30000000965,3,211149.80000000965,-1542.5
2025-02-10,359768.55000000965,3,211149.80000000965,-1381.25
2025-02-11,359952.30000000965,3,211149.80000000965,-1197.5
2025-02-12,359948.55000000965,3,211149.80000000965,-1201.25
2025-02-13,360796.05000000965,3,211149.80000000965,-353.75
2025-02-14,360653.55000000965,3,211149.80000000965,-496.25
2025-02-16,360811.05000000965,3,211149.80000000965,-338.75
2025-02-17,360829.80000000965,3,211149.80000000965,-320.0
2025-02-18,360934.80000000965,3,211149.80000000965,-215.0
2025-02-19,360822.30000000965,3,211149.80000000965,-327.5
2025-02-20,360619.80000000965,3,211149.80000000965,-530.0
2025-02-21,359093.55000000965,3,211149.80000000965,-2056.25
2025-02-23,359509.80000000965,3,211149.80000000965,-1640.0
2025-02-24,358778.55000000965,3,211149.80000000965,-2371.25
2025-02-25,358501.05000000965,3,211149.80000000965,-2648.75
2025-02-26,358261.05000000965,3,211149.80000000965,-2888.75
2025-02-27,356817.30000000965,3,211149.80000000965,-4332.5
2025-02-28,358013.55000000965,3,211149.80000000965,-3136.25
2025-03-02,358227.30000000965,3,211149.80000000965,-2922.5
2025-03-03,356708.55000000965,3,211149.80000000965,-4441.25
2025-03-04,356044.80000000965,3,211149.80000000965,-5105.0
2025-03-05,356382.30000000965,3,211149.80000000965,-4767.5
2025-03-06,355099.80000000965,3,211149.80000000965,-6050.0
2025-03-07,355219.80000000965,3,211149.80000000965,-5930.0
2025-03-09,354901.05000000965,3,211149.80000000965,-6248.75
2025-03-10,353011.05000000965,3,211149.80000000965,-8138.75
2025-03-11,352486.05000000965,3,211149.80000000965,-8663.75
2025-03-12,352482.30000000965,3,211149.80000000965,-8667.5
2025-03-13,352189.80000000965,3,211149.80000000965,-8960.0
2025-03-14,353074.80000000965,3,211149.80000000965,-8075.0
2025-03-16,352786.05000000965,3,211149.80000000965,-8363.75
2025-03-17,353554.8300000096,3,211142.33000000965,-7587.5
2025-03-18,353071.0800000096,3,211142.33000000965,-8071.25
2025-03-19,354203.5800000096,3,211142.33000000965,-6938.75
2025-03-20,353588.5800000096,3,211142.33000000965,-7553.75
2025-03-21,353663.5800000096,3,211142.33000000965,-7478.75
2025-03-23,354173.5800000096,3,211142.33000000965,-6968.75
2025-03-24,354968.5800000096,3,211142.33000000965,-6173.75
2025-03-25,355242.3300000096,3,211142.33000000965,-5900.0
2025-03-26,354364.8300000096,3,211142.33000000965,-6777.5
2025-03-27,354034.8300000096,3,211142.33000000965,-7107.5
2025-03-28,351901.0800000096,3,211142.33000000965,-9241.25
2025-03-30,351537.3300000096,3,211142.33000000965,-9605.0
2025-03-31,352384.8300000096,3,211142.33000000965,-8757.5
2025-04-01,352853.5800000096,3,211142.33000000965,-8288.75
2025-04-02,351162.3300000096,3,211142.33000000965,-9980.0
2025-04-03,348878.5800000096,3,211142.33000000965,-12263.75
2025-04-04,344314.8300000096,3,211142.33000000965,-16827.5
2025-04-06,341828.5800000096,3,211142.33000000965,-19313.75
2025-04-07,345406.0800000096,3,211142.33000000965,-15736.25
2025-04-08,341719.8300000096,3,211142.33000000965,-19422.5
2025-04-09,349681.0800000096,3,211142.33000000965,-11461.25
2025-04-10,347359.8300000096,3,211142.33000000965,-13782.5
2025-04-11,348799.8300000096,3,211142.33000000965,-12342.5
2025-04-13,349418.5800000096,3,211142.33000000965,-11723.75
2025-04-14,349422.3300000096,3,211142.33000000965,-11720.0
2025-04-15,348559.8300000096,3,211142.33000000965,-12582.5
2025-04-16,348031.0800000096,3,211142.33000000965,-13111.25
2025-04-17,347761.0800000096,3,211142.33000000965,-13381.25
2025-04-20,346872.3300000096,3,211142.33000000965,-14270.0
2025-04-21,345916.0800000096,3,211142.33000000965,-15226.25
2025-04-22,348788.5800000096,3,211142.33000000965,-12353.75
2025-04-23,348758.5800000096,3,211142.33000000965,-12383.75
2025-04-24,350982.3300000096,3,211142.33000000965,-10160.0
2025-04-25,351151.0800000096,3,211142.33000000965,-9991.25
2025-04-27,350641.0800000096,3,211142.33000000965,-10501.25
2025-04-28,351297.3300000096,3,211142.33000000965,-9845.0
2025-04-29,351226.0800000096,3,211142.33000000965,-9916.25
2025-04-30,352579.8300000096,3,211142.33000000965,-8562.5
2025-05-01,352879.8300000096,3,211142.33000000965,-8262.5
2025-05-02,353521.0800000096,3,211142.33000000965,-7621.25
2025-05-04,352906.0800000096,3,211142.33000000965,-8236.25
2025-05-05,352804.8300000096,3,211142.33000000965,-8337.5
2025-05-06,352748.5800000096,3,211142.33000000965,-8393.75
2025-05-07,353314.8300000096,3,211142.33000000965,-7827.5
2025-05-08,353228.5800000096,3,211142.33000000965,-7913.75
2025-05-09,353123.5800000096,3,211142.33000000965,-8018.75
2025-05-11,354267.3300000096,3,211142.33000000965,-6875.0
2025-05-12,355504.8300000096,3,211142.33000000965,-5637.5
2025-05-13,356446.0800000096,3,211142.33000000965,-4696.25
2025-05-14,356333.5800000096,3,211142.33000000965,-4808.75
2025-05-15,356862.3300000096,3,211142.33000000965,-4280.0
2025-05-16,357091.0800000096,3,211142.33000000965,-4051.25
2025-05-18,356536.0800000096,3,211142.33000000965,-4606.25
2025-05-19,357346.0800000096,3,211142.33000000965,-3796.25
2025-05-20,357008.5800000096,3,211142.33000000965,-4133.75
2025-05-21,355846.0800000096,3,211142.33000000965,-5296.25
2025-05-22,355793.5800000096,3,211142.33000000965,-5348.75
2025-05-23,355084.8300000096,3,211142.33000000965,-6057.5
2025-05-25,355988.5800000096,3,211142.33000000965,-5153.75
2025-05-26,355827.3300000096,3,211142.33000000965,-5315.0
2025-05-27,356813.5800000096,3,211142.33000000965,-4328.75
2025-05-28,357781.0800000096,3,211142.33000000965,-3361.25
2025-05-29,356502.3300000096,3,211142.33000000965,-4640.0
2025-05-30,356569.8300000096,3,211142.33000000965,-4572.5
2025-06-01,356183.5800000096,3,211142.33000000965,-4958.75
2025-06-02,356742.3300000096,3,211142.33000000965,-4400.0
2025-06-03,357518.5800000096,3,211142.33000000965,-3623.75
2025-06-04,357511.0800000096,3,211142.33000000965,-3631.25
2025-06-05,357263.5800000096,3,211142.33000000965,-3878.75
2025-06-06,358013.5800000096,3,211142.33000000965,-3128.75
2025-06-08,357807.3300000096,3,211142.33000000965,-3335.0
2025-06-09,358388.5800000096,3,211142.33000000965,-2753.75
2025-06-10,358298.5800000096,3,211142.33000000965,-2843.75
2025-06-11,357998.5800000096,3,211142.33000000965,-3143.75
2025-06-12,357278.5800000096,3,211142.33000000965,-3863.75
2025-06-13,357537.3300000096,3,211142.33000000965,-3605.0
2025-06-15,357676.0800000096,3,211142.33000000965,-3466.25
2025-06-16,358084.86000000965,3,211134.86000000965,-3050.0
2025-06-17,357664.86000000965,3,211134.86000000965,-3470.0
2025-06-18,357428.61000000965,3,211134.86000000965,-3706.25
2025-06-19,357364.86000000965,3,211134.86000000965,-3770.0
2025-06-20,357428.61000000965,3,211134.86000000965,-3706.25
2025-06-22,357068.61000000965,3,211134.86000000965,-4066.25
2025-06-23,358737.36000000965,3,211134.86000000965,-2397.5
2025-06-24,359206.11000000965,3,211134.86000000965,-1928.75
2025-06-25,359341.11000000965,3,211134.86000000965,-1793.75
2025-06-26,360076.11000000965,3,211134.86000000965,-1058.75
2025-06-27,360364.86000000965,3,211134.86000000965,-770.0
2025-06-29,360769.86000000965,3,211134.86000000965,-365.0
2025-06-30,360762.36000000965,3,211134.86000000965,-372.5
2025-07-01,360938.61000000965,3,211134.86000000965,-196.25
2025-07-02,361207.99000000965,3,211159.24000000965,48.75
2025-07-03,361365.5200000097,2,211514.27000000968,-148.75
2025-07-04,361120.5200000097,2,211514.27000000968,-393.75
2025-07-06,361298.0200000097,2,211514.27000000968,-216.25
2025-07-07,360819.3200000097,12,211508.07000000973,-688.75
2025-07-08,360159.3200000097,12,211508.07000000973,-1348.75
2025-07-09,362920.0400000098,12,212997.54000000982,-77.5
2025-07-10,363817.58000000985,7,213868.83000000985,-51.25
2025-07-11,363809.47000000987,4,213866.97000000987,-57.5
2025-07-13,363399.47000000987,4,213866.97000000987,-467.5
2025-07-14,364269.47000000987,4,213866.97000000987,402.5
2025-07-15,362533.92000000994,11,214675.17000000994,-2141.25
2025-07-16,364444.57000000996,16,214672.07000000996,-227.5
2025-07-17,366961.55000001006,16,216922.80000001006,38.75
2025-07-18,366932.1900000101,4,216920.94000001007,11.25
2025-07-20,367017.1900000101,4,216920.94000001007,96.25
2025-07-21,367297.2300000101,4,217417.2300000101,-120.0
2025-07-22,368006.6200000101,7,217415.37000001012,591.25
2025-07-23,368780.4300000102,7,218721.68000001018,58.75
2025-07-24,368995.4500000102,3,218844.2000000102,151.25
2025-07-25,369130.4500000102,3,218844.2000000102,286.25
2025-07-27,369475.4500000102,3,218844.2000000102,631.25
2025-07-28,369175.4500000102,3,218844.2000000102,331.25
2025-07-29,369038.63000001025,8,219247.38000001025,-208.75
2025-07-30,370846.8400000103,12,220740.59000001033,106.25
2025-07-31,368616.2700000104,12,220733.77000001038,-2117.5
2025-08-01,362201.9400000104,21,220728.19000001042,-8526.25
2025-08-03,364984.4400000104,21,220728.19000001042,-5743.75
2025-08-04,372964.4400000104,21,220728.19000001042,2236.25
2025-08-05,373128.97000001057,21,223338.97000001057,-210.0
2025-08-06,374777.7800000106,10,224584.03000001062,193.75
2025-08-07,375722.2200000107,11,224962.22000001068,760.0
2025-08-08,376629.80000001076,11,226456.05000001076,173.75
2025-08-10,376626.05000001076,3,226456.05000001076,170.0
2025-08-11,376420.44000001077,6,226454.19000001077,-33.75
2025-08-12,377801.14000001084,6,227702.39000001084,98.75
2025-08-13,378036.79000001086,4,227911.79000001086,125.0
2025-08-14,378401.79000001086,4,227911.79000001086,490.0
2025-08-15,377742.42000001087,5,227911.17000001087,-168.75
2025-08-17,378098.67000001087,5,227911.17000001087,187.5
2025-08-18,377576.8000000109,6,227910.55000001087,-333.75
2025-08-19,375187.4600000109,13,227906.2100000109,-2718.75
2025-08-20,376599.38000001095,22,227900.63000001095,-1301.25
2025-08-21,373491.88000001095,22,227900.63000001095,-4408.75
2025-08-22,381040.1500000111,22,230776.40000001108,263.75
2025-08-24,380858.9000000111,5,230776.40000001108,82.5
2025-08-25,380037.0300000111,6,230775.7800000111,-738.75
2025-08-26,381440.1600000111,7,230775.1600000111,665.0
2025-08-27,381705.21000001114,7,231643.96000001114,61.25
2025-08-28,382005.23000001116,3,232017.73000001116,-12.5
2025-08-29,381575.8900000112,8,232013.3900000112,-437.5
2025-08-31,381445.8900000112,8,232013.3900000112,-567.5
2025-09-01,381385.8900000112,8,232013.3900000112,-627.5
2025-09-02,380549.0300000112,11,232011.5300000112,-1462.5
2025-09-03,382212.7800000112,11,232011.5300000112,201.25
2025-09-04,383570.35000001127,11,233511.60000001127,58.75
2025-09-05,383096.05000001134,14,233627.30000001134,-531.25
2025-09-07,383866.05000001134,14,233627.30000001134,238.75
2025-09-08,384916.05000001134,14,233627.30000001134,1288.75
2025-09-09,385456.7500000114,14,235379.2500000114,77.5
2025-09-10,385811.78000001144,5,235531.78000001144,280.0
2025-09-11,386486.2100000115,5,236404.9600000115,81.25
2025-09-12,386466.2100000115,2,236404.9600000115,61.25
2025-09-14,386503.7100000115,2,236404.9600000115,98.75
2025-09-15,386841.2500000115,2,236663.7500000115,177.5
2025-09-16,386638.7500000115,2,236663.7500000115,-25.0
2025-09-17,388400.1000000116,9,237781.3500000116,618.75
2025-09-18,388536.4100000117,4,238557.66000001165,-21.25
2025-09-19,389025.1900000117,4,239057.69000001167,-32.5
2025-09-21,389005.1900000117,2,239057.69000001167,-52.5
2025-09-22,389473.3400000117,3,239429.5900000117,43.75
2025-09-23,389148.37000001175,7,239425.87000001172,-277.5
2025-09-24,389071.5200000118,12,239422.77000001175,-351.25
2025-09-25,386780.3000000118,18,239419.05000001178,-2638.75
2025-09-26,390380.3000000118,18,239419.05000001178,961.25
2025-09-28,392000.3000000118,18,239419.05000001178,2581.25
2025-09-29,392646.0400000119,18,242548.54000001188,97.5
2025-09-30,392824.83000001195,5,243172.33000001192,-347.5
2025-10-01,393742.360000012,4,243668.61000001195,73.75
2025-10-02,394401.770000012,6,243794.27000001198,607.5
2025-10-03,394316.83000001207,6,244536.83000001204,-220.0
2025-10-05,394931.83000001207,6,244536.83000001204,395.0
2025-10-06,395164.3700000121,6,245286.87000001207,-122.5
2025-10-07,395238.78000001214,9,245282.5300000121,-43.75
2025-10-08,396413.2100000122,9,246401.96000001216,11.25
2025-10-09,396507.6100000122,7,246398.86000001218,108.75
2025-10-10,377048.9600000123,27,246386.46000001227,-19337.5
2025-10-12,393046.4600000123,27,246386.46000001227,-3340.0
2025-10-13,396218.9600000123,27,246386.46000001227,-167.5
2025-10-14,399721.00000001246,27,249742.25000001243,-21.25
2025-10-15,401217.36000001256,14,250919.86000001253,297.5
2025-10-16,399665.6200000127,14,252705.62000001266,-3040.0
2025-10-17,404376.95000001276,13,254335.70000001273,41.25
2025-10-19,404560.70000001276,3,254335.70000001273,225.0
2025-10-20,404948.8600000128,3,254831.36000001276,117.5
2025-10-21,404971.3600000128,2,254831.36000001276,140.0
2025-10-22,405205.1500000128,10,254826.4000000128,378.75
2025-10-23,406802.76000001293,10,256695.2600000129,107.5
2025-10-24,407109.67000001296,3,257250.92000001293,-141.25
2025-10-26,407900.92000001296,3,257250.92000001293,650.0
2025-10-27,408218.460000013,3,258218.46000001297,0.0
2025-10-28,408427.850000013,2,258341.600000013,86.25
2025-10-29,409432.9100000131,5,258959.16000001304,473.75
2025-10-30,409387.9400000131,10,258955.44000001307,432.5
2025-10-31,408229.2000000131,12,258954.20000001308,-725.0
2025-11-02,409084.2000000131,12,258954.20000001308,130.0
2025-11-03,406894.2000000131,12,258954.20000001308,-2060.0
2025-11-04,402767.3400000131,15,258952.3400000131,-6185.0
2025-11-05,405951.7200000131,16,258951.7200000131,-3000.0
2025-11-06,399351.76000001316,24,258946.76000001314,-9595.0
2025-11-07,404333.0500000132,32,258941.80000001317,-4608.75
2025-11-09,410253.0500000132,32,258941.80000001317,1311.25
2025-11-10,413661.40000001335,32,263696.40000001335,-35.0
2025-11-11,414302.0700000134,4,264194.5700000134,107.5
2025-11-12,414643.3300000134,4,264193.3300000134,450.0
2025-11-13,408560.2800000135,19,264184.0300000135,-5623.75
2025-11-14,410639.0400000135,21,264182.7900000135,-3543.75
2025-11-16,412817.7900000135,21,264182.7900000135,-1365.0
2025-11-17,399754.0500000135,23,264181.5500000135,-14427.5
2025-11-18,396027.2100000135,30,264177.2100000135,-18150.0
2025-11-19,414177.2100000135,30,264177.2100000135,0.0
2025-11-20,405492.5000000138,30,267891.2500000138,-12398.75
2025-11-21,413538.1300000138,29,267890.6300000138,-4352.5
2025-11-23,416039.3800000138,29,267890.6300000138,-1851.25
2025-11-24,422123.970000014,29,272150.220000014,-26.25
2025-11-25,423719.7000000141,8,273639.7000000141,80.0
2025-11-26,424024.11000001413,2,274011.61000001413,12.5
2025-11-27,424076.61000001413,2,274011.61000001413,65.0
2025-11-28,424337.88000001415,2,274259.13000001415,78.75
2025-11-30,423850.38000001415,2,274259.13000001415,-408.75
2025-12-01,423974.76000001415,3,274258.51000001415,-283.75
2025-12-02,424488.51000001415,3,274258.51000001415,230.0
2025-12-03,424624.7800000142,3,274632.2800000142,-7.5
2025-12-04,425321.0500000142,5,274629.8000000142,691.25
2025-12-05,425340.47000001423,5,275252.97000001423,87.5
2025-12-07,425565.47000001423,4,275252.97000001423,312.5
2025-12-08,425253.62000001426,9,275249.87000001426,3.75
2025-12-09,424803.62000001426,9,275249.87000001426,-446.25
2025-12-10,426330.59000001434,9,276868.09000001434,-537.5
2025-12-11,427815.0400000144,7,277861.2900000144,-46.25
2025-12-12,426157.60000001447,13,277853.85000001447,-1696.25
2025-12-14,427165.10000001447,13,277853.85000001447,-688.75
2025-12-15,423541.4800000145,13,277821.4800000145,-4280.0
2025-12-16,423473.4000000145,22,277815.9000000145,-4342.5
2025-12-17,416946.56000001455,29,277811.56000001455,-10865.0
2025-12-18,423544.06000001455,29,277811.56000001455,-4267.5
2025-12-19,431507.3400000147,29,281427.3400000147,80.0
2025-12-21,431622.3400000147,2,281427.3400000147,195.0
2025-12-22,431863.6100000147,2,281784.8600000147,78.75
2025-12-23,432504.29000001476,4,282530.54000001476,-26.25
2025-12-24,432629.9300000148,2,282653.6800000148,-23.75
2025-12-25,432644.9300000148,2,282653.6800000148,-8.75
2025-12-26,432615.5600000148,3,282653.0600000148,-37.5
2025-12-28,432619.3100000148,3,282653.0600000148,-33.75
2025-12-29,432452.4500000148,6,282651.2000000148,-198.75
2025-12-30,431814.9500000148,6,282651.2000000148,-836.25
2025-12-31,429634.37000001484,15,282645.62000001484,-3011.25
2026-01-01,431771.87000001484,15,282645.62000001484,-873.75
2026-01-02,430605.64000001486,19,282643.14000001486,-2037.5
2026-01-04,431650.64000001486,19,282643.14000001486,-992.5
2026-01-05,435193.25000001496,19,285009.50000001496,183.75
2026-01-06,435755.800000015,3,285753.300000015,2.5
2026-01-07,434663.36000001506,9,285995.86000001506,-1332.5
2026-01-08,435094.6200000151,11,285994.6200000151,-900.0
2026-01-09,437369.6800000151,11,287369.6800000151,0.0
2026-01-11,437183.4300000151,1,287369.6800000151,-186.25
2026-01-12,437583.45000001515,2,287617.20000001515,-33.75
2026-01-13,437434.10000001517,6,287614.10000001517,-180.0
2026-01-14,436805.3900000152,14,287609.1400000152,-803.75
2026-01-15,440745.4900000153,14,290397.9900000153,347.5
2026-01-16,440106.7500000153,8,290396.7500000153,-290.0
2026-01-18,437576.7500000153,8,290396.7500000153,-2820.0
2026-01-19,437086.7500000153,8,290396.7500000153,-3310.0
2026-01-20,434842.43000001536,19,290389.93000001536,-5547.5
2026-01-21,442981.9300000155,19,292759.4300000155,222.5
2026-01-22,444127.6100000155,6,293762.6100000155,365.0
2026-01-23,443543.24000001553,6,293761.99000001553,-218.75
2026-01-25,443355.74000001553,6,293761.99000001553,-406.25
2026-01-26,444853.9200000156,6,294636.4200000156,217.5
2026-01-27,445189.5700000156,3,295008.3200000156,181.25
2026-01-28,445407.7100000156,5,295006.4600000156,401.25
2026-01-29,446906.60000001575,16,297006.60000001575,-100.0
2026-01-30,447372.8900000158,9,297001.6400000158,371.25
2026-02-01,444549.1400000158,9,297001.6400000158,-2452.5
2026-02-02,448871.7300000159,9,298492.9800000159,378.75
2026-02-03,448419.30000001594,17,298484.30000001594,-65.0
2026-02-04,445429.32000001596,21,298481.82000001596,-3052.5
2026-02-05,431643.110000016,29,298476.860000016,-16833.75
2026-02-06,452328.91000001616,29,302352.66000001616,-23.75
2026-02-08,452458.91000001616,2,302352.66000001616,106.25
2026-02-09,452948.3400000162,3,302973.3400000162,-25.0
2026-02-10,453122.1100000162,7,302970.8600000162,151.25
2026-02-11,454484.7100000163,13,303949.7100000163,535.0
2026-02-12,443714.7700000164,25,303942.2700000164,-10227.5
2026-02-13,443460.4100000164,28,303940.4100000164,-10480.0
2026-02-15,445770.4100000164,28,303940.4100000164,-8170.0
2026-02-16,440275.4100000164,28,303940.4100000164,-13665.0
2026-02-17,449065.4300000164,32,303937.9300000164,-4872.5
2026-02-18,452105.4300000164,32,303937.9300000164,-1832.5
2026-02-19,451305.4300000164,32,303937.9300000164,-2632.5
2026-02-20,458001.8600000166,32,307923.1100000166,78.75
2026-02-22,456921.8600000166,4,307923.1100000166,-1001.25
2026-02-23,457166.92000001663,16,307915.67000001663,-748.75
2026-02-24,459987.6400000167,16,309915.1400000167,72.5
2026-02-25,460535.18000001676,3,310597.68000001676,-62.5
2026-02-26,459354.6200000168,14,310589.6200000168,-1235.0
2026-02-27,458184.64000001684,18,310587.14000001684,-2402.5
2026-03-01,454202.14000001684,18,310587.14000001684,-6385.0
2026-03-02,454771.52000001684,19,310586.52000001684,-5815.0
2026-03-03,452705.9400000169,28,310580.9400000169,-7875.0
2026-03-04,464037.970000017,28,314061.720000017,-23.75
2026-03-05,465571.1500000171,14,314054.9000000171,1516.25
2026-03-06,458226.1700000171,18,314052.4200000171,-5826.25
2026-03-08,446526.1700000171,18,314052.4200000171,-17526.25
2026-03-09,467037.6300000173,26,317545.1300000173,-507.5
2026-03-10,468947.7200000174,7,318536.4700000174,411.25
2026-03-11,464037.7500000174,12,318532.7500000174,-4495.0
2026-03-12,463592.17000001745,21,318527.17000001745,-4935.0
2026-03-13,454777.8300000175,28,318522.8300000175,-13745.0
2026-03-15,461462.8300000175,28,318522.8300000175,-7060.0
2026-03-16,462583.1100000175,28,318453.1100000175,-5870.0
2026-03-17,472314.53000001766,28,321942.03000001766,372.5
2026-03-18,467567.0900000177,18,321934.5900000177,-4367.5
2026-03-19,466868.35000001773,20,321933.35000001773,-5065.0
2026-03-20,459573.4100000178,32,321925.9100000178,-12352.5
2026-03-22,449373.4100000178,32,321925.9100000178,-22552.5
2026-03-23,472489.880000018,32,325906.130000018,-3416.25
2026-03-24,476156.770000018,15,325904.270000018,252.5
2026-03-25,477485.6400000181,15,327773.1400000181,-287.5
2026-03-26,473325.0800000182,22,327765.0800000182,-4440.0
2026-03-27,453366.3800000182,32,327758.8800000182,-24392.5
2026-03-29,455166.3800000182,32,327758.8800000182,-22592.5
2026-03-30,460726.3800000182,32,327758.8800000182,-17032.5
2026-03-31,481899.6800000184,32,331744.6800000184,155.0
2026-04-01,479556.02000001847,7,332779.77000001847,-3223.75
2026-04-02,484145.49000001856,10,334025.49000001856,120.0
2026-04-03,483867.99000001856,6,334025.49000001856,-157.5
2026-04-05,484122.99000001856,6,334025.49000001856,97.5
2026-04-06,484704.9400000186,6,335017.4400000186,-312.5
2026-04-07,488930.7300000188,11,337265.7300000188,1665.0
2026-04-08,490109.6100000189,9,340180.8600000189,-71.25
2026-04-09,491268.42000001896,6,341178.42000001896,90.0
2026-04-10,491340.960000019,6,341423.460000019,-82.5
2026-04-12,489488.460000019,6,341423.460000019,-1935.0
2026-04-13,492897.9200000191,8,342787.9200000191,110.0
2026-04-14,493311.7000000191,1,343209.2000000191,102.5
2026-04-15,494028.01000001916,3,343953.01000001916,75.0
2026-04-16,494407.4200000192,4,344199.9200000192,207.5
2026-04-17,495566.23000001925,4,345504.98000001925,61.25
2026-04-19,494666.23000001925,4,345504.98000001925,-838.75
2026-04-20,495968.1300000193,9,345501.8800000193,466.25
2026-04-21,496928.8700000194,14,346617.6200000194,311.25
2026-04-22,497973.33000001946,14,348370.83000001946,-397.5
2026-04-23,499342.80000001955,16,348734.05000001955,608.75
2026-04-24,501627.92000001966,16,351544.17000001966,83.75
2026-04-26,501700.42000001966,2,351544.17000001966,156.25
2026-04-27,501925.4500000197,3,351916.7000000197,8.75
2026-04-28,502063.5900000197,5,351914.8400000197,148.75
2026-04-29,501947.9700000197,6,351914.2200000197,33.75
2026-04-30,504163.11000001983,6,354003.11000001983,160.0
2026-05-01,503181.3000000199,9,354370.0500000199,-1188.75
2026-05-03,504025.0500000199,9,354370.0500000199,-345.0
2026-05-04,503180.7000000199,14,354366.9500000199,-1186.25
2026-05-05,506591.41000002,14,356110.16000002,481.25
2026-05-06,507235.20000002004,3,357181.45000002004,53.75
2026-05-07,507139.0000000201,9,357300.2500000201,-161.25
2026-05-08,508486.5500000201,9,358426.5500000201,60.0
2026-05-10,508441.5500000201,1,358426.5500000201,15.0
2026-05-11,508372.8500000202,5,358795.3500000202,-422.5
2026-05-12,510596.1000000203,13,360412.3500000203,183.75
2026-05-13,511290.53000002034,6,361281.78000002034,8.75
2026-05-14,511535.5700000204,3,361653.0700000204,-117.5
2026-05-15,509796.2300000204,10,361648.7300000204,-1852.5
2026-05-17,508208.7300000204,10,361648.7300000204,-3440.0
2026-05-18,510093.13000002044,15,361645.63000002044,-1552.5
2026-05-19,506589.39000002044,17,361644.39000002044,-5055.0
2026-05-20,513927.00000002055,17,363758.25000002055,168.75
2026-05-21,515612.72000002064,7,364877.72000002064,735.0
2026-05-22,515950.33000002074,6,366471.58000002074,-521.25
2026-05-24,518110.33000002074,6,366471.58000002074,1638.75
2026-05-25,517645.33000002074,6,366471.58000002074,1173.75
2026-05-26,517689.1300000208,6,367429.1300000208,260.0
2026-05-27,517989.1300000208,4,367429.1300000208,560.0
