dt,equity,qty,realized,unrealized
2019-05-05,150000.0,0,0.0,0.0
2019-05-06,150042.52,2,122.51999999999998,-80.0
2019-05-07,150158.19,11,116.93999999999994,41.25
2019-05-08,149030.69,11,116.93999999999994,-1086.25
2019-05-09,148648.21,15,114.45999999999992,-1466.25
2019-05-10,150977.59,16,113.83999999999992,863.75
2019-05-12,148577.59,16,113.83999999999992,-1536.25
2019-05-13,145737.59,16,113.83999999999992,-4376.25
2019-05-14,147517.59,16,113.83999999999992,-2596.25
2019-05-15,147717.59,16,113.83999999999992,-2396.25
2019-05-16,149537.59,16,113.83999999999992,-576.25
2019-05-17,148897.59,16,113.83999999999992,-1216.25
2019-05-19,149637.59,16,113.83999999999992,-476.25
2019-05-20,148537.59,16,113.83999999999992,-1576.25
2019-05-21,149377.59,16,113.83999999999992,-736.25
2019-05-22,147777.59,16,113.83999999999992,-2336.25
2019-05-23,146217.59,16,113.83999999999992,-3896.25
2019-05-24,146477.59,16,113.83999999999992,-3636.25
2019-05-26,146377.59,16,113.83999999999992,-3736.25
2019-05-27,147037.59,16,113.83999999999992,-3076.25
2019-05-28,143677.59,16,113.83999999999992,-6436.25
2019-05-29,142817.59,16,113.83999999999992,-7296.25
2019-05-30,141877.59,16,113.83999999999992,-8236.25
2019-05-31,140197.59,16,113.83999999999992,-9916.25
2019-06-02,139077.59,16,113.83999999999992,-11036.25
2019-06-03,140257.59,16,113.83999999999992,-9856.25
2019-06-04,144997.59,16,113.83999999999992,-5116.25
2019-06-05,146137.59,16,113.83999999999992,-3976.25
2019-06-06,147997.59,16,113.83999999999992,-2116.25
2019-06-07,150197.59,16,113.83999999999992,83.75
2019-06-09,150637.59,16,113.83999999999992,523.75
2019-06-10,152107.69,16,2105.1900000000005,2.5
2019-06-11,151950.82,5,2104.5700000000006,-153.75
2019-06-12,151723.95,6,2103.9500000000007,-380.0
2019-06-13,152323.95,6,2103.9500000000007,220.0
2019-06-14,152173.95,6,2103.9500000000007,70.0
2019-06-16,152346.51,6,2089.0100000000007,257.5
2019-06-17,152144.01,6,2089.0100000000007,55.0
2019-06-18,152870.92,6,2837.1700000000014,33.75
2019-06-19,152955.92,1,2837.1700000000014,118.75
2019-06-20,153093.45,5,3029.700000000002,63.75
2019-06-21,152999.7,5,3029.700000000002,-30.0
2019-06-23,153312.2,5,3029.700000000002,282.5
2019-06-24,152937.2,5,3029.700000000002,-92.5
2019-06-25,152310.34,8,3027.8400000000024,-717.5
2019-06-26,152502.22,9,3027.2200000000025,-525.0
2019-06-27,152738.47,9,3027.2200000000025,-288.75
2019-06-28,153694.72,9,3027.2200000000025,667.5
2019-06-30,154403.47,9,3027.2200000000025,1376.25
2019-07-01,154827.29,9,4822.290000000004,5.0
2019-07-02,154958.54,5,4822.290000000004,136.25
2019-07-03,155464.82,5,5448.570000000004,16.25
2019-07-04,155483.57,1,5448.570000000004,35.0
2019-07-05,155582.96,4,5446.710000000005,136.25
2019-07-07,155442.96,4,5446.710000000005,-3.75
2019-07-08,155072.96,4,5446.710000000005,-373.75
2019-07-09,155461.09,5,5446.090000000005,15.0
2019-07-10,156198.01,5,6068.010000000006,130.0
2019-07-11,156318.01,4,6068.010000000006,250.0
2019-07-12,156378.01,4,6068.010000000006,310.0
2019-07-14,156453.01,4,6068.010000000006,385.0
2019-07-15,156488.01,4,6068.010000000006,420.0
2019-07-16,156258.01,4,6068.010000000006,190.0
2019-07-17,155619.89,5,6067.390000000006,-447.5
2019-07-18,156450.52000000002,6,6066.770000000006,383.75
2019-07-19,155393.02000000002,6,6066.770000000006,-673.75
2019-07-21,155558.02000000002,6,6066.770000000006,-508.75
2019-07-22,156015.52000000002,6,6066.770000000006,-51.25
2019-07-23,156495.52000000002,6,6066.770000000006,428.75
2019-07-24,156832.43,6,6813.680000000007,18.75
2019-07-25,156891.82,4,6811.820000000007,80.0
2019-07-26,157071.82,4,6811.820000000007,260.0
2019-07-28,157036.82,4,6811.820000000007,225.0
2019-07-29,157116.82,4,6811.820000000007,305.0
2019-07-30,156986.82,4,6811.820000000007,175.0
2019-07-31,156464.35,10,6808.100000000008,-343.75
2019-08-01,154391.24000000002,13,6806.240000000008,-2415.0
2019-08-02,153755.63,16,6804.380000000008,-3048.75
2019-08-04,150895.63,16,6804.380000000008,-5908.75
2019-08-05,146195.63,16,6804.380000000008,-10608.75
2019-08-06,147915.63,16,6804.380000000008,-8888.75
2019-08-07,150495.63,16,6804.380000000008,-6308.75
2019-08-08,153195.63,16,6804.380000000008,-3608.75
2019-08-09,152895.63,16,6804.380000000008,-3908.75
2019-08-11,152995.63,16,6804.380000000008,-3808.75
2019-08-12,149775.63,16,6804.380000000008,-7028.75
2019-08-13,153155.63,16,6804.380000000008,-3648.75
2019-08-14,146835.63,16,6804.380000000008,-9968.75
2019-08-15,148355.63,16,6804.380000000008,-8448.75
2019-08-16,150315.63,16,6804.380000000008,-6488.75
2019-08-18,151455.63,16,6804.380000000008,-5348.75
2019-08-19,153135.63,16,6804.380000000008,-3668.75
2019-08-20,151495.63,16,6804.380000000008,-5308.75
2019-08-21,153115.63,16,6804.380000000008,-3688.75
2019-08-22,153555.63,16,6804.380000000008,-3248.75
2019-08-23,147115.63,16,6804.380000000008,-9688.75
2019-08-25,146235.63,16,6804.380000000008,-10568.75
2019-08-26,149595.63,16,6804.380000000008,-7208.75
2019-08-27,149015.63,16,6804.380000000008,-7788.75
2019-08-28,149375.63,16,6804.380000000008,-7428.75
2019-08-29,153655.63,16,6804.380000000008,-3148.75
2019-08-30,152895.63,16,6804.380000000008,-3908.75
2019-09-01,151935.63,16,6804.380000000008,-4868.75
2019-09-02,151635.63,16,6804.380000000008,-5168.75
2019-09-03,152155.63,16,6804.380000000008,-4648.75
2019-09-04,156375.63,16,6804.380000000008,-428.75
2019-09-05,157275.63,16,6804.380000000008,471.25
2019-09-06,157635.63,16,6804.380000000008,831.25
2019-09-08,157855.63,16,6804.380000000008,1051.25
2019-09-09,157135.63,16,6804.380000000008,331.25
2019-09-10,157315.63,16,6804.380000000008,511.25
2019-09-11,158891.34,16,8805.090000000007,86.25
2019-09-12,158891.34,1,8805.090000000007,86.25
2019-09-13,158848.84,1,8805.090000000007,43.75
2019-09-15,158762.6,1,8802.600000000008,-40.0
2019-09-16,158816.98,2,8801.980000000007,15.0
2019-09-17,158859.48,2,8801.980000000007,57.5
2019-09-18,158925.74,4,8800.740000000005,125.0
2019-09-19,159281.4,4,9296.4,-15.0
2019-09-20,158888.29,6,9294.539999999997,-406.25
2019-09-22,159248.29,6,9294.539999999997,-46.25
2019-09-23,159345.79,6,9294.539999999997,51.25
2019-09-24,158614.56,10,9292.059999999994,-677.5
2019-09-25,159072.69,11,9291.439999999993,-218.75
2019-09-26,158673.94,11,9291.439999999993,-617.5
2019-09-27,158345.82,12,9290.819999999992,-945.0
2019-09-29,158855.82,12,9290.819999999992,-435.0
2019-09-30,159650.82,12,9290.819999999992,360.0
2019-10-01,156927.08,14,9289.57999999999,-2362.5
2019-10-02,152674.59,16,9288.33999999999,-6613.75
2019-10-03,154234.59,16,9288.33999999999,-5053.75
2019-10-04,157674.59,16,9288.33999999999,-1613.75
2019-10-06,156614.59,16,9288.33999999999,-2673.75
2019-10-07,157374.59,16,9288.33999999999,-1913.75
2019-10-08,153654.59,16,9288.33999999999,-5633.75
2019-10-09,154694.59,16,9288.33999999999,-4593.75
2019-10-10,157654.59,16,9288.33999999999,-1633.75
2019-10-11,159234.59,16,9288.33999999999,-53.75
2019-10-13,159854.59,16,9288.33999999999,566.25
2019-10-14,159374.59,16,9288.33999999999,86.25
2019-10-15,161237.8,16,11284.049999999976,-46.25
2019-10-16,161247.17999999996,2,11283.429999999975,-36.25
2019-10-17,161289.67999999996,2,11283.429999999975,6.25
2019-10-18,161333.43999999997,4,11282.189999999973,51.25
2019-10-20,161458.43999999997,4,11282.189999999973,176.25
2019-10-21,161788.43999999997,4,11282.189999999973,506.25
2019-10-22,161379.10999999996,5,11777.859999999966,-398.75
2019-10-23,161847.85999999996,5,11777.859999999966,70.0
2019-10-24,161810.35999999996,5,11777.859999999966,32.5
2019-10-25,162197.85999999996,5,11777.859999999966,420.0
2019-10-27,162335.35999999996,5,11777.859999999966,557.5
2019-10-28,162535.38999999996,5,12525.389999999961,10.0
2019-10-29,162512.88999999996,1,12525.389999999961,-12.5
2019-10-30,162766.64999999997,3,12524.14999999996,242.5
2019-10-31,162793.52999999997,4,12523.529999999959,270.0
2019-11-01,163061.67999999996,4,13020.429999999955,41.25
2019-11-03,163096.67999999996,1,13020.429999999955,76.25
2019-11-04,163190.44999999995,3,13150.449999999952,40.0
2019-11-05,163032.94999999995,3,13150.449999999952,-117.5
2019-11-06,163082.32999999996,4,13149.82999999995,-67.5
2019-11-07,163202.32999999996,4,13149.82999999995,52.5
2019-11-08,163472.32999999996,4,13149.82999999995,322.5
2019-11-10,163287.32999999996,4,13149.82999999995,137.5
2019-11-11,163332.32999999996,4,13149.82999999995,182.5
2019-11-12,163432.36999999994,4,13647.369999999944,-215.0
2019-11-13,163680.49999999994,5,13646.749999999944,33.75
2019-11-14,164067.99999999994,5,13646.749999999944,421.25
2019-11-15,164285.52999999994,5,14270.529999999939,15.0
2019-11-17,164274.27999999994,1,14270.529999999939,3.75
2019-11-18,164310.52999999994,1,14270.529999999939,40.0
2019-11-19,164259.27999999994,1,14270.529999999939,-11.25
2019-11-20,164180.54999999993,5,14268.049999999936,-87.5
2019-11-21,164355.54999999993,5,14268.049999999936,87.5
2019-11-22,164455.54999999993,5,14268.049999999936,187.5
2019-11-24,164605.54999999993,5,14268.049999999936,337.5
2019-11-25,164914.32999999993,5,14889.32999999993,25.0
2019-11-26,164970.57999999993,1,14889.32999999993,81.25
2019-11-27,164966.83999999994,1,15013.08999999993,-46.25
2019-11-28,164966.83999999994,1,15013.08999999993,-46.25
2019-11-29,164948.09999999992,3,15011.849999999928,-63.75
2019-12-01,165090.59999999992,3,15011.849999999928,78.75
2019-12-02,164442.4999999999,8,15008.749999999924,-566.25
2019-12-03,163555.00999999992,10,15007.509999999922,-1452.5
2019-12-04,164405.00999999992,10,15007.509999999922,-602.5
2019-12-05,164917.50999999992,10,15007.509999999922,-90.0
2019-12-06,166250.68999999992,10,16260.689999999913,-10.0
2019-12-08,166225.68999999992,1,16260.689999999913,-35.0
2019-12-09,166162.5799999999,4,16258.82999999991,-96.25
2019-12-10,166146.9599999999,5,16258.20999999991,-111.25
2019-12-11,166465.7099999999,5,16258.20999999991,207.5
2019-12-12,167241.9999999999,5,16879.499999999916,362.5
2019-12-13,167337.03999999992,5,17252.039999999924,85.0
2019-12-15,167543.3399999999,5,17239.589999999924,303.75
2019-12-16,167872.11999999994,5,17864.61999999993,7.5
2019-12-17,167855.86999999994,1,17864.61999999993,-8.75
2019-12-18,167868.36999999994,1,17864.61999999993,3.75
2019-12-19,167937.11999999994,1,17864.61999999993,72.5
2019-12-20,167999.62999999995,1,17988.379999999932,11.25
2019-12-22,168018.37999999995,1,17988.379999999932,30.0
2019-12-23,168015.87999999995,1,17988.379999999932,27.5
2019-12-24,168009.62999999995,1,17988.379999999932,21.25
2019-12-25,168024.62999999995,1,17988.379999999932,36.25
2019-12-26,168122.12999999995,1,17988.379999999932,133.75
2019-12-27,168010.89999999994,3,18125.899999999936,-115.0
2019-12-29,168119.64999999994,3,18125.899999999936,-6.25
2019-12-30,167865.28999999995,6,18124.03999999994,-258.75
2019-12-31,168235.91999999993,7,18123.41999999994,112.5
2020-01-01,168367.16999999993,7,18123.41999999994,243.75
2020-01-02,168893.45999999996,7,19000.95999999995,-107.5
2020-01-03,168930.33999999994,2,19000.33999999995,-70.0
2020-01-05,168855.33999999994,2,19000.33999999995,-145.0
2020-01-06,169287.21999999994,3,18999.71999999995,287.5
2020-01-07,168855.96999999994,3,18999.71999999995,-143.75
2020-01-08,169435.36999999997,3,19374.119999999955,61.25
2020-01-09,169637.86999999997,2,19374.119999999955,263.75
2020-01-10,169421.02999999997,5,19621.029999999962,-200.0
2020-01-12,169671.02999999997,5,19621.029999999962,50.0
2020-01-13,170071.02999999997,5,19621.029999999962,450.0
2020-01-14,169852.27999999997,5,19621.029999999962,231.25
2020-01-15,170364.81999999998,5,20241.06999999997,123.75
2020-01-16,170622.33999999997,3,20613.589999999975,8.75
2020-01-17,170651.08999999997,1,20613.589999999975,37.5
2020-01-19,170664.83999999997,1,20613.589999999975,51.25
2020-01-20,170591.08999999997,1,20613.589999999975,-22.5
2020-01-21,170706.08999999997,1,20613.589999999975,92.5
2020-01-22,170614.83999999997,1,20613.589999999975,1.25
2020-01-23,170897.34999999998,3,20612.349999999977,285.0
2020-01-24,170321.12,7,20609.86999999998,-288.75
2020-01-26,169297.37,7,20609.86999999998,-1312.5
2020-01-27,169165.49999999997,8,20609.24999999998,-1443.75
2020-01-28,170475.49999999997,8,20609.24999999998,-133.75
2020-01-29,169085.49999999997,8,20609.24999999998,-1523.75
2020-01-30,170735.49999999997,8,20609.24999999998,126.25
2020-01-31,168078.63999999998,11,20607.389999999985,-2528.75
2020-02-02,169082.38999999998,11,20607.389999999985,-1525.0
2020-02-03,170072.38999999998,11,20607.389999999985,-535.0
2020-02-04,171959.95,11,21976.199999999997,-16.25
2020-02-05,172758.1,4,22119.350000000002,638.75
2020-02-06,172603.13,4,22619.38000000001,-16.25
2020-02-07,172368.14,4,22618.14000000001,-250.0
2020-02-09,172428.14,4,22618.14000000001,-190.0
2020-02-10,173373.77000000002,5,22617.52000000001,756.25
2020-02-11,173515.06000000003,5,23462.56000000002,52.5
2020-02-12,173563.81000000003,3,23462.56000000002,101.25
2020-02-13,173815.06000000003,3,23462.56000000002,352.5
2020-02-14,173758.81000000003,3,23462.56000000002,296.25
2020-02-16,173860.06000000003,3,23462.56000000002,397.5
2020-02-17,173638.81000000003,3,23462.56000000002,176.25
2020-02-18,173732.56000000003,3,23462.56000000002,270.0
2020-02-19,173816.33000000002,3,23835.080000000024,-18.75
2020-02-20,173467.61000000004,7,23831.36000000003,-363.75
2020-02-21,172815.75000000003,10,23829.500000000033,-1013.75
2020-02-23,170653.25000000003,10,23829.500000000033,-3176.25
2020-02-24,169187.65000000002,15,23826.400000000038,-4638.75
2020-02-25,161152.03000000003,16,23825.78000000004,-12673.75
2020-02-26,154092.03000000003,16,23825.78000000004,-19733.75
2020-02-27,153232.03000000003,16,23825.78000000004,-20593.75
2020-03-01,142772.03000000003,16,23825.78000000004,-31053.75
2020-03-03,151752.03000000003,16,23825.78000000004,-22073.75
2020-03-04,156332.03000000003,16,23825.78000000004,-17493.75
2020-03-05,147592.03000000003,16,23825.78000000004,-26233.75
2020-03-06,146332.03000000003,16,23825.78000000004,-27493.75
2020-03-08,134752.03000000003,16,23825.78000000004,-39073.75
2020-03-09,134732.03000000003,16,23825.78000000004,-39093.75
2020-03-10,134232.03000000003,16,23825.78000000004,-39593.75
2020-03-11,118792.03000000003,16,23825.78000000004,-55033.75
2020-03-12,101172.03000000003,16,23825.78000000004,-72653.75
2020-03-13,122412.03000000003,16,23825.78000000004,-51413.75
2020-03-15,114632.03000000003,16,23825.78000000004,-59193.75
2020-03-16,108912.19000000003,16,23785.94000000004,-64873.75
2020-03-17,102312.19000000003,16,23785.94000000004,-71473.75
2020-03-18,92972.19000000003,16,23785.94000000004,-80813.75
2020-03-19,99952.19000000003,16,23785.94000000004,-73833.75
2020-03-20,91452.19000000003,16,23785.94000000004,-82333.75
2020-03-22,86012.19000000003,16,23785.94000000004,-87773.75
2020-03-23,92332.19000000003,16,23785.94000000004,-81453.75
2020-03-24,102452.19000000003,16,23785.94000000004,-71333.75
2020-03-25,106672.19000000003,16,23785.94000000004,-67113.75
2020-03-26,116452.19000000003,16,23785.94000000004,-57333.75
2020-03-27,111672.19000000003,16,23785.94000000004,-62113.75
2020-03-29,111132.19000000003,16,23785.94000000004,-62653.75
2020-03-30,119492.19000000003,16,23785.94000000004,-54293.75
2020-03-31,112352.19000000003,16,23785.94000000004,-61433.75
2020-04-01,108592.19000000003,16,23785.94000000004,-65193.75
2020-04-02,109372.19000000003,16,23785.94000000004,-64413.75
2020-04-03,108492.19000000003,16,23785.94000000004,-65293.75
2020-04-05,115392.19000000003,16,23785.94000000004,-58393.75
2020-04-06,120192.19000000003,16,23785.94000000004,-53593.75
2020-04-07,121792.19000000003,16,23785.94000000004,-51993.75
2020-04-08,128712.19000000003,16,23785.94000000004,-45073.75
2020-04-09,133032.19000000003,16,23785.94000000004,-40753.75
2020-04-12,129212.19000000003,16,23785.94000000004,-44573.75
2020-04-13,133712.19000000003,16,23785.94000000004,-40073.75
2020-04-14,136272.19000000003,16,23785.94000000004,-37513.75
2020-04-15,130852.19000000003,16,23785.94000000004,-42933.75
2020-04-16,139932.19000000003,16,23785.94000000004,-33853.75
2020-04-17,139592.19000000003,16,23785.94000000004,-34193.75
2020-04-19,139772.19000000003,16,23785.94000000004,-34013.75
2020-04-20,133132.19000000003,16,23785.94000000004,-40653.75
2020-04-21,129192.19000000003,16,23785.94000000004,-44593.75
2020-04-22,132172.19000000003,16,23785.94000000004,-41613.75
2020-04-23,131332.19000000003,16,23785.94000000004,-42453.75
2020-04-24,136312.19000000003,16,23785.94000000004,-37473.75
2020-04-26,137512.19000000003,16,23785.94000000004,-36273.75
2020-04-27,138592.19000000003,16,23785.94000000004,-35193.75
2020-04-28,141972.19000000003,16,23785.94000000004,-31813.75
2020-04-29,146652.19000000003,16,23785.94000000004,-27133.75
2020-04-30,138872.19000000003,16,23785.94000000004,-34913.75
2020-05-01,135432.19000000003,16,23785.94000000004,-38353.75
2020-05-03,134532.19000000003,16,23785.94000000004,-39253.75
2020-05-04,137412.19000000003,16,23785.94000000004,-36373.75
2020-05-05,138972.19000000003,16,23785.94000000004,-34813.75
2020-05-06,138112.19000000003,16,23785.94000000004,-35673.75
2020-05-07,143152.19000000003,16,23785.94000000004,-30633.75
2020-05-08,144512.19000000003,16,23785.94000000004,-29273.75
2020-05-10,145432.19000000003,16,23785.94000000004,-28353.75
2020-05-11,142292.19000000003,16,23785.94000000004,-31493.75
2020-05-12,138352.19000000003,16,23785.94000000004,-35433.75
2020-05-13,135052.19000000003,16,23785.94000000004,-38733.75
2020-05-14,137892.19000000003,16,23785.94000000004,-35893.75
2020-05-15,138432.19000000003,16,23785.94000000004,-35353.75
2020-05-17,140392.19000000003,16,23785.94000000004,-33393.75
2020-05-18,145252.19000000003,16,23785.94000000004,-28533.75
2020-05-19,144932.19000000003,16,23785.94000000004,-28853.75
2020-05-20,146132.19000000003,16,23785.94000000004,-27653.75
2020-05-21,143612.19000000003,16,23785.94000000004,-30173.75
2020-05-22,146572.19000000003,16,23785.94000000004,-27213.75
2020-05-24,147032.19000000003,16,23785.94000000004,-26753.75
2020-05-25,150072.19000000003,16,23785.94000000004,-23713.75
2020-05-26,151232.19000000003,16,23785.94000000004,-22553.75
2020-05-27,152712.19000000003,16,23785.94000000004,-21073.75
2020-05-28,152212.19000000003,16,23785.94000000004,-21573.75
2020-05-29,154652.19000000003,16,23785.94000000004,-19133.75
2020-05-31,152972.19000000003,16,23785.94000000004,-20813.75
2020-06-01,153332.19000000003,16,23785.94000000004,-20453.75
2020-06-02,156852.19000000003,16,23785.94000000004,-16933.75
2020-06-03,158912.19000000003,16,23785.94000000004,-14873.75
2020-06-04,160072.19000000003,16,23785.94000000004,-13713.75
2020-06-05,164892.19000000003,16,23785.94000000004,-8893.75
2020-06-07,165572.19000000003,16,23785.94000000004,-8213.75
2020-06-08,167872.19000000003,16,23785.94000000004,-5913.75
2020-06-09,167812.19000000003,16,23785.94000000004,-5973.75
2020-06-10,162432.19000000003,16,23785.94000000004,-11353.75
2020-06-11,153632.19000000003,16,23785.94000000004,-20153.75
2020-06-12,152932.19000000003,16,23785.94000000004,-20853.75
2020-06-14,149892.19000000003,16,23785.94000000004,-23893.75
2020-06-15,159472.35000000003,16,23746.10000000004,-14273.75
2020-06-16,159612.35000000003,16,23746.10000000004,-14133.75
2020-06-17,157852.35000000003,16,23746.10000000004,-15893.75
2020-06-18,159352.35000000003,16,23746.10000000004,-14393.75
2020-06-19,155532.35000000003,16,23746.10000000004,-18213.75
2020-06-21,157252.35000000003,16,23746.10000000004,-16493.75
2020-06-22,159812.35000000003,16,23746.10000000004,-13933.75
2020-06-23,160492.35000000003,16,23746.10000000004,-13253.75
2020-06-24,153712.35000000003,16,23746.10000000004,-20033.75
2020-06-25,156732.35000000003,16,23746.10000000004,-17013.75
2020-06-26,151152.35000000003,16,23746.10000000004,-22593.75
2020-06-28,151252.35000000003,16,23746.10000000004,-22493.75
2020-06-29,155132.35000000003,16,23746.10000000004,-18613.75
2020-06-30,157692.35000000003,16,23746.10000000004,-16053.75
2020-07-01,159392.35000000003,16,23746.10000000004,-14353.75
2020-07-02,160992.35000000003,16,23746.10000000004,-12753.75
2020-07-03,160152.35000000003,16,23746.10000000004,-13593.75
2020-07-05,164192.35000000003,16,23746.10000000004,-9553.75
2020-07-06,164172.35000000003,16,23746.10000000004,-9573.75
2020-07-07,162312.35000000003,16,23746.10000000004,-11433.75
2020-07-08,164052.35000000003,16,23746.10000000004,-9693.75
2020-07-09,161732.35000000003,16,23746.10000000004,-12013.75
2020-07-10,165272.35000000003,16,23746.10000000004,-8473.75
2020-07-12,166272.35000000003,16,23746.10000000004,-7473.75
2020-07-13,162932.35000000003,16,23746.10000000004,-10813.75
2020-07-14,167532.35000000003,16,23746.10000000004,-6213.75
2020-07-15,167252.35000000003,16,23746.10000000004,-6493.75
2020-07-16,167192.35000000003,16,23746.10000000004,-6553.75
2020-07-17,168012.35000000003,16,23746.10000000004,-5733.75
2020-07-19,167312.35000000003,16,23746.10000000004,-6433.75
2020-07-20,170912.35000000003,16,23746.10000000004,-2833.75
2020-07-21,171932.35000000003,16,23746.10000000004,-1813.75
2020-07-22,172212.35000000003,16,23746.10000000004,-1533.75
2020-07-23,168232.35000000003,16,23746.10000000004,-5513.75
2020-07-24,167192.35000000003,16,23746.10000000004,-6553.75
2020-07-26,168532.35000000003,16,23746.10000000004,-5213.75
2020-07-27,169672.35000000003,16,23746.10000000004,-4073.75
2020-07-28,167772.35000000003,16,23746.10000000004,-5973.75
2020-07-29,170772.35000000003,16,23746.10000000004,-2973.75
2020-07-30,171612.35000000003,16,23746.10000000004,-2133.75
2020-07-31,172472.35000000003,16,23746.10000000004,-1273.75
2020-08-02,171852.35000000003,16,23746.10000000004,-1893.75
2020-08-03,173812.35000000003,16,23746.10000000004,66.25
2020-08-04,175052.35000000003,16,23746.10000000004,1306.25
2020-08-05,176040.56000000006,16,26021.810000000056,18.75
2020-08-06,176086.82000000007,1,26145.570000000058,-58.75
2020-08-07,176376.83000000007,3,26144.33000000006,232.5
2020-08-09,176418.08000000007,3,26144.33000000006,273.75
2020-08-10,176587.48000000007,3,26516.230000000065,71.25
2020-08-11,176273.75000000006,6,26513.75000000007,-240.0
2020-08-12,177270.6600000001,6,27259.410000000076,11.25
2020-08-13,177345.04000000007,2,27258.790000000077,86.25
2020-08-14,177255.04000000007,2,27258.790000000077,-3.75
2020-08-16,177332.54000000007,2,27258.790000000077,73.75
2020-08-17,177420.04000000007,2,27258.790000000077,161.25
2020-08-18,177772.5700000001,4,27506.320000000083,266.25
2020-08-19,177027.5700000001,4,27506.320000000083,-478.75
2020-08-20,177880.70000000007,5,27505.700000000084,375.0
2020-08-21,177943.20000000007,5,27505.700000000084,437.5
2020-08-23,178186.95000000007,5,27505.700000000084,681.25
2020-08-24,179064.4900000001,5,28656.990000000093,407.5
2020-08-25,179043.2600000001,3,29032.010000000097,11.25
2020-08-26,179199.5200000001,1,29155.7700000001,43.75
2020-08-27,179935.8000000001,5,29277.050000000105,658.75
2020-08-28,179904.5800000001,5,29900.83000000011,3.75
2020-08-30,179987.0800000001,1,29900.83000000011,86.25
2020-08-31,179908.3400000001,3,29899.590000000113,8.75
2020-09-01,180325.8600000001,3,30273.360000000117,52.5
2020-09-02,180929.66000000012,4,30893.410000000127,36.25
2020-09-03,174602.86000000013,16,30884.110000000142,-6281.25
2020-09-04,172402.86000000013,16,30884.110000000142,-8481.25
2020-09-06,172342.86000000013,16,30884.110000000142,-8541.25
2020-09-07,173442.86000000013,16,30884.110000000142,-7441.25
2020-09-08,166362.86000000013,16,30884.110000000142,-14521.25
2020-09-09,170382.86000000013,16,30884.110000000142,-10501.25
2020-09-10,167882.86000000013,16,30884.110000000142,-13001.25
2020-09-11,166182.86000000013,16,30884.110000000142,-14701.25
2020-09-13,169103.02000000014,16,30844.270000000142,-11741.25
2020-09-14,170243.02000000014,16,30844.270000000142,-10601.25
2020-09-15,172143.02000000014,16,30844.270000000142,-8701.25
2020-09-16,167523.02000000014,16,30844.270000000142,-13321.25
2020-09-17,167463.02000000014,16,30844.270000000142,-13381.25
2020-09-18,165363.02000000014,16,30844.270000000142,-15481.25
2020-09-20,164683.02000000014,16,30844.270000000142,-16161.25
2020-09-21,161763.02000000014,16,30844.270000000142,-19081.25
2020-09-22,163863.02000000014,16,30844.270000000142,-16981.25
2020-09-23,158383.02000000014,16,30844.270000000142,-22461.25
2020-09-24,160043.02000000014,16,30844.270000000142,-20801.25
2020-09-25,162823.02000000014,16,30844.270000000142,-18021.25
2020-09-27,164003.02000000014,16,30844.270000000142,-16841.25
2020-09-28,168343.02000000014,16,30844.270000000142,-12501.25
2020-09-29,165203.02000000014,16,30844.270000000142,-15641.25
2020-09-30,169383.02000000014,16,30844.270000000142,-11461.25
2020-10-01,168923.02000000014,16,30844.270000000142,-11921.25
2020-10-02,167623.02000000014,16,30844.270000000142,-13221.25
2020-10-04,168603.02000000014,16,30844.270000000142,-12241.25
2020-10-05,171603.02000000014,16,30844.270000000142,-9241.25
2020-10-06,168343.02000000014,16,30844.270000000142,-12501.25
2020-10-07,173343.02000000014,16,30844.270000000142,-7501.25
2020-10-08,176523.02000000014,16,30844.270000000142,-4321.25
2020-10-09,178103.02000000014,16,30844.270000000142,-2741.25
2020-10-11,178163.02000000014,16,30844.270000000142,-2681.25
2020-10-12,182677.49000000017,16,32851.24000000015,-173.75
2020-10-13,182943.77000000014,9,32847.520000000135,96.25
2020-10-14,180418.16000000012,12,32845.66000000013,-2427.5
2020-10-15,181217.54000000012,13,32845.040000000125,-1627.5
2020-10-16,180486.29000000012,13,32845.040000000125,-2358.75
2020-10-18,181786.29000000012,13,32845.040000000125,-1058.75
2020-10-19,178914.4300000001,16,32843.18000000012,-3928.75
2020-10-20,180274.4300000001,16,32843.18000000012,-2568.75
2020-10-21,176414.4300000001,16,32843.18000000012,-6428.75
2020-10-22,180114.4300000001,16,32843.18000000012,-2728.75
2020-10-23,180134.4300000001,16,32843.18000000012,-2708.75
2020-10-25,178554.4300000001,16,32843.18000000012,-4288.75
2020-10-26,175654.4300000001,16,32843.18000000012,-7188.75
2020-10-27,173034.4300000001,16,32843.18000000012,-9808.75
2020-10-28,167674.4300000001,16,32843.18000000012,-15168.75
2020-10-29,165834.4300000001,16,32843.18000000012,-17008.75
2020-10-30,166174.4300000001,16,32843.18000000012,-16668.75
2020-11-01,165434.4300000001,16,32843.18000000012,-17408.75
2020-11-02,168854.4300000001,16,32843.18000000012,-13988.75
2020-11-03,175234.4300000001,16,32843.18000000012,-7608.75
2020-11-04,181074.4300000001,16,32843.18000000012,-1768.75
2020-11-05,184277.6600000001,16,34841.4100000001,-563.75
2020-11-06,185204.5400000001,6,34840.790000000095,363.75
2020-11-08,186749.5400000001,6,34840.790000000095,1908.75
2020-11-09,183409.64000000004,14,39099.64000000004,-5690.0
2020-11-10,185769.65000000002,16,39098.40000000004,-3328.75
2020-11-11,185369.65000000002,16,39098.40000000004,-3728.75
2020-11-12,184829.65000000002,16,39098.40000000004,-4268.75
2020-11-13,188669.65000000002,16,39098.40000000004,-428.75
2020-11-15,190949.65000000002,16,39098.40000000004,1851.25
2020-11-16,191144.12,16,41097.86999999999,46.25
2020-11-17,191101.62999999998,5,41096.62999999998,5.0
2020-11-18,189946.64999999997,9,41094.14999999997,-1147.5
2020-11-19,190205.40999999997,11,41092.90999999997,-887.5
2020-11-20,189449.15999999997,11,41092.90999999997,-1643.75
2020-11-22,190122.90999999997,11,41092.90999999997,-970.0
2020-11-23,192364.15999999997,11,41092.90999999997,1271.25
2020-11-24,192697.35999999993,11,42589.85999999993,107.5
2020-11-25,192703.61999999994,4,42588.61999999992,115.0
2020-11-26,192578.61999999994,4,42588.61999999992,-10.0
2020-11-27,192833.61999999994,4,42588.61999999992,245.0
2020-11-29,192483.61999999994,4,42588.61999999992,-105.0
2020-11-30,193873.00999999992,7,42586.759999999915,1286.25
2020-12-01,193958.67999999988,7,43972.42999999989,-13.75
2020-12-02,194125.55999999988,3,43971.80999999989,153.75
2020-12-03,194391.21999999986,4,44342.46999999987,48.75
2020-12-04,194816.86999999985,4,44843.11999999986,-26.25
2020-12-06,194813.11999999985,1,44843.11999999986,-30.0
2020-12-07,194713.12999999986,3,44841.87999999985,-128.75
2020-12-08,195332.50999999983,4,44841.25999999985,491.25
2020-12-09,194650.01999999984,6,44840.019999999844,-190.0
2020-12-10,194498.77999999985,8,44838.77999999984,-340.0
2020-12-11,194551.28999999983,10,44837.53999999983,-286.25
2020-12-13,195526.38999999984,10,44812.63999999983,713.75
2020-12-14,195104.60999999978,10,46052.10999999978,-947.5
2020-12-15,197187.78999999975,9,47179.03999999975,8.75
2020-12-16,197360.28999999975,2,47179.03999999975,181.25
2020-12-17,197388.43999999974,3,47442.18999999974,-53.75
2020-12-18,198262.83999999973,8,47439.08999999973,823.75
2020-12-20,197662.83999999973,8,47439.08999999973,223.75
2020-12-21,197402.2399999997,13,47435.989999999714,-33.75
2020-12-22,197207.2399999997,13,47435.989999999714,-228.75
2020-12-23,199048.57999999967,13,49064.82999999967,-16.25
2020-12-24,199173.57999999967,5,49064.82999999967,108.75
2020-12-27,199779.82999999967,5,49064.82999999967,715.0
2020-12-28,200018.60999999964,5,49913.60999999965,105.0
2020-12-29,200058.63999999964,5,50034.889999999636,23.75
2020-12-30,199827.38999999964,5,50034.889999999636,-207.5
2020-12-31,200452.38999999964,5,50034.889999999636,417.5
2021-01-03,200439.88999999964,5,50034.889999999636,405.0
2021-01-04,198950.6199999996,16,50676.86999999958,-1726.25
2021-01-05,199070.6199999996,16,50676.86999999958,-1606.25
2021-01-06,203119.48999999953,16,52800.73999999952,318.75
2021-01-07,203855.78999999948,6,53673.28999999949,182.5
2021-01-08,204218.9499999995,4,54172.69999999947,46.25
2021-01-10,204075.1999999995,1,54172.69999999947,-97.5
2021-01-11,204104.57999999946,2,54172.07999999947,-67.5
2021-01-12,204497.08999999947,4,54170.839999999465,326.25
2021-01-13,204737.11999999944,4,54668.36999999945,68.75
2021-01-14,204227.12999999945,4,54667.129999999444,-440.0
2021-01-15,203297.77999999945,9,54664.02999999943,-1366.25
2021-01-17,203657.77999999945,9,54664.02999999943,-1006.25
2021-01-18,205244.02999999945,9,54664.02999999943,580.0
2021-01-19,205435.27999999945,9,54664.02999999943,771.25
2021-01-20,206619.08999999939,9,56520.3399999994,98.75
2021-01-21,206516.58999999939,1,56520.3399999994,-3.75
2021-01-22,206500.9699999994,2,56519.7199999994,-18.75
2021-01-24,206690.9699999994,2,56519.7199999994,171.25
2021-01-25,207220.41999999934,7,57385.41999999936,-165.0
2021-01-26,207427.32999999935,4,57756.07999999934,-328.75
2021-01-27,203569.88999999932,16,57748.63999999931,-4178.75
2021-01-28,208356.86999999924,16,59736.86999999925,-1380.0
2021-01-29,205833.79999999923,16,59730.049999999224,-3896.25
2021-01-31,207953.79999999923,16,59730.049999999224,-1776.25
2021-02-01,212055.76999999917,16,61722.019999999175,333.75
2021-02-02,212438.92999999915,3,62352.679999999156,86.25
2021-02-03,212289.55999999915,3,62352.059999999154,-62.5
2021-02-04,212862.08999999915,3,62849.58999999914,12.5
2021-02-05,212934.58999999915,1,62849.58999999914,85.0
2021-02-07,212997.08999999915,1,62849.58999999914,147.5
2021-02-08,213118.97999999914,2,62987.72999999913,131.25
2021-02-09,213238.97999999914,2,62987.72999999913,251.25
2021-02-10,213334.0299999991,8,63277.779999999104,56.25
2021-02-11,213184.0299999991,8,63277.779999999104,-93.75
2021-02-12,214299.69999999908,8,64278.44999999908,21.25
2021-02-14,214353.44999999908,1,64278.44999999908,75.0
2021-02-15,214412.19999999908,1,64278.44999999908,133.75
2021-02-16,214278.4599999991,3,64277.209999999075,1.25
2021-02-17,214339.71999999907,5,64275.96999999907,63.75
2021-02-18,213946.60999999905,8,64274.10999999906,-327.5
2021-02-19,214016.60999999905,8,64274.10999999906,-257.5
2021-02-21,213896.60999999905,8,64274.10999999906,-377.5
2021-02-22,213912.23999999906,9,64273.48999999906,-361.25
2021-02-23,214521.64999999903,16,64269.14999999904,252.5
2021-02-24,216527.999999999,16,66394.24999999903,133.75
2021-02-25,211354.31999999908,16,66385.56999999909,-5031.25
2021-02-26,210714.31999999908,16,66385.56999999909,-5671.25
2021-02-28,213114.31999999908,16,66385.56999999909,-3271.25
2021-03-01,218170.03999999916,16,68382.53999999918,-212.5
2021-03-02,218246.30999999918,7,68380.0599999992,-133.75
2021-03-03,213094.47999999922,16,68374.47999999924,-5280.0
2021-03-04,209974.47999999922,16,68374.47999999924,-8400.0
2021-03-05,216794.47999999922,16,68374.47999999924,-1580.0
2021-03-07,215814.47999999922,16,68374.47999999924,-2560.0
2021-03-08,217634.47999999922,16,68374.47999999924,-740.0
2021-03-09,220215.1999999993,16,70362.69999999933,-147.5
2021-03-10,221110.85999999935,4,70735.85999999936,375.0
2021-03-11,221468.4099999994,4,71409.6599999994,58.75
2021-03-12,221605.9199999994,6,71408.41999999942,197.5
2021-03-14,221755.9799999994,6,71393.47999999941,362.5
2021-03-15,222175.38999999943,6,72141.63999999945,33.75
2021-03-16,222147.26999999944,2,72141.01999999945,6.25
2021-03-17,222651.05999999947,4,72637.30999999949,13.75
2021-03-18,221561.7199999995,9,72632.96999999952,-1071.25
2021-03-19,221182.98999999953,13,72630.48999999954,-1447.5
2021-03-21,221231.73999999953,13,72630.48999999954,-1398.75
2021-03-22,224045.5699999996,13,74260.56999999961,-215.0
2021-03-23,223510.59999999963,9,74256.84999999964,-746.25
2021-03-24,223021.23999999964,12,74254.98999999966,-1233.75
2021-03-25,225642.50999999966,16,74252.50999999967,1390.0
2021-03-26,226869.5199999998,16,76874.5199999998,-5.0
2021-03-28,226789.5199999998,1,76874.5199999998,-85.0
2021-03-29,227290.7899999998,5,76872.03999999982,418.75
2021-03-30,226915.7899999998,5,76872.03999999982,43.75
2021-03-31,227467.69999999984,5,77492.69999999985,-25.0
2021-04-01,227844.58999999985,2,77740.83999999987,103.75
2021-04-02,227898.33999999985,1,77740.83999999987,157.5
2021-04-04,227902.08999999985,1,77740.83999999987,161.25
2021-04-05,228043.35999999987,1,78074.60999999988,-31.25
2021-04-06,228095.23999999987,2,78073.98999999989,21.25
2021-04-07,228317.73999999987,2,78073.98999999989,243.75
2021-04-08,228355.8799999999,2,78323.3799999999,32.5
2021-04-09,228443.3899999999,1,78447.13999999991,-3.75
2021-04-11,228414.6399999999,1,78447.13999999991,-32.5
2021-04-12,228535.2699999999,2,78446.51999999992,88.75
2021-04-13,228670.28999999992,2,78695.28999999994,-25.0
2021-04-14,228610.92999999993,5,78693.42999999995,-82.5
2021-04-15,229340.95999999996,5,79319.70999999998,21.25
2021-04-16,229472.22999999998,3,79444.73,27.5
2021-04-18,229438.47999999998,3,79444.73,-6.25
2021-04-19,229536.62,6,79442.87000000001,93.75
2021-04-20,227977.90000000002,12,79439.15000000004,-1461.25
2021-04-21,230362.90000000002,12,79439.15000000004,923.75
2021-04-22,230741.75000000012,12,80935.50000000013,-193.75
2021-04-23,231933.67000000016,8,81936.17000000017,-2.5
2021-04-25,231976.17000000016,1,81936.17000000017,40.0
2021-04-26,232016.17000000016,1,81936.17000000017,80.0
2021-04-27,232021.17000000016,1,81936.17000000017,85.0
2021-04-28,232348.07000000018,4,82058.0700000002,290.0
2021-04-29,232665.63000000024,8,82550.63000000025,115.0
2021-04-30,232195.63000000024,8,82550.63000000025,-355.0
2021-05-02,232505.63000000024,8,82550.63000000025,-45.0
2021-05-03,231965.63000000024,8,82550.63000000025,-585.0
2021-05-04,232920.67000000027,16,82545.67000000029,375.0
2021-05-05,231840.67000000027,16,82545.67000000029,-705.0
2021-05-06,234606.38000000035,16,84550.13000000037,56.25
2021-05-07,234750.14000000036,1,84673.89000000038,76.25
2021-05-09,234782.64000000036,1,84673.89000000038,108.75
2021-05-10,233507.6700000004,7,84670.1700000004,-1162.5
2021-05-11,231857.6900000004,11,84667.69000000042,-2810.0
2021-05-12,228675.84000000043,16,84664.59000000045,-5988.75
2021-05-13,232935.84000000043,16,84664.59000000045,-1728.75
2021-05-14,236674.0500000005,16,86665.30000000053,8.75
2021-05-16,236595.3000000005,1,86665.30000000053,-70.0
2021-05-17,237051.57000000053,5,86662.82000000055,388.75
2021-05-18,235283.46000000054,8,86660.96000000056,-1377.5
2021-05-19,235901.60000000056,11,86659.10000000057,-757.5
2021-05-20,238153.54000000062,11,88038.54000000063,115.0
2021-05-21,238141.70000000065,5,88284.20000000067,-142.5
2021-05-23,238279.20000000065,5,88284.20000000067,-5.0
2021-05-24,238972.98000000068,5,88906.7300000007,66.25
2021-05-25,239022.36000000068,2,88906.1100000007,116.25
2021-05-26,238932.36000000068,2,88906.1100000007,26.25
2021-05-27,239184.86000000068,2,88906.1100000007,278.75
2021-05-28,239108.6300000007,2,89164.88000000072,-56.25
2021-05-30,239143.6300000007,2,89164.88000000072,-21.25
2021-05-31,239091.1300000007,2,89164.88000000072,-73.75
2021-06-01,239073.6400000007,4,89163.64000000073,-90.0
2021-06-02,239273.6400000007,4,89163.64000000073,110.0
2021-06-03,239193.03000000073,7,89161.78000000074,31.25
2021-06-04,240164.95000000077,7,90036.20000000078,128.75
2021-06-06,240117.45000000077,2,90036.20000000078,81.25
2021-06-07,240159.95000000077,2,90036.20000000078,123.75
2021-06-08,240152.45000000077,2,90036.20000000078,116.25
2021-06-09,240132.45000000077,2,90036.20000000078,96.25
2021-06-10,240474.9800000008,4,90283.73000000081,191.25
2021-06-11,240564.9800000008,4,90283.73000000081,281.25
2021-06-13,240650.0200000008,4,90273.7700000008,376.25
2021-06-14,240798.17000000083,4,90771.92000000083,26.25
2021-06-15,240712.56000000084,4,90770.06000000084,-57.5
2021-06-16,239713.83000000086,8,90767.58000000086,-1053.75
2021-06-17,240580.71000000086,9,90766.96000000086,-186.25
2021-06-18,236677.6100000009,14,90763.86000000089,-4086.25
2021-06-20,235977.6100000009,14,90763.86000000089,-4786.25
2021-06-21,242190.1100000009,14,90763.86000000089,1426.25
2021-06-22,242600.81000000096,14,92513.31000000096,87.5
2021-06-23,242600.81000000096,1,92513.31000000096,87.5
2021-06-24,242703.32000000097,1,92655.82000000097,47.5
2021-06-25,242758.32000000097,1,92655.82000000097,102.5
2021-06-27,242752.07000000097,1,92655.82000000097,96.25
2021-06-28,242750.83000000098,1,92779.58000000098,-28.75
2021-06-29,242822.08000000098,1,92779.58000000098,42.5
2021-06-30,242864.58000000098,1,92779.58000000098,85.0
2021-07-01,242942.090000001,1,92903.34000000099,38.75
2021-07-02,243070.850000001,1,93027.100000001,43.75
2021-07-04,243060.850000001,1,93027.100000001,33.75
2021-07-05,243088.350000001,1,93027.100000001,61.25
2021-07-06,243352.120000001,5,93024.62000000101,327.5
2021-07-07,243835.92000000106,5,93645.92000000106,190.0
2021-07-08,243066.56000000107,8,93644.06000000107,-577.5
2021-07-09,244735.98000000112,8,94640.98000000112,95.0
2021-07-11,244685.98000000112,1,94640.98000000112,45.0
2021-07-12,244800.99000000113,1,94764.74000000113,36.25
2021-07-13,244697.87000000113,2,94764.12000000113,-66.25
2021-07-14,244806.00000000114,3,94763.50000000114,42.5
2021-07-15,244787.27000000115,7,94761.02000000115,26.25
2021-07-16,243599.16000000117,10,94759.16000000117,-1160.0
2021-07-18,242899.16000000117,10,94759.16000000117,-1860.0
2021-07-19,240895.4400000012,16,94755.4400000012,-3860.0
2021-07-20,245235.4400000012,16,94755.4400000012,480.0
2021-07-21,246838.65000000127,16,96744.90000000127,93.75
2021-07-22,246917.41000000128,1,96868.66000000128,48.75
2021-07-23,247072.4200000013,1,96992.4200000013,80.0
2021-07-25,247024.9200000013,1,96992.4200000013,32.5
2021-07-26,247114.9300000013,1,97116.1800000013,-1.25
2021-07-27,247263.09000000134,8,97111.84000000134,151.25
2021-07-28,247153.09000000134,8,97111.84000000134,41.25
2021-07-29,247958.76000000138,8,98107.51000000138,-148.75
2021-07-30,248089.39000000138,2,98106.89000000138,-17.5
2021-08-01,248251.89000000138,2,98106.89000000138,145.0
2021-08-02,248037.5200000014,3,98106.27000000139,-68.75
2021-08-03,248736.31000000142,5,98731.31000000142,5.0
2021-08-04,248741.32000000143,3,98730.07000000143,11.25
2021-08-05,249003.82000000143,3,98730.07000000143,273.75
2021-08-06,249125.72000000146,3,99101.97000000146,23.75
2021-08-08,249028.22000000146,2,99101.97000000146,-73.75
2021-08-09,249007.60000000146,3,99101.35000000146,-93.75
2021-08-10,249120.10000000146,3,99101.35000000146,18.75
2021-08-11,249356.35000000146,3,99101.35000000146,255.0
2021-08-12,249492.62000000148,3,99473.87000000148,18.75
2021-08-13,249522.62000000148,1,99473.87000000148,48.75
2021-08-15,249480.12000000148,1,99473.87000000148,6.25
2021-08-16,249947.66000000152,4,99970.16000000152,-22.5
2021-08-17,250360.19000000154,7,99966.44000000154,393.75
2021-08-18,248152.09000000157,12,99963.34000000157,-1811.25
2021-08-19,248526.47000000157,13,99962.72000000157,-1436.25
2021-08-20,251240.22000000157,13,99962.72000000157,1277.5
2021-08-22,252231.47000000157,13,99962.72000000157,2268.75
2021-08-23,252493.43000000165,13,102475.93000000165,17.5
2021-08-24,252450.93000000165,2,102475.93000000165,-25.0
2021-08-25,252525.93000000165,2,102475.93000000165,50.0
2021-08-26,252472.19000000166,4,102474.69000000166,-2.5
2021-08-27,253060.9700000017,4,102973.47000000169,87.5
2021-08-29,253075.9700000017,2,102973.47000000169,102.5
2021-08-30,253252.8600000017,2,103221.6100000017,31.25
2021-08-31,253406.6200000017,3,103220.37000000171,186.25
2021-09-01,253207.8700000017,3,103220.37000000171,-12.5
2021-09-02,253571.6200000017,3,103220.37000000171,351.25
2021-09-03,253429.1200000017,3,103220.37000000171,208.75
2021-09-05,253421.6200000017,3,103220.37000000171,201.25
2021-09-06,253507.8700000017,3,103220.37000000171,287.5
2021-09-07,253200.3700000017,3,103220.37000000171,-20.0
2021-09-08,252877.26000000173,6,103218.51000000173,-341.25
2021-09-09,252937.89000000173,7,103217.89000000173,-280.0
2021-09-10,251211.67000000176,13,103214.17000000176,-2002.5
2021-09-12,251439.30000000176,13,103181.80000000176,-1742.5
2021-09-13,252545.56000000177,15,103180.56000000177,-635.0
2021-09-14,250439.94000000178,16,103179.94000000178,-2740.0
2021-09-15,252659.94000000178,16,103179.94000000178,-520.0
2021-09-16,252339.94000000178,16,103179.94000000178,-840.0
2021-09-17,247879.94000000178,16,103179.94000000178,-5300.0
2021-09-19,246279.94000000178,16,103179.94000000178,-6900.0
2021-09-20,245039.94000000178,16,103179.94000000178,-8140.0
2021-09-21,242859.94000000178,16,103179.94000000178,-10320.0
2021-09-22,246739.94000000178,16,103179.94000000178,-6440.0
2021-09-23,250439.94000000178,16,103179.94000000178,-2740.0
2021-09-24,250899.94000000178,16,103179.94000000178,-2280.0
2021-09-26,252139.94000000178,16,103179.94000000178,-1040.0
2021-09-27,249719.94000000178,16,103179.94000000178,-3460.0
2021-09-28,244459.94000000178,16,103179.94000000178,-8720.0
2021-09-29,245039.94000000178,16,103179.94000000178,-8140.0
2021-09-30,236919.94000000178,16,103179.94000000178,-16260.0
2021-10-01,243279.94000000178,16,103179.94000000178,-9900.0
2021-10-03,241619.94000000178,16,103179.94000000178,-11560.0
2021-10-04,239059.94000000178,16,103179.94000000178,-14120.0
2021-10-05,240599.94000000178,16,103179.94000000178,-12580.0
2021-10-06,245279.94000000178,16,103179.94000000178,-7900.0
2021-10-07,246559.94000000178,16,103179.94000000178,-6620.0
2021-10-08,245659.94000000178,16,103179.94000000178,-7520.0
2021-10-10,244999.94000000178,16,103179.94000000178,-8180.0
2021-10-11,241499.94000000178,16,103179.94000000178,-11680.0
2021-10-12,241999.94000000178,16,103179.94000000178,-11180.0
2021-10-13,244779.94000000178,16,103179.94000000178,-8400.0
2021-10-14,250679.94000000178,16,103179.94000000178,-2500.0
2021-10-15,252439.94000000178,16,103179.94000000178,-740.0
2021-10-17,252019.94000000178,16,103179.94000000178,-1160.0
2021-10-18,253419.94000000178,16,103179.94000000178,240.0
2021-10-19,255307.53000000186,16,105168.78000000186,138.75
2021-10-20,255421.30000000188,2,105417.55000000188,3.75
2021-10-21,255591.30000000188,2,105417.55000000188,173.75
2021-10-22,255621.9600000019,5,105664.46000000191,-42.5
2021-10-24,255859.4600000019,5,105664.46000000191,195.0
2021-10-25,256348.24000000194,5,106286.99000000194,61.25
2021-10-26,256255.77000000197,5,106408.27000000197,-152.5
2021-10-27,255948.91000000198,8,106406.41000000198,-457.5
2021-10-28,257276.46000000203,8,107402.71000000203,-126.25
2021-10-29,257748.34000000203,3,107402.09000000203,346.25
2021-10-31,257808.34000000203,3,107402.09000000203,406.25
2021-11-01,257811.50000000207,4,107822.75000000207,-11.25
2021-11-02,258313.4000000021,4,108323.40000000209,-10.0
2021-11-03,258605.9200000021,2,108572.17000000211,33.75
2021-11-04,258835.94000000213,3,108694.69000000213,141.25
2021-11-05,259164.10000000216,4,109199.10000000216,-35.0
2021-11-07,259044.10000000216,4,109199.10000000216,-155.0
2021-11-08,259084.10000000216,4,109199.10000000216,-115.0
2021-11-09,258595.36000000217,6,109197.86000000217,-602.5
2021-11-10,258001.0200000022,13,109193.5200000022,-1192.5
2021-11-11,258423.5200000022,13,109193.5200000022,-770.0
2021-11-12,260487.2700000022,13,109193.5200000022,1293.75
2021-11-14,260438.5200000022,13,109193.5200000022,1245.0
2021-11-15,261087.35000000228,13,111127.35000000228,-40.0
2021-11-16,261401.1300000023,3,111499.8800000023,-98.75
2021-11-17,261433.02000000232,6,111498.02000000232,-65.0
2021-11-18,262514.90000000235,7,111497.40000000232,1017.5
2021-11-19,261744.90000000232,7,111497.40000000232,247.5
2021-11-21,262068.65000000232,7,111497.40000000232,571.25
2021-11-22,261857.47000000242,7,112366.22000000239,-508.75
2021-11-23,262114.37000000244,12,112363.12000000241,-248.75
2021-11-24,264184.37000000244,12,112363.12000000241,1821.25
2021-11-25,260659.37000000244,12,112363.12000000241,-1703.75
2021-11-26,255353.14000000246,16,112360.64000000243,-7007.5
2021-11-28,259533.14000000246,16,112360.64000000243,-2827.5
2021-11-29,261593.14000000246,16,112360.64000000243,-767.5
2021-11-30,257553.14000000246,16,112360.64000000243,-4807.5
2021-12-01,251713.14000000246,16,112360.64000000243,-10647.5
2021-12-02,255013.14000000246,16,112360.64000000243,-7347.5
2021-12-03,251693.14000000246,16,112360.64000000243,-10667.5
2021-12-05,253853.14000000246,16,112360.64000000243,-8507.5
2021-12-06,257513.14000000246,16,112360.64000000243,-4847.5
2021-12-07,265037.00000000256,16,114359.50000000253,677.5
2021-12-08,264722.00000000256,6,114359.50000000253,362.5
2021-12-09,264054.50000000256,6,114359.50000000253,-305.0
2021-12-10,265987.73000000266,7,115981.48000000263,6.25
2021-12-12,266063.9900000026,1,115978.99000000262,85.0
2021-12-13,265315.91000000265,10,115973.41000000267,-657.5
2021-12-14,264279.6900000027,16,115969.6900000027,-1690.0
2021-12-15,268259.78000000276,16,117968.53000000278,291.25
2021-12-16,266289.86000000284,14,118347.36000000285,-2057.5
2021-12-17,263797.37000000285,16,118346.12000000286,-4548.75
2021-12-19,259757.37000000285,16,118346.12000000286,-8588.75
2021-12-20,261257.37000000285,16,118346.12000000286,-7088.75
2021-12-21,264997.37000000285,16,118346.12000000286,-3348.75
2021-12-22,269377.37000000285,16,118346.12000000286,1031.25
2021-12-23,270379.35000000295,16,120469.35000000296,-90.0
2021-12-26,270431.85000000295,3,120469.35000000296,-37.5
2021-12-27,271035.010000003,3,120965.01000000299,70.0
2021-12-28,271168.170000003,5,121210.67000000303,-42.5
2021-12-29,271174.420000003,5,121210.67000000303,-36.25
2021-12-30,270686.920000003,5,121210.67000000303,-523.75
2021-12-31,270608.180000003,7,121209.43000000303,-601.25
2022-01-02,271168.180000003,7,121209.43000000303,-41.25
2022-01-03,271981.310000003,8,121208.81000000304,772.5
2022-01-04,271765.7600000031,8,122222.01000000311,-456.25
2022-01-05,264998.93000000314,16,122216.43000000315,-7217.5
2022-01-06,267318.93000000314,16,122216.43000000315,-4897.5
2022-01-07,264898.93000000314,16,122216.43000000315,-7317.5
2022-01-09,265438.93000000314,16,122216.43000000315,-6777.5
2022-01-10,264418.93000000314,16,122216.43000000315,-7797.5
2022-01-11,268158.93000000314,16,122216.43000000315,-4057.5
2022-01-12,268218.93000000314,16,122216.43000000315,-3997.5
2022-01-13,263798.93000000314,16,122216.43000000315,-8417.5
2022-01-14,264638.93000000314,16,122216.43000000315,-7577.5
2022-01-16,263038.93000000314,16,122216.43000000315,-9177.5
2022-01-17,262218.93000000314,16,122216.43000000315,-9997.5
2022-01-18,255138.93000000314,16,122216.43000000315,-17077.5
2022-01-19,255018.93000000314,16,122216.43000000315,-17197.5
2022-01-20,246898.93000000314,16,122216.43000000315,-25317.5
2022-01-21,242018.93000000314,16,122216.43000000315,-30197.5
2022-01-23,245178.93000000314,16,122216.43000000315,-27037.5
2022-01-24,239018.93000000314,16,122216.43000000315,-33197.5
2022-01-25,240318.93000000314,16,122216.43000000315,-31897.5
2022-01-26,234038.93000000314,16,122216.43000000315,-38177.5
2022-01-27,238098.93000000314,16,122216.43000000315,-34117.5
2022-01-28,245058.93000000314,16,122216.43000000315,-27157.5
2022-01-30,246078.93000000314,16,122216.43000000315,-26137.5
2022-01-31,250818.93000000314,16,122216.43000000315,-21397.5
2022-02-01,256058.93000000314,16,122216.43000000315,-16157.5
2022-02-02,254338.93000000314,16,122216.43000000315,-17877.5
2022-02-03,253118.93000000314,16,122216.43000000315,-19097.5
2022-02-04,250338.93000000314,16,122216.43000000315,-21877.5
2022-02-06,250998.93000000314,16,122216.43000000315,-21217.5
2022-02-07,249798.93000000314,16,122216.43000000315,-22417.5
2022-02-08,254258.93000000314,16,122216.43000000315,-17957.5
2022-02-09,257038.93000000314,16,122216.43000000315,-15177.5
2022-02-10,248738.93000000314,16,122216.43000000315,-23477.5
2022-02-11,244938.93000000314,16,122216.43000000315,-27277.5
2022-02-13,245238.93000000314,16,122216.43000000315,-26977.5
2022-02-14,243278.93000000314,16,122216.43000000315,-28937.5
2022-02-15,247858.93000000314,16,122216.43000000315,-24357.5
2022-02-16,247018.93000000314,16,122216.43000000315,-25197.5
2022-02-17,243838.93000000314,16,122216.43000000315,-28377.5
2022-02-18,239038.93000000314,16,122216.43000000315,-33177.5
2022-02-20,240838.93000000314,16,122216.43000000315,-31377.5
2022-02-21,233578.93000000314,16,122216.43000000315,-38637.5
2022-02-22,237498.93000000314,16,122216.43000000315,-34717.5
2022-02-23,222818.93000000314,16,122216.43000000315,-49397.5
2022-02-24,232538.93000000314,16,122216.43000000315,-39677.5
2022-02-25,241938.93000000314,16,122216.43000000315,-30277.5
2022-02-27,233598.93000000314,16,122216.43000000315,-38617.5
2022-02-28,241058.93000000314,16,122216.43000000315,-31157.5
2022-03-01,237038.93000000314,16,122216.43000000315,-35177.5
2022-03-02,242078.93000000314,16,122216.43000000315,-30137.5
2022-03-03,237558.93000000314,16,122216.43000000315,-34657.5
2022-03-04,237118.93000000314,16,122216.43000000315,-35097.5
2022-03-06,233558.93000000314,16,122216.43000000315,-38657.5
2022-03-07,226798.93000000314,16,122216.43000000315,-45417.5
2022-03-08,226938.93000000314,16,122216.43000000315,-45277.5
2022-03-09,232918.93000000314,16,122216.43000000315,-39297.5
2022-03-10,230618.93000000314,16,122216.43000000315,-41597.5
2022-03-11,227958.93000000314,16,122216.43000000315,-44257.5
2022-03-13,228999.09000000317,16,122176.59000000315,-43177.5
2022-03-14,226159.09000000317,16,122176.59000000315,-46017.5
2022-03-15,231999.09000000317,16,122176.59000000315,-40177.5
2022-03-16,239479.09000000317,16,122176.59000000315,-32697.5
2022-03-17,241919.09000000317,16,122176.59000000315,-30257.5
2022-03-18,249379.09000000317,16,122176.59000000315,-22797.5
2022-03-20,247619.09000000317,16,122176.59000000315,-24557.5
2022-03-21,247659.09000000317,16,122176.59000000315,-24517.5
2022-03-22,253019.09000000317,16,122176.59000000315,-19157.5
2022-03-23,248959.09000000317,16,122176.59000000315,-23217.5
2022-03-24,253139.09000000317,16,122176.59000000315,-19037.5
2022-03-25,255059.09000000317,16,122176.59000000315,-17117.5
2022-03-27,253899.09000000317,16,122176.59000000315,-18277.5
2022-03-28,257759.09000000317,16,122176.59000000315,-14417.5
2022-03-29,261659.09000000317,16,122176.59000000315,-10517.5
2022-03-30,260659.09000000317,16,122176.59000000315,-11517.5
2022-03-31,255879.09000000317,16,122176.59000000315,-16297.5
2022-04-01,255259.09000000317,16,122176.59000000315,-16917.5
2022-04-03,255359.09000000317,16,122176.59000000315,-16817.5
2022-04-04,257979.09000000317,16,122176.59000000315,-14197.5
2022-04-05,253319.09000000317,16,122176.59000000315,-18857.5
2022-04-06,248739.09000000317,16,122176.59000000315,-23437.5
2022-04-07,251799.09000000317,16,122176.59000000315,-20377.5
2022-04-08,250859.09000000317,16,122176.59000000315,-21317.5
2022-04-10,248619.09000000317,16,122176.59000000315,-23557.5
2022-04-11,243139.09000000317,16,122176.59000000315,-29037.5
2022-04-12,245399.09000000317,16,122176.59000000315,-26777.5
2022-04-13,247839.09000000317,16,122176.59000000315,-24337.5
2022-04-14,243299.09000000317,16,122176.59000000315,-28877.5
2022-04-17,241539.09000000317,16,122176.59000000315,-30637.5
2022-04-18,244519.09000000317,16,122176.59000000315,-27657.5
2022-04-19,247759.09000000317,16,122176.59000000315,-24417.5
2022-04-20,249859.09000000317,16,122176.59000000315,-22317.5
2022-04-21,242139.09000000317,16,122176.59000000315,-30037.5
2022-04-22,232279.09000000317,16,122176.59000000315,-39897.5
2022-04-24,231839.09000000317,16,122176.59000000315,-40337.5
2022-04-25,236299.09000000317,16,122176.59000000315,-35877.5
2022-04-26,227599.09000000317,16,122176.59000000315,-44577.5
2022-04-27,228899.09000000317,16,122176.59000000315,-43277.5
2022-04-28,233299.09000000317,16,122176.59000000315,-38877.5
2022-04-29,223139.09000000317,16,122176.59000000315,-49037.5
2022-05-01,224139.09000000317,16,122176.59000000315,-48037.5
2022-05-02,225319.09000000317,16,122176.59000000315,-46857.5
2022-05-03,225899.09000000317,16,122176.59000000315,-46277.5
2022-05-04,235539.09000000317,16,122176.59000000315,-36637.5
2022-05-05,223799.09000000317,16,122176.59000000315,-48377.5
2022-05-06,221039.09000000317,16,122176.59000000315,-51137.5
2022-05-08,218619.09000000317,16,122176.59000000315,-53557.5
2022-05-09,212899.09000000317,16,122176.59000000315,-59277.5
2022-05-10,213119.09000000317,16,122176.59000000315,-59057.5
2022-05-11,207359.09000000317,16,122176.59000000315,-64817.5
2022-05-12,209499.09000000317,16,122176.59000000315,-62677.5
2022-05-13,213259.09000000317,16,122176.59000000315,-58917.5
2022-05-15,211579.09000000317,16,122176.59000000315,-60597.5
2022-05-16,213539.09000000317,16,122176.59000000315,-58637.5
2022-05-17,218019.09000000317,16,122176.59000000315,-54157.5
2022-05-18,206559.09000000317,16,122176.59000000315,-65617.5
2022-05-19,205999.09000000317,16,122176.59000000315,-66177.5
2022-05-20,204359.09000000317,16,122176.59000000315,-67817.5
2022-05-22,206639.09000000317,16,122176.59000000315,-65537.5
2022-05-23,207479.09000000317,16,122176.59000000315,-64697.5
2022-05-24,209539.09000000317,16,122176.59000000315,-62637.5
2022-05-25,210219.09000000317,16,122176.59000000315,-61957.5
2022-05-26,216039.09000000317,16,122176.59000000315,-56137.5
2022-05-27,225619.09000000317,16,122176.59000000315,-46557.5
2022-05-29,226039.09000000317,16,122176.59000000315,-46137.5
2022-05-30,225359.09000000317,16,122176.59000000315,-46817.5
2022-05-31,223859.09000000317,16,122176.59000000315,-48317.5
2022-06-01,220139.09000000317,16,122176.59000000315,-52037.5
2022-06-02,226299.09000000317,16,122176.59000000315,-45877.5
2022-06-03,220939.09000000317,16,122176.59000000315,-51237.5
2022-06-05,222359.09000000317,16,122176.59000000315,-49817.5
2022-06-06,220379.09000000317,16,122176.59000000315,-51797.5
2022-06-07,223619.09000000317,16,122176.59000000315,-48557.5
2022-06-08,221139.09000000317,16,122176.59000000315,-51037.5
2022-06-09,214159.09000000317,16,122176.59000000315,-58017.5
2022-06-10,204619.09000000317,16,122176.59000000315,-67557.5
2022-06-12,200079.09000000317,16,122176.59000000315,-72097.5
2022-06-13,194259.25000000314,16,122136.75000000316,-77877.5
2022-06-14,192159.25000000314,16,122136.75000000316,-79977.5
2022-06-15,196619.25000000314,16,122136.75000000316,-75517.5
2022-06-16,187099.25000000314,16,122136.75000000316,-85037.5
2022-06-17,186579.25000000314,16,122136.75000000316,-85557.5
2022-06-19,187139.25000000314,16,122136.75000000316,-84997.5
2022-06-20,190699.25000000314,16,122136.75000000316,-81437.5
2022-06-21,190519.25000000314,16,122136.75000000316,-81617.5
2022-06-22,192099.25000000314,16,122136.75000000316,-80037.5
2022-06-23,197159.25000000314,16,122136.75000000316,-74977.5
2022-06-24,205079.25000000314,16,122136.75000000316,-67057.5
2022-06-26,205999.25000000314,16,122136.75000000316,-66137.5
2022-06-27,203859.25000000314,16,122136.75000000316,-68277.5
2022-06-28,198399.25000000314,16,122136.75000000316,-73737.5
2022-06-29,196739.25000000314,16,122136.75000000316,-75397.5
2022-06-30,192379.25000000314,16,122136.75000000316,-79757.5
2022-07-01,197939.25000000314,16,122136.75000000316,-74197.5
2022-07-03,196319.25000000314,16,122136.75000000316,-75817.5
2022-07-04,198779.25000000314,16,122136.75000000316,-73357.5
2022-07-05,198579.25000000314,16,122136.75000000316,-73557.5
2022-07-06,199879.25000000314,16,122136.75000000316,-72257.5
2022-07-07,202979.25000000314,16,122136.75000000316,-69157.5
2022-07-08,204339.25000000314,16,122136.75000000316,-67797.5
2022-07-10,202099.25000000314,16,122136.75000000316,-70037.5
2022-07-11,198879.25000000314,16,122136.75000000316,-73257.5
2022-07-12,198279.25000000314,16,122136.75000000316,-73857.5
2022-07-13,195959.25000000314,16,122136.75000000316,-76177.5
2022-07-14,196499.25000000314,16,122136.75000000316,-75637.5
2022-07-15,201239.25000000314,16,122136.75000000316,-70897.5
2022-07-17,202379.25000000314,16,122136.75000000316,-69757.5
2022-07-18,199119.25000000314,16,122136.75000000316,-73017.5
2022-07-19,208699.25000000314,16,122136.75000000316,-63437.5
2022-07-20,208399.25000000314,16,122136.75000000316,-63737.5
2022-07-21,210739.25000000314,16,122136.75000000316,-61397.5
2022-07-22,208959.25000000314,16,122136.75000000316,-63177.5
2022-07-24,208799.25000000314,16,122136.75000000316,-63337.5
2022-07-25,208639.25000000314,16,122136.75000000316,-63497.5
2022-07-26,208099.25000000314,16,122136.75000000316,-64037.5
2022-07-27,213099.25000000314,16,122136.75000000316,-59037.5
2022-07-28,219559.25000000314,16,122136.75000000316,-52577.5
2022-07-29,222499.25000000314,16,122136.75000000316,-49637.5
2022-07-31,221019.25000000314,16,122136.75000000316,-51117.5
2022-08-01,220259.25000000314,16,122136.75000000316,-51877.5
2022-08-02,219879.25000000314,16,122136.75000000316,-52257.5
2022-08-03,223979.25000000314,16,122136.75000000316,-48157.5
2022-08-04,224939.25000000314,16,122136.75000000316,-47197.5
2022-08-05,223239.25000000314,16,122136.75000000316,-48897.5
2022-08-07,223039.25000000314,16,122136.75000000316,-49097.5
2022-08-08,224099.25000000314,16,122136.75000000316,-48037.5
2022-08-09,221679.25000000314,16,122136.75000000316,-50457.5
2022-08-10,229699.25000000314,16,122136.75000000316,-42437.5
2022-08-11,229179.25000000314,16,122136.75000000316,-42957.5
2022-08-12,234359.25000000314,16,122136.75000000316,-37777.5
2022-08-14,233579.25000000314,16,122136.75000000316,-38557.5
2022-08-15,235379.25000000314,16,122136.75000000316,-36757.5
2022-08-16,236459.25000000314,16,122136.75000000316,-35677.5
2022-08-17,233679.25000000314,16,122136.75000000316,-38457.5
2022-08-18,234219.25000000314,16,122136.75000000316,-37917.5
2022-08-19,230179.25000000314,16,122136.75000000316,-41957.5
2022-08-21,229099.25000000314,16,122136.75000000316,-43037.5
2022-08-22,223659.25000000314,16,122136.75000000316,-48477.5
2022-08-23,221199.25000000314,16,122136.75000000316,-50937.5
2022-08-24,224219.25000000314,16,122136.75000000316,-47917.5
2022-08-25,227759.25000000314,16,122136.75000000316,-44377.5
2022-08-26,215319.25000000314,16,122136.75000000316,-56817.5
2022-08-28,214219.25000000314,16,122136.75000000316,-57917.5
2022-08-29,215139.25000000314,16,122136.75000000316,-56997.5
2022-08-30,212639.25000000314,16,122136.75000000316,-59497.5
2022-08-31,206079.25000000314,16,122136.75000000316,-66057.5
2022-09-01,209099.25000000314,16,122136.75000000316,-63037.5
2022-09-02,206559.25000000314,16,122136.75000000316,-65577.5
2022-09-04,206499.25000000314,16,122136.75000000316,-65637.5
2022-09-05,207079.25000000314,16,122136.75000000316,-65057.5
2022-09-06,203299.25000000314,16,122136.75000000316,-68837.5
2022-09-07,210379.25000000314,16,122136.75000000316,-61757.5
2022-09-08,213399.25000000314,16,122136.75000000316,-58737.5
2022-09-09,217199.25000000314,16,122136.75000000316,-54937.5
2022-09-11,217199.25000000314,16,122136.75000000316,-54937.5
2022-09-12,220959.41000000318,16,122096.91000000316,-51137.5
2022-09-13,206939.41000000318,16,122096.91000000316,-65157.5
2022-09-14,207879.41000000318,16,122096.91000000316,-64217.5
2022-09-15,201639.41000000318,16,122096.91000000316,-70457.5
2022-09-16,202559.41000000318,16,122096.91000000316,-69537.5
2022-09-18,200839.41000000318,16,122096.91000000316,-71257.5
2022-09-19,204419.41000000318,16,122096.91000000316,-67677.5
2022-09-20,200659.41000000318,16,122096.91000000316,-71437.5
2022-09-21,192939.41000000318,16,122096.91000000316,-79157.5
2022-09-22,191679.41000000318,16,122096.91000000316,-80417.5
2022-09-23,187259.41000000318,16,122096.91000000316,-84837.5
2022-09-25,185479.41000000318,16,122096.91000000316,-86617.5
2022-09-26,185959.41000000318,16,122096.91000000316,-86137.5
2022-09-27,181499.41000000318,16,122096.91000000316,-90597.5
2022-09-28,188719.41000000318,16,122096.91000000316,-83377.5
2022-09-29,181899.41000000318,16,122096.91000000316,-90197.5
2022-09-30,178699.41000000318,16,122096.91000000316,-93397.5
2022-10-02,178279.41000000318,16,122096.91000000316,-93817.5
2022-10-03,188099.41000000318,16,122096.91000000316,-83997.5
2022-10-04,193239.41000000318,16,122096.91000000316,-78857.5
2022-10-05,195379.41000000318,16,122096.91000000316,-76717.5
2022-10-06,190519.41000000318,16,122096.91000000316,-81577.5
2022-10-07,182419.41000000318,16,122096.91000000316,-89677.5
2022-10-09,181259.41000000318,16,122096.91000000316,-90837.5
2022-10-10,178839.41000000318,16,122096.91000000316,-93257.5
2022-10-11,178719.41000000318,16,122096.91000000316,-93377.5
2022-10-12,177859.41000000318,16,122096.91000000316,-94237.5
2022-10-13,187159.41000000318,16,122096.91000000316,-84937.5
2022-10-14,178079.41000000318,16,122096.91000000316,-94017.5
2022-10-16,179359.41000000318,16,122096.91000000316,-92737.5
2022-10-17,189759.41000000318,16,122096.91000000316,-82337.5
2022-10-18,191299.41000000318,16,122096.91000000316,-80797.5
2022-10-19,185119.41000000318,16,122096.91000000316,-86977.5
2022-10-20,183579.41000000318,16,122096.91000000316,-88517.5
2022-10-21,192119.41000000318,16,122096.91000000316,-79977.5
2022-10-23,191619.41000000318,16,122096.91000000316,-80477.5
2022-10-24,195099.41000000318,16,122096.91000000316,-76997.5
2022-10-25,197239.41000000318,16,122096.91000000316,-74857.5
2022-10-26,199259.41000000318,16,122096.91000000316,-72837.5
2022-10-27,194679.41000000318,16,122096.91000000316,-77417.5
2022-10-28,204199.41000000318,16,122096.91000000316,-67897.5
2022-10-30,203079.41000000318,16,122096.91000000316,-69017.5
2022-10-31,202099.41000000318,16,122096.91000000316,-69997.5
2022-11-01,200399.41000000318,16,122096.91000000316,-71697.5
2022-11-02,192559.41000000318,16,122096.91000000316,-79537.5
2022-11-03,188619.41000000318,16,122096.91000000316,-83477.5
2022-11-04,192179.41000000318,16,122096.91000000316,-79917.5
2022-11-06,192219.41000000318,16,122096.91000000316,-79877.5
2022-11-07,195359.41000000318,16,122096.91000000316,-76737.5
2022-11-08,197459.41000000318,16,122096.91000000316,-74637.5
2022-11-09,191519.41000000318,16,122096.91000000316,-80577.5
2022-11-10,207859.41000000318,16,122096.91000000316,-64237.5
2022-11-11,210319.41000000318,16,122096.91000000316,-61777.5
2022-11-13,209519.41000000318,16,122096.91000000316,-62577.5
2022-11-14,208959.41000000318,16,122096.91000000316,-63137.5
2022-11-15,209459.41000000318,16,122096.91000000316,-62637.5
2022-11-16,207999.41000000318,16,122096.91000000316,-64097.5
2022-11-17,206739.41000000318,16,122096.91000000316,-65357.5
2022-11-18,208079.41000000318,16,122096.91000000316,-64017.5
2022-11-20,207399.41000000318,16,122096.91000000316,-64697.5
2022-11-21,207339.41000000318,16,122096.91000000316,-64757.5
2022-11-22,210979.41000000318,16,122096.91000000316,-61117.5
2022-11-23,213719.41000000318,16,122096.91000000316,-58377.5
2022-11-24,213779.41000000318,16,122096.91000000316,-58317.5
2022-11-25,213099.41000000318,16,122096.91000000316,-58997.5
2022-11-27,210899.41000000318,16,122096.91000000316,-61197.5
2022-11-28,209019.41000000318,16,122096.91000000316,-63077.5
2022-11-29,207759.41000000318,16,122096.91000000316,-64337.5
2022-11-30,217439.41000000318,16,122096.91000000316,-54657.5
2022-12-01,216259.41000000318,16,122096.91000000316,-55837.5
2022-12-02,215699.41000000318,16,122096.91000000316,-56397.5
2022-12-04,215999.41000000318,16,122096.91000000316,-56097.5
2022-12-05,210899.41000000318,16,122096.91000000316,-61197.5
2022-12-06,206519.41000000318,16,122096.91000000316,-65577.5
2022-12-07,204959.41000000318,16,122096.91000000316,-67137.5
2022-12-08,208299.41000000318,16,122096.91000000316,-63797.5
2022-12-09,204899.41000000318,16,122096.91000000316,-67197.5
2022-12-11,205039.41000000318,16,122096.91000000316,-67057.5
2022-12-12,209439.57000000315,16,122057.07000000316,-62617.5
2022-12-13,213099.57000000315,16,122057.07000000316,-58957.5
2022-12-14,210179.57000000315,16,122057.07000000316,-61877.5
2022-12-15,201539.57000000315,16,122057.07000000316,-70517.5
2022-12-16,197439.57000000315,16,122057.07000000316,-74617.5
2022-12-18,198439.57000000315,16,122057.07000000316,-73617.5
2022-12-19,192639.57000000315,16,122057.07000000316,-79417.5
2022-12-20,196699.57000000315,16,122057.07000000316,-75357.5
2022-12-21,201119.57000000315,16,122057.07000000316,-70937.5
2022-12-22,195899.57000000315,16,122057.07000000316,-76157.5
2022-12-23,197139.57000000315,16,122057.07000000316,-74917.5
2022-12-26,199239.57000000315,16,122057.07000000316,-72817.5
2022-12-27,196339.57000000315,16,122057.07000000316,-75717.5
2022-12-28,192599.57000000315,16,122057.07000000316,-79457.5
2022-12-29,197079.57000000315,16,122057.07000000316,-74977.5
2022-12-30,197099.57000000315,16,122057.07000000316,-74957.5
2023-01-02,196819.57000000315,16,122057.07000000316,-75237.5
2023-01-03,195919.57000000315,16,122057.07000000316,-76137.5
2023-01-04,197519.57000000315,16,122057.07000000316,-74537.5
2023-01-05,195539.57000000315,16,122057.07000000316,-76517.5
2023-01-06,200779.57000000315,16,122057.07000000316,-71277.5
2023-01-08,202059.57000000315,16,122057.07000000316,-69997.5
2023-01-09,199879.57000000315,16,122057.07000000316,-72177.5
2023-01-10,203079.57000000315,16,122057.07000000316,-68977.5
2023-01-11,207219.57000000315,16,122057.07000000316,-64837.5
2023-01-12,207179.57000000315,16,122057.07000000316,-64877.5
2023-01-13,209199.57000000315,16,122057.07000000316,-62857.5
2023-01-15,209539.57000000315,16,122057.07000000316,-62517.5
2023-01-16,208119.57000000315,16,122057.07000000316,-63937.5
2023-01-17,208839.57000000315,16,122057.07000000316,-63217.5
2023-01-18,202979.57000000315,16,122057.07000000316,-69077.5
2023-01-19,201639.57000000315,16,122057.07000000316,-70417.5
2023-01-20,206719.57000000315,16,122057.07000000316,-65337.5
2023-01-22,206479.57000000315,16,122057.07000000316,-65577.5
2023-01-23,210639.57000000315,16,122057.07000000316,-61417.5
2023-01-24,208839.57000000315,16,122057.07000000316,-63217.5
2023-01-25,210619.57000000315,16,122057.07000000316,-61437.5
2023-01-26,212819.57000000315,16,122057.07000000316,-59237.5
2023-01-27,214399.57000000315,16,122057.07000000316,-57657.5
2023-01-29,213439.57000000315,16,122057.07000000316,-58617.5
2023-01-30,210079.57000000315,16,122057.07000000316,-61977.5
2023-01-31,214099.57000000315,16,122057.07000000316,-57957.5
2023-02-01,219439.57000000315,16,122057.07000000316,-52617.5
2023-02-02,221299.57000000315,16,122057.07000000316,-50757.5
2023-02-03,219359.57000000315,16,122057.07000000316,-52697.5
2023-02-05,218299.57000000315,16,122057.07000000316,-53757.5
2023-02-06,217819.57000000315,16,122057.07000000316,-54237.5
2023-02-07,221679.57000000315,16,122057.07000000316,-50377.5
2023-02-08,218759.57000000315,16,122057.07000000316,-53297.5
2023-02-09,214439.57000000315,16,122057.07000000316,-57617.5
2023-02-10,215639.57000000315,16,122057.07000000316,-56417.5
2023-02-12,214339.57000000315,16,122057.07000000316,-57717.5
2023-02-13,219119.57000000315,16,122057.07000000316,-52937.5
2023-02-14,217939.57000000315,16,122057.07000000316,-54117.5
2023-02-15,220959.57000000315,16,122057.07000000316,-51097.5
2023-02-16,214359.57000000315,16,122057.07000000316,-57697.5
2023-02-17,214539.57000000315,16,122057.07000000316,-57517.5
2023-02-19,214559.57000000315,16,122057.07000000316,-57497.5
2023-02-20,213259.57000000315,16,122057.07000000316,-58797.5
2023-02-21,208799.57000000315,16,122057.07000000316,-63257.5
2023-02-22,209159.57000000315,16,122057.07000000316,-62897.5
2023-02-23,208859.57000000315,16,122057.07000000316,-63197.5
2023-02-24,205639.57000000315,16,122057.07000000316,-66417.5
2023-02-26,206179.57000000315,16,122057.07000000316,-65877.5
2023-02-27,206999.57000000315,16,122057.07000000316,-65057.5
2023-02-28,205739.57000000315,16,122057.07000000316,-66317.5
2023-03-01,203079.57000000315,16,122057.07000000316,-68977.5
2023-03-02,205859.57000000315,16,122057.07000000316,-66197.5
2023-03-03,211879.57000000315,16,122057.07000000316,-60177.5
2023-03-05,212079.57000000315,16,122057.07000000316,-59977.5
2023-03-06,212559.57000000315,16,122057.07000000316,-59497.5
2023-03-07,206879.57000000315,16,122057.07000000316,-65177.5
2023-03-08,206899.57000000315,16,122057.07000000316,-65157.5
2023-03-09,198799.57000000315,16,122057.07000000316,-73257.5
2023-03-10,197999.57000000315,16,122057.07000000316,-74057.5
2023-03-12,202099.57000000315,16,122057.07000000316,-69957.5
2023-03-13,197759.73000000318,16,122017.23000000317,-74257.5
2023-03-14,201759.73000000318,16,122017.23000000317,-70257.5
2023-03-15,199999.73000000318,16,122017.23000000317,-72017.5
2023-03-16,204579.73000000318,16,122017.23000000317,-67437.5
2023-03-17,200939.73000000318,16,122017.23000000317,-71077.5
2023-03-19,201299.73000000318,16,122017.23000000317,-70717.5
2023-03-20,204099.73000000318,16,122017.23000000317,-67917.5
2023-03-21,208079.73000000318,16,122017.23000000317,-63937.5
2023-03-22,204159.73000000318,16,122017.23000000317,-67857.5
2023-03-23,203619.73000000318,16,122017.23000000317,-68397.5
2023-03-24,205939.73000000318,16,122017.23000000317,-66077.5
2023-03-26,206859.73000000318,16,122017.23000000317,-65157.5
2023-03-27,206159.73000000318,16,122017.23000000317,-65857.5
2023-03-28,206539.73000000318,16,122017.23000000317,-65477.5
2023-03-29,209559.73000000318,16,122017.23000000317,-62457.5
2023-03-30,212419.73000000318,16,122017.23000000317,-59597.5
2023-03-31,216259.73000000318,16,122017.23000000317,-55757.5
2023-04-02,215059.73000000318,16,122017.23000000317,-56957.5
2023-04-03,217259.73000000318,16,122017.23000000317,-54757.5
2023-04-04,215579.73000000318,16,122017.23000000317,-56437.5
2023-04-05,213619.73000000318,16,122017.23000000317,-58397.5
2023-04-06,215379.73000000318,16,122017.23000000317,-56637.5
2023-04-07,216459.73000000318,16,122017.23000000317,-55557.5
2023-04-09,215619.73000000318,16,122017.23000000317,-56397.5
2023-04-10,216319.73000000318,16,122017.23000000317,-55697.5
2023-04-11,216119.73000000318,16,122017.23000000317,-55897.5
2023-04-12,214859.73000000318,16,122017.23000000317,-57157.5
2023-04-13,218799.73000000318,16,122017.23000000317,-53217.5
2023-04-14,218839.73000000318,16,122017.23000000317,-53177.5
2023-04-16,218719.73000000318,16,122017.23000000317,-53297.5
2023-04-17,219059.73000000318,16,122017.23000000317,-52957.5
2023-04-18,219059.73000000318,16,122017.23000000317,-52957.5
2023-04-19,218739.73000000318,16,122017.23000000317,-53277.5
2023-04-20,217499.73000000318,16,122017.23000000317,-54517.5
2023-04-21,217359.73000000318,16,122017.23000000317,-54657.5
2023-04-23,216639.73000000318,16,122017.23000000317,-55377.5
2023-04-24,216979.73000000318,16,122017.23000000317,-55037.5
2023-04-25,213859.73000000318,16,122017.23000000317,-58157.5
2023-04-26,211859.73000000318,16,122017.23000000317,-60157.5
2023-04-27,216979.73000000318,16,122017.23000000317,-55037.5
2023-04-28,220339.73000000318,16,122017.23000000317,-51677.5
2023-04-30,220379.73000000318,16,122017.23000000317,-51637.5
2023-05-01,219799.73000000318,16,122017.23000000317,-52217.5
2023-05-02,216559.73000000318,16,122017.23000000317,-55457.5
2023-05-03,214119.73000000318,16,122017.23000000317,-57897.5
2023-05-04,212499.73000000318,16,122017.23000000317,-59517.5
2023-05-05,217019.73000000318,16,122017.23000000317,-54997.5
2023-05-07,216819.73000000318,16,122017.23000000317,-55197.5
2023-05-08,217219.73000000318,16,122017.23000000317,-54797.5
2023-05-09,216099.73000000318,16,122017.23000000317,-55917.5
2023-05-10,217919.73000000318,16,122017.23000000317,-54097.5
2023-05-11,217019.73000000318,16,122017.23000000317,-54997.5
2023-05-12,215659.73000000318,16,122017.23000000317,-56357.5
2023-05-14,216079.73000000318,16,122017.23000000317,-55937.5
2023-05-15,216499.73000000318,16,122017.23000000317,-55517.5
2023-05-16,215519.73000000318,16,122017.23000000317,-56497.5
2023-05-17,218659.73000000318,16,122017.23000000317,-53357.5
2023-05-18,222599.73000000318,16,122017.23000000317,-49417.5
2023-05-19,220959.73000000318,16,122017.23000000317,-51057.5
2023-05-21,221379.73000000318,16,122017.23000000317,-50637.5
2023-05-22,222179.73000000318,16,122017.23000000317,-49837.5
2023-05-23,218139.73000000318,16,122017.23000000317,-53877.5
2023-05-24,216379.73000000318,16,122017.23000000317,-55637.5
2023-05-25,217219.73000000318,16,122017.23000000317,-54797.5
2023-05-26,222639.73000000318,16,122017.23000000317,-49377.5
2023-05-28,222879.73000000318,16,122017.23000000317,-49137.5
2023-05-29,222899.73000000318,16,122017.23000000317,-49117.5
2023-05-30,221519.73000000318,16,122017.23000000317,-50497.5
2023-05-31,220539.73000000318,16,122017.23000000317,-51477.5
2023-06-01,223919.73000000318,16,122017.23000000317,-48097.5
2023-06-02,228199.73000000318,16,122017.23000000317,-43817.5
2023-06-04,227819.73000000318,16,122017.23000000317,-44197.5
2023-06-05,227599.73000000318,16,122017.23000000317,-44417.5
2023-06-06,228619.73000000318,16,122017.23000000317,-43397.5
2023-06-07,226699.73000000318,16,122017.23000000317,-45317.5
2023-06-08,228719.73000000318,16,122017.23000000317,-43297.5
2023-06-09,229479.73000000318,16,122017.23000000317,-42537.5
2023-06-11,229879.73000000318,16,122017.23000000317,-42137.5
2023-06-12,233179.89000000316,16,121977.39000000317,-38797.5
2023-06-13,234699.89000000316,16,121977.39000000317,-37277.5
2023-06-14,234899.89000000316,16,121977.39000000317,-37077.5
2023-06-15,238639.89000000316,16,121977.39000000317,-33337.5
2023-06-16,238159.89000000316,16,121977.39000000317,-33817.5
2023-06-18,237399.89000000316,16,121977.39000000317,-34577.5
2023-06-19,236939.89000000316,16,121977.39000000317,-35037.5
2023-06-20,236179.89000000316,16,121977.39000000317,-35797.5
2023-06-21,234099.89000000316,16,121977.39000000317,-37877.5
2023-06-22,233919.89000000316,16,121977.39000000317,-38057.5
2023-06-23,232519.89000000316,16,121977.39000000317,-39457.5
2023-06-25,233439.89000000316,16,121977.39000000317,-38537.5
2023-06-26,231739.89000000316,16,121977.39000000317,-40237.5
2023-06-27,234359.89000000316,16,121977.39000000317,-37617.5
2023-06-28,235059.89000000316,16,121977.39000000317,-36917.5
2023-06-29,236399.89000000316,16,121977.39000000317,-35577.5
2023-06-30,240039.89000000316,16,121977.39000000317,-31937.5
2023-07-02,240539.89000000316,16,121977.39000000317,-31437.5
2023-07-03,240739.89000000316,16,121977.39000000317,-31237.5
2023-07-04,240579.89000000316,16,121977.39000000317,-31397.5
2023-07-05,239019.89000000316,16,121977.39000000317,-32957.5
2023-07-06,237099.89000000316,16,121977.39000000317,-34877.5
2023-07-07,236479.89000000316,16,121977.39000000317,-35497.5
2023-07-09,235379.89000000316,16,121977.39000000317,-36597.5
2023-07-10,237199.89000000316,16,121977.39000000317,-34777.5
2023-07-11,239419.89000000316,16,121977.39000000317,-32557.5
2023-07-12,242959.89000000316,16,121977.39000000317,-29017.5
2023-07-13,244799.89000000316,16,121977.39000000317,-27177.5
2023-07-14,244259.89000000316,16,121977.39000000317,-27717.5
2023-07-16,244039.89000000316,16,121977.39000000317,-27937.5
2023-07-17,245399.89000000316,16,121977.39000000317,-26577.5
2023-07-18,248359.89000000316,16,121977.39000000317,-23617.5
2023-07-19,248599.89000000316,16,121977.39000000317,-23377.5
2023-07-20,246999.89000000316,16,121977.39000000317,-24977.5
2023-07-21,246559.89000000316,16,121977.39000000317,-25417.5
2023-07-23,246499.89000000316,16,121977.39000000317,-25477.5
2023-07-24,248059.89000000316,16,121977.39000000317,-23917.5
2023-07-25,249099.89000000316,16,121977.39000000317,-22877.5
2023-07-26,249999.89000000316,16,121977.39000000317,-21977.5
2023-07-27,247119.89000000316,16,121977.39000000317,-24857.5
2023-07-28,249999.89000000316,16,121977.39000000317,-21977.5
2023-07-30,249319.89000000316,16,121977.39000000317,-22657.5
2023-07-31,250839.89000000316,16,121977.39000000317,-21137.5
2023-08-01,247859.89000000316,16,121977.39000000317,-24117.5
2023-08-02,244799.89000000316,16,121977.39000000317,-27177.5
2023-08-03,244319.89000000316,16,121977.39000000317,-27657.5
2023-08-04,241279.89000000316,16,121977.39000000317,-30697.5
2023-08-06,242699.89000000316,16,121977.39000000317,-29277.5
2023-08-07,243639.89000000316,16,121977.39000000317,-28337.5
2023-08-08,243119.89000000316,16,121977.39000000317,-28857.5
2023-08-09,241639.89000000316,16,121977.39000000317,-30337.5
2023-08-10,240259.89000000316,16,121977.39000000317,-31717.5
2023-08-11,240179.89000000316,16,121977.39000000317,-31797.5
2023-08-13,239059.89000000316,16,121977.39000000317,-32917.5
2023-08-14,242599.89000000316,16,121977.39000000317,-29377.5
2023-08-15,237939.89000000316,16,121977.39000000317,-34037.5
2023-08-16,235279.89000000316,16,121977.39000000317,-36697.5
2023-08-17,232199.89000000316,16,121977.39000000317,-39777.5
2023-08-18,231839.89000000316,16,121977.39000000317,-40137.5
2023-08-20,232239.89000000316,16,121977.39000000317,-39737.5
2023-08-21,234259.89000000316,16,121977.39000000317,-37717.5
2023-08-22,234299.89000000316,16,121977.39000000317,-37677.5
2023-08-23,239619.89000000316,16,121977.39000000317,-32357.5
2023-08-24,232419.89000000316,16,121977.39000000317,-39557.5
2023-08-25,234499.89000000316,16,121977.39000000317,-37477.5
2023-08-27,234739.89000000316,16,121977.39000000317,-37237.5
2023-08-28,236999.89000000316,16,121977.39000000317,-34977.5
2023-08-29,242579.89000000316,16,121977.39000000317,-29397.5
2023-08-30,243659.89000000316,16,121977.39000000317,-28317.5
2023-08-31,243059.89000000316,16,121977.39000000317,-28917.5
2023-09-01,242959.89000000316,16,121977.39000000317,-29017.5
2023-09-03,243179.89000000316,16,121977.39000000317,-28797.5
2023-09-04,242579.89000000316,16,121977.39000000317,-29397.5
2023-09-05,241219.89000000316,16,121977.39000000317,-30757.5
2023-09-06,238939.89000000316,16,121977.39000000317,-33037.5
2023-09-07,238039.89000000316,16,121977.39000000317,-33937.5
2023-09-08,238519.89000000316,16,121977.39000000317,-33457.5
2023-09-10,238619.89000000316,16,121977.39000000317,-33357.5
2023-09-11,240360.0500000032,16,121937.55000000318,-31577.5
2023-09-12,237920.0500000032,16,121937.55000000318,-34017.5
2023-09-13,239940.0500000032,16,121937.55000000318,-31997.5
2023-09-14,242600.0500000032,16,121937.55000000318,-29337.5
2023-09-15,237360.0500000032,16,121937.55000000318,-34577.5
2023-09-17,237940.0500000032,16,121937.55000000318,-33997.5
2023-09-18,237540.0500000032,16,121937.55000000318,-34397.5
2023-09-19,236260.0500000032,16,121937.55000000318,-35677.5
2023-09-20,232280.0500000032,16,121937.55000000318,-39657.5
2023-09-21,227780.0500000032,16,121937.55000000318,-44157.5
2023-09-22,226460.0500000032,16,121937.55000000318,-45477.5
2023-09-24,227240.0500000032,16,121937.55000000318,-44697.5
2023-09-25,226580.0500000032,16,121937.55000000318,-45357.5
2023-09-26,223180.0500000032,16,121937.55000000318,-48757.5
2023-09-27,222580.0500000032,16,121937.55000000318,-49357.5
2023-09-28,224740.0500000032,16,121937.55000000318,-47197.5
2023-09-29,223780.0500000032,16,121937.55000000318,-48157.5
2023-10-01,225380.0500000032,16,121937.55000000318,-46557.5
2023-10-02,223300.0500000032,16,121937.55000000318,-48637.5
2023-10-03,217280.0500000032,16,121937.55000000318,-54657.5
2023-10-04,221420.0500000032,16,121937.55000000318,-50517.5
2023-10-05,220520.0500000032,16,121937.55000000318,-51417.5
2023-10-06,225060.0500000032,16,121937.55000000318,-46877.5
2023-10-08,221800.0500000032,16,121937.55000000318,-50137.5
2023-10-09,227280.0500000032,16,121937.55000000318,-44657.5
2023-10-10,228900.0500000032,16,121937.55000000318,-43037.5
2023-10-11,231160.0500000032,16,121937.55000000318,-40777.5
2023-10-12,228260.0500000032,16,121937.55000000318,-43677.5
2023-10-13,225560.0500000032,16,121937.55000000318,-46377.5
2023-10-15,226780.0500000032,16,121937.55000000318,-45157.5
2023-10-16,229100.0500000032,16,121937.55000000318,-42837.5
2023-10-17,229140.0500000032,16,121937.55000000318,-42797.5
2023-10-18,224020.0500000032,16,121937.55000000318,-47917.5
2023-10-19,221180.0500000032,16,121937.55000000318,-50757.5
2023-10-20,217000.0500000032,16,121937.55000000318,-54937.5
2023-10-22,217880.0500000032,16,121937.55000000318,-54057.5
2023-10-23,217540.0500000032,16,121937.55000000318,-54397.5
2023-10-24,218380.0500000032,16,121937.55000000318,-53557.5
2023-10-25,212100.0500000032,16,121937.55000000318,-59837.5
2023-10-26,211760.0500000032,16,121937.55000000318,-60177.5
2023-10-27,208360.0500000032,16,121937.55000000318,-63577.5
2023-10-29,209660.0500000032,16,121937.55000000318,-62277.5
2023-10-30,211180.0500000032,16,121937.55000000318,-60757.5
2023-10-31,213900.0500000032,16,121937.55000000318,-58037.5
2023-11-01,218820.0500000032,16,121937.55000000318,-53117.5
2023-11-02,224020.0500000032,16,121937.55000000318,-47917.5
2023-11-03,227720.0500000032,16,121937.55000000318,-44217.5
2023-11-05,227600.0500000032,16,121937.55000000318,-44337.5
2023-11-06,227360.0500000032,16,121937.55000000318,-44577.5
2023-11-07,228880.0500000032,16,121937.55000000318,-43057.5
2023-11-08,229160.0500000032,16,121937.55000000318,-42777.5
2023-11-09,226720.0500000032,16,121937.55000000318,-45217.5
2023-11-10,231400.0500000032,16,121937.55000000318,-40537.5
2023-11-12,230220.0500000032,16,121937.55000000318,-41717.5
2023-11-13,231640.0500000032,16,121937.55000000318,-40297.5
2023-11-14,239120.0500000032,16,121937.55000000318,-32817.5
2023-11-15,238460.0500000032,16,121937.55000000318,-33477.5
2023-11-16,239700.0500000032,16,121937.55000000318,-32237.5
2023-11-17,239340.0500000032,16,121937.55000000318,-32597.5
2023-11-19,239280.0500000032,16,121937.55000000318,-32657.5
2023-11-20,242540.0500000032,16,121937.55000000318,-29397.5
2023-11-21,241500.0500000032,16,121937.55000000318,-30437.5
2023-11-22,242720.0500000032,16,121937.55000000318,-29217.5
2023-11-23,243020.0500000032,16,121937.55000000318,-28917.5
2023-11-24,242900.0500000032,16,121937.55000000318,-29037.5
2023-11-26,241840.0500000032,16,121937.55000000318,-30097.5
2023-11-27,242320.0500000032,16,121937.55000000318,-29617.5
2023-11-28,243040.0500000032,16,121937.55000000318,-28897.5
2023-11-29,242680.0500000032,16,121937.55000000318,-29257.5
2023-11-30,243360.0500000032,16,121937.55000000318,-28577.5
2023-12-01,245760.0500000032,16,121937.55000000318,-26177.5
2023-12-03,245060.0500000032,16,121937.55000000318,-26877.5
2023-12-04,242800.0500000032,16,121937.55000000318,-29137.5
2023-12-05,244540.0500000032,16,121937.55000000318,-27397.5
2023-12-06,241760.0500000032,16,121937.55000000318,-30177.5
2023-12-07,244620.0500000032,16,121937.55000000318,-27317.5
2023-12-08,246020.0500000032,16,121937.55000000318,-25917.5
2023-12-10,245820.0500000032,16,121937.55000000318,-26117.5
2023-12-11,247600.21000000316,16,121897.71000000318,-24297.5
2023-12-12,249500.21000000316,16,121897.71000000318,-22397.5
2023-12-13,255640.21000000316,16,121897.71000000318,-16257.5
2023-12-14,255500.21000000316,16,121897.71000000318,-16397.5
2023-12-15,254760.21000000316,16,121897.71000000318,-17137.5
2023-12-17,255700.21000000316,16,121897.71000000318,-16197.5
2023-12-18,256680.21000000316,16,121897.71000000318,-15217.5
2023-12-19,258980.21000000316,16,121897.71000000318,-12917.5
2023-12-20,254400.21000000316,16,121897.71000000318,-17497.5
2023-12-21,256400.21000000316,16,121897.71000000318,-15497.5
2023-12-22,257140.21000000316,16,121897.71000000318,-14757.5
2023-12-25,258120.21000000316,16,121897.71000000318,-13777.5
2023-12-26,259260.21000000316,16,121897.71000000318,-12637.5
2023-12-27,260300.21000000316,16,121897.71000000318,-11597.5
2023-12-28,260040.21000000316,16,121897.71000000318,-11857.5
2023-12-29,258220.21000000316,16,121897.71000000318,-13677.5
2024-01-01,258860.21000000316,16,121897.71000000318,-13037.5
2024-01-02,255880.21000000316,16,121897.71000000318,-16017.5
2024-01-03,253180.21000000316,16,121897.71000000318,-18717.5
2024-01-04,251780.21000000316,16,121897.71000000318,-20117.5
2024-01-05,252040.21000000316,16,121897.71000000318,-19857.5
2024-01-07,251780.21000000316,16,121897.71000000318,-20117.5
2024-01-08,256880.21000000316,16,121897.71000000318,-15017.5
2024-01-09,256300.21000000316,16,121897.71000000318,-15597.5
2024-01-10,259480.21000000316,16,121897.71000000318,-12417.5
2024-01-11,257820.21000000316,16,121897.71000000318,-14077.5
2024-01-12,258100.21000000316,16,121897.71000000318,-13797.5
2024-01-14,258640.21000000316,16,121897.71000000318,-13257.5
2024-01-15,257240.21000000316,16,121897.71000000318,-14657.5
2024-01-16,256340.21000000316,16,121897.71000000318,-15557.5
2024-01-17,254440.21000000316,16,121897.71000000318,-17457.5
2024-01-18,258340.21000000316,16,121897.71000000318,-13557.5
2024-01-19,262780.21000000316,16,121897.71000000318,-9117.5
2024-01-21,263760.21000000316,16,121897.71000000318,-8137.5
2024-01-22,263720.21000000316,16,121897.71000000318,-8177.5
2024-01-23,265640.21000000316,16,121897.71000000318,-6257.5
2024-01-24,265020.21000000316,16,121897.71000000318,-6877.5
2024-01-25,265380.21000000316,16,121897.71000000318,-6517.5
2024-01-26,266220.21000000316,16,121897.71000000318,-5677.5
2024-01-28,266140.21000000316,16,121897.71000000318,-5757.5
2024-01-29,269440.21000000316,16,121897.71000000318,-2457.5
2024-01-30,267780.21000000316,16,121897.71000000318,-4117.5
2024-01-31,263940.21000000316,16,121897.71000000318,-7957.5
2024-02-01,269580.21000000316,16,121897.71000000318,-2317.5
2024-02-02,271020.21000000316,16,121897.71000000318,-877.5
2024-02-04,270600.21000000316,16,121897.71000000318,-1297.5
2024-02-05,270500.21000000316,16,121897.71000000318,-1397.5
2024-02-06,271220.21000000316,16,121897.71000000318,-677.5
2024-02-07,273959.05000000325,16,123889.05000000326,70.0
2024-02-08,273971.55000000325,2,123889.05000000326,82.5
2024-02-09,274271.57000000327,2,124136.57000000328,135.0
2024-02-11,274266.57000000327,2,124136.57000000328,130.0
2024-02-12,274164.1000000033,4,124382.85000000331,-218.75
2024-02-13,273484.7600000033,11,124378.51000000334,-893.75
2024-02-14,275768.5700000034,11,125746.0700000034,22.5
2024-02-15,275901.0800000034,1,125869.8300000034,31.25
2024-02-16,275759.27000000345,6,126361.77000000347,-602.5
2024-02-18,276044.27000000345,6,126361.77000000347,-317.5
2024-02-19,275474.27000000345,6,126361.77000000347,-887.5
2024-02-20,274751.1800000035,13,126357.4300000035,-1606.25
2024-02-21,278586.1900000035,15,126356.19000000351,2230.0
2024-02-22,281013.8000000036,15,130978.80000000361,35.0
2024-02-23,280897.5500000036,3,130978.80000000361,-81.25
2024-02-25,280845.0500000036,3,130978.80000000361,-133.75
2024-02-26,280601.3100000036,5,130977.56000000362,-376.25
2024-02-27,280983.8200000036,7,130976.32000000363,7.5
2024-02-28,280878.8200000036,7,130976.32000000363,-97.5
2024-02-29,281901.99000000366,7,131853.24000000366,48.75
2024-03-01,282143.8800000037,2,132102.63000000367,41.25
2024-03-03,282153.8800000037,1,132102.63000000367,51.25
2024-03-04,281873.2800000037,4,132224.5300000037,-351.25
2024-03-05,281100.83000000374,14,132218.33000000374,-1117.5
2024-03-06,283534.68000000383,14,133958.43000000383,-423.75
2024-03-07,284931.6100000039,6,134897.8600000039,33.75
2024-03-08,283884.81000000396,12,135263.56000000396,-1378.75
2024-03-10,283134.81000000396,12,135263.56000000396,-2128.75
2024-03-11,284769.99000000395,16,135221.24000000398,-451.25
2024-03-12,287658.87000000407,16,137715.1200000041,-56.25
2024-03-13,287746.3800000041,4,137713.8800000041,32.5
2024-03-14,287650.7800000041,9,137710.78000000413,-60.0
2024-03-15,286219.5500000041,13,137708.30000000415,-1488.75
2024-03-17,286869.5500000041,13,137708.30000000415,-838.75
2024-03-18,289003.3900000042,13,139328.39000000423,-325.0
2024-03-19,290177.19000000425,7,140197.19000000428,-20.0
2024-03-20,291096.6200000043,3,140817.87000000433,278.75
2024-03-21,291107.8900000043,2,141176.64000000435,-68.75
2024-03-22,290874.78000000434,5,141174.78000000436,-300.0
2024-03-24,290874.78000000434,5,141174.78000000436,-300.0
2024-03-25,290719.16000000434,6,141174.16000000437,-455.0
2024-03-26,290710.42000000435,8,141172.92000000438,-462.5
2024-03-27,291770.42000000435,8,141172.92000000438,597.5
2024-03-28,292067.3500000044,8,142173.60000000443,-106.25
2024-03-31,292427.3500000044,3,142173.60000000443,253.75
2024-04-01,291754.8700000044,7,142171.12000000445,-416.25
2024-04-02,290726.14000000444,11,142168.64000000447,-1442.5
2024-04-03,292101.14000000444,11,142168.64000000447,-67.5
2024-04-04,289153.15000000456,16,143528.1500000046,-4375.0
2024-04-05,293193.15000000456,16,143528.1500000046,-335.0
2024-04-07,292393.15000000456,16,143528.1500000046,-1135.0
2024-04-08,293093.15000000456,16,143528.1500000046,-435.0
2024-04-09,293873.15000000456,16,143528.1500000046,345.0
2024-04-10,289253.15000000456,16,143528.1500000046,-4275.0
2024-04-11,292293.15000000456,16,143528.1500000046,-1235.0
2024-04-12,286053.15000000456,16,143528.1500000046,-7475.0
2024-04-14,287253.15000000456,16,143528.1500000046,-6275.0
2024-04-15,280153.15000000456,16,143528.1500000046,-13375.0
2024-04-16,281073.15000000456,16,143528.1500000046,-12455.0
2024-04-17,278833.15000000456,16,143528.1500000046,-14695.0
2024-04-18,272813.15000000456,16,143528.1500000046,-20715.0
2024-04-19,273013.15000000456,16,143528.1500000046,-20515.0
2024-04-21,274013.15000000456,16,143528.1500000046,-19515.0
2024-04-22,276553.15000000456,16,143528.1500000046,-16975.0
2024-04-23,282753.15000000456,16,143528.1500000046,-10775.0
2024-04-24,278673.15000000456,16,143528.1500000046,-14855.0
2024-04-25,282673.15000000456,16,143528.1500000046,-10855.0
2024-04-26,283273.15000000456,16,143528.1500000046,-10255.0
2024-04-28,284233.15000000456,16,143528.1500000046,-9295.0
2024-04-29,284173.15000000456,16,143528.1500000046,-9355.0
2024-04-30,277933.15000000456,16,143528.1500000046,-15595.0
2024-05-01,278493.15000000456,16,143528.1500000046,-15035.0
2024-05-02,281293.15000000456,16,143528.1500000046,-12235.0
2024-05-03,285653.15000000456,16,143528.1500000046,-7875.0
2024-05-05,285513.15000000456,16,143528.1500000046,-8015.0
2024-05-06,289393.15000000456,16,143528.1500000046,-4135.0
2024-05-07,289753.15000000456,16,143528.1500000046,-3775.0
2024-05-08,289373.15000000456,16,143528.1500000046,-4155.0
2024-05-09,292033.15000000456,16,143528.1500000046,-1495.0
2024-05-10,292053.15000000456,16,143528.1500000046,-1475.0
2024-05-12,292653.15000000456,16,143528.1500000046,-875.0
2024-05-13,292053.15000000456,16,143528.1500000046,-1475.0
2024-05-14,294753.15000000456,16,143528.1500000046,1225.0
2024-05-15,296556.38000000466,16,146431.3800000047,125.0
2024-05-16,296233.9100000047,5,146552.66000000472,-318.75
2024-05-17,296635.1700000047,7,146551.42000000473,83.75
2024-05-19,296862.6700000047,7,146551.42000000473,311.25
2024-05-20,296792.6700000047,7,146551.42000000473,241.25
2024-05-21,297265.1700000047,7,146551.42000000473,713.75
2024-05-22,297807.6700000047,7,146551.42000000473,1256.25
2024-05-23,296200.2700000048,13,147655.27000000482,-1455.0
2024-05-24,298036.5200000048,13,147655.27000000482,381.25
2024-05-26,297792.7700000048,13,147655.27000000482,137.5
2024-05-27,298605.2700000048,13,147655.27000000482,950.0
2024-05-28,297175.2700000048,13,147655.27000000482,-480.0
2024-05-29,293957.7700000048,13,147655.27000000482,-3697.5
2024-05-30,292913.4100000048,16,147653.41000000483,-4740.0
2024-05-31,297173.4100000048,16,147653.41000000483,-480.0
2024-06-02,297853.4100000048,16,147653.41000000483,200.0
2024-06-03,297173.4100000048,16,147653.41000000483,-480.0
2024-06-04,298293.4100000048,16,147653.41000000483,640.0
2024-06-05,299837.8800000049,16,149766.63000000492,71.25
2024-06-06,299902.2600000049,2,149766.01000000493,136.25
2024-06-07,299864.18000000494,5,150137.93000000497,-273.75
2024-06-09,299920.43000000494,5,150137.93000000497,-217.5
2024-06-10,300392.94000000495,7,150136.69000000498,256.25
2024-06-11,301160.490000005,8,151132.99000000503,27.5
2024-06-12,301538.03000000503,5,151493.03000000506,45.0
2024-06-13,301811.79000000504,7,151491.79000000507,320.0
2024-06-14,301610.54000000504,7,151491.79000000507,118.75
2024-06-16,301610.54000000504,7,151491.79000000507,118.75
2024-06-17,302478.1000000051,7,152488.10000000513,-10.0
2024-06-18,302551.8500000051,1,152488.10000000513,63.75
2024-06-19,302601.8500000051,1,152488.10000000513,113.75
2024-06-20,302319.40000000515,9,152606.90000000517,-287.5
2024-06-21,301990.03000000515,10,152606.28000000518,-616.25
2024-06-23,301502.53000000515,10,152606.28000000518,-1103.75
2024-06-24,301379.41000000515,11,152605.66000000518,-1226.25
2024-06-25,302273.16000000515,11,152605.66000000518,-332.5
2024-06-26,301324.41000000515,11,152605.66000000518,-1281.25
2024-06-27,303455.66000000515,11,152605.66000000518,850.0
2024-06-28,303347.02000000526,11,153978.2700000053,-631.25
2024-06-30,303567.02000000526,11,153978.2700000053,-411.25
2024-07-01,302808.90000000526,12,153977.6500000053,-1168.75
2024-07-02,305444.5900000053,12,155470.84000000535,-26.25
2024-07-03,305578.35000000533,1,155594.60000000536,-16.25
2024-07-04,305600.85000000533,1,155594.60000000536,6.25
2024-07-05,305842.12000000535,2,155843.37000000538,-1.25
2024-07-07,305838.37000000535,1,155843.37000000538,-5.0
2024-07-08,305957.12000000535,1,155843.37000000538,113.75
2024-07-09,305955.26000000536,2,155966.5100000054,-11.25
2024-07-10,306335.9100000054,2,156339.66000000542,-3.75
2024-07-11,305492.83000000543,10,156334.08000000546,-841.25
2024-07-12,307124.8100000055,10,157829.81000000556,-705.0
2024-07-14,307387.3100000055,7,157829.81000000556,-442.5
2024-07-15,308822.3900000056,9,158698.64000000563,123.75
2024-07-16,309791.19000000565,9,159817.44000000568,-26.25
2024-07-17,309543.0900000057,6,159814.3400000057,-271.25
2024-07-18,307946.8900000057,16,159808.14000000575,-1861.25
2024-07-19,303886.8900000057,16,159808.14000000575,-5921.25
2024-07-21,304746.8900000057,16,159808.14000000575,-5061.25
2024-07-22,307646.8900000057,16,159808.14000000575,-2161.25
2024-07-23,305706.8900000057,16,159808.14000000575,-4101.25
2024-07-24,298466.8900000057,16,159808.14000000575,-11341.25
2024-07-25,296566.8900000057,16,159808.14000000575,-13241.25
2024-07-26,299606.8900000057,16,159808.14000000575,-10201.25
2024-07-28,301566.8900000057,16,159808.14000000575,-8241.25
2024-07-29,298826.8900000057,16,159808.14000000575,-10981.25
2024-07-30,299326.8900000057,16,159808.14000000575,-10481.25
2024-07-31,307026.8900000057,16,159808.14000000575,-2781.25
2024-08-01,295066.8900000057,16,159808.14000000575,-14741.25
2024-08-02,288306.8900000057,16,159808.14000000575,-21501.25
2024-08-04,283086.8900000057,16,159808.14000000575,-26721.25
2024-08-05,283406.8900000057,16,159808.14000000575,-26401.25
2024-08-06,284506.8900000057,16,159808.14000000575,-25301.25
2024-08-07,277786.8900000057,16,159808.14000000575,-32021.25
2024-08-08,288046.8900000057,16,159808.14000000575,-21761.25
2024-08-09,288866.8900000057,16,159808.14000000575,-20941.25
2024-08-11,289146.8900000057,16,159808.14000000575,-20661.25
2024-08-12,289706.8900000057,16,159808.14000000575,-20101.25
2024-08-13,296266.8900000057,16,159808.14000000575,-13541.25
2024-08-14,298906.8900000057,16,159808.14000000575,-10901.25
2024-08-15,305806.8900000057,16,159808.14000000575,-4001.25
2024-08-16,306086.8900000057,16,159808.14000000575,-3721.25
2024-08-18,306526.8900000057,16,159808.14000000575,-3281.25
2024-08-19,310026.8900000057,16,159808.14000000575,218.75
2024-08-20,309766.8900000057,16,159808.14000000575,-41.25
2024-08-21,311815.1200000058,16,161813.87000000585,1.25
2024-08-22,311569.5800000059,12,162442.08000000592,-872.5
2024-08-23,314680.330000006,12,164691.58000000604,-11.25
2024-08-25,314655.330000006,1,164691.58000000604,-36.25
2024-08-26,314542.23000000603,6,164688.48000000606,-146.25
2024-08-27,315014.74000000604,8,164687.24000000607,327.5
2024-08-28,312645.39000000607,13,164684.1400000061,-2038.75
2024-08-29,316004.9000000062,13,166676.15000000622,-671.25
2024-08-30,317795.58000000624,9,167801.83000000627,-6.25
2024-09-01,317778.08000000624,1,167801.83000000627,-23.75
2024-09-02,317774.33000000624,1,167801.83000000627,-27.5
2024-09-03,312001.2800000063,16,167792.53000000634,-5791.25
2024-09-04,312521.2800000063,16,167792.53000000634,-5271.25
2024-09-05,311221.2800000063,16,167792.53000000634,-6571.25
2024-09-06,303121.2800000063,16,167792.53000000634,-14671.25
2024-09-08,305621.2800000063,16,167792.53000000634,-12171.25
2024-09-09,308961.2800000063,16,167792.53000000634,-8831.25
2024-09-10,309061.2800000063,16,167792.53000000634,-8731.25
2024-09-11,316241.2800000063,16,167792.53000000634,-1551.25
2024-09-12,319221.2800000063,16,167792.53000000634,1428.75
2024-09-13,319872.0100000064,16,169913.26000000644,-41.25
2024-09-15,319962.0100000064,3,169913.26000000644,48.75
2024-09-16,320105.82000000647,5,169899.57000000644,206.25
2024-09-17,320809.0100000065,8,170810.2600000065,-1.25
2024-09-18,322938.4700000066,9,171808.47000000658,1130.0
2024-09-19,325156.0700000067,9,175327.32000000667,-171.25
2024-09-20,325185.4700000067,8,175324.2200000067,-138.75
2024-09-22,326015.4700000067,8,175324.2200000067,691.25
2024-09-23,325575.4700000067,8,175324.2200000067,251.25
2024-09-24,326295.52000000677,8,176319.27000000674,-23.75
2024-09-25,326845.5300000068,4,176318.03000000675,527.5
2024-09-26,327257.46000000683,7,177203.7100000068,53.75
2024-09-27,326688.71000000683,7,177203.7100000068,-515.0
2024-09-29,327029.96000000683,7,177203.7100000068,-173.75
2024-09-30,328466.9100000069,10,178451.91000000687,15.0
2024-10-01,327516.34000000695,13,178445.09000000692,-928.75
2024-10-02,327018.22000000696,14,178444.47000000693,-1426.25
2024-10-03,327175.72000000696,14,178444.47000000693,-1268.75
2024-10-04,330933.9800000071,14,180940.23000000705,-6.25
2024-10-06,330937.7300000071,1,180940.23000000705,-2.5
2024-10-07,329916.5200000071,9,180935.2700000071,-1018.75
2024-10-08,332164.7100000072,9,182057.21000000715,107.5
2024-10-09,332788.5000000072,4,182679.7500000072,108.75
2024-10-10,332849.7600000072,4,182678.5100000072,171.25
2024-10-11,333196.66000000725,4,183176.66000000722,20.0
2024-10-13,333207.91000000725,1,183176.66000000722,31.25
2024-10-14,333608.5600000073,2,183433.56000000724,175.0
2024-10-15,333027.3500000073,10,183428.60000000728,-401.25
2024-10-16,333302.3500000073,10,183428.60000000728,-126.25
2024-10-17,335188.6800000074,10,185729.93000000736,-541.25
2024-10-18,335886.1800000074,6,185729.93000000736,156.25
2024-10-20,335901.1800000074,6,185729.93000000736,171.25
2024-10-21,335378.0700000074,9,185728.07000000737,-350.0
2024-10-22,335572.4500000074,10,185727.45000000737,-155.0
2024-10-23,334017.48000000743,16,185723.7300000074,-1706.25
2024-10-24,333777.48000000743,16,185723.7300000074,-1946.25
2024-10-25,336303.86000000755,16,187721.36000000752,-1417.5
2024-10-27,337866.36000000755,10,187721.36000000752,145.0
2024-10-28,336828.86000000755,10,187721.36000000752,-892.5
2024-10-29,338303.86000000755,10,187721.36000000752,582.5
2024-10-30,335603.86000000755,10,187721.36000000752,-2117.5
2024-10-31,330455.1400000076,16,187717.64000000755,-7262.5
2024-11-01,331355.1400000076,16,187717.64000000755,-6362.5
2024-11-03,332435.1400000076,16,187717.64000000755,-5282.5
2024-11-04,330035.1400000076,16,187717.64000000755,-7682.5
2024-11-05,341695.1400000076,16,187717.64000000755,3977.5
2024-11-06,346377.7800000077,16,196325.28000000768,52.5
2024-11-07,346653.44000000774,3,196695.94000000771,-42.5
2024-11-08,347017.2200000078,3,197069.72000000774,-52.5
2024-11-10,347212.2200000078,3,197069.72000000774,142.5
2024-11-11,347134.1000000078,4,197069.10000000775,65.0
2024-11-12,346744.1200000078,8,197066.62000000777,-322.5
2024-11-13,347084.1200000078,8,197066.62000000777,17.5
2024-11-14,344667.8900000078,12,197064.14000000778,-2396.25
2024-11-15,340459.16000000783,16,197061.6600000078,-6602.5
2024-11-17,341579.16000000783,16,197061.6600000078,-5482.5
2024-11-18,342879.16000000783,16,197061.6600000078,-4182.5
2024-11-19,344259.16000000783,16,197061.6600000078,-2802.5
2024-11-20,342379.16000000783,16,197061.6600000078,-4682.5
2024-11-21,345959.16000000783,16,197061.6600000078,-1102.5
2024-11-22,347739.16000000783,16,197061.6600000078,677.5
2024-11-24,349559.16000000783,16,197061.6600000078,2497.5
2024-11-25,350698.03000000794,16,200564.28000000792,133.75
2024-11-26,351660.580000008,8,201561.83000000796,98.75
2024-11-27,351774.350000008,6,201559.35000000798,215.0
2024-11-28,352141.850000008,6,201559.35000000798,582.5
2024-11-29,352357.51000000804,6,202310.010000008,47.5
2024-12-01,352301.26000000804,1,202310.010000008,-8.75
2024-12-02,352430.02000000805,1,202433.77000000802,-3.75
2024-12-03,352739.41000000807,4,202431.91000000804,307.5
2024-12-04,353064.4400000081,4,202930.69000000806,133.75
2024-12-05,352906.3500000081,5,203177.6000000081,-271.25
2024-12-06,353206.3500000081,5,203177.6000000081,28.75
2024-12-08,353143.8500000081,5,203177.6000000081,-33.75
2024-12-09,352103.87000000814,9,203175.12000000812,-1071.25
2024-12-10,351558.89000000816,13,203172.64000000813,-1613.75
2024-12-11,354638.97000000824,13,204798.9700000082,-160.0
2024-12-12,354240.87000000826,8,204795.87000000823,-555.0
2024-12-13,353642.7600000083,11,204794.01000000825,-1151.25
2024-12-15,354041.5100000083,11,204794.01000000825,-752.5
2024-12-16,354976.62000000826,11,204766.62000000823,210.0
2024-12-17,354261.62000000826,11,204766.62000000823,-505.0
2024-12-18,340157.2700000083,16,204763.52000000826,-14606.25
2024-12-19,337457.2700000083,16,204763.52000000826,-17306.25
2024-12-20,344097.2700000083,16,204763.52000000826,-10666.25
2024-12-22,346657.2700000083,16,204763.52000000826,-8106.25
2024-12-23,347217.2700000083,16,204763.52000000826,-7546.25
2024-12-24,352297.2700000083,16,204763.52000000826,-2466.25
2024-12-25,352497.2700000083,16,204763.52000000826,-2266.25
2024-12-26,350997.2700000083,16,204763.52000000826,-3766.25
2024-12-27,346717.2700000083,16,204763.52000000826,-8046.25
2024-12-29,345797.2700000083,16,204763.52000000826,-8966.25
2024-12-30,340797.2700000083,16,204763.52000000826,-13966.25
2024-12-31,339437.2700000083,16,204763.52000000826,-15326.25
2025-01-01,340797.2700000083,16,204763.52000000826,-13966.25
2025-01-02,338557.2700000083,16,204763.52000000826,-16206.25
2025-01-03,343197.2700000083,16,204763.52000000826,-11566.25
2025-01-05,343397.2700000083,16,204763.52000000826,-11366.25
2025-01-06,345777.2700000083,16,204763.52000000826,-8986.25
2025-01-07,341577.2700000083,16,204763.52000000826,-13186.25
2025-01-08,339937.2700000083,16,204763.52000000826,-14826.25
2025-01-09,339897.2700000083,16,204763.52000000826,-14866.25
2025-01-10,333297.2700000083,16,204763.52000000826,-21466.25
2025-01-12,331697.2700000083,16,204763.52000000826,-23066.25
2025-01-13,335757.2700000083,16,204763.52000000826,-19006.25
2025-01-14,335097.2700000083,16,204763.52000000826,-19666.25
2025-01-15,343597.2700000083,16,204763.52000000826,-11166.25
2025-01-16,343237.2700000083,16,204763.52000000826,-11526.25
2025-01-17,346977.2700000083,16,204763.52000000826,-7786.25
2025-01-19,346937.2700000083,16,204763.52000000826,-7826.25
2025-01-20,347717.2700000083,16,204763.52000000826,-7046.25
2025-01-21,352717.2700000083,16,204763.52000000826,-2046.25
2025-01-22,353657.2700000083,16,204763.52000000826,-1106.25
2025-01-23,356097.2700000083,16,204763.52000000826,1333.75
2025-01-24,356558.6300000084,16,206763.63000000836,-205.0
2025-01-26,354871.1300000084,6,206763.63000000836,-1892.5
2025-01-27,354173.0100000084,7,206763.01000000836,-2590.0
2025-01-28,355914.2600000084,7,206763.01000000836,-848.75
2025-01-29,355678.0100000084,7,206763.01000000836,-1085.0
2025-01-30,356430.5100000084,7,206763.01000000836,-332.5
2025-01-31,355226.8600000085,13,207625.61000000846,-2398.75
2025-02-02,347296.8600000085,13,207625.61000000846,-10328.75
2025-02-03,353817.5000000085,16,207623.75000000847,-3806.25
2025-02-04,354437.5000000085,16,207623.75000000847,-3186.25
2025-02-05,359297.5000000085,16,207623.75000000847,1673.75
2025-02-06,360053.2300000086,16,209704.48000000857,348.75
2025-02-07,359050.80000000866,9,210325.80000000863,-1275.0
2025-02-09,359692.05000000866,9,210325.80000000863,-633.75
2025-02-10,360175.80000000866,9,210325.80000000863,-150.0
2025-02-11,360727.05000000866,9,210325.80000000863,401.25
2025-02-12,361015.18000000867,10,210325.18000000864,690.0
2025-02-13,361940.88000000874,10,211843.3800000087,97.5
2025-02-14,361893.38000000874,1,211843.3800000087,50.0
2025-02-16,361945.88000000874,1,211843.3800000087,102.5
2025-02-17,361952.13000000874,1,211843.3800000087,108.75
2025-02-18,361992.14000000875,1,211967.14000000872,25.0
2025-02-19,361983.4200000088,3,212214.67000000874,-231.25
2025-02-20,361858.4500000088,9,212210.95000000877,-352.5
2025-02-21,355427.86000000883,16,212206.6100000088,-6778.75
2025-02-23,357647.86000000883,16,212206.6100000088,-4558.75
2025-02-24,353747.86000000883,16,212206.6100000088,-8458.75
2025-02-25,352267.86000000883,16,212206.6100000088,-9938.75
2025-02-26,350987.86000000883,16,212206.6100000088,-11218.75
2025-02-27,343287.86000000883,16,212206.6100000088,-18918.75
2025-02-28,349667.86000000883,16,212206.6100000088,-12538.75
2025-03-02,350807.86000000883,16,212206.6100000088,-11398.75
2025-03-03,342707.86000000883,16,212206.6100000088,-19498.75
2025-03-04,339167.86000000883,16,212206.6100000088,-23038.75
2025-03-05,340967.86000000883,16,212206.6100000088,-21238.75
2025-03-06,334127.86000000883,16,212206.6100000088,-28078.75
2025-03-07,334767.86000000883,16,212206.6100000088,-27438.75
2025-03-09,333067.86000000883,16,212206.6100000088,-29138.75
2025-03-10,322987.86000000883,16,212206.6100000088,-39218.75
2025-03-11,320187.86000000883,16,212206.6100000088,-42018.75
2025-03-12,320167.86000000883,16,212206.6100000088,-42038.75
2025-03-13,318607.86000000883,16,212206.6100000088,-43598.75
2025-03-14,323327.86000000883,16,212206.6100000088,-38878.75
2025-03-16,321787.86000000883,16,212206.6100000088,-40418.75
2025-03-17,325888.0200000088,16,212166.7700000088,-36278.75
2025-03-18,323308.0200000088,16,212166.7700000088,-38858.75
2025-03-19,329348.0200000088,16,212166.7700000088,-32818.75
2025-03-20,326068.0200000088,16,212166.7700000088,-36098.75
2025-03-21,326468.0200000088,16,212166.7700000088,-35698.75
2025-03-23,329188.0200000088,16,212166.7700000088,-32978.75
2025-03-24,333428.0200000088,16,212166.7700000088,-28738.75
2025-03-25,334888.0200000088,16,212166.7700000088,-27278.75
2025-03-26,330208.0200000088,16,212166.7700000088,-31958.75
2025-03-27,328448.0200000088,16,212166.7700000088,-33718.75
2025-03-28,317068.0200000088,16,212166.7700000088,-45098.75
2025-03-30,315128.0200000088,16,212166.7700000088,-47038.75
2025-03-31,319648.0200000088,16,212166.7700000088,-42518.75
2025-04-01,322148.0200000088,16,212166.7700000088,-40018.75
2025-04-02,313128.0200000088,16,212166.7700000088,-49038.75
2025-04-03,300948.0200000088,16,212166.7700000088,-61218.75
2025-04-04,276608.0200000088,16,212166.7700000088,-85558.75
2025-04-06,263348.0200000088,16,212166.7700000088,-98818.75
2025-04-07,282428.0200000088,16,212166.7700000088,-79738.75
2025-04-08,262768.0200000088,16,212166.7700000088,-99398.75
2025-04-09,305228.0200000088,16,212166.7700000088,-56938.75
2025-04-10,292848.0200000088,16,212166.7700000088,-69318.75
2025-04-11,300528.0200000088,16,212166.7700000088,-61638.75
2025-04-13,303828.0200000088,16,212166.7700000088,-58338.75
2025-04-14,303848.0200000088,16,212166.7700000088,-58318.75
2025-04-15,299248.0200000088,16,212166.7700000088,-62918.75
2025-04-16,296428.0200000088,16,212166.7700000088,-65738.75
2025-04-17,294988.0200000088,16,212166.7700000088,-67178.75
2025-04-20,290248.0200000088,16,212166.7700000088,-71918.75
2025-04-21,285148.0200000088,16,212166.7700000088,-77018.75
2025-04-22,300468.0200000088,16,212166.7700000088,-61698.75
2025-04-23,300308.0200000088,16,212166.7700000088,-61858.75
2025-04-24,312168.0200000088,16,212166.7700000088,-49998.75
2025-04-25,313068.0200000088,16,212166.7700000088,-49098.75
2025-04-27,310348.0200000088,16,212166.7700000088,-51818.75
2025-04-28,313848.0200000088,16,212166.7700000088,-48318.75
2025-04-29,313468.0200000088,16,212166.7700000088,-48698.75
2025-04-30,320688.0200000088,16,212166.7700000088,-41478.75
2025-05-01,322288.0200000088,16,212166.7700000088,-39878.75
2025-05-02,325708.0200000088,16,212166.7700000088,-36458.75
2025-05-04,322428.0200000088,16,212166.7700000088,-39738.75
2025-05-05,321888.0200000088,16,212166.7700000088,-40278.75
2025-05-06,321588.0200000088,16,212166.7700000088,-40578.75
2025-05-07,324608.0200000088,16,212166.7700000088,-37558.75
2025-05-08,324148.0200000088,16,212166.7700000088,-38018.75
2025-05-09,323588.0200000088,16,212166.7700000088,-38578.75
2025-05-11,329688.0200000088,16,212166.7700000088,-32478.75
2025-05-12,336288.0200000088,16,212166.7700000088,-25878.75
2025-05-13,341308.0200000088,16,212166.7700000088,-20858.75
2025-05-14,340708.0200000088,16,212166.7700000088,-21458.75
2025-05-15,343528.0200000088,16,212166.7700000088,-18638.75
2025-05-16,344748.0200000088,16,212166.7700000088,-17418.75
2025-05-18,341788.0200000088,16,212166.7700000088,-20378.75
2025-05-19,346108.0200000088,16,212166.7700000088,-16058.75
2025-05-20,344308.0200000088,16,212166.7700000088,-17858.75
2025-05-21,338108.0200000088,16,212166.7700000088,-24058.75
2025-05-22,337828.0200000088,16,212166.7700000088,-24338.75
2025-05-23,334048.0200000088,16,212166.7700000088,-28118.75
2025-05-25,338868.0200000088,16,212166.7700000088,-23298.75
2025-05-26,338008.0200000088,16,212166.7700000088,-24158.75
2025-05-27,343268.0200000088,16,212166.7700000088,-18898.75
2025-05-28,348428.0200000088,16,212166.7700000088,-13738.75
2025-05-29,341608.0200000088,16,212166.7700000088,-20558.75
2025-05-30,341968.0200000088,16,212166.7700000088,-20198.75
2025-06-01,339908.0200000088,16,212166.7700000088,-22258.75
2025-06-02,342888.0200000088,16,212166.7700000088,-19278.75
2025-06-03,347028.0200000088,16,212166.7700000088,-15138.75
2025-06-04,346988.0200000088,16,212166.7700000088,-15178.75
2025-06-05,345668.0200000088,16,212166.7700000088,-16498.75
2025-06-06,349668.0200000088,16,212166.7700000088,-12498.75
2025-06-08,348568.0200000088,16,212166.7700000088,-13598.75
2025-06-09,351668.0200000088,16,212166.7700000088,-10498.75
2025-06-10,351188.0200000088,16,212166.7700000088,-10978.75
2025-06-11,349588.0200000088,16,212166.7700000088,-12578.75
2025-06-12,345748.0200000088,16,212166.7700000088,-16418.75
2025-06-13,347128.0200000088,16,212166.7700000088,-15038.75
2025-06-15,347868.0200000088,16,212166.7700000088,-14298.75
2025-06-16,350048.1800000088,16,212126.9300000088,-12078.75
2025-06-17,347808.1800000088,16,212126.9300000088,-14318.75
2025-06-18,346548.1800000088,16,212126.9300000088,-15578.75
2025-06-19,346208.1800000088,16,212126.9300000088,-15918.75
2025-06-20,346548.1800000088,16,212126.9300000088,-15578.75
2025-06-22,344628.1800000088,16,212126.9300000088,-17498.75
2025-06-23,353528.1800000088,16,212126.9300000088,-8598.75
2025-06-24,356028.1800000088,16,212126.9300000088,-6098.75
2025-06-25,356748.1800000088,16,212126.9300000088,-5378.75
2025-06-26,360668.1800000088,16,212126.9300000088,-1458.75
2025-06-27,362208.1800000088,16,212126.9300000088,81.25
2025-06-29,364368.1800000088,16,212126.9300000088,2241.25
2025-06-30,364776.4400000089,16,214871.44000000894,-95.0
2025-07-01,365191.4500000089,5,214870.20000000895,321.25
2025-07-02,365533.98000000895,5,215493.98000000897,40.0
2025-07-03,365664.00000000896,1,215741.500000009,-77.5
2025-07-04,365541.50000000896,1,215741.500000009,-200.0
2025-07-06,365630.25000000896,1,215741.500000009,-111.25
2025-07-07,365277.800000009,11,215735.30000000904,-457.5
2025-07-08,364672.800000009,11,215735.30000000904,-1062.5
2025-07-09,367109.7600000091,11,217109.76000000912,0.0
2025-07-10,367811.6700000091,6,217855.42000000915,-43.75
2025-07-11,367803.56000000914,4,217853.56000000917,-50.0
2025-07-13,367393.56000000914,4,217853.56000000917,-460.0
2025-07-14,368263.56000000914,4,217853.56000000917,410.0
2025-07-15,366528.0100000092,11,218669.26000000924,-2141.25
2025-07-16,368438.66000000923,16,218666.16000000926,-227.5
2025-07-17,370955.6400000093,16,220916.89000000936,38.75
2025-07-18,370926.28000000934,4,220915.03000000937,11.25
2025-07-20,371011.28000000934,4,220915.03000000937,96.25
2025-07-21,371291.3200000094,4,221411.3200000094,-120.0
2025-07-22,372000.7100000094,7,221409.46000000942,591.25
2025-07-23,372774.52000000945,7,222715.77000000948,58.75
2025-07-24,372989.54000000947,3,222838.2900000095,151.25
2025-07-25,373124.54000000947,3,222838.2900000095,286.25
2025-07-27,373469.54000000947,3,222838.2900000095,631.25
2025-07-28,373169.54000000947,3,222838.2900000095,331.25
2025-07-29,373032.7200000095,8,223241.47000000955,-208.75
2025-07-30,374840.9300000096,12,224734.68000000963,106.25
2025-07-31,372610.36000000965,12,224727.86000000968,-2117.5
2025-08-01,366092.88000000967,16,224725.3800000097,-8632.5
2025-08-03,368212.88000000967,16,224725.3800000097,-6512.5
2025-08-04,374292.88000000967,16,224725.3800000097,-432.5
2025-08-05,372252.88000000967,16,224725.3800000097,-2472.5
2025-08-06,376052.88000000967,16,224725.3800000097,1327.5
2025-08-07,378336.1400000098,16,227576.14000000982,760.0
2025-08-08,379243.72000000987,11,229069.9700000099,173.75
2025-08-10,379239.97000000987,3,229069.9700000099,170.0
2025-08-11,379034.3600000099,6,229068.1100000099,-33.75
2025-08-12,380415.06000000995,6,230316.31000000998,98.75
2025-08-13,380650.71000001,4,230525.71000001,125.0
2025-08-14,381015.71000001,4,230525.71000001,490.0
2025-08-15,380356.34000001,5,230525.09000001,-168.75
2025-08-17,380712.59000001,5,230525.09000001,187.5
2025-08-18,380190.72000001,6,230524.47000001,-333.75
2025-08-19,377801.38000001,13,230520.13000001005,-2718.75
2025-08-20,378157.02000001003,16,230518.27000001006,-2361.25
2025-08-21,375897.02000001003,16,230518.27000001006,-4621.25
2025-08-22,382685.88000001013,16,232648.38000001016,37.5
2025-08-24,382540.88000001013,4,232648.38000001016,-107.5
2025-08-25,381666.52000001015,7,232646.52000001018,-980.0
2025-08-26,383272.15000001015,8,232645.90000001018,626.25
2025-08-27,383644.7000000102,8,233645.95000001023,-1.25
2025-08-28,384005.3500000102,3,234020.35000001025,-15.0
2025-08-29,383576.01000001025,8,234016.01000001028,-440.0
2025-08-31,383446.01000001025,8,234016.01000001028,-570.0
2025-09-01,383386.01000001025,8,234016.01000001028,-630.0
2025-09-02,382549.15000001027,11,234014.1500000103,-1465.0
2025-09-03,384212.90000001027,11,234014.1500000103,198.75
2025-09-04,385570.47000001033,11,235511.72000001036,58.75
2025-09-05,385096.1700000104,14,235627.42000001043,-531.25
2025-09-07,385866.1700000104,14,235627.42000001043,238.75
2025-09-08,386916.1700000104,14,235627.42000001043,1288.75
2025-09-09,387456.8700000105,14,237379.3700000105,77.5
2025-09-10,387811.9000000105,5,237531.90000001053,280.0
2025-09-11,388486.33000001055,5,238405.08000001058,81.25
2025-09-12,388466.33000001055,2,238405.08000001058,61.25
2025-09-14,388503.83000001055,2,238405.08000001058,98.75
2025-09-15,388841.3700000106,2,238663.8700000106,177.5
2025-09-16,388638.8700000106,2,238663.8700000106,-25.0
2025-09-17,390400.2200000107,9,239781.47000001068,618.75
2025-09-18,390536.53000001074,4,240557.78000001074,-21.25
2025-09-19,391025.31000001077,4,241057.81000001077,-32.5
2025-09-21,391005.31000001077,2,241057.81000001077,-52.5
2025-09-22,391473.4600000108,3,241429.7100000108,43.75
2025-09-23,391148.4900000108,7,241425.99000001082,-277.5
2025-09-24,391071.64000001084,12,241422.89000001084,-351.25
2025-09-25,388484.16000001086,16,241420.41000001086,-2936.25
2025-09-26,391684.16000001086,16,241420.41000001086,263.75
2025-09-28,393124.16000001086,16,241420.41000001086,1703.75
2025-09-29,393708.64000001096,16,243611.14000001096,97.5
2025-09-30,393887.430000011,5,244234.930000011,-347.5
2025-10-01,394804.960000011,4,244731.21000001102,73.75
2025-10-02,395464.37000001105,6,244856.87000001105,607.5
2025-10-03,395379.4300000111,6,245599.4300000111,-220.0
2025-10-05,395994.4300000111,6,245599.4300000111,395.0
2025-10-06,396226.97000001115,6,246349.47000001115,-122.5
2025-10-07,396301.3800000112,9,246345.13000001118,-43.75
2025-10-08,397475.81000001123,9,247464.56000001123,11.25
2025-10-09,397570.21000001126,7,247461.46000001126,108.75
2025-10-10,382208.3800000113,16,247455.8800000113,-15247.5
2025-10-12,391688.3800000113,16,247455.8800000113,-5767.5
2025-10-13,393568.3800000113,16,247455.8800000113,-3887.5
2025-10-14,393688.3800000113,16,247455.8800000113,-3767.5
2025-10-15,394828.3800000113,16,247455.8800000113,-2627.5
2025-10-16,389448.3800000113,16,247455.8800000113,-8007.5
2025-10-17,394928.3800000113,16,247455.8800000113,-2527.5
2025-10-19,395908.3800000113,16,247455.8800000113,-1547.5
2025-10-20,399574.7200000114,16,249457.22000001138,117.5
2025-10-21,399597.2200000114,2,249457.22000001138,140.0
2025-10-22,399831.0100000114,10,249452.26000001142,378.75
2025-10-23,401428.6200000115,10,251321.12000001152,107.5
2025-10-24,401735.53000001155,3,251876.78000001155,-141.25
2025-10-26,402526.78000001155,3,251876.78000001155,650.0
2025-10-27,402844.3200000116,3,252844.3200000116,0.0
2025-10-28,403053.7100000116,2,252967.4600000116,86.25
2025-10-29,404058.77000001166,5,253585.02000001166,473.75
2025-10-30,404013.8000000117,10,253581.3000000117,432.5
2025-10-31,402855.0600000117,12,253580.0600000117,-725.0
2025-11-02,403710.0600000117,12,253580.0600000117,130.0
2025-11-03,401520.0600000117,12,253580.0600000117,-2060.0
2025-11-04,397393.2000000117,15,253578.2000000117,-6185.0
2025-11-05,400577.5800000117,16,253577.58000001172,-3000.0
2025-11-06,394457.5800000117,16,253577.58000001172,-9120.0
2025-11-07,395657.5800000117,16,253577.58000001172,-7920.0
2025-11-09,398617.5800000117,16,253577.58000001172,-4960.0
2025-11-10,402637.5800000117,16,253577.58000001172,-940.0
2025-11-11,404897.5800000117,16,253577.58000001172,1320.0
2025-11-12,406215.1900000118,16,255723.94000001182,491.25
2025-11-13,399103.99000001187,16,255717.74000001187,-6613.75
2025-11-14,400143.99000001187,16,255717.74000001187,-5573.75
2025-11-16,401803.99000001187,16,255717.74000001187,-3913.75
2025-11-17,391883.99000001187,16,255717.74000001187,-13833.75
2025-11-18,389143.99000001187,16,255717.74000001187,-16573.75
2025-11-19,398823.99000001187,16,255717.74000001187,-6893.75
2025-11-20,385083.99000001187,16,255717.74000001187,-20633.75
2025-11-21,389443.99000001187,16,255717.74000001187,-16273.75
2025-11-23,390823.99000001187,16,255717.74000001187,-14893.75
2025-11-24,396483.99000001187,16,255717.74000001187,-9233.75
2025-11-25,402703.99000001187,16,255717.74000001187,-3013.75
2025-11-26,405303.99000001187,16,255717.74000001187,-413.75
2025-11-27,405723.99000001187,16,255717.74000001187,6.25
2025-11-28,407697.83000001195,16,257712.83000001195,-15.0
2025-11-30,407210.33000001195,2,257712.83000001195,-502.5
2025-12-01,407334.71000001195,3,257712.21000001195,-377.5
2025-12-02,407848.46000001195,3,257712.21000001195,136.25
2025-12-03,408033.490000012,3,258084.74000001198,-51.25
2025-12-04,408797.880000012,6,258082.880000012,715.0
2025-12-05,408916.68000001204,6,258829.18000001204,87.5
2025-12-07,409141.68000001204,4,258829.18000001204,312.5
2025-12-08,408829.83000001207,9,258826.08000001207,3.75
2025-12-09,408379.83000001207,9,258826.08000001207,-446.25
2025-12-10,409906.80000001215,9,260444.30000001215,-537.5
2025-12-11,411391.2500000122,7,261437.50000001222,-46.25
2025-12-12,409733.8100000123,13,261430.06000001228,-1696.25
2025-12-14,410741.3100000123,13,261430.06000001228,-688.75
2025-12-15,407117.6900000123,13,261397.69000001228,-4280.0
2025-12-16,406660.8300000123,16,261395.8300000123,-4735.0
2025-12-17,402020.8300000123,16,261395.8300000123,-9375.0
2025-12-18,405660.8300000123,16,261395.8300000123,-5735.0
2025-12-19,410400.8300000123,16,261395.8300000123,-995.0
2025-12-21,411320.8300000123,16,261395.8300000123,-75.0
2025-12-22,413360.9200000124,16,263389.6700000124,-28.75
2025-12-23,413632.8100000124,2,263639.0600000124,-6.25
2025-12-24,413764.0700000124,1,263762.8200000124,1.25
2025-12-25,413771.5700000124,1,263762.8200000124,8.75
2025-12-26,413764.7000000124,2,263762.2000000124,2.5
2025-12-28,413767.2000000124,2,263762.2000000124,5.0
2025-12-29,413704.0900000124,5,263760.3400000124,-56.25
2025-12-30,413172.8400000124,5,263760.3400000124,-587.5
2025-12-31,411199.76000001247,14,263754.76000001247,-2555.0
2026-01-01,413194.76000001247,14,263754.76000001247,-560.0
2026-01-02,411842.2700000125,16,263753.5200000125,-1911.25
2026-01-04,412722.2700000125,16,263753.5200000125,-1031.25
2026-01-05,415829.86000001256,16,265751.11000001256,78.75
2026-01-06,416478.0400000126,4,266495.5400000126,-17.5
2026-01-07,415916.19000001263,6,266492.44000001263,-576.25
2026-01-08,416246.20000001264,8,266491.20000001264,-245.0
2026-01-09,417798.1600000127,8,267863.1600000127,-65.0
2026-01-11,417239.4100000127,3,267863.1600000127,-623.75
2026-01-12,418032.5400000127,4,267862.5400000127,170.0
2026-01-13,417667.5400000127,4,267862.5400000127,-195.0
2026-01-14,417459.45000001276,11,267858.20000001276,-398.75
2026-01-15,420628.91000001284,11,270281.41000001284,347.5
2026-01-16,419990.17000001285,8,270280.17000001285,-290.0
2026-01-18,417460.17000001285,8,270280.17000001285,-2820.0
2026-01-19,416970.17000001285,8,270280.17000001285,-3310.0
2026-01-20,414436.4600000129,16,270275.2100000129,-5838.75
2026-01-21,420816.4600000129,16,270275.2100000129,541.25
2026-01-22,423268.440000013,16,272903.440000013,365.0
2026-01-23,422684.070000013,6,272902.820000013,-218.75
2026-01-25,422496.570000013,6,272902.820000013,-406.25
2026-01-26,423994.75000001304,6,273777.25000001304,217.5
2026-01-27,424330.40000001306,3,274149.15000001306,181.25
2026-01-28,424548.5400000131,5,274147.2900000131,401.25
2026-01-29,426047.4300000132,16,276147.4300000132,-100.0
2026-01-30,426513.72000001324,9,276142.47000001324,371.25
2026-02-01,423689.97000001324,9,276142.47000001324,-2452.5
2026-02-02,428012.5600000133,9,277633.8100000133,378.75
2026-02-03,427283.2500000134,16,277625.7500000134,-342.5
2026-02-04,423963.2500000134,16,277625.7500000134,-3662.5
2026-02-05,414563.2500000134,16,277625.7500000134,-13062.5
2026-02-06,427343.2500000134,16,277625.7500000134,-282.5
2026-02-08,428383.2500000134,16,277625.7500000134,757.5
2026-02-09,429672.71000001347,16,279632.71000001347,40.0
2026-02-10,429710.8800000135,8,279752.1300000135,-41.25
2026-02-11,431282.8600000136,13,280747.8600000136,535.0
2026-02-12,421723.5000000136,16,280746.0000000136,-9022.5
2026-02-13,421363.5000000136,16,280746.0000000136,-9382.5
2026-02-15,422683.5000000136,16,280746.0000000136,-8062.5
2026-02-16,419543.5000000136,16,280746.0000000136,-11202.5
2026-02-17,423723.5000000136,16,280746.0000000136,-7022.5
2026-02-18,425243.5000000136,16,280746.0000000136,-5502.5
2026-02-19,424843.5000000136,16,280746.0000000136,-5902.5
2026-02-20,427723.5000000136,16,280746.0000000136,-3022.5
2026-02-22,423403.5000000136,16,280746.0000000136,-7342.5
2026-02-23,423543.5000000136,16,280746.0000000136,-7202.5
2026-02-24,426223.5000000136,16,280746.0000000136,-4522.5
2026-02-25,429623.5000000136,16,280746.0000000136,-1122.5
2026-02-26,425643.5000000136,16,280746.0000000136,-5102.5
2026-02-27,423763.5000000136,16,280746.0000000136,-6982.5
2026-03-01,420223.5000000136,16,280746.0000000136,-10522.5
2026-03-02,420643.5000000136,16,280746.0000000136,-10102.5
2026-03-03,417223.5000000136,16,280746.0000000136,-13522.5
2026-03-04,423143.5000000136,16,280746.0000000136,-7602.5
2026-03-05,421463.5000000136,16,280746.0000000136,-9282.5
2026-03-06,412943.5000000136,16,280746.0000000136,-17802.5
2026-03-08,402543.5000000136,16,280746.0000000136,-28202.5
2026-03-09,415543.5000000136,16,280746.0000000136,-15202.5
2026-03-10,419463.5000000136,16,280746.0000000136,-11282.5
2026-03-11,410743.5000000136,16,280746.0000000136,-20002.5
2026-03-12,409883.5000000136,16,280746.0000000136,-20862.5
2026-03-13,403763.5000000136,16,280746.0000000136,-26982.5
2026-03-15,407583.5000000136,16,280746.0000000136,-23162.5
2026-03-16,408223.6600000136,16,280706.1600000136,-22482.5
2026-03-17,413423.6600000136,16,280706.1600000136,-17282.5
2026-03-18,404363.6600000136,16,280706.1600000136,-26342.5
2026-03-19,403263.6600000136,16,280706.1600000136,-27442.5
2026-03-20,396743.6600000136,16,280706.1600000136,-33962.5
2026-03-22,391643.6600000136,16,280706.1600000136,-39062.5
2026-03-23,397863.6600000136,16,280706.1600000136,-32842.5
2026-03-24,401463.6600000136,16,280706.1600000136,-29242.5
2026-03-25,400803.6600000136,16,280706.1600000136,-29902.5
2026-03-26,393823.6600000136,16,280706.1600000136,-36882.5
2026-03-27,381503.6600000136,16,280706.1600000136,-49202.5
2026-03-29,382403.6600000136,16,280706.1600000136,-48302.5
2026-03-30,385183.6600000136,16,280706.1600000136,-45522.5
2026-03-31,396063.6600000136,16,280706.1600000136,-34642.5
2026-04-01,392643.6600000136,16,280706.1600000136,-38062.5
2026-04-02,398703.6600000136,16,280706.1600000136,-32002.5
2026-04-03,397963.6600000136,16,280706.1600000136,-32742.5
2026-04-05,398643.6600000136,16,280706.1600000136,-32062.5
2026-04-06,399483.6600000136,16,280706.1600000136,-31222.5
2026-04-07,414883.6600000136,16,280706.1600000136,-15822.5
2026-04-08,414443.6600000136,16,280706.1600000136,-16262.5
2026-04-09,419003.6600000136,16,280706.1600000136,-11702.5
2026-04-10,418763.6600000136,16,280706.1600000136,-11942.5
2026-04-12,413823.6600000136,16,280706.1600000136,-16882.5
2026-04-13,423623.6600000136,16,280706.1600000136,-7082.5
2026-04-14,430483.6600000136,16,280706.1600000136,-222.5
2026-04-15,433150.6500000137,16,283086.9000000137,63.75
2026-04-16,433540.06000001373,4,283332.56000001373,207.5
2026-04-17,434698.8700000138,4,284637.6200000138,61.25
2026-04-19,433798.8700000138,4,284637.6200000138,-838.75
2026-04-20,435100.7700000138,9,284634.5200000138,466.25
2026-04-21,436061.5100000139,14,285750.2600000139,311.25
2026-04-22,437105.970000014,14,287503.470000014,-397.5
2026-04-23,438475.4400000141,16,287866.6900000141,608.75
2026-04-24,440760.5600000142,16,290676.8100000142,83.75
2026-04-26,440833.0600000142,2,290676.8100000142,156.25
2026-04-27,441058.0900000142,3,291049.3400000142,8.75
2026-04-28,441196.23000001424,5,291047.48000001424,148.75
2026-04-29,441080.61000001425,6,291046.86000001425,33.75
2026-04-30,443295.7500000144,6,293135.7500000144,160.0
2026-05-01,442313.94000001444,9,293502.69000001444,-1188.75
2026-05-03,443157.69000001444,9,293502.69000001444,-345.0
2026-05-04,442313.34000001446,14,293499.59000001446,-1186.25
2026-05-05,445724.05000001454,14,295242.80000001454,481.25
2026-05-06,446367.8400000146,3,296314.0900000146,53.75
2026-05-07,446271.6400000146,9,296432.8900000146,-161.25
2026-05-08,447619.19000001467,9,297559.19000001467,60.0
2026-05-10,447574.19000001467,1,297559.19000001467,15.0
2026-05-11,447505.4900000147,5,297927.9900000147,-422.5
2026-05-12,449728.74000001483,13,299544.99000001483,183.75
2026-05-13,450423.1700000149,6,300414.4200000149,8.75
2026-05-14,450668.2100000149,3,300785.7100000149,-117.5
2026-05-15,448928.87000001495,10,300781.37000001495,-1852.5
2026-05-17,447341.37000001495,10,300781.37000001495,-3440.0
2026-05-18,449225.770000015,15,300778.270000015,-1552.5
2026-05-19,445702.650000015,16,300777.650000015,-5075.0
2026-05-20,452899.6300000151,16,302769.6300000151,130.0
2026-05-21,454620.35000001517,7,303885.35000001517,735.0
2026-05-22,454957.9600000153,6,305479.2100000153,-521.25
2026-05-24,457117.9600000153,6,305479.2100000153,1638.75
2026-05-25,456652.9600000153,6,305479.2100000153,1173.75
2026-05-26,456696.7600000153,6,306436.7600000153,260.0
2026-05-27,456996.7600000153,4,306436.7600000153,560.0
